product,operation,n_test,MRA,MAE,RMSE,MAPE,R2,process,regressor,features
P01,LITH-01,75,0.7162824727066779,4.377073034020584,7.2497845232871585,30.51851595585251,0.6910833308308107,lithography,rf,ALL
P01,LITH-02,75,0.788603788582587,3.321008237933494,5.438056511266908,24.856433415677838,0.7891787594272607,lithography,rf,ALL
P01,LITH-03,75,0.6788212915093582,4.0885949228871805,6.996423566806587,33.471230359700016,0.595245355602487,lithography,rf,ALL
P01,LITH-04,75,0.6696272075104657,5.918480348197854,9.70998180642468,29.704692877106957,0.5343521096393873,lithography,rf,ALL
P01,LITH-05,75,0.7615645443564703,2.884485955275744,4.726827405391632,24.081529144105822,0.7110221945826616,lithography,rf,ALL
P02,LITH-01,75,0.7687730927249585,3.8762933239309816,5.628990003395876,24.667684206842868,0.8224029629735383,lithography,rf,ALL
P02,LITH-02,75,0.7264789090573178,3.3298862599412744,6.027195651199229,31.312829840869078,0.6474746033687399,lithography,rf,ALL
P02,LITH-03,75,0.6428655066932103,5.356455515112132,9.515210052547687,36.122136615501105,0.45448718432216295,lithography,rf,ALL
P02,LITH-04,75,0.6507551359567845,5.161604924582609,9.170961814024587,34.736326178016164,0.18824663980008827,lithography,rf,ALL
P02,LITH-05,75,0.7193853399709569,3.769609926361986,6.456974341250507,30.123994784857643,0.6685022240983133,lithography,rf,ALL
P03,LITH-01,75,0.57845163521287,5.8509963787105095,10.843666376399943,45.315184059845045,0.4056774381915764,lithography,rf,ALL
P03,LITH-02,75,0.7716753791997008,3.4057142052913107,5.637594495295697,23.62098371096775,0.6967364493869703,lithography,rf,ALL
P03,LITH-03,75,0.7028341614132861,4.29585718902034,6.45055832091272,32.67312040658547,0.5846576900249352,lithography,rf,ALL
P03,LITH-04,75,0.7530949978248387,2.9157214651259773,4.392343234794259,27.92772984525374,0.7873259380542689,lithography,rf,ALL
P03,LITH-05,75,0.6994861894289928,3.4272938955661916,6.2075186700133465,38.235663001683776,0.49671884202620575,lithography,rf,ALL
P01,LITH-01,75,0.7472050329502985,3.900012959951574,6.439422069179979,27.964983025395867,0.7562835018308324,lithography,rf,TSFGA(seed0)
P01,LITH-02,75,0.7817143219460018,3.429240903512772,5.061829859933356,24.370265355767334,0.8173406034069738,lithography,rf,TSFGA(seed0)
P01,LITH-03,75,0.6959323174109925,3.8707720978450553,7.410916399740731,27.45546722260817,0.5458665611723625,lithography,rf,TSFGA(seed0)
P01,LITH-04,75,0.740063911625187,4.656638397008694,7.90482007144702,23.25450522051048,0.6913937016031978,lithography,rf,TSFGA(seed0)
P01,LITH-05,75,0.7726087533805375,2.750878033035023,4.465398333821892,22.669944593240167,0.7421035221588781,lithography,rf,TSFGA(seed0)
P02,LITH-01,75,0.8023825206444974,3.3128640820621627,4.725766454605,21.210156831119257,0.8748245182673352,lithography,rf,TSFGA(seed0)
P02,LITH-02,75,0.7690633569570174,2.8114568859588847,5.657660339146226,23.502866381009667,0.6893770267094013,lithography,rf,TSFGA(seed0)
P02,LITH-03,75,0.6890019983821883,4.664480726938812,8.771995743379948,31.99181834316403,0.5363769470521338,lithography,rf,TSFGA(seed0)
P02,LITH-04,75,0.683735107793666,4.6741830536491555,8.448788440978548,31.612940354211233,0.31105715261041367,lithography,rf,TSFGA(seed0)
P02,LITH-05,75,0.7419740495788104,3.46616667805607,6.248713256753966,25.272833455605216,0.6895414034688894,lithography,rf,TSFGA(seed0)
P03,LITH-01,75,0.6636082473868814,4.669041777356526,9.581972954395736,34.25422294663996,0.535933943013952,lithography,rf,TSFGA(seed0)
P03,LITH-02,75,0.7924586644874742,3.095708522640467,4.864931679884823,21.551697964935236,0.7741677102715758,lithography,rf,TSFGA(seed0)
P03,LITH-03,75,0.7350405869108694,3.8302780862390877,5.756235190396911,27.586060981603865,0.6692585530416587,lithography,rf,TSFGA(seed0)
P03,LITH-04,75,0.7689638207335832,2.7283252310533905,4.388479215406097,25.755878633948388,0.7876999594771439,lithography,rf,TSFGA(seed0)
P03,LITH-05,75,0.7427004218594995,2.9344450819651335,5.425941145218727,29.70445785348574,0.6154748414160964,lithography,rf,TSFGA(seed0)
P01,LITH-01,75,0.800212994132244,3.082228737413818,4.496022509906608,22.103512227763957,0.8811913394021098,lithography,rf,TSFGA(majority)
P01,LITH-02,75,0.8066518598526287,3.0374752788291848,4.5978149848674885,21.202880926172092,0.8492942180959206,lithography,rf,TSFGA(majority)
P01,LITH-03,75,0.7090543104556386,3.7037295364230096,7.309290359754229,25.0533276686638,0.5582362440548658,lithography,rf,TSFGA(majority)
P01,LITH-04,75,0.7505743475257908,4.46834865359501,7.917494345695444,20.86679621687652,0.6904032941086449,lithography,rf,TSFGA(majority)
P01,LITH-05,75,0.7881935053415879,2.56234064447099,4.142253299357822,20.767926450547513,0.77807904942283,lithography,rf,TSFGA(majority)
P02,LITH-01,75,0.827949974947471,2.884250675463075,4.246574153504261,18.388482934874297,0.8989230367968345,lithography,rf,TSFGA(majority)
P02,LITH-02,75,0.7764694910411286,2.7212935130322515,5.569332034806175,21.927620155012985,0.6990003073639004,lithography,rf,TSFGA(majority)
P02,LITH-03,75,0.718395363666771,4.223626492646022,8.18526404973703,29.44935933486759,0.5963233902207473,lithography,rf,TSFGA(majority)
P02,LITH-04,75,0.7122417375481787,4.2528741793519,7.850692584581804,28.40504983938042,0.4051461617824106,lithography,rf,TSFGA(majority)
P02,LITH-05,75,0.7613809509919618,3.2054659427510344,6.015074840102949,22.993497329786493,0.7123233794675439,lithography,rf,TSFGA(majority)
P03,LITH-01,75,0.673739860706938,4.5284172659174144,9.3327001412727,31.963602166313926,0.5597650204216773,lithography,rf,TSFGA(majority)
P03,LITH-02,75,0.8149375800404826,2.7604106395208716,4.288232836537887,19.125022429063606,0.8245355002239665,lithography,rf,TSFGA(majority)
P03,LITH-03,75,0.7456311357248773,3.6771801208918653,5.742193601183185,24.995972879098133,0.6708701866867588,lithography,rf,TSFGA(majority)
P03,LITH-04,75,0.7800926777330561,2.596903644006479,3.995762217937308,23.8913488362256,0.8239965189040058,lithography,rf,TSFGA(majority)
P03,LITH-05,75,0.7620427296371254,2.7138503171306705,5.254920773644185,26.856572660392025,0.6393325510631983,lithography,rf,TSFGA(majority)
P01,LITH-01,75,0.7311328232792988,4.147968157570811,7.509794175700727,25.497087107428502,0.6685277207785325,lithography,lgbm,ALL
P01,LITH-02,75,0.7814635220244639,3.433180939144989,5.425639856567384,22.80914997703856,0.7901403919757626,lithography,lgbm,ALL
P01,LITH-03,75,0.7265438016343392,3.4810888602301215,6.684047003394534,24.423222921719333,0.6305814976213777,lithography,lgbm,ALL
P01,LITH-04,75,0.722161518237775,4.977351742229039,8.157123803299141,24.35063611005097,0.6713793011209414,lithography,lgbm,ALL
P01,LITH-05,75,0.7447399932907133,3.088021881264662,4.5012840054212875,28.269159949542892,0.7379417542051121,lithography,lgbm,ALL
P02,LITH-01,75,0.8020339079491747,3.3187082335038878,5.189754693044534,20.48733455450165,0.8490377285914037,lithography,lgbm,ALL
P02,LITH-02,75,0.6972221420669722,3.6860624731747564,6.624002991175123,29.216190367121186,0.5742046927906749,lithography,lgbm,ALL
P02,LITH-03,75,0.6558636690273945,5.1615035302825545,9.112089017009906,32.831177573812006,0.4997304084717482,lithography,lgbm,ALL
P02,LITH-04,75,0.6877367239490111,4.615041849925792,6.953054673795711,32.05152702441606,0.5333990555534306,lithography,lgbm,ALL
P02,LITH-05,75,0.7454404527443471,3.419601086008144,6.372851582557079,25.084789199791736,0.6770835968699611,lithography,lgbm,ALL
P03,LITH-01,75,0.6040199895582363,5.49611337789548,10.842287218022639,43.76018657563528,0.4058286071388115,lithography,lgbm,ALL
P03,LITH-02,75,0.7543321582499781,3.664407524246332,6.878536067396217,23.230970157986945,0.5485344832626116,lithography,lgbm,ALL
P03,LITH-03,75,0.7189597686790766,4.06274390039497,5.816872707899182,31.78525345451448,0.6622536363152053,lithography,lgbm,ALL
P03,LITH-04,75,0.7892479132692252,2.4887887150422023,3.7003369966653596,25.64866667243772,0.8490599320294359,lithography,lgbm,ALL
P03,LITH-05,75,0.7273195712350371,3.1098602995009665,5.507553645101114,31.58162326607406,0.6038204315912923,lithography,lgbm,ALL
P01,LITH-01,75,0.7123441497407226,4.437831801439718,6.7891867652294815,30.87451413673526,0.7290889884471277,lithography,lgbm,TSFGA(seed0)
P01,LITH-02,75,0.7343621918309158,4.173136989168666,5.8630429033992835,30.77108510613018,0.7549396348941919,lithography,lgbm,TSFGA(seed0)
P01,LITH-03,75,0.6904334618181611,3.9407723577134486,7.194348794129234,28.932322161943407,0.5720208306920376,lithography,lgbm,TSFGA(seed0)
P01,LITH-04,75,0.7330357290593483,4.782545134322061,7.469659285778226,24.82207223058742,0.7244360554163238,lithography,lgbm,TSFGA(seed0)
P01,LITH-05,75,0.7697771072350817,2.7851340270306846,4.553350666601702,22.921037735163928,0.7318442001299472,lithography,lgbm,TSFGA(seed0)
P02,LITH-01,75,0.7809095017784129,3.672838276485132,5.270677946794505,23.705604390139754,0.8442931489089591,lithography,lgbm,TSFGA(seed0)
P02,LITH-02,75,0.7345021076779478,3.2322106519816156,5.603667236893286,28.7702447799701,0.6952775116158673,lithography,lgbm,TSFGA(seed0)
P02,LITH-03,75,0.7121246517154356,4.31767730612081,8.262950102401112,29.79377893253574,0.5886244667153779,lithography,lgbm,TSFGA(seed0)
P02,LITH-04,75,0.6524833039262792,5.136063760716713,8.151244088586214,37.449164215580936,0.3587282308778825,lithography,lgbm,TSFGA(seed0)
P02,LITH-05,75,0.7534796714358021,3.3116070183554878,5.611624715816611,23.737279791995746,0.7496199415573737,lithography,lgbm,TSFGA(seed0)
P03,LITH-01,75,0.6001064881942642,5.550431895582633,10.647592826240073,44.40239401480937,0.4269760254365813,lithography,lgbm,TSFGA(seed0)
P03,LITH-02,75,0.7422570079908571,3.844521743310269,6.575595009051453,27.741154983830047,0.5874252351258551,lithography,lgbm,TSFGA(seed0)
P03,LITH-03,75,0.7222509112950088,4.015166834558657,5.962326732441071,29.350318311671174,0.6451513930754242,lithography,lgbm,TSFGA(seed0)
P03,LITH-04,75,0.7550577162841856,2.892543561513247,3.9073448918558205,32.01692916748361,0.831699471588285,lithography,lgbm,TSFGA(seed0)
P03,LITH-05,75,0.7540342759190127,2.8051849699004023,5.36484897484985,26.893948558339677,0.6240850446461792,lithography,lgbm,TSFGA(seed0)
P01,LITH-01,75,0.7586770091325309,3.7230282030589827,6.065857581414204,25.928984326982054,0.7837403156122772,lithography,lgbm,TSFGA(majority)
P01,LITH-02,75,0.7801906076463274,3.4531782660016583,5.234046698802306,22.473946325278305,0.8047000562809343,lithography,lgbm,TSFGA(majority)
P01,LITH-03,75,0.7174345417975999,3.597049453305479,7.030982051744044,24.495881280538036,0.5912369496108257,lithography,lgbm,TSFGA(majority)
P01,LITH-04,75,0.7305816568312745,4.826508737212795,7.553611249701004,25.492392297835742,0.71820708661621,lithography,lgbm,TSFGA(majority)
P01,LITH-05,75,0.7982865764209139,2.440239165496986,3.6352378608730973,20.174197905471424,0.8290808734861195,lithography,lgbm,TSFGA(majority)
P02,LITH-01,75,0.7940077588977549,3.4532587853905103,5.271216672707852,21.758267676680095,0.8442613171016087,lithography,lgbm,TSFGA(majority)
P02,LITH-02,75,0.7434900313736716,3.1227903381160824,5.313880846588384,27.35511358080858,0.7259792473646053,lithography,lgbm,TSFGA(majority)
P02,LITH-03,75,0.7198087228473493,4.202428328594308,7.9770818594673845,29.276183009211167,0.6165963037843982,lithography,lgbm,TSFGA(majority)
P02,LITH-04,75,0.6910824431967404,4.565594362723193,7.135213318029333,34.4000272710366,0.5086304410227684,lithography,lgbm,TSFGA(majority)
P02,LITH-05,75,0.7457021009402622,3.4160862602451783,5.758720440704073,23.103455394545744,0.7363216393917075,lithography,lgbm,TSFGA(majority)
P03,LITH-01,75,0.6362324790517861,5.049011277354336,9.964536767560952,38.66930463963717,0.4981381875774946,lithography,lgbm,TSFGA(majority)
P03,LITH-02,75,0.7658650000837703,3.4923824350419674,6.1706688357120525,23.62582987893597,0.6366735414949443,lithography,lgbm,TSFGA(majority)
P03,LITH-03,75,0.7483648626158956,3.637661108970944,5.733898145379353,28.40309181894541,0.6718204540792341,lithography,lgbm,TSFGA(majority)
P03,LITH-04,75,0.7607535937871042,2.8252804759067183,3.7503697320143647,29.083985044458842,0.844950576643477,lithography,lgbm,TSFGA(majority)
P03,LITH-05,75,0.7705946023130974,2.616318090700455,5.316282703349312,25.824338382564342,0.6308603150858041,lithography,lgbm,TSFGA(majority)
P01,LITH-01,75,0.7265809984668886,4.218191769880067,6.17828812735346,31.62374927561548,0.775649282943529,lithography,mlp,ALL
P01,LITH-02,75,0.7508815735204282,3.9136195535978247,6.088941290354534,28.37175796066337,0.7356918803472146,lithography,mlp,ALL
P01,LITH-03,75,0.6870401530947932,3.9839690717277456,7.196037074658122,28.32532255051913,0.5718199414389871,lithography,mlp,ALL
P01,LITH-04,75,0.6038835553966437,7.096248378435204,10.449321046285611,45.32522233887792,0.4607415578381151,lithography,mlp,ALL
P01,LITH-05,75,0.7110327827100871,3.4957967033812936,5.8989514822051445,28.378371404774157,0.5499356149154624,lithography,mlp,ALL
P02,LITH-01,75,0.7512748019371869,4.169635083158686,6.366885897866664,26.617473651134887,0.7727892397696905,lithography,mlp,ALL
P02,LITH-02,75,0.7452168873811233,3.1017673373950316,5.195392825146843,26.039166990758762,0.7380631433974705,lithography,mlp,ALL
P02,LITH-03,75,0.631694888993913,5.523997205718897,10.351923072178222,33.93224572618978,0.3543305028021191,lithography,mlp,ALL
P02,LITH-04,75,0.6923691569295529,4.546577596483814,6.850025536728241,31.074166476720066,0.5471246258631122,lithography,mlp,ALL
P02,LITH-05,75,0.7098254622685543,3.898031619932997,5.350006551067796,35.23858464133791,0.7724215551412426,lithography,mlp,ALL
P03,LITH-01,75,0.5594995411549053,6.114047176590197,12.000945671050015,36.70569931233568,0.27205115369259336,lithography,mlp,ALL
P03,LITH-02,75,0.7134889299530065,4.2736294395763235,7.142567868365933,27.27240358295932,0.5132103923970559,lithography,mlp,ALL
P03,LITH-03,75,0.7035375725110453,4.285688612324188,6.623017556807238,28.264098633350166,0.5621519959519989,lithography,mlp,ALL
P03,LITH-04,75,0.6091312745743396,4.615800906137656,6.039861047902936,50.89392253933849,0.5978612901252409,lithography,mlp,ALL
P03,LITH-05,75,0.6948565125264191,3.48009434209637,4.856827811313905,34.83398650664767,0.6919082876022731,lithography,mlp,ALL
P01,LITH-01,75,0.5498056395896487,6.94540662968295,10.928407276690802,48.33830983991914,0.2980520830269131,lithography,mlp,TSFGA(seed0)
P01,LITH-02,75,0.7436468718913665,4.027275818050281,6.218482845241595,27.436014777365248,0.7243259967266537,lithography,mlp,TSFGA(seed0)
P01,LITH-03,75,0.6277641164558467,4.738551165882758,8.570876090613943,40.85119599149753,0.39257860354987284,lithography,mlp,TSFGA(seed0)
P01,LITH-04,75,0.7341085693321263,4.7633256821893815,6.746519138176443,31.263609206929015,0.7752082746277251,lithography,mlp,TSFGA(seed0)
P01,LITH-05,75,0.7907724512284334,2.531141705664073,3.4941633953041022,25.557907701676562,0.8420893510109324,lithography,mlp,TSFGA(seed0)
P02,LITH-01,75,0.6016105601505268,6.678609960285553,10.302041110993839,37.40709425519657,0.4051310261316312,lithography,mlp,TSFGA(seed0)
P02,LITH-02,75,0.7091881244590382,3.5403868317947285,4.883869016190352,32.95408506725823,0.7685336589693245,lithography,mlp,TSFGA(seed0)
P02,LITH-03,75,0.7011915631865251,4.481656432879605,8.322791962634085,31.113540377869782,0.5826443702385107,lithography,mlp,TSFGA(seed0)
P02,LITH-04,75,0.7489599372995547,3.710203806295078,5.825391499215778,25.793501345536512,0.6724749208971099,lithography,mlp,TSFGA(seed0)
P02,LITH-05,75,0.7061108966142822,3.9479308787992946,6.249199944262966,32.55449812691692,0.6894930408063918,lithography,mlp,TSFGA(seed0)
P03,LITH-01,75,0.6427560192658156,4.958466008158633,8.2606907802008,42.691002064107906,0.6550924874039814,lithography,mlp,TSFGA(seed0)
P03,LITH-02,75,0.7784691205974092,3.304378039685726,4.558293724079181,25.41495638285459,0.8017390606391803,lithography,mlp,TSFGA(seed0)
P03,LITH-03,75,0.7310540769417269,3.887907447647144,6.355205728696659,28.531150439334613,0.5968461703695327,lithography,mlp,TSFGA(seed0)
P03,LITH-04,75,0.7279813407387894,3.2122907058806036,4.293881268584185,36.596608358531896,0.7967539807242809,lithography,mlp,TSFGA(seed0)
P03,LITH-05,75,0.7460553177152105,2.89618323281853,4.2333081601138955,31.870699759137334,0.7659361361138812,lithography,mlp,TSFGA(seed0)
P01,LITH-01,75,0.7940908936479074,3.1766778932245217,5.240197450525567,22.69446041236965,0.8386063479515151,lithography,mlp,TSFGA(majority)
P01,LITH-02,75,0.7321091886794338,4.208531388983086,6.282954835850434,26.91100976773181,0.7185800979405818,lithography,mlp,TSFGA(majority)
P01,LITH-03,75,0.7423316490105347,3.2801100564701215,5.758846299642238,24.846541015890637,0.7257727376651948,lithography,mlp,TSFGA(majority)
P01,LITH-04,75,0.7628909986612562,4.247701374648243,6.5182669280350485,24.050758797142507,0.7901615402823713,lithography,mlp,TSFGA(majority)
P01,LITH-05,75,0.7986387236600709,2.4359790450262446,3.2889941993768805,22.018754703235306,0.8600892083312934,lithography,mlp,TSFGA(majority)
P02,LITH-01,75,0.6595510123563204,5.7072948537624715,8.512233987351236,33.24498633401441,0.59387299594858,lithography,mlp,TSFGA(majority)
P02,LITH-02,75,0.7707804596167296,2.790552623937343,3.99502919015609,24.2031531392207,0.8451184291704041,lithography,mlp,TSFGA(majority)
P02,LITH-03,75,0.7550691799777622,3.673576947388381,7.414171665075592,23.607140049543364,0.6687976019939579,lithography,mlp,TSFGA(majority)
P02,LITH-04,75,0.7120913752739793,4.255096432947826,7.718552134942418,24.98125190866928,0.4250024308868141,lithography,mlp,TSFGA(majority)
P02,LITH-05,75,0.7392463774734761,3.502808597772825,5.953997920274542,23.887857840212163,0.7181358415373598,lithography,mlp,TSFGA(majority)
P03,LITH-01,75,0.5808645547059281,5.8175055994896425,12.062174551986782,33.95180273104646,0.2646042080189901,lithography,mlp,TSFGA(majority)
P03,LITH-02,75,0.7487346167355662,3.74790104581015,5.738190269521029,27.856889282834008,0.6858171782421918,lithography,mlp,TSFGA(majority)
P03,LITH-03,75,0.7815047634205077,3.1585875997412765,5.408098697299148,22.76325016679723,0.7080551763559453,lithography,mlp,TSFGA(majority)
P03,LITH-04,75,0.7790042758232782,2.6097566716206058,3.587184981663428,26.199583106916545,0.8581499377230388,lithography,mlp,TSFGA(majority)
P03,LITH-05,75,0.7885259936665289,2.4118145172778194,3.5905881862554234,23.612248531502885,0.8316140707931812,lithography,mlp,TSFGA(majority)
P01,LITH-01,75,0.6587326501188329,5.26492715768034,8.969863120597017,34.14830323960041,0.5271071173997439,lithography,svr,ALL
P01,LITH-02,75,0.7237288707310188,4.340185143591936,6.588863065530423,30.694779952303413,0.6905090917677664,lithography,svr,ALL
P01,LITH-03,75,0.7010250291745602,3.805942036231997,7.924153644071548,27.648049607275965,0.4807871550281926,lithography,svr,ALL
P01,LITH-04,75,0.6882566151044862,5.584742869657544,9.608541073049569,29.39421139752218,0.5440305884656311,lithography,svr,ALL
P01,LITH-05,75,0.736654372406544,3.1858381217945064,5.407050892838938,26.437810436592297,0.6218658391520622,lithography,svr,ALL
P02,LITH-01,75,0.7053756723602056,4.9390891732999505,7.833803760077931,28.881226065676337,0.6560303398708578,lithography,svr,ALL
P02,LITH-02,75,0.7095297861227925,3.5362273921121687,6.844342100991374,27.55694743281017,0.5454064720052216,lithography,svr,ALL
P02,LITH-03,75,0.6891491623716742,4.662273498631603,10.350703978580203,29.503081562740896,0.3544825683066116,lithography,svr,ALL
P02,LITH-04,75,0.7594796465939865,3.5547295563069734,6.903371346384056,21.653437242532434,0.5400434625373418,lithography,svr,ALL
P02,LITH-05,75,0.7262575117637524,3.677293270478412,7.313584313499711,28.66836333863531,0.5747120843203538,lithography,svr,ALL
P03,LITH-01,75,0.6458307420273603,4.9157895485964636,10.364175217649944,34.351138926171984,0.45707553018139224,lithography,svr,ALL
P03,LITH-02,75,0.7294442724480268,4.035637862517684,7.17537600419432,23.677512312181847,0.5087281560147561,lithography,svr,ALL
P03,LITH-03,75,0.7099883876183765,4.192435025082587,7.47631688636322,26.714972211842188,0.4420606870239704,lithography,svr,ALL
P03,LITH-04,75,0.6953380301370357,3.5977782439045805,5.417743414822802,35.58694333265504,0.6764370015839465,lithography,svr,ALL
P03,LITH-05,75,0.726965211090342,3.1139016989908526,6.125005806056697,27.845675350893927,0.5100095541107612,lithography,svr,ALL
P01,LITH-01,75,0.7377128842740056,4.046453782280332,7.188218847987252,28.04723503379381,0.6963077369854563,lithography,svr,TSFGA(seed0)
P01,LITH-02,75,0.7694774575629885,3.6214805238445615,6.048955350522882,23.93868721871917,0.7391518929045169,lithography,svr,TSFGA(seed0)
P01,LITH-03,75,0.7095596577167147,3.6972964815806133,7.339687679427853,27.266152323987473,0.5545542568792177,lithography,svr,TSFGA(seed0)
P01,LITH-04,75,0.7446878183160424,4.573803183262712,7.836787433961606,23.040184436958537,0.6966828675728075,lithography,svr,TSFGA(seed0)
P01,LITH-05,75,0.7571190373534348,2.9382657191943555,5.347102492445522,22.040691111079365,0.6302041642714301,lithography,svr,TSFGA(seed0)
P02,LITH-01,75,0.7630711741028653,3.9718804221147033,6.51568990524389,21.96425675983562,0.7620445941820305,lithography,svr,TSFGA(seed0)
P02,LITH-02,75,0.7642111548525605,2.8705283128181582,5.630311626228718,24.00899161299668,0.6923728255299324,lithography,svr,TSFGA(seed0)
P02,LITH-03,75,0.7140021773099965,4.289517376138604,8.77609076745403,27.419126974578262,0.5359439804234603,lithography,svr,TSFGA(seed0)
P02,LITH-04,75,0.7413973992010423,3.8219730487678762,6.130084920593285,26.79524373875112,0.6373169105622236,lithography,svr,TSFGA(seed0)
P02,LITH-05,75,0.7597869485492903,3.2268788205740173,6.445213387598782,25.196225819178558,0.6697087270615227,lithography,svr,TSFGA(seed0)
P03,LITH-01,75,0.6810575638494378,4.426849194104668,8.888986225949557,30.76899676192176,0.6006309647323891,lithography,svr,TSFGA(seed0)
P03,LITH-02,75,0.7551003928501765,3.6529484556547747,6.088530316903581,22.949818797711558,0.6462817299743315,lithography,svr,TSFGA(seed0)
P03,LITH-03,75,0.7437878247379937,3.7038271971246663,6.869875678192276,21.869850651289557,0.5289041077713812,lithography,svr,TSFGA(seed0)
P03,LITH-04,75,0.7626935811868089,2.8023710052456914,4.4842288190666615,25.98790152858168,0.7783348003453561,lithography,svr,TSFGA(seed0)
P03,LITH-05,75,0.7575292370956913,2.7653257065829813,5.220690852793802,28.6274369421004,0.6440159363416998,lithography,svr,TSFGA(seed0)
P01,LITH-01,75,0.8141009058100948,2.867971957848933,4.790686688899186,20.063585658602058,0.8651078478151513,lithography,svr,TSFGA(majority)
P01,LITH-02,75,0.823532876152689,2.772276608421168,4.355494210122756,17.23532521570249,0.8647610428008191,lithography,svr,TSFGA(majority)
P01,LITH-03,75,0.7818400947294177,2.7771687770294413,5.994150602385436,18.33072762975395,0.7029052663388975,lithography,svr,TSFGA(majority)
P01,LITH-04,75,0.7789672950730725,3.9597017374258385,7.210681048679524,18.15698344150122,0.7432127958000322,lithography,svr,TSFGA(majority)
P01,LITH-05,75,0.7954244374999397,2.47486404751093,4.543946296040618,17.482494185108187,0.7329507400945499,lithography,svr,TSFGA(majority)
P02,LITH-01,75,0.7933430178752803,3.4644025195602377,5.334822860198616,19.709232380647602,0.8404801369655536,lithography,svr,TSFGA(majority)
P02,LITH-02,75,0.7794661348287936,2.6848119278642004,5.343071725315078,20.782950484398945,0.7229604078045151,lithography,svr,TSFGA(majority)
P02,LITH-03,75,0.7517657171655165,3.7231236921897017,7.632557785029979,23.326637376771515,0.6489989627476522,lithography,svr,TSFGA(majority)
P02,LITH-04,75,0.7821660736327012,3.219439375748372,5.7876649126476964,21.01098823203726,0.676703440743329,lithography,svr,TSFGA(majority)
P02,LITH-05,75,0.7795720822528343,2.9610971383356084,5.856066658790274,20.184224810396508,0.727331781325181,lithography,svr,TSFGA(majority)
P03,LITH-01,75,0.7279550340414422,3.7759228682424744,8.823117723084074,22.20707545836536,0.6065277846821839,lithography,svr,TSFGA(majority)
P03,LITH-02,75,0.8072530939375624,2.8750332474084774,5.3038553525452095,17.152779903698413,0.7315793712203777,lithography,svr,TSFGA(majority)
P03,LITH-03,75,0.7895476345890315,3.0423191010000075,5.52284095878982,18.759059896977128,0.695535518403405,lithography,svr,TSFGA(majority)
P03,LITH-04,75,0.8154172551437845,2.1797528058476945,3.1352295397875456,20.88824020328291,0.891642077429282,lithography,svr,TSFGA(majority)
P03,LITH-05,75,0.7795419426863319,2.5142756421871155,4.904704727670772,22.26815571087252,0.6858042278033756,lithography,svr,TSFGA(majority)
P01,LITH-01,75,0.6019454693804496,6.141015568076834,10.10359908892571,39.442762126573896,0.4000109061798117,lithography,dt,ALL
P01,LITH-02,75,0.6929375869736658,4.823912388886804,8.488490712292986,26.98346646097894,0.48632564124735445,lithography,dt,ALL
P01,LITH-03,75,0.6308892472343903,4.6987683487260465,8.682714832132328,33.68581092527138,0.3766230667071907,lithography,dt,ALL
P01,LITH-04,75,0.6607304022611907,6.077862622484999,10.067399154758878,29.088411829606898,0.4994408744302755,lithography,dt,ALL
P01,LITH-05,75,0.6506108647560234,4.226754157921463,6.104975004024914,34.103530447918615,0.5179492319357095,lithography,dt,ALL
P02,LITH-01,75,0.7297558354924489,4.530379543873256,6.502653620377376,35.08191677156952,0.7629958215359278,lithography,dt,ALL
P02,LITH-02,75,0.5821388266648453,5.0871037946512585,9.64468860539846,39.8995668618638,0.09731494664147133,lithography,dt,ALL
P02,LITH-03,75,0.6449823576761906,5.324706080837478,9.554863450514437,35.99853039277781,0.44993100327028646,lithography,dt,ALL
P02,LITH-04,75,0.5850385399061089,6.132852151742977,9.242694998692478,41.46778495018468,0.17549827502570114,lithography,dt,ALL
P02,LITH-05,75,0.6998725572237605,4.031733008339112,6.594208497812137,32.87485715164324,0.654261417475537,lithography,dt,ALL
P03,LITH-01,75,0.5358311239713499,6.442559477428377,12.625400893135694,54.42823190706781,0.1943242779422395,lithography,dt,ALL
P03,LITH-02,75,0.6689213956288593,4.93840349771573,8.345901329535318,30.03910696216044,0.33537138067557204,lithography,dt,ALL
P03,LITH-03,75,0.6882842898867405,4.506191494248345,6.918703978090697,32.52612868827416,0.5221835905649932,lithography,dt,ALL
P03,LITH-04,75,0.6337565079773285,4.324999500802439,7.355175050412283,37.338855576932794,0.4036406785553037,lithography,dt,ALL
P03,LITH-05,75,0.5020797218947177,5.678671227742553,10.10442411140113,51.44894310910018,-0.3335144791340938,lithography,dt,ALL
P01,LITH-01,75,0.6253155286095984,5.7804722592751325,9.170933303159304,35.85508812310153,0.5056685792710005,lithography,dt,TSFGA(seed0)
P01,LITH-02,75,0.6849099429340579,4.950025680170412,8.2545662692604,31.69755049596844,0.5142470477320724,lithography,dt,TSFGA(seed0)
P01,LITH-03,75,0.6123027653521378,4.9353736822963645,9.015796578086889,36.51767483952382,0.3278783865046061,lithography,dt,TSFGA(seed0)
P01,LITH-04,75,0.7087850145218635,5.216985804627581,8.830084936906768,26.136801319310177,0.6149203489959894,lithography,dt,TSFGA(seed0)
P01,LITH-05,75,0.7432177732111793,3.106437021866985,5.002833669900109,23.188590096089985,0.6762892462324865,lithography,dt,TSFGA(seed0)
P02,LITH-01,75,0.7615530231419403,3.9973307406087906,6.069639442509824,27.44276911129963,0.7935092757195623,lithography,dt,TSFGA(seed0)
P02,LITH-02,75,0.6695954855252697,4.022393480444721,7.0662891781348955,36.72679745269852,0.5154454861078066,lithography,dt,TSFGA(seed0)
P02,LITH-03,75,0.6690905441108898,4.963121214050149,9.19431256338585,33.42734804331175,0.4906612417163825,lithography,dt,TSFGA(seed0)
P02,LITH-04,75,0.697781783464233,4.466582605425409,7.715502236291481,30.434226817160503,0.4254567486929022,lithography,dt,TSFGA(seed0)
P02,LITH-05,75,0.7121442375453599,3.866882576260281,6.294736288230859,30.110423663666726,0.6849513821077425,lithography,dt,TSFGA(seed0)
P03,LITH-01,75,0.5634684145002932,6.0589601082696944,11.419783104225251,42.7032573065518,0.34084790976576473,lithography,dt,TSFGA(seed0)
P03,LITH-02,75,0.7491178095115325,3.7421853018141724,6.489719024764876,27.10291799666818,0.5981311584130533,lithography,dt,TSFGA(seed0)
P03,LITH-03,75,0.7016398143638822,4.313122781804383,6.7430956524898935,29.574911913583662,0.5461313328144269,lithography,dt,TSFGA(seed0)
P03,LITH-04,75,0.7061410710620308,3.47020424566174,6.1179436514406875,33.425915960504426,0.5873964780476242,lithography,dt,TSFGA(seed0)
P03,LITH-05,75,0.7237904127361603,3.1501095757545383,5.701800402936748,31.037667869124856,0.5753817821430762,lithography,dt,TSFGA(seed0)
P01,LITH-01,75,0.7184435767317751,4.343732442615434,6.738048579748614,29.051557577538606,0.7331547837138336,lithography,dt,TSFGA(majority)
P01,LITH-02,75,0.7538989491086853,3.866216957693423,5.950337665766801,25.035377112587394,0.7475879088689691,lithography,dt,TSFGA(majority)
P01,LITH-03,75,0.6373050622643124,4.617095223876655,8.60203075574356,32.489016413577474,0.38815469078557674,lithography,dt,TSFGA(majority)
P01,LITH-04,75,0.7095340717893641,5.203566779761854,9.254589454519026,25.455701445424754,0.5770051082777798,lithography,dt,TSFGA(majority)
P01,LITH-05,75,0.7407944763689053,3.135752987850893,5.093061180878429,23.29417215210587,0.6645075235884734,lithography,dt,TSFGA(majority)
P02,LITH-01,75,0.7544795060700344,4.115911347535847,6.200600839350198,27.7778351533766,0.7845024631113232,lithography,dt,TSFGA(majority)
P02,LITH-02,75,0.7414855252770558,3.1471934921327804,5.889327132973674,27.12685153652058,0.6634177663776133,lithography,dt,TSFGA(majority)
P02,LITH-03,75,0.6752383264404175,4.870914151495652,9.173677842341156,32.44374345619439,0.49294488593606856,lithography,dt,TSFGA(majority)
P02,LITH-04,75,0.7285771792401035,4.011447303932373,7.214280827969635,27.719988362305532,0.4976800663755063,lithography,dt,TSFGA(majority)
P02,LITH-05,75,0.727641782568885,3.658697802346917,5.988068701371567,27.62087617349244,0.7149007685927733,lithography,dt,TSFGA(majority)
P03,LITH-01,75,0.5726454731046062,5.931584601337852,11.271979542735995,45.386352891929704,0.35779999213669444,lithography,dt,TSFGA(majority)
P03,LITH-02,75,0.7452444646681604,3.7999605233773415,6.495685926438251,27.09521955111729,0.5973918308023516,lithography,dt,TSFGA(majority)
P03,LITH-03,75,0.7251093956484276,3.9738443170790667,6.566417715046937,25.52927005234204,0.569603655070533,lithography,dt,TSFGA(majority)
P03,LITH-04,75,0.7433099330228148,3.0312740996597616,4.871823504787196,30.787461416367478,0.7383594350302485,lithography,dt,TSFGA(majority)
P03,LITH-05,75,0.7347220962901482,3.0254361298265313,5.6193351007434975,29.896964595181842,0.5875754916878817,lithography,dt,TSFGA(majority)
P01,IMPL-01,75,0.658852732501483,8.308838880382387,16.56543928584853,36.23176813384802,0.6931220226193625,implantation,rf,ALL
P01,IMPL-02,75,0.6541294751584885,8.6203645800464,13.870201903563334,46.01603570590406,0.6430281279618327,implantation,rf,ALL
P01,IMPL-03,75,0.6040452187323875,8.834636741556368,15.409588591716009,42.34960974270454,0.5845184147295128,implantation,rf,ALL
P01,IMPL-04,75,0.6347354589147698,9.43071533959199,21.264562383470103,31.367888941016265,0.5670611087315446,implantation,rf,ALL
P01,IMPL-05,75,0.6707212032881356,7.247273594234575,14.501220259653504,28.043064644286154,0.5990708947000178,implantation,rf,ALL
P02,IMPL-01,75,0.6586963410432389,6.875225644394665,12.009726354822176,32.309776996444214,0.5818712711255098,implantation,rf,ALL
P02,IMPL-02,75,0.7161128615983111,9.07507266970089,15.107163232480017,31.833428722318686,0.8026450124374699,implantation,rf,ALL
P02,IMPL-03,75,0.6886276623681985,6.856771256451077,10.922917771716154,38.36310418283517,0.764505059405389,implantation,rf,ALL
P02,IMPL-04,75,0.6176024730748979,13.23159344975193,21.88937224233979,45.60423434549231,0.6333593473043084,implantation,rf,ALL
P02,IMPL-05,75,0.6634275734192738,8.506292384989877,13.761513530384208,35.51542806942082,0.6685107605175231,implantation,rf,ALL
P03,IMPL-01,75,0.5929343414718368,9.087870361458593,16.99266164725917,45.231996719998754,0.6043199627524842,implantation,rf,ALL
P03,IMPL-02,75,0.7560305902005623,5.416551465127774,9.753541527136898,26.012504285520997,0.8123075547442045,implantation,rf,ALL
P03,IMPL-03,75,0.6737232515298841,12.207470804472896,21.253020041142392,35.580457213370195,0.7103359670794025,implantation,rf,ALL
P03,IMPL-04,75,0.7407928103900477,8.668122543739175,13.865075274223477,30.83779816607408,0.7710022501623917,implantation,rf,ALL
P03,IMPL-05,75,0.7080182997617168,9.33543470833764,16.06513913255934,38.42477983262111,0.8043878329723118,implantation,rf,ALL
P01,IMPL-01,75,0.6441955511301537,8.665823004417463,17.670534625763015,33.316568398239035,0.6508120988148844,implantation,rf,TSFGA(seed0)
P01,IMPL-02,75,0.7024027854776524,7.4172162787345295,11.551854724834136,34.36687643250059,0.7523878973797313,implantation,rf,TSFGA(seed0)
P01,IMPL-03,75,0.66346604148669,7.508825288445346,13.324991772970595,33.38346157557527,0.6893269428071153,implantation,rf,TSFGA(seed0)
P01,IMPL-04,75,0.6918959326971437,7.954896867543822,18.933128082965805,24.367862606989362,0.6567911742445902,implantation,rf,TSFGA(seed0)
P01,IMPL-05,75,0.7235744426605845,6.083998309282387,11.715531294128317,23.796118732337064,0.738312810159121,implantation,rf,TSFGA(seed0)
P02,IMPL-01,75,0.7425236860620725,5.186606442547731,9.500081532673448,24.406967927735607,0.7383634286027405,implantation,rf,TSFGA(seed0)
P02,IMPL-02,75,0.7196123705507877,8.96320321964128,16.493200858311365,28.833953034151737,0.7647702978130906,implantation,rf,TSFGA(seed0)
P02,IMPL-03,75,0.7518878341370038,5.4637106822152735,10.432487263931085,26.319074428587125,0.7851773948501146,implantation,rf,TSFGA(seed0)
P02,IMPL-04,75,0.6669401737364506,11.524426559451705,19.689049894350404,35.720411137783394,0.7033642276834398,implantation,rf,TSFGA(seed0)
P02,IMPL-05,75,0.688973356100923,7.860666422990877,13.698820226187088,30.495044951612428,0.6715242106103637,implantation,rf,TSFGA(seed0)
P03,IMPL-01,75,0.6331143726260916,8.1908383800099,15.620357712884712,40.91677714589149,0.6656485042792788,implantation,rf,TSFGA(seed0)
P03,IMPL-02,75,0.7956140213404596,4.537729435300947,7.69620948907845,21.766523466745905,0.8831373100369353,implantation,rf,TSFGA(seed0)
P03,IMPL-03,75,0.7070418106303937,10.960874657570846,19.805110945717427,27.570355862871853,0.7484595528074872,implantation,rf,TSFGA(seed0)
P03,IMPL-04,75,0.7354292849563302,8.847483678728855,14.596652054135838,27.20800062131629,0.7461990385950169,implantation,rf,TSFGA(seed0)
P03,IMPL-05,75,0.7351384549269817,8.46833092197466,14.22770548687863,30.62366563457477,0.8465748291764352,implantation,rf,TSFGA(seed0)
P01,IMPL-01,75,0.6878872661844364,7.601686030800371,15.074908624280367,30.71591000774685,0.7458622470386387,implantation,rf,TSFGA(majority)
P01,IMPL-02,75,0.704009494506381,7.377171184958359,11.569306521364151,33.92430948721424,0.7516391794831215,implantation,rf,TSFGA(majority)
P01,IMPL-03,75,0.6786321686630561,7.170435071384467,12.562459818792108,31.268316890024934,0.7238665217908351,implantation,rf,TSFGA(majority)
P01,IMPL-04,75,0.7031017416180767,7.665575616241409,18.92578508354395,22.460894490476,0.657057341936055,implantation,rf,TSFGA(majority)
P01,IMPL-05,75,0.7329296478808571,5.878094581381996,11.4914391403228,22.936551827153536,0.7482280582750801,implantation,rf,TSFGA(majority)
P02,IMPL-01,75,0.7521830357507419,4.992028368316981,9.429638094471013,22.44086205773347,0.7422291318365251,implantation,rf,TSFGA(majority)
P02,IMPL-02,75,0.7297107202847588,8.640387405596996,15.951162721272217,26.709838165365614,0.779977571650501,implantation,rf,TSFGA(majority)
P02,IMPL-03,75,0.7739225497357525,4.978481307921162,9.455690799354356,24.43341553228826,0.8235219171166732,implantation,rf,TSFGA(majority)
P02,IMPL-04,75,0.6748939397395681,11.249212964337834,19.387886066780368,34.06360206021903,0.7123695096376721,implantation,rf,TSFGA(majority)
P02,IMPL-05,75,0.6952463749635712,7.70212660104428,13.402576535360556,29.734047104153827,0.6855774944013373,implantation,rf,TSFGA(majority)
P03,IMPL-01,75,0.6349436209945152,8.149999828088694,15.89418105610223,39.84051548630671,0.6538234608614435,implantation,rf,TSFGA(majority)
P03,IMPL-02,75,0.7955711389825556,4.538681499327022,7.625888006392406,21.627510704129865,0.8852631391873848,implantation,rf,TSFGA(majority)
P03,IMPL-03,75,0.7178805576354782,10.555348709914309,19.20034139433999,26.458237445301286,0.7635870996213767,implantation,rf,TSFGA(majority)
P03,IMPL-04,75,0.7405946953619067,8.674747689223246,14.262232669705435,26.98787297088428,0.757695329321111,implantation,rf,TSFGA(majority)
P03,IMPL-05,75,0.7315677069965703,8.582497269170682,14.127913221896097,30.67711780995474,0.8487195110924677,implantation,rf,TSFGA(majority)
P01,IMPL-01,75,0.696029897713403,7.403367533534965,15.484819371474137,33.93768418290076,0.7318535224142544,implantation,lgbm,ALL
P01,IMPL-02,75,0.7271696185462424,6.799935778633441,10.658672050056804,36.24367225855499,0.789198046786707,implantation,lgbm,ALL
P01,IMPL-03,75,0.6607862109876952,7.5686183004447685,14.576300067726052,34.7556107210136,0.6282386023373785,implantation,lgbm,ALL
P01,IMPL-04,75,0.6556485591759688,8.890762857903669,19.75831290331106,28.638887880994083,0.626222272477141,implantation,lgbm,ALL
P01,IMPL-05,75,0.6561173806429225,7.568696957319056,13.621174723497031,32.9742112394503,0.6462571958060985,implantation,lgbm,ALL
P02,IMPL-01,75,0.7120924548260199,5.7996135870481025,10.27461430092843,26.071255127127674,0.6939623630587387,implantation,lgbm,ALL
P02,IMPL-02,75,0.7026369786171403,9.505858713869857,15.811901891653392,36.03209398297431,0.7838025910219882,implantation,lgbm,ALL
P02,IMPL-03,75,0.7332825690308797,5.873419675533679,9.721051090191825,30.618526565483823,0.8134777250226299,implantation,lgbm,ALL
P02,IMPL-04,75,0.6965779508415684,10.49890994441854,15.983466180204172,33.08625643403991,0.8045138755462371,implantation,lgbm,ALL
P02,IMPL-05,75,0.7252192381338975,6.944613752079695,11.19511435218554,32.00554320698772,0.7806214809439479,implantation,lgbm,ALL
P03,IMPL-01,75,0.6934849903955693,6.843045127408064,12.549793061195684,33.14432637504371,0.7841786279294797,implantation,lgbm,ALL
P03,IMPL-02,75,0.7711818128159419,5.080167583544926,10.338388900638034,22.038833353772986,0.7891236637004088,implantation,lgbm,ALL
P03,IMPL-03,75,0.6674024899987739,12.443958731408731,19.211507461979213,36.32261766314662,0.7633120451337263,implantation,lgbm,ALL
P03,IMPL-04,75,0.6965588836313104,10.147345007871001,15.864189724228904,34.86165957615617,0.7002062727513196,implantation,lgbm,ALL
P03,IMPL-05,75,0.6624161292611179,10.793457882116684,18.093607571727926,47.124338580245464,0.751871176935661,implantation,lgbm,ALL
P01,IMPL-01,75,0.7106669945061812,7.046872581019232,14.31684873049615,30.517081979661388,0.7707788529227457,implantation,lgbm,TSFGA(seed0)
P01,IMPL-02,75,0.6961785220875738,7.5723477970658495,11.283477891938062,39.74174150848898,0.7637594769914492,implantation,lgbm,TSFGA(seed0)
P01,IMPL-03,75,0.6131160776453628,8.632245591805647,15.09124529160581,40.945426449284305,0.6015077786438334,implantation,lgbm,TSFGA(seed0)
P01,IMPL-04,75,0.6900637672440104,8.002201297347485,18.591657795833363,25.62098026320177,0.6690594871463404,implantation,lgbm,TSFGA(seed0)
P01,IMPL-05,75,0.7045654629036089,6.502377137259637,11.943779045196639,28.019503828900387,0.7280168447535491,implantation,lgbm,TSFGA(seed0)
P02,IMPL-01,75,0.7378823043540167,5.280102500111802,9.086828501449366,25.451449579895215,0.7606307013557945,implantation,lgbm,TSFGA(seed0)
P02,IMPL-02,75,0.7097415482921643,9.278745620790705,15.599984985773835,32.54263913567685,0.78955887077019,implantation,lgbm,TSFGA(seed0)
P02,IMPL-03,75,0.7197134956119118,6.172226028414883,10.40183919641873,31.520900796461344,0.7864377322189315,implantation,lgbm,TSFGA(seed0)
P02,IMPL-04,75,0.7561019342007561,8.43928065065265,14.174842227706291,27.676974070289855,0.8462516473312023,implantation,lgbm,TSFGA(seed0)
P02,IMPL-05,75,0.7021047856035793,7.528792003219639,12.370703680744997,33.69166781530136,0.7321289125132455,implantation,lgbm,TSFGA(seed0)
P03,IMPL-01,75,0.6826138340777558,7.085747151579443,12.442739514455033,36.814399057315875,0.7878449671703935,implantation,lgbm,TSFGA(seed0)
P03,IMPL-02,75,0.7292403852696085,6.011341295086882,11.218483752398415,28.20188877525534,0.7516921530810162,implantation,lgbm,TSFGA(seed0)
P03,IMPL-03,75,0.6718308726080282,12.27827315415878,19.60288049807843,37.001200739639984,0.7535702966354976,implantation,lgbm,TSFGA(seed0)
P03,IMPL-04,75,0.7274532277039101,9.114210237447738,14.520631002564505,33.9280182856495,0.7488358038821039,implantation,lgbm,TSFGA(seed0)
P03,IMPL-05,75,0.6621216216491954,10.802874076967138,17.683615146489426,42.93548762716245,0.7629887332919294,implantation,lgbm,TSFGA(seed0)
P01,IMPL-01,75,0.7162797592750865,6.910170450938349,14.166027336294732,29.18121710956318,0.7755828927612196,implantation,lgbm,TSFGA(majority)
P01,IMPL-02,75,0.6861173839419725,7.823108335117011,11.089034255845752,40.68422472261002,0.7718313982581101,implantation,lgbm,TSFGA(majority)
P01,IMPL-03,75,0.6243667581563919,8.38121774692891,14.624128041587074,38.11839417412138,0.6257949416960096,implantation,lgbm,TSFGA(majority)
P01,IMPL-04,75,0.7013346254702169,7.711200546909328,18.02438144058495,23.63047150017593,0.688946966801722,implantation,lgbm,TSFGA(majority)
P01,IMPL-05,75,0.7003080357605705,6.596081134058794,12.052549992492818,29.36281415698618,0.7230404341610366,implantation,lgbm,TSFGA(majority)
P02,IMPL-01,75,0.7437752646023434,5.161394627056663,8.78839182273664,25.219597254760647,0.7760956109592058,implantation,lgbm,TSFGA(majority)
P02,IMPL-02,75,0.7261032370894724,8.755708488250718,14.889827220740568,29.428993329255924,0.8082825784586798,implantation,lgbm,TSFGA(majority)
P02,IMPL-03,75,0.72508402608778,6.053960869477185,10.703327941318829,28.93974161198184,0.7738784692994861,implantation,lgbm,TSFGA(majority)
P02,IMPL-04,75,0.7470777982545567,8.751530834474552,14.280720148153671,27.509207420788872,0.8439462457872462,implantation,lgbm,TSFGA(majority)
P02,IMPL-05,75,0.7213613088563453,7.042116315699835,10.685576864121638,32.37099425317071,0.8001367350894542,implantation,lgbm,TSFGA(majority)
P03,IMPL-01,75,0.6613268287490905,7.5609863194081965,13.537290661069408,37.36358498198219,0.7488779617965915,implantation,lgbm,TSFGA(majority)
P03,IMPL-02,75,0.731819416718925,5.954082245327774,10.987100443493917,28.13937893889736,0.7618293141793336,implantation,lgbm,TSFGA(majority)
P03,IMPL-03,75,0.6654644529363131,12.51646935611279,20.367217251594354,39.34639967228125,0.7339785469592887,implantation,lgbm,TSFGA(majority)
P03,IMPL-04,75,0.7065451135346136,9.813396460062428,15.464671388477862,35.66718619215962,0.715115944247551,implantation,lgbm,TSFGA(majority)
P03,IMPL-05,75,0.6656741594062453,10.689289957644666,17.48016143063321,39.55587282292797,0.7684110892020437,implantation,lgbm,TSFGA(majority)
P01,IMPL-01,75,0.5716101845822759,10.43368156046595,16.862206212637957,60.84871887373882,0.6820282031050524,implantation,mlp,ALL
P01,IMPL-02,75,0.47529473080113127,13.077583640983244,17.941285702078147,75.41868453210441,0.40272332490437257,implantation,mlp,ALL
P01,IMPL-03,75,0.6293851372150258,8.269246486290188,13.204462111375504,45.03873029916941,0.6949218377910995,implantation,mlp,ALL
P01,IMPL-04,75,0.5589252716747612,11.388048218325663,20.65523739148297,51.80243145953796,0.5915169097767583,implantation,mlp,ALL
P01,IMPL-05,75,0.6596368561694606,7.491234933332877,13.663849941988486,34.084393752372364,0.6440371670973337,implantation,mlp,ALL
P02,IMPL-01,75,0.6230069501277217,7.594153230477988,11.970816459683919,44.375413474432996,0.5845762436239867,implantation,mlp,ALL
P02,IMPL-02,75,0.64772070140941,11.261377506357094,18.594599587166783,38.024733684049956,0.7010105086308257,implantation,mlp,ALL
P02,IMPL-03,75,0.5825878375394615,9.19188820503685,13.511412951789112,50.619010460004866,0.6396655477726758,implantation,mlp,ALL
P02,IMPL-04,75,0.6243660500148667,12.997562385128147,19.36363402347476,52.43395091800043,0.7130886457235428,implantation,mlp,ALL
P02,IMPL-05,75,0.5898705465669857,10.365320421637561,17.30761647915992,41.669796020085094,0.475661728005184,implantation,mlp,ALL
P03,IMPL-01,75,0.5307238101656653,10.476740269257098,20.1301893884292,44.91587615139502,0.44471359396287624,implantation,mlp,ALL
P03,IMPL-02,75,0.7103367136433889,6.431036167191826,10.916173058458545,34.30105726904687,0.7648944173136716,implantation,mlp,ALL
P03,IMPL-03,75,0.667162094562652,12.45295299864275,18.708643420496877,40.30198647745586,0.7755405653990787,implantation,mlp,ALL
P03,IMPL-04,75,0.6850282574783446,10.53293956121017,14.02356705125068,44.488795347045595,0.7657369775889966,implantation,mlp,ALL
P03,IMPL-05,75,0.4723998118310585,16.868786998425787,25.32933148215014,70.8324935167135,0.5137335154815648,implantation,mlp,ALL
P01,IMPL-01,75,0.6681844349082102,8.081559874615442,16.065515218280485,36.51425029673652,0.7113649123022789,implantation,mlp,TSFGA(seed0)
P01,IMPL-02,75,0.6126978766476359,9.652992279273782,14.700005207979641,46.69289054496448,0.5990378223212363,implantation,mlp,TSFGA(seed0)
P01,IMPL-03,75,0.5179893746192112,10.754735091660823,18.21699111923118,64.25072845688648,0.41933856206977116,implantation,mlp,TSFGA(seed0)
P01,IMPL-04,75,0.5253019100584666,12.256165203405384,26.338401197926924,56.37407244216319,0.33580971487604727,implantation,mlp,TSFGA(seed0)
P01,IMPL-05,75,0.7152967065323073,6.266187442204298,11.363266775273141,30.652198422832676,0.7538131270060725,implantation,mlp,TSFGA(seed0)
P02,IMPL-01,75,0.6128819232463346,7.798111912543909,13.965170607695601,46.56627507720712,0.4346254233087802,implantation,mlp,TSFGA(seed0)
P02,IMPL-02,75,0.6913476267036233,9.866747514911728,15.504700133888958,39.141924074346036,0.7921217723883144,implantation,mlp,TSFGA(seed0)
P02,IMPL-03,75,0.5358896832898205,10.220234410173715,16.413454443706293,63.963828798402304,0.46825398885714387,implantation,mlp,TSFGA(seed0)
P02,IMPL-04,75,0.3631957205707046,22.034492221287294,38.44274551692507,48.8339713505571,-0.13084425808857558,implantation,mlp,TSFGA(seed0)
P02,IMPL-05,75,0.5749026835390034,10.743607557598057,19.92770114239733,39.63617598110563,0.30489336310283055,implantation,mlp,TSFGA(seed0)
P03,IMPL-01,75,0.5321619701718365,10.444632889473759,21.134526602199315,51.12291288144193,0.38792256528625757,implantation,mlp,TSFGA(seed0)
P03,IMPL-02,75,0.6629234556586767,7.483694171384636,14.263182535982804,36.821199910156366,0.5986206752526939,implantation,mlp,TSFGA(seed0)
P03,IMPL-03,75,0.662741592163683,12.618343742021015,18.73045586184696,39.51791223987101,0.77501686496019,implantation,mlp,TSFGA(seed0)
P03,IMPL-04,75,0.7494638718755133,8.378154415719983,12.73784421028404,32.91466488321864,0.8067236936272375,implantation,mlp,TSFGA(seed0)
P03,IMPL-05,75,0.46090989360976176,17.236150368361365,32.162950165638804,54.55419280106211,0.21595924592311644,implantation,mlp,TSFGA(seed0)
P01,IMPL-01,75,0.7090817207223432,7.085482840300471,14.328912066192032,35.456426105524905,0.7703924080198605,implantation,mlp,TSFGA(majority)
P01,IMPL-02,75,0.7184805148684952,7.016500175412628,10.914225433378219,32.652316956583626,0.7789684492989096,implantation,mlp,TSFGA(majority)
P01,IMPL-03,75,0.7077683170968474,6.520342435461376,9.949918131168008,31.793700415395264,0.8267757432020372,implantation,mlp,TSFGA(majority)
P01,IMPL-04,75,0.5483290965141905,11.661629418764392,27.1296938467734,34.83520133837427,0.2953012725024976,implantation,mlp,TSFGA(majority)
P01,IMPL-05,75,0.6968290421014125,6.672652170919661,11.792961640994895,34.31131793331464,0.7348422907306049,implantation,mlp,TSFGA(majority)
P02,IMPL-01,75,0.7730520327991323,4.571643002046803,7.182832813100035,24.544694029414,0.8504331662027544,implantation,mlp,TSFGA(majority)
P02,IMPL-02,75,0.7079117051546634,9.337240554870732,14.674743893202887,34.05223359652922,0.8137812856358075,implantation,mlp,TSFGA(majority)
P02,IMPL-03,75,0.6310750927103661,8.124143972878342,14.956771158326644,43.91923687738839,0.5584499376812282,implantation,mlp,TSFGA(majority)
P02,IMPL-04,75,0.7368794338520706,9.104411285117605,14.586570138133771,32.45751238090411,0.8371902636302555,implantation,mlp,TSFGA(majority)
P02,IMPL-05,75,0.6560476199724603,8.69280808517351,13.93073757471998,35.79876703003719,0.6603080504075804,implantation,mlp,TSFGA(majority)
P03,IMPL-01,75,0.6719502779758777,7.323814434868347,15.485309407181346,28.445984894005942,0.6714048912298991,implantation,mlp,TSFGA(majority)
P03,IMPL-02,75,0.7526194054909842,5.49228578588412,10.746901240522186,24.6235072479338,0.7721292228999863,implantation,mlp,TSFGA(majority)
P03,IMPL-03,75,0.676875098731142,12.089546119769105,17.84203629538483,39.278140000905886,0.7958534210644592,implantation,mlp,TSFGA(majority)
P03,IMPL-04,75,0.7892805669777366,7.046648167949152,11.454796011029535,26.378274852496446,0.8436991029046749,implantation,mlp,TSFGA(majority)
P03,IMPL-05,75,0.5524123637243259,14.31057203688027,25.472443375708238,47.8986316736624,0.5082231361616671,implantation,mlp,TSFGA(majority)
P01,IMPL-01,75,0.5796726959152292,10.237314436883295,25.133680123179612,34.62508259295998,0.2935653775354813,implantation,svr,ALL
P01,IMPL-02,75,0.6144071449279997,9.610391032033656,16.7560197058452,40.58265627398093,0.4790330703495461,implantation,svr,ALL
P01,IMPL-03,75,0.6103302166167521,8.694404382063066,19.13856167893802,42.383471066924066,0.3591029327502636,implantation,svr,ALL
P01,IMPL-04,75,0.5372179708638989,11.94850605562329,28.651611741518316,40.96430733956369,0.214019418711775,implantation,svr,ALL
P01,IMPL-05,75,0.611871217824244,8.542534479334206,19.681767601099036,26.736209320649724,0.26143846492671163,implantation,svr,ALL
P02,IMPL-01,75,0.6818235931771282,6.409349956330505,13.717964074412928,30.447499852284864,0.45446438752660934,implantation,svr,ALL
P02,IMPL-02,75,0.5076426949288694,15.739277052616272,29.743177975545084,37.780466326150396,0.23500780804535681,implantation,svr,ALL
P02,IMPL-03,75,0.6262950731464989,8.229405413249308,18.242738290662352,36.589928715946165,0.3431226180561242,implantation,svr,ALL
P02,IMPL-04,75,0.4737128763135411,18.210413949205417,31.999917724345483,41.33213455671892,0.21644095683076414,implantation,svr,ALL
P02,IMPL-05,75,0.6369483212432863,9.175510191787268,19.204640844569667,27.749046969778767,0.354420975055628,implantation,svr,ALL
P03,IMPL-01,75,0.5344007990726183,10.394650321832565,22.4649842278429,42.28974054523961,0.30843412347377486,implantation,svr,ALL
P03,IMPL-02,75,0.6542816509543002,7.675557487245913,16.866193696719577,29.331316357931247,0.43875008949540817,implantation,svr,ALL
P03,IMPL-03,75,0.46738242590756873,19.92760292043321,34.80194082828471,43.77539049389589,0.22328767259256888,implantation,svr,ALL
P03,IMPL-04,75,0.5978123006679993,13.4495199328393,22.708154933410047,34.098839586066624,0.3857425269399899,implantation,svr,ALL
P03,IMPL-05,75,0.5106040773899613,15.647294602107568,32.336253402945324,36.060710680508045,0.20748720764145723,implantation,svr,ALL
P01,IMPL-01,75,0.6663026049116162,8.127392931865531,20.79075255584449,28.36993169146382,0.5166071435201867,implantation,svr,TSFGA(seed0)
P01,IMPL-02,75,0.6970207139656042,7.551357280344879,11.597715516506959,38.49783531988145,0.7504179577763369,implantation,svr,TSFGA(seed0)
P01,IMPL-03,75,0.6493028041265922,7.8248387906950745,17.222692676450812,33.29194416062863,0.48099469603149025,implantation,svr,TSFGA(seed0)
P01,IMPL-04,75,0.5971308673554834,10.401623157261874,25.4340184637626,31.725303244728455,0.3806392697782085,implantation,svr,TSFGA(seed0)
P01,IMPL-05,75,0.6296837656022161,8.15048856430281,17.591327366788846,26.308730467388276,0.40999497833666765,implantation,svr,TSFGA(seed0)
P02,IMPL-01,75,0.6805075879421818,6.435859584053562,12.97274458829119,30.093703586740407,0.5121261737193878,implantation,svr,TSFGA(seed0)
P02,IMPL-02,75,0.5785382272557109,13.472946455726543,25.252620039681215,43.66222711850607,0.44856395421025763,implantation,svr,TSFGA(seed0)
P02,IMPL-03,75,0.6266222671934317,8.222200230048534,17.40594877547863,40.94660906339635,0.40200210567222683,implantation,svr,TSFGA(seed0)
P02,IMPL-04,75,0.5907079956384614,14.162187311966296,24.067341687407993,44.74799278865002,0.5567688738728019,implantation,svr,TSFGA(seed0)
P02,IMPL-05,75,0.6653971547788562,8.456514585035087,17.9107753668052,25.175352909753073,0.4384792538167297,implantation,svr,TSFGA(seed0)
P03,IMPL-01,75,0.5946395306777221,9.049801469818668,19.75287071914377,37.631256976452995,0.4653349911449586,implantation,svr,TSFGA(seed0)
P03,IMPL-02,75,0.6663960068537265,7.406597406348641,15.935203035598553,29.48099587134388,0.49900046793698105,implantation,svr,TSFGA(seed0)
P03,IMPL-03,75,0.5712731637050255,16.040586286657476,27.64935136446205,45.372761955550395,0.5097437212098099,implantation,svr,TSFGA(seed0)
P03,IMPL-04,75,0.6895821311754666,10.380653911592336,17.034242818703564,34.101019244198085,0.6543532968185464,implantation,svr,TSFGA(seed0)
P03,IMPL-05,75,0.586327983944801,13.226199085073244,26.880316450306488,35.76566056775923,0.4523594015187056,implantation,svr,TSFGA(seed0)
P01,IMPL-01,75,0.732250171892816,6.521201820859791,16.677697722004613,21.702706563624837,0.6889487111750073,implantation,svr,TSFGA(majority)
P01,IMPL-02,75,0.8072079368391568,4.8050867397485,7.908385432776692,21.473092816878754,0.8839502829941931,implantation,svr,TSFGA(majority)
P01,IMPL-03,75,0.7120561635447427,6.424670991238748,13.803498147770599,26.92926227508065,0.666613496227715,implantation,svr,TSFGA(majority)
P01,IMPL-04,75,0.6582795748836845,8.822833022393922,22.285680817121243,26.244984020943413,0.5244835847248,implantation,svr,TSFGA(majority)
P01,IMPL-05,75,0.6417370939366216,7.885200398065325,17.35800765979405,24.675487664322134,0.42554205807230594,implantation,svr,TSFGA(majority)
P02,IMPL-01,75,0.7285053679423437,5.468991637369952,11.729425318858452,21.511438939367387,0.6011613357372312,implantation,svr,TSFGA(majority)
P02,IMPL-02,75,0.6475205446767065,11.267775953658514,22.41386290729534,26.958544380115747,0.5655741241461919,implantation,svr,TSFGA(majority)
P02,IMPL-03,75,0.7178615011155305,6.213009043137628,13.548561255129627,23.68435107767734,0.6376814155322881,implantation,svr,TSFGA(majority)
P02,IMPL-04,75,0.67550454136227,11.22808512782614,19.38809473808119,30.651434461435457,0.7123633180857545,implantation,svr,TSFGA(majority)
P02,IMPL-05,75,0.7082412289496485,7.373703893846332,14.535465930200564,24.403550780000103,0.6301761228162981,implantation,svr,TSFGA(majority)
P03,IMPL-01,75,0.7146525564139703,6.370472480188463,15.095131731449824,25.439168011945934,0.6877552574049464,implantation,svr,TSFGA(majority)
P03,IMPL-02,75,0.7378784867048438,5.819560198336225,13.749597455419392,20.994696832595878,0.6270057947662123,implantation,svr,TSFGA(majority)
P03,IMPL-03,75,0.6489655126567608,13.133768421129748,24.232810968124667,29.207737026308646,0.6234168719537829,implantation,svr,TSFGA(majority)
P03,IMPL-04,75,0.7548419573337178,8.198306380360442,14.117845007153033,22.783534573753776,0.7625765721934571,implantation,svr,TSFGA(majority)
P03,IMPL-05,75,0.6747688945753492,10.398506986343715,22.813008949236472,24.3545931768966,0.6055499424597435,implantation,svr,TSFGA(majority)
P01,IMPL-01,75,0.5950487546191561,9.862821639907322,19.66659863804687,36.742034238491414,0.5674679254523971,implantation,dt,ALL
P01,IMPL-02,75,0.5610803712084436,10.93949021315312,17.182236072217712,47.05571582877792,0.45219272673107036,implantation,dt,ALL
P01,IMPL-03,75,0.5757712311866837,9.46549263980288,19.392796881962177,40.41168070793884,0.3419625822116663,implantation,dt,ALL
P01,IMPL-04,75,0.5739550450300657,10.999996551138548,23.809383099832292,38.563264532311486,0.4572373083374728,implantation,dt,ALL
P01,IMPL-05,75,0.6469314127445986,7.7708758502565916,13.493547319053116,32.2057439200867,0.6528551239350027,implantation,dt,ALL
P02,IMPL-01,75,0.5399606224463291,9.26703960823653,16.65035387265538,40.281131850939175,0.19630601066740228,implantation,dt,ALL
P02,IMPL-02,75,0.6681076819980046,10.609663126484445,20.191959003073062,40.97475089647816,0.6474350180274079,implantation,dt,ALL
P02,IMPL-03,75,0.6818439390519571,7.006156521051959,10.84530480661877,36.107930676365044,0.7678397957080538,implantation,dt,ALL
P02,IMPL-04,75,0.49545016915141404,17.4582672921867,29.943729720864916,59.459928562528695,0.31390257085539586,implantation,dt,ALL
P02,IMPL-05,75,0.6592305639730642,8.612364619886579,14.602868028459124,33.120748712111656,0.6267383658929115,implantation,dt,ALL
P03,IMPL-01,75,0.5184227147555891,10.751366138692783,22.78521536775298,50.53963768254336,0.28857750092443735,implantation,dt,ALL
P03,IMPL-02,75,0.581598255753095,9.289257135456713,15.809154633058315,38.49753707196897,0.5068949929919475,implantation,dt,ALL
P03,IMPL-03,75,0.5745751579495297,15.917043930282622,28.70634252520709,34.259156767114725,0.4715438035836427,implantation,dt,ALL
P03,IMPL-04,75,0.6769349439304286,10.803587276359607,18.88459853975798,29.013153546101034,0.5751826309153342,implantation,dt,ALL
P03,IMPL-05,75,0.6997471631119789,9.599885035513463,18.737457235299264,42.904693820245384,0.7338979677124446,implantation,dt,ALL
P01,IMPL-01,75,0.5864370404771877,10.072564915338473,21.095013392509873,35.26835772043811,0.5023552579825947,implantation,dt,TSFGA(seed0)
P01,IMPL-02,75,0.6315179126318893,9.18392781745473,15.750935901877472,40.05389987900967,0.5396574075802218,implantation,dt,TSFGA(seed0)
P01,IMPL-03,75,0.6313909835130366,8.224491569212057,16.753393502831617,36.13168776388381,0.5088939654651801,implantation,dt,TSFGA(seed0)
P01,IMPL-04,75,0.646949823734988,9.115354321160892,20.503266602290875,30.71562081051918,0.5975056214053434,implantation,dt,TSFGA(seed0)
P01,IMPL-05,75,0.6916260879477953,6.78716677868081,11.872879526070646,28.252886854377824,0.7312363015912238,implantation,dt,TSFGA(seed0)
P02,IMPL-01,75,0.6435760166649936,7.179809668587759,11.873476373401067,36.20210404993919,0.5913047699791524,implantation,dt,TSFGA(seed0)
P02,IMPL-02,75,0.680951347793993,10.19908728602836,19.700586897223495,34.55978912731685,0.6643855961542469,implantation,dt,TSFGA(seed0)
P02,IMPL-03,75,0.6466501500420363,7.781163584056331,14.451178386504395,34.89288623901333,0.5877973526936455,implantation,dt,TSFGA(seed0)
P02,IMPL-04,75,0.5583684247954863,15.281190505251876,27.31943571021968,52.370122560731794,0.42889303968898485,implantation,dt,TSFGA(seed0)
P02,IMPL-05,75,0.7087836534641301,7.359995042043347,13.236257605650877,27.64905097727734,0.6933327109259193,implantation,dt,TSFGA(seed0)
P03,IMPL-01,75,0.5679490407492387,9.645675150813775,20.34843205719731,45.95778468838116,0.43260798343414386,implantation,dt,TSFGA(seed0)
P03,IMPL-02,75,0.6732249941072226,7.254981837234171,11.20378050216369,31.98457384187178,0.7523426046007252,implantation,dt,TSFGA(seed0)
P03,IMPL-03,75,0.5744344639724984,15.922307920514928,26.850680029297866,39.73817756412798,0.5376574670276998,implantation,dt,TSFGA(seed0)
P03,IMPL-04,75,0.6305177526373075,12.355820078506808,21.805887375257694,30.35279916413683,0.43358560665337653,implantation,dt,TSFGA(seed0)
P03,IMPL-05,75,0.7327660972844732,8.544181531305282,16.99377748082912,27.977248056134684,0.7811196691387106,implantation,dt,TSFGA(seed0)
P01,IMPL-01,75,0.6252544151854446,9.127145318179487,17.755497923402306,34.681559249777436,0.6474461021109985,implantation,dt,TSFGA(majority)
P01,IMPL-02,75,0.6266072162270586,9.306320419053149,16.039479252792233,39.31500628293565,0.5226367748242926,implantation,dt,TSFGA(majority)
P01,IMPL-03,75,0.6354889062024835,8.133057748813822,16.742566134620144,34.65529943698908,0.5095285434816503,implantation,dt,TSFGA(majority)
P01,IMPL-04,75,0.6475563463927504,9.099694595430671,20.498421834956012,30.024375801225727,0.5976958117073614,implantation,dt,TSFGA(majority)
P01,IMPL-05,75,0.6982159939877098,6.642126003178492,11.753739248370952,27.680742699170978,0.7366031418445296,implantation,dt,TSFGA(majority)
P02,IMPL-01,75,0.656373706480599,6.922012827269967,11.739197107455999,34.39459236836095,0.600496513641569,implantation,dt,TSFGA(majority)
P02,IMPL-02,75,0.6935298884038719,9.79698675144227,19.378340645303386,33.18256899507397,0.6752752173883048,implantation,dt,TSFGA(majority)
P02,IMPL-03,75,0.713263981762274,6.314251622334447,10.905308127415772,30.96797015067802,0.7652637649814209,implantation,dt,TSFGA(majority)
P02,IMPL-04,75,0.5771153790137007,14.632514561578452,26.035639462163505,46.75577130353437,0.48130686320828153,implantation,dt,TSFGA(majority)
P02,IMPL-05,75,0.7108256781767646,7.308386360252302,13.239171974625533,27.342864720187492,0.6931976515984575,implantation,dt,TSFGA(majority)
P03,IMPL-01,75,0.5811757418042902,9.350384840811461,20.148456728793672,45.244214348648356,0.44370533636122633,implantation,dt,TSFGA(majority)
P03,IMPL-02,75,0.6794899285528593,7.115889235918541,11.167955743163382,31.380909478729563,0.7539238711564948,implantation,dt,TSFGA(majority)
P03,IMPL-03,75,0.6026182960164164,14.86782485223767,26.587713490675988,33.601834182670245,0.5466691758985376,implantation,dt,TSFGA(majority)
P03,IMPL-04,75,0.6314216633939672,12.325592486366633,21.755950588278306,30.06888847624572,0.43617688187575543,implantation,dt,TSFGA(majority)
P03,IMPL-05,75,0.7308141129941095,8.60659168193979,17.031955092530144,27.620582584485266,0.7801351070183781,implantation,dt,TSFGA(majority)
P01,ETCH-01,75,0.7385805795901563,2.144989493032077,3.194310769553294,27.26216346755093,0.7317007668134998,etching,rf,ALL
P01,ETCH-02,75,0.7132677391295945,3.7357569549581413,5.814993637157381,31.17256618033836,0.7310821039730906,etching,rf,ALL
P01,ETCH-03,75,0.7467303969752568,2.934209810781167,4.5951286316132975,26.697575859459178,0.7996406693764627,etching,rf,ALL
P01,ETCH-04,75,0.7904615050165577,2.0760934062723773,2.8864123678574116,23.576368049774207,0.8720809974927456,etching,rf,ALL
P01,ETCH-05,75,0.7466660135719791,2.936468659441515,5.729712219333424,23.95031134717344,0.6982490023733527,etching,rf,ALL
P02,ETCH-01,75,0.7774040249678312,2.201998556065156,3.6235925021739877,23.035853894393597,0.6981930879147156,etching,rf,ALL
P02,ETCH-02,75,0.7984975367530864,2.6420139739695903,4.509581231820654,21.49593219124578,0.8318334456106011,etching,rf,ALL
P02,ETCH-03,75,0.6911721634322217,4.066843109240466,6.330996428706344,36.64085541620241,0.697115816493364,etching,rf,ALL
P02,ETCH-04,75,0.7444824153236471,2.361216144658658,3.925164205701694,28.83525038807926,0.7864016637404004,etching,rf,ALL
P02,ETCH-05,75,0.7581111638489172,3.7497368386264696,5.654396546969453,24.7170800622174,0.7434815695992176,etching,rf,ALL
P03,ETCH-01,75,0.7716133992188511,1.976544488436,3.237100347482919,25.871493459122792,0.7486921933704079,etching,rf,ALL
P03,ETCH-02,75,0.7519273460094443,3.5822494773481925,6.520108823756476,25.261369004890373,0.7804985248437437,etching,rf,ALL
P03,ETCH-03,75,0.7901250769859616,2.4183308599898345,4.2341067954247675,21.440556377333973,0.7877189046421011,etching,rf,ALL
P03,ETCH-04,75,0.6932981600013024,3.3778596109961607,5.839406706923454,34.51806344655585,0.6833889809782276,etching,rf,ALL
P03,ETCH-05,75,0.7288226359738028,2.878500001666258,5.480289254602746,24.29650467922529,0.6262265252750008,etching,rf,ALL
P01,ETCH-01,75,0.7518952950358817,2.0357400551402116,3.187988886421014,25.895494777738104,0.7327617017577454,etching,rf,TSFGA(seed0)
P01,ETCH-02,75,0.7048192081444314,3.845830576570141,5.5608828125548655,34.86940724984873,0.7540715893268786,etching,rf,TSFGA(seed0)
P01,ETCH-03,75,0.7754358388349335,2.6016480342333383,4.067663576095602,24.165037117855555,0.8429983274427914,etching,rf,TSFGA(seed0)
P01,ETCH-04,75,0.8174591608348415,1.8086024364933913,2.562315172589242,20.914992476551454,0.8991946905468995,etching,rf,TSFGA(seed0)
P01,ETCH-05,75,0.7587134463587796,2.796823326795951,5.388374069426998,22.402274077658753,0.7331307283385274,etching,rf,TSFGA(seed0)
P02,ETCH-01,75,0.7768735630024769,2.20724607449665,3.446628524758406,24.02722388749571,0.7269517275504676,etching,rf,TSFGA(seed0)
P02,ETCH-02,75,0.7933481497336745,2.709530530558743,4.728504507872265,20.974337466899318,0.8151094084326262,etching,rf,TSFGA(seed0)
P02,ETCH-03,75,0.722485420093357,3.654490053584914,5.1791735604277935,33.48616869374099,0.7973001682718966,etching,rf,TSFGA(seed0)
P02,ETCH-04,75,0.766337984818522,2.1592506963417706,3.5360122578187343,25.695035159063522,0.8266556344493808,etching,rf,TSFGA(seed0)
P02,ETCH-05,75,0.7900140717221312,3.2551811128848387,4.948645133437847,21.994884757943556,0.8035198540238621,etching,rf,TSFGA(seed0)
P03,ETCH-01,75,0.7574422924391049,2.0991866351501396,3.5124782602131264,25.04572735835651,0.7041163654299698,etching,rf,TSFGA(seed0)
P03,ETCH-02,75,0.7550670181398205,3.5369115948078904,6.375769846974557,26.652569423466797,0.7901093862655479,etching,rf,TSFGA(seed0)
P03,ETCH-03,75,0.7462302063438928,2.924119349364889,5.413964535185042,22.457948262183724,0.6529288480660309,etching,rf,TSFGA(seed0)
P03,ETCH-04,75,0.6721848067576286,3.6103914509577444,5.894287910162246,36.99282308479072,0.6774097272589223,etching,rf,TSFGA(seed0)
P03,ETCH-05,75,0.7316372622418523,2.8486232391039987,5.246267770304681,24.012638974601813,0.6574669975245195,etching,rf,TSFGA(seed0)
P01,ETCH-01,75,0.7222450979134024,2.279024816441951,3.777408074420809,28.526670644822104,0.6248085709827278,etching,rf,TSFGA(majority)
P01,ETCH-02,75,0.7107022783880802,3.7691816480104374,5.762143267073258,33.99062770206768,0.7359480850854652,etching,rf,TSFGA(majority)
P01,ETCH-03,75,0.771020837655721,2.65279724290245,4.145701617492961,24.25535002145221,0.8369163932010141,etching,rf,TSFGA(majority)
P01,ETCH-04,75,0.8086905110678831,1.8954816324355621,2.7644548546992267,19.361644025610047,0.8826623692699147,etching,rf,TSFGA(majority)
P01,ETCH-05,75,0.7783816232610374,2.568843710337181,4.936088461639559,20.26531603479934,0.7760510843934058,etching,rf,TSFGA(majority)
P02,ETCH-01,75,0.7431725465592374,2.5406285156446393,3.8479628514259168,26.023078553609107,0.6596606081099712,etching,rf,TSFGA(majority)
P02,ETCH-02,75,0.7983380684851635,2.644104853582019,4.360666480468693,20.969919510270138,0.842756413729393,etching,rf,TSFGA(majority)
P02,ETCH-03,75,0.7159312087797414,3.740800113628462,5.429888512866161,31.913533560490542,0.777200463228931,etching,rf,TSFGA(majority)
P02,ETCH-04,75,0.758158592689846,2.234835759390119,3.6998030364224017,25.229833413841433,0.8102248186964447,etching,rf,TSFGA(majority)
P02,ETCH-05,75,0.7793810283573159,3.4200135005476464,5.1614307429492685,21.719118863715785,0.7862597774812479,etching,rf,TSFGA(majority)
P03,ETCH-01,75,0.7284068577377167,2.3504703279415833,3.7825703638198727,26.767942541685574,0.656862892448961,etching,rf,TSFGA(majority)
P03,ETCH-02,75,0.736788863527587,3.8008540679232694,6.8368787562521955,27.40502183707957,0.7586521073620357,etching,rf,TSFGA(majority)
P03,ETCH-03,75,0.8023956392075129,2.276940555404383,3.5997351370013027,19.65686811699038,0.846563459296026,etching,rf,TSFGA(majority)
P03,ETCH-04,75,0.7253374116362068,3.024995428425408,5.117756496290051,30.21778561054378,0.7568088237211819,etching,rf,TSFGA(majority)
P03,ETCH-05,75,0.7480070312768605,2.6748610212885184,4.9267720029620445,23.069856894587794,0.6979168895165513,etching,rf,TSFGA(majority)
P01,ETCH-01,75,0.7851333555302744,1.763016282677313,2.8542623891828938,20.392267066150147,0.7857835145852974,etching,lgbm,ALL
P01,ETCH-02,75,0.6937424312749476,3.9901469018524094,6.512118966008844,29.520213978360886,0.6627391978049775,etching,lgbm,ALL
P01,ETCH-03,75,0.755734113129175,2.829898863250148,4.9907417007535235,23.42794897220443,0.7636560920349539,etching,lgbm,ALL
P01,ETCH-04,75,0.8168493184700768,1.8146447138918886,2.7484025162875794,22.366312224292727,0.8840210999255871,etching,lgbm,ALL
P01,ETCH-05,75,0.7631858618699465,2.744982244729872,5.778602462377338,21.204439456706638,0.6930774965238551,etching,lgbm,ALL
P02,ETCH-01,75,0.7958264778876812,2.01975709944032,3.020229100436001,21.613600107280124,0.7903329171914775,etching,lgbm,ALL
P02,ETCH-02,75,0.8025290275367982,2.5891547939135906,4.465777444821982,19.598636291579645,0.8350845481605218,etching,lgbm,ALL
P02,ETCH-03,75,0.709167358118991,3.8298708391087635,5.726838172549734,32.97008410507335,0.7521652044987127,etching,lgbm,ALL
P02,ETCH-04,75,0.7451808282170275,2.3547621708486903,3.899380908442397,31.64015205586981,0.7891985819125085,etching,lgbm,ALL
P02,ETCH-05,75,0.7351675042914884,4.105407182179073,6.487460483859459,25.06586482375619,0.6623276504754625,etching,lgbm,ALL
P03,ETCH-01,75,0.7944879331631336,1.7785795735133487,2.979146587403577,20.93272720145886,0.7871481638582973,etching,lgbm,ALL
P03,ETCH-02,75,0.7316384106100939,3.8752282763456884,7.017264595710264,26.404850604879886,0.7457485376221856,etching,lgbm,ALL
P03,ETCH-03,75,0.820084820251097,2.073113000443064,4.160065425670518,17.37862089498872,0.7950782642352129,etching,lgbm,ALL
P03,ETCH-04,75,0.7432142569341087,2.8281088570762893,5.226206663762794,28.509707991446497,0.7463927086515885,etching,lgbm,ALL
P03,ETCH-05,75,0.6801908031542476,3.394718349590754,6.793326863954847,31.66622428139756,0.42566334091052804,etching,lgbm,ALL
P01,ETCH-01,75,0.7077076238089438,2.3983071909510922,3.6571106099713195,29.65159248073832,0.6483251655010356,etching,lgbm,TSFGA(seed0)
P01,ETCH-02,75,0.6951813744843396,3.971399300567651,5.865983825763176,36.227803591459924,0.7263452824500684,etching,lgbm,TSFGA(seed0)
P01,ETCH-03,75,0.7496062324271094,2.9008923321092626,4.833082678265912,27.27410939145136,0.7783525827755604,etching,lgbm,TSFGA(seed0)
P01,ETCH-04,75,0.7738044801096667,2.2411300959748757,3.2622125766424754,25.998582268244892,0.8366034712175952,etching,lgbm,TSFGA(seed0)
P01,ETCH-05,75,0.7537867223480911,2.853930432143679,5.826972070263876,23.347884720010057,0.6879178219970854,etching,lgbm,TSFGA(seed0)
P02,ETCH-01,75,0.7665484218322038,2.3093860433115596,3.1208508590053383,26.027708611064167,0.7761296867762979,etching,lgbm,TSFGA(seed0)
P02,ETCH-02,75,0.7843534633143975,2.827465005543721,4.502581468725496,23.45916649535621,0.8323550960319729,etching,lgbm,TSFGA(seed0)
P02,ETCH-03,75,0.6693965261757099,4.353598672826227,6.030061836714607,40.45079965295326,0.7252257762478318,etching,lgbm,TSFGA(seed0)
P02,ETCH-04,75,0.731072308316197,2.485137796499953,4.112006376019418,36.43599063041658,0.7655826431221127,etching,lgbm,TSFGA(seed0)
P02,ETCH-05,75,0.7281862870486917,4.213629322110402,6.2426108958755995,28.810994815817143,0.6873354952521629,etching,lgbm,TSFGA(seed0)
P03,ETCH-01,75,0.735339741175517,2.2904705184033496,4.027419474444235,26.05512002937277,0.6110019838636849,etching,lgbm,TSFGA(seed0)
P03,ETCH-02,75,0.6992841754302,4.342433912270346,7.428988360712297,31.666140152794682,0.7150378949285099,etching,lgbm,TSFGA(seed0)
P03,ETCH-03,75,0.7553185936423541,2.8193963688593136,4.910267746759649,24.401616754033437,0.7145052988600824,etching,lgbm,TSFGA(seed0)
P03,ETCH-04,75,0.6955857004585846,3.352665792402813,5.48936948006865,35.2225169582419,0.7202091525855854,etching,lgbm,TSFGA(seed0)
P03,ETCH-05,75,0.68057288302316,3.390662639014576,7.182172148901043,29.43340652301152,0.35803236164413044,etching,lgbm,TSFGA(seed0)
P01,ETCH-01,75,0.7101830495635018,2.3779959140536704,3.8755231127900287,29.647144723766615,0.6050648735761138,etching,lgbm,TSFGA(majority)
P01,ETCH-02,75,0.7006286487256473,3.900428240071158,5.97620048267371,32.954520754575974,0.7159652128163176,etching,lgbm,TSFGA(majority)
P01,ETCH-03,75,0.7586181540703885,2.796486321344848,4.285051625016415,24.34177597459315,0.8257686334479974,etching,lgbm,TSFGA(majority)
P01,ETCH-04,75,0.8094309987589723,1.8881449298739752,2.5006275630612294,22.379032162815477,0.9039900290243675,etching,lgbm,TSFGA(majority)
P01,ETCH-05,75,0.7595719237356789,2.7868724633226023,5.3448024771207026,21.60078793067082,0.7374292072427138,etching,lgbm,TSFGA(majority)
P02,ETCH-01,75,0.7504666548889491,2.4684726017405954,3.6075430933597956,26.357691205635497,0.7008606591281905,etching,lgbm,TSFGA(majority)
P02,ETCH-02,75,0.7968462889219501,2.6636644281330386,4.535989293160546,21.811964052255494,0.8298581155117267,etching,lgbm,TSFGA(majority)
P02,ETCH-03,75,0.73489528928926,3.4910689333036884,5.225945492576418,31.11624273038578,0.7936225654598472,etching,lgbm,TSFGA(majority)
P02,ETCH-04,75,0.7370715449750853,2.429699363671396,4.018951884641353,32.14427807898267,0.7760722998783451,etching,lgbm,TSFGA(majority)
P02,ETCH-05,75,0.7517656915861674,3.8481037226907424,5.924139988434173,25.41636714619162,0.7184233267936692,etching,lgbm,TSFGA(majority)
P03,ETCH-01,75,0.7012730127889202,2.5852969399240116,4.200374682217996,28.04136499036094,0.5768739934352605,etching,lgbm,TSFGA(majority)
P03,ETCH-02,75,0.6995974731780064,4.337909791311104,7.30549063824381,30.622146812773572,0.7244334293304211,etching,lgbm,TSFGA(majority)
P03,ETCH-03,75,0.8005934590517076,2.2977065803465515,3.529158497614083,20.770908483752315,0.8525210520691285,etching,lgbm,TSFGA(majority)
P03,ETCH-04,75,0.7335469499531173,2.934579707718498,5.188563006490635,29.38531571968735,0.7500329489848132,etching,lgbm,TSFGA(majority)
P03,ETCH-05,75,0.6817200851565124,3.378485290235394,7.1102755756601725,30.61698117489818,0.37082076478963066,etching,lgbm,TSFGA(majority)
P01,ETCH-01,75,0.7395147779426725,2.1373242413556195,3.5259500078538135,26.827074740166147,0.6730981330193193,etching,mlp,ALL
P01,ETCH-02,75,0.7220590121000192,3.6212178408643734,5.288673086555731,30.685408709774997,0.7775590906278859,etching,mlp,ALL
P01,ETCH-03,75,0.7274784592826764,3.157249700998858,4.580688107494286,33.232750692290885,0.8008979780550579,etching,mlp,ALL
P01,ETCH-04,75,0.6184024615727055,3.780842911185737,5.4199383283690805,41.96181834017363,0.5489683687178374,etching,mlp,ALL
P01,ETCH-05,75,0.6522239980641189,4.031173805733116,7.315136831873277,35.527867650812944,0.5081552912303023,etching,mlp,ALL
P02,ETCH-01,75,0.6143414496980619,3.8150715473463643,5.104444374572295,41.053643260448865,0.4011094943770199,etching,mlp,ALL
P02,ETCH-02,75,0.6964391921043493,3.9801592669716017,5.604747044982429,35.36447196226597,0.7402358400915348,etching,mlp,ALL
P02,ETCH-03,75,0.7162601882274099,3.7364679011740995,5.8633189046334895,34.01293832203699,0.7402117585141005,etching,mlp,ALL
P02,ETCH-04,75,0.7449232050232257,2.357142844747176,3.0556800589215194,31.59674511586826,0.8705512186984018,etching,mlp,ALL
P02,ETCH-05,75,0.6916590197168622,4.7798714112780445,6.393831175553245,36.42329640330802,0.6720041276683881,etching,mlp,ALL
P03,ETCH-01,75,0.6632536591519742,2.914330883368943,4.133762434287279,37.22125182215161,0.5901879883319056,etching,mlp,ALL
P03,ETCH-02,75,0.7266646921651906,3.9470503817374833,6.67752192928456,31.066984775289807,0.7697718623799358,etching,mlp,ALL
P03,ETCH-03,75,0.6884692621969773,3.5896827798433915,5.236552869184414,34.3426342337497,0.6753026909873427,etching,mlp,ALL
P03,ETCH-04,75,0.5977218211211912,4.4304892752700376,6.399078658873274,46.42388067169803,0.6197900534084639,etching,mlp,ALL
P03,ETCH-05,75,0.7058750074715978,3.122085040259128,5.565488487373901,29.925338287062242,0.6145144595990851,etching,mlp,ALL
P01,ETCH-01,75,0.6901321153131558,2.5425171390837056,3.557037616472788,36.02912801715924,0.6673082618714921,etching,mlp,TSFGA(seed0)
P01,ETCH-02,75,0.7340122901618091,3.4654818189799617,4.939857415721828,34.36395168072799,0.8059337364558071,etching,mlp,TSFGA(seed0)
P01,ETCH-03,75,0.6918841918213824,3.5696207378117295,5.289062285347349,35.64452097743487,0.7345568095211435,etching,mlp,TSFGA(seed0)
P01,ETCH-04,75,0.8125067371880683,1.8576707190490405,2.5433077897849525,22.81515791110627,0.9006847011954159,etching,mlp,TSFGA(seed0)
P01,ETCH-05,75,0.6107752091849713,4.511618894177682,7.709662648427703,41.05081261827125,0.4536715141480234,etching,mlp,TSFGA(seed0)
P02,ETCH-01,75,0.7082769878461828,2.885827793790295,3.6752336004946597,34.72069381080476,0.6895294765133906,etching,mlp,TSFGA(seed0)
P02,ETCH-02,75,0.7190643235339724,3.6835082363253133,5.381457854324255,33.35098006111111,0.760521194109216,etching,mlp,TSFGA(seed0)
P02,ETCH-03,75,0.7127535098973072,3.782646091461589,5.206686937766793,36.19548970141719,0.7951408391222774,etching,mlp,TSFGA(seed0)
P02,ETCH-04,75,0.7582020806131193,2.234433891210828,3.3873510785265695,28.327281918497494,0.8409247450283232,etching,mlp,TSFGA(seed0)
P02,ETCH-05,75,0.709648973924888,4.500992918610015,6.443946386108151,32.8864455107095,0.6668422767844124,etching,mlp,TSFGA(seed0)
P03,ETCH-01,75,0.6754390756330415,2.808873655569357,4.34555623985113,34.55964613920217,0.5471186830699994,etching,mlp,TSFGA(seed0)
P03,ETCH-02,75,0.5999289900982507,5.777154970806521,9.395904620020591,43.29692744501758,0.5441678493184652,etching,mlp,TSFGA(seed0)
P03,ETCH-03,75,0.7298752074955366,3.112573490822431,5.113889828055402,26.514238102474447,0.6903361998244779,etching,mlp,TSFGA(seed0)
P03,ETCH-04,75,0.6719807786983243,3.6126385132545895,5.795606310379289,39.60753785443035,0.6881208584759192,etching,mlp,TSFGA(seed0)
P03,ETCH-05,75,0.6695763109346125,3.5073893167329615,5.99391373276559,33.77351744179126,0.5528816530240812,etching,mlp,TSFGA(seed0)
P01,ETCH-01,75,0.7312808940252569,2.204884617941312,3.509222697788903,29.75562557304947,0.6761924583364676,etching,mlp,TSFGA(majority)
P01,ETCH-02,75,0.7329203076660983,3.479708963113171,5.00201886838084,36.73651025511729,0.8010188812644279,etching,mlp,TSFGA(majority)
P01,ETCH-03,75,0.7288670073768216,3.1411629247259687,4.799975724999919,29.573906267124322,0.7813787828315204,etching,mlp,TSFGA(majority)
P01,ETCH-04,75,0.7511001352930837,2.4660832272416013,3.955283982488512,26.6891045412454,0.759799641220558,etching,mlp,TSFGA(majority)
P01,ETCH-05,75,0.803916685655627,2.272859300602639,3.53726575189262,21.10304859267992,0.8849945361880502,etching,mlp,TSFGA(majority)
P02,ETCH-01,75,0.7435711649918755,2.5366852403317623,4.394549188073939,21.883257593587953,0.556106140903539,etching,mlp,TSFGA(majority)
P02,ETCH-02,75,0.7865302337293555,2.7989241243963,4.501598319297797,21.687318487478997,0.8324282993701547,etching,mlp,TSFGA(majority)
P02,ETCH-03,75,0.7565890550291812,3.205391506380702,4.987657490555185,27.357708764390132,0.8120139153258839,etching,mlp,TSFGA(majority)
P02,ETCH-04,75,0.6815238094956774,2.9430112360395473,5.03471639524346,35.50913706703081,0.6485753429146194,etching,mlp,TSFGA(majority)
P02,ETCH-05,75,0.7863011241718065,3.3127388589589257,5.101549513721585,20.65531502520401,0.7911904964357804,etching,mlp,TSFGA(majority)
P03,ETCH-01,75,0.71731257170222,2.446484497956777,3.7976098714718067,32.84371393310522,0.654128840224333,etching,mlp,TSFGA(majority)
P03,ETCH-02,75,0.638098111849988,5.225980489272552,9.526981265540627,31.723110955357715,0.5313610547432405,etching,mlp,TSFGA(majority)
P03,ETCH-03,75,0.7756993443415693,2.5845545990192136,4.1121825741330165,21.46906216631041,0.7997684630855106,etching,mlp,TSFGA(majority)
P03,ETCH-04,75,0.7153095786152281,3.1354369313114714,5.673209711465835,31.52888121280405,0.7011548223501199,etching,mlp,TSFGA(majority)
P03,ETCH-05,75,0.7501167578982098,2.6524666444389733,4.981334879733174,24.60325389476508,0.6911888356844388,etching,mlp,TSFGA(majority)
P01,ETCH-01,75,0.7139568696334548,2.3470310974920237,3.728045452930044,31.01786174588213,0.6345503944607502,etching,svr,ALL
P01,ETCH-02,75,0.6497877536718336,4.562820489610961,7.575824197613531,32.67427819056217,0.5435628415201592,etching,svr,ALL
P01,ETCH-03,75,0.6886379603698222,3.607229373271642,5.841496680076688,31.63027546808035,0.6762106989597787,etching,svr,ALL
P01,ETCH-04,75,0.7242712501289235,2.731902028657318,5.09502434210647,25.035438384277914,0.6014242819526197,etching,svr,ALL
P01,ETCH-05,75,0.710801379642044,3.352186167394283,7.109049986545568,23.08273068773519,0.5354780599094382,etching,svr,ALL
P02,ETCH-01,75,0.7135186470715404,2.833975436424198,4.71023029428145,28.17880658664097,0.4900415882441782,etching,svr,ALL
P02,ETCH-02,75,0.6854967443105875,4.12363195467332,6.728155759148557,32.30826592683824,0.6256660033187025,etching,svr,ALL
P02,ETCH-03,75,0.6737388241512283,4.296416506878145,6.890225694750599,32.71950736867388,0.6412438508010203,etching,svr,ALL
P02,ETCH-04,75,0.7020935498741847,2.7529280246054357,4.9439978520603045,29.231885483354365,0.6611256068638149,etching,svr,ALL
P02,ETCH-05,75,0.65751495140726,5.309169384670771,8.07042962142688,35.22127518144102,0.4774361559417025,etching,svr,ALL
P03,ETCH-01,75,0.7418212479134336,2.234377094464413,3.736228838284235,27.394062906147532,0.6652191625254359,etching,svr,ALL
P03,ETCH-02,75,0.6102586456206776,5.62799139916267,10.22400141223116,31.722376585811578,0.46027870204246,etching,svr,ALL
P03,ETCH-03,75,0.773276076029338,2.612477251508346,4.581150520423216,22.112458320471188,0.7514940297593211,etching,svr,ALL
P03,ETCH-04,75,0.6637785756569425,3.7029734469308617,6.7114217615381495,34.72799503767355,0.5817676324533991,etching,svr,ALL
P03,ETCH-05,75,0.6864038849158509,3.32876757997047,7.584468077548916,26.55059517084592,0.2841009759710721,etching,svr,ALL
P01,ETCH-01,75,0.6953404200533838,2.499782139033657,3.931399522140916,34.7087173681994,0.5935946081964355,etching,svr,TSFGA(seed0)
P01,ETCH-02,75,0.6274751251593471,4.853525682308453,7.009794356752189,43.228515201983214,0.6092205008566646,etching,svr,TSFGA(seed0)
P01,ETCH-03,75,0.7457904413686489,2.945099498804005,4.9287120629256576,26.37725053786556,0.7694945912850901,etching,svr,TSFGA(seed0)
P01,ETCH-04,75,0.7578654173833712,2.3990532643685354,3.302203443314024,28.850805487936153,0.8325728199598994,etching,svr,TSFGA(seed0)
P01,ETCH-05,75,0.679251840349687,3.7178861457434094,7.4325666751308646,29.246998123334055,0.4922373838148085,etching,svr,TSFGA(seed0)
P02,ETCH-01,75,0.7333968130691395,2.637333548278597,4.38444824022438,26.784582205880703,0.5581443912644004,etching,svr,TSFGA(seed0)
P02,ETCH-02,75,0.738946530362274,3.4228212579762736,5.869693454249318,25.8248038127477,0.7150963332755809,etching,svr,TSFGA(seed0)
P02,ETCH-03,75,0.716697586822425,3.730707955821058,5.602681441803594,29.92346136020859,0.7627947384188969,etching,svr,TSFGA(seed0)
P02,ETCH-04,75,0.742742845450423,2.377291361065471,3.759222781021273,26.657788342536108,0.8040801977476841,etching,svr,TSFGA(seed0)
P02,ETCH-05,75,0.7066597238200334,4.547331978388037,7.370973632371199,25.875027391157452,0.5640910721309655,etching,svr,TSFGA(seed0)
P03,ETCH-01,75,0.7065807007066224,2.5393621904063486,3.7891090956207547,33.29628039022264,0.6556755406914341,etching,svr,TSFGA(seed0)
P03,ETCH-02,75,0.6733431002651946,4.717031440280139,8.388643112673192,30.632117851757247,0.6366616909012841,etching,svr,TSFGA(seed0)
P03,ETCH-03,75,0.7301499557739228,3.1094076421788266,5.545011897528163,26.33671128059914,0.6359234821562779,etching,svr,TSFGA(seed0)
P03,ETCH-04,75,0.679018402331519,3.535129670699026,6.269768396472857,33.87453643306917,0.6350010848146972,etching,svr,TSFGA(seed0)
P03,ETCH-05,75,0.6517478701584432,3.6966350784070534,8.091930267500326,28.173926449025423,0.1850972601863301,etching,svr,TSFGA(seed0)
P01,ETCH-01,75,0.7431467057763865,2.107523674012331,3.3643605912296506,26.187617976697087,0.7023744750575525,etching,svr,TSFGA(majority)
P01,ETCH-02,75,0.7400355417371536,3.387006505822835,5.052288263168213,27.54153191880977,0.7969993350966365,etching,svr,TSFGA(majority)
P01,ETCH-03,75,0.7878443086288134,2.4578919207038865,3.926016212360186,21.176690324707767,0.8537424132761402,etching,svr,TSFGA(majority)
P01,ETCH-04,75,0.8392595126194119,1.5926060077801787,2.3378808641055997,17.984625507831563,0.9160804660929777,etching,svr,TSFGA(majority)
P01,ETCH-05,75,0.7544770809880628,2.845928282338849,6.061036410257532,20.711253453411338,0.6623421263602323,etching,svr,TSFGA(majority)
P02,ETCH-01,75,0.7912657210369631,2.064873728338907,3.1974627293439135,20.863563924027694,0.765003464829604,etching,svr,TSFGA(majority)
P02,ETCH-02,75,0.7951575075768091,2.6858070056526713,4.586030512108557,20.789974234157444,0.8260833838136903,etching,svr,TSFGA(majority)
P02,ETCH-03,75,0.7691617403899571,3.039826318370528,4.644909035678427,26.470335466352076,0.8369627336724901,etching,svr,TSFGA(majority)
P02,ETCH-04,75,0.7811540019571551,2.0223371492307507,3.2501667716023963,21.37665789026098,0.85354861002912,etching,svr,TSFGA(majority)
P02,ETCH-05,75,0.7833973828148137,3.357752370576131,5.341404630828848,18.866112166689348,0.7710940898885759,etching,svr,TSFGA(majority)
P03,ETCH-01,75,0.7778646880328843,1.922443457951996,3.120528303986164,22.275429251360436,0.7664661134017244,etching,svr,TSFGA(majority)
P03,ETCH-02,75,0.7524156565257514,3.575198115323054,6.760426658866728,22.306895507921766,0.7640195821281572,etching,svr,TSFGA(majority)
P03,ETCH-03,75,0.8100539495786381,2.1886959569554616,3.5918135390321018,20.033553569424782,0.8472380229325331,etching,svr,TSFGA(majority)
P03,ETCH-04,75,0.7657442212387003,2.5799751762937135,5.503290552566564,22.05962252684114,0.7187882507708767,etching,svr,TSFGA(majority)
P03,ETCH-05,75,0.7249275319073885,2.9198458459328944,7.232629144119543,20.805390492820276,0.34898063231290655,etching,svr,TSFGA(majority)
P01,ETCH-01,75,0.6278267300061489,3.05374310933994,4.746867886701238,38.13533755104685,0.4075122308675009,etching,dt,ALL
P01,ETCH-02,75,0.6564350982051536,4.476214038362782,7.352130938841364,33.64168250347304,0.570119561519225,etching,dt,ALL
P01,ETCH-03,75,0.7338119171832521,3.0838745541746917,4.634796553623755,28.475727705537672,0.7961664930439876,etching,dt,ALL
P01,ETCH-04,75,0.7540414407474385,2.4369409693471678,4.035990658878904,23.945358142560742,0.7498971644994381,etching,dt,ALL
P01,ETCH-05,75,0.7021099413283638,3.45293118220043,6.204057493766668,29.367523778614927,0.6462188225730002,etching,dt,ALL
P02,ETCH-01,75,0.6433842761459381,3.527769578417986,6.279224535562897,33.18304548704252,0.09371977606528337,etching,dt,ALL
P02,ETCH-02,75,0.6668225362127824,4.3684801711775565,8.016207637901916,26.09303771174557,0.46862011197991016,etching,dt,ALL
P02,ETCH-03,75,0.658218127794004,4.500802995261093,7.583627963207061,38.60903623509853,0.5654032275164899,etching,dt,ALL
P02,ETCH-04,75,0.6664205064323394,3.08257956780817,5.386940097937989,36.45968418130612,0.5976847467379864,etching,dt,ALL
P02,ETCH-05,75,0.7585261599130033,3.7433036106439386,5.5499445671477625,25.79799385664635,0.7528712118803549,etching,dt,ALL
P03,ETCH-01,75,0.693889128186209,2.649199885039087,4.585390845203307,29.013713384871455,0.4957494575393747,etching,dt,ALL
P03,ETCH-02,75,0.709118361476059,4.200425080356677,8.070250920468766,31.311495809313612,0.6637193868860125,etching,dt,ALL
P03,ETCH-03,75,0.7237114880048998,3.18359633072375,6.2442319227355165,23.327496877649054,0.5383150107578311,etching,dt,ALL
P03,ETCH-04,75,0.6661771995815493,3.676556210969928,6.269524957594422,35.9493450999396,0.6350294281906946,etching,dt,ALL
P03,ETCH-05,75,0.6399173756514873,3.8222136958564623,6.82589273220881,34.95953499834212,0.42014362915676595,etching,dt,ALL
P01,ETCH-01,75,0.6805675915777931,2.620995635004341,4.551229365273798,29.56748770888442,0.4553436819292207,etching,dt,TSFGA(seed0)
P01,ETCH-02,75,0.713639035459017,3.730919435661289,6.114577521114894,31.121316851881648,0.7026594586325576,etching,dt,TSFGA(seed0)
P01,ETCH-03,75,0.7262368616446906,3.171634008973095,4.721731697060135,29.002538593900585,0.7884481454310072,etching,dt,TSFGA(seed0)
P01,ETCH-04,75,0.7822003018725263,2.1579448549837728,3.6933984219442717,23.236949087949966,0.7905546951150747,etching,dt,TSFGA(seed0)
P01,ETCH-05,75,0.7089047057170392,3.37417107205112,7.205546273224981,24.17593515370216,0.5227818878301351,etching,dt,TSFGA(seed0)
P02,ETCH-01,75,0.7050021946973973,2.918223212368711,4.395333424254475,30.013019796182387,0.5559476952147275,etching,dt,TSFGA(seed0)
P02,ETCH-02,75,0.7117089228744234,3.779949098702568,7.200540431130409,24.61096752162967,0.5712566630396412,etching,dt,TSFGA(seed0)
P02,ETCH-03,75,0.6871455865246257,4.119867657585832,6.210243453520166,34.24471915618065,0.7085596300336409,etching,dt,TSFGA(seed0)
P02,ETCH-04,75,0.6684197526464681,3.064104704546106,5.4077257649893635,33.99508997542712,0.5945740664566082,etching,dt,TSFGA(seed0)
P02,ETCH-05,75,0.7917134880543428,3.2288369288106424,4.910865505415702,22.353564737602255,0.8065083941143217,etching,dt,TSFGA(seed0)
P03,ETCH-01,75,0.7084704065719176,2.523007957276912,4.400172889252939,29.03532557596741,0.5356631650977774,etching,dt,TSFGA(seed0)
P03,ETCH-02,75,0.7106197443282511,4.178744625655007,7.931061532416276,33.164731849789106,0.67521916565657,etching,dt,TSFGA(seed0)
P03,ETCH-03,75,0.7127873451899893,3.3094722157930074,6.161482618856366,25.27578237634748,0.5504705390043778,etching,dt,TSFGA(seed0)
P03,ETCH-04,75,0.6612412563837415,3.7309182036143693,5.928730344658454,38.54439252960358,0.6736286915571019,etching,dt,TSFGA(seed0)
P03,ETCH-05,75,0.6380497590428553,3.8420381175236775,6.794523971494161,32.6967916935491,0.42546090598071273,etching,dt,TSFGA(seed0)
P01,ETCH-01,75,0.7130564555884937,2.354419143348725,4.050677604681936,28.53483090486384,0.5685599498496205,etching,dt,TSFGA(majority)
P01,ETCH-02,75,0.6961388112511315,3.9589251162898935,6.26039752909505,34.42389645316755,0.6883084420355086,etching,dt,TSFGA(majority)
P01,ETCH-03,75,0.7105769569421587,3.353059041686469,5.230329609772579,30.875700432860665,0.7404193336927531,etching,dt,TSFGA(majority)
P01,ETCH-04,75,0.7819896185743376,2.160032291023703,3.743286743354149,20.68245235717949,0.7848583460030047,etching,dt,TSFGA(majority)
P01,ETCH-05,75,0.7173743731362323,3.275996668833335,6.446810022550669,25.40887499902937,0.6179916638225775,etching,dt,TSFGA(majority)
P02,ETCH-01,75,0.7232359055454256,2.7378488594485146,4.210857287559533,28.65117143288611,0.5924400289499132,etching,dt,TSFGA(majority)
P02,ETCH-02,75,0.8027073768969255,2.5868163535088833,4.5324264536974965,20.605024002413312,0.8301252899307222,etching,dt,TSFGA(majority)
P02,ETCH-03,75,0.6950620466738726,4.015618630796838,5.8860389508419075,34.10194785990381,0.7381945267412844,etching,dt,TSFGA(majority)
P02,ETCH-04,75,0.6963934276921263,2.805602366137942,5.136746412565378,29.346711648767,0.6341875697607597,etching,dt,TSFGA(majority)
P02,ETCH-05,75,0.7588156676788294,3.738815689862393,5.723289459645572,24.677973268422488,0.7371926717682342,etching,dt,TSFGA(majority)
P03,ETCH-01,75,0.6758219477016922,2.8055601350980197,4.72552319269977,32.01001491509567,0.4644581025584018,etching,dt,TSFGA(majority)
P03,ETCH-02,75,0.7076530922203752,4.221584043027133,8.10526649677695,32.62558663674743,0.6607949165886531,etching,dt,TSFGA(majority)
P03,ETCH-03,75,0.794072084360599,2.3728505824911523,4.416516110171905,18.978761011674607,0.7690343781288415,etching,dt,TSFGA(majority)
P03,ETCH-04,75,0.6924030497046765,3.38771790502652,5.462232595999401,33.93466564286562,0.7229686259829202,etching,dt,TSFGA(majority)
P03,ETCH-05,75,0.6639159617285526,3.56747292753722,6.618215658941318,29.408413806728962,0.4548910100442807,etching,dt,TSFGA(majority)
P01,META-01,75,0.7212689674393908,8.39523751287538,13.385874464485935,34.02985964711916,0.7925533047576367,metalization,rf,ALL
P01,META-02,75,0.7248912699794001,9.772548524789517,16.3097026942795,28.30842556489413,0.6823217246360566,metalization,rf,ALL
P01,META-03,75,0.6720410892329332,10.868241726298972,21.1206960377357,35.98768238294163,0.6993344277816766,metalization,rf,ALL
P01,META-04,75,0.7195383778242461,7.683440550400868,11.33595522291678,31.403176017603734,0.7790711556293439,metalization,rf,ALL
P01,META-05,75,0.596993827441698,10.166911002555741,18.821449493587338,47.95930002562195,0.6122050772855896,metalization,rf,ALL
P02,META-01,75,0.7059152847894569,7.709277608711093,13.811299835438296,31.27342929364217,0.7198256446359785,metalization,rf,ALL
P02,META-02,75,0.7144809446675741,6.440050188201289,15.981985613266069,36.482137743766685,0.645695869608406,metalization,rf,ALL
P02,META-03,75,0.6969405174462018,10.381607358360943,16.41384502397268,42.63036039903856,0.7876393258794119,metalization,rf,ALL
P02,META-04,75,0.7345313193142172,6.002229399375176,10.20239721848354,29.573009612928086,0.7468091324150864,metalization,rf,ALL
P02,META-05,75,0.6895457376634064,6.599513599480307,12.402203867968288,32.594986393291215,0.6959651643686107,metalization,rf,ALL
P03,META-01,75,0.754627150110815,5.957997200234364,10.476786821662154,25.557769898806644,0.7120329314033182,metalization,rf,ALL
P03,META-02,75,0.6380634596357815,11.810899254570714,22.5709093004707,39.43269018552951,0.6220320719465706,metalization,rf,ALL
P03,META-03,75,0.6824963658679177,6.390192714668194,10.757117967583197,35.72552203615585,0.5592858895347634,metalization,rf,ALL
P03,META-04,75,0.7438247199650508,5.409454763506333,9.651272947346186,26.35089344344837,0.7392140287091308,metalization,rf,ALL
P03,META-05,75,0.7352741095850903,7.711973368053208,11.71191553428788,42.91749005525285,0.8775764972908868,metalization,rf,ALL
P01,META-01,75,0.7610816272298403,7.196100366610737,12.310766192084118,28.497135355721188,0.8245379530834027,metalization,rf,TSFGA(seed0)
P01,META-02,75,0.7710779652727598,8.131881865755364,13.617206567856423,21.77168511300078,0.7785521446712842,metalization,rf,TSFGA(seed0)
P01,META-03,75,0.7039171721953916,9.811899106690701,18.64781485813031,31.497111390382592,0.765618598611093,metalization,rf,TSFGA(seed0)
P01,META-04,75,0.7693790439790178,6.318020952447505,10.498988777409053,23.1894842800768,0.8104904412992154,metalization,rf,TSFGA(seed0)
P01,META-05,75,0.6614381804835658,8.541129447313763,17.29306557523515,34.0946690838055,0.6726291831402613,metalization,rf,TSFGA(seed0)
P02,META-01,75,0.7446313023540168,6.69435737698384,11.550413899445344,27.1791605815354,0.8040458939254629,metalization,rf,TSFGA(seed0)
P02,META-02,75,0.7431767183694278,5.792800138238628,13.737558900315117,32.67329963127001,0.7382215574942637,metalization,rf,TSFGA(seed0)
P02,META-03,75,0.7522835389170727,8.485776500027946,15.080144613330855,31.86632337939453,0.820747818105811,metalization,rf,TSFGA(seed0)
P02,META-04,75,0.7719877204728883,5.15534263424497,9.341979760673171,25.347335168549694,0.7877139655037257,metalization,rf,TSFGA(seed0)
P02,META-05,75,0.7337685477551097,5.6594426389115355,11.144654793986676,24.84311212432204,0.7544958395100819,metalization,rf,TSFGA(seed0)
P03,META-01,75,0.7603447346839506,5.819166221606413,10.86255717470879,21.799060792224108,0.6904357774489429,metalization,rf,TSFGA(seed0)
P03,META-02,75,0.7600227623455851,7.831060589998043,14.492241948313962,23.531639291628327,0.8441782811362126,metalization,rf,TSFGA(seed0)
P03,META-03,75,0.7484759608389835,5.062263576932824,8.534737756291104,31.425709897034327,0.7225750889211809,metalization,rf,TSFGA(seed0)
P03,META-04,75,0.781873356763356,4.606011201171065,8.14476681931694,21.210635574551173,0.8142741564674398,metalization,rf,TSFGA(seed0)
P03,META-05,75,0.7641575177562528,6.870544242078797,11.630955775280341,28.959871312812723,0.8792631762232909,metalization,rf,TSFGA(seed0)
P01,META-01,75,0.7556424293608317,7.359926251265053,12.417242791154926,30.461315164803672,0.8214896626301613,metalization,rf,TSFGA(majority)
P01,META-02,75,0.7631874160288106,8.412173862915765,14.034769403199626,23.00194725808118,0.7647628060653004,metalization,rf,TSFGA(majority)
P01,META-03,75,0.6861258376471475,10.40148675976443,19.282209386974387,33.985821439067635,0.7494001317269927,metalization,rf,TSFGA(majority)
P01,META-04,75,0.7716457568414812,6.25592278233619,10.847092038986522,23.17444729301566,0.7977153968730274,metalization,rf,TSFGA(majority)
P01,META-05,75,0.656924458871314,8.655000174480946,17.836414041481245,33.943403769942485,0.6517340016628121,metalization,rf,TSFGA(majority)
P02,META-01,75,0.7334472500654483,6.987541481506875,11.535113782172484,28.857916383173976,0.8045646866054025,metalization,rf,TSFGA(majority)
P02,META-02,75,0.7442085076165919,5.769527525040719,13.72743295069266,32.96895021737182,0.7386073288536295,metalization,rf,TSFGA(majority)
P02,META-03,75,0.7294585445410566,9.267669637216056,16.147973288841417,32.87333496353925,0.7944632510637188,metalization,rf,TSFGA(majority)
P02,META-04,75,0.7537575126447085,5.5675264334801655,9.636522669582723,28.680666593755298,0.7741166212886924,metalization,rf,TSFGA(majority)
P02,META-05,75,0.7250203241996653,5.845408906183634,11.005953110429177,26.11627483367782,0.7605686957031544,metalization,rf,TSFGA(majority)
P03,META-01,75,0.7545455213882943,5.959979260191105,11.024169050161598,22.374448578533105,0.6811559332069715,metalization,rf,TSFGA(majority)
P03,META-02,75,0.7602587601089963,7.823359389657374,14.528579131377109,24.365955810797495,0.8433959010439187,metalization,rf,TSFGA(majority)
P03,META-03,75,0.7442353723191248,5.147611191739126,8.588143996952903,32.08747340348834,0.7190922454296282,metalization,rf,TSFGA(majority)
P03,META-04,75,0.7773363684470329,4.701815265702031,8.064127780923458,22.322026454902105,0.8179335891934436,metalization,rf,TSFGA(majority)
P03,META-05,75,0.7722713701262455,6.634172146808381,11.189988673096122,28.97409238450249,0.8882446734958608,metalization,rf,TSFGA(majority)
P01,META-01,75,0.7280583236844612,8.190745541840561,12.627349890152601,34.24142967485062,0.8153975528003323,metalization,lgbm,ALL
P01,META-02,75,0.7801612500609036,7.80922092602448,12.43576621825394,22.199821406401668,0.8153112144317445,metalization,lgbm,ALL
P01,META-03,75,0.6958346651340463,10.079745588714207,21.072148755440544,29.608300210188197,0.7007150376716701,metalization,lgbm,ALL
P01,META-04,75,0.6733526120823841,8.948731618032065,14.959179445121514,34.96537648491207,0.6152738371274179,metalization,lgbm,ALL
P01,META-05,75,0.6462942551105919,8.923175559706989,16.32666048307802,40.43773179400729,0.7081963576223924,metalization,lgbm,ALL
P02,META-01,75,0.6874710828874899,8.192782753246,12.750870199902952,33.79800468269808,0.761197470006032,metalization,lgbm,ALL
P02,META-02,75,0.6750829543758824,7.328695026624955,19.049560985554365,45.734206932299124,0.4966330615628626,metalization,lgbm,ALL
P02,META-03,75,0.6451120835849169,12.157042483546714,18.381403142490786,54.479632475422946,0.7336757219581336,metalization,lgbm,ALL
P02,META-04,75,0.7298995394648161,6.106953636945089,9.755111543018435,28.647045037414493,0.7685228856948331,metalization,lgbm,ALL
P02,META-05,75,0.6946968410638604,6.490013486040831,12.366188405253018,29.300828195545442,0.6977284084348025,metalization,lgbm,ALL
P03,META-01,75,0.7935192363599692,5.013642757237173,9.18639336502764,22.24337408977357,0.7786004736134924,metalization,lgbm,ALL
P03,META-02,75,0.6628900502933052,11.000745185032981,22.031861897160663,32.61088499212555,0.6398700505890835,metalization,lgbm,ALL
P03,META-03,75,0.7117590071741526,5.801242236043877,9.768834665501979,33.30357983995714,0.6365450301510585,metalization,lgbm,ALL
P03,META-04,75,0.75316336234971,5.212257892967204,8.78247427321766,32.28935410798846,0.7840521911881919,metalization,lgbm,ALL
P03,META-05,75,0.7278854719673695,7.927218565433609,12.012332638188266,34.56551437702405,0.8712154876853677,metalization,lgbm,ALL
P01,META-01,75,0.7216310526709564,8.384331689110542,14.392423621617937,32.73895703083487,0.7601824886565026,metalization,lgbm,TSFGA(seed0)
P01,META-02,75,0.7525147830460461,8.791292416163875,12.808306918558156,26.4888252374185,0.8040799517776505,metalization,lgbm,TSFGA(seed0)
P01,META-03,75,0.6608454711989007,11.239253700892334,21.1131145108295,36.98181410520993,0.6995502440591147,metalization,lgbm,TSFGA(seed0)
P01,META-04,75,0.6397023840174565,9.870602941596898,16.062690212098957,35.4267807795984,0.5564191953056787,metalization,lgbm,TSFGA(seed0)
P01,META-05,75,0.677402402036143,8.138389164901207,16.456360717063337,32.162879043159705,0.7035417216714441,metalization,lgbm,TSFGA(seed0)
P02,META-01,75,0.7012902379440087,7.8305208023919555,12.875211457748827,30.549419317937172,0.7565173527273321,metalization,lgbm,TSFGA(seed0)
P02,META-02,75,0.6397353984173935,8.125979936866354,17.256228016284762,44.58478667877799,0.5869463293614514,metalization,lgbm,TSFGA(seed0)
P02,META-03,75,0.7218463426618902,9.528433268091904,15.381894542488656,40.34633462050522,0.8135024644814342,metalization,lgbm,TSFGA(seed0)
P02,META-04,75,0.771446699646426,5.167575079525814,9.244770527640025,24.616097521006395,0.7921089218049454,metalization,lgbm,TSFGA(seed0)
P02,META-05,75,0.7050342066231687,6.270265868217861,11.191108863692657,27.796284581298604,0.7524449125798923,metalization,lgbm,TSFGA(seed0)
P03,META-01,75,0.7699402748876978,5.586173037175122,9.391272576446118,24.927151797196366,0.7686148393751131,metalization,lgbm,TSFGA(seed0)
P03,META-02,75,0.7353775445783666,8.635296006136622,17.44094187944323,23.848679352638065,0.7743181109182458,metalization,lgbm,TSFGA(seed0)
P03,META-03,75,0.6536809741039868,6.970141687609968,11.629762971517463,41.277437920116554,0.48488188866572435,metalization,lgbm,TSFGA(seed0)
P03,META-04,75,0.7556712399309464,5.1593009865621084,7.939164260519573,30.57740484807068,0.8235325523701396,metalization,lgbm,TSFGA(seed0)
P03,META-05,75,0.71831869356761,8.205917185056256,12.515959227201533,34.22948245620688,0.860190327862255,metalization,lgbm,TSFGA(seed0)
P01,META-01,75,0.6954122473841784,9.174028823528008,14.665218773348915,43.46246804448313,0.7510052918080597,metalization,lgbm,TSFGA(majority)
P01,META-02,75,0.708859636309014,10.342032153912317,14.875723051331176,33.22620711003891,0.7357277294913432,metalization,lgbm,TSFGA(majority)
P01,META-03,75,0.6313161197421543,12.21782790368538,22.405961613718652,45.30842282095444,0.661627995292966,metalization,lgbm,TSFGA(majority)
P01,META-04,75,0.6588503697133383,9.34603060042275,14.906505352033744,37.34414646476355,0.6179784538034117,metalization,lgbm,TSFGA(majority)
P01,META-05,75,0.6605668864253742,8.563110175525587,17.34030664219292,37.68445859756557,0.6708381217843666,metalization,lgbm,TSFGA(majority)
P02,META-01,75,0.6783030322828689,8.433118423840554,12.523230967153667,38.48588430583961,0.7696479641819063,metalization,lgbm,TSFGA(majority)
P02,META-02,75,0.6410801744522814,8.095647722624172,17.019697216251746,42.9502145976397,0.5981921624149995,metalization,lgbm,TSFGA(majority)
P02,META-03,75,0.6764623351705441,11.083108086888995,18.27249808140982,40.332687342488605,0.7368221782715996,metalization,lgbm,TSFGA(majority)
P02,META-04,75,0.764280183241025,5.329609543811703,8.935088612594134,27.338478581006548,0.8058035403031231,metalization,lgbm,TSFGA(majority)
P02,META-05,75,0.6849274268341403,6.697687819718019,11.9728424205854,30.063592661577136,0.7166520022176031,metalization,lgbm,TSFGA(majority)
P03,META-01,75,0.7146002642975684,6.929906169450504,11.343276749886492,29.12987959521004,0.6624301371893566,metalization,lgbm,TSFGA(majority)
P03,META-02,75,0.705295071074723,9.616962746726797,17.507537356510177,30.992000130749815,0.7725913593640467,metalization,lgbm,TSFGA(majority)
P03,META-03,75,0.6186490968648042,7.675205890502992,12.760467585976642,43.987358669653936,0.3798478262161634,metalization,lgbm,TSFGA(majority)
P03,META-04,75,0.7288178837289137,5.726342488784341,8.568886455227709,33.995478265322966,0.7944280737326136,metalization,lgbm,TSFGA(majority)
P03,META-05,75,0.7271147696631037,7.949670603033251,13.47649651555918,39.77326165628975,0.8379074910353841,metalization,lgbm,TSFGA(majority)
P01,META-01,75,0.5897112005783114,12.357690811727517,16.32023922718729,58.73577876327919,0.6916342991218271,metalization,mlp,ALL
P01,META-02,75,0.6630687452937573,11.968638857401656,17.084885758268683,46.5708137846803,0.6514062585136678,metalization,mlp,ALL
P01,META-03,75,0.6067181511798667,13.032980837586663,23.132991873572262,44.28813510379544,0.6393126925909026,metalization,mlp,ALL
P01,META-04,75,0.5768975186597642,11.591185763261391,19.733783519104453,40.547461059412676,0.33049026443049345,metalization,mlp,ALL
P01,META-05,75,0.45243357987291244,13.81383075618965,23.629041280941443,81.71042255157727,0.38879318575512056,metalization,mlp,ALL
P02,META-01,75,0.6703856790470408,8.640667714450672,12.314293378178808,40.347620268474614,0.777270231202265,metalization,mlp,ALL
P02,META-02,75,0.5920319301752341,9.201959714373984,16.70051440128763,45.488058469767424,0.6131216374371053,metalization,mlp,ALL
P02,META-03,75,0.6538621035977422,11.857301748211606,16.811331283858678,50.94251729807201,0.7772295146751952,metalization,mlp,ALL
P02,META-04,75,0.6329719700581133,8.298479602267923,14.25307732930549,37.8164468204831,0.5058476521488451,metalization,mlp,ALL
P02,META-05,75,0.7089712343558663,6.186574093887189,12.525999476249298,32.53789863950118,0.6898652767808614,metalization,mlp,ALL
P03,META-01,75,0.6360229245139244,8.837874270421112,12.40807547211885,43.299295691990366,0.5960799010828592,metalization,mlp,ALL
P03,META-02,75,0.5600704273216566,14.356007980795566,25.097306183668714,45.181338191156215,0.532683562962674,metalization,mlp,ALL
P03,META-03,75,0.6852770907805756,6.3342268416257115,10.680182953933159,33.122540443546924,0.5655673297765791,metalization,mlp,ALL
P03,META-04,75,0.6202459893857923,8.018971000626616,12.961866077585805,45.741528547225236,0.5296186554937727,metalization,mlp,ALL
P03,META-05,75,0.6016484361338778,11.604745749812988,17.51895224752676,58.9363967153802,0.7260790838219453,metalization,mlp,ALL
P01,META-01,75,0.7226033741459172,8.355045858802463,13.892486514223725,31.389456526002345,0.7765537899573853,metalization,mlp,TSFGA(seed0)
P01,META-02,75,0.7862816364219188,7.59180953126793,11.446124965101339,27.893986375905072,0.8435367332246709,metalization,mlp,TSFGA(seed0)
P01,META-03,75,0.7254901914293876,9.096990073565843,17.325541272555625,30.90774390052733,0.7976790423277738,metalization,mlp,TSFGA(seed0)
P01,META-04,75,0.7254339137719783,7.521928256434438,10.003880052931065,34.630152009974765,0.8279426898634006,metalization,mlp,TSFGA(seed0)
P01,META-05,75,0.5329482843857526,11.782631506851365,18.0585693685436,76.27921012575331,0.6430045598594085,metalization,mlp,TSFGA(seed0)
P02,META-01,75,0.6105299187368958,10.209755289712847,17.665477212578754,41.9818795237088,0.5416365054146128,metalization,mlp,TSFGA(seed0)
P02,META-02,75,0.5542801984252645,10.05347222333158,18.913174823110253,70.8481758050508,0.5038150145299227,metalization,mlp,TSFGA(seed0)
P02,META-03,75,0.5709518885077907,14.697474547979828,22.42402190229032,73.76022510327697,0.6036485457443364,metalization,mlp,TSFGA(seed0)
P02,META-04,75,0.7087618227522885,6.584876020707445,9.478163257527603,35.053605732692105,0.7814796183574633,metalization,mlp,TSFGA(seed0)
P02,META-05,75,0.5264537533178818,10.066458329289064,18.323241134172143,46.70315774007114,0.33636358460861115,metalization,mlp,TSFGA(seed0)
P03,META-01,75,0.6764903426650895,7.855268557709857,12.090502987547088,40.69130086145737,0.6164911868473812,metalization,mlp,TSFGA(seed0)
P03,META-02,75,0.7391311179883192,8.512807468933458,14.231709034094331,29.656233128374073,0.8497304621037,metalization,mlp,TSFGA(seed0)
P03,META-03,75,0.7481277271709376,5.06927225339926,7.881760460900933,29.096409389943663,0.763401734399314,metalization,mlp,TSFGA(seed0)
P03,META-04,75,0.7492225640198734,5.29547267580825,7.9630351142417695,29.59654187202049,0.822469780196657,metalization,mlp,TSFGA(seed0)
P03,META-05,75,0.5306596527051455,13.672785284498586,20.8069893880449,73.54564813431085,0.613608619956199,metalization,mlp,TSFGA(seed0)
P01,META-01,75,0.7076888886462904,8.80426260729808,14.027941296943593,36.907856491730065,0.7721752487880462,metalization,mlp,TSFGA(majority)
P01,META-02,75,0.7576549953022625,8.608699251280191,12.677356976091014,28.63087583519229,0.8080655791303106,metalization,mlp,TSFGA(majority)
P01,META-03,75,0.6866775909307681,10.38320218854896,19.051157197837334,34.73765385675632,0.7553698563659217,metalization,mlp,TSFGA(majority)
P01,META-04,75,0.69616859461197,8.323671961009893,11.307702979609411,39.0150195530499,0.7801710113189737,metalization,mlp,TSFGA(majority)
P01,META-05,75,0.6414855833909067,9.04448719397848,15.909236630781779,41.59162510984388,0.7229267056598923,metalization,mlp,TSFGA(majority)
P02,META-01,75,0.7083934882428385,7.644312796176352,11.89392827450213,34.04484571278875,0.7922170516465525,metalization,mlp,TSFGA(majority)
P02,META-02,75,0.6367568153021353,8.193163630541921,17.734283610533325,40.5235123534276,0.5637433666586632,metalization,mlp,TSFGA(majority)
P02,META-03,75,0.5808547903694586,14.35824068547243,24.765800780222,52.128532031099674,0.5165426265443502,metalization,mlp,TSFGA(majority)
P02,META-04,75,0.6912805802785226,6.980125762569982,11.62778964727804,32.91029053281664,0.6711196594336714,metalization,mlp,TSFGA(majority)
P02,META-05,75,0.6746908971742165,6.915291907977906,13.313765632643104,35.638592532941,0.6496295828992684,metalization,mlp,TSFGA(majority)
P03,META-01,75,0.7466666233999015,6.151289962157427,10.512755123527565,26.93223344445371,0.7100522733382345,metalization,mlp,TSFGA(majority)
P03,META-02,75,0.6339065638778569,11.946549213978491,23.114463963306136,29.914074192507485,0.6036083554541707,metalization,mlp,TSFGA(majority)
P03,META-03,75,0.6897083770145793,6.24504117580949,10.190464166555318,35.55245187960271,0.6044940464009805,metalization,mlp,TSFGA(majority)
P03,META-04,75,0.6832082300271283,6.689446182651046,12.476757562869864,31.417029882475845,0.5641686145236762,metalization,mlp,TSFGA(majority)
P03,META-05,75,0.737072006537907,7.65959717849013,12.131549815656959,39.27757305659452,0.8686465422412666,metalization,mlp,TSFGA(majority)
P01,META-01,75,0.53897712147036,13.885775575721794,23.816366277412275,47.28627348133538,0.3433045205947989,metalization,svr,ALL
P01,META-02,75,0.5676200866359276,15.359213370576375,25.14080036143633,38.24725515259978,0.24516222429073398,metalization,svr,ALL
P01,META-03,75,0.5076007655809314,16.317635318992473,32.934218302328745,35.52522058966157,0.26892493939306594,metalization,svr,ALL
P01,META-04,75,0.6421872431165452,9.802528504118222,19.381474146360336,32.33346175763441,0.3541825287932894,metalization,svr,ALL
P01,META-05,75,0.5135664164557359,12.27159108048981,26.1560282415261,51.21994719889638,0.2510728400215997,metalization,svr,ALL
P02,META-01,75,0.6272763294189923,9.770756857559245,20.877898436738857,27.232314940216533,0.3597746957360095,metalization,svr,ALL
P02,META-02,75,0.6425688500356397,8.062069769448277,21.376340817529254,38.97356226705927,0.36615732656810074,metalization,svr,ALL
P02,META-03,75,0.5077823735770353,16.861409810796772,28.292087574781863,55.77975640611065,0.3690667349550286,metalization,svr,ALL
P02,META-04,75,0.6563906632862793,7.7689844896018,14.580337521575707,33.157729434074355,0.48289500173149935,metalization,svr,ALL
P02,META-05,75,0.6102424608639919,8.285311210316966,17.814270048290133,35.74515135412458,0.37271965747596436,metalization,svr,ALL
P03,META-01,75,0.707714936415148,7.0970915946704585,13.492325100338979,30.409344530502807,0.5224045228653607,metalization,svr,ALL
P03,META-02,75,0.525115306571474,15.496681451333544,34.2833431349194,35.060591303280844,0.12798657782101186,metalization,svr,ALL
P03,META-03,75,0.7137028481820007,5.762119790466901,10.901116895075912,28.28546528694594,0.5474077777149009,metalization,svr,ALL
P03,META-04,75,0.6931924483817848,6.478617184899522,13.352062709139583,28.024947547337952,0.5008722041483132,metalization,svr,ALL
P03,META-05,75,0.4860064455504728,14.97361892731029,27.167103206858798,57.098509124327634,0.3412879576501664,metalization,svr,ALL
P01,META-01,75,0.7222587422884217,8.365425995781107,17.01501116328278,24.08320368649158,0.6648204590757237,metalization,svr,TSFGA(seed0)
P01,META-02,75,0.7752086408207071,7.985149963683582,14.008622841787075,23.17338080562166,0.7656384762360658,metalization,svr,TSFGA(seed0)
P01,META-03,75,0.6755919599493648,10.75056929838795,25.253068838309446,27.23594002852706,0.5701711376054379,metalization,svr,TSFGA(seed0)
P01,META-04,75,0.7583514889688023,6.620128466052949,15.60629913785749,24.624381558707256,0.5812681156276918,metalization,svr,TSFGA(seed0)
P01,META-05,75,0.6165955241829183,9.672405657880796,23.95312590157577,32.28978838227664,0.371912168019327,metalization,svr,TSFGA(seed0)
P02,META-01,75,0.6983142544123062,7.908534660366255,17.351338553701545,23.07458581010448,0.5577933783903355,metalization,svr,TSFGA(seed0)
P02,META-02,75,0.6753643599028305,7.32234775948836,19.946341207120696,29.282994623339516,0.4481243501358484,metalization,svr,TSFGA(seed0)
P02,META-03,75,0.6830844139911245,10.856262117140533,18.717569405538402,45.39325878119176,0.7238453614142233,metalization,svr,TSFGA(seed0)
P02,META-04,75,0.7447154931120206,5.771965900044065,10.514306946309238,30.09630584255972,0.7310912815248355,metalization,svr,TSFGA(seed0)
P02,META-05,75,0.6915308676985599,6.557314492387591,15.005941474911026,25.044641022365692,0.5549056191268018,metalization,svr,TSFGA(seed0)
P03,META-01,75,0.7647499182624471,5.712202181212158,11.120121230239425,19.74808038497315,0.6755814678148421,metalization,svr,TSFGA(seed0)
P03,META-02,75,0.5905434341836453,13.361597154885013,32.65768600557585,24.602214531036008,0.20872461305143497,metalization,svr,TSFGA(seed0)
P03,META-03,75,0.748192746727941,5.067963646332099,8.20457806179762,29.236989386877422,0.7436238651061888,metalization,svr,TSFGA(seed0)
P03,META-04,75,0.7551723847862881,5.169834923865518,10.5315646493649,24.346336948278605,0.6894719577382524,metalization,svr,TSFGA(seed0)
P03,META-05,75,0.6843527477631777,9.195410388966046,17.36572684843997,32.53885200817043,0.7308496995024416,metalization,svr,TSFGA(seed0)
P01,META-01,75,0.7118518530070372,8.678876229451884,15.572671701494215,31.67794240633992,0.7192373834630532,metalization,svr,TSFGA(majority)
P01,META-02,75,0.7842353590154163,7.664498410492991,13.39950468121211,21.689606886441467,0.7855762352163597,metalization,svr,TSFGA(majority)
P01,META-03,75,0.6780720787103882,10.668380556689522,21.990500786595717,31.323023876322804,0.6740601296962236,metalization,svr,TSFGA(majority)
P01,META-04,75,0.7802025332622917,6.021503960886282,11.662089527581543,23.02802945414238,0.7661760894662526,metalization,svr,TSFGA(majority)
P01,META-05,75,0.6184537933997154,9.625525835604051,22.773062195370123,35.29755418556802,0.4322739137832975,metalization,svr,TSFGA(majority)
P02,META-01,75,0.6818587112841268,8.339908151118506,17.063256275614865,26.62004520785813,0.5723552929183281,metalization,svr,TSFGA(majority)
P02,META-02,75,0.6938048979124394,6.906410581001108,18.92011795691637,27.685933793644153,0.503450643012934,metalization,svr,TSFGA(majority)
P02,META-03,75,0.709027078886416,9.967570040908795,18.743371936224985,34.136564425115495,0.7230834676347908,metalization,svr,TSFGA(majority)
P02,META-04,75,0.7725551364879069,5.142513395487984,8.994446682307354,27.606410293110745,0.80321477676318,metalization,svr,TSFGA(majority)
P02,META-05,75,0.6533086727434351,7.369826755900491,15.821731485035972,28.86615436485835,0.5051955072262042,metalization,svr,TSFGA(majority)
P03,META-01,75,0.7558784874773543,5.92761297259974,11.532699959627527,20.587459547065254,0.6510617345098135,metalization,svr,TSFGA(majority)
P03,META-02,75,0.5921367468035554,13.309603358359642,32.25174136205045,27.68272484357009,0.22827392297784987,metalization,svr,TSFGA(majority)
P03,META-03,75,0.7306370688718249,5.421295553993183,8.190274189451598,30.086362880489474,0.7445170188558734,metalization,svr,TSFGA(majority)
P03,META-04,75,0.7542485938468008,5.189341900875212,9.746315586203009,24.260330347142567,0.7340524654082221,metalization,svr,TSFGA(majority)
P03,META-05,75,0.6872535786314092,9.110903617203126,16.997349611912743,35.282356657780625,0.7421474963700734,metalization,svr,TSFGA(majority)
P01,META-01,75,0.6851404699198997,9.483409557706821,16.603524373577844,36.42702676503787,0.6808362250236631,metalization,dt,ALL
P01,META-02,75,0.6404659954647025,12.771544928327051,18.759748294232622,35.69467660264966,0.5797096278898163,metalization,dt,ALL
P01,META-03,75,0.5957760318552017,13.395592109652183,25.390427741465906,40.06177075230286,0.5654824883408158,metalization,dt,ALL
P01,META-04,75,0.604932570690576,10.82314607948907,17.91401917541373,40.35080552393288,0.4482755291485908,metalization,dt,ALL
P01,META-05,75,0.48080318359843155,13.098131454553274,21.880206145106175,53.962797318099256,0.47591853044164467,metalization,dt,ALL
P02,META-01,75,0.5501197583342915,11.793376174589582,20.494802461167495,52.83049266699119,0.38305457573289725,metalization,dt,ALL
P02,META-02,75,0.6206507413540028,8.55644559937616,16.77935557951703,38.65091941743838,0.6094602000389904,metalization,dt,ALL
P02,META-03,75,0.664877152195603,11.47997018078258,18.859130354395024,38.49826336804009,0.7196524514393965,metalization,dt,ALL
P02,META-04,75,0.6422990605232348,8.087594700682684,13.189739549831854,31.74248089573699,0.5768288807660982,metalization,dt,ALL
P02,META-05,75,0.6263243488511294,7.943448812688279,12.897831572263344,40.590247344341435,0.6711793998807011,metalization,dt,ALL
P03,META-01,75,0.6186019362718479,9.260880317008922,16.84881893742192,33.969328008828306,0.2552242324859514,metalization,dt,ALL
P03,META-02,75,0.547171968347869,14.776917125048634,27.831008448358865,39.14345869837927,0.4253350292994218,metalization,dt,ALL
P03,META-03,75,0.6423467145352998,7.198259085761864,12.021807455751453,34.68597595028596,0.44956679003230615,metalization,dt,ALL
P03,META-04,75,0.7076046357098618,6.174286199553178,9.473295126755175,32.42155751667997,0.7487435821296141,metalization,dt,ALL
P03,META-05,75,0.7060079288507128,8.564553393582285,14.217732620382481,44.98813546801926,0.8195862543936488,metalization,dt,ALL
P01,META-01,75,0.7188608184944587,8.467769739277868,14.833261466240028,31.579184923773163,0.7452663436808052,metalization,dt,TSFGA(seed0)
P01,META-02,75,0.7154455850699328,10.108082821068406,16.346560041858258,25.95458280109897,0.6808842970107234,metalization,dt,TSFGA(seed0)
P01,META-03,75,0.7034013407192683,9.828993263880788,17.084348837980443,35.489424582647885,0.8032729361163855,metalization,dt,TSFGA(seed0)
P01,META-04,75,0.6582277648302822,9.363087292772455,17.023370782471513,29.4592408399572,0.5017729596551481,metalization,dt,TSFGA(seed0)
P01,META-05,75,0.6488402126217927,8.858946956784234,17.033601245633175,42.98316784324089,0.682379198073905,metalization,dt,TSFGA(seed0)
P02,META-01,75,0.5949844519605368,10.617271602997429,19.729612286955792,45.48152214716127,0.4282628982596829,metalization,dt,TSFGA(seed0)
P02,META-02,75,0.7072506188867591,6.603134437871701,14.421649162849699,32.899133970212816,0.711500810811249,metalization,dt,TSFGA(seed0)
P02,META-03,75,0.6996330086309395,10.289373365019937,17.380151938109965,37.069575685748255,0.7618993529489622,metalization,dt,TSFGA(seed0)
P02,META-04,75,0.7101591991612053,6.553281432065475,11.671819155844673,26.034174267231226,0.6686242831231421,metalization,dt,TSFGA(seed0)
P02,META-05,75,0.6996158418285917,6.385447318392272,11.550117469921522,29.86011585372651,0.7363071116014652,metalization,dt,TSFGA(seed0)
P03,META-01,75,0.7004508605696866,7.2734735520430664,13.108848580479428,28.002565580016654,0.5491669924879607,metalization,dt,TSFGA(seed0)
P03,META-02,75,0.6794092337349182,10.46168269855309,19.331154208318654,30.594572914732233,0.7227494544734034,metalization,dt,TSFGA(seed0)
P03,META-03,75,0.5973890171124517,8.103093927495449,12.685422498993827,46.859397149950816,0.38712068249132625,metalization,dt,TSFGA(seed0)
P03,META-04,75,0.7550360929904381,5.172712892044912,8.798287122730612,26.267204536757728,0.7832738628431657,metalization,dt,TSFGA(seed0)
P03,META-05,75,0.7431906452638907,7.481349486775624,13.725716531171596,31.268755773674222,0.8318569237560349,metalization,dt,TSFGA(seed0)
P01,META-01,75,0.7169555114612214,8.52515662200863,14.849106575235153,32.57349141600734,0.7447218325000896,metalization,dt,TSFGA(majority)
P01,META-02,75,0.7154455850699328,10.108082821068407,16.346560041858258,25.954582801098976,0.6808842970107234,metalization,dt,TSFGA(majority)
P01,META-03,75,0.6914028143406249,10.226612845972552,17.19000445030963,38.47142706724491,0.800832153567644,metalization,dt,TSFGA(majority)
P01,META-04,75,0.6874080043749183,8.56367440323576,15.066738064056745,28.92315562648453,0.6097214762991199,metalization,dt,TSFGA(majority)
P01,META-05,75,0.641142597184686,9.053139940440435,17.106067940270417,44.68032509477332,0.6796709169267051,metalization,dt,TSFGA(majority)
P02,META-01,75,0.5882900880804713,10.792760864750475,19.82229296212268,47.530707342132644,0.42287876411593417,metalization,dt,TSFGA(majority)
P02,META-02,75,0.7072506188867591,6.603134437871701,14.4216491628497,32.899133970212816,0.711500810811249,metalization,dt,TSFGA(majority)
P02,META-03,75,0.6973529089730739,10.36748047187046,17.807459249685937,37.082473258906205,0.7500475738932864,metalization,dt,TSFGA(majority)
P02,META-04,75,0.7005043651697056,6.771576593212783,11.90271094791595,27.40094491747354,0.6553840656083527,metalization,dt,TSFGA(majority)
P02,META-05,75,0.7056862611500196,6.256404751655414,11.515330380346228,29.265128724317517,0.7378931204351226,metalization,dt,TSFGA(majority)
P03,META-01,75,0.7075053784446176,7.102179956330159,13.076750182037495,25.42997078438497,0.5513721137861123,metalization,dt,TSFGA(majority)
P03,META-02,75,0.6664693806205777,10.88394263768116,19.62033007830524,32.08318811736007,0.71439259881173,metalization,dt,TSFGA(majority)
P03,META-03,75,0.5973890171124517,8.103093927495449,12.685422498993823,46.859397149950816,0.3871206824913265,metalization,dt,TSFGA(majority)
P03,META-04,75,0.7550360929904381,5.172712892044912,8.798287122730612,26.267204536757728,0.7832738628431657,metalization,dt,TSFGA(majority)
P03,META-05,75,0.7431906452638907,7.481349486775624,13.725716531171596,31.268755773674222,0.8318569237560349,metalization,dt,TSFGA(majority)
P01,DEPO-01,75,0.6401165499053344,9.399151433280673,17.22921204007754,37.871534684286104,0.6773948058074761,deposition,rf,ALL
P01,DEPO-02,75,0.6974446420901046,8.158000887789886,12.195070153098046,40.2870966835226,0.7774812266493573,deposition,rf,ALL
P01,DEPO-03,75,0.6224813140175119,8.252701908733258,14.069646824283526,41.49346483124172,0.5588880310518436,deposition,rf,ALL
P01,DEPO-04,75,0.6230367316027744,9.081776983579147,17.749835334717122,50.4756968462191,0.5999373400320944,deposition,rf,ALL
P01,DEPO-05,75,0.6474618136825165,7.195445106093684,17.417413546049215,29.192463877452496,0.5292472161890962,deposition,rf,ALL
P02,DEPO-01,75,0.6572383423620751,7.464218136105765,12.874513152802765,40.338264806768684,0.70824743060129,deposition,rf,ALL
P02,DEPO-02,75,0.6798367670917593,6.72239586941186,13.197408417057503,48.149971174740216,0.6730009017874105,deposition,rf,ALL
P02,DEPO-03,75,0.6471465655667455,6.42793518635874,12.533692921872044,33.11890849462718,0.4861424524336505,deposition,rf,ALL
P02,DEPO-04,75,0.7597981901169942,6.248843155708355,11.484258128892526,25.6023175676777,0.8249513743378445,deposition,rf,ALL
P02,DEPO-05,75,0.6438364793632092,7.891483682655082,13.228968884300867,53.639889500126806,0.6411668408847997,deposition,rf,ALL
P03,DEPO-01,75,0.6423590017710751,8.80207137053544,16.107092030812286,54.91580389044508,0.6761241853553155,deposition,rf,ALL
P03,DEPO-02,75,0.7424463757370048,3.922702166512131,6.58994126226729,28.651809443976926,0.7460710672165719,deposition,rf,ALL
P03,DEPO-03,75,0.5843714527882553,7.920453506956394,14.345502711291287,49.259789299419296,0.6005053202037445,deposition,rf,ALL
P03,DEPO-04,75,0.590306332465455,6.631304867553848,11.520222573983013,43.571639791055105,0.62580501628708,deposition,rf,ALL
P03,DEPO-05,75,0.7178316408442755,5.3675161359830454,8.094372879830425,39.71530256953316,0.7470433325875944,deposition,rf,ALL
P01,DEPO-01,75,0.6942877566598205,7.984350681884522,14.763899886945595,28.81096876868688,0.7631121932450702,deposition,rf,TSFGA(seed0)
P01,DEPO-02,75,0.7053796128355609,7.944045006019324,11.552634420760544,39.21441265286577,0.8003082549514356,deposition,rf,TSFGA(seed0)
P01,DEPO-03,75,0.6668956389895812,7.281787890217371,13.107309121127214,34.858100915062515,0.6171668526402074,deposition,rf,TSFGA(seed0)
P01,DEPO-04,75,0.6304992569625171,8.90199025969052,17.91541495840317,41.857566358545505,0.592438544211039,deposition,rf,TSFGA(seed0)
P01,DEPO-05,75,0.6759334908310826,6.614326810396679,15.243797943852275,27.123767942706888,0.6394114459841382,deposition,rf,TSFGA(seed0)
P02,DEPO-01,75,0.7062532450066736,6.396835256175412,11.058045131208711,31.918277799710115,0.7847665460189874,deposition,rf,TSFGA(seed0)
P02,DEPO-02,75,0.7255382658349512,5.762811711085928,11.385094601231799,39.64551918310376,0.7566437366161733,deposition,rf,TSFGA(seed0)
P02,DEPO-03,75,0.6820420465735506,5.79224379633775,11.449652897888116,28.781736397660108,0.5711856784481002,deposition,rf,TSFGA(seed0)
P02,DEPO-04,75,0.7691135993678602,6.0065030527414,11.552637858389021,23.29631341895528,0.8228606144741901,deposition,rf,TSFGA(seed0)
P02,DEPO-05,75,0.7238287413282309,6.119102196457383,11.14456275603175,37.00055365892071,0.7453365332319094,deposition,rf,TSFGA(seed0)
P03,DEPO-01,75,0.6382029865975285,8.904357021106097,16.394310551345537,47.487952737167,0.6644706209122005,deposition,rf,TSFGA(seed0)
P03,DEPO-02,75,0.7649311439414455,3.580245137606111,5.529991039937049,25.024053591004826,0.8211874669594268,deposition,rf,TSFGA(seed0)
P03,DEPO-03,75,0.5941645888933013,7.733829946742192,14.16298613849093,46.5832417815879,0.6106061245477454,deposition,rf,TSFGA(seed0)
P03,DEPO-04,75,0.6199135706517902,6.152081881557083,12.838355509970247,37.86654827460385,0.5352760906439415,deposition,rf,TSFGA(seed0)
P03,DEPO-05,75,0.7310488574723604,5.1160931070640725,7.629063056189762,30.415158554080975,0.7752901416346105,deposition,rf,TSFGA(seed0)
P01,DEPO-01,75,0.6925552779205313,8.029598191936,15.391736971150301,28.868508735155384,0.7425364281556757,deposition,rf,TSFGA(majority)
P01,DEPO-02,75,0.7202394639215721,7.543368980350633,11.026399981167954,35.99037355879589,0.818086246023388,deposition,rf,TSFGA(majority)
P01,DEPO-03,75,0.6756252234576896,7.090955857056109,12.737086400884568,33.84634756538013,0.6384880650311917,deposition,rf,TSFGA(majority)
P01,DEPO-04,75,0.6279397088353094,8.963654743259097,18.119260898465292,42.087752277912976,0.5831111131632667,deposition,rf,TSFGA(majority)
P01,DEPO-05,75,0.6594405768339786,6.950953768586148,15.915130604360654,28.540835399845605,0.6069516443543714,deposition,rf,TSFGA(majority)
P02,DEPO-01,75,0.703489333034373,6.457024140814426,11.117987330800746,31.276137133587106,0.7824267953342798,deposition,rf,TSFGA(majority)
P02,DEPO-02,75,0.7238900512437414,5.797418904607827,11.282022477803896,39.023176169470986,0.7610301216611077,deposition,rf,TSFGA(majority)
P02,DEPO-03,75,0.6894616499682652,5.657080793584736,11.680903052025409,27.488467407423556,0.5536891155776973,deposition,rf,TSFGA(majority)
P02,DEPO-04,75,0.7736741624402282,5.887860135958951,11.028748271427917,22.276163835954623,0.8385621880216504,deposition,rf,TSFGA(majority)
P02,DEPO-05,75,0.7440287341758325,5.671532738300665,10.881328238394621,34.61573072598379,0.7572247550943316,deposition,rf,TSFGA(majority)
P03,DEPO-01,75,0.630657201419984,9.090069900804977,17.07007222800166,45.01535156061737,0.6362399879180478,deposition,rf,TSFGA(majority)
P03,DEPO-02,75,0.7640647928211834,3.5934402049484446,5.821355233671555,25.149182230616553,0.8018485275962818,deposition,rf,TSFGA(majority)
P03,DEPO-03,75,0.628325326962454,7.082843532418258,13.5942554797705,42.761255749790486,0.6412513204954893,deposition,rf,TSFGA(majority)
P03,DEPO-04,75,0.6295692942986442,5.995794264019675,12.709802472150077,34.820981820038,0.5445362435606449,deposition,rf,TSFGA(majority)
P03,DEPO-05,75,0.7513958054703558,4.729045558486964,7.04961583308614,29.53571760566231,0.8081284345902131,deposition,rf,TSFGA(majority)
P01,DEPO-01,75,0.6233306217738129,9.837553033617768,18.601837292777606,38.12106348551337,0.6239442734318381,deposition,lgbm,ALL
P01,DEPO-02,75,0.6292207650847346,9.99756655611307,15.33813773822044,56.181917992056995,0.6479994693504444,deposition,lgbm,ALL
P01,DEPO-03,75,0.6255672120488116,8.185243005323521,15.835949166372657,37.69747518218337,0.4411816636908329,deposition,lgbm,ALL
P01,DEPO-04,75,0.5240171586151102,11.467350736445681,20.316220036375487,78.54624617991477,0.4758867043695152,deposition,lgbm,ALL
P01,DEPO-05,75,0.6355052093172194,7.439484173930429,16.333861359503153,35.92815068082136,0.5859971794923237,deposition,lgbm,ALL
P02,DEPO-01,75,0.6991990662407335,6.550451998033052,11.623351291536272,34.24741297545909,0.7621978448411348,deposition,lgbm,ALL
P02,DEPO-02,75,0.7070130278536428,6.151781994007547,11.474644429891246,48.92408612825077,0.7528004279205185,deposition,lgbm,ALL
P02,DEPO-03,75,0.697741270548059,5.506250847604363,10.766888056827401,30.13723428197888,0.6208028758899258,deposition,lgbm,ALL
P02,DEPO-04,75,0.6560382486898553,8.948155039076264,14.553392297294389,47.27563296034617,0.7188867689163598,deposition,lgbm,ALL
P02,DEPO-05,75,0.7085451716868036,6.45773889968405,11.083448190682713,41.01587112205339,0.7481219225646623,deposition,lgbm,ALL
P03,DEPO-01,75,0.6535245071457163,8.52727184899742,16.51225582633328,51.951126564775606,0.6596254694955921,deposition,lgbm,ALL
P03,DEPO-02,75,0.7527968800226247,3.765057537352362,5.462949053450872,30.1633202106902,0.8254967977808882,deposition,lgbm,ALL
P03,DEPO-03,75,0.5847322234363688,7.913578456712069,14.755049187186875,46.77787965301622,0.5773695546318511,deposition,lgbm,ALL
P03,DEPO-04,75,0.5528117844412115,7.238191911515622,11.867205045034432,51.838084775697915,0.6029244792615343,deposition,lgbm,ALL
P03,DEPO-05,75,0.7336547872664358,5.0665220982493695,7.3316486320230325,37.67912312099042,0.7924689880920784,deposition,lgbm,ALL
P01,DEPO-01,75,0.6485221060948217,9.179621761979702,15.864613292345812,35.83656371803289,0.7264734393572623,deposition,lgbm,TSFGA(seed0)
P01,DEPO-02,75,0.6628759621042308,9.090099145651406,12.972414061285223,50.93769947238119,0.7482093170249131,deposition,lgbm,TSFGA(seed0)
P01,DEPO-03,75,0.624181500985844,8.215535175642307,15.425242597784646,39.055023434292345,0.4697917803927013,deposition,lgbm,TSFGA(seed0)
P01,DEPO-04,75,0.6114661179887286,9.360535529080716,16.920047395093192,57.056682595903055,0.6364681122109536,deposition,lgbm,TSFGA(seed0)
P01,DEPO-05,75,0.6367513333539326,7.414050284923356,15.600539549478606,38.17492105313563,0.6223366792631784,deposition,lgbm,TSFGA(seed0)
P02,DEPO-01,75,0.7019491740516437,6.490563722489332,10.347765022605342,37.258866944084474,0.8115282880955207,deposition,lgbm,TSFGA(seed0)
P02,DEPO-02,75,0.7000735182166634,6.297489327406271,10.950661579090008,48.302757349001254,0.7748614024164957,deposition,lgbm,TSFGA(seed0)
P02,DEPO-03,75,0.7416841617372528,4.705742679336039,9.814108707296777,25.766677924480597,0.6849450061696155,deposition,lgbm,TSFGA(seed0)
P02,DEPO-04,75,0.6921815798811726,8.007887320654953,12.690144861376824,37.09485324975002,0.7862599169122889,deposition,lgbm,TSFGA(seed0)
P02,DEPO-05,75,0.6766036630192956,7.165464087256186,12.44605814354061,42.04654775242621,0.682382641395412,deposition,lgbm,TSFGA(seed0)
P03,DEPO-01,75,0.6094760185476602,9.611369987422057,16.813323683298883,60.28826887554908,0.6471002213236325,deposition,lgbm,TSFGA(seed0)
P03,DEPO-02,75,0.7684314600889006,3.526933141805661,5.397083492402258,25.364770206337845,0.8296793235215487,deposition,lgbm,TSFGA(seed0)
P03,DEPO-03,75,0.6017574629224601,7.589135829517633,13.986750867661721,43.20396777150182,0.6202365756006368,deposition,lgbm,TSFGA(seed0)
P03,DEPO-04,75,0.5918186416883077,6.606826618790329,11.809791205129024,43.55386749688489,0.6067573080588566,deposition,lgbm,TSFGA(seed0)
P03,DEPO-05,75,0.6971956233267891,5.760062477248786,8.224104818830078,35.611203963866075,0.7388698664339798,deposition,lgbm,TSFGA(seed0)
P01,DEPO-01,75,0.6417851760235915,9.355571575504774,16.290704389425414,36.35027146340708,0.7115834019654514,deposition,lgbm,TSFGA(majority)
P01,DEPO-02,75,0.6304764190407641,9.963709525258249,14.4032231276786,50.77653289173573,0.6896030619207261,deposition,lgbm,TSFGA(majority)
P01,DEPO-03,75,0.6214355178601285,8.275563410069868,14.770826354578633,38.44078555795385,0.5138256577846179,deposition,lgbm,TSFGA(majority)
P01,DEPO-04,75,0.5985515295162049,9.671673038156458,16.91443828099528,65.07555799309701,0.6367090989886648,deposition,lgbm,TSFGA(majority)
P01,DEPO-05,75,0.615692021417793,7.843879247826491,16.07121802363477,41.171793604989,0.5992042058730328,deposition,lgbm,TSFGA(majority)
P02,DEPO-01,75,0.6727354952526734,7.1267412710994735,11.02114965394791,43.54548568705495,0.7862004148436071,deposition,lgbm,TSFGA(majority)
P02,DEPO-02,75,0.6945801364128192,6.412832637791469,10.34760313365427,46.61160323069205,0.7989756028018818,deposition,lgbm,TSFGA(majority)
P02,DEPO-03,75,0.7360085891433283,4.809134652373845,10.187832156173352,24.799952886832465,0.6604934149619333,deposition,lgbm,TSFGA(majority)
P02,DEPO-04,75,0.6727321486453488,8.513863713254135,13.372764091977912,42.988000731739,0.7626467509064419,deposition,lgbm,TSFGA(majority)
P02,DEPO-05,75,0.6685532264873428,7.343836898757402,13.181344458695866,48.928857418885244,0.6437457965917225,deposition,lgbm,TSFGA(majority)
P03,DEPO-01,75,0.5928048718921665,10.021671444517283,17.08911105185994,61.25323884047822,0.635428107937653,deposition,lgbm,TSFGA(majority)
P03,DEPO-02,75,0.7139805826330816,4.356253931119503,6.14084682658723,35.06728484400838,0.7795015049643286,deposition,lgbm,TSFGA(majority)
P03,DEPO-03,75,0.5945240457327993,7.726979933180561,14.028447886478775,43.62006154288154,0.6179689143978186,deposition,lgbm,TSFGA(majority)
P03,DEPO-04,75,0.5525865255515946,7.241837953643062,12.854876899008424,47.247885618271404,0.5340792356816818,deposition,lgbm,TSFGA(majority)
P03,DEPO-05,75,0.6856090552230243,5.9804666765137435,8.307652445347584,37.34031575029469,0.7335373420057515,deposition,lgbm,TSFGA(majority)
P01,DEPO-01,75,0.46150455528128687,14.06399830198257,26.842881090524973,46.6805861634811,0.21693325866454394,deposition,mlp,ALL
P01,DEPO-02,75,0.5280614224343669,12.725193040241345,16.422801799835828,83.32103612362879,0.5964544575788331,deposition,mlp,ALL
P01,DEPO-03,75,0.5705852030836583,9.387170610977876,16.501609246201674,48.4330571610773,0.39321470436212413,deposition,mlp,ALL
P01,DEPO-04,75,0.4668237293112055,12.84525148543013,20.997881088246064,70.6559030838257,0.4401259929622444,deposition,mlp,ALL
P01,DEPO-05,75,0.6101445826214821,7.957104688041136,15.902672466245741,52.76557246374064,0.6075667488493146,deposition,mlp,ALL
P02,DEPO-01,75,0.5690475946910514,9.384721679994415,14.311519897947734,59.84084074042719,0.6394839729744275,deposition,mlp,ALL
P02,DEPO-02,75,0.5998710975956474,8.401417165618858,11.92683726448957,53.072899987245556,0.7329332457687487,deposition,mlp,ALL
P02,DEPO-03,75,0.6639631084397409,6.12158802604313,12.218609946848915,36.72228887036491,0.5116533175972782,deposition,mlp,ALL
P02,DEPO-04,75,0.6142289941273718,10.035821590570169,14.969532762556142,59.81466902790456,0.7025805921117931,deposition,mlp,ALL
P02,DEPO-05,75,0.6563366157345847,7.614519264655998,11.2015219860372,41.4880595724433,0.7427267398241433,deposition,mlp,ALL
P03,DEPO-01,75,0.5089811199002928,12.084697359421636,17.469445331672766,88.87910060206282,0.6190197432114111,deposition,mlp,ALL
P03,DEPO-02,75,0.6471354024495775,5.374347673255983,10.007105019645644,30.408462311572226,0.4144472631877556,deposition,mlp,ALL
P03,DEPO-03,75,0.5248853249317066,9.05405492379224,15.361245194303727,55.721277477296006,0.5419295262227284,deposition,mlp,ALL
P03,DEPO-04,75,0.3497229105380809,10.525389993351494,14.43918571939505,90.0417168173652,0.41215662732702407,deposition,mlp,ALL
P03,DEPO-05,75,0.561858521458671,8.33449740059681,12.054423947754927,60.29767542360517,0.43898736857007115,deposition,mlp,ALL
P01,DEPO-01,75,0.6581786773699909,8.927419067697125,14.736219338453402,45.183451411510845,0.763999633217373,deposition,mlp,TSFGA(seed0)
P01,DEPO-02,75,0.5643274585596305,11.747327842446266,14.595215811983776,70.73968473758931,0.6812728250407689,deposition,mlp,TSFGA(seed0)
P01,DEPO-03,75,0.7032189141799874,6.487747294014369,11.257231654172127,34.08242833705389,0.7176123778410417,deposition,mlp,TSFGA(seed0)
P01,DEPO-04,75,0.620776951056412,9.136219484147315,15.034238660742666,48.65536812817584,0.7129865549395742,deposition,mlp,TSFGA(seed0)
P01,DEPO-05,75,0.6899155376834336,6.3289476528993465,14.283882583994052,33.80619717125813,0.6833947493818968,deposition,mlp,TSFGA(seed0)
P02,DEPO-01,75,0.7016074628266886,6.498005065666972,10.649663028780946,43.63754909557618,0.8003704666938535,deposition,mlp,TSFGA(seed0)
P02,DEPO-02,75,0.6280660042273438,7.809415010475419,11.077075512721626,51.96896172884008,0.769633420567817,deposition,mlp,TSFGA(seed0)
P02,DEPO-03,75,0.7002082207864164,5.461310385948936,9.903703652508671,34.638018796442196,0.6791663497013392,deposition,mlp,TSFGA(seed0)
P02,DEPO-04,75,0.7033712544991821,7.716788258223202,10.709311083750045,38.65038132412226,0.8477785401274927,deposition,mlp,TSFGA(seed0)
P02,DEPO-05,75,0.5672209486845528,9.58904723185738,13.501569602362743,62.13504707547853,0.626225991702726,deposition,mlp,TSFGA(seed0)
P03,DEPO-01,75,0.609217566150871,9.617730881317582,14.373609121100271,73.69821676102319,0.7420854168640776,deposition,mlp,TSFGA(seed0)
P03,DEPO-02,75,0.7004415337603423,4.562462080966293,6.235399280766117,33.30681310196942,0.7726590674070122,deposition,mlp,TSFGA(seed0)
P03,DEPO-03,75,0.6009034012488534,7.6054113135363695,13.889350801506358,45.852707311861266,0.6255073053390439,deposition,mlp,TSFGA(seed0)
P03,DEPO-04,75,0.5333623062596444,7.553001315607603,12.029167429924806,54.127990534414884,0.5920120268276623,deposition,mlp,TSFGA(seed0)
P03,DEPO-05,75,0.7171491776670815,5.380498215642024,9.311097352857301,32.181981557639375,0.6652801625028317,deposition,mlp,TSFGA(seed0)
P01,DEPO-01,75,0.647210066877894,9.213888564976791,16.824965331822177,40.68807188172833,0.6923556951147398,deposition,mlp,TSFGA(majority)
P01,DEPO-02,75,0.6555066783564514,9.288802033519827,12.463864646637502,50.367420240174056,0.7675639430848151,deposition,mlp,TSFGA(majority)
P01,DEPO-03,75,0.7292538156529043,5.918614456205142,10.61349646666515,29.37631491995452,0.7489851532739464,deposition,mlp,TSFGA(majority)
P01,DEPO-04,75,0.5381591585901333,11.126642501340918,22.933476854854675,42.8611150909383,0.3321496404767651,deposition,mlp,TSFGA(majority)
P01,DEPO-05,75,0.6758298840836562,6.616441465468559,13.882375620340943,33.06494822642511,0.7009435648832241,deposition,mlp,TSFGA(majority)
P02,DEPO-01,75,0.6953987246574744,6.633210900427916,10.467292384222167,40.495177035815495,0.8071490555752997,deposition,mlp,TSFGA(majority)
P02,DEPO-02,75,0.7062589930133258,6.167614295080644,8.948789629718116,33.711918412378225,0.8496519365519153,deposition,mlp,TSFGA(majority)
P02,DEPO-03,75,0.7026798331044943,5.416284995132126,10.58937875461692,30.707117370686472,0.6332031445424259,deposition,mlp,TSFGA(majority)
P02,DEPO-04,75,0.716717391734915,7.369588882992541,11.344560495449356,33.09352978228722,0.8291841504841152,deposition,mlp,TSFGA(majority)
P02,DEPO-05,75,0.6445829106117803,7.874945071379587,11.552287694545301,41.75578764553459,0.7263618973491883,deposition,mlp,TSFGA(majority)
P03,DEPO-01,75,0.5312255173200748,11.537229997868902,16.83278018862247,78.646826878649,0.6462829921595326,deposition,mlp,TSFGA(majority)
P03,DEPO-02,75,0.6961739356408964,4.6274602592557965,6.5621971943189195,32.16934126247822,0.7482046800343689,deposition,mlp,TSFGA(majority)
P03,DEPO-03,75,0.6728553437312078,6.234254257579014,11.26943754001396,35.66665377746683,0.7534619605613586,deposition,mlp,TSFGA(majority)
P03,DEPO-04,75,0.4097354595423338,9.554026411578143,15.790126200543463,63.06395745711909,0.2970127899579639,deposition,mlp,TSFGA(majority)
P03,DEPO-05,75,0.5968715051308539,7.668466824412911,11.039893708695356,46.01762211085627,0.5294459657181112,deposition,mlp,TSFGA(majority)
P01,DEPO-01,75,0.5255388197477299,12.39160200679166,25.73644291588574,38.23976587149199,0.28015736123944546,deposition,svr,ALL
P01,DEPO-02,75,0.5694848532543686,11.60826558690067,20.603085111153028,46.38176630474908,0.36487009126757974,deposition,svr,ALL
P01,DEPO-03,75,0.5928071782307089,8.901389791322249,17.743763609778764,36.91214729089084,0.2984252728915687,deposition,svr,ALL
P01,DEPO-04,75,0.5109653417750406,11.781794343314903,23.739998909232785,52.449994496086816,0.2843498764234267,deposition,svr,ALL
P01,DEPO-05,75,0.5878355370712045,8.412441212867426,21.04801825190972,37.322165953352375,0.3125391143617414,deposition,svr,ALL
P02,DEPO-01,75,0.5426698213018711,9.959142564402644,18.533050995244707,41.50561364176802,0.39542957176316906,deposition,svr,ALL
P02,DEPO-02,75,0.6093075855858635,8.203281335620652,16.457760077770573,38.07440090667628,0.49147688939480216,deposition,svr,ALL
P02,DEPO-03,75,0.6781021915297489,5.864016182246033,13.40930942839646,28.528059570524572,0.4118373196729542,deposition,svr,ALL
P02,DEPO-04,75,0.5507773865869084,11.686513330532653,21.68377604237177,41.62719890255813,0.3759453255027889,deposition,svr,ALL
P02,DEPO-05,75,0.6343001267475896,8.102779805637175,16.61116891005992,32.865855438510266,0.4342286293136799,deposition,svr,ALL
P03,DEPO-01,75,0.4701611706235148,13.040113449374632,21.27514378286069,68.6034243008236,0.43494692089875886,deposition,svr,ALL
P03,DEPO-02,75,0.6957646717271415,4.633693603654484,8.590917891530196,34.99276367433826,0.5684528660827306,deposition,svr,ALL
P03,DEPO-03,75,0.5660636466550333,8.269337452165004,18.802998021501782,39.57801117583175,0.31366893434073073,deposition,svr,ALL
P03,DEPO-04,75,0.5790959702632095,6.812755876758243,13.585203530480673,41.851212677058584,0.479634470256763,deposition,svr,ALL
P03,DEPO-05,75,0.6587944187303323,6.4905451080065255,11.601056038462758,35.28099664649128,0.4803932713352168,deposition,svr,ALL
P01,DEPO-01,75,0.6066068221908223,10.27433200964186,21.810620717279182,31.91687595632556,0.48301662807656087,deposition,svr,TSFGA(seed0)
P01,DEPO-02,75,0.6436398955115626,9.6087739740354,16.56750329124166,41.97059191133897,0.5893118401289077,deposition,svr,TSFGA(seed0)
P01,DEPO-03,75,0.6096068567099071,8.534142436954697,17.037777673520687,34.892040527064744,0.3531429084885328,deposition,svr,TSFGA(seed0)
P01,DEPO-04,75,0.5829011221847613,10.048721734945051,20.552712687370626,45.94528763557114,0.46361371643411997,deposition,svr,TSFGA(seed0)
P01,DEPO-05,75,0.6306003486824333,7.539594337369178,19.477465627945584,33.68206781021455,0.4113048429123579,deposition,svr,TSFGA(seed0)
P02,DEPO-01,75,0.6825642966795324,6.912702401139165,12.4959844990567,40.95043407975824,0.7251510928015258,deposition,svr,TSFGA(seed0)
P02,DEPO-02,75,0.7142601332662938,5.999616140831147,10.983742969605201,39.039385572298656,0.7734990833140813,deposition,svr,TSFGA(seed0)
P02,DEPO-03,75,0.7010663566938435,5.4456777139788075,12.160073601948854,28.906971877144215,0.5163212062767271,deposition,svr,TSFGA(seed0)
P02,DEPO-04,75,0.6519965468489974,9.053299795887044,16.279883303675447,37.648133540009525,0.6482327614849939,deposition,svr,TSFGA(seed0)
P02,DEPO-05,75,0.6966504402579792,6.721289413819542,13.520941832340421,29.471533351704903,0.6251526304735793,deposition,svr,TSFGA(seed0)
P03,DEPO-01,75,0.5990164519273917,9.868795317158838,15.746279630574655,62.823250838271385,0.6904718461912658,deposition,svr,TSFGA(seed0)
P03,DEPO-02,75,0.6891127271166754,4.735006864571168,7.725529431877507,34.39193691166111,0.6510159302783762,deposition,svr,TSFGA(seed0)
P03,DEPO-03,75,0.5943804541835096,7.729716295246572,17.227378277875278,35.14433548420094,0.42387352058027017,deposition,svr,TSFGA(seed0)
P03,DEPO-04,75,0.5863031319643646,6.696100701788794,12.25328704571361,48.37184405854632,0.5766676705407265,deposition,svr,TSFGA(seed0)
P03,DEPO-05,75,0.7082892459207354,5.549035278955973,10.281117680651331,30.922463828784185,0.5919058421956003,deposition,svr,TSFGA(seed0)
P01,DEPO-01,75,0.6473066851729685,9.21136516473043,19.8396076464208,26.82077065510322,0.5722335868752417,deposition,svr,TSFGA(majority)
P01,DEPO-02,75,0.6963882537607908,8.18648498732105,13.671137519297874,39.232678411870396,0.7203548090834786,deposition,svr,TSFGA(majority)
P01,DEPO-03,75,0.6559855236888429,7.520287155843336,15.13152090138845,31.833376332160118,0.4897915885923255,deposition,svr,TSFGA(majority)
P01,DEPO-04,75,0.6502725792315004,8.425612537704842,17.606169132434978,36.05478658162708,0.6063873019878463,deposition,svr,TSFGA(majority)
P01,DEPO-05,75,0.666078323049535,6.815474718724568,18.748776583387258,27.20498407911562,0.4545292870831287,deposition,svr,TSFGA(majority)
P02,DEPO-01,75,0.7217844611018194,6.058616606948242,10.893496265028235,29.381033962355087,0.7911244354965845,deposition,svr,TSFGA(majority)
P02,DEPO-02,75,0.7347350677749056,5.569708515533588,11.372667712572985,25.7032114680393,0.7571746958838301,deposition,svr,TSFGA(majority)
P02,DEPO-03,75,0.7281904673742433,4.951557469063886,11.559675330306963,26.386280438088956,0.5629049256294332,deposition,svr,TSFGA(majority)
P02,DEPO-04,75,0.6981253975339706,7.853259075861309,15.968518067479874,25.67225968965951,0.6615597224941492,deposition,svr,TSFGA(majority)
P02,DEPO-05,75,0.7143352520749844,6.329448599703594,10.717176892568244,31.93800725224756,0.7644943250529262,deposition,svr,TSFGA(majority)
P03,DEPO-01,75,0.7113778598785557,7.103415685132061,13.176298892520421,39.51218500062228,0.7832639700885717,deposition,svr,TSFGA(majority)
P03,DEPO-02,75,0.7289151767242641,4.1287907581002825,7.041463242011477,26.631633558085415,0.710082164796866,deposition,svr,TSFGA(majority)
P03,DEPO-03,75,0.6392980608826127,6.873740886698056,15.009440711145329,35.500238717531104,0.5626708000982363,deposition,svr,TSFGA(majority)
P03,DEPO-04,75,0.6634862672182393,5.446813878338124,9.554797891360144,36.93228252005449,0.742593664686438,deposition,svr,TSFGA(majority)
P03,DEPO-05,75,0.7445885332267757,4.858536135384996,8.328752046201368,27.56382747688619,0.732182110691842,deposition,svr,TSFGA(majority)
P01,DEPO-01,75,0.6279174885598228,9.717756873181239,18.341972794784382,32.23508691194521,0.6343777527192414,deposition,dt,ALL
P01,DEPO-02,75,0.6043534880380378,10.668079448779427,17.105270008369615,37.81215176379802,0.5622179816759709,deposition,dt,ALL
P01,DEPO-03,75,0.5905602266373264,8.95050900685268,15.091103936135937,46.50429901647865,0.4925135272347888,deposition,dt,ALL
P01,DEPO-04,75,0.40329632896650447,14.375749893750301,27.685509042920913,59.35725042811364,0.026705234848972248,deposition,dt,ALL
P01,DEPO-05,75,0.5968961954022767,8.227509559569626,19.100797551903128,33.31880627185614,0.4338538308937917,deposition,dt,ALL
P02,DEPO-01,75,0.49388447049381545,11.02152656262229,20.56402954028494,47.934728992897405,0.25566318966909674,deposition,dt,ALL
P02,DEPO-02,75,0.6714567023227546,6.898350217063975,12.76250616814358,43.60322609032213,0.6941974017062654,deposition,dt,ALL
P02,DEPO-03,75,0.6562462794500606,6.262165590973315,12.270458153369328,31.043771413161036,0.5075000430869174,deposition,dt,ALL
P02,DEPO-04,75,0.6539551399072202,9.002347053971178,17.36866273704833,28.643349273320602,0.5996078273450854,deposition,dt,ALL
P02,DEPO-05,75,0.5159098005646575,10.725943810716679,20.29159039399628,48.25217427829039,0.15574672735297246,deposition,dt,ALL
P03,DEPO-01,75,0.49754031238119334,12.366272471946102,27.40658683848242,73.14188492811155,0.06232109962382115,deposition,dt,ALL
P03,DEPO-02,75,0.6536957446523424,5.274429574081538,8.994429640402998,34.72241305359159,0.5269616427269885,deposition,dt,ALL
P03,DEPO-03,75,0.43122864664759764,10.83882974482334,20.580728355285448,55.00557465429657,0.1777555757180892,deposition,dt,ALL
P03,DEPO-04,75,0.4801782783824279,8.413838401669148,19.28812554355347,45.76369719781654,-0.04895358069531608,deposition,dt,ALL
P03,DEPO-05,75,0.6233689894171852,7.164421385387096,11.008207154261646,43.201422376511786,0.5321432450279848,deposition,dt,ALL
P01,DEPO-01,75,0.6533012670065644,9.054803415590976,15.31709845391136,31.357799242205804,0.7450273888453847,deposition,dt,TSFGA(seed0)
P01,DEPO-02,75,0.5760863679814795,11.430264564619756,18.531274588527907,45.991401350238434,0.486182805094296,deposition,dt,TSFGA(seed0)
P01,DEPO-03,75,0.603941427743544,8.657990866663066,15.525398414654898,39.24591268324662,0.4628841629818208,deposition,dt,TSFGA(seed0)
P01,DEPO-04,75,0.5251964050899126,11.43894039944292,23.05630503330218,51.12013528311439,0.32497667529992214,deposition,dt,TSFGA(seed0)
P01,DEPO-05,75,0.60968459396896,7.966493240053676,16.463033353308163,33.205277423374675,0.5794232255269434,deposition,dt,TSFGA(seed0)
P02,DEPO-01,75,0.6117238656263868,8.455373287609792,14.924406140728816,40.93801214321064,0.6079448373640433,deposition,dt,TSFGA(seed0)
P02,DEPO-02,75,0.7166432379405306,5.949578624427577,10.840190487093224,40.54365652927181,0.779380920209446,deposition,dt,TSFGA(seed0)
P02,DEPO-03,75,0.5974789202556763,7.33273126814096,12.475890740932453,40.74169275003819,0.4908710823623236,deposition,dt,TSFGA(seed0)
P02,DEPO-04,75,0.6890153851403439,8.090255785511665,16.144535374717755,28.236727346308932,0.6540575026026446,deposition,dt,TSFGA(seed0)
P02,DEPO-05,75,0.4994973576748103,11.089592858845387,19.36394072656138,54.01292373481967,0.23117398928873878,deposition,dt,TSFGA(seed0)
P03,DEPO-01,75,0.5675234445896388,10.643884581623594,19.81137791382451,50.7256251153983,0.5100253592918815,deposition,dt,TSFGA(seed0)
P03,DEPO-02,75,0.6861545270565241,4.780062094596129,7.8114591216773555,32.551509017338205,0.6432093794824127,deposition,dt,TSFGA(seed0)
P03,DEPO-03,75,0.520756780441635,9.132730810962123,16.589925720933095,52.823858698739045,0.4657207110156917,deposition,dt,TSFGA(seed0)
P03,DEPO-04,75,0.5276035239257899,7.64621301094935,17.85374599250543,42.145531903708964,0.10125823310799342,deposition,dt,TSFGA(seed0)
P03,DEPO-05,75,0.6435598582971648,6.780342834421722,11.097216008382524,34.35002201392336,0.5245467761988005,deposition,dt,TSFGA(seed0)
P01,DEPO-01,75,0.6321174048796978,9.608066779104313,16.495444727948577,32.57782632120892,0.7042882498741999,deposition,dt,TSFGA(majority)
P01,DEPO-02,75,0.6349110615573307,9.844135316303223,15.347407796976565,42.062709215234904,0.6475738568383798,deposition,dt,TSFGA(majority)
P01,DEPO-03,75,0.6167850823325929,8.377223697572337,15.444578149799641,36.74466817909297,0.4684617145728508,deposition,dt,TSFGA(majority)
P01,DEPO-04,75,0.5251964050899126,11.43894039944292,23.05630503330218,51.12013528311439,0.32497667529992214,deposition,dt,TSFGA(majority)
P01,DEPO-05,75,0.6022206518195051,8.118835278720363,16.73514162713921,34.01561546405252,0.5654053717052688,deposition,dt,TSFGA(majority)
P02,DEPO-01,75,0.6106829934271722,8.478040050281809,14.944278127331732,41.11620628933159,0.6069000920382849,deposition,dt,TSFGA(majority)
P02,DEPO-02,75,0.717328206890572,5.935196484421661,10.829238841058212,40.16509394745009,0.7798264698667619,deposition,dt,TSFGA(majority)
P02,DEPO-03,75,0.6528029017945888,6.32489364242924,11.822389962282264,33.09293125979833,0.5428116024241709,deposition,dt,TSFGA(majority)
P02,DEPO-04,75,0.6877932794041619,8.122048830987934,16.14919168599946,28.5850000794847,0.653857924453499,deposition,dt,TSFGA(majority)
P02,DEPO-05,75,0.49822822779012166,11.117712857654595,19.330681140503803,54.671431492065906,0.23381279870677607,deposition,dt,TSFGA(majority)
P03,DEPO-01,75,0.5883749422064708,10.13069853440083,19.49711406367763,45.07142389777298,0.5254468035349524,deposition,dt,TSFGA(majority)
P03,DEPO-02,75,0.6995333900916649,4.5762936748598735,7.362926880525047,31.17264865878272,0.6830067055817057,deposition,dt,TSFGA(majority)
P03,DEPO-03,75,0.5225831677082091,9.09792613855056,16.58233886524269,53.53805620029524,0.46620926932086915,deposition,dt,TSFGA(majority)
P03,DEPO-04,75,0.5350128310498437,7.5262859086033105,17.83678061387712,40.77888129422851,0.10296546586086397,deposition,dt,TSFGA(majority)
P03,DEPO-05,75,0.6441467332195252,6.769179071677384,11.096512786364388,33.57334560788408,0.5246070324976044,deposition,dt,TSFGA(majority)
P01,PLAN-01,75,0.7106755448164472,4.508743729583031,7.144198846075382,32.49723373933334,0.5401226035722012,planarization,rf,ALL
P01,PLAN-02,75,0.6706730545897217,5.727814996460451,8.650005313276262,39.11947594811926,0.5314985270787662,planarization,rf,ALL
P01,PLAN-03,75,0.6365809761218311,6.728881067894825,10.746462442902839,43.82202731708577,0.5955200913033207,planarization,rf,ALL
P01,PLAN-04,75,0.8363994158142336,2.956500449884052,4.3749845873314355,22.106043578291228,0.928172586796721,planarization,rf,ALL
P01,PLAN-05,75,0.6482574019302503,7.190647487525904,15.196757165996729,32.221918992353714,0.5560436476028605,planarization,rf,ALL
P02,PLAN-01,75,0.730686152587406,5.086826679053211,8.230544204775885,27.106915727745335,0.7350654763899225,planarization,rf,ALL
P02,PLAN-02,75,0.6656841521495065,6.4760367646334815,10.159475344906427,36.630331069930776,0.40205269148487166,planarization,rf,ALL
P02,PLAN-03,75,0.6784815053828884,7.4264900712472235,15.318557553154399,38.94893721001152,0.6076607724486744,planarization,rf,ALL
P02,PLAN-04,75,0.659455277908757,6.048397195224145,9.965716244303993,38.031276728819165,0.4615932337484834,planarization,rf,ALL
P02,PLAN-05,75,0.6992118744652143,6.898155632593849,11.466414650564193,33.1394973538347,0.6844081763876113,planarization,rf,ALL
P03,PLAN-01,75,0.648095475898242,6.610913541630971,12.037005346964461,33.41166520726264,0.6034025772063274,planarization,rf,ALL
P03,PLAN-02,75,0.6879700786770678,5.72488671570514,14.075948722938183,26.873382642023085,0.3818084035507622,planarization,rf,ALL
P03,PLAN-03,75,0.6585012521782945,8.658693252924136,11.953538097380301,40.80698974674615,0.6785741924290359,planarization,rf,ALL
P03,PLAN-04,75,0.713298595221814,6.843276065975271,9.847972851660925,37.11891040797566,0.7699204174108121,planarization,rf,ALL
P03,PLAN-05,75,0.679215773418231,6.594963754713538,11.7501483942186,31.88830387705887,0.631280334214991,planarization,rf,ALL
P01,PLAN-01,75,0.7300203273173802,4.2072805617153355,7.29943401251742,27.49966676061273,0.5199202694989503,planarization,rf,TSFGA(seed0)
P01,PLAN-02,75,0.7393583600414892,4.533206635116135,7.12980887768584,29.524398548002985,0.681701942168246,planarization,rf,TSFGA(seed0)
P01,PLAN-03,75,0.6772020565676122,5.976761885326437,10.20128371464913,36.26373638889114,0.6355184442680725,planarization,rf,TSFGA(seed0)
P01,PLAN-04,75,0.8351040907724518,2.9799088569373264,4.792596357681227,19.534179986686365,0.9138056343196443,planarization,rf,TSFGA(seed0)
P01,PLAN-05,75,0.7149644876807919,5.826959548719045,13.398183650079266,23.64023184688002,0.6549116644858037,planarization,rf,TSFGA(seed0)
P02,PLAN-01,75,0.7577138697840762,4.576324474169194,7.4604262048578045,24.091435596464166,0.7823249118002944,planarization,rf,TSFGA(seed0)
P02,PLAN-02,75,0.7144639207747279,5.53112321351604,8.699702245520434,29.82201645945284,0.5615408561333852,planarization,rf,TSFGA(seed0)
P02,PLAN-03,75,0.660122267428826,7.850554940497994,16.366738192117783,36.45794319011675,0.5521317681442524,planarization,rf,TSFGA(seed0)
P02,PLAN-04,75,0.7618709072537362,4.22939849962458,6.2491198451313,27.07845298979291,0.7882949675366163,planarization,rf,TSFGA(seed0)
P02,PLAN-05,75,0.7280907238925944,6.2358595479790555,11.0518750318423,28.278854394493337,0.706814566998915,planarization,rf,TSFGA(seed0)
P03,PLAN-01,75,0.6739462169292076,6.125278938384469,11.59967424235692,30.611172629575297,0.631697584875407,planarization,rf,TSFGA(seed0)
P03,PLAN-02,75,0.7266987636286534,5.014322379259349,12.473653056162464,22.55746034940593,0.5145381957684874,planarization,rf,TSFGA(seed0)
P03,PLAN-03,75,0.7361681192751107,6.689451542971914,9.774547050699129,32.450914300771814,0.7850778944564316,planarization,rf,TSFGA(seed0)
P03,PLAN-04,75,0.7468759150547619,6.041818991322346,9.299394433830214,30.160825348002383,0.7948395075493957,planarization,rf,TSFGA(seed0)
P03,PLAN-05,75,0.7345906411688906,5.456518608488225,9.902259726029392,24.20644791630177,0.7381345362133902,planarization,rf,TSFGA(seed0)
P01,PLAN-01,75,0.7352676712156081,4.125507560939819,7.118406017955361,26.851483158254485,0.5434372164309735,planarization,rf,TSFGA(majority)
P01,PLAN-02,75,0.7556200822036412,4.250374825066074,6.742801601455284,27.573964353524815,0.7153186774816203,planarization,rf,TSFGA(majority)
P01,PLAN-03,75,0.6901217547592249,5.737547350994298,9.651949823402633,33.67830116497454,0.6737158219451418,planarization,rf,TSFGA(majority)
P01,PLAN-04,75,0.8472324005767483,2.7607326628473334,4.453929510965016,17.16855419312002,0.9255570027997296,planarization,rf,TSFGA(majority)
P01,PLAN-05,75,0.7260316136978605,5.600715123603988,13.116064957070105,22.936219101883584,0.6692913574872659,planarization,rf,TSFGA(majority)
P02,PLAN-01,75,0.7613726360856135,4.507217333136941,7.135392291520601,23.814275627123024,0.8008789558000006,planarization,rf,TSFGA(majority)
P02,PLAN-02,75,0.7306970773927162,5.216670519334582,8.476592243388144,27.785264953216604,0.5837416687798535,planarization,rf,TSFGA(majority)
P02,PLAN-03,75,0.6692264154763214,7.640265746520498,16.428091020400384,34.59234000209228,0.5487676909799917,planarization,rf,TSFGA(majority)
P02,PLAN-04,75,0.776193638184633,3.975013216368962,5.879401174144552,25.399270617851855,0.812604281514911,planarization,rf,TSFGA(majority)
P02,PLAN-05,75,0.7355692093401673,6.064350927345426,11.191657805614156,27.410677545833167,0.6993513189359635,planarization,rf,TSFGA(majority)
P03,PLAN-01,75,0.6749726969127964,6.105995382877357,11.823030073970745,29.113205199811077,0.6173774432616546,planarization,rf,TSFGA(majority)
P03,PLAN-02,75,0.7301882916274961,4.950299184304335,13.244015913894465,21.44945567064824,0.45272308064930566,planarization,rf,TSFGA(majority)
P03,PLAN-03,75,0.7347283732493022,6.725956271844597,9.696638883648427,32.205276549121095,0.788490320080433,planarization,rf,TSFGA(majority)
P03,PLAN-04,75,0.7577148592356866,5.78310422377124,8.746243653050035,29.247390353494556,0.8185205146666492,planarization,rf,TSFGA(majority)
P03,PLAN-05,75,0.7476666515949929,5.1876905063857075,9.34585780969508,23.62462510517164,0.7667358826010402,planarization,rf,TSFGA(majority)
P01,PLAN-01,75,0.7149298581041921,4.442445813813583,7.244263473327904,29.232824079787306,0.5271499159077973,planarization,lgbm,ALL
P01,PLAN-02,75,0.6686997083689878,5.7621363972260236,8.941701295463819,36.399928821063234,0.4993680900546922,planarization,lgbm,ALL
P01,PLAN-03,75,0.6323541656617591,6.807142531972429,10.342575537324558,48.76313253265992,0.6253520964885964,planarization,lgbm,ALL
P01,PLAN-04,75,0.8329661188580479,3.0185451182821947,4.768293669175304,21.128021285499678,0.9146775807709447,planarization,lgbm,ALL
P01,PLAN-05,75,0.6393112613967759,7.373532765860393,15.73719264025405,32.29402435225697,0.5239057359992453,planarization,lgbm,ALL
P02,PLAN-01,75,0.7759667154678762,4.2315629133172985,7.209820379053182,24.987382946014865,0.7967032941380451,planarization,lgbm,ALL
P02,PLAN-02,75,0.7462056860971826,4.916253052486425,7.828330345177967,29.158815098932394,0.6449752404174618,planarization,lgbm,ALL
P02,PLAN-03,75,0.7057038169574124,6.797704387035323,14.84568442186009,31.26557077845681,0.6315093808018082,planarization,lgbm,ALL
P02,PLAN-04,75,0.6670584653438484,5.9133573764456635,10.439506919221405,31.828496291364626,0.4091823681800518,planarization,lgbm,ALL
P02,PLAN-05,75,0.7078363899135033,6.700364414232982,11.241339846330588,31.754944719862316,0.696676113152093,planarization,lgbm,ALL
P03,PLAN-01,75,0.6748729967122059,6.107868360804734,11.674502921431301,28.863009793260858,0.6269304724361753,planarization,lgbm,ALL
P03,PLAN-02,75,0.7071344406912279,5.373273636277792,14.301587689153928,24.236702351104977,0.36183019530204663,planarization,lgbm,ALL
P03,PLAN-03,75,0.7152534419487249,7.219742727370664,10.495964063355144,33.23910635780605,0.7521822133556451,planarization,lgbm,ALL
P03,PLAN-04,75,0.7127934600081038,6.855333138805935,10.653287554520372,30.567957905302706,0.7307524905016998,planarization,lgbm,ALL
P03,PLAN-05,75,0.7147960806944398,5.863472560870958,10.961666492889734,29.16772743907338,0.6791051347666466,planarization,lgbm,ALL
P01,PLAN-01,75,0.7048809161648137,4.599045448398123,7.15358712296483,28.257458121224598,0.538913148674215,planarization,lgbm,TSFGA(seed0)
P01,PLAN-02,75,0.7393662117137285,4.533070074999733,7.486815000732482,29.49500080471269,0.6490280441954384,planarization,lgbm,TSFGA(seed0)
P01,PLAN-03,75,0.6254312404242462,6.935323880510658,10.682735972907173,48.576972516396154,0.6003029956119815,planarization,lgbm,TSFGA(seed0)
P01,PLAN-04,75,0.8346490437930498,2.9881322175446012,4.58704302925581,20.74826707663728,0.9210407891009199,planarization,lgbm,TSFGA(seed0)
P01,PLAN-05,75,0.6626955421449067,6.895489672610129,14.462441924608557,30.039066889418937,0.5979114714913354,planarization,lgbm,TSFGA(seed0)
P02,PLAN-01,75,0.7435777451984793,4.843328998337867,7.944045872392578,29.37312501477056,0.7531887577418458,planarization,lgbm,TSFGA(seed0)
P02,PLAN-02,75,0.7616093547806202,4.617868380190586,7.3239062802066766,24.03413342908115,0.6892537399471841,planarization,lgbm,TSFGA(seed0)
P02,PLAN-03,75,0.6900981673042754,7.158166395114829,15.120541245120245,33.11635813384975,0.6177384100482027,planarization,lgbm,TSFGA(seed0)
P02,PLAN-04,75,0.7789346117495699,3.9263309266522364,5.725835264297681,22.235337920959537,0.8222657309381857,planarization,lgbm,TSFGA(seed0)
P02,PLAN-05,75,0.740422463139152,5.953048328646258,9.99998416338361,28.39862699410116,0.7599680342213279,planarization,lgbm,TSFGA(seed0)
P03,PLAN-01,75,0.620683718337143,7.125873557342996,12.627960925029866,35.30019504263406,0.5635048328681882,planarization,lgbm,TSFGA(seed0)
P03,PLAN-02,75,0.7094250760580558,5.331246807804169,13.271896527013292,23.94279273448649,0.4504164575270858,planarization,lgbm,TSFGA(seed0)
P03,PLAN-03,75,0.7233092515253057,7.015487852433319,10.554599544697433,31.096355904082763,0.7494056216214484,planarization,lgbm,TSFGA(seed0)
P03,PLAN-04,75,0.680981202453588,7.614659940486202,11.749916987718487,36.16550793403274,0.6724678076721546,planarization,lgbm,TSFGA(seed0)
P03,PLAN-05,75,0.7447004600126352,5.248672077030979,9.60419223093624,24.895903899902436,0.7536620705733146,planarization,lgbm,TSFGA(seed0)
P01,PLAN-01,75,0.7114720614200327,4.496331058695442,6.928460303967382,28.80487670331957,0.5674777412355945,planarization,lgbm,TSFGA(majority)
P01,PLAN-02,75,0.764440640859958,4.096963363134621,6.6784899349038,25.34793055285716,0.7207232616685659,planarization,lgbm,TSFGA(majority)
P01,PLAN-03,75,0.663724845974502,6.226299034593594,9.740372422512275,38.23241361234284,0.6677101860370844,planarization,lgbm,TSFGA(majority)
P01,PLAN-04,75,0.7993137644971964,3.6266920958904287,5.361207645751126,26.715764478103708,0.8921395003430654,planarization,lgbm,TSFGA(majority)
P01,PLAN-05,75,0.6607047114857945,6.93618807409915,14.662155180406412,28.689070860148718,0.586729838206103,planarization,lgbm,TSFGA(majority)
P02,PLAN-01,75,0.7491783330030743,4.737544540032061,7.679031367037519,28.512225527012742,0.7693813983369796,planarization,lgbm,TSFGA(majority)
P02,PLAN-02,75,0.7616735252741441,4.616625332701401,7.642007402196788,24.165358357377045,0.6616740873765882,planarization,lgbm,TSFGA(majority)
P02,PLAN-03,75,0.7084775674786679,6.7336358153945195,14.765588020588572,29.548860419379185,0.635474863517783,planarization,lgbm,TSFGA(majority)
P02,PLAN-04,75,0.7820543186624345,3.870921973532018,5.524169263080873,21.495274663442544,0.8345649874349632,planarization,lgbm,TSFGA(majority)
P02,PLAN-05,75,0.7644911322209795,5.4010670132247975,9.440927224005513,25.344198840628078,0.7860561744814102,planarization,lgbm,TSFGA(majority)
P03,PLAN-01,75,0.6283715854310348,6.981448518173646,12.27291746188891,35.55650073211712,0.5877044875668589,planarization,lgbm,TSFGA(majority)
P03,PLAN-02,75,0.7148259771962839,5.232155198102164,13.68950561559893,23.47178689433275,0.4152862948488375,planarization,lgbm,TSFGA(majority)
P03,PLAN-03,75,0.7138283804306388,7.255875130872465,10.873826877751611,31.375511048841414,0.7340177642043169,planarization,lgbm,TSFGA(majority)
P03,PLAN-04,75,0.6815966243610214,7.5999704344725325,11.853283876904552,36.27334422383559,0.6666796980976581,planarization,lgbm,TSFGA(majority)
P03,PLAN-05,75,0.7202819390848333,5.750689467906396,9.619836813203635,28.543685032294096,0.7528588811443544,planarization,lgbm,TSFGA(majority)
P01,PLAN-01,75,0.6973028481662928,4.717139739974714,6.400685484591171,33.453029081952224,0.6308626661405989,planarization,mlp,ALL
P01,PLAN-02,75,0.7131983669248632,4.988194005475525,7.4422232427872865,32.51640024901947,0.6531963985990128,planarization,mlp,ALL
P01,PLAN-03,75,0.6606817482055662,6.282643478939496,8.358686083132731,47.19221300872407,0.7552955121670949,planarization,mlp,ALL
P01,PLAN-04,75,0.6236090452991718,6.8019318662194745,9.079371600508471,53.69602311395717,0.6906509734192479,planarization,mlp,ALL
P01,PLAN-05,75,0.6813937862536208,6.513242874072496,12.921236836125008,30.195994521469434,0.6790431857809492,planarization,mlp,ALL
P02,PLAN-01,75,0.6349372587142086,6.89534128951003,9.654673238703367,43.166452549047726,0.6354504128213161,planarization,mlp,ALL
P02,PLAN-02,75,0.6934263934228979,5.938641437505109,9.89692224933038,29.97376730379045,0.432559054047425,planarization,mlp,ALL
P02,PLAN-03,75,0.670647719663209,7.607436215377312,14.25215754492156,33.17409771329499,0.6603847242461054,planarization,mlp,ALL
P02,PLAN-04,75,0.7300401164078194,4.794743529469518,7.034909821922023,28.802363673476943,0.7317062572240107,planarization,mlp,ALL
P02,PLAN-05,75,0.7129821924204712,6.582352619437075,9.59038664245543,34.558186457263005,0.7792286617722033,planarization,mlp,ALL
P03,PLAN-01,75,0.6826191335726938,5.962348659979525,11.497260489129387,30.986954429877894,0.6381723737264782,planarization,mlp,ALL
P03,PLAN-02,75,0.6943681757414416,5.60749931665594,11.284914502216557,30.26779828737329,0.6026581668514074,planarization,mlp,ALL
P03,PLAN-03,75,0.7425683734958963,6.527173237730661,9.199822259669963,30.196228397713604,0.8096088849392421,planarization,mlp,ALL
P03,PLAN-04,75,0.7671514205850127,5.5578629331786376,7.905694853487915,28.610460393615465,0.8517261753817447,planarization,mlp,ALL
P03,PLAN-05,75,0.6731519451765147,6.7196292592960525,11.455689989987022,36.17893000049205,0.6495289873415608,planarization,mlp,ALL
P01,PLAN-01,75,0.709146773086756,4.532567640167556,7.942100481382901,29.3235056151733,0.4316632350073797,planarization,mlp,TSFGA(seed0)
P01,PLAN-02,75,0.6924031948472614,5.349873789471559,8.339761400823313,36.678056106751896,0.5645027032297577,planarization,mlp,TSFGA(seed0)
P01,PLAN-03,75,0.718434692610123,5.213319451617025,7.868858146801141,30.965815745331955,0.7831350650406699,planarization,mlp,TSFGA(seed0)
P01,PLAN-04,75,0.7676712517182204,4.198518313578492,6.642486072514153,27.191591109038054,0.8344235846022752,planarization,mlp,TSFGA(seed0)
P01,PLAN-05,75,0.5762939890818533,8.661790126011516,19.388782514793874,32.32746355820692,0.2773308670878257,planarization,mlp,TSFGA(seed0)
P02,PLAN-01,75,0.7894307734445686,3.9772524499595376,5.826908753711755,27.612753967964228,0.8672122885721095,planarization,mlp,TSFGA(seed0)
P02,PLAN-02,75,0.7073609671465676,5.668714623343622,9.081411093771607,29.924947923522826,0.5222210351897179,planarization,mlp,TSFGA(seed0)
P02,PLAN-03,75,0.7306682846091654,6.221070774183586,13.639902055475918,24.19902570906554,0.6889369033827464,planarization,mlp,TSFGA(seed0)
P02,PLAN-04,75,0.7205237191540224,4.963763768881958,7.323361620535074,38.177476654901,0.7092535411110681,planarization,mlp,TSFGA(seed0)
P02,PLAN-05,75,0.7557907372088263,5.600598423423156,9.229097752643261,26.024935096521222,0.7955491364016428,planarization,mlp,TSFGA(seed0)
P03,PLAN-01,75,0.6072171193926086,7.37885843029789,14.587879736462483,38.82590302911096,0.41749812261505437,planarization,mlp,TSFGA(seed0)
P03,PLAN-02,75,0.6678659228178345,6.093742414931098,12.948178516804587,32.05982270070289,0.476899540274915,planarization,mlp,TSFGA(seed0)
P03,PLAN-03,75,0.7846455449885396,5.460307478399393,8.467986613964733,27.3133995847761,0.8386948886460828,planarization,mlp,TSFGA(seed0)
P03,PLAN-04,75,0.7395304971480609,6.217146777366518,9.48963338202348,32.45111663426382,0.7863596581190099,planarization,mlp,TSFGA(seed0)
P03,PLAN-05,75,0.5944771764220778,8.337094225933747,15.680614815983947,39.76270803772055,0.3433472426793649,planarization,mlp,TSFGA(seed0)
P01,PLAN-01,75,0.7038581153775227,4.614984462725086,6.7231695512749265,29.089499440163735,0.5927293404522789,planarization,mlp,TSFGA(majority)
P01,PLAN-02,75,0.7025765215395021,5.172934325501754,7.423043364642326,35.401658885648274,0.6549816392130825,planarization,mlp,TSFGA(majority)
P01,PLAN-03,75,0.6267931384555021,6.910107672010818,11.209910990998859,43.14170254541,0.5598808837906863,planarization,mlp,TSFGA(majority)
P01,PLAN-04,75,0.7503103226041782,4.512255547412505,6.65576294171578,29.01897147489946,0.8337610214048038,planarization,mlp,TSFGA(majority)
P01,PLAN-05,75,0.653955427937469,7.074163170250976,15.775279304108452,28.176710121049624,0.5215984903702195,planarization,mlp,TSFGA(majority)
P02,PLAN-01,75,0.7592171671532915,4.5479300442587265,7.163490835931683,28.06820894932855,0.7993076258422127,planarization,mlp,TSFGA(majority)
P02,PLAN-02,75,0.7697425763217451,4.460319636827428,6.664341347102582,24.30243750306226,0.7427029416756059,planarization,mlp,TSFGA(majority)
P02,PLAN-03,75,0.7373698549563276,6.066276737516325,14.106019625535573,24.66208866210133,0.6673136709182336,planarization,mlp,TSFGA(majority)
P02,PLAN-04,75,0.7191640465597808,4.987912843502559,7.811095093760829,31.780135559972212,0.6692366935877805,planarization,mlp,TSFGA(majority)
P02,PLAN-05,75,0.753078081542162,5.662809393131543,9.435934803989097,26.055530711280845,0.7862823842600357,planarization,mlp,TSFGA(majority)
P03,PLAN-01,75,0.7278783017727002,5.112105405221431,9.09348084301709,25.456359047095805,0.7736537554446365,planarization,mlp,TSFGA(majority)
P03,PLAN-02,75,0.7372423163961285,4.820877324634653,9.557775446968211,24.62601613511153,0.714976026244152,planarization,mlp,TSFGA(majority)
P03,PLAN-03,75,0.7107307945763375,7.334414352196333,10.922337268271907,35.57013432527968,0.7316392670049923,planarization,mlp,TSFGA(majority)
P03,PLAN-04,75,0.7587905297913229,5.757429042395844,9.369604639011584,29.61201814404199,0.7917298993570733,planarization,mlp,TSFGA(majority)
P03,PLAN-05,75,0.6427041410846619,7.34560194671933,14.075773535838254,32.45669066601068,0.4708800452601902,planarization,mlp,TSFGA(majority)
P01,PLAN-01,75,0.7590910340745076,3.7542515679422697,6.058026273394807,25.8099756327188,0.6693280920235033,planarization,svr,ALL
P01,PLAN-02,75,0.7058014699340487,5.116844448756073,8.649245864642205,32.00894139754093,0.5315807899610383,planarization,svr,ALL
P01,PLAN-03,75,0.6463186495753337,6.548583278727404,12.270574395674679,34.52158243202786,0.47265395950233013,planarization,svr,ALL
P01,PLAN-04,75,0.6815279838024877,5.755252426814647,9.72002941896253,33.53354196323327,0.6454542122663611,planarization,svr,ALL
P01,PLAN-05,75,0.6316554185224104,7.530040586157249,18.000433490599146,29.657374505955968,0.37712004505734087,planarization,svr,ALL
P02,PLAN-01,75,0.7472544927568147,4.77388222554259,8.726050348096445,26.617525026196613,0.70220535749052,planarization,svr,ALL
P02,PLAN-02,75,0.7565136237469887,4.716577854266247,9.348957999670386,22.363242670415705,0.4936547137033954,planarization,svr,ALL
P02,PLAN-03,75,0.5990459432495201,9.261306491963339,19.403180975026878,36.8368677100628,0.37053460987478914,planarization,svr,ALL
P02,PLAN-04,75,0.7502079839255281,4.4365430776208505,9.510574340772527,24.238054401681907,0.509649114545216,planarization,svr,ALL
P02,PLAN-05,75,0.6569580173891708,7.867188840502905,14.716661001661116,28.997871745087306,0.48013685541697093,planarization,svr,ALL
P03,PLAN-01,75,0.6513480709315838,6.549809966431856,15.208707057356174,29.75847449376153,0.3668631802511064,planarization,svr,ALL
P03,PLAN-02,75,0.7050107675058868,5.4122371701456755,15.287027581647099,23.5766011130922,0.27085509874634306,planarization,svr,ALL
P03,PLAN-03,75,0.6277132258342845,9.439322984881198,15.037669132786055,33.23753779410237,0.4913150910816976,planarization,svr,ALL
P03,PLAN-04,75,0.6503220050910032,8.34646434749883,13.737539120109279,32.74519946912498,0.5522843456146119,planarization,svr,ALL
P03,PLAN-05,75,0.6316611245716426,7.572633975139532,14.407008815569386,36.902451226490555,0.4456842194622189,planarization,svr,ALL
P01,PLAN-01,75,0.7460165673024204,3.95800005522065,6.367344882054082,24.549037356603634,0.6346982576390308,planarization,svr,TSFGA(seed0)
P01,PLAN-02,75,0.7363815612313477,4.5849805731549225,7.724517878351416,26.4751737753534,0.6263878617739003,planarization,svr,TSFGA(seed0)
P01,PLAN-03,75,0.7049728774990243,5.462571546000889,10.642864375177986,27.82997165868456,0.6032810375461574,planarization,svr,TSFGA(seed0)
P01,PLAN-04,75,0.7877453798768755,3.835749627711798,7.022378677347936,23.259897341153458,0.8149429388811145,planarization,svr,TSFGA(seed0)
P01,PLAN-05,75,0.6803415749412561,6.534753150823511,16.12684205249806,23.035306234034024,0.5000378904588081,planarization,svr,TSFGA(seed0)
P02,PLAN-01,75,0.7707471367202994,4.330150834739385,7.135752513931715,25.948100923519636,0.800858850479854,planarization,svr,TSFGA(seed0)
P02,PLAN-02,75,0.7938348075416615,3.993628703312357,7.260310800634525,18.83675462209518,0.6946268992990554,planarization,svr,TSFGA(seed0)
P02,PLAN-03,75,0.6853639455324971,7.267518272446377,17.026220705224294,30.36738743744925,0.5153117350377852,planarization,svr,TSFGA(seed0)
P02,PLAN-04,75,0.7221421154421983,4.935019516115233,9.275104615237568,30.5691768653381,0.5336294607215245,planarization,svr,TSFGA(seed0)
P02,PLAN-05,75,0.7257159692401602,6.290321229777804,12.9253279083853,22.882071448306984,0.5989914828421745,planarization,svr,TSFGA(seed0)
P03,PLAN-01,75,0.6768654861785821,6.070437254658984,14.258368700878298,26.476843233668063,0.44351602526606815,planarization,svr,TSFGA(seed0)
P03,PLAN-02,75,0.7354461530654619,4.8538319577909,14.719611151080956,20.768714926548093,0.3239786380683555,planarization,svr,TSFGA(seed0)
P03,PLAN-03,75,0.7184355856586242,7.139059543474699,12.551525915947161,22.978919373688644,0.6456104902138777,planarization,svr,TSFGA(seed0)
P03,PLAN-04,75,0.6945677971486981,7.290361500556728,12.931207163220144,25.40016017504073,0.6032996952434457,planarization,svr,TSFGA(seed0)
P03,PLAN-05,75,0.6976788656517139,6.215383295358519,12.611757797580696,26.118829375067502,0.5752231479102938,planarization,svr,TSFGA(seed0)
P01,PLAN-01,75,0.7758262757065384,3.493454686034706,5.5084807453853415,20.352448963920562,0.7265999008910969,planarization,svr,TSFGA(majority)
P01,PLAN-02,75,0.7775852743572746,3.8683454807590683,6.4780748773128725,22.27778526375679,0.7372334135886867,planarization,svr,TSFGA(majority)
P01,PLAN-03,75,0.7328776064826912,4.945901833559312,9.878202833437953,26.460687205196137,0.6582395658586192,planarization,svr,TSFGA(majority)
P01,PLAN-04,75,0.8457751025331952,2.7870681575695753,5.26945270810081,14.619596697289547,0.8957998861143843,planarization,svr,TSFGA(majority)
P01,PLAN-05,75,0.6819886434114042,6.501082253918653,16.39022131240297,21.40058815755152,0.48357404362145406,planarization,svr,TSFGA(majority)
P02,PLAN-01,75,0.8185158455333983,3.4278907216820387,5.7878956132361665,17.813024743539057,0.8689844540086634,planarization,svr,TSFGA(majority)
P02,PLAN-02,75,0.8162672010270845,3.559090508774567,6.249519667074107,16.34755116262535,0.7737369525512889,planarization,svr,TSFGA(majority)
P02,PLAN-03,75,0.6867439074202547,7.235643672914131,17.003365299183503,34.47276677145148,0.5166121189690778,planarization,svr,TSFGA(majority)
P02,PLAN-04,75,0.7682764187342693,4.115630541528163,8.594255828047896,19.35236813707987,0.599585284934544,planarization,svr,TSFGA(majority)
P02,PLAN-05,75,0.7508161926570289,5.714682656165253,11.822647664624263,19.491503690269802,0.6644942624548433,planarization,svr,TSFGA(majority)
P03,PLAN-01,75,0.7003973459651187,5.628365386104112,12.25151379414708,23.167155977763784,0.5891413001604713,planarization,svr,TSFGA(majority)
P03,PLAN-02,75,0.741639636553054,4.740198652395936,14.715543968757736,18.668217293820977,0.3243521699839843,planarization,svr,TSFGA(majority)
P03,PLAN-03,75,0.7391842747151331,6.612976988014165,11.59866126470344,20.272691664768388,0.697375883859533,planarization,svr,TSFGA(majority)
P03,PLAN-04,75,0.7425281127690864,6.145596687647814,11.174172835742803,22.54515095473344,0.7037794633306719,planarization,svr,TSFGA(majority)
P03,PLAN-05,75,0.7660294070557562,4.810172858492466,10.103947747216687,17.843601063888435,0.7273586133984448,planarization,svr,TSFGA(majority)
P01,PLAN-01,75,0.663780200232084,5.23954642203861,7.869881512034914,35.81105041882422,0.4419522214165761,planarization,dt,ALL
P01,PLAN-02,75,0.5493670614605557,7.837628044828403,12.873181887442628,42.43586241690682,-0.037647927949174154,planarization,dt,ALL
P01,PLAN-03,75,0.5691542811656236,7.977319320575957,11.665877486159857,46.885413008712376,0.5233487611121399,planarization,dt,ALL
P01,PLAN-04,75,0.7338039564270544,4.810549586345791,7.8863164971585675,33.11702823987208,0.7666082093695696,planarization,dt,ALL
P01,PLAN-05,75,0.5191630813203858,9.829712978146723,18.454864967063802,47.1824858741267,0.34527312113060393,planarization,dt,ALL
P02,PLAN-01,75,0.7070740118689001,5.532815136425188,9.705023022496382,30.09127559898179,0.6316381959362172,planarization,dt,ALL
P02,PLAN-02,75,0.6175823414945524,7.4078175828321715,10.952929493922431,39.09408966319688,0.305006187608135,planarization,dt,ALL
P02,PLAN-03,75,0.5513486616673355,10.363026592131797,17.652483932769865,50.47771708692675,0.4790001032235801,planarization,dt,ALL
P02,PLAN-04,75,0.5611171277447052,7.794975993988846,13.754917351724096,46.60108617520411,-0.025674232312052236,planarization,dt,ALL
P02,PLAN-05,75,0.6277081515181488,8.537993669157853,14.138196160305135,38.51011310634914,0.5202019667798,planarization,dt,ALL
P03,PLAN-01,75,0.6112541070036319,7.3030191777812234,12.357148733029243,38.0621095956711,0.58202574848856,planarization,dt,ALL
P03,PLAN-02,75,0.6017429316179816,7.306916562839025,13.633338910717539,39.24211051430906,0.42007449837093114,planarization,dt,ALL
P03,PLAN-03,75,0.58122621545366,10.618000112392888,15.201634467358973,45.74061251685059,0.4801615793478001,planarization,dt,ALL
P03,PLAN-04,75,0.606537342370373,9.39156049791604,14.844287416824063,47.264442932911585,0.4772390907500199,planarization,dt,ALL
P03,PLAN-05,75,0.6988077922096281,6.192173832067528,10.576095081294326,31.902246460092552,0.701282757381039,planarization,dt,ALL
P01,PLAN-01,75,0.6892384771689575,4.842812428597595,8.209736588208484,32.97728920909842,0.3927137584948335,planarization,dt,TSFGA(seed0)
P01,PLAN-02,75,0.6311411540089358,6.4153731089711625,10.329067514258137,43.23925190944766,0.3319631117413665,planarization,dt,TSFGA(seed0)
P01,PLAN-03,75,0.657556495012213,6.340509071171624,10.31960764017239,33.046464566023644,0.6270142202032536,planarization,dt,TSFGA(seed0)
P01,PLAN-04,75,0.7740766663097667,4.082763157716108,6.937842749586873,23.807658615996047,0.8193715831947797,planarization,dt,TSFGA(seed0)
P01,PLAN-05,75,0.5985347149191096,8.207124639829184,16.232011265485177,36.63591471955992,0.4934957453278598,planarization,dt,TSFGA(seed0)
P02,PLAN-01,75,0.6638022810033362,6.350135883689027,9.959044816282002,34.89683884453067,0.6121026391501283,planarization,dt,TSFGA(seed0)
P02,PLAN-02,75,0.6309854823146843,7.148185162560097,11.63221416745378,36.535974124899745,0.21612803330389152,planarization,dt,TSFGA(seed0)
P02,PLAN-03,75,0.6203139187699134,8.770055096842741,16.043342896594766,39.394200282805656,0.5696560327848166,planarization,dt,TSFGA(seed0)
P02,PLAN-04,75,0.719573419084004,4.98064199927362,7.867597800328249,32.64585301063164,0.6644341360163202,planarization,dt,TSFGA(seed0)
P02,PLAN-05,75,0.669363748240861,7.5826807270297465,12.647812459084907,35.02219991120317,0.6160264650838938,planarization,dt,TSFGA(seed0)
P03,PLAN-01,75,0.6645876298503306,6.301090290080505,10.589734565459407,33.011961856694846,0.6930390502715629,planarization,dt,TSFGA(seed0)
P03,PLAN-02,75,0.6135572641438947,7.09015621163372,13.83770595408909,35.613252630436385,0.40255773815507057,planarization,dt,TSFGA(seed0)
P03,PLAN-03,75,0.6769693770624396,8.190434351980825,12.245545321547771,37.14919391124239,0.6626784683277652,planarization,dt,TSFGA(seed0)
P03,PLAN-04,75,0.6484684719965121,8.390706330452618,13.855343331420215,37.336769382725414,0.5445727848985998,planarization,dt,TSFGA(seed0)
P03,PLAN-05,75,0.7162654220572404,5.833264551162283,10.326725418244168,29.07492051113672,0.7152033623100797,planarization,dt,TSFGA(seed0)
P01,PLAN-01,75,0.6880723527013466,4.860984955278474,8.191745271955037,33.22377347413264,0.3953725300381632,planarization,dt,TSFGA(majority)
P01,PLAN-02,75,0.6240869882809388,6.538062602823545,10.413289458581708,43.25840037295001,0.321024515821114,planarization,dt,TSFGA(majority)
P01,PLAN-03,75,0.6513353987175832,6.455695713389116,10.373090539963401,34.31623495259277,0.6231380934251345,planarization,dt,TSFGA(majority)
P01,PLAN-04,75,0.7674080882905633,4.203274059385474,7.366807073716005,23.626623531393353,0.796344677807568,planarization,dt,TSFGA(majority)
P01,PLAN-05,75,0.6029663764881903,8.116528515554931,16.244442473452434,35.3097609651674,0.4927196405457911,planarization,dt,TSFGA(majority)
P02,PLAN-01,75,0.6823486584193392,5.999830066346553,9.579079368371588,31.398884553966884,0.6411367428011632,planarization,dt,TSFGA(majority)
P02,PLAN-02,75,0.6486863491835071,6.8053014334595785,10.780379320279039,34.439743486052095,0.32673127867897855,planarization,dt,TSFGA(majority)
P02,PLAN-03,75,0.652066393007867,8.036630928051101,15.984435810688394,36.5657552219835,0.572810458798974,planarization,dt,TSFGA(majority)
P02,PLAN-04,75,0.7159946854519779,5.0442037022108375,7.893013320233596,33.303513738634365,0.6622626075539815,planarization,dt,TSFGA(majority)
P02,PLAN-05,75,0.6752491587080539,7.447707056469408,12.58587139419612,34.57099380231276,0.619778179589751,planarization,dt,TSFGA(majority)
P03,PLAN-01,75,0.6359405828262592,6.839256577037392,11.735675926813494,35.18992525349888,0.6230105494916706,planarization,dt,TSFGA(majority)
P03,PLAN-02,75,0.6454331922804297,6.505321024142967,13.854840596295295,30.616506654334735,0.40107724746895856,planarization,dt,TSFGA(majority)
P03,PLAN-03,75,0.7041396665185997,7.501532259382593,10.979560144734048,33.83251954465869,0.7288199803924559,planarization,dt,TSFGA(majority)
P03,PLAN-04,75,0.6507020140803359,8.337393912620536,13.815972512860192,36.607274847326146,0.5471573569947321,planarization,dt,TSFGA(majority)
P03,PLAN-05,75,0.7223549166418952,5.708071375368504,10.01923554924397,28.987620982764522,0.7319111372725483,planarization,dt,TSFGA(majority)
