process,method,seed,n_selected,PRF,CFS,n_high_corr_pairs,time_s,n_evals,val_MRA,MRA,MRA_std,MAE,MAE_std,RMSE,RMSE_std,MAPE,MAPE_std,R2,R2_std,rec_precision,rec_recall,rec_f1,param,value
lithography,TSFGA,0,5,0.9074074074074074,0.5895199017030333,0,3920.4219913000125,8920,0.7371753704715444,0.7263373444705531,0.045001984901894686,3.884369101181855,0.869012075269915,6.519905566949989,1.8292683672946417,28.303075600431328,3.7050743800110606,0.6522897920132629,0.1514102004009143,0.6,0.2727272727272727,0.37499999999999994,lambda,0.5
lithography,TSFGA,1,3,0.9444444444444444,0.6842397092806082,0,6835.992599099991,15463,0.711841569326269,0.7046074656590734,0.060681071901904915,4.193759047230844,1.0732293997232385,6.912474379687992,2.086367400743038,31.317034675045768,5.497663151367267,0.612184055965877,0.15954363183305037,1.0,0.2727272727272727,0.42857142857142855,lambda,0.5
lithography,TSFGA,2,4,0.9259259259259259,0.57435709251169,0,4930.608221900009,11177,0.7073525770424129,0.7033499725738007,0.05459572023447355,4.2121280867234185,1.0090211026019167,6.969700908322954,2.0449697257192927,31.89056266209465,4.839106500815606,0.6077085673128995,0.1503546860590594,0.75,0.2727272727272727,0.39999999999999997,lambda,0.5
implantation,TSFGA,0,4,0.9259259259259259,0.5837180031252457,0,3577.9403491999838,8233,0.6970571619378583,0.6802517591352273,0.05317824140284021,8.559604640109361,2.3861745417570943,15.351801753656806,4.374610465197674,32.988368096242354,6.505624291649085,0.6984333549607766,0.08745893156607998,0.5,0.18181818181818182,0.26666666666666666,lambda,0.5
implantation,TSFGA,1,6,0.8888888888888888,0.5351493111496075,0,5173.707753999974,11553,0.6985080401387149,0.687773198221678,0.059425451532682624,8.33424508638272,2.3761046283250504,15.066368628957282,4.455550290456036,32.085231640182805,6.705864635918158,0.708714855061541,0.0911622232244438,0.6666666666666666,0.36363636363636365,0.4705882352941177,lambda,0.5
implantation,TSFGA,2,6,0.8888888888888888,0.6420951619159798,0,3817.38177919999,8382,0.7480364338365678,0.7191647741776069,0.0389879540114287,7.504728126489153,1.8229035538397227,13.841198066579345,3.2708520335366496,27.70062563306324,5.322944173313272,0.7510627729124356,0.06414812495572987,0.8333333333333334,0.45454545454545453,0.5882352941176471,lambda,0.5
etching,TSFGA,0,6,0.8888888888888888,0.5454369625789975,0,2444.9131041000364,5432,0.7319731604132869,0.7697462672790653,0.026341044641878517,2.640086923164544,0.6130732605906974,4.448929904278473,1.064833777738272,23.664083976743328,3.4259075571904996,0.7784342733945266,0.05471888559745671,0.3333333333333333,0.18181818181818182,0.23529411764705885,lambda,0.5
etching,TSFGA,1,5,0.9074074074074074,0.5622336319609141,0,4455.512006499979,10023,0.7344668389708879,0.7708423829949335,0.03394985030632368,2.6150361498689993,0.6098214245661046,4.367454519896327,1.0926035583668328,23.867189969896636,4.189609101034526,0.781679777221287,0.07284380795746433,0.8,0.36363636363636365,0.5000000000000001,lambda,0.5
etching,TSFGA,2,4,0.9259259259259259,0.6289051082661228,0,4416.040588499978,9928,0.728728765446609,0.7657554584686588,0.02919842851019181,2.6750991197845866,0.5863196722947256,4.488913295940723,1.055891305209734,24.094460494485386,3.869592314221658,0.7710220612857953,0.06746737505173687,0.75,0.2727272727272727,0.39999999999999997,lambda,0.5
metalization,TSFGA,0,5,0.9074074074074074,0.7184981892685167,0,6458.519330500043,14277,0.7346141993094588,0.7494356250655249,0.03266796598163693,6.7970499557259485,1.6944423103316903,12.596766862266515,3.266866829582986,26.78989251914148,4.331579849018959,0.7782674939053952,0.05092783729455552,1.0,0.45454545454545453,0.625,lambda,0.5
metalization,TSFGA,1,4,0.9259259259259259,0.5996192150219375,0,5579.3114224999445,12338,0.7046599544190764,0.7174444220632338,0.04275145009242344,7.612594503224639,1.7543026377323538,13.436813805896888,3.702234483029592,31.317047837558015,5.436907036399651,0.7419337316322413,0.07664278016120173,0.75,0.2727272727272727,0.39999999999999997,lambda,0.5
metalization,TSFGA,2,4,0.9259259259259259,0.5823128441854067,0,3515.2842039000243,7667,0.7073216101265412,0.7201736808261503,0.041682386672085035,7.553199911519937,1.7654867509195742,13.685622475804175,3.727768015589201,29.994647706314936,5.738579693298153,0.7354963061710094,0.08019491396801263,0.5,0.18181818181818182,0.26666666666666666,lambda,0.5
deposition,TSFGA,0,6,0.8888888888888888,0.5920945417058783,0,4020.4638743000105,8777,0.6918238759423927,0.6751396560260514,0.04650449955246158,6.988735270564317,1.4629024429167239,12.996502934303853,3.1090227622832045,36.31804548823989,7.910929210712478,0.673047546316689,0.08547050260536629,0.5,0.2727272727272727,0.3529411764705882,lambda,0.5
deposition,TSFGA,1,5,0.9074074074074074,0.6452517834689879,0,3757.5664970999933,8388,0.6995474454017271,0.6876473300537789,0.05463157126433726,6.698691087857655,1.5130373077765287,12.597309792341113,3.367399003681345,34.61881678126861,7.697188513646407,0.6845777680372542,0.12410504429199364,0.6,0.2727272727272727,0.37499999999999994,lambda,0.5
deposition,TSFGA,2,4,0.9259259259259259,0.695164062836514,0,5706.015115800023,12567,0.6914306412042597,0.6920567183382881,0.04726207115876859,6.633881042343583,1.5114453561475427,12.246551587882182,3.19788074119587,34.1273208650107,7.440532916457576,0.7096358089780684,0.08658842155703161,1.0,0.36363636363636365,0.5333333333333333,lambda,0.5
planarization,TSFGA,0,6,0.8888888888888888,0.5220126232368051,0,4347.015004899993,9862,0.6822923235306622,0.6802561084820475,0.05792064814629531,6.4379954798677606,1.8618911059020422,10.921615595238054,3.6554842586747087,35.3029790494147,7.719845253836145,0.598792421416881,0.1763864244182772,0.5,0.2727272727272727,0.3529411764705882,lambda,0.5
planarization,TSFGA,1,5,0.9074074074074074,0.593929763776267,0,3738.9648749000044,8548,0.6797370754940604,0.6966879132391401,0.044661710456065734,6.036227714610934,1.105437096459121,10.43334959149147,2.8496413591816263,32.82109883689266,4.277880776062769,0.6294535214033612,0.13750523923324184,0.4,0.18181818181818182,0.25000000000000006,lambda,0.5
planarization,TSFGA,2,6,0.8888888888888888,0.5081224890191101,0,3111.980015999987,6974,0.6737814109850249,0.6855900309407716,0.05671650833723884,6.338602935829582,1.877595960124168,10.893402105296397,3.708728024564528,34.87816112348947,7.751759000520762,0.5993302738807671,0.17909952363975504,0.5,0.2727272727272727,0.3529411764705882,lambda,0.5
lithography,TSFGA,0,4,0.9259259259259259,0.6474545387016579,0,4940.011085400009,10789,0.7417299959674519,0.7367717937757962,0.04862216888683118,3.733293104880872,0.8885218852844593,6.256537031674999,1.9374708682712505,26.84074210344197,4.027166376664288,0.6754982448536884,0.1580657773478995,0.75,0.2727272727272727,0.39999999999999997,lambda,1.0
lithography,TSFGA,1,6,0.8888888888888888,0.54301930017447,0,3856.5425314999884,8384,0.7327851967938405,0.7245974159871927,0.052905187300053634,3.8962828254082007,0.8884371156907027,6.455275490713408,1.8974153213246856,28.831897188969798,5.087310132550164,0.6566292626058841,0.15353002109796215,0.5,0.2727272727272727,0.3529411764705882,lambda,1.0
lithography,TSFGA,2,6,0.8888888888888888,0.5439735320450583,0,2841.667691700044,6136,0.7357848070345141,0.7260476674932337,0.04771082940305885,3.8757307573158615,0.8287759968590015,6.460190243604782,1.8021920217628784,28.71237756837382,4.465648454382038,0.6580446542555953,0.14569268582479195,0.5,0.2727272727272727,0.3529411764705882,lambda,1.0
implantation,TSFGA,0,7,0.8703703703703703,0.5916872743922086,0,4423.720847600023,9390,0.7434386965734657,0.7129021545392812,0.04216500274017036,7.675699787598737,1.9197777434470213,14.030799308590465,3.487729489341915,28.912351293262336,5.440504330895426,0.7457170894703553,0.06478895710812292,0.5714285714285714,0.36363636363636365,0.4444444444444444,lambda,1.0
implantation,TSFGA,1,9,0.8333333333333334,0.5302816343958542,0,2958.5554887999897,6205,0.7339690170228683,0.7001443536312035,0.04569619839180766,7.955333581304231,1.7378902308426702,14.635114174999789,3.3207864755547303,30.517126658028968,5.3332839657225515,0.7189669414306794,0.07822858868456505,0.5555555555555556,0.45454545454545453,0.5,lambda,1.0
implantation,TSFGA,2,7,0.8703703703703703,0.5511011532683286,0,2470.9694742999854,5199,0.72027489147763,0.6932408096329338,0.04177516354325389,8.18082427740478,1.9063970517981483,14.809127247163003,3.520359308943834,30.849352430535458,5.398403094758344,0.7164726659506019,0.06969082350367757,0.5714285714285714,0.36363636363636365,0.4444444444444444,lambda,1.0
etching,TSFGA,0,5,0.9074074074074074,0.5800238155881537,0,6418.302423699992,14032,0.7327414463496013,0.764670727740793,0.03103123871821683,2.694860645874198,0.6392550571222619,4.529195259077254,1.135091940623974,23.722431415063816,3.6471530942406742,0.7690123960517486,0.06684015524349671,0.6,0.2727272727272727,0.37499999999999994,lambda,1.0
etching,TSFGA,1,6,0.8888888888888888,0.6188550298578965,0,3310.4323250000016,7138,0.7333018312588379,0.7623629289447436,0.03182916907277063,2.7254423232026945,0.6520719863181362,4.59473060012642,1.1964245837593595,24.148076467061124,3.6504977415959052,0.7599699499216246,0.0771363688594463,0.6666666666666666,0.36363636363636365,0.4705882352941177,lambda,1.0
etching,TSFGA,2,6,0.8888888888888888,0.6549318585494888,0,5158.694336400018,11090,0.7512301041777851,0.7840876141750776,0.028628918778231684,2.476454249994508,0.5854363465128148,4.27947524436325,1.112685599486142,21.801661982579425,3.3469216689710977,0.7947155422993831,0.05575164517014075,0.6666666666666666,0.36363636363636365,0.4705882352941177,lambda,1.0
metalization,TSFGA,0,6,0.8888888888888888,0.46982567589470203,0,3149.094869899971,6606,0.7001556614850846,0.7134517626746673,0.03770849898305884,7.728489518984887,1.6772195094773041,13.73488002383871,3.383318193768301,31.794321262584766,5.439268659157782,0.730953063899731,0.07760407931392413,0.5,0.2727272727272727,0.3529411764705882,lambda,1.0
metalization,TSFGA,1,6,0.8888888888888888,0.488091601084323,0,3600.0180449999752,7617,0.699914236230583,0.7129328221341596,0.0498427323736532,7.724015931741988,1.7880659764866096,13.714254512618465,3.700330436468783,31.49414062671892,5.8588231127667525,0.7307900142713468,0.09098508950971017,0.5,0.2727272727272727,0.3529411764705882,lambda,1.0
metalization,TSFGA,2,5,0.9074074074074074,0.6246190204889268,0,7068.459738000005,14817,0.7295729058048994,0.7356133631373224,0.025414218678862656,7.163176943890084,1.6058895685227834,13.0312431583915,3.450409971394302,28.39647229051859,4.774519081845037,0.7597593677183843,0.06627997747896229,0.8,0.36363636363636365,0.5000000000000001,lambda,1.0
deposition,TSFGA,0,6,0.8888888888888888,0.5139038225246245,0,7425.679988699965,15575,0.6657822434300742,0.6466944957338743,0.0460870718453163,7.5782651697936085,1.338080053819037,14.214616419695068,3.220689721285175,37.78349075453795,7.299603297616328,0.5983425029584309,0.15751926636224473,0.6666666666666666,0.36363636363636365,0.4705882352941177,lambda,1.0
deposition,TSFGA,1,7,0.8703703703703703,0.5505570291878056,0,3638.671930499957,7526,0.6869266328464507,0.674546290218405,0.05711238339756075,6.957243703256584,1.4133912450615178,12.89088103182262,3.439247414204817,36.710933346205756,7.840811316950166,0.6668256512281665,0.1401741755108738,0.42857142857142855,0.2727272727272727,0.33333333333333326,lambda,1.0
deposition,TSFGA,2,6,0.8888888888888888,0.5121983357328731,0,4442.373753299995,9309,0.6635552294599095,0.6530950136357743,0.03879112115173015,7.479490116560012,1.5021300201530767,13.433672021481145,3.2375305519976862,39.28462198014049,7.150365233850566,0.6538076718642405,0.07676695982276162,0.3333333333333333,0.18181818181818182,0.23529411764705885,lambda,1.0
planarization,TSFGA,0,6,0.8888888888888888,0.5594202203121765,0,3677.6851503999787,8072,0.6891029194011571,0.6943150860685396,0.04760500766339314,6.1099580795295045,1.3086607218705542,10.608792427628762,3.1088520503429455,32.35568569038167,5.769010484459369,0.6254642352609054,0.13058892569096595,0.5,0.2727272727272727,0.3529411764705882,lambda,1.0
planarization,TSFGA,1,6,0.8888888888888888,0.6494576690934035,0,4063.6325454000034,8929,0.709032136153516,0.7210037308080611,0.04454473529891692,5.577723779176446,1.2090380948206836,9.797252609621573,3.000841435610192,29.44137014972865,5.1445122421916345,0.6811462908842886,0.11173486382985902,0.6666666666666666,0.36363636363636365,0.4705882352941177,lambda,1.0
planarization,TSFGA,2,6,0.8888888888888888,0.5572834585979118,0,3779.816859799961,8299,0.6900656239098519,0.7028445410975457,0.03947568903107146,5.940710907545446,1.2180406014208078,10.276408463857006,3.0024667914165857,32.483996087791574,4.710020720827799,0.6454381525664605,0.13324092476153182,0.6666666666666666,0.36363636363636365,0.4705882352941177,lambda,1.0
lithography,TSFGA,0,8,0.8518518518518519,0.5225571858383712,0,3029.853413100005,6290,0.7529002785425358,0.741763540803167,0.04201677606587459,3.6529661678181875,0.7392086076375289,6.343524743619263,1.687459387939982,26.54387327754964,4.001405362689473,0.6691133297000563,0.14274477019162532,0.375,0.2727272727272727,0.3157894736842105,lambda,2.0
lithography,TSFGA,1,7,0.8703703703703703,0.5752598083196256,0,6356.986678599962,13350,0.7553831669207611,0.7481618211776296,0.04647701275448337,3.560959059786988,0.7740661640507456,6.1721738399006325,1.7050050339348404,25.23067559731165,4.361602391245652,0.6855599786989697,0.13280804173733146,0.5714285714285714,0.36363636363636365,0.4444444444444444,lambda,2.0
lithography,TSFGA,2,8,0.8518518518518519,0.5202741014478253,0,2430.0410663000075,4973,0.734145112152969,0.7309478462928751,0.046712060585945576,3.8136939225532065,0.8679120338950412,6.428787676926384,1.8300909679456177,28.1252296538061,4.094776148572423,0.6632060002833696,0.1399952750244758,0.5,0.36363636363636365,0.4210526315789474,lambda,2.0
implantation,TSFGA,0,9,0.8333333333333334,0.5240401166020304,0,4013.5704161999747,8230,0.7401943273548411,0.7067873412346479,0.04362183766620601,7.842308676590374,1.9597574522950933,14.330381064320685,3.7412574601024544,29.539444130460797,5.269569616585303,0.7360566478573564,0.06736997141823597,0.4444444444444444,0.36363636363636365,0.39999999999999997,lambda,2.0
implantation,TSFGA,1,7,0.8703703703703703,0.6075203176425107,0,6380.432897899998,13337,0.7430259879588788,0.7077546883749907,0.04105072128076094,7.766434165216377,1.6894972960968209,14.257498574668638,3.300957891671352,29.476967975003436,5.2815872271778,0.7351863523902177,0.06814158630345614,0.5714285714285714,0.36363636363636365,0.4444444444444444,lambda,2.0
implantation,TSFGA,2,7,0.8703703703703703,0.5711788334851629,0,4797.500041100022,9854,0.7272584137154505,0.6991398532811756,0.04842443705937679,8.02238229807134,1.9582251798969248,14.60221216638114,3.55089847874347,30.772552553133867,6.040817504562378,0.7225605100049519,0.0769518992637266,0.7142857142857143,0.45454545454545453,0.5555555555555556,lambda,2.0
etching,TSFGA,0,7,0.8703703703703703,0.5140895710760282,0,3080.1462833000114,6207,0.7235959070493907,0.7546629149667552,0.03655370346434616,2.8062383444323076,0.6609312014120483,4.6032637882828285,1.133933566867648,25.97243751787968,5.07679674574761,0.7609150103124044,0.07193042293973011,0.5714285714285714,0.36363636363636365,0.4444444444444444,lambda,2.0
etching,TSFGA,1,7,0.8703703703703703,0.5097584677236262,0,3989.8371883000364,8226,0.7262811688622884,0.7666374850806719,0.035812338856631494,2.6626147364044623,0.6273156619222631,4.485052746434317,1.1332869944460504,24.708969594007833,4.5117624377146015,0.7713733268504385,0.07227560971020525,0.42857142857142855,0.2727272727272727,0.33333333333333326,lambda,2.0
etching,TSFGA,2,6,0.8888888888888888,0.5224440415567548,0,4804.623634900025,10011,0.7203220433278126,0.7618110942561278,0.03071478774313225,2.7249331657627764,0.6226109245844276,4.522078807756751,1.1205754010028461,24.716424914247625,3.954168559606793,0.7708776323132779,0.06050981135753968,0.5,0.2727272727272727,0.3529411764705882,lambda,2.0
metalization,TSFGA,0,6,0.8888888888888888,0.574228046808314,0,7521.785520199977,15584,0.7369132603234739,0.7485077432944813,0.03062410765777637,6.798386457267475,1.5119233935166378,12.459190227491824,3.035850545536098,27.192415531753948,4.419168802379267,0.7805186583694446,0.057200641854561744,0.8333333333333334,0.45454545454545453,0.5882352941176471,lambda,2.0
metalization,TSFGA,1,8,0.8518518518518519,0.49677210558430523,0,2557.3888436999987,5201,0.7191157615277344,0.7206747124535962,0.03952235192892559,7.5481366580568885,1.7348029651451944,13.229641958144907,3.449407778625101,31.652987629998417,6.1506558112155725,0.7535520329386621,0.06752904692694285,0.375,0.2727272727272727,0.3157894736842105,lambda,2.0
metalization,TSFGA,2,6,0.8888888888888888,0.5589518569466928,0,5609.546253999986,11570,0.7261568971084184,0.7298546301169305,0.03872561664055429,7.320262893044675,1.7973498064984548,13.330123135075002,3.749384755024901,29.602980502576383,5.625332822632968,0.7505252085032078,0.07110609462217143,0.5,0.2727272727272727,0.3529411764705882,lambda,2.0
deposition,TSFGA,0,9,0.8333333333333334,0.5821510289180486,0,2415.8755292000133,4883,0.7042513241554824,0.6885355201297504,0.05180162941340994,6.68604025033879,1.4508946003141832,12.381850391451449,3.1684856758672506,34.6589448023108,7.526159011596757,0.7000040563012784,0.09893229350721139,0.5555555555555556,0.45454545454545453,0.5,lambda,2.0
deposition,TSFGA,1,8,0.8518518518518519,0.6157752123420476,0,7631.934095500037,15594,0.7125656077167966,0.6910297713847308,0.060065307264016085,6.62643092452706,1.5718050515064883,12.44282414952109,3.5053195478965655,33.88694310109965,7.58062202054057,0.6912604264211488,0.13352327053851387,0.75,0.5454545454545454,0.631578947368421,lambda,2.0
deposition,TSFGA,2,8,0.8518518518518519,0.5115655904471386,0,4093.7234814999974,8071,0.6771306157507175,0.6718741457913774,0.04465937633006326,7.052711814628262,1.4385827320424533,12.884644217963949,3.137861576360775,38.12202739005901,7.769995116894625,0.678671523168338,0.0823468576072865,0.375,0.2727272727272727,0.3157894736842105,lambda,2.0
planarization,TSFGA,0,7,0.8703703703703703,0.6008243194769842,0,5168.962217700027,10949,0.7116365020367745,0.7291460445046873,0.04187205591625736,5.418317908268496,1.1971119514053319,9.713246442744042,3.0009892970447827,28.145182447030034,4.837323008929879,0.6840835162811528,0.11749507372204412,0.5714285714285714,0.36363636363636365,0.4444444444444444,lambda,2.0
planarization,TSFGA,1,8,0.8518518518518519,0.5030582673849432,0,2273.8615010000067,4814,0.6871038337311517,0.6971998324532378,0.042101454319767875,6.040952196546042,1.1808909917088712,10.36710720024525,3.293035535847368,33.309292489073556,4.505753771408924,0.6390360048414773,0.14245734974691873,0.5,0.36363636363636365,0.4210526315789474,lambda,2.0
planarization,TSFGA,2,5,0.9074074074074074,0.6486516504036489,0,5238.954731700011,11101,0.7101781652002737,0.7169613952754733,0.04750720529922572,5.697192463892765,1.5887191010550117,10.244108423452367,3.5476349424462628,29.1753748890582,6.647810599634637,0.6453268530426238,0.1627350217660574,0.8,0.36363636363636365,0.5000000000000001,lambda,2.0
lithography,TSFGA,0,8,0.8518518518518519,0.5285275107395132,0,6309.89490710001,12803,0.7551051095110458,0.7468966162933675,0.04762728870161136,3.584636642336426,0.8215242393017317,6.182107428887576,1.8437894105696655,25.826249296520665,4.300579530072902,0.6838290150574753,0.1520681051144047,0.625,0.45454545454545453,0.5263157894736842,lambda,5.0
lithography,TSFGA,1,11,0.7962962962962963,0.5354282011143281,0,3343.5638631000184,6769,0.7536904986425796,0.7428647739164911,0.048937258605857716,3.6509843559371493,0.882038021764825,6.241950499066277,1.7518553317714352,26.428135541189786,4.1591847976344924,0.679987789678893,0.13660553652888557,0.5454545454545454,0.5454545454545454,0.5454545454545454,lambda,5.0
lithography,TSFGA,2,6,0.8888888888888888,0.6162684848338091,0,7730.234425500035,15595,0.7556545444025519,0.7527123193996685,0.0432297618207231,3.494232690857967,0.7397894158114556,5.999680528255492,1.702843903268153,25.090324320861214,3.832923957790897,0.7039170058017662,0.12077927178238888,0.6666666666666666,0.36363636363636365,0.4705882352941177,lambda,5.0
implantation,TSFGA,0,8,0.8518518518518519,0.5625012123219436,0,5003.778578000027,10010,0.7429196564298624,0.7041857166930595,0.03993294535798762,7.886151862595165,1.8129613105966857,14.34161891003044,3.5123949136136474,30.114386206583283,5.088679160252304,0.7333732589967672,0.06901956632593867,0.5,0.36363636363636365,0.4210526315789474,lambda,5.0
implantation,TSFGA,1,7,0.8703703703703703,0.5936006970248968,0,5378.810986800003,10874,0.7382756925815044,0.7094610791048582,0.0460920085147686,7.696904140103873,1.6359337048652949,14.186044367945692,3.3964641922381906,28.710356234960937,5.210627722015201,0.7345689658677964,0.08453449008430858,0.8571428571428571,0.5454545454545454,0.6666666666666665,lambda,5.0
implantation,TSFGA,2,7,0.8703703703703703,0.5778999403198176,0,7152.122591499996,14439,0.7367741620259463,0.7072944669455123,0.046480756481734414,7.808059428048926,1.9220849156040705,14.306844694586594,3.51320037662519,29.416437118517116,5.415723192342004,0.7331289948660025,0.07803443289405218,0.5714285714285714,0.36363636363636365,0.4444444444444444,lambda,5.0
etching,TSFGA,0,8,0.8518518518518519,0.5307737349984207,0,4539.079298799974,9244,0.7512329929326831,0.7794768225922978,0.029219342960271854,2.520329807349232,0.5757870603131618,4.290770156347183,0.9881278424356869,22.1919026653127,4.224333706608186,0.7886550445846531,0.06919478347699007,0.625,0.45454545454545453,0.5263157894736842,lambda,5.0
etching,TSFGA,1,14,0.7407407407407407,0.4930764153523852,0,2321.817116399994,4659,0.7373363752952045,0.7744174834800606,0.0329236978141795,2.592133713029257,0.657300342341951,4.445055311939043,1.1352381031975913,23.293055277021043,3.7639802164908964,0.7777324530571387,0.06444975461952021,0.6428571428571429,0.8181818181818182,0.7200000000000001,lambda,5.0
etching,TSFGA,2,9,0.8333333333333334,0.4799990865824838,0,2421.39579390001,4898,0.743474187868556,0.7842698427301182,0.029582827630879494,2.4669318990571747,0.573966143759026,4.241718233318822,1.0993708880207,21.986045111830943,3.6579503847898853,0.7954558429447011,0.06560637415173834,0.4444444444444444,0.36363636363636365,0.39999999999999997,lambda,5.0
metalization,TSFGA,0,7,0.8703703703703703,0.6263626132667115,0,5333.90607019997,10638,0.7248069573533943,0.744702796677663,0.03818425528978333,6.904816371313145,1.7026423463393845,12.693769849650236,3.3686057407093286,27.855744671208733,5.02714104671051,0.7723385814780328,0.06695448442118461,0.7142857142857143,0.45454545454545453,0.5555555555555556,lambda,5.0
metalization,TSFGA,1,7,0.8703703703703703,0.5437853411229858,0,7806.4138618,15609,0.7349481629047839,0.7382599942420931,0.03609540954856817,7.053418438385601,1.52203309937675,12.9109938012505,3.2020283248087167,28.19158505124462,4.9525991135654515,0.762208013365591,0.06853116829641041,0.42857142857142855,0.2727272727272727,0.33333333333333326,lambda,5.0
metalization,TSFGA,2,8,0.8518518518518519,0.5647257552077203,0,6689.251066800032,13412,0.7352254072007031,0.7357755851872443,0.03472136651150512,7.170899348698624,1.7946552473631405,13.090226763798704,3.673093654127635,28.489562431274067,4.971493790308181,0.7624650493859146,0.05618565214873782,0.5,0.36363636363636365,0.4210526315789474,lambda,5.0
deposition,TSFGA,0,8,0.8518518518518519,0.599273288539887,0,3956.5658533999813,7840,0.7054017793345075,0.6906074973318812,0.05372146425975038,6.6577025581069345,1.5545311928306562,12.457889142037505,3.3302565348564017,33.99349471054142,7.3921841700002,0.6963357016066297,0.101936253694713,0.625,0.45454545454545453,0.5263157894736842,lambda,5.0
deposition,TSFGA,1,6,0.8888888888888888,0.6114684034235328,0,6038.918292100003,11962,0.7011231169422711,0.6906388194457357,0.05561165526749533,6.626157156109914,1.4440671397595464,12.51935093315655,3.370327869865812,33.937748864129624,7.694317026275694,0.6859895812191236,0.13903360497099032,0.6666666666666666,0.36363636363636365,0.4705882352941177,lambda,5.0
deposition,TSFGA,2,11,0.7962962962962963,0.5017431148718097,0,3941.753861699952,7685,0.6947161059067202,0.689860582920025,0.048733600990524505,6.7042517859860595,1.6091229591363803,12.190222318883807,3.346567896427855,34.91481371736345,7.839692099453839,0.7142506199243487,0.08819598696105127,0.5454545454545454,0.5454545454545454,0.5454545454545454,lambda,5.0
planarization,TSFGA,0,6,0.8888888888888888,0.6884604919657644,0,5520.578667900001,11326,0.7230136074964633,0.733683665719044,0.04413206047860388,5.374994366091939,1.5020355684209372,9.770219424686836,3.228046679288043,27.514584620231556,6.1297393072982285,0.6857142311716096,0.11220909455118329,0.8333333333333334,0.45454545454545453,0.5882352941176471,lambda,5.0
planarization,TSFGA,1,7,0.8703703703703703,0.6396873517197997,0,3152.147053499997,6528,0.7074740732975489,0.7138876844902026,0.041642913011477836,5.738676060932503,1.3513667013026562,10.138912273667254,3.1536612872390877,30.48439178268982,5.0433790719329625,0.6582574602770392,0.12584142971980264,0.5714285714285714,0.36363636363636365,0.4444444444444444,lambda,5.0
planarization,TSFGA,2,9,0.8333333333333334,0.5542233555453591,0,4694.349158200028,9627,0.7188525573982452,0.7221849248455059,0.0475641711664882,5.600214387780599,1.5658650258221383,10.060813101406776,3.4638155899293124,29.243784264434208,6.061383822851579,0.663123261574377,0.13798512019779197,0.5555555555555556,0.45454545454545453,0.5,lambda,5.0
lithography,TSFGA,0,8,0.8518518518518519,0.5248240683196944,0,3473.0833371999906,6987,0.7585847135490147,0.7480986638371012,0.04093941023785838,3.563374225040175,0.7190955954687285,6.170834339404296,1.6463411890191364,25.940188772983927,3.8353693571504843,0.6868897214876889,0.12963711793959157,0.5,0.36363636363636365,0.4210526315789474,lambda,10.0
lithography,TSFGA,1,9,0.8333333333333334,0.5408865642295484,0,5462.1615722999995,10947,0.7560144272068646,0.7525441722516762,0.05123439139231241,3.518085677425651,0.9072408295212231,6.101291033240366,1.843643828090789,25.490202842863177,4.441950360821723,0.6911921448652667,0.14021086301929483,0.875,0.6363636363636364,0.7368421052631579,lambda,10.0
lithography,TSFGA,2,10,0.8148148148148149,0.5623389288411909,0,5344.563819700001,10633,0.7536355157695924,0.7491678149402131,0.04214019475656833,3.554119418485536,0.7632582224749518,6.186710579394482,1.6542457210714498,25.93899108045418,4.045960768987755,0.6859307463179035,0.1235572175360748,0.6,0.5454545454545454,0.5714285714285713,lambda,10.0
implantation,TSFGA,0,7,0.8703703703703703,0.6049174916044479,0,3701.2448153999867,7291,0.7395302332743959,0.7039609935266223,0.041787627901464584,7.909952176345526,1.92766980766002,14.428153921411738,3.5210922430926583,30.109210396759114,5.561357653104821,0.7307494982570933,0.06629482331023552,0.5714285714285714,0.36363636363636365,0.4444444444444444,lambda,10.0
implantation,TSFGA,1,9,0.8333333333333334,0.5678940493471082,0,3401.2274508999544,6830,0.742923587124283,0.7115907741378603,0.04612658385632668,7.665076542891926,1.7786764903536836,14.140649807456185,3.453817859229253,28.7219347762625,5.43036266557097,0.7375367755799971,0.0812073850760415,0.6666666666666666,0.5454545454545454,0.6,lambda,10.0
implantation,TSFGA,2,10,0.8148148148148149,0.516657793030705,0,6216.236979699999,12184,0.7402562249917891,0.7073365252780702,0.04462790972156181,7.807017354488287,1.880884379921092,14.433603299419703,3.420920775980862,29.167057567334943,5.723495724230033,0.7288589738011877,0.07226611053858763,0.6,0.5454545454545454,0.5714285714285713,lambda,10.0
etching,TSFGA,0,8,0.8518518518518519,0.6174324594902616,0,7783.8382187000025,15592,0.751093249137056,0.7806404154392372,0.03440056745790137,2.515740000818794,0.6370137266386333,4.3871925310587,1.141795294366019,22.38222059227424,4.7651990763477166,0.7853063082797033,0.059917204746333295,0.75,0.5454545454545454,0.631578947368421,lambda,10.0
etching,TSFGA,1,9,0.8333333333333334,0.5561390387601535,0,3366.675486699969,6682,0.7404845036996591,0.7765747415692061,0.030024145471592108,2.570992439125892,0.6503563661402065,4.3841596968102,1.1510298268102352,22.88937157090429,3.4563301341634025,0.784724920961084,0.0622076675746003,0.6666666666666666,0.5454545454545454,0.6,lambda,10.0
etching,TSFGA,2,11,0.7962962962962963,0.5165783694136602,0,4512.1576537,8848,0.7399089510298061,0.775868976161964,0.025277711896323628,2.5702761745138174,0.5803280517862259,4.382573754775648,1.0746024145769473,23.057281271365273,3.237237636911993,0.7856616883421873,0.052069120462458124,0.45454545454545453,0.45454545454545453,0.45454545454545453,lambda,10.0
metalization,TSFGA,0,10,0.8148148148148149,0.5373030799634947,0,2268.778347900021,4427,0.7307425724520493,0.7424483316095781,0.035329507361122316,6.992940940762731,1.7671930718366946,12.777866140943152,3.273140381460889,28.580622512511052,5.267127830810411,0.7734044710507509,0.0457188922771326,0.6,0.5454545454545454,0.5714285714285713,lambda,10.0
metalization,TSFGA,1,11,0.7962962962962963,0.5459638098354719,0,7148.431606099999,14108,0.7395558938197506,0.7358621081934617,0.03831803800991594,7.138734431695921,1.6565850678097243,13.188498781962311,3.593489709938283,29.070465677661176,5.825319926278134,0.7561351122576149,0.0663242423910144,0.5454545454545454,0.5454545454545454,0.5454545454545454,lambda,10.0
metalization,TSFGA,2,9,0.8333333333333334,0.5607314942877364,0,2471.039442599984,4884,0.7372906692155707,0.7368181117704837,0.033470934633550914,7.122183054014427,1.6459508442997712,13.07605596233766,3.46177289916001,28.221885955268647,4.927737454369468,0.7608180555444861,0.06096374733147978,0.5555555555555556,0.45454545454545453,0.5,lambda,10.0
deposition,TSFGA,0,11,0.7962962962962963,0.5343401308627123,0,4237.0120054,8305,0.7018262972424465,0.6901742149442299,0.05101053690867116,6.669548726562748,1.5204356743759835,12.360278110560865,3.286125002480842,34.226526448160605,6.9919308320199685,0.7033635204527093,0.09175761726308676,0.5454545454545454,0.5454545454545454,0.5454545454545454,lambda,10.0
deposition,TSFGA,1,12,0.7777777777777778,0.5002369612551001,0,3078.306331699998,6062,0.7007886373962939,0.6832953811344187,0.06370743340306681,6.782248513297637,1.5470350935273067,12.779778282839441,3.607282215406567,35.83405890207165,8.040407853647388,0.672121506591845,0.15565251781586817,0.5833333333333334,0.6363636363636364,0.6086956521739131,lambda,10.0
deposition,TSFGA,2,9,0.8333333333333334,0.5652692964436233,0,5169.323897199996,10170,0.6996208519295606,0.6989737129315257,0.05050771833547571,6.470264256942212,1.4166406772914828,12.041182754537882,3.3325200667250465,33.69695342629868,7.16221947252638,0.716818344586023,0.09899003554664355,0.5555555555555556,0.45454545454545453,0.5,lambda,10.0
planarization,TSFGA,0,9,0.8333333333333334,0.5758401012473361,0,5689.612524899996,11403,0.7237832480665796,0.7255340955206668,0.0418332756928813,5.536617612370093,1.4685343217472078,9.997183252583422,3.3172010438075645,28.61139465074625,5.708349495222895,0.6709798847389723,0.12420484981131437,0.5555555555555556,0.45454545454545453,0.5,lambda,10.0
planarization,TSFGA,1,10,0.8148148148148149,0.5565277549683761,0,2548.2044828,5128,0.7150744372739539,0.718094786343795,0.04751336172180317,5.67733358987993,1.5090330939542582,10.145667743625802,3.369667576121532,29.507406716621663,6.249675911029047,0.6559493751740857,0.14038015814635735,0.6,0.5454545454545454,0.5714285714285713,lambda,10.0
planarization,TSFGA,2,10,0.8148148148148149,0.6158396988401392,0,4560.287717500003,9150,0.7183096855611113,0.724101222845725,0.04360710030318041,5.552552406236105,1.467690883896747,10.055145599980708,3.3279308972698836,28.890284185005523,5.52269426559381,0.6654239227040403,0.1263366661739828,0.6,0.5454545454545454,0.5714285714285713,lambda,10.0
lithography,TSFGA,0,9,0.8333333333333334,0.528292749087342,0,3170.419282099996,6744,0.7494994609940471,0.7443401233492455,0.04723963229911658,3.6195823494031596,0.8268760950246932,6.306640336030182,1.727991197240238,26.109309413997234,4.519118171132257,0.6737196058971615,0.13229819264412698,0.4444444444444444,0.36363636363636365,0.39999999999999997,pcc_threshold,0.7
lithography,TSFGA,1,8,0.8518518518518519,0.5225284577845266,0,2188.1062515000012,4587,0.7359589869644116,0.7228641436001226,0.05405477479469255,3.9075665879722643,0.8341332514111236,6.606400610994521,1.8081619959521993,29.20630227775615,6.149438142713214,0.6437096026229692,0.14195696139383462,0.25,0.18181818181818182,0.2105263157894737,pcc_threshold,0.7
lithography,TSFGA,2,5,0.9074074074074074,0.5782205396599037,0,6267.6511025,13413,0.7409453225973129,0.7366152515576351,0.04727052508119416,3.729988343812992,0.8294506510249254,6.215818299847587,1.8147378769819906,26.9169454814328,4.139166447350719,0.6835879899632716,0.13723169368402754,0.6,0.2727272727272727,0.37499999999999994,pcc_threshold,0.7
implantation,TSFGA,0,7,0.8703703703703703,0.5902822093373971,0,6077.168991500002,12491,0.7402367963750188,0.7084510270066154,0.042979754497771305,7.803502918219168,1.9809261762567678,14.315588958446826,3.4952183677610504,29.735979592157726,5.643718485712087,0.7341460052611961,0.06960471596235616,0.42857142857142855,0.2727272727272727,0.33333333333333326,pcc_threshold,0.7
implantation,TSFGA,1,6,0.8888888888888888,0.6201644591774241,0,5011.052112700003,10319,0.7397189127740911,0.7055767912256928,0.04241278366939313,7.823366115799192,1.7117981506629874,14.445421254030958,3.416747946483123,29.24805519231831,5.123697172485928,0.7268181383327729,0.07785201562213959,0.5,0.2727272727272727,0.3529411764705882,pcc_threshold,0.7
implantation,TSFGA,2,11,0.7962962962962963,0.45905671516945173,0,2031.677181500003,4108,0.7307073655155396,0.6985061029459587,0.04503732772125741,8.035845885397219,1.8818306351431928,14.758611706817048,3.34433198977295,30.36902490486025,5.788167070220917,0.7146992540341981,0.07795291653618593,0.2727272727272727,0.2727272727272727,0.2727272727272727,pcc_threshold,0.7
etching,TSFGA,0,7,0.8703703703703703,0.5101351966310833,0,4754.788450100001,10015,0.7372657922427919,0.7645805661584677,0.026906362898765288,2.6881655023562008,0.5764246245462551,4.505409599861845,0.9494866728427829,23.726272037648453,3.771792595486945,0.7687639308670184,0.06483694588743427,0.5714285714285714,0.36363636363636365,0.4444444444444444,pcc_threshold,0.7
etching,TSFGA,1,3,0.9444444444444444,0.6400467982958566,0,6575.379654199998,13962,0.7243969238465398,0.7578648826457527,0.037469982730347316,2.760960431667577,0.6454255456498832,4.538602839579649,1.0778156421146707,25.275659468236867,4.618387208764447,0.7600124880597837,0.09279303434163523,1.0,0.2727272727272727,0.42857142857142855,pcc_threshold,0.7
etching,TSFGA,2,8,0.8518518518518519,0.5447550112357812,0,3213.8704467999996,6747,0.736583265832763,0.7689328935430406,0.02807959988860634,2.6506881402352946,0.6200040041480208,4.447257823200092,1.1183147191819243,23.69806102741053,3.603663096219705,0.7795042614993248,0.05491473905305839,0.75,0.5454545454545454,0.631578947368421,pcc_threshold,0.7
metalization,TSFGA,0,6,0.8888888888888888,0.5420455330722971,0,5307.937755800005,10857,0.7211708319928846,0.7416456165500824,0.028937494869066882,6.977153711940768,1.4918809981151273,12.68827429766996,2.993478462968323,28.721121181918225,4.168815112671172,0.7696899324681007,0.06789896473146381,0.5,0.2727272727272727,0.3529411764705882,pcc_threshold,0.7
metalization,TSFGA,1,6,0.8888888888888888,0.647894826748761,0,7106.776450099998,14812,0.7398118502960591,0.7383266092147384,0.042138547803126584,7.090161947764565,1.8370483982498411,12.942575512065016,3.635276999252329,28.47572483149501,5.433839073440375,0.7662374796560514,0.06438796853711472,0.8333333333333334,0.45454545454545453,0.5882352941176471,pcc_threshold,0.7
metalization,TSFGA,2,6,0.8888888888888888,0.6893240304006149,0,3792.3993823000055,7823,0.7482392771789436,0.7475274296134641,0.02991614242586923,6.8445929226946225,1.6156158205091988,12.81109721525873,3.4234156376215212,26.668970044095026,4.455300436476455,0.772786326399112,0.04910354533212072,1.0,0.5454545454545454,0.7058823529411764,pcc_threshold,0.7
deposition,TSFGA,0,5,0.9074074074074074,0.6121685089624854,0,5285.505425299998,10860,0.6870561851961525,0.6725886787734422,0.052607852102871985,7.021627557790601,1.5037902955637088,12.991999602300227,3.121333537439428,36.33423593598386,8.226658155163532,0.6682469729832946,0.09783263214831739,0.6,0.2727272727272727,0.37499999999999994,pcc_threshold,0.7
deposition,TSFGA,1,7,0.8703703703703703,0.634677996844115,0,2774.4935083999953,5675,0.7067724471235839,0.6951358682699227,0.06077270630509706,6.540272302316182,1.602851642100567,12.314374453060806,3.4861222174333437,34.03775707579921,8.47948844475039,0.6964565812064426,0.13531399721286894,0.8571428571428571,0.5454545454545454,0.6666666666666665,pcc_threshold,0.7
deposition,TSFGA,2,8,0.8518518518518519,0.5351527174116784,0,3883.1955917000014,7910,0.7003749507128183,0.6970541790004958,0.051136885832582316,6.533108774952399,1.5364581914510014,12.153821979546752,3.280849370576899,33.91994395858901,7.7540384658015045,0.7138687058601716,0.09314972668912604,0.5,0.36363636363636365,0.4210526315789474,pcc_threshold,0.7
planarization,TSFGA,0,7,0.8703703703703703,0.5969970117805593,0,6798.335361800004,14572,0.7099820472927312,0.7261879204904599,0.04144843368635615,5.481081730692847,1.207834715809039,9.770428223411045,3.081985487544626,28.815647124095854,4.674644703663984,0.6803894900973024,0.12194465731842101,0.7142857142857143,0.45454545454545453,0.5555555555555556,pcc_threshold,0.7
planarization,TSFGA,1,7,0.8703703703703703,0.6328802909287321,0,6644.033652099999,14270,0.72366732046745,0.7328257708074816,0.04247641299329986,5.366968612660546,1.347147622580278,9.732265474568923,3.2913778370129005,27.73443302163881,5.162171296211637,0.6858961684832982,0.1239600961841775,0.5714285714285714,0.36363636363636365,0.4444444444444444,pcc_threshold,0.7
planarization,TSFGA,2,7,0.8703703703703703,0.5793389888284514,0,3239.856127399995,6741,0.6993883758406771,0.7147542794415566,0.041753621846956405,5.696921216008784,1.1772004052073677,9.998139238989273,3.1580485497975856,30.36591774197888,3.9738996185974735,0.6623861129892283,0.1429763176116303,0.42857142857142855,0.2727272727272727,0.33333333333333326,pcc_threshold,0.7
lithography,TSFGA,0,8,0.8518518518518519,0.5225571858383712,0,3029.853413100005,6290,0.7529002785425358,0.741763540803167,0.04201677606587459,3.6529661678181875,0.7392086076375289,6.343524743619263,1.687459387939982,26.54387327754964,4.001405362689473,0.6691133297000563,0.14274477019162532,0.375,0.2727272727272727,0.3157894736842105,pcc_threshold,0.8
lithography,TSFGA,1,7,0.8703703703703703,0.5752598083196256,0,6356.986678599962,13350,0.7553831669207611,0.7481618211776296,0.04647701275448337,3.560959059786988,0.7740661640507456,6.1721738399006325,1.7050050339348404,25.23067559731165,4.361602391245652,0.6855599786989697,0.13280804173733146,0.5714285714285714,0.36363636363636365,0.4444444444444444,pcc_threshold,0.8
lithography,TSFGA,2,8,0.8518518518518519,0.5202741014478253,0,2430.0410663000075,4973,0.734145112152969,0.7309478462928751,0.046712060585945576,3.8136939225532065,0.8679120338950412,6.428787676926384,1.8300909679456177,28.1252296538061,4.094776148572423,0.6632060002833696,0.1399952750244758,0.5,0.36363636363636365,0.4210526315789474,pcc_threshold,0.8
implantation,TSFGA,0,9,0.8333333333333334,0.5240401166020304,0,4013.5704161999747,8230,0.7401943273548411,0.7067873412346479,0.04362183766620601,7.842308676590374,1.9597574522950933,14.330381064320685,3.7412574601024544,29.539444130460797,5.269569616585303,0.7360566478573564,0.06736997141823597,0.4444444444444444,0.36363636363636365,0.39999999999999997,pcc_threshold,0.8
implantation,TSFGA,1,7,0.8703703703703703,0.6075203176425107,0,6380.432897899998,13337,0.7430259879588788,0.7077546883749907,0.04105072128076094,7.766434165216377,1.6894972960968209,14.257498574668638,3.300957891671352,29.476967975003436,5.2815872271778,0.7351863523902177,0.06814158630345614,0.5714285714285714,0.36363636363636365,0.4444444444444444,pcc_threshold,0.8
implantation,TSFGA,2,7,0.8703703703703703,0.5711788334851629,0,4797.500041100022,9854,0.7272584137154505,0.6991398532811756,0.04842443705937679,8.02238229807134,1.9582251798969248,14.60221216638114,3.55089847874347,30.772552553133867,6.040817504562378,0.7225605100049519,0.0769518992637266,0.7142857142857143,0.45454545454545453,0.5555555555555556,pcc_threshold,0.8
etching,TSFGA,0,7,0.8703703703703703,0.5140895710760282,0,3080.1462833000114,6207,0.7235959070493907,0.7546629149667552,0.03655370346434616,2.8062383444323076,0.6609312014120483,4.6032637882828285,1.133933566867648,25.97243751787968,5.07679674574761,0.7609150103124044,0.07193042293973011,0.5714285714285714,0.36363636363636365,0.4444444444444444,pcc_threshold,0.8
etching,TSFGA,1,7,0.8703703703703703,0.5097584677236262,0,3989.8371883000364,8226,0.7262811688622884,0.7666374850806719,0.035812338856631494,2.6626147364044623,0.6273156619222631,4.485052746434317,1.1332869944460504,24.708969594007833,4.5117624377146015,0.7713733268504385,0.07227560971020525,0.42857142857142855,0.2727272727272727,0.33333333333333326,pcc_threshold,0.8
etching,TSFGA,2,6,0.8888888888888888,0.5224440415567548,0,4804.623634900025,10011,0.7203220433278126,0.7618110942561278,0.03071478774313225,2.7249331657627764,0.6226109245844276,4.522078807756751,1.1205754010028461,24.716424914247625,3.954168559606793,0.7708776323132779,0.06050981135753968,0.5,0.2727272727272727,0.3529411764705882,pcc_threshold,0.8
metalization,TSFGA,0,6,0.8888888888888888,0.574228046808314,0,7521.785520199977,15584,0.7369132603234739,0.7485077432944813,0.03062410765777637,6.798386457267475,1.5119233935166378,12.459190227491824,3.035850545536098,27.192415531753948,4.419168802379267,0.7805186583694446,0.057200641854561744,0.8333333333333334,0.45454545454545453,0.5882352941176471,pcc_threshold,0.8
metalization,TSFGA,1,8,0.8518518518518519,0.49677210558430523,0,2557.3888436999987,5201,0.7191157615277344,0.7206747124535962,0.03952235192892559,7.5481366580568885,1.7348029651451944,13.229641958144907,3.449407778625101,31.652987629998417,6.1506558112155725,0.7535520329386621,0.06752904692694285,0.375,0.2727272727272727,0.3157894736842105,pcc_threshold,0.8
metalization,TSFGA,2,6,0.8888888888888888,0.5589518569466928,0,5609.546253999986,11570,0.7261568971084184,0.7298546301169305,0.03872561664055429,7.320262893044675,1.7973498064984548,13.330123135075002,3.749384755024901,29.602980502576383,5.625332822632968,0.7505252085032078,0.07110609462217143,0.5,0.2727272727272727,0.3529411764705882,pcc_threshold,0.8
deposition,TSFGA,0,9,0.8333333333333334,0.5821510289180486,0,2415.8755292000133,4883,0.7042513241554824,0.6885355201297504,0.05180162941340994,6.68604025033879,1.4508946003141832,12.381850391451449,3.1684856758672506,34.6589448023108,7.526159011596757,0.7000040563012784,0.09893229350721139,0.5555555555555556,0.45454545454545453,0.5,pcc_threshold,0.8
deposition,TSFGA,1,8,0.8518518518518519,0.6157752123420476,0,7631.934095500037,15594,0.7125656077167966,0.6910297713847308,0.060065307264016085,6.62643092452706,1.5718050515064883,12.44282414952109,3.5053195478965655,33.88694310109965,7.58062202054057,0.6912604264211488,0.13352327053851387,0.75,0.5454545454545454,0.631578947368421,pcc_threshold,0.8
deposition,TSFGA,2,8,0.8518518518518519,0.5115655904471386,0,4093.7234814999974,8071,0.6771306157507175,0.6718741457913774,0.04465937633006326,7.052711814628262,1.4385827320424533,12.884644217963949,3.137861576360775,38.12202739005901,7.769995116894625,0.678671523168338,0.0823468576072865,0.375,0.2727272727272727,0.3157894736842105,pcc_threshold,0.8
planarization,TSFGA,0,7,0.8703703703703703,0.6008243194769842,0,5168.962217700027,10949,0.7116365020367745,0.7291460445046873,0.04187205591625736,5.418317908268496,1.1971119514053319,9.713246442744042,3.0009892970447827,28.145182447030034,4.837323008929879,0.6840835162811528,0.11749507372204412,0.5714285714285714,0.36363636363636365,0.4444444444444444,pcc_threshold,0.8
planarization,TSFGA,1,8,0.8518518518518519,0.5030582673849432,0,2273.8615010000067,4814,0.6871038337311517,0.6971998324532378,0.042101454319767875,6.040952196546042,1.1808909917088712,10.36710720024525,3.293035535847368,33.309292489073556,4.505753771408924,0.6390360048414773,0.14245734974691873,0.5,0.36363636363636365,0.4210526315789474,pcc_threshold,0.8
planarization,TSFGA,2,5,0.9074074074074074,0.6486516504036489,0,5238.954731700011,11101,0.7101781652002737,0.7169613952754733,0.04750720529922572,5.697192463892765,1.5887191010550117,10.244108423452367,3.5476349424462628,29.1753748890582,6.647810599634637,0.6453268530426238,0.1627350217660574,0.8,0.36363636363636365,0.5000000000000001,pcc_threshold,0.8
lithography,TSFGA,0,7,0.8703703703703703,0.47970409250323887,0,7422.548208599997,15609,0.76786036308059,0.7499390938444022,0.03972246894058403,3.560438579105084,0.8348009667978891,6.357909523842711,1.6112726869670917,24.389242591867024,3.671398734248254,0.6656871962020229,0.15702297143668062,0.6666666666666666,0.36363636363636365,0.4705882352941177,pcc_threshold,0.9
lithography,TSFGA,1,6,0.8888888888888888,0.5736850198884546,0,4557.6256899,9561,0.7403873399395973,0.7261931897754984,0.05491365425020785,3.881811945097128,0.9528945647079654,6.512024550746904,1.916408712016365,28.30105444202079,4.827925361016149,0.6512880433556872,0.15133908254356676,0.8333333333333334,0.45454545454545453,0.5882352941176471,pcc_threshold,0.9
lithography,TSFGA,2,8,0.8518518518518519,0.4699352579074764,0,2996.2088553000067,6287,0.7544530813803435,0.7382957472833127,0.032420676681920495,3.7093412165200985,0.6761008897165398,6.497007650194746,1.247257371835777,26.109273198215053,3.8817782869665733,0.6523453557470127,0.1274054471202998,0.7142857142857143,0.45454545454545453,0.5555555555555556,pcc_threshold,0.9
implantation,TSFGA,0,7,0.8703703703703703,0.5748011436842158,0,5785.913724099999,11793,0.7399669692935719,0.7025826004630066,0.03923666553063592,7.929255765546317,1.8087991704375357,14.423402240594722,3.4557654145314842,30.044232525190875,4.70810897747869,0.7300190164211328,0.06945282588643455,0.5714285714285714,0.36363636363636365,0.4444444444444444,pcc_threshold,0.9
implantation,TSFGA,1,9,0.8333333333333334,0.471660609171304,0,3895.284333799995,7848,0.7232847788668387,0.6859796597248152,0.04972691299895917,8.382587524688851,2.149724015537089,15.43517890944803,4.266328185850332,31.884477226922407,6.385784838032217,0.6931495034784908,0.09350303931247078,0.5555555555555556,0.45454545454545453,0.5,pcc_threshold,0.9
implantation,TSFGA,2,10,0.8148148148148149,0.49478323759647574,0,3214.994506700001,6446,0.7269134889509014,0.6922751058712441,0.047835294856687215,8.205058984068618,2.002781047305208,14.960001071210856,3.589348102159239,31.328071652785987,6.082840269903817,0.7085562937915769,0.07816971863668747,0.5,0.45454545454545453,0.47619047619047616,pcc_threshold,0.9
etching,TSFGA,0,7,0.8703703703703703,0.4303026657942706,1,4653.175011499996,9634,0.7349867226067871,0.7552352321079944,0.04457357944023485,2.783105829775885,0.6779860707852587,4.786281559067662,1.286419952438523,24.63859989136279,4.33954670221723,0.7268692393615958,0.1412896109383557,0.6666666666666666,0.36363636363636365,0.4705882352941177,pcc_threshold,0.9
etching,TSFGA,1,9,0.8333333333333334,0.5378208846435516,0,3874.1789525999993,7928,0.7491443967733402,0.7653304987274293,0.0364226776362322,2.687180814330301,0.6700743543047762,4.790235950025888,1.421153348618893,23.06861319382705,3.418226455942188,0.740887764815762,0.10504788421183897,0.5555555555555556,0.45454545454545453,0.5,pcc_threshold,0.9
etching,TSFGA,2,6,0.8888888888888888,0.566660107670787,0,5515.0301033,11409,0.7449199009697447,0.7632898933450794,0.03954203810737969,2.696562226809554,0.6353623130065771,4.791074353816816,1.2169833160917332,22.42619126004697,3.174108192226108,0.731778703281536,0.11527411320351116,0.5,0.2727272727272727,0.3529411764705882,pcc_threshold,0.9
metalization,TSFGA,0,7,0.8703703703703703,0.5185978450490709,0,4050.179059599999,8237,0.7106118904133127,0.7189518470452538,0.03086839096025692,7.606616219827259,1.7310431469212852,13.73696852420344,3.018821202327437,29.651497213702623,4.825710780759205,0.7318030045878451,0.06646826690405579,0.42857142857142855,0.2727272727272727,0.33333333333333326,pcc_threshold,0.9
metalization,TSFGA,1,9,0.8333333333333334,0.5521036261131942,0,3976.6740559000027,8006,0.7387154960179996,0.7318393594155034,0.04199194496448883,7.254027290283734,1.7583795620071228,13.200174894994177,3.5096537330584168,30.08096389044171,6.331989021778243,0.7543104802396954,0.06625570970196,0.5555555555555556,0.45454545454545453,0.5,pcc_threshold,0.9
metalization,TSFGA,2,7,0.8703703703703703,0.5271343476344406,0,4979.022430500001,10009,0.7266232158111035,0.7279902663982944,0.041950224689288856,7.3595283877443425,1.8200864811581001,13.333433459296026,3.785179990420384,29.808579547430305,6.4412337444505345,0.7484652863482748,0.07825270948115003,0.42857142857142855,0.2727272727272727,0.33333333333333326,pcc_threshold,0.9
deposition,TSFGA,0,8,0.8518518518518519,0.453784500571944,1,4333.612341199994,8708,0.6873597069333305,0.6794519158650086,0.04945567940205123,6.906455928518956,1.550060965844132,12.502185082631993,3.2968290757412233,36.42537574487015,9.280648556973164,0.69537907172271,0.10036192747474752,0.5714285714285714,0.36363636363636365,0.4444444444444444,pcc_threshold,0.9
deposition,TSFGA,1,7,0.8703703703703703,0.5368528991289718,0,4640.7321744,9404,0.7061569644044308,0.6747550457488908,0.06042093546497676,6.999153341534794,1.6691008095837205,12.914930109199739,3.509482999172059,35.57115395508499,10.265918226481617,0.6714202911545776,0.12435786148974926,0.5714285714285714,0.36363636363636365,0.4444444444444444,pcc_threshold,0.9
deposition,TSFGA,2,7,0.8703703703703703,0.6842579438951353,1,3433.787873399997,6989,0.6932514600340092,0.6906301216065036,0.047804494832702125,6.64476901269687,1.407817232913206,12.17232382595317,3.202836315277965,35.110599025540765,7.264129425254024,0.7100442147354419,0.09470273061888843,0.5,0.2727272727272727,0.3529411764705882,pcc_threshold,0.9
planarization,TSFGA,0,6,0.8888888888888888,0.6833943440787639,0,7025.150616600004,14918,0.7188022155465024,0.7334701093598781,0.046612839136397535,5.378489104909695,1.492568264038161,9.842643992868618,3.2622667127210314,27.046927728483478,5.696153656893619,0.683467753311477,0.10935804666183467,1.0,0.5454545454545454,0.7058823529411764,pcc_threshold,0.9
planarization,TSFGA,1,9,0.8333333333333334,0.5629167600855677,0,3871.1098157000015,8154,0.7199298280051911,0.7197843735199839,0.0473701595545243,5.658835730340493,1.5833097828572913,10.231370361201808,3.3669738751018548,29.262814459627517,6.398650926171789,0.6574915388583137,0.1256457572748569,0.5555555555555556,0.45454545454545453,0.5,pcc_threshold,0.9
planarization,TSFGA,2,7,0.8703703703703703,0.33844935550188116,1,3125.029681400003,6436,0.6897978283213717,0.702075713831745,0.05706948043197528,5.964469198682735,1.4751430916398425,10.621565058669855,3.5085369584034587,32.901593046412195,7.5466264864611725,0.6238143935762192,0.1628199745250908,0.6666666666666666,0.36363636363636365,0.4705882352941177,pcc_threshold,0.9
lithography,TSFGA,0,7,0.8703703703703703,0.4794872966913776,1,7795.277366399998,14717,0.74447532576233,0.7204353645388157,0.043776575264941504,3.9836281715900452,0.9441691233448921,6.709614469687281,1.803290972933545,28.241081994792538,4.210640647984786,0.6256339031277691,0.20120746727525138,0.8333333333333334,0.45454545454545453,0.5882352941176471,pcc_threshold,1.0
lithography,TSFGA,1,8,0.8518518518518519,0.6394302646800641,0,6646.287183,12462,0.7588176949731302,0.7496290768549443,0.046149148836130575,3.548618689286983,0.8103108943361486,6.077301734098636,1.6392866779170945,25.53319228551076,4.584076770820367,0.6975413609193908,0.12220499896714124,0.75,0.5454545454545454,0.631578947368421,pcc_threshold,1.0
lithography,TSFGA,2,7,0.8703703703703703,0.5968401716071395,0,5964.570369099994,11445,0.7486725009494848,0.7375639929906774,0.054680987603201746,3.728291796333167,0.9853287228143071,6.247846333096732,1.9372541103980339,26.9079322936253,4.829593111257306,0.6803154185007875,0.1429194734411817,0.7142857142857143,0.45454545454545453,0.5555555555555556,pcc_threshold,1.0
implantation,TSFGA,0,12,0.7777777777777778,0.5245846799254946,1,2814.7259244000015,5062,0.7295266211968459,0.6898177723015544,0.04528444100804274,8.263095901336992,1.9642001208011057,14.994396377734377,3.576683579810482,31.943009583385926,6.370183910924603,0.7086982264967848,0.07280327479752827,0.36363636363636365,0.36363636363636365,0.36363636363636365,pcc_threshold,1.0
implantation,TSFGA,1,9,0.8333333333333334,0.5325136576393124,3,5614.419941300002,10205,0.7343826412801882,0.7077588638571676,0.0386639464872899,7.768750876957132,1.6767619973909604,14.004967280197219,3.412011947676069,29.698040832573348,4.816878845425753,0.7436146538376078,0.07449716974595655,0.6666666666666666,0.36363636363636365,0.4705882352941177,pcc_threshold,1.0
implantation,TSFGA,2,8,0.8518518518518519,0.4938836306256177,0,5715.477860200001,10357,0.7062162097823519,0.677523550395835,0.05012881576849271,8.697361621659008,2.5598280870976913,15.549031297946476,4.608852977489779,32.942395265015215,5.839738421607421,0.6835448113437316,0.12825599526735276,0.375,0.2727272727272727,0.3157894736842105,pcc_threshold,1.0
etching,TSFGA,0,6,0.8888888888888888,0.5627963097794516,1,4711.974997499994,8646,0.7284935839257785,0.7604437435272852,0.02862656425710981,2.743483801175341,0.6197655864479169,4.584823969916331,1.2266495082744973,24.47460193097891,3.487900987211288,0.7661090304964494,0.06670156876508142,0.8,0.36363636363636365,0.5000000000000001,pcc_threshold,1.0
etching,TSFGA,1,9,0.8333333333333334,0.5614342709247561,1,8463.375129799999,15662,0.7478894099773352,0.750260700967111,0.0426690958687104,2.859952124736288,0.7441128706032338,5.020734427692231,1.479531850713216,24.366894400431377,4.115236409676325,0.7163495884941065,0.10731912725019277,0.75,0.5454545454545454,0.631578947368421,pcc_threshold,1.0
etching,TSFGA,2,11,0.7962962962962963,0.5243748121349688,0,4085.3130394000036,7398,0.7532125356611864,0.7588697612883074,0.044836322265926015,2.7700848603084998,0.7766573606496031,4.9193851438103495,1.5374729337126365,23.87171913459918,4.727482995877184,0.7341219776182868,0.09365254836684578,0.6363636363636364,0.6363636363636364,0.6363636363636364,pcc_threshold,1.0
metalization,TSFGA,0,9,0.8333333333333334,0.5776475130513848,0,5935.6860982,10898,0.7265856140651528,0.7435942588804763,0.02833520037034545,6.966334285208841,1.6777650922331337,12.929029681066861,3.366575985064087,28.013162371086878,3.8902485008470955,0.7674616958399286,0.04951915805901922,0.7777777777777778,0.6363636363636364,0.7000000000000001,pcc_threshold,1.0
metalization,TSFGA,1,9,0.8333333333333334,0.622767865956937,1,4177.097321599998,7641,0.7285287014915824,0.7273572771190567,0.03879821852213934,7.371633963955374,1.7527405171813015,13.304146296778992,3.5405516155199144,29.44051697159215,5.7202430695281,0.751188882682047,0.06798474376037092,0.625,0.45454545454545453,0.5263157894736842,pcc_threshold,1.0
metalization,TSFGA,2,9,0.8333333333333334,0.4966645812076461,0,3353.1962759000016,6154,0.7077134623239592,0.7118370134583686,0.03780950281937933,7.817826680816228,1.8925278316415455,14.051902950125283,3.7467602492369494,30.68598627447473,4.661061022879595,0.7162475299364961,0.11850835784202395,0.4444444444444444,0.36363636363636365,0.39999999999999997,pcc_threshold,1.0
deposition,TSFGA,0,9,0.8333333333333334,0.5282063173036667,0,5515.8841957999975,9891,0.6875057944661838,0.6783855697416871,0.05354578493706422,6.926059333117473,1.6082756489171304,12.378968095510865,3.0423955039556145,35.71415471114256,8.89790463696416,0.6996188990912077,0.09610869534390824,0.7777777777777778,0.6363636363636364,0.7000000000000001,pcc_threshold,1.0
deposition,TSFGA,1,12,0.7777777777777778,0.4820249810979629,3,2775.681883700003,4992,0.6833280279270977,0.6745839289059675,0.055898470926298995,7.015137994211738,1.6622333263851508,12.970065258059686,3.6395302497833097,37.14184712489681,8.42312443842507,0.6722001703532678,0.11477252948467069,0.6,0.5454545454545454,0.5714285714285713,pcc_threshold,1.0
deposition,TSFGA,2,9,0.8333333333333334,0.5020149034319129,0,5508.280597600002,9811,0.6915080578632307,0.6629229399962123,0.046507671742035975,7.271933081423501,1.5928923734319236,12.895764158037036,3.1632319968134657,37.706873905011236,7.531625068788669,0.6752007262552006,0.09414380142978956,0.4444444444444444,0.36363636363636365,0.39999999999999997,pcc_threshold,1.0
planarization,TSFGA,0,9,0.8333333333333334,0.4209237743807224,1,5830.1169792,10908,0.6986431876815749,0.6901912888814382,0.04059500558164032,6.195085165151207,1.267493521957712,10.727700993659337,2.8814219787192776,32.89159244518927,5.4840612038918035,0.6138217119562055,0.12449446291912082,0.625,0.45454545454545453,0.5263157894736842,pcc_threshold,1.0
planarization,TSFGA,1,10,0.8148148148148149,0.5961603577233632,0,3963.4816544999994,7323,0.6915711574981892,0.7093890846442131,0.036096892373624206,5.8283698796453205,1.301118378085007,10.446249156740786,2.829167841864093,31.163110662356484,5.796599133464429,0.6373449367735321,0.12711039711353073,0.7,0.6363636363636364,0.6666666666666666,pcc_threshold,1.0
planarization,TSFGA,2,10,0.8148148148148149,0.5952884349043228,0,7492.589662000006,14169,0.7176931958478014,0.7230742393915394,0.04077905749738987,5.576556422951191,1.4089437110749543,10.083245195312218,2.990569436804703,28.856649492536327,5.592381065452632,0.665911195391483,0.11526374809378999,0.8,0.7272727272727273,0.761904761904762,pcc_threshold,1.0
lithography,TSFGA,0,9,0.8333333333333334,0.5056560337176521,0,1428.4600404999946,3104,0.7503864517873423,0.740215259915687,0.0428704799302173,3.676213462424848,0.7636607599503942,6.30979380904293,1.6845017935436875,26.84293148683509,3.7204618898390454,0.6733200020720337,0.1317243206054895,0.4444444444444444,0.36363636363636365,0.39999999999999997,ga.pop_size,40.0
lithography,TSFGA,1,6,0.8888888888888888,0.6171866455709013,0,3497.2972949999967,7607,0.7329910367072168,0.7243154504164089,0.05520514098947362,3.9185964198413314,0.9960956591703835,6.5131322667773714,1.8922044131768474,29.030965756247188,5.409934787427535,0.6493021114016515,0.15958661773966032,0.6666666666666666,0.36363636363636365,0.4705882352941177,ga.pop_size,40.0
lithography,TSFGA,2,8,0.8518518518518519,0.6261167784250726,0,3008.5291443000024,6507,0.7607925658813136,0.7571133677762674,0.040391963398784314,3.4411906060933246,0.7398035750196521,5.965933641836953,1.6319489759826569,24.771083040738002,3.3702206839988906,0.7082786436264618,0.11553693134725607,0.75,0.5454545454545454,0.631578947368421,ga.pop_size,40.0
implantation,TSFGA,0,7,0.8703703703703703,0.5957431328153112,0,2483.653570900002,5256,0.7384087861697705,0.711127818430624,0.04218749000981623,7.707839074744004,1.859362001728817,14.162377783936968,3.5610279835275733,28.981641520345658,5.094905115371228,0.7393478393020628,0.07451885023963431,0.8571428571428571,0.5454545454545454,0.6666666666666665,ga.pop_size,40.0
implantation,TSFGA,1,5,0.9074074074074074,0.6444538208485961,0,2599.4042893000005,5637,0.7337352781612465,0.701845853796124,0.0416145030783267,7.911969039638142,1.6823966409525082,14.43477685055692,3.4651443111510742,29.848276993743514,4.808223066410953,0.72830916036299,0.07397618127251376,0.6,0.2727272727272727,0.37499999999999994,ga.pop_size,40.0
implantation,TSFGA,2,7,0.8703703703703703,0.6444991861046172,0,3573.8686922999987,7595,0.7373238045993032,0.6990345148062889,0.04078730780375889,8.024571127474497,1.870335540524587,14.747140203479224,3.5017410623919716,29.979792012360914,5.5346142028099115,0.7188998793068652,0.07078765483991521,0.7142857142857143,0.45454545454545453,0.5555555555555556,ga.pop_size,40.0
etching,TSFGA,0,7,0.8703703703703703,0.6008732390599326,0,3170.123397400006,6800,0.7513332180690403,0.7842758519908979,0.024091080873125958,2.4698248504867477,0.5476155901990771,4.227759620093001,1.024722159901056,21.87932258441887,3.171539661512667,0.7992840864654559,0.0548748496608424,0.5714285714285714,0.36363636363636365,0.4444444444444444,ga.pop_size,40.0
etching,TSFGA,1,4,0.9259259259259259,0.5556571130280833,0,3502.8461344000025,7602,0.7226012932707511,0.7562926425199715,0.037195820965668085,2.7749924640001242,0.6268339112439401,4.567719537709855,1.0746822476898974,25.580103888614676,4.593565345603663,0.7578341330761879,0.09004786852567137,0.75,0.2727272727272727,0.39999999999999997,ga.pop_size,40.0
etching,TSFGA,2,9,0.8333333333333334,0.5854965672459838,0,2415.2906749999966,5140,0.7517099571097938,0.7878313074251023,0.02925533499593358,2.437528505227114,0.5981241632632787,4.248081448863032,1.0767895229469575,21.451982328292633,3.57000928483146,0.7991910009321078,0.05023675950808042,0.7777777777777778,0.6363636363636364,0.7000000000000001,ga.pop_size,40.0
metalization,TSFGA,0,10,0.8148148148148149,0.5487340822576122,0,1318.8557403000013,2688,0.7315207603940306,0.7417989554496078,0.03562926322381616,7.014461442709057,1.7555213648045562,12.884039196401092,3.353051876849037,28.426800959455193,4.92963995773284,0.7684523789154081,0.05632192749910131,0.5,0.45454545454545453,0.47619047619047616,ga.pop_size,40.0
metalization,TSFGA,1,7,0.8703703703703703,0.5637268183389708,0,2208.0623382999984,4657,0.727802336221206,0.7292597851357311,0.0356102224380571,7.299336574213234,1.5839366974597433,13.176875657520943,3.304589005469985,29.61080078550759,5.2336167205290005,0.7553355273380321,0.060796756952013656,0.7142857142857143,0.45454545454545453,0.5555555555555556,ga.pop_size,40.0
metalization,TSFGA,2,5,0.9074074074074074,0.6002071924512172,0,2286.2346442000053,4957,0.7274882083924606,0.7370148625691819,0.029979435062027437,7.111833754676153,1.565500514483111,13.002564070549484,3.3005444655150957,28.297767841758127,4.896226255894667,0.7603828108674965,0.06837918209491534,0.8,0.36363636363636365,0.5000000000000001,ga.pop_size,40.0
deposition,TSFGA,0,5,0.9074074074074074,0.5872899154568821,0,2990.1042428999936,6279,0.6879930512255976,0.6760461596222793,0.048320821043251146,6.949361542485123,1.3930062799006169,12.912320042301937,3.0311955989936195,35.68622020414802,7.989913275412371,0.6712505632530442,0.10519434707994973,0.8,0.36363636363636365,0.5000000000000001,ga.pop_size,40.0
deposition,TSFGA,1,9,0.8333333333333334,0.4597299734219737,0,1830.8608884999994,3818,0.6814641242806356,0.6661581064255893,0.061468221130700974,7.129246079586458,1.4573984810413658,13.376247902120712,3.446350114464214,38.029672940577925,7.700453965402556,0.6428212810121217,0.14095825655186633,0.4444444444444444,0.36363636363636365,0.39999999999999997,ga.pop_size,40.0
deposition,TSFGA,2,8,0.8518518518518519,0.5341396844830808,0,1719.7707851000014,3594,0.6954608755441483,0.6936792999168484,0.04895514595432829,6.607942803386032,1.5454235597636576,12.175664927121405,3.3284756122951435,34.45886592106209,8.182688432435242,0.7143342889971043,0.09058727962676881,0.625,0.45454545454545453,0.5263157894736842,ga.pop_size,40.0
planarization,TSFGA,0,9,0.8333333333333334,0.5664223601413132,0,1451.187587100001,3141,0.7252381051707286,0.7298772486556194,0.04057512706677604,5.441566074403564,1.4164571213472448,9.98983813608877,3.281681775206851,28.30757760481862,6.007776664493937,0.6701827939751406,0.12639825496482007,0.6666666666666666,0.5454545454545454,0.6,ga.pop_size,40.0
planarization,TSFGA,1,8,0.8518518518518519,0.6122798230519644,0,1896.6731377999968,4195,0.7254119990988661,0.7298964870056813,0.04238524823890948,5.429206095415751,1.3793952787772426,9.996355715318455,3.37453698739707,27.83552241794883,5.422398153958266,0.6715064217853695,0.12404551103852102,0.75,0.5454545454545454,0.631578947368421,ga.pop_size,40.0
planarization,TSFGA,2,8,0.8518518518518519,0.643164757956074,0,1544.2344392000014,3329,0.7150690585491936,0.7186969776494238,0.0474060694832935,5.669931106197908,1.5796515417424197,10.118914293609016,3.371450534619291,29.85544361551495,5.987076130317515,0.6593736991798589,0.13360247015478455,0.625,0.45454545454545453,0.5263157894736842,ga.pop_size,40.0
lithography,TSFGA,0,8,0.8518518518518519,0.5225571858383712,0,3029.853413100005,6290,0.7529002785425358,0.741763540803167,0.04201677606587459,3.6529661678181875,0.7392086076375289,6.343524743619263,1.687459387939982,26.54387327754964,4.001405362689473,0.6691133297000563,0.14274477019162532,0.375,0.2727272727272727,0.3157894736842105,ga.pop_size,80.0
lithography,TSFGA,1,7,0.8703703703703703,0.5752598083196256,0,6356.986678599962,13350,0.7553831669207611,0.7481618211776296,0.04647701275448337,3.560959059786988,0.7740661640507456,6.1721738399006325,1.7050050339348404,25.23067559731165,4.361602391245652,0.6855599786989697,0.13280804173733146,0.5714285714285714,0.36363636363636365,0.4444444444444444,ga.pop_size,80.0
lithography,TSFGA,2,8,0.8518518518518519,0.5202741014478253,0,2430.0410663000075,4973,0.734145112152969,0.7309478462928751,0.046712060585945576,3.8136939225532065,0.8679120338950412,6.428787676926384,1.8300909679456177,28.1252296538061,4.094776148572423,0.6632060002833696,0.1399952750244758,0.5,0.36363636363636365,0.4210526315789474,ga.pop_size,80.0
implantation,TSFGA,0,9,0.8333333333333334,0.5240401166020304,0,4013.5704161999747,8230,0.7401943273548411,0.7067873412346479,0.04362183766620601,7.842308676590374,1.9597574522950933,14.330381064320685,3.7412574601024544,29.539444130460797,5.269569616585303,0.7360566478573564,0.06736997141823597,0.4444444444444444,0.36363636363636365,0.39999999999999997,ga.pop_size,80.0
implantation,TSFGA,1,7,0.8703703703703703,0.6075203176425107,0,6380.432897899998,13337,0.7430259879588788,0.7077546883749907,0.04105072128076094,7.766434165216377,1.6894972960968209,14.257498574668638,3.300957891671352,29.476967975003436,5.2815872271778,0.7351863523902177,0.06814158630345614,0.5714285714285714,0.36363636363636365,0.4444444444444444,ga.pop_size,80.0
implantation,TSFGA,2,7,0.8703703703703703,0.5711788334851629,0,4797.500041100022,9854,0.7272584137154505,0.6991398532811756,0.04842443705937679,8.02238229807134,1.9582251798969248,14.60221216638114,3.55089847874347,30.772552553133867,6.040817504562378,0.7225605100049519,0.0769518992637266,0.7142857142857143,0.45454545454545453,0.5555555555555556,ga.pop_size,80.0
etching,TSFGA,0,7,0.8703703703703703,0.5140895710760282,0,3080.1462833000114,6207,0.7235959070493907,0.7546629149667552,0.03655370346434616,2.8062383444323076,0.6609312014120483,4.6032637882828285,1.133933566867648,25.97243751787968,5.07679674574761,0.7609150103124044,0.07193042293973011,0.5714285714285714,0.36363636363636365,0.4444444444444444,ga.pop_size,80.0
etching,TSFGA,1,7,0.8703703703703703,0.5097584677236262,0,3989.8371883000364,8226,0.7262811688622884,0.7666374850806719,0.035812338856631494,2.6626147364044623,0.6273156619222631,4.485052746434317,1.1332869944460504,24.708969594007833,4.5117624377146015,0.7713733268504385,0.07227560971020525,0.42857142857142855,0.2727272727272727,0.33333333333333326,ga.pop_size,80.0
etching,TSFGA,2,6,0.8888888888888888,0.5224440415567548,0,4804.623634900025,10011,0.7203220433278126,0.7618110942561278,0.03071478774313225,2.7249331657627764,0.6226109245844276,4.522078807756751,1.1205754010028461,24.716424914247625,3.954168559606793,0.7708776323132779,0.06050981135753968,0.5,0.2727272727272727,0.3529411764705882,ga.pop_size,80.0
metalization,TSFGA,0,6,0.8888888888888888,0.574228046808314,0,7521.785520199977,15584,0.7369132603234739,0.7485077432944813,0.03062410765777637,6.798386457267475,1.5119233935166378,12.459190227491824,3.035850545536098,27.192415531753948,4.419168802379267,0.7805186583694446,0.057200641854561744,0.8333333333333334,0.45454545454545453,0.5882352941176471,ga.pop_size,80.0
metalization,TSFGA,1,8,0.8518518518518519,0.49677210558430523,0,2557.3888436999987,5201,0.7191157615277344,0.7206747124535962,0.03952235192892559,7.5481366580568885,1.7348029651451944,13.229641958144907,3.449407778625101,31.652987629998417,6.1506558112155725,0.7535520329386621,0.06752904692694285,0.375,0.2727272727272727,0.3157894736842105,ga.pop_size,80.0
metalization,TSFGA,2,6,0.8888888888888888,0.5589518569466928,0,5609.546253999986,11570,0.7261568971084184,0.7298546301169305,0.03872561664055429,7.320262893044675,1.7973498064984548,13.330123135075002,3.749384755024901,29.602980502576383,5.625332822632968,0.7505252085032078,0.07110609462217143,0.5,0.2727272727272727,0.3529411764705882,ga.pop_size,80.0
deposition,TSFGA,0,9,0.8333333333333334,0.5821510289180486,0,2415.8755292000133,4883,0.7042513241554824,0.6885355201297504,0.05180162941340994,6.68604025033879,1.4508946003141832,12.381850391451449,3.1684856758672506,34.6589448023108,7.526159011596757,0.7000040563012784,0.09893229350721139,0.5555555555555556,0.45454545454545453,0.5,ga.pop_size,80.0
deposition,TSFGA,1,8,0.8518518518518519,0.6157752123420476,0,7631.934095500037,15594,0.7125656077167966,0.6910297713847308,0.060065307264016085,6.62643092452706,1.5718050515064883,12.44282414952109,3.5053195478965655,33.88694310109965,7.58062202054057,0.6912604264211488,0.13352327053851387,0.75,0.5454545454545454,0.631578947368421,ga.pop_size,80.0
deposition,TSFGA,2,8,0.8518518518518519,0.5115655904471386,0,4093.7234814999974,8071,0.6771306157507175,0.6718741457913774,0.04465937633006326,7.052711814628262,1.4385827320424533,12.884644217963949,3.137861576360775,38.12202739005901,7.769995116894625,0.678671523168338,0.0823468576072865,0.375,0.2727272727272727,0.3157894736842105,ga.pop_size,80.0
planarization,TSFGA,0,7,0.8703703703703703,0.6008243194769842,0,5168.962217700027,10949,0.7116365020367745,0.7291460445046873,0.04187205591625736,5.418317908268496,1.1971119514053319,9.713246442744042,3.0009892970447827,28.145182447030034,4.837323008929879,0.6840835162811528,0.11749507372204412,0.5714285714285714,0.36363636363636365,0.4444444444444444,ga.pop_size,80.0
planarization,TSFGA,1,8,0.8518518518518519,0.5030582673849432,0,2273.8615010000067,4814,0.6871038337311517,0.6971998324532378,0.042101454319767875,6.040952196546042,1.1808909917088712,10.36710720024525,3.293035535847368,33.309292489073556,4.505753771408924,0.6390360048414773,0.14245734974691873,0.5,0.36363636363636365,0.4210526315789474,ga.pop_size,80.0
planarization,TSFGA,2,5,0.9074074074074074,0.6486516504036489,0,5238.954731700011,11101,0.7101781652002737,0.7169613952754733,0.04750720529922572,5.697192463892765,1.5887191010550117,10.244108423452367,3.5476349424462628,29.1753748890582,6.647810599634637,0.6453268530426238,0.1627350217660574,0.8,0.36363636363636365,0.5000000000000001,ga.pop_size,80.0
lithography,TSFGA,0,6,0.8888888888888888,0.6200909423726231,0,8262.7116256,16916,0.7633383273677291,0.755377715951214,0.048806860753328025,3.457186028942252,0.8030079139660016,6.026423554519807,1.9211994593798567,24.737803726635672,4.198548225452975,0.696232808907602,0.15104857116880144,0.8333333333333334,0.45454545454545453,0.5882352941176471,ga.pop_size,120.0
lithography,TSFGA,1,8,0.8518518518518519,0.4968837274503914,0,8490.238492099998,17625,0.7559901592837415,0.7523684879488737,0.050173258273571976,3.508486997197649,0.8391865842395645,6.128801954520224,1.8002032450039092,24.762373924810102,4.726088371391283,0.6892544841484317,0.14317376098305384,0.7142857142857143,0.45454545454545453,0.5555555555555556,ga.pop_size,120.0
lithography,TSFGA,2,8,0.8518518518518519,0.5533312387952609,0,11267.495099,22899,0.7614148638774871,0.7542754534093002,0.04685174958345369,3.467830366443341,0.7489982871885864,6.001128277487498,1.720930671269523,24.703023250103232,4.287999991260289,0.7037089281574744,0.1240125629589192,0.75,0.5454545454545454,0.631578947368421,ga.pop_size,120.0
implantation,TSFGA,0,9,0.8333333333333334,0.5303556847533272,0,6907.294632899997,13859,0.7302994033338075,0.6943563366921128,0.044278575168448506,8.143707480269168,1.918631537478529,14.602634466942705,3.712502883616558,31.537271548138076,4.918365161924557,0.7237228553408215,0.07666603182897722,0.4444444444444444,0.36363636363636365,0.39999999999999997,ga.pop_size,120.0
implantation,TSFGA,1,9,0.8333333333333334,0.5491576921805696,0,5372.631890700002,10688,0.7315659538460556,0.7028905684902524,0.0526879433726213,7.861282554913801,1.7707799889313047,14.428059824571045,3.572499688966694,30.492822558263583,5.412386417353209,0.7230676724566028,0.10181631825358549,0.5555555555555556,0.45454545454545453,0.5,ga.pop_size,120.0
implantation,TSFGA,2,6,0.8888888888888888,0.6170034582738447,0,11542.887155499993,23463,0.743986921764821,0.7125063881120383,0.04066665955642928,7.685724395051554,1.9076135527700748,14.239414147785316,3.303431754404738,28.70824938754619,5.246427751960732,0.7364435914983531,0.06646285058869486,0.6666666666666666,0.36363636363636365,0.4705882352941177,ga.pop_size,120.0
etching,TSFGA,0,4,0.9259259259259259,0.6193861762894735,0,11437.720396100005,23577,0.7373361826054641,0.7686133868460828,0.03001029898219034,2.650532027608081,0.6329872190677601,4.43066564791137,1.0944570431139389,23.810185460388748,4.058936837890856,0.7780002544641883,0.06700216687406617,0.75,0.2727272727272727,0.39999999999999997,ga.pop_size,120.0
etching,TSFGA,1,7,0.8703703703703703,0.6013840023448105,0,7303.036956299999,14919,0.7377763791519326,0.7716727903131627,0.03159047695912817,2.626932599928413,0.6603686554238736,4.431343208818462,1.229033681693537,23.270799857829918,3.5864305346661625,0.7804398865580119,0.06641094470398635,0.7142857142857143,0.45454545454545453,0.5555555555555556,ga.pop_size,120.0
etching,TSFGA,2,7,0.8703703703703703,0.5378625138707601,0,7277.5250000000015,14791,0.7345611083035648,0.7724745441894867,0.0331746739025895,2.594949308543186,0.5946662230146661,4.368696370081434,1.0800394219103635,23.30570066791252,3.9442440603991495,0.7805384736710635,0.07469949659646401,0.42857142857142855,0.2727272727272727,0.33333333333333326,ga.pop_size,120.0
metalization,TSFGA,0,7,0.8703703703703703,0.62611318337614,0,10423.244753899999,21006,0.7321231625833756,0.7420979546648435,0.033475039682280106,7.001221462106642,1.752988277291076,12.848675860985542,3.3396083188702512,28.3017703890533,4.77258966460344,0.7701974638185995,0.05033070473634714,0.7142857142857143,0.45454545454545453,0.5555555555555556,ga.pop_size,120.0
metalization,TSFGA,1,6,0.8888888888888888,0.6198533180636301,0,9195.319969199998,18789,0.7430710454291768,0.7403638979378898,0.03669635574137864,7.023210894074648,1.6891822874379916,12.921296441978717,3.3457857138661167,28.33589355816047,4.934015987008039,0.7657822926360968,0.05845124734402932,0.6666666666666666,0.36363636363636365,0.4705882352941177,ga.pop_size,120.0
metalization,TSFGA,2,8,0.8518518518518519,0.6062310526428241,0,6650.2511164000025,13268,0.7325034161762857,0.7355830380147037,0.03662875772661934,7.160052757069256,1.7396782452431416,13.12742449017227,3.6313663362555255,28.416704981716713,5.440542627811502,0.760519813063971,0.05767079062415573,0.625,0.45454545454545453,0.5263157894736842,ga.pop_size,120.0
deposition,TSFGA,0,5,0.9074074074074074,0.6030396950173672,0,6334.7305105999985,12679,0.6904732022822222,0.6849392353333208,0.05039048372462859,6.763503779252045,1.4623664111903887,12.713861329302825,3.015525574093596,35.01671383628809,7.664461255795932,0.6822772878835881,0.09485518626978275,0.8,0.36363636363636365,0.5000000000000001,ga.pop_size,120.0
deposition,TSFGA,1,9,0.8333333333333334,0.5241455905698108,0,5192.3902676,10328,0.6864895043620423,0.6820943850815995,0.05047086122240503,6.811366082938187,1.3598721937329867,12.590739954998277,3.181871332423619,36.393304025773986,7.947914436624908,0.6845009440470154,0.12346142039648068,0.5555555555555556,0.45454545454545453,0.5,ga.pop_size,120.0
deposition,TSFGA,2,9,0.8333333333333334,0.5339367616606883,0,4663.8216697000025,9155,0.6845019098306377,0.6807575549384911,0.044839688070492656,6.8725520577851995,1.425779986470372,12.529205906180897,3.3118112046161734,36.89191349210517,7.359170785925491,0.6961780757622562,0.09267636040093244,0.5555555555555556,0.45454545454545453,0.5,ga.pop_size,120.0
planarization,TSFGA,0,9,0.8333333333333334,0.5602380890849626,0,8322.884953499997,17254,0.7214517625072411,0.7328642522471586,0.04272202840445291,5.382266529733995,1.4351813404851703,9.808505921786482,3.3082483061304235,27.647365601688126,5.776563567987812,0.6815666950273219,0.12446560159441912,0.4444444444444444,0.36363636363636365,0.39999999999999997,ga.pop_size,120.0
planarization,TSFGA,1,6,0.8888888888888888,0.6020866551238192,0,10845.793151700003,22418,0.7099268932863342,0.7179132743198819,0.04231114865263238,5.671657166670065,1.4271687543353078,10.107508016387703,3.409224536840925,29.399081499648982,5.6252870209572485,0.6598362135612466,0.13695152438467814,0.8333333333333334,0.45454545454545453,0.5882352941176471,ga.pop_size,120.0
planarization,TSFGA,2,8,0.8518518518518519,0.6022421436190332,0,6833.392387299995,14085,0.7100477277282785,0.7152213321653318,0.0486135915834514,5.739221547116299,1.5775715401369603,10.164464436888316,3.444621137756921,30.02872741455433,6.0479811100798315,0.6581109958301727,0.13075598749455447,0.625,0.45454545454545453,0.5263157894736842,ga.pop_size,120.0
lithography,TSFGA,0,4,0.9259259259259259,0.6575188799708834,0,3837.2132155,7994,0.7407388396149006,0.7362612191448802,0.05312578699653371,3.7331938971157688,0.8997284378003322,6.32800165764782,2.0095171595856547,27.10955858846834,4.8489003750301265,0.6657911841084405,0.1709507777819743,0.75,0.2727272727272727,0.39999999999999997,ga.pc,0.3
lithography,TSFGA,1,8,0.8518518518518519,0.6035124324497022,0,3531.8591388999994,7444,0.7607023159880825,0.7548974507036523,0.047409531040439046,3.48307446604575,0.8612772978640539,5.970486730957449,1.8142658491038839,25.110269397624837,3.941829022779843,0.7056533462193059,0.13354059465340967,0.75,0.5454545454545454,0.631578947368421,ga.pc,0.3
lithography,TSFGA,2,8,0.8518518518518519,0.5472372911101135,0,3623.2772092000014,7521,0.7534623099220087,0.7478420024253501,0.03907194709206155,3.554604610641084,0.6284211550155117,6.143785576706739,1.5190632889201006,25.75539703105627,3.754029046821508,0.6888407986823643,0.12207326864805018,0.375,0.2727272727272727,0.3157894736842105,ga.pc,0.3
implantation,TSFGA,0,5,0.9074074074074074,0.6324942866300743,0,4486.9772964,9227,0.7280022660068326,0.6969343891233633,0.04030610082669227,8.100140350084935,1.9560885766555949,14.584097349582208,3.757398584266792,31.028015393049245,4.78883741387521,0.7262454361192798,0.07032092120356084,0.8,0.36363636363636365,0.5000000000000001,ga.pc,0.3
implantation,TSFGA,1,10,0.8148148148148149,0.515652345894698,0,2134.495614700005,4342,0.7341223562741153,0.7030693436939569,0.04623846559477442,7.88947864057329,1.7832699511197527,14.326372422388374,3.41653659396564,30.529262071414674,5.185853904983865,0.7314676317354025,0.07926567042073951,0.5,0.45454545454545453,0.47619047619047616,ga.pc,0.3
implantation,TSFGA,2,6,0.8888888888888888,0.688013303848355,0,4457.6765645999985,9136,0.747366755700733,0.7086134463119648,0.03831550454415899,7.7675757122606575,1.7914344692088437,14.409513899331797,3.2978354470216873,28.74719706767367,5.279646995356981,0.7311168965114014,0.06697994398424136,1.0,0.5454545454545454,0.7058823529411764,ga.pc,0.3
etching,TSFGA,0,5,0.9074074074074074,0.6080773237060547,0,7364.763075399998,15558,0.7448575065410502,0.7763945792619766,0.028145496756895753,2.558681487740175,0.5936952510593154,4.28717456248481,1.0484644797504066,22.59802147675164,3.765534920286045,0.7922117072202035,0.059423125222052446,0.4,0.18181818181818182,0.25000000000000006,ga.pc,0.3
etching,TSFGA,1,7,0.8703703703703703,0.5662991029329171,0,4828.841369199996,10151,0.7474514814452038,0.7843404756094603,0.030302100384769787,2.476880179524085,0.6336674962964459,4.237367107104709,1.1188959111945607,21.781932571911145,3.4991094358469095,0.7969890809705772,0.06337876494566357,0.8571428571428571,0.5454545454545454,0.6666666666666665,ga.pc,0.3
etching,TSFGA,2,7,0.8703703703703703,0.5305145165234111,0,4964.513346,10231,0.7353218917598927,0.7623148609448614,0.03403051547864924,2.7142174410781634,0.6007360277756938,4.579070804994271,1.139003518637396,24.505876183243025,4.299125536483231,0.7664681372796361,0.05613763045015079,0.42857142857142855,0.2727272727272727,0.33333333333333326,ga.pc,0.3
metalization,TSFGA,0,7,0.8703703703703703,0.6179386481450181,0,4824.902488,10002,0.7338950782330462,0.7481926870946142,0.034678243485632726,6.843288741620229,1.7744433748858668,12.57692448793799,3.20744910779549,27.300803324519787,4.967676276240168,0.7783589822503523,0.052495584363970775,0.7142857142857143,0.45454545454545453,0.5555555555555556,ga.pc,0.3
metalization,TSFGA,1,7,0.8703703703703703,0.5353544897536998,0,6223.550952799997,12777,0.7304918976380796,0.7264492060852132,0.03877622597921878,7.375074853932889,1.6360273344475058,13.228007926902901,3.5001990035390356,29.623431970801132,5.386301174461569,0.7518863100796407,0.07635158352989624,0.5714285714285714,0.36363636363636365,0.4444444444444444,ga.pc,0.3
metalization,TSFGA,2,5,0.9074074074074074,0.6020205970749416,0,7617.6669227999955,15573,0.7296923314654017,0.7290876180464653,0.03215699620766542,7.317016068840205,1.5930762632086466,13.299927340632271,3.350318228786463,29.02200236980682,5.376742925022712,0.7491405922810873,0.06792100644863473,0.6,0.2727272727272727,0.37499999999999994,ga.pc,0.3
deposition,TSFGA,0,5,0.9074074074074074,0.6763060781608597,0,4634.783061200003,9611,0.7051491913129266,0.6917497013247107,0.05062585280582806,6.639930844894503,1.5551441182093162,12.428119865864172,3.124798523272392,33.81888468779706,8.02473271846671,0.6992886119560366,0.08761725571441653,0.8,0.36363636363636365,0.5000000000000001,ga.pc,0.3
deposition,TSFGA,1,6,0.8888888888888888,0.6057702303484778,0,5061.980837299998,10305,0.6989129175941051,0.6847400045834289,0.05924960936700747,6.7458983521740175,1.476802587094713,12.793525318128504,3.5329199146430335,34.62312396833439,8.115862935519031,0.6690466627797317,0.15541563967653588,0.8333333333333334,0.45454545454545453,0.5882352941176471,ga.pc,0.3
deposition,TSFGA,2,8,0.8518518518518519,0.5726549578780552,0,6322.464878400009,12846,0.6954835611960761,0.6906422526318611,0.0479492066397256,6.646598027763628,1.4053801951194276,12.179579055063309,3.2351692608932474,34.837077788692575,6.9832814220620625,0.710970713356426,0.09269119015774069,0.75,0.5454545454545454,0.631578947368421,ga.pc,0.3
planarization,TSFGA,0,8,0.8518518518518519,0.5953868778536157,0,4987.901741199996,10531,0.7231975388526727,0.7342134772526506,0.04220445411953032,5.357606763534562,1.4228427265289587,9.746632123936221,3.308790652270963,27.572221731255063,5.438791140870781,0.6852166091956022,0.12379915010270695,0.625,0.45454545454545453,0.5263157894736842,ga.pc,0.3
planarization,TSFGA,1,9,0.8333333333333334,0.5940085179514677,0,5868.000933400006,12475,0.7242297108643301,0.7328681173192925,0.04265514746815998,5.384910812161528,1.429722259683526,9.740391425209433,3.2958721000187006,27.8509436331947,5.067389770212668,0.6888785914477505,0.11702020320113406,0.6666666666666666,0.5454545454545454,0.6,ga.pc,0.3
planarization,TSFGA,2,7,0.8703703703703703,0.5305932765157603,0,5088.169807699996,10592,0.6902067860894815,0.7006972728029758,0.035720366242728015,5.982842222290691,1.1738831578376492,10.230671773266993,2.829679869556582,32.88814186924241,4.49432716426525,0.6483091557466139,0.12808744697609667,0.42857142857142855,0.2727272727272727,0.33333333333333326,ga.pc,0.3
lithography,TSFGA,0,8,0.8518518518518519,0.5225571858383712,0,3029.853413100005,6290,0.7529002785425358,0.741763540803167,0.04201677606587459,3.6529661678181875,0.7392086076375289,6.343524743619263,1.687459387939982,26.54387327754964,4.001405362689473,0.6691133297000563,0.14274477019162532,0.375,0.2727272727272727,0.3157894736842105,ga.pc,0.5
lithography,TSFGA,1,7,0.8703703703703703,0.5752598083196256,0,6356.986678599962,13350,0.7553831669207611,0.7481618211776296,0.04647701275448337,3.560959059786988,0.7740661640507456,6.1721738399006325,1.7050050339348404,25.23067559731165,4.361602391245652,0.6855599786989697,0.13280804173733146,0.5714285714285714,0.36363636363636365,0.4444444444444444,ga.pc,0.5
lithography,TSFGA,2,8,0.8518518518518519,0.5202741014478253,0,2430.0410663000075,4973,0.734145112152969,0.7309478462928751,0.046712060585945576,3.8136939225532065,0.8679120338950412,6.428787676926384,1.8300909679456177,28.1252296538061,4.094776148572423,0.6632060002833696,0.1399952750244758,0.5,0.36363636363636365,0.4210526315789474,ga.pc,0.5
implantation,TSFGA,0,9,0.8333333333333334,0.5240401166020304,0,4013.5704161999747,8230,0.7401943273548411,0.7067873412346479,0.04362183766620601,7.842308676590374,1.9597574522950933,14.330381064320685,3.7412574601024544,29.539444130460797,5.269569616585303,0.7360566478573564,0.06736997141823597,0.4444444444444444,0.36363636363636365,0.39999999999999997,ga.pc,0.5
implantation,TSFGA,1,7,0.8703703703703703,0.6075203176425107,0,6380.432897899998,13337,0.7430259879588788,0.7077546883749907,0.04105072128076094,7.766434165216377,1.6894972960968209,14.257498574668638,3.300957891671352,29.476967975003436,5.2815872271778,0.7351863523902177,0.06814158630345614,0.5714285714285714,0.36363636363636365,0.4444444444444444,ga.pc,0.5
implantation,TSFGA,2,7,0.8703703703703703,0.5711788334851629,0,4797.500041100022,9854,0.7272584137154505,0.6991398532811756,0.04842443705937679,8.02238229807134,1.9582251798969248,14.60221216638114,3.55089847874347,30.772552553133867,6.040817504562378,0.7225605100049519,0.0769518992637266,0.7142857142857143,0.45454545454545453,0.5555555555555556,ga.pc,0.5
etching,TSFGA,0,7,0.8703703703703703,0.5140895710760282,0,3080.1462833000114,6207,0.7235959070493907,0.7546629149667552,0.03655370346434616,2.8062383444323076,0.6609312014120483,4.6032637882828285,1.133933566867648,25.97243751787968,5.07679674574761,0.7609150103124044,0.07193042293973011,0.5714285714285714,0.36363636363636365,0.4444444444444444,ga.pc,0.5
etching,TSFGA,1,7,0.8703703703703703,0.5097584677236262,0,3989.8371883000364,8226,0.7262811688622884,0.7666374850806719,0.035812338856631494,2.6626147364044623,0.6273156619222631,4.485052746434317,1.1332869944460504,24.708969594007833,4.5117624377146015,0.7713733268504385,0.07227560971020525,0.42857142857142855,0.2727272727272727,0.33333333333333326,ga.pc,0.5
etching,TSFGA,2,6,0.8888888888888888,0.5224440415567548,0,4804.623634900025,10011,0.7203220433278126,0.7618110942561278,0.03071478774313225,2.7249331657627764,0.6226109245844276,4.522078807756751,1.1205754010028461,24.716424914247625,3.954168559606793,0.7708776323132779,0.06050981135753968,0.5,0.2727272727272727,0.3529411764705882,ga.pc,0.5
metalization,TSFGA,0,6,0.8888888888888888,0.574228046808314,0,7521.785520199977,15584,0.7369132603234739,0.7485077432944813,0.03062410765777637,6.798386457267475,1.5119233935166378,12.459190227491824,3.035850545536098,27.192415531753948,4.419168802379267,0.7805186583694446,0.057200641854561744,0.8333333333333334,0.45454545454545453,0.5882352941176471,ga.pc,0.5
metalization,TSFGA,1,8,0.8518518518518519,0.49677210558430523,0,2557.3888436999987,5201,0.7191157615277344,0.7206747124535962,0.03952235192892559,7.5481366580568885,1.7348029651451944,13.229641958144907,3.449407778625101,31.652987629998417,6.1506558112155725,0.7535520329386621,0.06752904692694285,0.375,0.2727272727272727,0.3157894736842105,ga.pc,0.5
metalization,TSFGA,2,6,0.8888888888888888,0.5589518569466928,0,5609.546253999986,11570,0.7261568971084184,0.7298546301169305,0.03872561664055429,7.320262893044675,1.7973498064984548,13.330123135075002,3.749384755024901,29.602980502576383,5.625332822632968,0.7505252085032078,0.07110609462217143,0.5,0.2727272727272727,0.3529411764705882,ga.pc,0.5
deposition,TSFGA,0,9,0.8333333333333334,0.5821510289180486,0,2415.8755292000133,4883,0.7042513241554824,0.6885355201297504,0.05180162941340994,6.68604025033879,1.4508946003141832,12.381850391451449,3.1684856758672506,34.6589448023108,7.526159011596757,0.7000040563012784,0.09893229350721139,0.5555555555555556,0.45454545454545453,0.5,ga.pc,0.5
deposition,TSFGA,1,8,0.8518518518518519,0.6157752123420476,0,7631.934095500037,15594,0.7125656077167966,0.6910297713847308,0.060065307264016085,6.62643092452706,1.5718050515064883,12.44282414952109,3.5053195478965655,33.88694310109965,7.58062202054057,0.6912604264211488,0.13352327053851387,0.75,0.5454545454545454,0.631578947368421,ga.pc,0.5
deposition,TSFGA,2,8,0.8518518518518519,0.5115655904471386,0,4093.7234814999974,8071,0.6771306157507175,0.6718741457913774,0.04465937633006326,7.052711814628262,1.4385827320424533,12.884644217963949,3.137861576360775,38.12202739005901,7.769995116894625,0.678671523168338,0.0823468576072865,0.375,0.2727272727272727,0.3157894736842105,ga.pc,0.5
planarization,TSFGA,0,7,0.8703703703703703,0.6008243194769842,0,5168.962217700027,10949,0.7116365020367745,0.7291460445046873,0.04187205591625736,5.418317908268496,1.1971119514053319,9.713246442744042,3.0009892970447827,28.145182447030034,4.837323008929879,0.6840835162811528,0.11749507372204412,0.5714285714285714,0.36363636363636365,0.4444444444444444,ga.pc,0.5
planarization,TSFGA,1,8,0.8518518518518519,0.5030582673849432,0,2273.8615010000067,4814,0.6871038337311517,0.6971998324532378,0.042101454319767875,6.040952196546042,1.1808909917088712,10.36710720024525,3.293035535847368,33.309292489073556,4.505753771408924,0.6390360048414773,0.14245734974691873,0.5,0.36363636363636365,0.4210526315789474,ga.pc,0.5
planarization,TSFGA,2,5,0.9074074074074074,0.6486516504036489,0,5238.954731700011,11101,0.7101781652002737,0.7169613952754733,0.04750720529922572,5.697192463892765,1.5887191010550117,10.244108423452367,3.5476349424462628,29.1753748890582,6.647810599634637,0.6453268530426238,0.1627350217660574,0.8,0.36363636363636365,0.5000000000000001,ga.pc,0.5
lithography,TSFGA,0,9,0.8333333333333334,0.50243109155283,0,6481.567513900001,13390,0.7504849944707994,0.7436927270654187,0.04595261497174262,3.6221940361837,0.7680036393882883,6.291704821522256,1.7231549867775424,26.487266365024478,4.333049483839225,0.6731863888610679,0.1448524010417166,0.4444444444444444,0.36363636363636365,0.39999999999999997,ga.pc,0.8
lithography,TSFGA,1,11,0.7962962962962963,0.44052853343604653,0,3423.3980784000014,7015,0.744686790831181,0.7362144834548211,0.04689630078799201,3.7430640084679996,0.8385930133250632,6.412636082535481,1.770008300720986,27.047955031528495,4.350783681234029,0.6634849876635486,0.14207087663468,0.5,0.45454545454545453,0.47619047619047616,ga.pc,0.8
lithography,TSFGA,2,10,0.8148148148148149,0.4771402284726855,0,4265.799964099999,8792,0.7530031853694832,0.7484087213981454,0.04206789440492866,3.5649470774550904,0.764341169042188,6.177710748492222,1.66505946344986,25.86925193304082,4.082899890947453,0.6876931850055497,0.12296532139666783,0.4444444444444444,0.36363636363636365,0.39999999999999997,ga.pc,0.8
implantation,TSFGA,0,8,0.8518518518518519,0.5342514351797601,0,3591.9551646000036,7237,0.7160655577645387,0.692106133125687,0.045518958475972066,8.214844777586661,1.9711156434820847,14.82136359008308,3.585661596601629,32.03091395921508,5.486934422443557,0.7153598846592799,0.07295930586143959,0.375,0.2727272727272727,0.3157894736842105,ga.pc,0.8
implantation,TSFGA,1,7,0.8703703703703703,0.5513007160415783,0,7648.248808199991,15648,0.7279930629613071,0.6973486888329251,0.048190555556078075,8.033596203967678,1.7824515313641127,14.736647043972656,3.5833649045104115,30.61892672588868,5.322478433032022,0.7158183930604195,0.08260219743452034,0.5714285714285714,0.36363636363636365,0.4444444444444444,ga.pc,0.8
implantation,TSFGA,2,10,0.8148148148148149,0.543182252925975,0,5222.053435499998,10597,0.7373682294408794,0.701886746709928,0.04651236353079766,7.9549344492809935,1.949884494096415,14.70277120965496,3.506048675414511,30.364483825255263,5.872744553598236,0.7187517598871082,0.07562923542972821,0.5,0.45454545454545453,0.47619047619047616,ga.pc,0.8
etching,TSFGA,0,7,0.8703703703703703,0.46600887344257264,0,3479.423948500007,7242,0.7225056079461133,0.7609529792341522,0.028824660630840056,2.7419231125331165,0.6584831334542816,4.5939393624401665,1.0920650168507606,24.946109636688167,4.229191577156028,0.764637864122139,0.053340926965008695,0.2857142857142857,0.18181818181818182,0.2222222222222222,ga.pc,0.8
etching,TSFGA,1,7,0.8703703703703703,0.5329991749363424,0,3177.058213899996,6540,0.7420512992099894,0.7759717968489722,0.028738880639871858,2.562180933907077,0.5886476067651912,4.3111944876799075,1.0936569692466331,23.06739090574998,3.3125724888804426,0.7879113144469118,0.06798741972958185,0.5714285714285714,0.36363636363636365,0.4444444444444444,ga.pc,0.8
etching,TSFGA,2,7,0.8703703703703703,0.5812589450570379,0,3462.0194341000024,7092,0.7354931038894471,0.7690830831775123,0.02823316243818106,2.646270891704279,0.5997860705292353,4.461956781078072,1.0918744461434877,23.518953469665313,3.475474358807408,0.7771308985501636,0.057338000319871345,0.5714285714285714,0.36363636363636365,0.4444444444444444,ga.pc,0.8
metalization,TSFGA,0,8,0.8518518518518519,0.5215574225103805,0,4623.353488700006,9346,0.7065476149649799,0.7151583567819071,0.041871916191528,7.74074421390682,1.9988002237990008,13.793910285070561,3.5801628106681043,31.76813127593474,5.790937340268091,0.7347026715885595,0.06390242179778498,0.5,0.36363636363636365,0.4210526315789474,ga.pc,0.8
metalization,TSFGA,1,10,0.8148148148148149,0.5196442390807545,0,3202.7330846999976,6460,0.7265181925806966,0.7311209319592576,0.0354533900159318,7.263741171544567,1.6278951031755975,13.292411271638313,3.4722152612393455,29.75071930359202,5.127636538274929,0.7513037850694064,0.06643210420278689,0.5,0.45454545454545453,0.47619047619047616,ga.pc,0.8
metalization,TSFGA,2,6,0.8888888888888888,0.6651962839895568,0,3555.5792622999943,7162,0.7315822260301788,0.7407521837520485,0.03284122777606534,7.0172091896187005,1.6186188529191092,12.858673809987716,3.711740805817937,27.960065346362644,5.274139916810341,0.7727902694428697,0.05269406401805914,0.8333333333333334,0.45454545454545453,0.5882352941176471,ga.pc,0.8
deposition,TSFGA,0,8,0.8518518518518519,0.6258343274957949,0,6195.424017300007,12535,0.7138092144197095,0.7006608814934899,0.052530322899067394,6.448288914374384,1.5408530261132198,12.124579414051672,3.3868485481926824,32.60450599529771,7.1546537367583865,0.7140496086128212,0.09734928326594978,0.875,0.6363636363636364,0.7368421052631579,ga.pc,0.8
deposition,TSFGA,1,11,0.7962962962962963,0.5340188369146496,0,3315.983100400008,6620,0.6916139301483619,0.6812570150183104,0.05395254390457268,6.846052767109905,1.5242097492183078,12.597876454306324,3.351549955600108,35.845174180352366,8.013558389655381,0.6844537958362079,0.12478568023456543,0.5454545454545454,0.5454545454545454,0.5454545454545454,ga.pc,0.8
deposition,TSFGA,2,9,0.8333333333333334,0.5342941256092612,0,5137.242890599999,10343,0.6993980864096043,0.6964874276667814,0.05433492252449163,6.5330823928184305,1.5451550530695193,12.122641733704173,3.4791153005447883,34.020657843241196,7.788505450386537,0.715682451064399,0.09942423630305476,0.6666666666666666,0.5454545454545454,0.6,ga.pc,0.8
planarization,TSFGA,0,8,0.8518518518518519,0.5556923515969847,0,3095.485351400006,6459,0.7046868090422395,0.7189947181583388,0.04228957258703231,5.629060236830797,1.2579600507648876,10.129107524039389,3.1673420984885534,29.519342826529954,4.96541905123535,0.6602165160955604,0.12314851861679968,0.5,0.36363636363636365,0.4210526315789474,ga.pc,0.8
planarization,TSFGA,1,9,0.8333333333333334,0.5335846344091377,0,2800.967188499999,5767,0.7082010957272651,0.719592118911083,0.040956263900707064,5.597850907817959,1.1304059134245523,9.86086001248464,2.965013350342449,29.69573994179697,5.053081561675949,0.6732715054024789,0.12275304893403899,0.6666666666666666,0.5454545454545454,0.6,ga.pc,0.8
planarization,TSFGA,2,9,0.8333333333333334,0.5741457556189076,0,2720.3164580999946,5607,0.713725781090738,0.7221426258085143,0.05108742052197659,5.616017215617205,1.673833984514419,10.148414206320952,3.666308985872188,29.16147302187361,6.625899670431351,0.6583107676565189,0.14217089289139845,0.5555555555555556,0.45454545454545453,0.5,ga.pc,0.8
lithography,TSFGA,0,6,0.8888888888888888,0.6490093173471758,0,2741.1983563999966,6224,0.762328547751815,0.7529359278272066,0.04699669153932529,3.4805226583022266,0.7186022047266324,6.119804246828331,1.729587221374035,24.882376454944414,4.849462220558255,0.6854008882704526,0.15034981256952795,0.6666666666666666,0.36363636363636365,0.4705882352941177,ga.pm,0.05
lithography,TSFGA,1,6,0.8888888888888888,0.6092827050273967,0,3038.607489899994,6919,0.7524247736273029,0.7434974268419997,0.0441765294959152,3.634645580092869,0.7802420316259406,6.2962031415541935,1.7589133160820125,25.648067584996582,3.856716576017468,0.6755862165134644,0.13478495360969822,0.6666666666666666,0.36363636363636365,0.4705882352941177,ga.pm,0.05
lithography,TSFGA,2,6,0.8888888888888888,0.5980233401237678,0,2917.9720850000012,6586,0.762669706009899,0.7570281569222683,0.04589696561723641,3.4255453661522637,0.7107756535004494,5.910731706331119,1.6635405451785985,24.464441774629154,4.307395226344994,0.7113597706507816,0.12453008334993422,0.6666666666666666,0.36363636363636365,0.4705882352941177,ga.pm,0.05
implantation,TSFGA,0,5,0.9074074074074074,0.6736648687620195,0,6084.198742599998,13868,0.745395019430826,0.7145514846536271,0.036571137357534665,7.64105652324936,1.8870394960175412,13.900430787764737,3.5550930144697523,28.622677653909356,4.576897862589865,0.7525092829647594,0.057421330096303486,0.8,0.36363636363636365,0.5000000000000001,ga.pm,0.05
implantation,TSFGA,1,5,0.9074074074074074,0.7137500444911109,0,4791.070833500002,10618,0.7482800024355286,0.7085119903353262,0.03726832644639452,7.74830549845328,1.6578221234557193,14.316227928757803,3.3253567965164645,29.03158933958664,5.084075019223828,0.7341862816654126,0.0683239560990055,0.8,0.36363636363636365,0.5000000000000001,ga.pm,0.05
implantation,TSFGA,2,8,0.8518518518518519,0.6012624723160237,0,3844.565213599999,8308,0.7432356081622735,0.7125373215041303,0.04314173171872232,7.692204112704783,1.9644547289269572,14.20109173051672,3.3997265278319535,28.960655906210334,5.8571286973396335,0.739117748473533,0.06490984279571158,0.625,0.45454545454545453,0.5263157894736842,ga.pm,0.05
etching,TSFGA,0,6,0.8888888888888888,0.5791990790328672,0,3904.579909799999,8830,0.7531323997879573,0.7859954612293961,0.026040430330556256,2.448968817313042,0.5650420864093976,4.17594591669197,1.0091602263817212,21.43228026101342,3.28010799348137,0.8023157571952261,0.058596179511256896,0.5,0.2727272727272727,0.3529411764705882,ga.pm,0.05
etching,TSFGA,1,5,0.9074074074074074,0.7116181188318144,0,3104.5111803000036,6993,0.7538582387045011,0.7860028256705526,0.03236819694261925,2.463313252904513,0.6499950595379511,4.23480511116667,1.2185255554171348,21.21412898888686,3.5362872532238447,0.7980310755877923,0.06742125873675305,1.0,0.45454545454545453,0.625,ga.pm,0.05
etching,TSFGA,2,6,0.8888888888888888,0.5918842264408669,0,3910.0135587000113,8813,0.7460086549704188,0.7891111895095725,0.02400942618628133,2.4136869040273083,0.5378737405899727,4.160227309553986,1.0070644828755948,21.27717447713342,2.966067765193352,0.8031325369831703,0.06082770237506608,0.6666666666666666,0.36363636363636365,0.4705882352941177,ga.pm,0.05
metalization,TSFGA,0,6,0.8888888888888888,0.65016490530089,0,4170.7586667,9187,0.7297554908172588,0.746065627132901,0.03546980887859587,6.871722948959013,1.6464029334800308,12.589171618540274,3.1752091769124764,27.862218835766157,4.68586393477131,0.7769672687881564,0.05416322447354861,0.6666666666666666,0.36363636363636365,0.4705882352941177,ga.pm,0.05
metalization,TSFGA,1,5,0.9074074074074074,0.6951814124807439,0,4420.970815399996,9725,0.7434107646018053,0.7419547562357455,0.036804867810862424,6.984038787893658,1.6956354821814577,12.814015810372338,3.3828220009773537,28.4155360265127,5.59656056041618,0.7701924943403199,0.055489440073798725,0.8,0.36363636363636365,0.5000000000000001,ga.pm,0.05
metalization,TSFGA,2,4,0.9259259259259259,0.691998424581005,0,5549.989271000013,12950,0.7340928476180856,0.7371500489930322,0.02892984738565639,7.088277017443208,1.4666368165959132,12.9533772488863,3.2930217066155665,28.074299328722038,4.8756035055950715,0.7612332828788996,0.06708881364983492,1.0,0.36363636363636365,0.5333333333333333,ga.pm,0.05
deposition,TSFGA,0,6,0.8888888888888888,0.6224666103118554,0,4030.769486399993,8914,0.7095508494844621,0.7005259001787463,0.04971891168348696,6.449544068443353,1.5108371033876822,12.1384539492538,3.1868247736222513,32.683393599149255,7.218387213905109,0.7133863721510804,0.09028324391538303,0.8333333333333334,0.45454545454545453,0.5882352941176471,ga.pm,0.05
deposition,TSFGA,1,6,0.8888888888888888,0.5850098565373685,0,4482.537482900007,10103,0.6961522008640211,0.685648204080043,0.057406387341170824,6.73578066698196,1.5137044142255047,12.720702499557454,3.409217761374942,34.863357428227154,7.600234862339461,0.6751393713690829,0.1491295443525076,0.6666666666666666,0.36363636363636365,0.4705882352941177,ga.pm,0.05
deposition,TSFGA,2,5,0.9074074074074074,0.7055719677803208,0,5506.199725500002,13663,0.7037372558987784,0.701567159135442,0.04691500571603312,6.428378635103813,1.440522431610531,11.875021120528947,3.2971151771591405,33.40948167688351,6.957590457029325,0.7256196653033317,0.09502251828270794,0.8,0.36363636363636365,0.5000000000000001,ga.pm,0.05
planarization,TSFGA,0,7,0.8703703703703703,0.6488288013351363,0,3194.2519956999895,7476,0.7273508837406919,0.734956243861972,0.04316971838317613,5.3423700206186195,1.4411196882535249,9.813764990295146,3.2908415995817535,27.16309610803604,5.702285591943218,0.6810180069068446,0.12632661415377802,0.7142857142857143,0.45454545454545453,0.5555555555555556,ga.pm,0.05
planarization,TSFGA,1,5,0.9074074074074074,0.7337228432878763,0,3121.3409380000085,7132,0.7287081224496359,0.737516530952356,0.042678147335875986,5.278098778410729,1.3590288743452672,9.663540661689918,3.2677629588203674,27.009657013643828,4.99091644092209,0.690847538129963,0.12068293727401905,0.8,0.36363636363636365,0.5000000000000001,ga.pm,0.05
planarization,TSFGA,2,5,0.9074074074074074,0.7337228432878763,0,5002.285187800007,12784,0.725942289693265,0.7319023485384478,0.04664420585631394,5.4087270509945435,1.5374686939455067,9.874987358066074,3.4886386350202994,27.756555510474882,5.61381356157761,0.6763374648577376,0.1351189516166225,0.8,0.36363636363636365,0.5000000000000001,ga.pm,0.05
lithography,TSFGA,0,8,0.8518518518518519,0.5225571858383712,0,3029.853413100005,6290,0.7529002785425358,0.741763540803167,0.04201677606587459,3.6529661678181875,0.7392086076375289,6.343524743619263,1.687459387939982,26.54387327754964,4.001405362689473,0.6691133297000563,0.14274477019162532,0.375,0.2727272727272727,0.3157894736842105,ga.pm,0.1
lithography,TSFGA,1,7,0.8703703703703703,0.5752598083196256,0,6356.986678599962,13350,0.7553831669207611,0.7481618211776296,0.04647701275448337,3.560959059786988,0.7740661640507456,6.1721738399006325,1.7050050339348404,25.23067559731165,4.361602391245652,0.6855599786989697,0.13280804173733146,0.5714285714285714,0.36363636363636365,0.4444444444444444,ga.pm,0.1
lithography,TSFGA,2,8,0.8518518518518519,0.5202741014478253,0,2430.0410663000075,4973,0.734145112152969,0.7309478462928751,0.046712060585945576,3.8136939225532065,0.8679120338950412,6.428787676926384,1.8300909679456177,28.1252296538061,4.094776148572423,0.6632060002833696,0.1399952750244758,0.5,0.36363636363636365,0.4210526315789474,ga.pm,0.1
implantation,TSFGA,0,9,0.8333333333333334,0.5240401166020304,0,4013.5704161999747,8230,0.7401943273548411,0.7067873412346479,0.04362183766620601,7.842308676590374,1.9597574522950933,14.330381064320685,3.7412574601024544,29.539444130460797,5.269569616585303,0.7360566478573564,0.06736997141823597,0.4444444444444444,0.36363636363636365,0.39999999999999997,ga.pm,0.1
implantation,TSFGA,1,7,0.8703703703703703,0.6075203176425107,0,6380.432897899998,13337,0.7430259879588788,0.7077546883749907,0.04105072128076094,7.766434165216377,1.6894972960968209,14.257498574668638,3.300957891671352,29.476967975003436,5.2815872271778,0.7351863523902177,0.06814158630345614,0.5714285714285714,0.36363636363636365,0.4444444444444444,ga.pm,0.1
implantation,TSFGA,2,7,0.8703703703703703,0.5711788334851629,0,4797.500041100022,9854,0.7272584137154505,0.6991398532811756,0.04842443705937679,8.02238229807134,1.9582251798969248,14.60221216638114,3.55089847874347,30.772552553133867,6.040817504562378,0.7225605100049519,0.0769518992637266,0.7142857142857143,0.45454545454545453,0.5555555555555556,ga.pm,0.1
etching,TSFGA,0,7,0.8703703703703703,0.5140895710760282,0,3080.1462833000114,6207,0.7235959070493907,0.7546629149667552,0.03655370346434616,2.8062383444323076,0.6609312014120483,4.6032637882828285,1.133933566867648,25.97243751787968,5.07679674574761,0.7609150103124044,0.07193042293973011,0.5714285714285714,0.36363636363636365,0.4444444444444444,ga.pm,0.1
etching,TSFGA,1,7,0.8703703703703703,0.5097584677236262,0,3989.8371883000364,8226,0.7262811688622884,0.7666374850806719,0.035812338856631494,2.6626147364044623,0.6273156619222631,4.485052746434317,1.1332869944460504,24.708969594007833,4.5117624377146015,0.7713733268504385,0.07227560971020525,0.42857142857142855,0.2727272727272727,0.33333333333333326,ga.pm,0.1
etching,TSFGA,2,6,0.8888888888888888,0.5224440415567548,0,4804.623634900025,10011,0.7203220433278126,0.7618110942561278,0.03071478774313225,2.7249331657627764,0.6226109245844276,4.522078807756751,1.1205754010028461,24.716424914247625,3.954168559606793,0.7708776323132779,0.06050981135753968,0.5,0.2727272727272727,0.3529411764705882,ga.pm,0.1
metalization,TSFGA,0,6,0.8888888888888888,0.574228046808314,0,7521.785520199977,15584,0.7369132603234739,0.7485077432944813,0.03062410765777637,6.798386457267475,1.5119233935166378,12.459190227491824,3.035850545536098,27.192415531753948,4.419168802379267,0.7805186583694446,0.057200641854561744,0.8333333333333334,0.45454545454545453,0.5882352941176471,ga.pm,0.1
metalization,TSFGA,1,8,0.8518518518518519,0.49677210558430523,0,2557.3888436999987,5201,0.7191157615277344,0.7206747124535962,0.03952235192892559,7.5481366580568885,1.7348029651451944,13.229641958144907,3.449407778625101,31.652987629998417,6.1506558112155725,0.7535520329386621,0.06752904692694285,0.375,0.2727272727272727,0.3157894736842105,ga.pm,0.1
metalization,TSFGA,2,6,0.8888888888888888,0.5589518569466928,0,5609.546253999986,11570,0.7261568971084184,0.7298546301169305,0.03872561664055429,7.320262893044675,1.7973498064984548,13.330123135075002,3.749384755024901,29.602980502576383,5.625332822632968,0.7505252085032078,0.07110609462217143,0.5,0.2727272727272727,0.3529411764705882,ga.pm,0.1
deposition,TSFGA,0,9,0.8333333333333334,0.5821510289180486,0,2415.8755292000133,4883,0.7042513241554824,0.6885355201297504,0.05180162941340994,6.68604025033879,1.4508946003141832,12.381850391451449,3.1684856758672506,34.6589448023108,7.526159011596757,0.7000040563012784,0.09893229350721139,0.5555555555555556,0.45454545454545453,0.5,ga.pm,0.1
deposition,TSFGA,1,8,0.8518518518518519,0.6157752123420476,0,7631.934095500037,15594,0.7125656077167966,0.6910297713847308,0.060065307264016085,6.62643092452706,1.5718050515064883,12.44282414952109,3.5053195478965655,33.88694310109965,7.58062202054057,0.6912604264211488,0.13352327053851387,0.75,0.5454545454545454,0.631578947368421,ga.pm,0.1
deposition,TSFGA,2,8,0.8518518518518519,0.5115655904471386,0,4093.7234814999974,8071,0.6771306157507175,0.6718741457913774,0.04465937633006326,7.052711814628262,1.4385827320424533,12.884644217963949,3.137861576360775,38.12202739005901,7.769995116894625,0.678671523168338,0.0823468576072865,0.375,0.2727272727272727,0.3157894736842105,ga.pm,0.1
planarization,TSFGA,0,7,0.8703703703703703,0.6008243194769842,0,5168.962217700027,10949,0.7116365020367745,0.7291460445046873,0.04187205591625736,5.418317908268496,1.1971119514053319,9.713246442744042,3.0009892970447827,28.145182447030034,4.837323008929879,0.6840835162811528,0.11749507372204412,0.5714285714285714,0.36363636363636365,0.4444444444444444,ga.pm,0.1
planarization,TSFGA,1,8,0.8518518518518519,0.5030582673849432,0,2273.8615010000067,4814,0.6871038337311517,0.6971998324532378,0.042101454319767875,6.040952196546042,1.1808909917088712,10.36710720024525,3.293035535847368,33.309292489073556,4.505753771408924,0.6390360048414773,0.14245734974691873,0.5,0.36363636363636365,0.4210526315789474,ga.pm,0.1
planarization,TSFGA,2,5,0.9074074074074074,0.6486516504036489,0,5238.954731700011,11101,0.7101781652002737,0.7169613952754733,0.04750720529922572,5.697192463892765,1.5887191010550117,10.244108423452367,3.5476349424462628,29.1753748890582,6.647810599634637,0.6453268530426238,0.1627350217660574,0.8,0.36363636363636365,0.5000000000000001,ga.pm,0.1
lithography,TSFGA,0,11,0.7962962962962963,0.5631650757058125,0,5587.8657083,12794,0.7457296748591442,0.7397370254853247,0.048285402138095686,3.6900477058286203,0.8647547615508732,6.274930659174504,1.8012586296841446,27.315788767043216,4.725683630145389,0.6758516594707973,0.14450179825207665,0.5454545454545454,0.5454545454545454,0.5454545454545454,ga.pm,0.2
lithography,TSFGA,1,7,0.8703703703703703,0.4493373551343878,0,4041.0806317000097,8193,0.7207483151563797,0.7197170714095552,0.05923304531536077,3.9689020113568216,0.9830535330206733,6.6945345457206065,2.073566768142982,29.471341683042553,6.363955119732301,0.6325657763901881,0.1624909455010482,0.5,0.2727272727272727,0.3529411764705882,ga.pm,0.2
lithography,TSFGA,2,11,0.7962962962962963,0.5035760704511879,0,3875.9027443000086,7803,0.7475574723089806,0.7446949615670221,0.04405292110427881,3.6125938074181594,0.7760778938842566,6.120139700153049,1.6126394298913886,26.751621247839992,4.107745813895587,0.6945468139408343,0.1134396623190468,0.45454545454545453,0.45454545454545453,0.45454545454545453,ga.pm,0.2
implantation,TSFGA,0,12,0.7777777777777778,0.46465451221857024,0,3607.5463709000032,7179,0.7372662634938482,0.7003841461475812,0.042801264140681555,7.988775395448701,1.8882844286561196,14.555963100773669,3.4756848961335627,30.878242148880766,5.515028429320863,0.7240554849447058,0.0734047202469742,0.3333333333333333,0.36363636363636365,0.34782608695652173,ga.pm,0.2
implantation,TSFGA,1,9,0.8333333333333334,0.514969192657959,0,3219.1629157999996,6399,0.7227779504801064,0.6919768173892877,0.044961991128489344,8.185787553085477,1.830753942295284,14.821381455580683,3.514891219170835,31.65554146569952,5.577255947825978,0.7129234726398938,0.07888074064966705,0.3333333333333333,0.2727272727272727,0.3,ga.pm,0.2
implantation,TSFGA,2,12,0.7777777777777778,0.4889613175852049,0,3610.7004285999865,7335,0.7194232281243573,0.6914835901541813,0.050446742147497725,8.208723857065863,1.9276925660534918,14.777787869649478,3.7060550738004148,32.78089071247987,6.477011756168417,0.7166354621509826,0.08075985459644601,0.4166666666666667,0.45454545454545453,0.43478260869565216,ga.pm,0.2
etching,TSFGA,0,12,0.7777777777777778,0.42317292319910577,0,2705.415338299994,5385,0.7281179599245925,0.7651456422327064,0.027892989360261796,2.6913835488682722,0.626478725719532,4.497060318955209,1.0544561157317491,24.622079943897493,3.986588575614726,0.7720711947546177,0.06261168144481186,0.3333333333333333,0.36363636363636365,0.34782608695652173,ga.pm,0.2
etching,TSFGA,1,8,0.8518518518518519,0.4575636380340108,0,2499.0966583000118,5228,0.7252419599830425,0.7601517717256729,0.0345133320862182,2.7327049373240673,0.6022512740840785,4.590803367184493,1.0776202322416375,24.929385974818203,3.9762672916079,0.7568983099312602,0.08248942578689031,0.5,0.36363636363636365,0.4210526315789474,ga.pm,0.2
etching,TSFGA,2,9,0.8333333333333334,0.5218015523007637,0,2012.4929348000005,4137,0.7324822085970284,0.7648753049476384,0.026781180118319238,2.697511714869102,0.6184168581920338,4.563198675506654,1.0686989101114606,24.449571778605353,4.0544689568738805,0.7679554498012312,0.05179406199715833,0.4444444444444444,0.36363636363636365,0.39999999999999997,ga.pm,0.2
metalization,TSFGA,0,10,0.8148148148148149,0.47378108055447155,0,4029.016655700005,9987,0.7149347342499871,0.7326491651251372,0.031799203685125975,7.2225388069835965,1.5943282371010556,13.088149366854655,3.11954728993754,29.418681088564927,5.452761397541514,0.7571021068346969,0.06381969843839057,0.6,0.5454545454545454,0.5714285714285713,ga.pm,0.2
metalization,TSFGA,1,10,0.8148148148148149,0.48273222132947147,0,2745.5954293999966,6632,0.7059814093845043,0.7192759126740881,0.04126776633474498,7.589774523832355,1.830045409339766,13.564408546848425,3.8769253734889184,31.669926366406703,5.955476630519935,0.7393243173134606,0.07943528124016144,0.4,0.36363636363636365,0.380952380952381,ga.pm,0.2
metalization,TSFGA,2,9,0.8333333333333334,0.4771322195376928,0,2738.492580499995,6633,0.7106021316918241,0.7252799077352432,0.03694763457314777,7.424853374113294,1.7180227167028397,13.308387500323038,3.569734497627306,30.613696789830875,6.161812888652403,0.7496941162888184,0.06354559733478544,0.3333333333333333,0.2727272727272727,0.3,ga.pm,0.2
deposition,TSFGA,0,9,0.8333333333333334,0.527707575694726,0,2013.2398437999946,4526,0.6876884366621605,0.6756479907135806,0.050850475483283974,6.958533374060057,1.44357745596464,12.838160400042073,3.0563520119766507,37.33587180615082,8.09728773053731,0.6769636996853212,0.09629416502989262,0.4444444444444444,0.36363636363636365,0.39999999999999997,ga.pm,0.2
deposition,TSFGA,1,10,0.8148148148148149,0.49776026699364806,0,3985.911797599998,10455,0.6940499077468685,0.6851372281826904,0.05871750810269933,6.757461996468529,1.5643285600856587,12.637240298050077,3.428650827942152,35.965283446222195,8.360263562992653,0.6792405118949502,0.14403349960355455,0.7,0.6363636363636364,0.6666666666666666,ga.pm,0.2
deposition,TSFGA,2,10,0.8148148148148149,0.5618778753094115,0,3698.047737999994,9753,0.6931242184656553,0.6935605254921745,0.048050867879549555,6.603972571061598,1.4613052314810049,12.041515701882128,3.309083725753802,35.18349560929963,7.56664254822272,0.7186675025722672,0.09554251909790634,0.5,0.45454545454545453,0.47619047619047616,ga.pm,0.2
planarization,TSFGA,0,8,0.8518518518518519,0.5474617924203017,0,3695.63716459999,10220,0.694747890222881,0.7010149302969437,0.05619864670006433,6.0342836869029215,1.8178334642074017,10.50423774815905,3.7054316484713614,31.68525660812349,7.747706668738977,0.6301110750685346,0.16642023049475316,0.625,0.45454545454545453,0.5263157894736842,ga.pm,0.2
planarization,TSFGA,1,11,0.7962962962962963,0.5083534799349677,0,1515.4021332999982,3824,0.7109717790738617,0.7191915814827209,0.04903029866183063,5.634046220269342,1.4158886380048863,10.084672750074656,3.430597077288429,29.8698792663976,5.979055563323506,0.6627557179795222,0.1367923860643707,0.45454545454545453,0.45454545454545453,0.45454545454545453,ga.pm,0.2
planarization,TSFGA,2,11,0.7962962962962963,0.54689996538388,0,4092.6385894999985,11391,0.7052751050631634,0.7081631267205902,0.04553563056644336,5.82210140840988,1.1946296520907937,10.190721187448746,3.02283391404652,31.502077885982818,5.026178602396324,0.6494884102400701,0.1325024460548756,0.45454545454545453,0.45454545454545453,0.45454545454545453,ga.pm,0.2
