process,method,seed,gen,best,mean,n_selected,n_front
lithography,GA,0,0,1.9248664341288193,1.585785225508171,21.0,
lithography,GA,0,1,1.9885912982135607,1.7059072487667357,18.0,
lithography,GA,0,2,1.9885912982135607,1.697769585180016,18.0,
lithography,GA,0,3,2.0099316375853435,1.7205416586617361,17.0,
lithography,GA,0,4,2.0099316375853435,1.717211895835311,17.0,
lithography,GA,0,5,2.0099316375853435,1.7578909846384192,17.0,
lithography,GA,0,6,2.0099316375853435,1.7711670711221381,17.0,
lithography,GA,0,7,2.0099316375853435,1.753346529427707,17.0,
lithography,GA,0,8,2.0099316375853435,1.7539358713079878,17.0,
lithography,GA,0,9,2.0099316375853435,1.7783176813222255,17.0,
lithography,GA,0,10,2.0099316375853435,1.7717607095694086,17.0,
lithography,GA,0,11,2.065951711115713,1.7739799243153787,13.0,
lithography,GA,0,12,2.065951711115713,1.7707085134315896,13.0,
lithography,GA,0,13,2.065951711115713,1.7744640512867988,13.0,
lithography,GA,0,14,2.065951711115713,1.7846496444950586,13.0,
lithography,GA,0,15,2.065951711115713,1.7859436681968899,13.0,
lithography,GA,0,16,2.065951711115713,1.7935909380380135,13.0,
lithography,GA,0,17,2.065951711115713,1.7748411503242914,13.0,
lithography,GA,0,18,2.065951711115713,1.7531753261031895,13.0,
lithography,GA,0,19,2.065951711115713,1.7769323575948495,13.0,
lithography,GA,0,20,2.065951711115713,1.7718846437001539,13.0,
lithography,GA,0,21,2.065951711115713,1.759126199893327,13.0,
lithography,GA,0,22,2.065951711115713,1.7864624284454425,13.0,
lithography,GA,0,23,2.065951711115713,1.7578752171278063,13.0,
lithography,GA,0,24,2.065951711115713,1.7536230043489476,13.0,
lithography,GA,0,25,2.065951711115713,1.7645650760215683,13.0,
lithography,GA,0,26,2.065951711115713,1.7771542832609426,13.0,
lithography,GA,0,27,2.065951711115713,1.8197476869001186,13.0,
lithography,GA,0,28,2.065951711115713,1.8024500117188331,13.0,
lithography,GA,0,29,2.065951711115713,1.8019429756912373,13.0,
lithography,GA,0,30,2.065951711115713,1.801996891627584,13.0,
lithography,GA,0,31,2.065951711115713,1.8015035691510264,13.0,
lithography,GA,0,32,2.065951711115713,1.7541854997135125,13.0,
lithography,GA,0,33,2.065951711115713,1.7290235201542177,13.0,
lithography,GA,0,34,2.065951711115713,1.7480989127589055,13.0,
lithography,GA,0,35,2.065951711115713,1.751562985818102,13.0,
lithography,GA,0,36,2.083304626341443,1.7969894835579538,13.0,
lithography,GA,0,37,2.083304626341443,1.7933700493109683,13.0,
lithography,GA,0,38,2.083304626341443,1.751557010847233,13.0,
lithography,GA,0,39,2.083304626341443,1.7931433828859968,13.0,
lithography,GA,0,40,2.1293933526050477,1.7917927655154817,9.0,
lithography,GA,0,41,2.1293933526050477,1.7679039808844206,9.0,
lithography,GA,0,42,2.1293933526050477,1.7398188110581354,9.0,
lithography,GA,0,43,2.1293933526050477,1.7813034191478507,9.0,
lithography,GA,0,44,2.1293933526050477,1.786888242321743,9.0,
lithography,GA,0,45,2.1293933526050477,1.7900365379851308,9.0,
lithography,GA,0,46,2.1293933526050477,1.7922401117420967,9.0,
lithography,GA,0,47,2.1293933526050477,1.7756617835723838,9.0,
lithography,GA,0,48,2.1293933526050477,1.7986234237206804,9.0,
lithography,GA,0,49,2.1293933526050477,1.772660124666664,9.0,
lithography,GA,0,50,2.1293933526050477,1.7873260675479845,9.0,
lithography,GA,0,51,2.1293933526050477,1.7887589446024954,9.0,
lithography,GA,0,52,2.1293933526050477,1.7828548429699047,9.0,
lithography,GA,0,53,2.1293933526050477,1.7800933339872285,9.0,
lithography,GA,0,54,2.1293933526050477,1.7804694210287484,9.0,
lithography,GA,0,55,2.1293933526050477,1.7468557764291712,9.0,
lithography,GA,0,56,2.1293933526050477,1.7785497423110663,9.0,
lithography,GA,0,57,2.1293933526050477,1.802606348389243,9.0,
lithography,GA,0,58,2.1293933526050477,1.7926107811627539,9.0,
lithography,GA,0,59,2.1293933526050477,1.8068026045701218,9.0,
lithography,GA,0,60,2.1293933526050477,1.8004250497481078,9.0,
lithography,GA,0,61,2.1293933526050477,1.836873198792515,9.0,
lithography,GA,0,62,2.1293933526050477,1.8015984954515432,9.0,
lithography,GA,0,63,2.1293933526050477,1.8271076493013976,9.0,
lithography,GA,0,64,2.1293933526050477,1.7911316063992069,9.0,
lithography,GA,0,65,2.1293933526050477,1.8175658259685705,9.0,
lithography,GA,0,66,2.1293933526050477,1.788995255427346,9.0,
lithography,GA,0,67,2.1293933526050477,1.781504632569425,9.0,
lithography,GA,0,68,2.1293933526050477,1.7562324869522967,9.0,
lithography,GA,0,69,2.1503438884213377,1.8035573122203872,8.0,
lithography,GA,0,70,2.1503438884213377,1.7541499171932533,8.0,
lithography,GA,0,71,2.155256501716217,1.7896236540771873,8.0,
lithography,GA,0,72,2.155256501716217,1.7866451623766935,8.0,
lithography,GA,0,73,2.155256501716217,1.764643177006644,8.0,
lithography,GA,0,74,2.155256501716217,1.777016174767804,8.0,
lithography,GA,0,75,2.155256501716217,1.773125571995419,8.0,
lithography,GA,0,76,2.155256501716217,1.779832101207191,8.0,
lithography,GA,0,77,2.155256501716217,1.7788265297879213,8.0,
lithography,GA,0,78,2.155256501716217,1.800737656892028,8.0,
lithography,GA,0,79,2.155256501716217,1.8037352309099126,8.0,
lithography,GA,0,80,2.155256501716217,1.8141843861893716,8.0,
lithography,GA,0,81,2.155256501716217,1.8247518391020212,8.0,
lithography,GA,0,82,2.155256501716217,1.8241344976094158,8.0,
lithography,GA,0,83,2.155256501716217,1.8379006869642658,8.0,
lithography,GA,0,84,2.155256501716217,1.8100216252648536,8.0,
lithography,GA,0,85,2.155256501716217,1.8168335402118814,8.0,
lithography,GA,0,86,2.155256501716217,1.8274547614233156,8.0,
lithography,GA,0,87,2.155256501716217,1.797902392839831,8.0,
lithography,GA,0,88,2.155256501716217,1.7730467565544221,8.0,
lithography,GA,0,89,2.155256501716217,1.765525301895861,8.0,
lithography,GA,0,90,2.155256501716217,1.7633472027711434,8.0,
lithography,GA,0,91,2.155256501716217,1.7651280842392985,8.0,
lithography,GA,0,92,2.155256501716217,1.7884933976116133,8.0,
lithography,GA,0,93,2.155256501716217,1.7746477421972802,8.0,
lithography,GA,0,94,2.1575286067514847,1.7603176157256477,8.0,
lithography,GA,0,95,2.1575286067514847,1.7898364798601627,8.0,
lithography,GA,0,96,2.1575286067514847,1.8000312651910062,8.0,
lithography,GA,0,97,2.1575286067514847,1.7851177419613609,8.0,
lithography,GA,0,98,2.1575286067514847,1.8038020109368145,8.0,
lithography,GA,0,99,2.1575286067514847,1.7973967047630939,8.0,
lithography,GA,0,100,2.1575286067514847,1.7957960458577404,8.0,
lithography,GA,0,101,2.1575286067514847,1.796838051885111,8.0,
lithography,GA,0,102,2.1575286067514847,1.760543900026186,8.0,
lithography,GA,0,103,2.1575286067514847,1.7758872468986404,8.0,
lithography,GA,0,104,2.1575286067514847,1.75514010187482,8.0,
lithography,GA,0,105,2.1575286067514847,1.7599997991812522,8.0,
lithography,GA,0,106,2.1575286067514847,1.7985441174754904,8.0,
lithography,GA,0,107,2.1575286067514847,1.793559136183691,8.0,
lithography,GA,0,108,2.1575286067514847,1.8005213045521002,8.0,
lithography,GA,0,109,2.1575286067514847,1.8337301903642966,8.0,
lithography,GA,0,110,2.1575286067514847,1.8318312992007713,8.0,
lithography,GA,0,111,2.1575286067514847,1.8493206194389997,8.0,
lithography,GA,0,112,2.1575286067514847,1.8115471482185819,8.0,
lithography,GA,0,113,2.1575286067514847,1.7958639886453447,8.0,
lithography,GA,0,114,2.1575286067514847,1.7694116947416951,8.0,
lithography,GA,0,115,2.1575286067514847,1.7566007853167747,8.0,
lithography,GA,0,116,2.1575286067514847,1.7959969757617962,8.0,
lithography,GA,0,117,2.1575286067514847,1.80364983638639,8.0,
lithography,GA,0,118,2.1575286067514847,1.8196515877626545,8.0,
lithography,GA,0,119,2.1575286067514847,1.7802740502985575,8.0,
lithography,GA,0,120,2.1575286067514847,1.8093464394149605,8.0,
lithography,GA,0,121,2.1575286067514847,1.7971052481129,8.0,
lithography,GA,0,122,2.1575286067514847,1.7764030774188662,8.0,
lithography,GA,0,123,2.1575286067514847,1.765261597636351,8.0,
lithography,GA,0,124,2.1575286067514847,1.7491748742671547,8.0,
lithography,GA,0,125,2.1575286067514847,1.8002513724717981,8.0,
lithography,GA,0,126,2.1575286067514847,1.7712494707116075,8.0,
lithography,GA,0,127,2.1575286067514847,1.7753617616637325,8.0,
lithography,GA,0,128,2.1575286067514847,1.793815348874172,8.0,
lithography,GA,0,129,2.1575286067514847,1.7930419910795805,8.0,
lithography,GA,0,130,2.1575286067514847,1.8180550955060837,8.0,
lithography,GA,0,131,2.1575286067514847,1.7990451516135841,8.0,
lithography,GA,0,132,2.1575286067514847,1.7918716706348683,8.0,
lithography,GA,0,133,2.1575286067514847,1.8099935096462125,8.0,
lithography,GA,0,134,2.1575286067514847,1.80699899490645,8.0,
lithography,GA,1,0,1.8848754675789308,1.6040140157634468,22.0,
lithography,GA,1,1,1.8848754675789308,1.660596213938344,22.0,
lithography,GA,1,2,1.9244713590753113,1.664259982137996,20.0,
lithography,GA,1,3,1.932560440443589,1.7253326811488272,18.0,
lithography,GA,1,4,1.9763338725268738,1.7135255646212073,17.0,
lithography,GA,1,5,1.9763338725268738,1.734746422842509,17.0,
lithography,GA,1,6,1.9940676136682907,1.7387848725344426,17.0,
lithography,GA,1,7,1.9940676136682907,1.7484794306764393,17.0,
lithography,GA,1,8,1.9940676136682907,1.7643476583325888,17.0,
lithography,GA,1,9,1.9940676136682907,1.7615301554613474,17.0,
lithography,GA,1,10,1.9940676136682907,1.7495327873702293,17.0,
lithography,GA,1,11,1.9999375631067968,1.726898805261029,16.0,
lithography,GA,1,12,1.9999375631067968,1.7542420711906055,16.0,
lithography,GA,1,13,1.9999375631067968,1.757424963366443,16.0,
lithography,GA,1,14,1.9999375631067968,1.7636986349807988,16.0,
lithography,GA,1,15,1.9999375631067968,1.7539508499952305,16.0,
lithography,GA,1,16,1.9999375631067968,1.7349327594670239,16.0,
lithography,GA,1,17,1.9999375631067968,1.7290515193758302,16.0,
lithography,GA,1,18,1.9999375631067968,1.7676708751576922,16.0,
lithography,GA,1,19,2.0049307043299893,1.7573233470472978,16.0,
lithography,GA,1,20,2.0049307043299893,1.7746811721327926,16.0,
lithography,GA,1,21,2.0049307043299893,1.7878571587965055,16.0,
lithography,GA,1,22,2.0049307043299893,1.7817941012711522,16.0,
lithography,GA,1,23,2.0049307043299893,1.774111151995664,16.0,
lithography,GA,1,24,2.0049307043299893,1.7548829563314015,16.0,
lithography,GA,1,25,2.0139368768222496,1.7420541660460422,14.0,
lithography,GA,1,26,2.0139368768222496,1.7518165490497324,14.0,
lithography,GA,1,27,2.0139368768222496,1.7517847163903846,14.0,
lithography,GA,1,28,2.0206058917700807,1.7236497011948981,15.0,
lithography,GA,1,29,2.0206058917700807,1.7158386234643124,15.0,
lithography,GA,1,30,2.0206058917700807,1.7520452774094246,15.0,
lithography,GA,1,31,2.0206058917700807,1.7319786180885983,15.0,
lithography,GA,1,32,2.0206058917700807,1.7518409412284022,15.0,
lithography,GA,1,33,2.0206058917700807,1.7603503747113194,15.0,
lithography,GA,1,34,2.0206058917700807,1.79566397085161,15.0,
lithography,GA,1,35,2.036348561833776,1.7934228428312529,12.0,
lithography,GA,1,36,2.0454363456239273,1.80579585776835,16.0,
lithography,GA,1,37,2.0454363456239273,1.7805904342270942,16.0,
lithography,GA,1,38,2.0454363456239273,1.7746745580216572,16.0,
lithography,GA,1,39,2.0454363456239273,1.8033051645456688,16.0,
lithography,GA,1,40,2.0454363456239273,1.7807847767765572,16.0,
lithography,GA,1,41,2.0454363456239273,1.8021987246494913,16.0,
lithography,GA,1,42,2.0454363456239273,1.7993869882525302,16.0,
lithography,GA,1,43,2.0454363456239273,1.807352117165435,16.0,
lithography,GA,1,44,2.0454363456239273,1.7551940663426748,16.0,
lithography,GA,1,45,2.0454363456239273,1.7644035036947756,16.0,
lithography,GA,1,46,2.0454363456239273,1.79295912681119,16.0,
lithography,GA,1,47,2.0454363456239273,1.7754553362669163,16.0,
lithography,GA,1,48,2.063492184929922,1.7745674424239044,13.0,
lithography,GA,1,49,2.063492184929922,1.787247318482036,13.0,
lithography,GA,1,50,2.063492184929922,1.7756931160818568,13.0,
lithography,GA,1,51,2.063492184929922,1.7429334704038297,13.0,
lithography,GA,1,52,2.063492184929922,1.7678948922603035,13.0,
lithography,GA,1,53,2.063492184929922,1.7676385191141104,13.0,
lithography,GA,1,54,2.063492184929922,1.7721985214283407,13.0,
lithography,GA,1,55,2.063492184929922,1.7781048795484253,13.0,
lithography,GA,1,56,2.063492184929922,1.7867539429855832,13.0,
lithography,GA,1,57,2.063492184929922,1.7675509874306123,13.0,
lithography,GA,1,58,2.063492184929922,1.7593928844341675,13.0,
lithography,GA,1,59,2.063492184929922,1.740462185712649,13.0,
lithography,GA,1,60,2.063492184929922,1.7459334600116923,13.0,
lithography,GA,1,61,2.063492184929922,1.7385139704165276,13.0,
lithography,GA,1,62,2.063492184929922,1.768849032602386,13.0,
lithography,GA,1,63,2.063492184929922,1.7720085788174695,13.0,
lithography,GA,1,64,2.063492184929922,1.7932655684774912,13.0,
lithography,GA,1,65,2.0911716297071994,1.7960528076547013,12.0,
lithography,GA,1,66,2.0911716297071994,1.7791447784307919,12.0,
lithography,GA,1,67,2.0911716297071994,1.7829995993100745,12.0,
lithography,GA,1,68,2.0911716297071994,1.7535793505983492,12.0,
lithography,GA,1,69,2.0911716297071994,1.7626430124579393,12.0,
lithography,GA,1,70,2.0911716297071994,1.803731839671758,12.0,
lithography,GA,1,71,2.0914601232437557,1.766018319389551,12.0,
lithography,GA,1,72,2.0914601232437557,1.803125062613184,12.0,
lithography,GA,1,73,2.0914601232437557,1.786544712864296,12.0,
lithography,GA,1,74,2.0914601232437557,1.7508699706630153,12.0,
lithography,GA,1,75,2.0914601232437557,1.746615355456759,12.0,
lithography,GA,1,76,2.0914601232437557,1.795279856741655,12.0,
lithography,GA,1,77,2.0914601232437557,1.7945910668554013,12.0,
lithography,GA,1,78,2.0914601232437557,1.7688166664139864,12.0,
lithography,GA,1,79,2.0914601232437557,1.7677330001652263,12.0,
lithography,GA,1,80,2.0914601232437557,1.778177334371091,12.0,
lithography,GA,1,81,2.0914601232437557,1.772216956886319,12.0,
lithography,GA,1,82,2.0914601232437557,1.7752657446389666,12.0,
lithography,GA,1,83,2.0914601232437557,1.789596124489075,12.0,
lithography,GA,1,84,2.0914601232437557,1.794156175852876,12.0,
lithography,GA,1,85,2.102261153174969,1.7821499046068723,12.0,
lithography,GA,1,86,2.102261153174969,1.7957290071987047,12.0,
lithography,GA,1,87,2.102261153174969,1.787059657632294,12.0,
lithography,GA,1,88,2.102261153174969,1.7988102051187043,12.0,
lithography,GA,1,89,2.102261153174969,1.7971308539379813,12.0,
lithography,GA,1,90,2.102261153174969,1.773348963889695,12.0,
lithography,GA,1,91,2.102261153174969,1.74122805492278,12.0,
lithography,GA,1,92,2.102261153174969,1.792311658393751,12.0,
lithography,GA,1,93,2.102261153174969,1.7875044005345533,12.0,
lithography,GA,1,94,2.102261153174969,1.805528547902049,12.0,
lithography,GA,1,95,2.102261153174969,1.8074609658256917,12.0,
lithography,GA,1,96,2.102261153174969,1.7591303065225552,12.0,
lithography,GA,1,97,2.102261153174969,1.8002871310766864,12.0,
lithography,GA,1,98,2.102261153174969,1.7823964671735986,12.0,
lithography,GA,1,99,2.102261153174969,1.789185553733295,12.0,
lithography,GA,1,100,2.102261153174969,1.7705362190840208,12.0,
lithography,GA,1,101,2.102261153174969,1.7507530695181486,12.0,
lithography,GA,1,102,2.102261153174969,1.7611034383148163,12.0,
lithography,GA,1,103,2.102261153174969,1.76107924203242,12.0,
lithography,GA,1,104,2.102261153174969,1.7522495428427312,12.0,
lithography,GA,1,105,2.102261153174969,1.7608390641132652,12.0,
lithography,GA,1,106,2.102261153174969,1.770952669317366,12.0,
lithography,GA,1,107,2.102261153174969,1.818818204983313,12.0,
lithography,GA,1,108,2.102261153174969,1.7696574819908144,12.0,
lithography,GA,1,109,2.102261153174969,1.797933160810646,12.0,
lithography,GA,1,110,2.102261153174969,1.789035341160929,12.0,
lithography,GA,1,111,2.102261153174969,1.7304894589682633,12.0,
lithography,GA,1,112,2.102261153174969,1.772100055759657,12.0,
lithography,GA,1,113,2.102261153174969,1.8002822884042622,12.0,
lithography,GA,1,114,2.102261153174969,1.7914992002651082,12.0,
lithography,GA,1,115,2.102261153174969,1.7720681777077345,12.0,
lithography,GA,1,116,2.102261153174969,1.7818096449772411,12.0,
lithography,GA,1,117,2.102261153174969,1.7708284481668208,12.0,
lithography,GA,1,118,2.102261153174969,1.778442521087264,12.0,
lithography,GA,1,119,2.102261153174969,1.8021994204702978,12.0,
lithography,GA,1,120,2.102261153174969,1.8101894969104648,12.0,
lithography,GA,1,121,2.102261153174969,1.7740768068252908,12.0,
lithography,GA,1,122,2.119114200847279,1.800442095604609,11.0,
lithography,GA,1,123,2.119114200847279,1.814804413980447,11.0,
lithography,GA,1,124,2.119114200847279,1.7762789581239997,11.0,
lithography,GA,1,125,2.1720047902410045,1.798635958183373,8.0,
lithography,GA,1,126,2.1720047902410045,1.80884133939275,8.0,
lithography,GA,1,127,2.1720047902410045,1.8068144878965953,8.0,
lithography,GA,1,128,2.1720047902410045,1.8187203274811672,8.0,
lithography,GA,1,129,2.1720047902410045,1.7817698897322685,8.0,
lithography,GA,1,130,2.1720047902410045,1.7795867174801032,8.0,
lithography,GA,1,131,2.1720047902410045,1.8302726625436798,8.0,
lithography,GA,1,132,2.1720047902410045,1.831149665179792,8.0,
lithography,GA,1,133,2.1720047902410045,1.8089368811217441,8.0,
lithography,GA,1,134,2.1720047902410045,1.8188694114611252,8.0,
lithography,GA,1,135,2.1720047902410045,1.773687008817086,8.0,
lithography,GA,1,136,2.1720047902410045,1.7938059378251239,8.0,
lithography,GA,1,137,2.1720047902410045,1.7894108932329573,8.0,
lithography,GA,1,138,2.1720047902410045,1.7347478501909612,8.0,
lithography,GA,1,139,2.1720047902410045,1.7611332269938955,8.0,
lithography,GA,1,140,2.1720047902410045,1.7813517833713135,8.0,
lithography,GA,1,141,2.1720047902410045,1.7528219179604716,8.0,
lithography,GA,1,142,2.1720047902410045,1.7922997438475234,8.0,
lithography,GA,1,143,2.1720047902410045,1.7541868014135766,8.0,
lithography,GA,1,144,2.1720047902410045,1.7881083943373883,8.0,
lithography,GA,1,145,2.1720047902410045,1.7587660057924956,8.0,
lithography,GA,1,146,2.1720047902410045,1.7663165301254238,8.0,
lithography,GA,1,147,2.1720047902410045,1.7928429546042406,8.0,
lithography,GA,1,148,2.1720047902410045,1.795505202692,8.0,
lithography,GA,1,149,2.1720047902410045,1.8279479192754367,8.0,
lithography,GA,1,150,2.1720047902410045,1.8160075255450938,8.0,
lithography,GA,1,151,2.1720047902410045,1.8529644280392468,8.0,
lithography,GA,1,152,2.1720047902410045,1.8573485638500116,8.0,
lithography,GA,1,153,2.1720047902410045,1.814820936699045,8.0,
lithography,GA,1,154,2.1720047902410045,1.8001164802809595,8.0,
lithography,GA,1,155,2.1720047902410045,1.7921073325858061,8.0,
lithography,GA,1,156,2.1720047902410045,1.8278961231114905,8.0,
lithography,GA,1,157,2.1720047902410045,1.7723543453622792,8.0,
lithography,GA,1,158,2.1720047902410045,1.7632677731009339,8.0,
lithography,GA,1,159,2.1720047902410045,1.741207270670443,8.0,
lithography,GA,1,160,2.1720047902410045,1.7719157586020984,8.0,
lithography,GA,1,161,2.1720047902410045,1.7948916354321038,8.0,
lithography,GA,1,162,2.1720047902410045,1.7832933155811155,8.0,
lithography,GA,1,163,2.1720047902410045,1.8130980371378818,8.0,
lithography,GA,1,164,2.1720047902410045,1.7989913923938836,8.0,
lithography,GA,1,165,2.1720047902410045,1.8176530007509442,8.0,
lithography,GA,2,0,1.888295293924394,1.5796701535002837,20.0,
lithography,GA,2,1,1.9687031054313469,1.688098923416263,17.0,
lithography,GA,2,2,1.9687031054313469,1.704436301909724,17.0,
lithography,GA,2,3,1.9687031054313469,1.7445906449499788,17.0,
lithography,GA,2,4,1.9687031054313469,1.7299817024045716,17.0,
lithography,GA,2,5,1.9687031054313469,1.7335490893825174,17.0,
lithography,GA,2,6,1.9858441670826603,1.7374139763667096,15.0,
lithography,GA,2,7,1.9858441670826603,1.7336658821004238,15.0,
lithography,GA,2,8,1.9858441670826603,1.7414450666873904,15.0,
lithography,GA,2,9,1.9858441670826603,1.7461935506401793,15.0,
lithography,GA,2,10,1.9858441670826603,1.7697352240790383,15.0,
lithography,GA,2,11,1.990347405803768,1.7619285518975434,16.0,
lithography,GA,2,12,2.0113981896866457,1.755048807536344,15.0,
lithography,GA,2,13,2.0113981896866457,1.7174292031808023,15.0,
lithography,GA,2,14,2.0113981896866457,1.7247670089416451,15.0,
lithography,GA,2,15,2.0113981896866457,1.7558651340494145,15.0,
lithography,GA,2,16,2.024538948046824,1.8048736328776087,14.0,
lithography,GA,2,17,2.024538948046824,1.7489105198389332,14.0,
lithography,GA,2,18,2.024538948046824,1.764878573569839,14.0,
lithography,GA,2,19,2.024538948046824,1.782453244110752,14.0,
lithography,GA,2,20,2.024538948046824,1.7508493288035532,14.0,
lithography,GA,2,21,2.024538948046824,1.755743291459416,14.0,
lithography,GA,2,22,2.024538948046824,1.7564236693751032,14.0,
lithography,GA,2,23,2.024538948046824,1.7660028758023185,14.0,
lithography,GA,2,24,2.024538948046824,1.7393537335303555,14.0,
lithography,GA,2,25,2.053753159800186,1.76700078091879,14.0,
lithography,GA,2,26,2.053753159800186,1.7540381184324076,14.0,
lithography,GA,2,27,2.053753159800186,1.78341708752382,14.0,
lithography,GA,2,28,2.053753159800186,1.7317283917863686,14.0,
lithography,GA,2,29,2.053753159800186,1.7249139188787992,14.0,
lithography,GA,2,30,2.053753159800186,1.7526722458554786,14.0,
lithography,GA,2,31,2.053753159800186,1.7557903289814987,14.0,
lithography,GA,2,32,2.053753159800186,1.7763905821047463,14.0,
lithography,GA,2,33,2.053753159800186,1.7647742415520689,14.0,
lithography,GA,2,34,2.053753159800186,1.7010767500439221,14.0,
lithography,GA,2,35,2.0857547772805507,1.7241280848500957,12.0,
lithography,GA,2,36,2.0857547772805507,1.715873629756743,12.0,
lithography,GA,2,37,2.0857547772805507,1.7179318703882813,12.0,
lithography,GA,2,38,2.0857547772805507,1.7414040175795975,12.0,
lithography,GA,2,39,2.0857547772805507,1.752989849846821,12.0,
lithography,GA,2,40,2.0857547772805507,1.7119766424776146,12.0,
lithography,GA,2,41,2.0857547772805507,1.7590692609849712,12.0,
lithography,GA,2,42,2.0857547772805507,1.7661876358704727,12.0,
lithography,GA,2,43,2.0857547772805507,1.7497031309606406,12.0,
lithography,GA,2,44,2.0857547772805507,1.7481956872782505,12.0,
lithography,GA,2,45,2.0857547772805507,1.7349660337805646,12.0,
lithography,GA,2,46,2.0857547772805507,1.7297509344512434,12.0,
lithography,GA,2,47,2.0857547772805507,1.7463896859282613,12.0,
lithography,GA,2,48,2.0857547772805507,1.7411764969724992,12.0,
lithography,GA,2,49,2.0857547772805507,1.7399975634283673,12.0,
lithography,GA,2,50,2.0857547772805507,1.7552242853916475,12.0,
lithography,GA,2,51,2.0857547772805507,1.783305670509852,12.0,
lithography,GA,2,52,2.0857547772805507,1.7516665671893237,12.0,
lithography,GA,2,53,2.0857547772805507,1.7638222628220483,12.0,
lithography,GA,2,54,2.0857547772805507,1.7292136002000635,12.0,
lithography,GA,2,55,2.1199450264999506,1.7800858282897558,9.0,
lithography,GA,2,56,2.1199450264999506,1.7968816963016359,9.0,
lithography,GA,2,57,2.1199450264999506,1.774468259814268,9.0,
lithography,GA,2,58,2.1199450264999506,1.7655312176451374,9.0,
lithography,GA,2,59,2.1199450264999506,1.7582416853265486,9.0,
lithography,GA,2,60,2.1199450264999506,1.7552758043619086,9.0,
lithography,GA,2,61,2.1199450264999506,1.7783027293087297,9.0,
lithography,GA,2,62,2.1199450264999506,1.7839824148630647,9.0,
lithography,GA,2,63,2.1199450264999506,1.8268145890479897,9.0,
lithography,GA,2,64,2.1199450264999506,1.7387600027791108,9.0,
lithography,GA,2,65,2.1199450264999506,1.7442923019226253,9.0,
lithography,GA,2,66,2.1199450264999506,1.7346834030228884,9.0,
lithography,GA,2,67,2.1199450264999506,1.7914816060634586,9.0,
lithography,GA,2,68,2.1199450264999506,1.7762668325688598,9.0,
lithography,GA,2,69,2.1199450264999506,1.8052098417719074,9.0,
lithography,GA,2,70,2.1199450264999506,1.7958674685986122,9.0,
lithography,GA,2,71,2.1199450264999506,1.7816053024652931,9.0,
lithography,GA,2,72,2.1199450264999506,1.7497932689860654,9.0,
lithography,GA,2,73,2.1199450264999506,1.7697168138762795,9.0,
lithography,GA,2,74,2.1199450264999506,1.7955194307482287,9.0,
lithography,GA,2,75,2.1199450264999506,1.7671522245015914,9.0,
lithography,GA,2,76,2.1199450264999506,1.7929465981466564,9.0,
lithography,GA,2,77,2.1199450264999506,1.7808066998755918,9.0,
lithography,GA,2,78,2.1199450264999506,1.7802314722164065,9.0,
lithography,GA,2,79,2.1199450264999506,1.7608292444298672,9.0,
lithography,GA,2,80,2.1199450264999506,1.7763437740558499,9.0,
lithography,GA,2,81,2.1199450264999506,1.764012350248569,9.0,
lithography,GA,2,82,2.1199450264999506,1.760919914153059,9.0,
lithography,GA,2,83,2.1199450264999506,1.7404946056895785,9.0,
lithography,GA,2,84,2.1199450264999506,1.7160502997360865,9.0,
lithography,GA,2,85,2.1199450264999506,1.7527017487694478,9.0,
lithography,GA,2,86,2.1199450264999506,1.7466481930159816,9.0,
lithography,GA,2,87,2.1199450264999506,1.7725779299512592,9.0,
lithography,GA,2,88,2.1199450264999506,1.7938335459628956,9.0,
lithography,GA,2,89,2.1199450264999506,1.7974351572850302,9.0,
lithography,GA,2,90,2.1199450264999506,1.790875061984466,9.0,
lithography,GA,2,91,2.1199450264999506,1.8048824035804194,9.0,
lithography,GA,2,92,2.1199450264999506,1.8053415223612503,9.0,
lithography,GA,2,93,2.1199450264999506,1.7605857261657334,9.0,
lithography,GA,2,94,2.1199450264999506,1.788017872459641,9.0,
lithography,GA,2,95,2.1199450264999506,1.7742108909175158,9.0,
lithography,GA,3,0,1.9063230040073527,1.6315121340984262,21.0,
lithography,GA,3,1,1.9346996511842147,1.7180597719486932,19.0,
lithography,GA,3,2,1.9508652706479153,1.6958877781685182,19.0,
lithography,GA,3,3,1.9508652706479153,1.7000711092336984,19.0,
lithography,GA,3,4,1.9508652706479153,1.726066699022224,19.0,
lithography,GA,3,5,1.9508652706479153,1.7687056727663653,19.0,
lithography,GA,3,6,1.9522872057701575,1.7195835547855833,17.0,
lithography,GA,3,7,1.9522872057701575,1.7015895161465686,17.0,
lithography,GA,3,8,1.9923761969798233,1.7426519526262119,17.0,
lithography,GA,3,9,1.9923761969798233,1.7188078794468793,17.0,
lithography,GA,3,10,1.9923761969798233,1.709715593373638,17.0,
lithography,GA,3,11,1.9923761969798233,1.7451350969074952,17.0,
lithography,GA,3,12,1.9923761969798233,1.7110962331155606,17.0,
lithography,GA,3,13,1.9923761969798233,1.7347523748815923,17.0,
lithography,GA,3,14,1.9923761969798233,1.7413211935996415,17.0,
lithography,GA,3,15,1.9923761969798233,1.7599542551914642,17.0,
lithography,GA,3,16,1.999659824211653,1.768671199264979,15.0,
lithography,GA,3,17,1.999659824211653,1.7691142990151931,15.0,
lithography,GA,3,18,1.999659824211653,1.750691399385531,15.0,
lithography,GA,3,19,2.0019335343566467,1.7591944133204862,15.0,
lithography,GA,3,20,2.007820456807469,1.7661878621172007,16.0,
lithography,GA,3,21,2.007820456807469,1.7594188596098828,16.0,
lithography,GA,3,22,2.016792050729565,1.7525386920822292,14.0,
lithography,GA,3,23,2.016792050729565,1.7526281166381772,14.0,
lithography,GA,3,24,2.016792050729565,1.7620841157788436,14.0,
lithography,GA,3,25,2.016792050729565,1.7699584145519942,14.0,
lithography,GA,3,26,2.0451250054081545,1.726805202641205,14.0,
lithography,GA,3,27,2.0451250054081545,1.726459133698062,14.0,
lithography,GA,3,28,2.091660355590534,1.7312204971103768,13.0,
lithography,GA,3,29,2.091660355590534,1.7274305978335633,13.0,
lithography,GA,3,30,2.091660355590534,1.7350236262834542,13.0,
lithography,GA,3,31,2.091660355590534,1.741311396571351,13.0,
lithography,GA,3,32,2.091660355590534,1.7674703883713447,13.0,
lithography,GA,3,33,2.091660355590534,1.7747197477476155,13.0,
lithography,GA,3,34,2.091660355590534,1.7729475220493007,13.0,
lithography,GA,3,35,2.091660355590534,1.7508443389480548,13.0,
lithography,GA,3,36,2.091660355590534,1.7711351873150403,13.0,
lithography,GA,3,37,2.091660355590534,1.7551086379081338,13.0,
lithography,GA,3,38,2.0981235535553786,1.7905355258705722,12.0,
lithography,GA,3,39,2.0981235535553786,1.7342488495772137,12.0,
lithography,GA,3,40,2.0981235535553786,1.7731222871137242,12.0,
lithography,GA,3,41,2.0981235535553786,1.773852709097016,12.0,
lithography,GA,3,42,2.0981235535553786,1.7546005947071823,12.0,
lithography,GA,3,43,2.0981235535553786,1.7404552037247776,12.0,
lithography,GA,3,44,2.0981235535553786,1.7527141550242888,12.0,
lithography,GA,3,45,2.0981235535553786,1.7352247028358565,12.0,
lithography,GA,3,46,2.0981235535553786,1.7477613916623984,12.0,
lithography,GA,3,47,2.0981235535553786,1.7730928448201015,12.0,
lithography,GA,3,48,2.0981235535553786,1.7791855061044246,12.0,
lithography,GA,3,49,2.0981235535553786,1.786123959641659,12.0,
lithography,GA,3,50,2.0981235535553786,1.7821491189291152,12.0,
lithography,GA,3,51,2.0981235535553786,1.8083591910953853,12.0,
lithography,GA,3,52,2.0981235535553786,1.7899823891442534,12.0,
lithography,GA,3,53,2.0981235535553786,1.7986759962211352,12.0,
lithography,GA,3,54,2.0981235535553786,1.7729132812670891,12.0,
lithography,GA,3,55,2.0981235535553786,1.7556995014999857,12.0,
lithography,GA,3,56,2.0981235535553786,1.7589996656428322,12.0,
lithography,GA,3,57,2.0981235535553786,1.7696479172042223,12.0,
lithography,GA,3,58,2.0981235535553786,1.7649382005427054,12.0,
lithography,GA,3,59,2.0981235535553786,1.7668366959352084,12.0,
lithography,GA,3,60,2.0981235535553786,1.7357018397612987,12.0,
lithography,GA,3,61,2.0981235535553786,1.7859791759389119,12.0,
lithography,GA,3,62,2.0981235535553786,1.7947920446142362,12.0,
lithography,GA,3,63,2.0981235535553786,1.7990359014788595,12.0,
lithography,GA,3,64,2.0981235535553786,1.7857718296745113,12.0,
lithography,GA,3,65,2.0981235535553786,1.7371746220383748,12.0,
lithography,GA,3,66,2.0981235535553786,1.7633550346177778,12.0,
lithography,GA,3,67,2.0981235535553786,1.7765234979640083,12.0,
lithography,GA,3,68,2.0981235535553786,1.75647358447209,12.0,
lithography,GA,3,69,2.0981235535553786,1.7895022700044119,12.0,
lithography,GA,3,70,2.0981235535553786,1.7461192580594063,12.0,
lithography,GA,3,71,2.0981235535553786,1.7639283089245041,12.0,
lithography,GA,3,72,2.0981235535553786,1.742755638509368,12.0,
lithography,GA,3,73,2.0981235535553786,1.7811954375599879,12.0,
lithography,GA,3,74,2.0981235535553786,1.7627834045549207,12.0,
lithography,GA,3,75,2.0981235535553786,1.7419973914404552,12.0,
lithography,GA,3,76,2.0981235535553786,1.7815139981171584,12.0,
lithography,GA,3,77,2.0981235535553786,1.768392784501169,12.0,
lithography,GA,3,78,2.0981235535553786,1.754802439003796,12.0,
lithography,GA,4,0,1.9201215265461102,1.6400280410094776,20.0,
lithography,GA,4,1,1.9580814429307813,1.6857309728099419,17.0,
lithography,GA,4,2,1.9580814429307813,1.6934370593217298,17.0,
lithography,GA,4,3,1.9863368995324824,1.7538319431228302,18.0,
lithography,GA,4,4,1.9863368995324824,1.767979031601433,18.0,
lithography,GA,4,5,2.006327308035857,1.76966461765387,16.0,
lithography,GA,4,6,2.006327308035857,1.7580156917889358,16.0,
lithography,GA,4,7,2.006327308035857,1.7589468502165324,16.0,
lithography,GA,4,8,2.006327308035857,1.7665238603505558,16.0,
lithography,GA,4,9,2.006327308035857,1.7428604398320524,16.0,
lithography,GA,4,10,2.006327308035857,1.7352593241447583,16.0,
lithography,GA,4,11,2.006327308035857,1.7769043361542523,16.0,
lithography,GA,4,12,2.006327308035857,1.7701340918308026,16.0,
lithography,GA,4,13,2.0132751584567496,1.7990331772077408,16.0,
lithography,GA,4,14,2.0132751584567496,1.7775882465628334,16.0,
lithography,GA,4,15,2.0132751584567496,1.7774979558790556,16.0,
lithography,GA,4,16,2.037977440780367,1.7627245625786814,15.0,
lithography,GA,4,17,2.037977440780367,1.7624992678980647,15.0,
lithography,GA,4,18,2.037977440780367,1.7834265042456845,15.0,
lithography,GA,4,19,2.037977440780367,1.7522054196457966,15.0,
lithography,GA,4,20,2.037977440780367,1.7616529065747009,15.0,
lithography,GA,4,21,2.037977440780367,1.7636249405954605,15.0,
lithography,GA,4,22,2.037977440780367,1.7593201058393142,15.0,
lithography,GA,4,23,2.037977440780367,1.7591999875078912,15.0,
lithography,GA,4,24,2.037977440780367,1.7512050197246232,15.0,
lithography,GA,4,25,2.037977440780367,1.732260868134142,15.0,
lithography,GA,4,26,2.037977440780367,1.7378611773273769,15.0,
lithography,GA,4,27,2.037977440780367,1.742413980450717,15.0,
lithography,GA,4,28,2.037977440780367,1.7855948614560553,15.0,
lithography,GA,4,29,2.037977440780367,1.7693421389083206,15.0,
lithography,GA,4,30,2.037977440780367,1.7646383366673555,15.0,
lithography,GA,4,31,2.037977440780367,1.7707886724944815,15.0,
lithography,GA,4,32,2.037977440780367,1.763263089092971,15.0,
lithography,GA,4,33,2.037977440780367,1.791053591099761,15.0,
lithography,GA,4,34,2.037977440780367,1.7804567611027333,15.0,
lithography,GA,4,35,2.037977440780367,1.774118531652892,15.0,
lithography,GA,4,36,2.037977440780367,1.7385867788714904,15.0,
lithography,GA,4,37,2.037977440780367,1.7204454683349326,15.0,
lithography,GA,4,38,2.048126329162148,1.7604343741291046,13.0,
lithography,GA,4,39,2.048126329162148,1.784410118710032,13.0,
lithography,GA,4,40,2.048126329162148,1.735780796833178,13.0,
lithography,GA,4,41,2.048126329162148,1.7713155006619714,13.0,
lithography,GA,4,42,2.048126329162148,1.732302298974772,13.0,
lithography,GA,4,43,2.048126329162148,1.7586880489834495,13.0,
lithography,GA,4,44,2.048126329162148,1.7449394999347347,13.0,
lithography,GA,4,45,2.048126329162148,1.7745563527056363,13.0,
lithography,GA,4,46,2.048126329162148,1.7240327512856735,13.0,
lithography,GA,4,47,2.048126329162148,1.7306280491735613,13.0,
lithography,GA,4,48,2.048126329162148,1.7497354553468256,13.0,
lithography,GA,4,49,2.048126329162148,1.7649210953918613,13.0,
lithography,GA,4,50,2.048126329162148,1.766081344619177,13.0,
lithography,GA,4,51,2.048126329162148,1.784812889350239,13.0,
lithography,GA,4,52,2.048126329162148,1.7657922020094081,13.0,
lithography,GA,4,53,2.048126329162148,1.7657535780229103,13.0,
lithography,GA,4,54,2.048126329162148,1.7594079675719463,13.0,
lithography,GA,4,55,2.048126329162148,1.7845102936182293,13.0,
lithography,GA,4,56,2.048126329162148,1.77743985750359,13.0,
lithography,GA,4,57,2.048126329162148,1.756922926600425,13.0,
lithography,GA,4,58,2.048126329162148,1.7558033418219252,13.0,
lithography,GA,4,59,2.0759962951938364,1.791991889668808,13.0,
lithography,GA,4,60,2.0759962951938364,1.7766173041514777,13.0,
lithography,GA,4,61,2.0759962951938364,1.7925089719944427,13.0,
lithography,GA,4,62,2.0759962951938364,1.7798542582471921,13.0,
lithography,GA,4,63,2.0759962951938364,1.7758979443315568,13.0,
lithography,GA,4,64,2.0759962951938364,1.7575671704201177,13.0,
lithography,GA,4,65,2.0759962951938364,1.722218897698319,13.0,
lithography,GA,4,66,2.0759962951938364,1.7531334336067022,13.0,
lithography,GA,4,67,2.0759962951938364,1.7473549638875756,13.0,
lithography,GA,4,68,2.0759962951938364,1.755944715999604,13.0,
lithography,GA,4,69,2.0759962951938364,1.7324590495434715,13.0,
lithography,GA,4,70,2.0759962951938364,1.7367531479028748,13.0,
lithography,GA,4,71,2.0759962951938364,1.7662935716760202,13.0,
lithography,GA,4,72,2.0759962951938364,1.7708399454910868,13.0,
lithography,GA,4,73,2.0759962951938364,1.7786070665768166,13.0,
lithography,GA,4,74,2.0759962951938364,1.7789240768057155,13.0,
lithography,GA,4,75,2.0759962951938364,1.780788691944106,13.0,
lithography,GA,4,76,2.0759962951938364,1.7831355935790785,13.0,
lithography,GA,4,77,2.0759962951938364,1.7559959342885612,13.0,
lithography,GA,4,78,2.0910701545718635,1.7800507257165499,11.0,
lithography,GA,4,79,2.0955388937637562,1.7759809661210206,12.0,
lithography,GA,4,80,2.0955388937637562,1.7983760277966205,12.0,
lithography,GA,4,81,2.0955388937637562,1.7933259226514786,12.0,
lithography,GA,4,82,2.0955388937637562,1.8230987255501865,12.0,
lithography,GA,4,83,2.0955388937637562,1.7782239667700508,12.0,
lithography,GA,4,84,2.0955388937637562,1.781061623654434,12.0,
lithography,GA,4,85,2.0955388937637562,1.7921150236883765,12.0,
lithography,GA,4,86,2.0955388937637562,1.810674108166183,12.0,
lithography,GA,4,87,2.0955388937637562,1.7708837486204068,12.0,
lithography,GA,4,88,2.0955388937637562,1.7754950041493884,12.0,
lithography,GA,4,89,2.0955388937637562,1.7775249515017968,12.0,
lithography,GA,4,90,2.0955388937637562,1.7934299987974327,12.0,
lithography,GA,4,91,2.0955388937637562,1.7758553548552674,12.0,
lithography,GA,4,92,2.0955388937637562,1.7756222003849564,12.0,
lithography,GA,4,93,2.0955388937637562,1.7790727777333415,12.0,
lithography,GA,4,94,2.0955388937637562,1.7930999783127053,12.0,
lithography,GA,4,95,2.0955388937637562,1.7939908045411825,12.0,
lithography,GA,4,96,2.0955388937637562,1.7975616198375097,12.0,
lithography,GA,4,97,2.0955388937637562,1.7961431113208206,12.0,
lithography,GA,4,98,2.0955388937637562,1.7878239644442382,12.0,
lithography,GA,4,99,2.0955388937637562,1.7536249870663028,12.0,
lithography,GA,4,100,2.0955388937637562,1.7785598144750985,12.0,
lithography,GA,4,101,2.0955388937637562,1.78353061055259,12.0,
lithography,GA,4,102,2.0955388937637562,1.7607430786110165,12.0,
lithography,GA,4,103,2.0955388937637562,1.7552611168700907,12.0,
lithography,GA,4,104,2.0955388937637562,1.7882281131199966,12.0,
lithography,GA,4,105,2.0955388937637562,1.7813653152228128,12.0,
lithography,GA,4,106,2.0955388937637562,1.7624782058004627,12.0,
lithography,GA,4,107,2.0955388937637562,1.8331489704849537,12.0,
lithography,GA,4,108,2.0955388937637562,1.7901161208461047,12.0,
lithography,GA,4,109,2.0955388937637562,1.807979448373119,12.0,
lithography,GA,4,110,2.1383190746564864,1.791700366928475,11.0,
lithography,GA,4,111,2.1429471962547986,1.7743667853056615,10.0,
lithography,GA,4,112,2.1429471962547986,1.781879580958999,10.0,
lithography,GA,4,113,2.1429471962547986,1.8139070121362775,10.0,
lithography,GA,4,114,2.1429471962547986,1.809428158962437,10.0,
lithography,GA,4,115,2.1429471962547986,1.772403950432342,10.0,
lithography,GA,4,116,2.1429471962547986,1.7824054469235224,10.0,
lithography,GA,4,117,2.1429471962547986,1.7621131631816156,10.0,
lithography,GA,4,118,2.1429471962547986,1.7973857307323864,10.0,
lithography,GA,4,119,2.1429471962547986,1.780129344284746,10.0,
lithography,GA,4,120,2.1429471962547986,1.768136083259897,10.0,
lithography,GA,4,121,2.1429471962547986,1.774916827378042,10.0,
lithography,GA,4,122,2.157337527710974,1.8079845720944925,10.0,
lithography,GA,4,123,2.157337527710974,1.7742916554508952,10.0,
lithography,GA,4,124,2.157337527710974,1.7769719150065932,10.0,
lithography,GA,4,125,2.157337527710974,1.7631541134488522,10.0,
lithography,GA,4,126,2.157337527710974,1.780422855776914,10.0,
lithography,GA,4,127,2.157337527710974,1.773481193733024,10.0,
lithography,GA,4,128,2.157337527710974,1.7629405777618843,10.0,
lithography,GA,4,129,2.157337527710974,1.7948180646178833,10.0,
lithography,GA,4,130,2.157337527710974,1.7937950016005382,10.0,
lithography,GA,4,131,2.157337527710974,1.7945380449575843,10.0,
lithography,GA,4,132,2.157337527710974,1.7930789966855236,10.0,
lithography,GA,4,133,2.157337527710974,1.768598604722929,10.0,
lithography,GA,4,134,2.157337527710974,1.7685895394316014,10.0,
lithography,GA,4,135,2.157337527710974,1.8007878064232343,10.0,
lithography,GA,4,136,2.157337527710974,1.7796074032596814,10.0,
lithography,GA,4,137,2.157337527710974,1.7583185840651403,10.0,
lithography,GA,4,138,2.157337527710974,1.7156733010748948,10.0,
lithography,GA,4,139,2.157337527710974,1.7739199347813908,10.0,
lithography,GA,4,140,2.157337527710974,1.798209228483525,10.0,
lithography,GA,4,141,2.157337527710974,1.7728147996785637,10.0,
lithography,GA,4,142,2.157337527710974,1.7901692434410676,10.0,
lithography,GA,4,143,2.157337527710974,1.798357201380945,10.0,
lithography,GA,4,144,2.157337527710974,1.7686623842940024,10.0,
lithography,GA,4,145,2.157337527710974,1.73606347585229,10.0,
lithography,GA,4,146,2.157337527710974,1.7730640672469,10.0,
lithography,GA,4,147,2.157337527710974,1.7591623659816353,10.0,
lithography,GA,4,148,2.157337527710974,1.7617026804743383,10.0,
lithography,GA,4,149,2.157337527710974,1.7534435754523847,10.0,
lithography,GA,4,150,2.157337527710974,1.7604389140681114,10.0,
lithography,GA,4,151,2.157337527710974,1.7848689950618053,10.0,
lithography,GA,4,152,2.157337527710974,1.7432846221704938,10.0,
lithography,GA,4,153,2.157337527710974,1.7579852596549803,10.0,
lithography,GA,4,154,2.157337527710974,1.7778065322161143,10.0,
lithography,GA,4,155,2.157337527710974,1.7811300955687817,10.0,
lithography,GA,4,156,2.157337527710974,1.78732308679987,10.0,
lithography,GA,4,157,2.157337527710974,1.7477861201820084,10.0,
lithography,GA,4,158,2.157337527710974,1.7840810101237963,10.0,
lithography,GA,4,159,2.157337527710974,1.7877633217468678,10.0,
lithography,GA,4,160,2.157337527710974,1.7746512547722788,10.0,
lithography,GA,4,161,2.159251424262405,1.7729160196341105,9.0,
lithography,GA,4,162,2.159251424262405,1.759221843487211,9.0,
lithography,GA,4,163,2.159251424262405,1.7741652943816113,9.0,
lithography,GA,4,164,2.159251424262405,1.7422446012916617,9.0,
lithography,GA,4,165,2.159251424262405,1.7840346623855705,9.0,
lithography,GA,4,166,2.159251424262405,1.7917205499636655,9.0,
lithography,GA,4,167,2.159251424262405,1.7781666900304542,9.0,
lithography,GA,4,168,2.159251424262405,1.8035008789196592,9.0,
lithography,GA,4,169,2.159251424262405,1.8050105445751412,9.0,
lithography,GA,4,170,2.159251424262405,1.8399025620845642,9.0,
lithography,GA,4,171,2.159251424262405,1.8366792955991258,9.0,
lithography,GA,4,172,2.159251424262405,1.8324139230974557,9.0,
lithography,GA,4,173,2.159251424262405,1.7750841452401616,9.0,
lithography,GA,4,174,2.159251424262405,1.7930376657592713,9.0,
lithography,GA,4,175,2.159251424262405,1.7910679309968203,9.0,
lithography,GA,4,176,2.159251424262405,1.7652273950065098,9.0,
lithography,GA,4,177,2.159251424262405,1.7818084074937122,9.0,
lithography,GA,4,178,2.159251424262405,1.817947822796191,9.0,
lithography,GA,4,179,2.159251424262405,1.7948036118144226,9.0,
lithography,GA,4,180,2.159251424262405,1.8085246969844975,9.0,
lithography,GA,4,181,2.159251424262405,1.8158203489377658,9.0,
lithography,GA,4,182,2.1700383603738986,1.8120048961197668,9.0,
lithography,GA,4,183,2.1700383603738986,1.8271250539301058,9.0,
lithography,GA,4,184,2.1700383603738986,1.7962178895753802,9.0,
lithography,GA,4,185,2.1700383603738986,1.822943841711231,9.0,
lithography,GA,4,186,2.1700383603738986,1.847500254404427,9.0,
lithography,GA,4,187,2.1700383603738986,1.8080910681647986,9.0,
lithography,GA,4,188,2.1700383603738986,1.760158901226988,9.0,
lithography,GA,4,189,2.1700383603738986,1.7680411234389914,9.0,
lithography,GA,4,190,2.1700383603738986,1.777954808547071,9.0,
lithography,GA,4,191,2.1700383603738986,1.7693063241282914,9.0,
lithography,GA,4,192,2.1700383603738986,1.7692449398325423,9.0,
lithography,GA,4,193,2.1700383603738986,1.7525318781726065,9.0,
lithography,GA,4,194,2.1700383603738986,1.7459869691496828,9.0,
lithography,GA,4,195,2.1700383603738986,1.7421019204281047,9.0,
lithography,GA,4,196,2.1700383603738986,1.779246232976051,9.0,
lithography,GA,4,197,2.1700383603738986,1.7502160557023227,9.0,
lithography,GA,4,198,2.1700383603738986,1.7970326047915308,9.0,
lithography,GA,4,199,2.1700383603738986,1.8153429606092826,9.0,
lithography,GA,4,200,2.1700383603738986,1.811775373670642,9.0,
lithography,TSFGA,0,0,1.9336207631530407,1.3827814006306347,17.0,
lithography,TSFGA,0,1,1.9705764018236098,1.570227857655492,15.0,
lithography,TSFGA,0,2,1.9705764018236098,1.6719864153174524,15.0,
lithography,TSFGA,0,3,1.9705764018236098,1.6934999006315798,15.0,
lithography,TSFGA,0,4,1.9705764018236098,1.7163307486235868,15.0,
lithography,TSFGA,0,5,1.993815225246802,1.709755063132672,14.0,
lithography,TSFGA,0,6,1.993815225246802,1.640363498965273,14.0,
lithography,TSFGA,0,7,1.993815225246802,1.652105628269871,14.0,
lithography,TSFGA,0,8,1.993815225246802,1.6870107746390874,14.0,
lithography,TSFGA,0,9,2.0005847065238385,1.7085887345467288,13.0,
lithography,TSFGA,0,10,2.0005847065238385,1.6819216764147384,13.0,
lithography,TSFGA,0,11,2.0005847065238385,1.6911226733822922,13.0,
lithography,TSFGA,0,12,2.0006378767459534,1.6946083309579874,16.0,
lithography,TSFGA,0,13,2.014450588909914,1.6697173020456866,13.0,
lithography,TSFGA,0,14,2.0557550350422975,1.6788171787682942,11.0,
lithography,TSFGA,0,15,2.0747082651286655,1.7495056674793776,12.0,
lithography,TSFGA,0,16,2.0747082651286655,1.7863892927317067,12.0,
lithography,TSFGA,0,17,2.0747082651286655,1.7710985198009315,12.0,
lithography,TSFGA,0,18,2.0902286644215073,1.7729104954981174,11.0,
lithography,TSFGA,0,19,2.0902286644215073,1.7547114381627011,11.0,
lithography,TSFGA,0,20,2.0902286644215073,1.7674093864857094,11.0,
lithography,TSFGA,0,21,2.0902286644215073,1.7101296579143856,11.0,
lithography,TSFGA,0,22,2.0902286644215073,1.7369274638661565,11.0,
lithography,TSFGA,0,23,2.0902286644215073,1.7896167391705355,11.0,
lithography,TSFGA,0,24,2.123864187739618,1.7610450921887704,8.0,
lithography,TSFGA,0,25,2.123864187739618,1.7125418208814884,8.0,
lithography,TSFGA,0,26,2.123864187739618,1.726487180166363,8.0,
lithography,TSFGA,0,27,2.123864187739618,1.6863655036731828,8.0,
lithography,TSFGA,0,28,2.139190016369905,1.6877069898481978,9.0,
lithography,TSFGA,0,29,2.139190016369905,1.6472720378903791,9.0,
lithography,TSFGA,0,30,2.139190016369905,1.6775508427207861,9.0,
lithography,TSFGA,0,31,2.139190016369905,1.7179635267793087,9.0,
lithography,TSFGA,0,32,2.139190016369905,1.6870278045118319,9.0,
lithography,TSFGA,0,33,2.139190016369905,1.7390622746735176,9.0,
lithography,TSFGA,0,34,2.139190016369905,1.7327074622146519,9.0,
lithography,TSFGA,0,35,2.139190016369905,1.7244653609611647,9.0,
lithography,TSFGA,0,36,2.139190016369905,1.7497613968403392,9.0,
lithography,TSFGA,0,37,2.139190016369905,1.727695010045597,9.0,
lithography,TSFGA,0,38,2.139190016369905,1.7852164449365637,9.0,
lithography,TSFGA,0,39,2.139190016369905,1.8003758734148576,9.0,
lithography,TSFGA,0,40,2.139190016369905,1.8120101856563138,9.0,
lithography,TSFGA,0,41,2.139190016369905,1.8371070170090023,9.0,
lithography,TSFGA,0,42,2.139190016369905,1.8087342326624203,9.0,
lithography,TSFGA,0,43,2.139190016369905,1.7578608039605919,9.0,
lithography,TSFGA,0,44,2.139190016369905,1.7669414656247624,9.0,
lithography,TSFGA,0,45,2.139190016369905,1.7864999739492091,9.0,
lithography,TSFGA,0,46,2.139190016369905,1.8259902877220955,9.0,
lithography,TSFGA,0,47,2.139190016369905,1.7796416854998518,9.0,
lithography,TSFGA,0,48,2.139190016369905,1.7977719821723617,9.0,
lithography,TSFGA,0,49,2.139190016369905,1.7266664549448159,9.0,
lithography,TSFGA,0,50,2.139190016369905,1.6663997418316552,9.0,
lithography,TSFGA,0,51,2.139190016369905,1.7206708550383696,9.0,
lithography,TSFGA,0,52,2.139190016369905,1.6686278558703236,9.0,
lithography,TSFGA,0,53,2.139190016369905,1.699677935181737,9.0,
lithography,TSFGA,0,54,2.139190016369905,1.7281755985055398,9.0,
lithography,TSFGA,0,55,2.139190016369905,1.7199117232552645,9.0,
lithography,TSFGA,0,56,2.139190016369905,1.745059459481102,9.0,
lithography,TSFGA,0,57,2.139190016369905,1.7014987756471345,9.0,
lithography,TSFGA,0,58,2.139190016369905,1.7424705350479077,9.0,
lithography,TSFGA,0,59,2.139190016369905,1.75604799695987,9.0,
lithography,TSFGA,0,60,2.139190016369905,1.7394833776718261,9.0,
lithography,TSFGA,0,61,2.139190016369905,1.738022398406559,9.0,
lithography,TSFGA,0,62,2.139190016369905,1.7524985946508835,9.0,
lithography,TSFGA,0,63,2.139190016369905,1.684757609070024,9.0,
lithography,TSFGA,0,64,2.139190016369905,1.7444420085096932,9.0,
lithography,TSFGA,0,65,2.139190016369905,1.8393600069909533,9.0,
lithography,TSFGA,0,66,2.139190016369905,1.7699155061176044,9.0,
lithography,TSFGA,0,67,2.139190016369905,1.7644387374134134,9.0,
lithography,TSFGA,0,68,2.139190016369905,1.7569435286108201,9.0,
lithography,TSFGA,1,0,1.9399180349026757,1.3135900550201534,18.0,
lithography,TSFGA,1,1,1.9399180349026757,1.5114192571683833,18.0,
lithography,TSFGA,1,2,1.979354410942767,1.6572919800310721,14.0,
lithography,TSFGA,1,3,2.0197896808234033,1.716761008557033,14.0,
lithography,TSFGA,1,4,2.0197896808234033,1.657164640010245,14.0,
lithography,TSFGA,1,5,2.0197896808234033,1.6295885842980056,14.0,
lithography,TSFGA,1,6,2.0445699826594392,1.6653119673192798,13.0,
lithography,TSFGA,1,7,2.0445699826594392,1.7215163701462024,13.0,
lithography,TSFGA,1,8,2.0445699826594392,1.7744699525313863,13.0,
lithography,TSFGA,1,9,2.056534166476569,1.7252602930813432,11.0,
lithography,TSFGA,1,10,2.065552763140119,1.7581433608764911,11.0,
lithography,TSFGA,1,11,2.065552763140119,1.7454090738300636,11.0,
lithography,TSFGA,1,12,2.065552763140119,1.7654781989940886,11.0,
lithography,TSFGA,1,13,2.065552763140119,1.7436300649050334,11.0,
lithography,TSFGA,1,14,2.065552763140119,1.7071252895865083,11.0,
lithography,TSFGA,1,15,2.065552763140119,1.723016963065546,11.0,
lithography,TSFGA,1,16,2.065552763140119,1.7677076580843725,11.0,
lithography,TSFGA,1,17,2.081571549941004,1.78411830009907,11.0,
lithography,TSFGA,1,18,2.081571549941004,1.7681876207982252,11.0,
lithography,TSFGA,1,19,2.081571549941004,1.7824491254675017,11.0,
lithography,TSFGA,1,20,2.111972789275838,1.7123261895114574,8.0,
lithography,TSFGA,1,21,2.113014495711267,1.7506528908757022,9.0,
lithography,TSFGA,1,22,2.113014495711267,1.789373475527917,9.0,
lithography,TSFGA,1,23,2.113014495711267,1.783190347608678,9.0,
lithography,TSFGA,1,24,2.113014495711267,1.7873650258267955,9.0,
lithography,TSFGA,1,25,2.113014495711267,1.8108971174418564,9.0,
lithography,TSFGA,1,26,2.113014495711267,1.7686139352589325,9.0,
lithography,TSFGA,1,27,2.113014495711267,1.7291278572380342,9.0,
lithography,TSFGA,1,28,2.113014495711267,1.7291965908050748,9.0,
lithography,TSFGA,1,29,2.113014495711267,1.704362568750304,9.0,
lithography,TSFGA,1,30,2.124441209731697,1.7552495416969705,8.0,
lithography,TSFGA,1,31,2.124441209731697,1.7046475963388381,8.0,
lithography,TSFGA,1,32,2.124441209731697,1.6729808310024397,8.0,
lithography,TSFGA,1,33,2.124441209731697,1.720569906643,8.0,
lithography,TSFGA,1,34,2.124441209731697,1.730616650844737,8.0,
lithography,TSFGA,1,35,2.124441209731697,1.7414967663318681,8.0,
lithography,TSFGA,1,36,2.124441209731697,1.7646671559613942,8.0,
lithography,TSFGA,1,37,2.124441209731697,1.7426142381412053,8.0,
lithography,TSFGA,1,38,2.124441209731697,1.6823278837058226,8.0,
lithography,TSFGA,1,39,2.124441209731697,1.7339800834369459,8.0,
lithography,TSFGA,1,40,2.124441209731697,1.738824974878915,8.0,
lithography,TSFGA,1,41,2.124441209731697,1.730541388089462,8.0,
lithography,TSFGA,1,42,2.124441209731697,1.7519779618682492,8.0,
lithography,TSFGA,1,43,2.124441209731697,1.7301299736109077,8.0,
lithography,TSFGA,1,44,2.124441209731697,1.6553059162282828,8.0,
lithography,TSFGA,1,45,2.124441209731697,1.6867336126145136,8.0,
lithography,TSFGA,1,46,2.190341769737623,1.7138828334297131,5.0,
lithography,TSFGA,1,47,2.190341769737623,1.7253359057768116,5.0,
lithography,TSFGA,1,48,2.190341769737623,1.6949193035474128,5.0,
lithography,TSFGA,1,49,2.190341769737623,1.7335903233638388,5.0,
lithography,TSFGA,1,50,2.190341769737623,1.6451235259984567,5.0,
lithography,TSFGA,1,51,2.190341769737623,1.6911617023395635,5.0,
lithography,TSFGA,1,52,2.190341769737623,1.724019280152191,5.0,
lithography,TSFGA,1,53,2.190341769737623,1.7574086713070183,5.0,
lithography,TSFGA,1,54,2.190341769737623,1.689268664556052,5.0,
lithography,TSFGA,1,55,2.190341769737623,1.6935591660862943,5.0,
lithography,TSFGA,1,56,2.190341769737623,1.6563259009790685,5.0,
lithography,TSFGA,1,57,2.190341769737623,1.6419914019650317,5.0,
lithography,TSFGA,1,58,2.190341769737623,1.6947102392153213,5.0,
lithography,TSFGA,1,59,2.190341769737623,1.6447416899736633,5.0,
lithography,TSFGA,1,60,2.190341769737623,1.7267310612864484,5.0,
lithography,TSFGA,1,61,2.190341769737623,1.7422651927487416,5.0,
lithography,TSFGA,1,62,2.190341769737623,1.7260856577865789,5.0,
lithography,TSFGA,1,63,2.190341769737623,1.716123683907283,5.0,
lithography,TSFGA,1,64,2.190341769737623,1.7312721393252317,5.0,
lithography,TSFGA,1,65,2.190341769737623,1.7560153998241546,5.0,
lithography,TSFGA,1,66,2.190341769737623,1.7787038752336997,5.0,
lithography,TSFGA,1,67,2.190341769737623,1.788675700287723,5.0,
lithography,TSFGA,1,68,2.190341769737623,1.8482904336111132,5.0,
lithography,TSFGA,1,69,2.190341769737623,1.788435950528515,5.0,
lithography,TSFGA,1,70,2.190341769737623,1.7932283692140438,5.0,
lithography,TSFGA,1,71,2.190341769737623,1.766540295295791,5.0,
lithography,TSFGA,1,72,2.190341769737623,1.7756032899592633,5.0,
lithography,TSFGA,1,73,2.190341769737623,1.8009051856882816,5.0,
lithography,TSFGA,1,74,2.190341769737623,1.7521747716484242,5.0,
lithography,TSFGA,1,75,2.190341769737623,1.763190402505105,5.0,
lithography,TSFGA,1,76,2.190341769737623,1.7060220473549166,5.0,
lithography,TSFGA,1,77,2.190341769737623,1.6980599554792974,5.0,
lithography,TSFGA,1,78,2.190341769737623,1.7377683315620267,5.0,
lithography,TSFGA,1,79,2.190341769737623,1.7753413377668088,5.0,
lithography,TSFGA,1,80,2.190341769737623,1.7582170751544535,5.0,
lithography,TSFGA,1,81,2.190341769737623,1.745691260774033,5.0,
lithography,TSFGA,1,82,2.190341769737623,1.728301932382569,5.0,
lithography,TSFGA,1,83,2.190341769737623,1.8119145603973557,5.0,
lithography,TSFGA,1,84,2.190341769737623,1.797342720398787,5.0,
lithography,TSFGA,1,85,2.190341769737623,1.7772775187880647,5.0,
lithography,TSFGA,1,86,2.190341769737623,1.7722018430591846,5.0,
lithography,TSFGA,2,0,1.9590332150991714,1.3698598006348075,17.0,
lithography,TSFGA,2,1,1.9590332150991714,1.532069887691607,17.0,
lithography,TSFGA,2,2,1.9608529576668996,1.6294159965846995,16.0,
lithography,TSFGA,2,3,2.004936264362279,1.624014271941892,15.0,
lithography,TSFGA,2,4,2.010278253678986,1.7366508618055811,14.0,
lithography,TSFGA,2,5,2.010278253678986,1.749098299729706,14.0,
lithography,TSFGA,2,6,2.033955833935001,1.675872264309875,13.0,
lithography,TSFGA,2,7,2.033955833935001,1.707651423910272,13.0,
lithography,TSFGA,2,8,2.033955833935001,1.7350887351945907,13.0,
lithography,TSFGA,2,9,2.033955833935001,1.7360335764860242,13.0,
lithography,TSFGA,2,10,2.033955833935001,1.753429681680951,13.0,
lithography,TSFGA,2,11,2.033955833935001,1.7200571345643627,13.0,
lithography,TSFGA,2,12,2.070306276175948,1.7207049787085924,11.0,
lithography,TSFGA,2,13,2.070306276175948,1.7082871418703072,11.0,
lithography,TSFGA,2,14,2.070306276175948,1.746070472401304,11.0,
lithography,TSFGA,2,15,2.070306276175948,1.7386817198628868,11.0,
lithography,TSFGA,2,16,2.070306276175948,1.6894112612433958,11.0,
lithography,TSFGA,2,17,2.070306276175948,1.7421779667743151,11.0,
lithography,TSFGA,2,18,2.070306276175948,1.6999247464798848,11.0,
lithography,TSFGA,2,19,2.070306276175948,1.6783300733011122,11.0,
lithography,TSFGA,2,20,2.070306276175948,1.7010819746650647,11.0,
lithography,TSFGA,2,21,2.070306276175948,1.7243139172099144,11.0,
lithography,TSFGA,2,22,2.070306276175948,1.7802993055639944,11.0,
lithography,TSFGA,2,23,2.070306276175948,1.7604846334772137,11.0,
lithography,TSFGA,2,24,2.070306276175948,1.7394652518924965,11.0,
lithography,TSFGA,2,25,2.070306276175948,1.7668613877558812,11.0,
lithography,TSFGA,2,26,2.070306276175948,1.8161580676424596,11.0,
lithography,TSFGA,2,27,2.075139484199326,1.7593904050913487,11.0,
lithography,TSFGA,2,28,2.0889822941336287,1.7961359534622325,10.0,
lithography,TSFGA,2,29,2.0889822941336287,1.7720250143202967,10.0,
lithography,TSFGA,2,30,2.0889822941336287,1.7266663399625408,10.0,
lithography,TSFGA,2,31,2.0889822941336287,1.743958127211929,10.0,
lithography,TSFGA,2,32,2.0889822941336287,1.7469855386317832,10.0,
lithography,TSFGA,2,33,2.0889822941336287,1.7085300486826978,10.0,
lithography,TSFGA,2,34,2.0889822941336287,1.7382339050061262,10.0,
lithography,TSFGA,2,35,2.0889822941336287,1.7177431007024153,10.0,
lithography,TSFGA,2,36,2.0889822941336287,1.6776881310015974,10.0,
lithography,TSFGA,2,37,2.0889822941336287,1.6875109739245437,10.0,
lithography,TSFGA,2,38,2.0889822941336287,1.7186549682619152,10.0,
lithography,TSFGA,2,39,2.0889822941336287,1.7303537154599649,10.0,
lithography,TSFGA,2,40,2.0889822941336287,1.7517581791912975,10.0,
lithography,TSFGA,2,41,2.0889822941336287,1.7626427168491268,10.0,
lithography,TSFGA,2,42,2.0889822941336287,1.8169486607077545,10.0,
lithography,TSFGA,2,43,2.0889822941336287,1.7584685263228566,10.0,
lithography,TSFGA,2,44,2.0889822941336287,1.8105588146195397,10.0,
lithography,TSFGA,2,45,2.0889822941336287,1.7700119040865612,10.0,
lithography,TSFGA,2,46,2.0889822941336287,1.7714454681530705,10.0,
lithography,TSFGA,2,47,2.0889822941336287,1.7695149282614313,10.0,
lithography,TSFGA,2,48,2.0889822941336287,1.7493478695796647,10.0,
lithography,TSFGA,2,49,2.0889822941336287,1.7408811242482276,10.0,
lithography,TSFGA,2,50,2.0889822941336287,1.7250041870500503,10.0,
lithography,TSFGA,2,51,2.0889822941336287,1.7094094749830326,10.0,
lithography,TSFGA,2,52,2.0889822941336287,1.7611992651861033,10.0,
lithography,TSFGA,2,53,2.0889822941336287,1.685351414538205,10.0,
lithography,TSFGA,2,54,2.0889822941336287,1.763629320565623,10.0,
lithography,TSFGA,2,55,2.0889822941336287,1.7569777408512803,10.0,
lithography,TSFGA,2,56,2.0889822941336287,1.755212677208447,10.0,
lithography,TSFGA,2,57,2.0975648490893373,1.6849954765484483,9.0,
lithography,TSFGA,2,58,2.0975648490893373,1.731342091046146,9.0,
lithography,TSFGA,2,59,2.0975648490893373,1.7320598109042773,9.0,
lithography,TSFGA,2,60,2.0975648490893373,1.7193041164202043,9.0,
lithography,TSFGA,2,61,2.0975648490893373,1.7030756971706722,9.0,
lithography,TSFGA,2,62,2.0975648490893373,1.7773830505882138,9.0,
lithography,TSFGA,2,63,2.0975648490893373,1.7119267302812369,9.0,
lithography,TSFGA,2,64,2.1287407899755726,1.765444978063504,7.0,
lithography,TSFGA,2,65,2.1287407899755726,1.7253409948513962,7.0,
lithography,TSFGA,2,66,2.1287407899755726,1.772516884029843,7.0,
lithography,TSFGA,2,67,2.1287407899755726,1.7608058287541795,7.0,
lithography,TSFGA,2,68,2.1287407899755726,1.7711097061078198,7.0,
lithography,TSFGA,2,69,2.1287407899755726,1.7755561055735871,7.0,
lithography,TSFGA,2,70,2.1287407899755726,1.7754669714469398,7.0,
lithography,TSFGA,2,71,2.1287407899755726,1.818403215025565,7.0,
lithography,TSFGA,2,72,2.1287407899755726,1.8095964459035478,7.0,
lithography,TSFGA,2,73,2.1287407899755726,1.7601514256606952,7.0,
lithography,TSFGA,2,74,2.1287407899755726,1.6985426067944978,7.0,
lithography,TSFGA,2,75,2.150064889741156,1.7473357931872624,8.0,
lithography,TSFGA,2,76,2.150064889741156,1.751637402886793,8.0,
lithography,TSFGA,2,77,2.150064889741156,1.6895845441902693,8.0,
lithography,TSFGA,2,78,2.150064889741156,1.713067978326297,8.0,
lithography,TSFGA,2,79,2.1827945807823763,1.7437412155210765,7.0,
lithography,TSFGA,2,80,2.1827945807823763,1.7546922482656722,7.0,
lithography,TSFGA,2,81,2.1827945807823763,1.7252209892060342,7.0,
lithography,TSFGA,2,82,2.1827945807823763,1.7627737181201284,7.0,
lithography,TSFGA,2,83,2.1827945807823763,1.7288754831343076,7.0,
lithography,TSFGA,2,84,2.1827945807823763,1.6878401662462017,7.0,
lithography,TSFGA,2,85,2.1827945807823763,1.743360042054033,7.0,
lithography,TSFGA,2,86,2.1827945807823763,1.7392198783925572,7.0,
lithography,TSFGA,2,87,2.1827945807823763,1.7911693649823497,7.0,
lithography,TSFGA,2,88,2.1827945807823763,1.7934747879323016,7.0,
lithography,TSFGA,2,89,2.1827945807823763,1.7866335239429905,7.0,
lithography,TSFGA,2,90,2.1827945807823763,1.7304630382033939,7.0,
lithography,TSFGA,2,91,2.1827945807823763,1.7186080548325982,7.0,
lithography,TSFGA,2,92,2.1827945807823763,1.747360124786789,7.0,
lithography,TSFGA,2,93,2.1827945807823763,1.766577965968812,7.0,
lithography,TSFGA,2,94,2.1827945807823763,1.7487367177685786,7.0,
lithography,TSFGA,2,95,2.187688063318591,1.71510687365919,7.0,
lithography,TSFGA,2,96,2.187688063318591,1.8159583376936417,7.0,
lithography,TSFGA,2,97,2.187688063318591,1.7869311609095717,7.0,
lithography,TSFGA,2,98,2.187688063318591,1.7731602085859848,7.0,
lithography,TSFGA,2,99,2.187688063318591,1.8095037279954376,7.0,
lithography,TSFGA,2,100,2.187688063318591,1.7751552423049588,7.0,
lithography,TSFGA,2,101,2.187688063318591,1.7526473338337305,7.0,
lithography,TSFGA,2,102,2.187688063318591,1.7823805494000233,7.0,
lithography,TSFGA,2,103,2.187688063318591,1.7699769752012742,7.0,
lithography,TSFGA,2,104,2.187688063318591,1.723544717599971,7.0,
lithography,TSFGA,2,105,2.187688063318591,1.7244845662995942,7.0,
lithography,TSFGA,2,106,2.187688063318591,1.700551987372513,7.0,
lithography,TSFGA,2,107,2.187688063318591,1.6864650407130284,7.0,
lithography,TSFGA,2,108,2.187688063318591,1.6982140119523699,7.0,
lithography,TSFGA,2,109,2.187688063318591,1.765504289508487,7.0,
lithography,TSFGA,2,110,2.187688063318591,1.742862586245576,7.0,
lithography,TSFGA,2,111,2.187688063318591,1.7713400590729864,7.0,
lithography,TSFGA,2,112,2.187688063318591,1.7321779655719811,7.0,
lithography,TSFGA,2,113,2.187688063318591,1.7578304858272376,7.0,
lithography,TSFGA,2,114,2.187688063318591,1.694407916596497,7.0,
lithography,TSFGA,2,115,2.187688063318591,1.7131364999286518,7.0,
lithography,TSFGA,2,116,2.187688063318591,1.711444242701269,7.0,
lithography,TSFGA,2,117,2.187688063318591,1.7395046256928768,7.0,
lithography,TSFGA,2,118,2.187688063318591,1.7381853450740739,7.0,
lithography,TSFGA,2,119,2.187688063318591,1.7196600001662379,7.0,
lithography,TSFGA,2,120,2.187688063318591,1.7226048646836964,7.0,
lithography,TSFGA,2,121,2.187688063318591,1.7400430110336216,7.0,
lithography,TSFGA,2,122,2.187688063318591,1.7353845512457071,7.0,
lithography,TSFGA,2,123,2.187688063318591,1.779615791942745,7.0,
lithography,TSFGA,2,124,2.187688063318591,1.722873558081106,7.0,
lithography,TSFGA,2,125,2.187688063318591,1.7341886059294491,7.0,
lithography,TSFGA,2,126,2.187688063318591,1.7361208470952465,7.0,
lithography,TSFGA,2,127,2.187688063318591,1.7034573878010062,7.0,
lithography,TSFGA,2,128,2.187688063318591,1.7693436536434095,7.0,
lithography,TSFGA,2,129,2.187688063318591,1.7897263658371578,7.0,
lithography,TSFGA,2,130,2.187688063318591,1.7833570993855932,7.0,
lithography,TSFGA,2,131,2.187688063318591,1.7634149214210484,7.0,
lithography,TSFGA,2,132,2.187688063318591,1.7923314889450126,7.0,
lithography,TSFGA,2,133,2.187688063318591,1.8185387919578886,7.0,
lithography,TSFGA,2,134,2.187688063318591,1.817101157631543,7.0,
lithography,TSFGA,2,135,2.187688063318591,1.8252710141305415,7.0,
lithography,TSFGA,3,0,1.9550373971817425,1.3438184648590048,17.0,
lithography,TSFGA,3,1,1.971399709335393,1.569148265752301,15.0,
lithography,TSFGA,3,2,1.971399709335393,1.5867846046848384,15.0,
lithography,TSFGA,3,3,1.971399709335393,1.6398404891332852,15.0,
lithography,TSFGA,3,4,1.9863229082036629,1.6828141245847827,15.0,
lithography,TSFGA,3,5,1.9960209347133373,1.6937256822617592,14.0,
lithography,TSFGA,3,6,1.9960209347133373,1.7471767233972328,14.0,
lithography,TSFGA,3,7,2.0465439349179855,1.7403772398904693,11.0,
lithography,TSFGA,3,8,2.0465439349179855,1.7118803634939437,11.0,
lithography,TSFGA,3,9,2.0465439349179855,1.7355725785499811,11.0,
lithography,TSFGA,3,10,2.0465439349179855,1.7058706413089304,11.0,
lithography,TSFGA,3,11,2.0465439349179855,1.6952887384830142,11.0,
lithography,TSFGA,3,12,2.0465439349179855,1.644796630556384,11.0,
lithography,TSFGA,3,13,2.0465439349179855,1.6741229423414041,11.0,
lithography,TSFGA,3,14,2.0465439349179855,1.7263277834276747,11.0,
lithography,TSFGA,3,15,2.0465439349179855,1.6871365911041216,11.0,
lithography,TSFGA,3,16,2.0465439349179855,1.7313088545427284,11.0,
lithography,TSFGA,3,17,2.065525458824813,1.7457121216652467,11.0,
lithography,TSFGA,3,18,2.065525458824813,1.7759166266097814,11.0,
lithography,TSFGA,3,19,2.065525458824813,1.7794983326503384,11.0,
lithography,TSFGA,3,20,2.065525458824813,1.784986515393745,11.0,
lithography,TSFGA,3,21,2.065525458824813,1.7750327618970452,11.0,
lithography,TSFGA,3,22,2.065525458824813,1.7377091277908683,11.0,
lithography,TSFGA,3,23,2.106148884959907,1.7140005714699025,10.0,
lithography,TSFGA,3,24,2.109112107089781,1.7978298595466788,10.0,
lithography,TSFGA,3,25,2.109112107089781,1.7320178087622569,10.0,
lithography,TSFGA,3,26,2.109112107089781,1.7060079709621938,10.0,
lithography,TSFGA,3,27,2.1271700066390182,1.7452751378146065,9.0,
lithography,TSFGA,3,28,2.1271700066390182,1.7855490531241842,9.0,
lithography,TSFGA,3,29,2.1271700066390182,1.7828438316103346,9.0,
lithography,TSFGA,3,30,2.1271700066390182,1.7766942000491768,9.0,
lithography,TSFGA,3,31,2.1271700066390182,1.7765287785114423,9.0,
lithography,TSFGA,3,32,2.1271700066390182,1.726871851323174,9.0,
lithography,TSFGA,3,33,2.1271700066390182,1.7775996947863923,9.0,
lithography,TSFGA,3,34,2.1271700066390182,1.7842224719713875,9.0,
lithography,TSFGA,3,35,2.1271700066390182,1.8156835307496766,9.0,
lithography,TSFGA,3,36,2.1271700066390182,1.7712847321128202,9.0,
lithography,TSFGA,3,37,2.1271700066390182,1.7720452991423066,9.0,
lithography,TSFGA,3,38,2.1271700066390182,1.7372629757944567,9.0,
lithography,TSFGA,3,39,2.1271700066390182,1.697840330984104,9.0,
lithography,TSFGA,3,40,2.1271700066390182,1.7156546635479581,9.0,
lithography,TSFGA,3,41,2.1271700066390182,1.7345529963672024,9.0,
lithography,TSFGA,3,42,2.1271700066390182,1.7477739463162023,9.0,
lithography,TSFGA,3,43,2.1271700066390182,1.7717720902443794,9.0,
lithography,TSFGA,3,44,2.1271700066390182,1.732155830500058,9.0,
lithography,TSFGA,3,45,2.1271700066390182,1.7109464470385363,9.0,
lithography,TSFGA,3,46,2.141579819880423,1.7518323649653003,9.0,
lithography,TSFGA,3,47,2.141579819880423,1.7466042238961552,9.0,
lithography,TSFGA,3,48,2.141579819880423,1.7099466363064955,9.0,
lithography,TSFGA,3,49,2.141579819880423,1.7756424163893905,9.0,
lithography,TSFGA,3,50,2.141579819880423,1.7613029962269606,9.0,
lithography,TSFGA,3,51,2.141579819880423,1.7659321371567103,9.0,
lithography,TSFGA,3,52,2.141579819880423,1.6932093276980922,9.0,
lithography,TSFGA,3,53,2.144482141565782,1.776265321745388,8.0,
lithography,TSFGA,3,54,2.144482141565782,1.745541230601642,8.0,
lithography,TSFGA,3,55,2.144482141565782,1.727549885982686,8.0,
lithography,TSFGA,3,56,2.144482141565782,1.7426478649762043,8.0,
lithography,TSFGA,3,57,2.144482141565782,1.7435169544963038,8.0,
lithography,TSFGA,3,58,2.144482141565782,1.718299471007478,8.0,
lithography,TSFGA,3,59,2.144482141565782,1.7645260687733682,8.0,
lithography,TSFGA,3,60,2.163066012391795,1.7807242326037929,8.0,
lithography,TSFGA,3,61,2.163066012391795,1.8109108000445744,8.0,
lithography,TSFGA,3,62,2.163066012391795,1.7403074675375838,8.0,
lithography,TSFGA,3,63,2.163066012391795,1.7802133629092722,8.0,
lithography,TSFGA,3,64,2.163066012391795,1.7835981604921396,8.0,
lithography,TSFGA,3,65,2.163066012391795,1.7226722982725087,8.0,
lithography,TSFGA,3,66,2.163066012391795,1.7175326770699946,8.0,
lithography,TSFGA,3,67,2.163066012391795,1.7179354825065871,8.0,
lithography,TSFGA,3,68,2.163066012391795,1.7336840981153039,8.0,
lithography,TSFGA,3,69,2.163066012391795,1.7713620707935487,8.0,
lithography,TSFGA,3,70,2.163066012391795,1.7883871980297017,8.0,
lithography,TSFGA,3,71,2.163066012391795,1.7462113192178539,8.0,
lithography,TSFGA,3,72,2.163066012391795,1.741374699236075,8.0,
lithography,TSFGA,3,73,2.163066012391795,1.748357739097147,8.0,
lithography,TSFGA,3,74,2.163066012391795,1.7444964216353411,8.0,
lithography,TSFGA,3,75,2.163066012391795,1.759149439643128,8.0,
lithography,TSFGA,3,76,2.163066012391795,1.7999166573951242,8.0,
lithography,TSFGA,3,77,2.163066012391795,1.7806357944631372,8.0,
lithography,TSFGA,3,78,2.163066012391795,1.695322782649137,8.0,
lithography,TSFGA,3,79,2.163066012391795,1.7333660587001543,8.0,
lithography,TSFGA,3,80,2.163066012391795,1.742752278238632,8.0,
lithography,TSFGA,3,81,2.163066012391795,1.768613779262877,8.0,
lithography,TSFGA,3,82,2.163066012391795,1.7475567834413723,8.0,
lithography,TSFGA,3,83,2.163066012391795,1.7522085707368482,8.0,
lithography,TSFGA,3,84,2.163066012391795,1.716499909216298,8.0,
lithography,TSFGA,3,85,2.163066012391795,1.742577730788549,8.0,
lithography,TSFGA,3,86,2.163066012391795,1.7030073029427975,8.0,
lithography,TSFGA,3,87,2.163066012391795,1.7712774034961598,8.0,
lithography,TSFGA,3,88,2.163066012391795,1.7197001054655296,8.0,
lithography,TSFGA,3,89,2.163066012391795,1.7834750616019073,8.0,
lithography,TSFGA,3,90,2.163066012391795,1.7528863685190843,8.0,
lithography,TSFGA,3,91,2.163066012391795,1.7191070717361192,8.0,
lithography,TSFGA,3,92,2.163066012391795,1.7249949070925432,8.0,
lithography,TSFGA,3,93,2.163066012391795,1.7108297176219023,8.0,
lithography,TSFGA,3,94,2.163066012391795,1.736075755847962,8.0,
lithography,TSFGA,3,95,2.163066012391795,1.7183532019800225,8.0,
lithography,TSFGA,3,96,2.163066012391795,1.7295272801307384,8.0,
lithography,TSFGA,3,97,2.163066012391795,1.7672106791419715,8.0,
lithography,TSFGA,3,98,2.163066012391795,1.7824365299907137,8.0,
lithography,TSFGA,3,99,2.163066012391795,1.721249596260216,8.0,
lithography,TSFGA,3,100,2.163066012391795,1.7625925217522949,8.0,
lithography,TSFGA,4,0,1.8800363582573858,1.3344500797980567,19.0,
lithography,TSFGA,4,1,1.9373785160393473,1.484052750555924,17.0,
lithography,TSFGA,4,2,1.9565331035882263,1.630723980724738,15.0,
lithography,TSFGA,4,3,2.0369122061235085,1.7208658883898842,13.0,
lithography,TSFGA,4,4,2.0369122061235085,1.670130940166856,13.0,
lithography,TSFGA,4,5,2.0369122061235085,1.6889757068956914,13.0,
lithography,TSFGA,4,6,2.0369122061235085,1.7590747286806625,13.0,
lithography,TSFGA,4,7,2.0369122061235085,1.7429667360447147,13.0,
lithography,TSFGA,4,8,2.0369122061235085,1.7291931940756888,13.0,
lithography,TSFGA,4,9,2.0369122061235085,1.682642576464803,13.0,
lithography,TSFGA,4,10,2.0369122061235085,1.7229429030550516,13.0,
lithography,TSFGA,4,11,2.1010730302781147,1.7076028209410734,11.0,
lithography,TSFGA,4,12,2.1010730302781147,1.7115730126527695,11.0,
lithography,TSFGA,4,13,2.1010730302781147,1.7302507880501896,11.0,
lithography,TSFGA,4,14,2.1010730302781147,1.6785762023929682,11.0,
lithography,TSFGA,4,15,2.1010730302781147,1.7444281194627451,11.0,
lithography,TSFGA,4,16,2.1010730302781147,1.7169374858381539,11.0,
lithography,TSFGA,4,17,2.1010730302781147,1.7618352367170627,11.0,
lithography,TSFGA,4,18,2.1010730302781147,1.72622921685118,11.0,
lithography,TSFGA,4,19,2.1010730302781147,1.7495355848526095,11.0,
lithography,TSFGA,4,20,2.1010730302781147,1.7179164805425529,11.0,
lithography,TSFGA,4,21,2.1010730302781147,1.696415087161623,11.0,
lithography,TSFGA,4,22,2.1010730302781147,1.7408732392124613,11.0,
lithography,TSFGA,4,23,2.1010730302781147,1.7584640997991048,11.0,
lithography,TSFGA,4,24,2.1010730302781147,1.7422999057418753,11.0,
lithography,TSFGA,4,25,2.1010730302781147,1.7279620302906757,11.0,
lithography,TSFGA,4,26,2.1010730302781147,1.7332684819560829,11.0,
lithography,TSFGA,4,27,2.1010730302781147,1.7237716966169692,11.0,
lithography,TSFGA,4,28,2.1119492654455314,1.7743392870753483,10.0,
lithography,TSFGA,4,29,2.1119492654455314,1.6984243491480613,10.0,
lithography,TSFGA,4,30,2.1264796236053263,1.7350199365949355,8.0,
lithography,TSFGA,4,31,2.161731091619052,1.7169555161582302,7.0,
lithography,TSFGA,4,32,2.161731091619052,1.7060256286936437,7.0,
lithography,TSFGA,4,33,2.161731091619052,1.6749840130815712,7.0,
lithography,TSFGA,4,34,2.161731091619052,1.7328832172835231,7.0,
lithography,TSFGA,4,35,2.161731091619052,1.8132678907278503,7.0,
lithography,TSFGA,4,36,2.161731091619052,1.7854125635468148,7.0,
lithography,TSFGA,4,37,2.161731091619052,1.7866601329816014,7.0,
lithography,TSFGA,4,38,2.16384600277684,1.7513415590522314,7.0,
lithography,TSFGA,4,39,2.16384600277684,1.7242542199187993,7.0,
lithography,TSFGA,4,40,2.16384600277684,1.7294499794036458,7.0,
lithography,TSFGA,4,41,2.16384600277684,1.7242551977988871,7.0,
lithography,TSFGA,4,42,2.16384600277684,1.684552065550865,7.0,
lithography,TSFGA,4,43,2.16384600277684,1.753578786350984,7.0,
lithography,TSFGA,4,44,2.16384600277684,1.7831610782080127,7.0,
lithography,TSFGA,4,45,2.16384600277684,1.7603409290031926,7.0,
lithography,TSFGA,4,46,2.16384600277684,1.7891449514808546,7.0,
lithography,TSFGA,4,47,2.16384600277684,1.76466430038945,7.0,
lithography,TSFGA,4,48,2.16384600277684,1.7407401665339914,7.0,
lithography,TSFGA,4,49,2.16384600277684,1.6602167098416385,7.0,
lithography,TSFGA,4,50,2.16384600277684,1.671282717574271,7.0,
lithography,TSFGA,4,51,2.16384600277684,1.680263133421058,7.0,
lithography,TSFGA,4,52,2.16384600277684,1.7341259506902205,7.0,
lithography,TSFGA,4,53,2.16384600277684,1.7241877729250767,7.0,
lithography,TSFGA,4,54,2.16384600277684,1.7016017054213761,7.0,
lithography,TSFGA,4,55,2.16384600277684,1.7841491064367994,7.0,
lithography,TSFGA,4,56,2.16384600277684,1.767183023019698,7.0,
lithography,TSFGA,4,57,2.16384600277684,1.7539392803484872,7.0,
lithography,TSFGA,4,58,2.172533911622743,1.7945996543035565,7.0,
lithography,TSFGA,4,59,2.172533911622743,1.8084351596408574,7.0,
lithography,TSFGA,4,60,2.172533911622743,1.7326491701223887,7.0,
lithography,TSFGA,4,61,2.172533911622743,1.7640284795760839,7.0,
lithography,TSFGA,4,62,2.172533911622743,1.7793620624484028,7.0,
lithography,TSFGA,4,63,2.172533911622743,1.7412306097871457,7.0,
lithography,TSFGA,4,64,2.172533911622743,1.743055019687177,7.0,
lithography,TSFGA,4,65,2.172533911622743,1.7716680345001599,7.0,
lithography,TSFGA,4,66,2.172533911622743,1.7987106317285253,7.0,
lithography,TSFGA,4,67,2.172533911622743,1.7130773505394223,7.0,
lithography,TSFGA,4,68,2.172533911622743,1.7367794542166706,7.0,
lithography,TSFGA,4,69,2.172533911622743,1.7764175470495183,7.0,
lithography,TSFGA,4,70,2.172533911622743,1.7991054902199786,7.0,
lithography,TSFGA,4,71,2.172533911622743,1.7174182957639972,7.0,
lithography,TSFGA,4,72,2.172533911622743,1.734194216198614,7.0,
lithography,TSFGA,4,73,2.172533911622743,1.6778437540583802,7.0,
lithography,TSFGA,4,74,2.172533911622743,1.7700694218475388,7.0,
lithography,TSFGA,4,75,2.172533911622743,1.756217822698385,7.0,
lithography,TSFGA,4,76,2.172533911622743,1.7640976547201368,7.0,
lithography,TSFGA,4,77,2.172533911622743,1.7506090588758318,7.0,
lithography,TSFGA,4,78,2.172533911622743,1.748716118529768,7.0,
lithography,TSFGA,4,79,2.172533911622743,1.6805507265480837,7.0,
lithography,TSFGA,4,80,2.172533911622743,1.7497255696443976,7.0,
lithography,TSFGA,4,81,2.1895096550246924,1.795864621348865,7.0,
lithography,TSFGA,4,82,2.1895096550246924,1.7323955425509616,7.0,
lithography,TSFGA,4,83,2.1895096550246924,1.7364377347271003,7.0,
lithography,TSFGA,4,84,2.1895096550246924,1.7647175062510114,7.0,
lithography,TSFGA,4,85,2.1895096550246924,1.7775091201781124,7.0,
lithography,TSFGA,4,86,2.1895096550246924,1.815470171652158,7.0,
lithography,TSFGA,4,87,2.1895096550246924,1.7953992008182518,7.0,
lithography,TSFGA,4,88,2.1895096550246924,1.7800249260512238,7.0,
lithography,TSFGA,4,89,2.1895096550246924,1.7370871512987656,7.0,
lithography,TSFGA,4,90,2.1895096550246924,1.7824638167395264,7.0,
lithography,TSFGA,4,91,2.1895096550246924,1.8229935702085704,7.0,
lithography,TSFGA,4,92,2.1895096550246924,1.7586058494508818,7.0,
lithography,TSFGA,4,93,2.1895096550246924,1.7279113143628866,7.0,
lithography,TSFGA,4,94,2.1895096550246924,1.8219264555238481,7.0,
lithography,TSFGA,4,95,2.1895096550246924,1.783631684683312,7.0,
lithography,TSFGA,4,96,2.1895096550246924,1.767660215670609,7.0,
lithography,TSFGA,4,97,2.1895096550246924,1.7132204627444465,7.0,
lithography,TSFGA,4,98,2.1895096550246924,1.73392594880012,7.0,
lithography,TSFGA,4,99,2.1895096550246924,1.7765402956972611,7.0,
lithography,TSFGA,4,100,2.1895096550246924,1.8030924906518462,7.0,
lithography,TSFGA,4,101,2.1895096550246924,1.8257238897412122,7.0,
lithography,TSFGA,4,102,2.1895096550246924,1.8152288274001478,7.0,
lithography,TSFGA,4,103,2.1895096550246924,1.7887358517271046,7.0,
lithography,TSFGA,4,104,2.1895096550246924,1.7346799413900498,7.0,
lithography,TSFGA,4,105,2.1895096550246924,1.708762655861533,7.0,
lithography,TSFGA,4,106,2.1895096550246924,1.709948294389314,7.0,
lithography,TSFGA,4,107,2.1895096550246924,1.7558888202602945,7.0,
lithography,TSFGA,4,108,2.1895096550246924,1.73916970930429,7.0,
lithography,TSFGA,4,109,2.1895096550246924,1.7382722176296201,7.0,
lithography,TSFGA,4,110,2.1895096550246924,1.7835936033028,7.0,
lithography,TSFGA,4,111,2.1895096550246924,1.7339461852034639,7.0,
lithography,TSFGA,4,112,2.1895096550246924,1.732136588640786,7.0,
lithography,TSFGA,4,113,2.1895096550246924,1.6993809221088725,7.0,
lithography,TSFGA,4,114,2.1895096550246924,1.7465526408669976,7.0,
lithography,TSFGA,4,115,2.1895096550246924,1.74529510544894,7.0,
lithography,TSFGA,4,116,2.1895096550246924,1.727744298202719,7.0,
lithography,TSFGA,4,117,2.1895096550246924,1.7240377816557781,7.0,
lithography,TSFGA,4,118,2.1895096550246924,1.7191683081850084,7.0,
lithography,TSFGA,4,119,2.1895096550246924,1.7094418108869172,7.0,
lithography,TSFGA,4,120,2.1895096550246924,1.6075684000794421,7.0,
lithography,TSFGA,4,121,2.1895096550246924,1.6336601093460437,7.0,
lithography,NSGA2,0,0,0.639283666204808,0.3941684780930952,,6.0
lithography,NSGA2,0,1,0.6450928535399816,0.5081756459954005,,5.0
lithography,NSGA2,0,2,0.6450928535399816,0.498723359957412,,6.0
lithography,NSGA2,0,3,0.6461891658765073,0.5167483320002074,,3.0
lithography,NSGA2,0,4,0.6483521139011307,0.5350623423220963,,7.0
lithography,NSGA2,0,5,0.6541284747202396,0.5479017083831003,,5.0
lithography,NSGA2,0,6,0.6542800448164432,0.5645691511907222,,4.0
lithography,NSGA2,0,7,0.6577480116017572,0.5783425406917683,,4.0
lithography,NSGA2,0,8,0.6580442112673776,0.6038891333707395,,4.0
lithography,NSGA2,0,9,0.6671663987414153,0.6124187364698235,,3.0
lithography,NSGA2,0,10,0.6680376306964814,0.598808199661609,,5.0
lithography,NSGA2,0,11,0.6680655939560235,0.6206852899262879,,8.0
lithography,NSGA2,0,12,0.669789969705491,0.633166792660718,,8.0
lithography,NSGA2,0,13,0.6704465155124621,0.6144344397779549,,5.0
lithography,NSGA2,0,14,0.6709567904407285,0.619885317758951,,9.0
lithography,NSGA2,0,15,0.672700457548612,0.6057210901272685,,9.0
lithography,NSGA2,0,16,0.672700457548612,0.5961085010896108,,15.0
lithography,NSGA2,0,17,0.672700457548612,0.6059087691178963,,28.0
lithography,NSGA2,0,18,0.672700457548612,0.5977389048543731,,41.0
lithography,NSGA2,0,19,0.672700457548612,0.6232656818505862,,60.0
lithography,NSGA2,0,20,0.672700457548612,0.6197672043905451,,80.0
lithography,NSGA2,0,21,0.672700457548612,0.615201280941301,,80.0
lithography,NSGA2,0,22,0.672700457548612,0.6105998305016108,,80.0
lithography,NSGA2,0,23,0.672700457548612,0.6063550132934754,,80.0
lithography,NSGA2,0,24,0.672700457548612,0.5969295177240657,,80.0
lithography,NSGA2,0,25,0.672700457548612,0.6012747324655958,,80.0
lithography,NSGA2,0,26,0.6744083212259604,0.5974708813456151,,80.0
lithography,NSGA2,0,27,0.6744083212259604,0.5881145537747815,,80.0
lithography,NSGA2,0,28,0.6744083212259604,0.5836593464070816,,80.0
lithography,NSGA2,0,29,0.6744083212259604,0.5839651996084683,,80.0
lithography,NSGA2,0,30,0.6744083212259604,0.5893062115545138,,80.0
lithography,NSGA2,0,31,0.6744083212259604,0.5848032726659028,,80.0
lithography,NSGA2,0,32,0.6744083212259604,0.5754051249676355,,80.0
lithography,NSGA2,0,33,0.6744083212259604,0.5889096441778412,,80.0
lithography,NSGA2,0,34,0.6744083212259604,0.5935910325751659,,80.0
lithography,NSGA2,0,35,0.6744083212259604,0.5902341593742222,,80.0
lithography,NSGA2,0,36,0.6744083212259604,0.585278752962162,,80.0
lithography,NSGA2,0,37,0.6744083212259604,0.6555201970276302,,79.0
lithography,NSGA2,0,38,0.6768791581721781,0.6569149261654598,,80.0
lithography,NSGA2,0,39,0.6768791581721781,0.6532718803040627,,80.0
lithography,NSGA2,0,40,0.6768791581721781,0.6530009946767608,,80.0
lithography,NSGA2,0,41,0.6768791581721781,0.6497296494616043,,80.0
lithography,NSGA2,0,42,0.6768791581721781,0.6455355197847525,,80.0
lithography,NSGA2,0,43,0.6768791581721781,0.6462370826283031,,80.0
lithography,NSGA2,0,44,0.6768791581721781,0.64288837197377,,80.0
lithography,NSGA2,0,45,0.6768791581721781,0.6391980955023682,,80.0
lithography,NSGA2,0,46,0.6768791581721781,0.6392492675791208,,80.0
lithography,NSGA2,0,47,0.6768791581721781,0.6433189251037376,,80.0
lithography,NSGA2,0,48,0.6768791581721781,0.6389900703494182,,80.0
lithography,NSGA2,0,49,0.6768791581721781,0.6394760364973662,,80.0
lithography,NSGA2,0,50,0.6768791581721781,0.6392179148168907,,80.0
lithography,NSGA2,0,51,0.6768791581721781,0.6431217596179477,,80.0
lithography,NSGA2,0,52,0.6768791581721781,0.6428998514638606,,80.0
lithography,NSGA2,0,53,0.6768791581721781,0.6387120667648034,,80.0
lithography,NSGA2,0,54,0.6768791581721781,0.6356844623513792,,80.0
lithography,NSGA2,0,55,0.6768791581721781,0.635719989341825,,80.0
lithography,NSGA2,0,56,0.6768791581721781,0.63195354687742,,80.0
lithography,NSGA2,0,57,0.6768791581721781,0.6321466932740204,,80.0
lithography,NSGA2,0,58,0.6768791581721781,0.6285327443354733,,80.0
lithography,NSGA2,0,59,0.6768791581721781,0.6289416113248225,,80.0
lithography,NSGA2,0,60,0.6768791581721781,0.6332466427082546,,80.0
lithography,NSGA2,0,61,0.6768791581721781,0.6325877472332087,,80.0
lithography,NSGA2,0,62,0.6768791581721781,0.6326082068089688,,80.0
lithography,NSGA2,0,63,0.6768791581721781,0.6326862587842877,,80.0
lithography,NSGA2,0,64,0.6768791581721781,0.6327368531894196,,80.0
lithography,NSGA2,0,65,0.6768791581721781,0.6328299725794244,,80.0
lithography,NSGA2,0,66,0.6768791581721781,0.6329680614520189,,80.0
lithography,NSGA2,0,67,0.6768791581721781,0.6327843575475622,,80.0
lithography,NSGA2,0,68,0.6768791581721781,0.6293994333666408,,80.0
lithography,NSGA2,0,69,0.6768791581721781,0.6332855334938275,,80.0
lithography,NSGA2,0,70,0.6768791581721781,0.6330276780941299,,80.0
lithography,NSGA2,0,71,0.6768791581721781,0.6288896438478058,,80.0
lithography,NSGA2,0,72,0.6768791581721781,0.632970052175261,,80.0
lithography,NSGA2,0,73,0.6768791581721781,0.6363583401513094,,80.0
lithography,NSGA2,0,74,0.6768791581721781,0.6283288471360343,,80.0
lithography,NSGA2,0,75,0.6768791581721781,0.6326379288505359,,80.0
lithography,NSGA2,0,76,0.6768791581721781,0.6291057846957193,,80.0
lithography,NSGA2,0,77,0.6768791581721781,0.6292052490635186,,80.0
lithography,NSGA2,0,78,0.6768791581721781,0.6291927738182158,,80.0
lithography,NSGA2,0,79,0.6768791581721781,0.6332437338522418,,80.0
lithography,NSGA2,0,80,0.6768791581721781,0.6329336446947494,,80.0
lithography,NSGA2,0,81,0.6768791581721781,0.6326896376122395,,80.0
lithography,NSGA2,0,82,0.6768791581721781,0.6326939542240868,,80.0
lithography,NSGA2,0,83,0.6768791581721781,0.6327194169476367,,80.0
lithography,NSGA2,0,84,0.6768791581721781,0.6330395703720251,,80.0
lithography,NSGA2,0,85,0.6768791581721781,0.6371894171022295,,80.0
lithography,NSGA2,0,86,0.6768791581721781,0.6409815689198375,,80.0
lithography,NSGA2,0,87,0.6768791581721781,0.6366500327829385,,80.0
lithography,NSGA2,0,88,0.6768791581721781,0.6366982162096637,,80.0
lithography,NSGA2,0,89,0.6768791581721781,0.6369454782229791,,80.0
lithography,NSGA2,0,90,0.6768791581721781,0.6370802033004466,,80.0
lithography,NSGA2,0,91,0.6768791581721781,0.6370329726904418,,80.0
lithography,NSGA2,0,92,0.6768791581721781,0.6334277797080959,,80.0
lithography,NSGA2,0,93,0.6768791581721781,0.6289526189892569,,80.0
lithography,NSGA2,0,94,0.6768791581721781,0.6370658224217032,,80.0
lithography,NSGA2,0,95,0.6768791581721781,0.6284173667468721,,80.0
lithography,NSGA2,0,96,0.6768791581721781,0.628530945712637,,80.0
lithography,NSGA2,0,97,0.6768791581721781,0.6293382843824715,,80.0
lithography,NSGA2,0,98,0.6768791581721781,0.6334407916383495,,80.0
lithography,NSGA2,0,99,0.6768791581721781,0.6296681465797814,,80.0
lithography,NSGA2,0,100,0.6768791581721781,0.6248001391029996,,80.0
lithography,NSGA2,0,101,0.6768791581721781,0.6213123867591517,,80.0
lithography,NSGA2,0,102,0.6768791581721781,0.6253519094543967,,80.0
lithography,NSGA2,0,103,0.6768791581721781,0.6216201500280387,,80.0
lithography,NSGA2,0,104,0.6768791581721781,0.6252531316225397,,80.0
lithography,NSGA2,0,105,0.6768791581721781,0.6291961376133429,,80.0
lithography,NSGA2,0,106,0.6768791581721781,0.6292316646037888,,80.0
lithography,NSGA2,0,107,0.6768791581721781,0.6294835987229261,,80.0
lithography,NSGA2,0,108,0.6768791581721781,0.629572046007109,,80.0
lithography,NSGA2,0,109,0.6768791581721781,0.6332046965596421,,80.0
lithography,NSGA2,0,110,0.6768791581721781,0.6328675700871271,,80.0
lithography,NSGA2,0,111,0.6768791581721781,0.633155717732653,,80.0
lithography,NSGA2,0,112,0.6768791581721781,0.6330698626178531,,80.0
lithography,NSGA2,0,113,0.6768791581721781,0.6375440705199716,,80.0
lithography,NSGA2,0,114,0.6768791581721781,0.6375450233366919,,80.0
lithography,NSGA2,0,115,0.6768791581721781,0.6338968169110488,,80.0
lithography,NSGA2,0,116,0.6768791581721781,0.6337789213334366,,80.0
lithography,NSGA2,0,117,0.6768791581721781,0.6298509827573193,,80.0
lithography,NSGA2,0,118,0.6768791581721781,0.6293657031453138,,80.0
lithography,NSGA2,0,119,0.6768791581721781,0.6332464111114264,,80.0
lithography,NSGA2,0,120,0.6768791581721781,0.6333547402997486,,80.0
lithography,NSGA2,0,121,0.6768791581721781,0.6329823531175656,,80.0
lithography,NSGA2,0,122,0.6768791581721781,0.6330975714359933,,80.0
lithography,NSGA2,0,123,0.6768791581721781,0.6330868206331548,,80.0
lithography,NSGA2,0,124,0.6768791581721781,0.6328136315379934,,80.0
lithography,NSGA2,0,125,0.6768791581721781,0.6331488523770676,,80.0
lithography,NSGA2,0,126,0.6768791581721781,0.629676058583584,,80.0
lithography,NSGA2,0,127,0.6768791581721781,0.6333539448994846,,80.0
lithography,NSGA2,0,128,0.6768791581721781,0.6411500924218915,,80.0
lithography,NSGA2,0,129,0.6768791581721781,0.6374982906042932,,80.0
lithography,NSGA2,0,130,0.6768791581721781,0.6406570096704052,,80.0
lithography,NSGA2,0,131,0.6768791581721781,0.6404618725505626,,80.0
lithography,NSGA2,0,132,0.6768791581721781,0.6411794556255191,,80.0
lithography,NSGA2,0,133,0.6768791581721781,0.6331640772082097,,80.0
lithography,NSGA2,0,134,0.6768791581721781,0.6331889426090138,,80.0
lithography,NSGA2,0,135,0.6768791581721781,0.6289869709853363,,80.0
lithography,NSGA2,0,136,0.6768791581721781,0.6253914867759119,,80.0
lithography,NSGA2,0,137,0.6768791581721781,0.6338282074278736,,80.0
lithography,NSGA2,0,138,0.6768791581721781,0.6286409993434235,,80.0
lithography,NSGA2,0,139,0.6768791581721781,0.6335240742348913,,80.0
lithography,NSGA2,0,140,0.6768791581721781,0.6372310574736418,,80.0
lithography,NSGA2,0,141,0.6768791581721781,0.6331640772082098,,80.0
lithography,NSGA2,0,142,0.6768791581721781,0.6335472151932312,,80.0
lithography,NSGA2,0,143,0.6768791581721781,0.6289646781027904,,80.0
lithography,NSGA2,0,144,0.6768791581721781,0.6327089127744511,,80.0
lithography,NSGA2,0,145,0.6768791581721781,0.6328802265234065,,80.0
lithography,NSGA2,0,146,0.6768791581721781,0.632894341121372,,80.0
lithography,NSGA2,0,147,0.6768791581721781,0.6329908578258138,,80.0
lithography,NSGA2,0,148,0.6768791581721781,0.6330235848245686,,80.0
lithography,NSGA2,0,149,0.6768791581721781,0.6331103927560887,,80.0
lithography,NSGA2,0,150,0.6768791581721781,0.6330741792297003,,80.0
lithography,NSGA2,0,151,0.6768791581721781,0.6292156790563324,,80.0
lithography,NSGA2,0,152,0.6768791581721781,0.6333811708728435,,80.0
lithography,NSGA2,0,153,0.6768791581721781,0.6334317652779753,,80.0
lithography,NSGA2,0,154,0.6768791581721781,0.6369746602356304,,80.0
lithography,NSGA2,0,155,0.6768791581721781,0.637144334631923,,80.0
lithography,NSGA2,0,156,0.6768791581721781,0.6331010926475766,,80.0
lithography,NSGA2,0,157,0.6768791581721781,0.6285789675995107,,80.0
lithography,NSGA2,0,158,0.6768791581721781,0.6333069805702576,,80.0
lithography,NSGA2,0,159,0.6768791581721781,0.6412228946197678,,80.0
lithography,NSGA2,0,160,0.6768791581721781,0.6331330984264392,,80.0
lithography,NSGA2,0,161,0.6768791581721781,0.6243381051902602,,80.0
lithography,NSGA2,0,162,0.6768791581721781,0.6320314245497409,,80.0
lithography,NSGA2,0,163,0.6768791581721781,0.6323170038004037,,80.0
lithography,NSGA2,0,164,0.6768791581721781,0.6289428304223207,,80.0
lithography,NSGA2,0,165,0.6768791581721781,0.6330072185183697,,80.0
lithography,NSGA2,0,166,0.6768791581721781,0.6326090131186624,,80.0
lithography,NSGA2,0,167,0.6768791581721781,0.628135758033264,,80.0
lithography,NSGA2,0,168,0.6768791581721781,0.636039281927273,,80.0
lithography,NSGA2,0,169,0.6768791581721781,0.6434778434014049,,80.0
lithography,NSGA2,0,170,0.6768791581721781,0.6398575830043731,,80.0
lithography,NSGA2,0,171,0.6768791581721781,0.6397945984437401,,80.0
lithography,NSGA2,0,172,0.6768791581721781,0.6359155298302903,,80.0
lithography,NSGA2,0,173,0.6768791581721781,0.6363502150371639,,80.0
lithography,NSGA2,0,174,0.6768791581721781,0.6405653484420867,,80.0
lithography,NSGA2,0,175,0.6768791581721781,0.6407160937509604,,80.0
lithography,NSGA2,0,176,0.6768791581721781,0.6411507789578339,,80.0
lithography,NSGA2,0,177,0.6768791581721781,0.6371263236772748,,80.0
lithography,NSGA2,0,178,0.6768791581721781,0.6367696904457201,,80.0
lithography,NSGA2,0,179,0.6768791581721781,0.6367334769193318,,80.0
lithography,NSGA2,0,180,0.6768791581721781,0.6325787359056592,,80.0
lithography,NSGA2,0,181,0.6768791581721781,0.6326877516299237,,80.0
lithography,NSGA2,0,182,0.6768791581721781,0.6328740239292434,,80.0
lithography,NSGA2,0,183,0.6768791581721781,0.6332554333484055,,80.0
lithography,NSGA2,0,184,0.6768791581721781,0.6332711872990338,,80.0
lithography,NSGA2,0,185,0.6768791581721781,0.6331472130244048,,80.0
lithography,NSGA2,0,186,0.6768791581721781,0.6331978074295366,,80.0
lithography,NSGA2,0,187,0.6768791581721781,0.6332128748442225,,80.0
lithography,NSGA2,0,188,0.6768791581721781,0.6329089732480685,,80.0
lithography,NSGA2,0,189,0.6768791581721781,0.6330436983255361,,80.0
lithography,NSGA2,0,190,0.6768791581721781,0.6326498987508726,,80.0
lithography,NSGA2,0,191,0.6768791581721781,0.6285986724360688,,80.0
lithography,NSGA2,0,192,0.6768791581721781,0.6283927845133878,,80.0
lithography,NSGA2,0,193,0.6768791581721781,0.6284283115038337,,80.0
lithography,NSGA2,0,194,0.6768791581721781,0.6287377141253836,,80.0
lithography,NSGA2,0,195,0.6768791581721781,0.6283669662958633,,80.0
lithography,NSGA2,0,196,0.6768791581721781,0.6283039817352303,,80.0
lithography,NSGA2,0,197,0.6768791581721781,0.6327781896373489,,80.0
lithography,NSGA2,0,198,0.6768791581721781,0.6327158916126582,,80.0
lithography,NSGA2,0,199,0.6768791581721781,0.6322919572086232,,80.0
lithography,NSGA2,0,200,0.6768791581721781,0.6323425516137549,,80.0
lithography,NSGA2,1,0,0.6372471191832555,0.3592255830656321,,4.0
lithography,NSGA2,1,1,0.639633845391286,0.49989007172605004,,9.0
lithography,NSGA2,1,2,0.6458124540628457,0.540104136254105,,5.0
lithography,NSGA2,1,3,0.6458124540628457,0.560459495799566,,6.0
lithography,NSGA2,1,4,0.6515544068358969,0.5591817525938066,,6.0
lithography,NSGA2,1,5,0.6515544068358969,0.5997460095479584,,8.0
lithography,NSGA2,1,6,0.6544330848261715,0.6136982706999873,,5.0
lithography,NSGA2,1,7,0.6561506658331118,0.6231757702036645,,4.0
lithography,NSGA2,1,8,0.6603536356439563,0.6256324836672389,,4.0
lithography,NSGA2,1,9,0.6603536356439563,0.6273796504149749,,4.0
lithography,NSGA2,1,10,0.6604511286785765,0.6148882374396751,,5.0
lithography,NSGA2,1,11,0.6614725340077625,0.6299832094395563,,3.0
lithography,NSGA2,1,12,0.6614725340077625,0.6303527424859456,,3.0
lithography,NSGA2,1,13,0.6645301124247323,0.640075487579637,,4.0
lithography,NSGA2,1,14,0.6645301124247323,0.6364150824825644,,4.0
lithography,NSGA2,1,15,0.6651134668669112,0.6523594407106128,,3.0
lithography,NSGA2,1,16,0.669078261838556,0.6473023382288094,,4.0
lithography,NSGA2,1,17,0.669078261838556,0.6550609249238241,,4.0
lithography,NSGA2,1,18,0.669078261838556,0.6535619194157647,,6.0
lithography,NSGA2,1,19,0.669078261838556,0.6537128845343159,,6.0
lithography,NSGA2,1,20,0.6692535859840398,0.658842997853581,,8.0
lithography,NSGA2,1,21,0.670221705721774,0.6622441143375153,,8.0
lithography,NSGA2,1,22,0.6705024343324018,0.6631090724810556,,12.0
lithography,NSGA2,1,23,0.6705024343324018,0.6616117775057427,,14.0
lithography,NSGA2,1,24,0.6705024343324018,0.6618493948841668,,26.0
lithography,NSGA2,1,25,0.6705024343324018,0.6619178904649319,,40.0
lithography,NSGA2,1,26,0.6705024343324018,0.6647191069117626,,57.0
lithography,NSGA2,1,27,0.6705024343324018,0.665010587681887,,80.0
lithography,NSGA2,1,28,0.6705024343324018,0.6649883105762882,,80.0
lithography,NSGA2,1,29,0.6705024343324018,0.6650614559034315,,80.0
lithography,NSGA2,1,30,0.6705024343324018,0.6652223759067759,,80.0
lithography,NSGA2,1,31,0.6705024343324018,0.665400226549577,,80.0
lithography,NSGA2,1,32,0.6705024343324018,0.6655399375384297,,80.0
lithography,NSGA2,1,33,0.6705024343324018,0.6657266353009829,,80.0
lithography,NSGA2,1,34,0.6705024343324018,0.6657863001333946,,80.0
lithography,NSGA2,1,35,0.6705024343324018,0.6659333427148166,,80.0
lithography,NSGA2,1,36,0.6705024343324018,0.6659999336309685,,80.0
lithography,NSGA2,1,37,0.6705024343324018,0.6661131396480722,,80.0
lithography,NSGA2,1,38,0.6705024343324018,0.6662313254584615,,80.0
lithography,NSGA2,1,39,0.6705024343324018,0.6664152997489825,,80.0
lithography,NSGA2,1,40,0.6705024343324018,0.6664892222577036,,80.0
lithography,NSGA2,1,41,0.6705024343324018,0.6666458891404554,,80.0
lithography,NSGA2,1,42,0.6705024343324018,0.666448359131723,,80.0
lithography,NSGA2,1,43,0.6705024343324018,0.6664937662878254,,80.0
lithography,NSGA2,1,44,0.6705024343324018,0.6666315309862239,,80.0
lithography,NSGA2,1,45,0.6705024343324018,0.6666680910225743,,80.0
lithography,NSGA2,1,46,0.6705024343324018,0.6666842697348956,,80.0
lithography,NSGA2,1,47,0.6705024343324018,0.6667277811094283,,80.0
lithography,NSGA2,1,48,0.6705024343324018,0.6669448900061699,,80.0
lithography,NSGA2,1,49,0.6705024343324018,0.6670330701912002,,80.0
lithography,NSGA2,1,50,0.6705024343324018,0.6672332231940425,,80.0
lithography,NSGA2,1,51,0.6705024343324018,0.6672401492777824,,80.0
lithography,NSGA2,1,52,0.6705024343324018,0.6670896060427506,,80.0
lithography,NSGA2,1,53,0.6705024343324018,0.667126166079101,,80.0
lithography,NSGA2,1,54,0.6705024343324018,0.66705224357038,,80.0
lithography,NSGA2,1,55,0.6705024343324018,0.6669856526542282,,80.0
lithography,NSGA2,1,56,0.6705024343324018,0.66704611992266,,80.0
lithography,NSGA2,1,57,0.6705024343324018,0.6669463944002879,,80.0
lithography,NSGA2,1,58,0.6705024343324018,0.6669463944002878,,80.0
lithography,NSGA2,1,59,0.6705024343324018,0.666702755277355,,80.0
lithography,NSGA2,1,60,0.6705024343324018,0.666782801433796,,80.0
lithography,NSGA2,1,61,0.6705024343324018,0.6667766777860762,,80.0
lithography,NSGA2,1,62,0.6705024343324018,0.6667258600734165,,80.0
lithography,NSGA2,1,63,0.6705024343324018,0.6666823992077683,,80.0
lithography,NSGA2,1,64,0.6705024343324018,0.6623066271414962,,80.0
lithography,NSGA2,1,65,0.6705024343324018,0.6632566700561275,,80.0
lithography,NSGA2,1,66,0.6705024343324018,0.6633340679640163,,80.0
lithography,NSGA2,1,67,0.6705024343324018,0.6633109884223972,,80.0
lithography,NSGA2,1,68,0.6705024343324018,0.6657734880486337,,80.0
lithography,NSGA2,1,69,0.6705024343324018,0.6656622283219843,,80.0
lithography,NSGA2,1,70,0.6705024343324018,0.6658473212124971,,80.0
lithography,NSGA2,1,71,0.6705024343324018,0.6657876563800853,,80.0
lithography,NSGA2,1,72,0.6705024343324018,0.6656309894973335,,80.0
lithography,NSGA2,1,73,0.6705024343324018,0.6656274888437235,,80.0
lithography,NSGA2,1,74,0.6705024343324018,0.6657244908940637,,80.0
lithography,NSGA2,1,75,0.6705024343324018,0.6656667470976638,,80.0
lithography,NSGA2,1,76,0.6705024343324018,0.6653617203771861,,80.0
lithography,NSGA2,1,77,0.6705024343324018,0.6650246523960375,,80.0
lithography,NSGA2,1,78,0.6705024343324018,0.6651216797008199,,80.0
lithography,NSGA2,1,79,0.6705024343324018,0.6650246776504798,,80.0
lithography,NSGA2,1,80,0.6705024343324018,0.6650620401228504,,80.0
lithography,NSGA2,1,81,0.6705024343324018,0.6650593166508182,,80.0
lithography,NSGA2,1,82,0.6705024343324018,0.6646484155058061,,80.0
lithography,NSGA2,1,83,0.6705024343324018,0.6642261420398887,,80.0
lithography,NSGA2,1,84,0.6705024343324018,0.6601085971032981,,80.0
lithography,NSGA2,1,85,0.6705024343324018,0.6597831638043489,,80.0
lithography,NSGA2,1,86,0.6705024343324018,0.655651826042695,,80.0
lithography,NSGA2,1,87,0.6705024343324018,0.6552828314001754,,80.0
lithography,NSGA2,1,88,0.6705024343324018,0.6552435478917926,,80.0
lithography,NSGA2,1,89,0.6705024343324018,0.6541058064238385,,80.0
lithography,NSGA2,1,90,0.6705024343324018,0.6535979032284863,,80.0
lithography,NSGA2,1,91,0.6705024343324018,0.6531727444071649,,80.0
lithography,NSGA2,1,92,0.6705024343324018,0.653196634838827,,80.0
lithography,NSGA2,1,93,0.6705024343324018,0.6532151150234539,,80.0
lithography,NSGA2,1,94,0.6705024343324018,0.6530810128620373,,80.0
lithography,NSGA2,1,95,0.6705024343324018,0.6488663906516268,,80.0
lithography,NSGA2,1,96,0.6705024343324018,0.6489105698478648,,80.0
lithography,NSGA2,1,97,0.6705024343324018,0.649710847268948,,80.0
lithography,NSGA2,1,98,0.6705024343324018,0.6504283632060586,,80.0
lithography,NSGA2,1,99,0.6705024343324018,0.6503912378405398,,80.0
lithography,NSGA2,1,100,0.6705024343324018,0.6463330201515868,,80.0
lithography,NSGA2,1,101,0.6705024343324018,0.6421339813278122,,80.0
lithography,NSGA2,1,102,0.6705024343324018,0.6428014738437826,,80.0
lithography,NSGA2,1,103,0.6705024343324018,0.6353294595847289,,80.0
lithography,NSGA2,1,104,0.6705024343324018,0.6310535844702856,,80.0
lithography,NSGA2,1,105,0.6705024343324018,0.6305672061438744,,80.0
lithography,NSGA2,1,106,0.6705024343324018,0.6268887401201405,,80.0
lithography,NSGA2,1,107,0.6705024343324018,0.6307620211345977,,80.0
lithography,NSGA2,1,108,0.6705024343324018,0.630798581170948,,80.0
lithography,NSGA2,1,109,0.6705024343324018,0.6304904842021916,,80.0
lithography,NSGA2,1,110,0.6705024343324018,0.6272572030935388,,80.0
lithography,NSGA2,1,111,0.6705024343324018,0.6270029688312786,,80.0
lithography,NSGA2,1,112,0.6705024343324018,0.6272662957741655,,80.0
lithography,NSGA2,1,113,0.6705024343324018,0.6230275207707987,,80.0
lithography,NSGA2,1,114,0.6705024343324018,0.6269170564585067,,80.0
lithography,NSGA2,1,115,0.6705024343324018,0.6273152798543298,,80.0
lithography,NSGA2,1,116,0.6705024343324018,0.6280416429111924,,80.0
lithography,NSGA2,1,117,0.6705024343324018,0.6277739537181652,,80.0
lithography,NSGA2,1,118,0.6705024343324018,0.627422717405565,,80.0
lithography,NSGA2,1,119,0.6705024343324018,0.6272751432034397,,80.0
lithography,NSGA2,1,120,0.6705024343324018,0.6273125056758104,,80.0
lithography,NSGA2,1,121,0.6705024343324018,0.6276510389847794,,80.0
lithography,NSGA2,1,122,0.6705024343324018,0.6355817605066115,,80.0
lithography,NSGA2,1,123,0.6705024343324018,0.6392871538113434,,80.0
lithography,NSGA2,1,124,0.6705024343324018,0.6351827433306872,,80.0
lithography,NSGA2,1,125,0.6705024343324018,0.6354735123748556,,80.0
lithography,NSGA2,1,126,0.6705024343324018,0.6317076686021114,,80.0
lithography,NSGA2,1,127,0.6705024343324018,0.6317582488983972,,80.0
lithography,NSGA2,1,128,0.6705024343324018,0.6356680736602035,,80.0
lithography,NSGA2,1,129,0.6705024343324018,0.6355479668138022,,80.0
lithography,NSGA2,1,130,0.6705024343324018,0.6353668775691629,,80.0
lithography,NSGA2,1,131,0.6705024343324018,0.6312259155061792,,80.0
lithography,NSGA2,1,132,0.6705024343324018,0.6239679648405081,,80.0
lithography,NSGA2,1,133,0.6705024343324018,0.6275078522872367,,80.0
lithography,NSGA2,1,134,0.6705024343324018,0.6318285944830564,,80.0
lithography,NSGA2,1,135,0.6705024343324018,0.632129790574097,,80.0
lithography,NSGA2,1,136,0.6705024343324018,0.6278547263496967,,80.0
lithography,NSGA2,1,137,0.6705024343324018,0.6356414253390233,,80.0
lithography,NSGA2,1,138,0.6705024343324018,0.6315697524097812,,80.0
lithography,NSGA2,1,139,0.6705024343324018,0.6270910260749059,,80.0
lithography,NSGA2,1,140,0.6705024343324018,0.631523568072101,,80.0
lithography,NSGA2,1,141,0.6705024343324018,0.631406506219536,,80.0
lithography,NSGA2,1,142,0.6705024343324018,0.635061867756731,,80.0
lithography,NSGA2,1,143,0.6705024343324018,0.6351462002023825,,80.0
lithography,NSGA2,1,144,0.6705024343324018,0.6352066422163721,,80.0
lithography,NSGA2,1,145,0.6705024343324018,0.631306671027769,,80.0
lithography,NSGA2,1,146,0.6705024343324018,0.6354014487530724,,80.0
lithography,NSGA2,1,147,0.6705024343324018,0.6352439962347198,,80.0
lithography,NSGA2,1,148,0.6705024343324018,0.6281478777570056,,80.0
lithography,NSGA2,1,149,0.6705024343324018,0.6275146945750688,,80.0
lithography,NSGA2,1,150,0.6705024343324018,0.6323163074852355,,80.0
lithography,NSGA2,1,151,0.6705024343324018,0.627967320752114,,80.0
lithography,NSGA2,1,152,0.6705024343324018,0.636105256054041,,80.0
lithography,NSGA2,1,153,0.6705024343324018,0.6321494588069637,,80.0
lithography,NSGA2,1,154,0.6705024343324018,0.6317466023456834,,80.0
lithography,NSGA2,1,155,0.6705024343324018,0.63169960711796,,80.0
lithography,NSGA2,1,156,0.6705024343324018,0.6315883392468102,,80.0
lithography,NSGA2,1,157,0.6705024343324018,0.6275540372439614,,80.0
lithography,NSGA2,1,158,0.6705024343324018,0.6235100772313179,,80.0
lithography,NSGA2,1,159,0.6705024343324018,0.6237681336689923,,80.0
lithography,NSGA2,1,160,0.6705024343324018,0.6274608573690357,,80.0
lithography,NSGA2,1,161,0.6705024343324018,0.6271835435651564,,80.0
lithography,NSGA2,1,162,0.6705024343324018,0.6230052105757793,,80.0
lithography,NSGA2,1,163,0.6705024343324018,0.626965623778372,,80.0
lithography,NSGA2,1,164,0.6705024343324018,0.6391706241985261,,80.0
lithography,NSGA2,1,165,0.6705024343324018,0.6347149855497702,,80.0
lithography,NSGA2,1,166,0.6705024343324018,0.6356501504583484,,80.0
lithography,NSGA2,1,167,0.6705024343324018,0.6315927352054156,,80.0
lithography,NSGA2,1,168,0.6705024343324018,0.6313473480629073,,80.0
lithography,NSGA2,1,169,0.6705024343324018,0.6313971256136506,,80.0
lithography,NSGA2,1,170,0.6705024343324018,0.6311652108213732,,80.0
lithography,NSGA2,1,171,0.6705024343324018,0.6277462411110891,,80.0
lithography,NSGA2,1,172,0.6705024343324018,0.6277962813326488,,80.0
lithography,NSGA2,1,173,0.6705024343324018,0.6311878007971508,,80.0
lithography,NSGA2,1,174,0.6705024343324018,0.6319141638540134,,80.0
lithography,NSGA2,1,175,0.6705024343324018,0.6276779915202194,,80.0
lithography,NSGA2,1,176,0.6705024343324018,0.6318293890840982,,80.0
lithography,NSGA2,1,177,0.6705024343324018,0.6277249948924434,,80.0
lithography,NSGA2,1,178,0.6705024343324018,0.6355586809649927,,80.0
lithography,NSGA2,1,179,0.6705024343324018,0.6353415468138088,,80.0
lithography,NSGA2,1,180,0.6705024343324018,0.6353885420415322,,80.0
lithography,NSGA2,1,181,0.6705024343324018,0.6353281000275426,,80.0
lithography,NSGA2,1,182,0.6705024343324018,0.6351200753574049,,80.0
lithography,NSGA2,1,183,0.6705024343324018,0.6355317455394942,,80.0
lithography,NSGA2,1,184,0.6705024343324018,0.6359665037172254,,80.0
lithography,NSGA2,1,185,0.6705024343324018,0.6358225145836627,,80.0
lithography,NSGA2,1,186,0.6705024343324018,0.6360313335453198,,80.0
lithography,NSGA2,1,187,0.6705024343324018,0.6364430121814321,,80.0
lithography,NSGA2,1,188,0.6705024343324018,0.6361291383412023,,80.0
lithography,NSGA2,1,189,0.6705024343324018,0.6358001959346203,,80.0
lithography,NSGA2,1,190,0.6705024343324018,0.6356891570258215,,80.0
lithography,NSGA2,1,191,0.6705024343324018,0.6316347949112256,,80.0
lithography,NSGA2,1,192,0.6705024343324018,0.6314399880650031,,80.0
lithography,NSGA2,1,193,0.6705024343324018,0.6232050254582939,,80.0
lithography,NSGA2,1,194,0.6705024343324018,0.6275166749734868,,80.0
lithography,NSGA2,1,195,0.6705024343324018,0.6276576275672362,,80.0
lithography,NSGA2,1,196,0.6705024343324018,0.6272401468052083,,80.0
lithography,NSGA2,1,197,0.6705024343324018,0.6233072091028401,,80.0
lithography,NSGA2,1,198,0.6705024343324018,0.6270862706994993,,80.0
lithography,NSGA2,1,199,0.6705024343324018,0.6274105800406242,,80.0
lithography,NSGA2,1,200,0.6705024343324018,0.6311398719215185,,80.0
lithography,NSGA2,2,0,0.6440853039690022,0.3840039743914777,,4.0
lithography,NSGA2,2,1,0.6440853039690022,0.48207222635473157,,5.0
lithography,NSGA2,2,2,0.6521677008394215,0.5186104991315124,,4.0
lithography,NSGA2,2,3,0.6521677008394215,0.5323049211746003,,5.0
lithography,NSGA2,2,4,0.6521677008394215,0.552033879488194,,6.0
lithography,NSGA2,2,5,0.653199702874634,0.5652086260250055,,3.0
lithography,NSGA2,2,6,0.663058905008344,0.5678633826179278,,4.0
lithography,NSGA2,2,7,0.663058905008344,0.5860419247850689,,5.0
lithography,NSGA2,2,8,0.663058905008344,0.5804897544501241,,7.0
lithography,NSGA2,2,9,0.6645952595803233,0.5690832813935138,,5.0
lithography,NSGA2,2,10,0.6664839896632853,0.5857993588653043,,6.0
lithography,NSGA2,2,11,0.6674800046273085,0.6165826373359087,,6.0
lithography,NSGA2,2,12,0.6689619429079408,0.6297448725643621,,6.0
lithography,NSGA2,2,13,0.6704828079404598,0.6248938124882917,,5.0
lithography,NSGA2,2,14,0.6704828079404598,0.6122144068611014,,4.0
lithography,NSGA2,2,15,0.6704828079404598,0.6205434666927466,,5.0
lithography,NSGA2,2,16,0.6725169658763969,0.6358826484875139,,7.0
lithography,NSGA2,2,17,0.6725169658763969,0.6356458042685285,,9.0
lithography,NSGA2,2,18,0.6725169658763969,0.6353621362816684,,15.0
lithography,NSGA2,2,19,0.6725169658763969,0.6281088839222109,,24.0
lithography,NSGA2,2,20,0.6725169658763969,0.6337761545871587,,40.0
lithography,NSGA2,2,21,0.6725169658763969,0.6439559293925987,,60.0
lithography,NSGA2,2,22,0.6725169658763969,0.6498609562207752,,80.0
lithography,NSGA2,2,23,0.6725169658763969,0.6464103051523434,,80.0
lithography,NSGA2,2,24,0.6725169658763969,0.6431186457611032,,80.0
lithography,NSGA2,2,25,0.6725169658763969,0.6391003037523644,,80.0
lithography,NSGA2,2,26,0.6725169658763969,0.6395894729655287,,80.0
lithography,NSGA2,2,27,0.6725169658763969,0.6396894992435331,,80.0
lithography,NSGA2,2,28,0.6725169658763969,0.639956401644796,,80.0
lithography,NSGA2,2,29,0.6725169658763969,0.640264887224577,,80.0
lithography,NSGA2,2,30,0.6725169658763969,0.6406642629593182,,80.0
lithography,NSGA2,2,31,0.6725169658763969,0.6397075266583281,,80.0
lithography,NSGA2,2,32,0.6725169658763969,0.6320699946537818,,80.0
lithography,NSGA2,2,33,0.6725169658763969,0.6288103711908758,,80.0
lithography,NSGA2,2,34,0.6725169658763969,0.6299493092741025,,80.0
lithography,NSGA2,2,35,0.6725169658763969,0.6302523856945477,,80.0
lithography,NSGA2,2,36,0.6728548724106986,0.6340082123833988,,80.0
lithography,NSGA2,2,37,0.6728548724106986,0.6337334255360693,,80.0
lithography,NSGA2,2,38,0.6728548724106986,0.6341881314873402,,80.0
lithography,NSGA2,2,39,0.6728548724106986,0.6312000708162462,,80.0
lithography,NSGA2,2,40,0.6728548724106986,0.6280505431812295,,80.0
lithography,NSGA2,2,41,0.6728548724106986,0.6319573138515093,,80.0
lithography,NSGA2,2,42,0.6728548724106986,0.628301560005955,,80.0
lithography,NSGA2,2,43,0.6728548724106986,0.619455842064371,,80.0
lithography,NSGA2,2,44,0.6728548724106986,0.6192772576309618,,80.0
lithography,NSGA2,2,45,0.6728548724106986,0.6234328993607005,,80.0
lithography,NSGA2,2,46,0.6728548724106986,0.6192597895064487,,80.0
lithography,NSGA2,2,47,0.6728548724106986,0.6193582134524495,,80.0
lithography,NSGA2,2,48,0.6728548724106986,0.6156779334257502,,80.0
lithography,NSGA2,2,49,0.6728548724106986,0.6114516179866735,,80.0
lithography,NSGA2,2,50,0.6728548724106986,0.6158677997474703,,80.0
lithography,NSGA2,2,51,0.6728548724106986,0.6117334993188972,,80.0
lithography,NSGA2,2,52,0.6728548724106986,0.6076459591113901,,80.0
lithography,NSGA2,2,53,0.6728548724106986,0.6117802595399631,,80.0
lithography,NSGA2,2,54,0.6728548724106986,0.6162948652467606,,80.0
lithography,NSGA2,2,55,0.6728548724106986,0.6116574164502232,,80.0
lithography,NSGA2,2,56,0.6728548724106986,0.6115495057261521,,80.0
lithography,NSGA2,2,57,0.6728548724106986,0.607977136423524,,80.0
lithography,NSGA2,2,58,0.6728548724106986,0.6123337036639986,,80.0
lithography,NSGA2,2,59,0.6728548724106986,0.6165489599140594,,80.0
lithography,NSGA2,2,60,0.6728548724106986,0.620445061388901,,80.0
lithography,NSGA2,2,61,0.6728548724106986,0.620130815994758,,80.0
lithography,NSGA2,2,62,0.6743116993750307,0.6242922370066795,,80.0
lithography,NSGA2,2,63,0.6743116993750307,0.6283409677885081,,80.0
lithography,NSGA2,2,64,0.6743116993750307,0.6290609373807758,,80.0
lithography,NSGA2,2,65,0.6743116993750307,0.6291594181390334,,80.0
lithography,NSGA2,2,66,0.6743116993750307,0.629187168375696,,80.0
lithography,NSGA2,2,67,0.6743116993750307,0.6328301749593999,,80.0
lithography,NSGA2,2,68,0.6743116993750307,0.6291553040920366,,80.0
lithography,NSGA2,2,69,0.6743116993750307,0.6252527572534357,,80.0
lithography,NSGA2,2,70,0.6743116993750307,0.6293029531416383,,80.0
lithography,NSGA2,2,71,0.6743116993750307,0.6335675417998715,,80.0
lithography,NSGA2,2,72,0.6743116993750307,0.6376589551840315,,80.0
lithography,NSGA2,2,73,0.6743116993750307,0.6372508229156282,,80.0
lithography,NSGA2,2,74,0.6743116993750307,0.6374730897275299,,80.0
lithography,NSGA2,2,75,0.6743116993750307,0.637233482479681,,80.0
lithography,NSGA2,2,76,0.6743116993750307,0.6408541479860583,,80.0
lithography,NSGA2,2,77,0.6743116993750307,0.6364911718100865,,80.0
lithography,NSGA2,2,78,0.6743116993750307,0.6365284452530818,,80.0
lithography,NSGA2,2,79,0.6743116993750307,0.6325403287677366,,80.0
lithography,NSGA2,2,80,0.6743116993750307,0.6284155151172339,,80.0
lithography,NSGA2,2,81,0.6743116993750307,0.6284155151172339,,80.0
lithography,NSGA2,2,82,0.6743116993750307,0.6327213780836809,,80.0
lithography,NSGA2,2,83,0.6743116993750307,0.6330888290626492,,80.0
lithography,NSGA2,2,84,0.6743116993750307,0.6327427193848466,,80.0
lithography,NSGA2,2,85,0.6743116993750307,0.6364229994115458,,80.0
lithography,NSGA2,2,86,0.6743116993750307,0.6285433952766155,,80.0
lithography,NSGA2,2,87,0.6743116993750307,0.6280521014317465,,80.0
lithography,NSGA2,2,88,0.6743116993750307,0.6283338528889161,,80.0
lithography,NSGA2,2,89,0.6743116993750307,0.6282742383685941,,80.0
lithography,NSGA2,2,90,0.6743116993750307,0.6285671424615715,,80.0
lithography,NSGA2,2,91,0.6743116993750307,0.6280360394148626,,80.0
lithography,NSGA2,2,92,0.6743116993750307,0.6321210438635255,,80.0
lithography,NSGA2,2,93,0.6743116993750307,0.6283970814583338,,80.0
lithography,NSGA2,2,94,0.6743116993750307,0.6287496000716335,,80.0
lithography,NSGA2,2,95,0.6743116993750307,0.6329275828786989,,80.0
lithography,NSGA2,2,96,0.6743116993750307,0.6326704506940803,,80.0
lithography,NSGA2,2,97,0.6743116993750307,0.6370199960390198,,80.0
lithography,NSGA2,2,98,0.6743116993750307,0.6322370486995392,,80.0
lithography,NSGA2,2,99,0.6743116993750307,0.6284297948428277,,80.0
lithography,NSGA2,2,100,0.6743116993750307,0.6287599723788004,,80.0
lithography,NSGA2,2,101,0.6743116993750307,0.6288614741673746,,80.0
lithography,NSGA2,2,102,0.6743116993750307,0.6246780822009732,,80.0
lithography,NSGA2,2,103,0.6743116993750307,0.6290545824484962,,80.0
lithography,NSGA2,2,104,0.6743116993750307,0.6293174006747787,,80.0
lithography,NSGA2,2,105,0.6743116993750307,0.6293174006747788,,80.0
lithography,NSGA2,2,106,0.6743116993750307,0.6293610830532711,,80.0
lithography,NSGA2,2,107,0.6743116993750307,0.6295468186347186,,80.0
lithography,NSGA2,2,108,0.6743116993750307,0.6295650289717727,,80.0
lithography,NSGA2,2,109,0.6743116993750307,0.6334079612900515,,80.0
lithography,NSGA2,2,110,0.6743116993750307,0.6298974847029701,,80.0
lithography,NSGA2,2,111,0.6743116993750307,0.6342080339349201,,80.0
lithography,NSGA2,2,112,0.6743116993750307,0.6339556812563234,,80.0
lithography,NSGA2,2,113,0.6743116993750307,0.6340396956016765,,80.0
lithography,NSGA2,2,114,0.6743116993750307,0.6302998010546551,,80.0
lithography,NSGA2,2,115,0.6743116993750307,0.6260217815653897,,80.0
lithography,NSGA2,2,116,0.6743116993750307,0.6261256914242423,,80.0
lithography,NSGA2,2,117,0.6743116993750307,0.6259399558427948,,80.0
lithography,NSGA2,2,118,0.6743116993750307,0.6220993017197405,,80.0
lithography,NSGA2,2,119,0.6743116993750307,0.6260018485583415,,80.0
lithography,NSGA2,2,120,0.6743116993750307,0.621604007009653,,80.0
lithography,NSGA2,2,121,0.6743116993750307,0.6252683548945225,,80.0
lithography,NSGA2,2,122,0.6743116993750307,0.6335187812203255,,80.0
lithography,NSGA2,2,123,0.6743116993750307,0.6297201249218689,,80.0
lithography,NSGA2,2,124,0.6743116993750307,0.6336027387534218,,80.0
lithography,NSGA2,2,125,0.6743116993750307,0.6331947363600726,,80.0
lithography,NSGA2,2,126,0.6743116993750307,0.6336693751692791,,80.0
lithography,NSGA2,2,127,0.6743116993750307,0.6339409379610909,,80.0
lithography,NSGA2,2,128,0.6743116993750307,0.6383571197218878,,80.0
lithography,NSGA2,2,129,0.6743116993750307,0.6345997570503533,,80.0
lithography,NSGA2,2,130,0.6743116993750307,0.6341711555683797,,80.0
lithography,NSGA2,2,131,0.6743116993750307,0.630287818842994,,80.0
lithography,NSGA2,2,132,0.6743116993750307,0.6307465255103708,,80.0
lithography,NSGA2,2,133,0.6743116993750307,0.6345499061904297,,80.0
lithography,NSGA2,2,134,0.6743116993750307,0.6421351411260083,,80.0
lithography,NSGA2,2,135,0.6743116993750307,0.6383868357080426,,80.0
lithography,NSGA2,2,136,0.6743116993750307,0.6385908921828901,,80.0
lithography,NSGA2,2,137,0.6743116993750307,0.6342915313924589,,80.0
lithography,NSGA2,2,138,0.6743116993750307,0.6382607146469171,,80.0
lithography,NSGA2,2,139,0.6743116993750307,0.6382607146469172,,80.0
lithography,NSGA2,2,140,0.6743116993750307,0.6336293604100003,,80.0
lithography,NSGA2,2,141,0.6743116993750307,0.6298028964400734,,80.0
lithography,NSGA2,2,142,0.6743116993750307,0.6257891609060158,,80.0
lithography,NSGA2,2,143,0.6743116993750307,0.6291660712920517,,80.0
lithography,NSGA2,2,144,0.6743116993750307,0.6251396815875498,,80.0
lithography,NSGA2,2,145,0.6743116993750307,0.6290422284261508,,80.0
lithography,NSGA2,2,146,0.6743116993750307,0.6331447009993265,,80.0
lithography,NSGA2,2,147,0.6743116993750307,0.6410577054005995,,80.0
lithography,NSGA2,2,148,0.6743116993750307,0.6412285086163784,,80.0
lithography,NSGA2,2,149,0.6743116993750307,0.6415586861523512,,80.0
lithography,NSGA2,2,150,0.6743116993750307,0.641838844814581,,80.0
lithography,NSGA2,2,151,0.6743116993750307,0.6382451342107872,,80.0
lithography,NSGA2,2,152,0.6743116993750307,0.6385436898973819,,80.0
lithography,NSGA2,2,153,0.6743116993750307,0.6380984140610375,,80.0
lithography,NSGA2,2,154,0.6743116993750307,0.6380205892036612,,80.0
lithography,NSGA2,2,155,0.6743116993750307,0.6341499066487197,,80.0
lithography,NSGA2,2,156,0.6743116993750307,0.6341904580631005,,80.0
lithography,NSGA2,2,157,0.6743116993750307,0.633803796970917,,80.0
lithography,NSGA2,2,158,0.6743116993750307,0.6297408567172529,,80.0
lithography,NSGA2,2,159,0.6743116993750307,0.6257517404557464,,80.0
lithography,NSGA2,2,160,0.6743116993750307,0.6332813617362215,,80.0
lithography,NSGA2,2,161,0.6743116993750307,0.6296210147165705,,80.0
lithography,NSGA2,2,162,0.6743116993750307,0.6338298620311342,,80.0
lithography,NSGA2,2,163,0.6743116993750307,0.6298701087424897,,80.0
lithography,NSGA2,2,164,0.6743116993750307,0.6259811584156864,,80.0
lithography,NSGA2,2,165,0.6743116993750307,0.6258359742486197,,80.0
lithography,NSGA2,2,166,0.6743116993750307,0.6422947171389517,,80.0
lithography,NSGA2,2,167,0.6743116993750307,0.6381398176217543,,80.0
lithography,NSGA2,2,168,0.6743116993750307,0.6380375204991008,,80.0
lithography,NSGA2,2,169,0.6743116993750307,0.6376660686549142,,80.0
lithography,NSGA2,2,170,0.6743116993750307,0.6380121419044544,,80.0
lithography,NSGA2,2,171,0.6743116993750307,0.6377391708185252,,80.0
lithography,NSGA2,2,172,0.6743116993750307,0.633604870389952,,80.0
lithography,NSGA2,2,173,0.6743116993750307,0.6335009605310994,,80.0
lithography,NSGA2,2,174,0.6743116993750307,0.6332524794652183,,80.0
lithography,NSGA2,2,175,0.6743116993750307,0.6332897529082138,,80.0
lithography,NSGA2,2,176,0.6743116993750307,0.6338311380670723,,80.0
lithography,NSGA2,2,177,0.6743116993750307,0.633627747673801,,80.0
lithography,NSGA2,2,178,0.6743116993750307,0.6294514875367296,,80.0
lithography,NSGA2,2,179,0.6743116993750307,0.6334206514724798,,80.0
lithography,NSGA2,2,180,0.6743116993750307,0.6327054980207689,,80.0
lithography,NSGA2,2,181,0.6743116993750307,0.6365104162474484,,80.0
lithography,NSGA2,2,182,0.6743116993750307,0.636466733868956,,80.0
lithography,NSGA2,2,183,0.6743116993750307,0.6364826660107857,,80.0
lithography,NSGA2,2,184,0.6743116993750307,0.6379899113834735,,80.0
lithography,NSGA2,2,185,0.6743116993750307,0.6382167920206319,,80.0
lithography,NSGA2,2,186,0.6743116993750307,0.6384184597439091,,80.0
lithography,NSGA2,2,187,0.6743116993750307,0.6379945252087301,,80.0
lithography,NSGA2,2,188,0.6743116993750307,0.6347754531602051,,80.0
lithography,NSGA2,2,189,0.6743116993750307,0.6297600668304681,,80.0
lithography,NSGA2,2,190,0.6743116993750307,0.6376890033735707,,80.0
lithography,NSGA2,2,191,0.6743116993750307,0.6377745730203153,,80.0
lithography,NSGA2,2,192,0.6743116993750307,0.6379944317619384,,80.0
lithography,NSGA2,2,193,0.6743116993750307,0.6376642542259656,,80.0
lithography,NSGA2,2,194,0.6743116993750307,0.6336472745460181,,80.0
lithography,NSGA2,2,195,0.6743116993750307,0.6301520447004819,,80.0
lithography,NSGA2,2,196,0.6743116993750307,0.6343594269086715,,80.0
lithography,NSGA2,2,197,0.6743116993750307,0.6341172270897216,,80.0
lithography,NSGA2,2,198,0.6743116993750307,0.633851350339574,,80.0
lithography,NSGA2,2,199,0.6743116993750307,0.6335457920761522,,80.0
lithography,NSGA2,2,200,0.6743116993750307,0.6293495989320327,,80.0
lithography,NSGA2,3,0,0.639545234179569,0.3736453435406135,,3.0
lithography,NSGA2,3,1,0.6488438855025734,0.49925949757907373,,3.0
lithography,NSGA2,3,2,0.6488438855025734,0.5493981108543056,,4.0
lithography,NSGA2,3,3,0.6553587090468256,0.5611392283156743,,3.0
lithography,NSGA2,3,4,0.6553587090468256,0.5739625846688605,,3.0
lithography,NSGA2,3,5,0.6553587090468256,0.5798743755325603,,3.0
lithography,NSGA2,3,6,0.6558850512694251,0.592347929843395,,3.0
lithography,NSGA2,3,7,0.6641226960313018,0.6106016414541812,,4.0
lithography,NSGA2,3,8,0.6641226960313018,0.6078776329000959,,5.0
lithography,NSGA2,3,9,0.6688748994531991,0.6235109816546752,,3.0
lithography,NSGA2,3,10,0.6688748994531991,0.6347975507698104,,4.0
lithography,NSGA2,3,11,0.6690557113878303,0.6307457102845337,,5.0
lithography,NSGA2,3,12,0.6712510503111323,0.6275843456122034,,7.0
lithography,NSGA2,3,13,0.6712510503111323,0.6204676021739001,,8.0
lithography,NSGA2,3,14,0.6712510503111323,0.6013926344481831,,7.0
lithography,NSGA2,3,15,0.6712510503111323,0.5913214713677066,,9.0
lithography,NSGA2,3,16,0.671965388522259,0.5950320652703237,,9.0
lithography,NSGA2,3,17,0.672498512706017,0.6174739580078142,,10.0
lithography,NSGA2,3,18,0.672498512706017,0.6283597661343336,,12.0
lithography,NSGA2,3,19,0.672498512706017,0.6180642498097738,,11.0
lithography,NSGA2,3,20,0.672498512706017,0.620889101760788,,15.0
lithography,NSGA2,3,21,0.672498512706017,0.6379784571543099,,20.0
lithography,NSGA2,3,22,0.672498512706017,0.6413312406626218,,33.0
lithography,NSGA2,3,23,0.672498512706017,0.6459084003583685,,50.0
lithography,NSGA2,3,24,0.672498512706017,0.6535148958090797,,68.0
lithography,NSGA2,3,25,0.6726625187492992,0.661686171908773,,80.0
lithography,NSGA2,3,26,0.6726625187492992,0.6573682732376623,,80.0
lithography,NSGA2,3,27,0.6726625187492992,0.657327931660198,,80.0
lithography,NSGA2,3,28,0.6726625187492992,0.6574358128447821,,80.0
lithography,NSGA2,3,29,0.6726625187492992,0.6532078760567549,,80.0
lithography,NSGA2,3,30,0.6726625187492992,0.6522624625307442,,80.0
lithography,NSGA2,3,31,0.6726625187492992,0.6480096928583049,,80.0
lithography,NSGA2,3,32,0.6726625187492992,0.6439530674872372,,80.0
lithography,NSGA2,3,33,0.6726625187492992,0.6399189553185428,,80.0
lithography,NSGA2,3,34,0.6726625187492992,0.6321223436208392,,80.0
lithography,NSGA2,3,35,0.6726625187492992,0.6324465171639247,,80.0
lithography,NSGA2,3,36,0.6726625187492992,0.6288330875663433,,80.0
lithography,NSGA2,3,37,0.6726625187492992,0.6252061972409066,,80.0
lithography,NSGA2,3,38,0.6726625187492992,0.61739224169424,,80.0
lithography,NSGA2,3,39,0.6726625187492992,0.6169221196079396,,80.0
lithography,NSGA2,3,40,0.6726625187492992,0.6205917166560841,,80.0
lithography,NSGA2,3,41,0.6726625187492992,0.6203529110952096,,80.0
lithography,NSGA2,3,42,0.6726625187492992,0.6204090785457728,,80.0
lithography,NSGA2,3,43,0.6726625187492992,0.6205731271809201,,80.0
lithography,NSGA2,3,44,0.6726625187492992,0.6207237150882122,,80.0
lithography,NSGA2,3,45,0.6726625187492992,0.6130940016970273,,80.0
lithography,NSGA2,3,46,0.6726625187492992,0.6090508370538148,,80.0
lithography,NSGA2,3,47,0.6726625187492992,0.609395204117235,,80.0
lithography,NSGA2,3,48,0.6726625187492992,0.6050570664625848,,80.0
lithography,NSGA2,3,49,0.6726625187492992,0.6009711950966644,,80.0
lithography,NSGA2,3,50,0.6726625187492992,0.605264351809773,,80.0
lithography,NSGA2,3,51,0.6726625187492992,0.6047942297234725,,80.0
lithography,NSGA2,3,52,0.6726625187492992,0.6045059846474107,,80.0
lithography,NSGA2,3,53,0.6726625187492992,0.6116767169981117,,80.0
lithography,NSGA2,3,54,0.6726625187492992,0.6153822879764846,,80.0
lithography,NSGA2,3,55,0.6726625187492992,0.6274174475186992,,80.0
lithography,NSGA2,3,56,0.6726625187492992,0.6318117526239124,,80.0
lithography,NSGA2,3,57,0.6726625187492992,0.628056787593557,,80.0
lithography,NSGA2,3,58,0.6726625187492992,0.6233338958348175,,80.0
lithography,NSGA2,3,59,0.6726625187492992,0.6276922270098023,,80.0
lithography,NSGA2,3,60,0.6726625187492992,0.6238040179211177,,80.0
lithography,NSGA2,3,61,0.6726625187492992,0.6160433801536427,,80.0
lithography,NSGA2,3,62,0.6726625187492992,0.61338441655659,,80.0
lithography,NSGA2,3,63,0.6726625187492992,0.6129091251168797,,80.0
lithography,NSGA2,3,64,0.6726625187492992,0.6128035636143341,,80.0
lithography,NSGA2,3,65,0.6726625187492992,0.6131681241980887,,80.0
lithography,NSGA2,3,66,0.6726625187492992,0.6126754889094153,,80.0
lithography,NSGA2,3,67,0.6726625187492992,0.6089407173993944,,80.0
lithography,NSGA2,3,68,0.6726625187492992,0.6140866568744904,,80.0
lithography,NSGA2,3,69,0.6726625187492992,0.6217725377162382,,80.0
lithography,NSGA2,3,70,0.6726625187492992,0.6214281706528181,,80.0
lithography,NSGA2,3,71,0.6726625187492992,0.6211714912536476,,80.0
lithography,NSGA2,3,72,0.6726625187492992,0.6251360613132297,,80.0
lithography,NSGA2,3,73,0.6726625187492992,0.6292915608575684,,80.0
lithography,NSGA2,3,74,0.6726625187492992,0.6327298007741861,,80.0
lithography,NSGA2,3,75,0.6726625187492992,0.6325201957449593,,80.0
lithography,NSGA2,3,76,0.6726625187492992,0.6284702577031662,,80.0
lithography,NSGA2,3,77,0.6726625187492992,0.6282568150160365,,80.0
lithography,NSGA2,3,78,0.6726625187492992,0.6247489469210006,,80.0
lithography,NSGA2,3,79,0.6726625187492992,0.6205119576584552,,80.0
lithography,NSGA2,3,80,0.6726625187492992,0.61586306172537,,80.0
lithography,NSGA2,3,81,0.6726625187492992,0.615772478926544,,80.0
lithography,NSGA2,3,82,0.6726625187492992,0.6200252485989831,,80.0
lithography,NSGA2,3,83,0.6726625187492992,0.6123191742369006,,80.0
lithography,NSGA2,3,84,0.6726625187492992,0.6165561634994461,,80.0
lithography,NSGA2,3,85,0.6726625187492992,0.6121484382724788,,80.0
lithography,NSGA2,3,86,0.6726625187492992,0.6122136581975599,,80.0
lithography,NSGA2,3,87,0.6726625187492992,0.6169096691066903,,80.0
lithography,NSGA2,3,88,0.6726625187492992,0.6170512045394643,,80.0
lithography,NSGA2,3,89,0.6726625187492992,0.6213735617842205,,80.0
lithography,NSGA2,3,90,0.6726625187492992,0.6250454785144038,,80.0
lithography,NSGA2,3,91,0.6726625187492992,0.6289538811234229,,80.0
lithography,NSGA2,3,92,0.6726625187492992,0.6251510400169493,,80.0
lithography,NSGA2,3,93,0.6726625187492992,0.6291650041285142,,80.0
lithography,NSGA2,3,94,0.6726625187492992,0.6253875258957853,,80.0
lithography,NSGA2,3,95,0.6726625187492992,0.6212925614492457,,80.0
lithography,NSGA2,3,96,0.6726625187492992,0.6174134048350792,,80.0
lithography,NSGA2,3,97,0.6726625187492992,0.6176522103959539,,80.0
lithography,NSGA2,3,98,0.6726625187492992,0.6132602249727792,,80.0
lithography,NSGA2,3,99,0.6726625187492992,0.6129383256485276,,80.0
lithography,NSGA2,3,100,0.6726625187492992,0.6167388470729623,,80.0
lithography,NSGA2,3,101,0.6726625187492992,0.6166198248425616,,80.0
lithography,NSGA2,3,102,0.6726625187492992,0.6084250389190147,,80.0
lithography,NSGA2,3,103,0.6726625187492992,0.6124121221809701,,80.0
lithography,NSGA2,3,104,0.6726625187492992,0.6207013691673472,,80.0
lithography,NSGA2,3,105,0.6726625187492992,0.616349770784842,,80.0
lithography,NSGA2,3,106,0.6726625187492992,0.6209311271108074,,80.0
lithography,NSGA2,3,107,0.6726625187492992,0.6255590684234851,,80.0
lithography,NSGA2,3,108,0.6726625187492992,0.6210276361388349,,80.0
lithography,NSGA2,3,109,0.6726625187492992,0.6122749998586369,,80.0
lithography,NSGA2,3,110,0.6726625187492992,0.6123940220890376,,80.0
lithography,NSGA2,3,111,0.6726625187492992,0.6159805708370099,,80.0
lithography,NSGA2,3,112,0.6726625187492992,0.6161221062697839,,80.0
lithography,NSGA2,3,113,0.6726625187492992,0.6124501895396007,,80.0
lithography,NSGA2,3,114,0.6726625187492992,0.6164776143790205,,80.0
lithography,NSGA2,3,115,0.6726625187492992,0.6166579328072934,,80.0
lithography,NSGA2,3,116,0.6726625187492992,0.6204832465100389,,80.0
lithography,NSGA2,3,117,0.6726625187492992,0.6207916396432307,,80.0
lithography,NSGA2,3,118,0.6726625187492992,0.6288847423282362,,80.0
lithography,NSGA2,3,119,0.6726625187492992,0.6330425615546137,,80.0
lithography,NSGA2,3,120,0.6726625187492992,0.6329729739822966,,80.0
lithography,NSGA2,3,121,0.6726625187492992,0.6332583645298833,,80.0
lithography,NSGA2,3,122,0.6726625187492992,0.6334881224733435,,80.0
lithography,NSGA2,3,123,0.6726625187492992,0.6333240738381961,,80.0
lithography,NSGA2,3,124,0.6726625187492992,0.6328179778216673,,80.0
lithography,NSGA2,3,125,0.6726625187492992,0.6285652081492281,,80.0
lithography,NSGA2,3,126,0.6726625187492992,0.6249292653492734,,80.0
lithography,NSGA2,3,127,0.6726625187492992,0.6252286060079469,,80.0
lithography,NSGA2,3,128,0.6726625187492992,0.6335284640508079,,80.0
lithography,NSGA2,3,129,0.6726625187492992,0.6338324895367635,,80.0
lithography,NSGA2,3,130,0.6726625187492992,0.6294089384366975,,80.0
lithography,NSGA2,3,131,0.6726625187492992,0.6250933139844207,,80.0
lithography,NSGA2,3,132,0.6726625187492992,0.6328376819587703,,80.0
lithography,NSGA2,3,133,0.6726625187492992,0.6329139974664632,,80.0
lithography,NSGA2,3,134,0.6726625187492992,0.6365858687334415,,80.0
lithography,NSGA2,3,135,0.6726625187492992,0.631847196564808,,80.0
lithography,NSGA2,3,136,0.6726625187492992,0.6325988309346908,,80.0
lithography,NSGA2,3,137,0.6726625187492992,0.6288775201525252,,80.0
lithography,NSGA2,3,138,0.6726625187492992,0.628391617656331,,80.0
lithography,NSGA2,3,139,0.6726625187492992,0.6282770036792674,,80.0
lithography,NSGA2,3,140,0.6726625187492992,0.628443861379685,,80.0
lithography,NSGA2,3,141,0.6726625187492992,0.6248932865619412,,80.0
lithography,NSGA2,3,142,0.6726625187492992,0.6292875916671544,,80.0
lithography,NSGA2,3,143,0.6726625187492992,0.6292943244596338,,80.0
lithography,NSGA2,3,144,0.6726625187492992,0.6250415547871947,,80.0
lithography,NSGA2,3,145,0.6726625187492992,0.6290622062280339,,80.0
lithography,NSGA2,3,146,0.6726625187492992,0.6287672332165963,,80.0
lithography,NSGA2,3,147,0.6726625187492992,0.6244089020416116,,80.0
lithography,NSGA2,3,148,0.6726625187492992,0.624647707602486,,80.0
lithography,NSGA2,3,149,0.6726625187492992,0.628513448952002,,80.0
lithography,NSGA2,3,150,0.6726625187492992,0.6242404857592282,,80.0
lithography,NSGA2,3,151,0.6726625187492992,0.624746581775757,,80.0
lithography,NSGA2,3,152,0.6726625187492992,0.6286684451126312,,80.0
lithography,NSGA2,3,153,0.6726625187492992,0.6288123002274439,,80.0
lithography,NSGA2,3,154,0.6726625187492992,0.6211331521781756,,80.0
lithography,NSGA2,3,155,0.6726625187492992,0.6251134620415504,,80.0
lithography,NSGA2,3,156,0.6726625187492992,0.6288241617672323,,80.0
lithography,NSGA2,3,157,0.6726625187492992,0.6287522545128766,,80.0
lithography,NSGA2,3,158,0.6726625187492992,0.6287162805826483,,80.0
lithography,NSGA2,3,159,0.6726625187492992,0.6287724480332113,,80.0
lithography,NSGA2,3,160,0.6726625187492992,0.6289139834659853,,80.0
lithography,NSGA2,3,161,0.6726625187492992,0.6292488135287593,,80.0
lithography,NSGA2,3,162,0.6726625187492992,0.6293903489615335,,80.0
lithography,NSGA2,3,163,0.6726625187492992,0.6335055069284077,,80.0
lithography,NSGA2,3,164,0.6726625187492992,0.6337098971410194,,80.0
lithography,NSGA2,3,165,0.6726625187492992,0.6334014634017265,,80.0
lithography,NSGA2,3,166,0.6726625187492992,0.6334014634017266,,80.0
lithography,NSGA2,3,167,0.6726625187492992,0.6329155154423276,,80.0
lithography,NSGA2,3,168,0.6726625187492992,0.6328166867322614,,80.0
lithography,NSGA2,3,169,0.6726625187492992,0.6291807439323067,,80.0
lithography,NSGA2,3,170,0.6726625187492992,0.6291020632793703,,80.0
lithography,NSGA2,3,171,0.6726625187492992,0.6291020632793703,,80.0
lithography,NSGA2,3,172,0.6726625187492992,0.6290099218985787,,80.0
lithography,NSGA2,3,173,0.6726625187492992,0.624944244052993,,80.0
lithography,NSGA2,3,174,0.6726625187492992,0.6212477661552394,,80.0
lithography,NSGA2,3,175,0.6726625187492992,0.6209662993348617,,80.0
lithography,NSGA2,3,176,0.6726625187492992,0.6214185475828661,,80.0
lithography,NSGA2,3,177,0.6726625187492992,0.6176747235983271,,80.0
lithography,NSGA2,3,178,0.6726625187492992,0.6178162590311012,,80.0
lithography,NSGA2,3,179,0.6726625187492992,0.6209393730220476,,80.0
lithography,NSGA2,3,180,0.6726625187492992,0.6206578607384652,,80.0
lithography,NSGA2,3,181,0.6726625187492992,0.6205724927562543,,80.0
lithography,NSGA2,3,182,0.6726625187492992,0.628551026927401,,80.0
lithography,NSGA2,3,183,0.6726625187492992,0.6246545264642716,,80.0
lithography,NSGA2,3,184,0.6726625187492992,0.6250416002503996,,80.0
lithography,NSGA2,3,185,0.6726625187492992,0.6220263674440373,,80.0
lithography,NSGA2,3,186,0.6726625187492992,0.6220398281718925,,80.0
lithography,NSGA2,3,187,0.6726625187492992,0.6141562444468075,,80.0
lithography,NSGA2,3,188,0.6726625187492992,0.6177831347722441,,80.0
lithography,NSGA2,3,189,0.6726625187492992,0.6174118007899088,,80.0
lithography,NSGA2,3,190,0.6726625187492992,0.6137691300545782,,80.0
lithography,NSGA2,3,191,0.6726625187492992,0.6136180121579533,,80.0
lithography,NSGA2,3,192,0.6726625187492992,0.6175690760264755,,80.0
lithography,NSGA2,3,193,0.6726625187492992,0.6134764718680755,,80.0
lithography,NSGA2,3,194,0.6726625187492992,0.6175354623843867,,80.0
lithography,NSGA2,3,195,0.6726625187492992,0.6216146464210326,,80.0
lithography,NSGA2,3,196,0.6726625187492992,0.6210366431501481,,80.0
lithography,NSGA2,3,197,0.6726625187492992,0.6247916081805036,,80.0
lithography,NSGA2,3,198,0.6726625187492992,0.6256420712604525,,80.0
lithography,NSGA2,3,199,0.6726625187492992,0.629354375031305,,80.0
lithography,NSGA2,3,200,0.6726625187492992,0.629354375031305,,80.0
lithography,NSGA2,4,0,0.623476679437818,0.3642157806397691,,6.0
lithography,NSGA2,4,1,0.6260014038100852,0.4513028369343927,,7.0
lithography,NSGA2,4,2,0.6332911520226694,0.5031597243597944,,3.0
lithography,NSGA2,4,3,0.6381161460349194,0.47944785007659146,,2.0
lithography,NSGA2,4,4,0.6395069188888138,0.5020051965990441,,5.0
lithography,NSGA2,4,5,0.6402690848684145,0.5337815664713246,,4.0
lithography,NSGA2,4,6,0.6465758222345906,0.549598568862744,,4.0
lithography,NSGA2,4,7,0.6506834520244255,0.5417703153911144,,6.0
lithography,NSGA2,4,8,0.6563908915135359,0.5725612861470226,,3.0
lithography,NSGA2,4,9,0.6563908915135359,0.5753814539963641,,4.0
lithography,NSGA2,4,10,0.6601791371743139,0.6006680246309462,,4.0
lithography,NSGA2,4,11,0.6630574772300426,0.6320372391420693,,2.0
lithography,NSGA2,4,12,0.6630574772300426,0.6433210503437878,,4.0
lithography,NSGA2,4,13,0.6630574772300426,0.6503212320981717,,4.0
lithography,NSGA2,4,14,0.6634426029290554,0.652329145761775,,6.0
lithography,NSGA2,4,15,0.6634763080229447,0.638622087834535,,8.0
lithography,NSGA2,4,16,0.6640301529412596,0.6450062224976569,,7.0
lithography,NSGA2,4,17,0.664774164686956,0.6441648896746257,,13.0
lithography,NSGA2,4,18,0.664774164686956,0.650873284351569,,22.0
lithography,NSGA2,4,19,0.664774164686956,0.659552980083121,,29.0
lithography,NSGA2,4,20,0.666874665537841,0.6555335430008089,,7.0
lithography,NSGA2,4,21,0.666874665537841,0.6522967931812673,,13.0
lithography,NSGA2,4,22,0.666874665537841,0.6487321241501436,,23.0
lithography,NSGA2,4,23,0.666874665537841,0.6447412994544733,,31.0
lithography,NSGA2,4,24,0.666874665537841,0.6441204454846906,,49.0
lithography,NSGA2,4,25,0.666874665537841,0.6442376295711822,,63.0
lithography,NSGA2,4,26,0.666874665537841,0.6612146405152731,,80.0
lithography,NSGA2,4,27,0.666874665537841,0.6613061250607585,,80.0
lithography,NSGA2,4,28,0.666874665537841,0.6613123590300872,,80.0
lithography,NSGA2,4,29,0.666874665537841,0.6611615243829837,,80.0
lithography,NSGA2,4,30,0.666874665537841,0.6610221120364311,,80.0
lithography,NSGA2,4,31,0.666874665537841,0.65500523904793,,80.0
lithography,NSGA2,4,32,0.666874665537841,0.6566565860042166,,80.0
lithography,NSGA2,4,33,0.666874665537841,0.6564563692806529,,80.0
lithography,NSGA2,4,34,0.666874665537841,0.6524246469865129,,80.0
lithography,NSGA2,4,35,0.666874665537841,0.6522368982016065,,80.0
lithography,NSGA2,4,36,0.666874665537841,0.6516472616941794,,80.0
lithography,NSGA2,4,37,0.666874665537841,0.6511070072632125,,80.0
lithography,NSGA2,4,38,0.666874665537841,0.6508636424325172,,80.0
lithography,NSGA2,4,39,0.666874665537841,0.647080473300295,,80.0
lithography,NSGA2,4,40,0.666874665537841,0.6388402935903729,,80.0
lithography,NSGA2,4,41,0.666874665537841,0.6392297133742362,,80.0
lithography,NSGA2,4,42,0.666874665537841,0.6394558305723387,,80.0
lithography,NSGA2,4,43,0.666874665537841,0.6356799410475513,,80.0
lithography,NSGA2,4,44,0.666874665537841,0.636226429447847,,80.0
lithography,NSGA2,4,45,0.666874665537841,0.6286877154784405,,80.0
lithography,NSGA2,4,46,0.666874665537841,0.6209435964542476,,80.0
lithography,NSGA2,4,47,0.666874665537841,0.6173668780149179,,80.0
lithography,NSGA2,4,48,0.666874665537841,0.6133513577152646,,80.0
lithography,NSGA2,4,49,0.666874665537841,0.6134007397917248,,80.0
lithography,NSGA2,4,50,0.6670056989703583,0.6038631609515219,,80.0
lithography,NSGA2,4,51,0.6670056989703583,0.5994982271991078,,80.0
lithography,NSGA2,4,52,0.6670056989703583,0.5994919932297791,,80.0
lithography,NSGA2,4,53,0.6670056989703583,0.5994919932297792,,80.0
lithography,NSGA2,4,54,0.6670056989703583,0.5995726477545137,,80.0
lithography,NSGA2,4,55,0.6670056989703583,0.600162284261941,,80.0
lithography,NSGA2,4,56,0.6670056989703583,0.5965361837461509,,80.0
lithography,NSGA2,4,57,0.6670056989703583,0.6040369379396486,,80.0
lithography,NSGA2,4,58,0.6670056989703583,0.6043348731780265,,80.0
lithography,NSGA2,4,59,0.6670056989703583,0.6044285879212187,,80.0
lithography,NSGA2,4,60,0.6670056989703583,0.6083038338787267,,80.0
lithography,NSGA2,4,61,0.6670056989703583,0.6123147581269577,,80.0
lithography,NSGA2,4,62,0.6670056989703583,0.6127001741391991,,80.0
lithography,NSGA2,4,63,0.6670056989703583,0.6123590907936898,,80.0
lithography,NSGA2,4,64,0.6670056989703583,0.6123653247630184,,80.0
lithography,NSGA2,4,65,0.6670056989703583,0.612110537631772,,80.0
lithography,NSGA2,4,66,0.6670056989703583,0.615774144565165,,80.0
lithography,NSGA2,4,67,0.6670056989703583,0.6080191955202213,,80.0
lithography,NSGA2,4,68,0.6670056989703583,0.6077212602818435,,80.0
lithography,NSGA2,4,69,0.6670056989703583,0.607522681476186,,80.0
lithography,NSGA2,4,70,0.6670056989703583,0.6075164475068575,,80.0
lithography,NSGA2,4,71,0.6670056989703583,0.6116902209825437,,80.0
lithography,NSGA2,4,72,0.6670056989703583,0.6113916934643654,,80.0
lithography,NSGA2,4,73,0.6670056989703583,0.6076787044545122,,80.0
lithography,NSGA2,4,74,0.6670056989703583,0.6079704057235614,,80.0
lithography,NSGA2,4,75,0.6670056989703583,0.6076287300982518,,80.0
lithography,NSGA2,4,76,0.6670056989703583,0.6043999212535603,,80.0
lithography,NSGA2,4,77,0.6670056989703583,0.6042444905550346,,80.0
lithography,NSGA2,4,78,0.6670056989703583,0.6039959373931169,,80.0
lithography,NSGA2,4,79,0.6670056989703583,0.6006183900392447,,80.0
lithography,NSGA2,4,80,0.6670056989703583,0.6042382565857058,,80.0
lithography,NSGA2,4,81,0.6670056989703583,0.6041882822294454,,80.0
lithography,NSGA2,4,82,0.6670056989703583,0.6081123179836133,,80.0
lithography,NSGA2,4,83,0.6670056989703583,0.6045736982416869,,80.0
lithography,NSGA2,4,84,0.6670056989703583,0.5967324529824802,,80.0
lithography,NSGA2,4,85,0.6670056989703583,0.5931500928536222,,80.0
lithography,NSGA2,4,86,0.6670056989703583,0.5971178689947216,,80.0
lithography,NSGA2,4,87,0.6670056989703583,0.6047117456516112,,80.0
lithography,NSGA2,4,88,0.6670056989703583,0.6086795217927108,,80.0
lithography,NSGA2,4,89,0.6670056989703583,0.605102803353381,,80.0
lithography,NSGA2,4,90,0.6670056989703583,0.6051033956331813,,80.0
lithography,NSGA2,4,91,0.6670056989703583,0.6087726442561028,,80.0
lithography,NSGA2,4,92,0.6670056989703583,0.6126410639644817,,80.0
lithography,NSGA2,4,93,0.6670056989703583,0.6128452844596675,,80.0
lithography,NSGA2,4,94,0.6670056989703583,0.6091754435569458,,80.0
lithography,NSGA2,4,95,0.6670056989703583,0.6088394096211645,,80.0
lithography,NSGA2,4,96,0.6670056989703583,0.6127202972682008,,80.0
lithography,NSGA2,4,97,0.6670056989703583,0.6168429118280259,,80.0
lithography,NSGA2,4,98,0.6670056989703583,0.6166443330223685,,80.0
lithography,NSGA2,4,99,0.6670056989703583,0.616601184915237,,80.0
lithography,NSGA2,4,100,0.6670056989703583,0.6163026573970589,,80.0
lithography,NSGA2,4,101,0.6670056989703583,0.616352039473519,,80.0
lithography,NSGA2,4,102,0.6670056989703583,0.6127202972682008,,80.0
lithography,NSGA2,4,103,0.6670056989703583,0.6127202972682008,,80.0
lithography,NSGA2,4,104,0.6670056989703583,0.608498326275655,,80.0
lithography,NSGA2,4,105,0.6670056989703583,0.6084926845861267,,80.0
lithography,NSGA2,4,106,0.6670056989703583,0.6088781005983681,,80.0
lithography,NSGA2,4,107,0.6670056989703583,0.6094183550293351,,80.0
lithography,NSGA2,4,108,0.6670056989703583,0.605158285339386,,80.0
lithography,NSGA2,4,109,0.6670056989703583,0.6050151885197336,,80.0
lithography,NSGA2,4,110,0.6670056989703583,0.6014384700804039,,80.0
lithography,NSGA2,4,111,0.6670056989703583,0.604816017434276,,80.0
lithography,NSGA2,4,112,0.6677327170776001,0.6089359781213686,,80.0
lithography,NSGA2,4,113,0.6677327170776001,0.6053098776055786,,80.0
lithography,NSGA2,4,114,0.6677327170776001,0.6053042359160503,,80.0
lithography,NSGA2,4,115,0.6677327170776001,0.6133952188967752,,80.0
lithography,NSGA2,4,116,0.6677327170776001,0.6169719373361049,,80.0
lithography,NSGA2,4,117,0.6677327170776001,0.6128555567456084,,80.0
lithography,NSGA2,4,118,0.6677327170776001,0.6169289232887574,,80.0
lithography,NSGA2,4,119,0.6677327170776001,0.6168352085455652,,80.0
lithography,NSGA2,4,120,0.6677327170776001,0.6205112834176154,,80.0
lithography,NSGA2,4,121,0.6677327170776001,0.6201758417616344,,80.0
lithography,NSGA2,4,122,0.6677327170776001,0.6238450903845558,,80.0
lithography,NSGA2,4,123,0.6677327170776001,0.6196287610815385,,80.0
lithography,NSGA2,4,124,0.6677327170776001,0.6197156495756018,,80.0
lithography,NSGA2,4,125,0.6677327170776001,0.6199142283812591,,80.0
lithography,NSGA2,4,126,0.6677327170776001,0.6201627815431768,,80.0
lithography,NSGA2,4,127,0.6677327170776001,0.6204107424252943,,80.0
lithography,NSGA2,4,128,0.6677327170776001,0.6203607680690338,,80.0
lithography,NSGA2,4,129,0.6677327170776001,0.6167846419095044,,80.0
lithography,NSGA2,4,130,0.6677327170776001,0.6128600138755363,,80.0
lithography,NSGA2,4,131,0.6677327170776001,0.6085505621091271,,80.0
lithography,NSGA2,4,132,0.6677327170776001,0.608886003765108,,80.0
lithography,NSGA2,4,133,0.6677327170776001,0.6132386036386489,,80.0
lithography,NSGA2,4,134,0.6677327170776001,0.6132391959184491,,80.0
lithography,NSGA2,4,135,0.6677327170776001,0.6126995337672824,,80.0
lithography,NSGA2,4,136,0.6677327170776001,0.6122709696479094,,80.0
lithography,NSGA2,4,137,0.6677327170776001,0.6085455126993988,,80.0
lithography,NSGA2,4,138,0.6677327170776001,0.6125195228098272,,80.0
lithography,NSGA2,4,139,0.6677327170776001,0.6124326343157639,,80.0
lithography,NSGA2,4,140,0.6677327170776001,0.6121840811538461,,80.0
lithography,NSGA2,4,141,0.6677327170776001,0.6161518572949458,,80.0
lithography,NSGA2,4,142,0.6677327170776001,0.6204607167815548,,80.0
lithography,NSGA2,4,143,0.6677327170776001,0.6199821783059213,,80.0
lithography,NSGA2,4,144,0.6677327170776001,0.6238596857406409,,80.0
lithography,NSGA2,4,145,0.6677327170776001,0.6203884236435765,,80.0
lithography,NSGA2,4,146,0.6677327170776001,0.616812297484047,,80.0
lithography,NSGA2,4,147,0.6677327170776001,0.6167629154075869,,80.0
lithography,NSGA2,4,148,0.6677327170776001,0.6164150058129485,,80.0
lithography,NSGA2,4,149,0.6677327170776001,0.6131021622312056,,80.0
lithography,NSGA2,4,150,0.6677327170776001,0.6133938635002549,,80.0
lithography,NSGA2,4,151,0.6677327170776001,0.6178049331765963,,80.0
lithography,NSGA2,4,152,0.6677327170776001,0.6179071433663289,,80.0
lithography,NSGA2,4,153,0.6677327170776001,0.6255526635768901,,80.0
lithography,NSGA2,4,154,0.6677327170776001,0.6219390968242529,,80.0
lithography,NSGA2,4,155,0.6677327170776001,0.622178169864309,,80.0
lithography,NSGA2,4,156,0.6677327170776001,0.6217927538520676,,80.0
lithography,NSGA2,4,157,0.6677327170776001,0.617940248119158,,80.0
lithography,NSGA2,4,158,0.6677327170776001,0.6137835731785419,,80.0
lithography,NSGA2,4,159,0.6677327170776001,0.609915153470163,,80.0
lithography,NSGA2,4,160,0.6677327170776001,0.6059473773290633,,80.0
lithography,NSGA2,4,161,0.6677327170776001,0.6092221222134028,,80.0
lithography,NSGA2,4,162,0.6677327170776001,0.6164436430765085,,80.0
lithography,NSGA2,4,163,0.6677327170776001,0.6206537384101971,,80.0
lithography,NSGA2,4,164,0.6677327170776001,0.6170276378944072,,80.0
lithography,NSGA2,4,165,0.6677327170776001,0.6173755474890456,,80.0
lithography,NSGA2,4,166,0.6677327170776001,0.6173261654125854,,80.0
lithography,NSGA2,4,167,0.6677327170776001,0.6170219962048787,,80.0
lithography,NSGA2,4,168,0.6677327170776001,0.6133374258862883,,80.0
lithography,NSGA2,4,169,0.6677327170776001,0.6171092770944632,,80.0
lithography,NSGA2,4,170,0.6677327170776001,0.6210361666056429,,80.0
lithography,NSGA2,4,171,0.6677327170776001,0.6210793147127742,,80.0
lithography,NSGA2,4,172,0.6677327170776001,0.6212250654051592,,80.0
lithography,NSGA2,4,173,0.6677327170776001,0.6251837538199183,,80.0
lithography,NSGA2,4,174,0.6677327170776001,0.6258767850766785,,80.0
lithography,NSGA2,4,175,0.6677327170776001,0.6259886752725518,,80.0
lithography,NSGA2,4,176,0.6677327170776001,0.6253462106518523,,80.0
lithography,NSGA2,4,177,0.6677327170776001,0.6289785451369708,,80.0
lithography,NSGA2,4,178,0.6677327170776001,0.6287299919750531,,80.0
lithography,NSGA2,4,179,0.6677327170776001,0.6366246576273324,,80.0
lithography,NSGA2,4,180,0.6677327170776001,0.6327068558424932,,80.0
lithography,NSGA2,4,181,0.6677327170776001,0.6327124975320216,,80.0
lithography,NSGA2,4,182,0.6677327170776001,0.6329610506939394,,80.0
lithography,NSGA2,4,183,0.6677327170776001,0.6290801630469031,,80.0
lithography,NSGA2,4,184,0.6677327170776001,0.6333055800762609,,80.0
lithography,NSGA2,4,185,0.6677327170776001,0.6294809007548137,,80.0
lithography,NSGA2,4,186,0.6677327170776001,0.6297788359931916,,80.0
lithography,NSGA2,4,187,0.6677327170776001,0.6293871860116216,,80.0
lithography,NSGA2,4,188,0.6677327170776001,0.6253762617633905,,80.0
lithography,NSGA2,4,189,0.6677327170776001,0.6365900049667411,,80.0
lithography,NSGA2,4,190,0.6677327170776001,0.6327215852583622,,80.0
lithography,NSGA2,4,191,0.6677327170776001,0.628803783473523,,80.0
lithography,NSGA2,4,192,0.6677327170776001,0.6250845604943411,,80.0
lithography,NSGA2,4,193,0.6677327170776001,0.6289092398157884,,80.0
lithography,NSGA2,4,194,0.6677327170776001,0.6250748804882004,,80.0
lithography,NSGA2,4,195,0.6677327170776001,0.6250254984117402,,80.0
lithography,NSGA2,4,196,0.6677327170776001,0.6211508447340325,,80.0
lithography,NSGA2,4,197,0.6677327170776001,0.621193992841164,,80.0
lithography,NSGA2,4,198,0.6677327170776001,0.6173136974739281,,80.0
lithography,NSGA2,4,199,0.6677327170776001,0.6207909936560418,,80.0
lithography,NSGA2,4,200,0.6677327170776001,0.6169163399783342,,80.0
implantation,GA,0,0,1.7887225304926795,1.5266161987125393,21.0,
implantation,GA,0,1,1.8292435036191521,1.5811103186698003,19.0,
implantation,GA,0,2,1.8292435036191521,1.5997655107261004,19.0,
implantation,GA,0,3,1.934237789939281,1.628140593990949,15.0,
implantation,GA,0,4,1.934237789939281,1.6305272671736681,15.0,
implantation,GA,0,5,1.934237789939281,1.6484674884575177,15.0,
implantation,GA,0,6,1.934237789939281,1.635175622845863,15.0,
implantation,GA,0,7,1.934237789939281,1.6586124428761138,15.0,
implantation,GA,0,8,1.934237789939281,1.657902405848684,15.0,
implantation,GA,0,9,1.934237789939281,1.6644006641475222,15.0,
implantation,GA,0,10,1.934237789939281,1.6658793597868786,15.0,
implantation,GA,0,11,1.934237789939281,1.673551651164876,15.0,
implantation,GA,0,12,1.934237789939281,1.6962731109950213,15.0,
implantation,GA,0,13,1.934237789939281,1.6817826902497555,15.0,
implantation,GA,0,14,1.934237789939281,1.6866548580624077,15.0,
implantation,GA,0,15,1.934237789939281,1.6690602811483561,15.0,
implantation,GA,0,16,1.934237789939281,1.6677216814898248,15.0,
implantation,GA,0,17,1.934237789939281,1.6425224392994633,15.0,
implantation,GA,0,18,1.934237789939281,1.644215375032259,15.0,
implantation,GA,0,19,1.934237789939281,1.670796951103921,15.0,
implantation,GA,0,20,1.934237789939281,1.649923049480186,15.0,
implantation,GA,0,21,1.934237789939281,1.7029021056109621,15.0,
implantation,GA,0,22,1.934237789939281,1.6711426950421273,15.0,
implantation,GA,0,23,1.934237789939281,1.6939671316710108,15.0,
implantation,GA,0,24,1.934237789939281,1.660403764919191,15.0,
implantation,GA,0,25,1.934237789939281,1.6515905572475724,15.0,
implantation,GA,0,26,1.934237789939281,1.67998999367583,15.0,
implantation,GA,0,27,1.934237789939281,1.67151810851963,15.0,
implantation,GA,0,28,1.934237789939281,1.6664028057722788,15.0,
implantation,GA,0,29,1.934237789939281,1.714445572436389,15.0,
implantation,GA,0,30,1.934237789939281,1.682654316992478,15.0,
implantation,GA,0,31,1.968596085099232,1.7051111312939375,12.0,
implantation,GA,0,32,1.968596085099232,1.6922557906791351,12.0,
implantation,GA,0,33,1.968596085099232,1.690860907030548,12.0,
implantation,GA,0,34,1.968596085099232,1.6819047486147318,12.0,
implantation,GA,0,35,1.968596085099232,1.6743746195701512,12.0,
implantation,GA,0,36,1.968596085099232,1.6700578240004376,12.0,
implantation,GA,0,37,1.968596085099232,1.680333503208184,12.0,
implantation,GA,0,38,1.968596085099232,1.6976829602436148,12.0,
implantation,GA,0,39,1.968596085099232,1.6921678017269461,12.0,
implantation,GA,0,40,1.968596085099232,1.7051981100074705,12.0,
implantation,GA,0,41,1.968596085099232,1.6606760584428684,12.0,
implantation,GA,0,42,1.968596085099232,1.6522684810406603,12.0,
implantation,GA,0,43,1.968596085099232,1.6714628097996687,12.0,
implantation,GA,0,44,1.968596085099232,1.7016705436243815,12.0,
implantation,GA,0,45,1.968596085099232,1.6952228037684527,12.0,
implantation,GA,0,46,1.968596085099232,1.7105095433891724,12.0,
implantation,GA,0,47,1.968596085099232,1.6991271937535797,12.0,
implantation,GA,0,48,1.9840816166320667,1.70476279068508,13.0,
implantation,GA,0,49,1.9840816166320667,1.6724418138104915,13.0,
implantation,GA,0,50,1.9840816166320667,1.6912571459200347,13.0,
implantation,GA,0,51,1.9840816166320667,1.6846925732946012,13.0,
implantation,GA,0,52,1.9840816166320667,1.691137585586948,13.0,
implantation,GA,0,53,1.9840816166320667,1.6878063311304579,13.0,
implantation,GA,0,54,1.9840816166320667,1.6955379013717113,13.0,
implantation,GA,0,55,1.9846186907378156,1.696823101179266,11.0,
implantation,GA,0,56,1.9846186907378156,1.6509694937903638,11.0,
implantation,GA,0,57,1.9846186907378156,1.6738713474297255,11.0,
implantation,GA,0,58,1.9846186907378156,1.6861273451740704,11.0,
implantation,GA,0,59,1.9846186907378156,1.6989804719585173,11.0,
implantation,GA,0,60,1.9846186907378156,1.6583769332582299,11.0,
implantation,GA,0,61,1.9846186907378156,1.6605045184845437,11.0,
implantation,GA,0,62,1.9846186907378156,1.6788999698042162,11.0,
implantation,GA,0,63,1.9846186907378156,1.663021430001514,11.0,
implantation,GA,0,64,1.9846186907378156,1.6792248702414483,11.0,
implantation,GA,0,65,1.9846186907378156,1.6920647162816884,11.0,
implantation,GA,0,66,1.992845336343834,1.7130666202098652,10.0,
implantation,GA,0,67,1.992845336343834,1.7116666555186348,10.0,
implantation,GA,0,68,1.992845336343834,1.716519025293214,10.0,
implantation,GA,0,69,1.992845336343834,1.6991919622545644,10.0,
implantation,GA,0,70,1.992845336343834,1.6735965513976154,10.0,
implantation,GA,0,71,1.992845336343834,1.6635744805755164,10.0,
implantation,GA,0,72,1.992845336343834,1.6857203742045663,10.0,
implantation,GA,0,73,1.992845336343834,1.7002331185850792,10.0,
implantation,GA,0,74,1.992845336343834,1.704583482048431,10.0,
implantation,GA,0,75,1.992845336343834,1.7288382812385392,10.0,
implantation,GA,0,76,1.992845336343834,1.7425830558870559,10.0,
implantation,GA,0,77,1.992845336343834,1.7428260328276877,10.0,
implantation,GA,0,78,1.999506113107441,1.72810949032941,10.0,
implantation,GA,0,79,1.999506113107441,1.7256725578445724,10.0,
implantation,GA,0,80,2.0000913458030105,1.7242270227154717,11.0,
implantation,GA,0,81,2.0000913458030105,1.7210544327284623,11.0,
implantation,GA,0,82,2.0192433229318776,1.691498037246447,10.0,
implantation,GA,0,83,2.0192433229318776,1.7351951173147007,10.0,
implantation,GA,0,84,2.0192433229318776,1.735615038658691,10.0,
implantation,GA,0,85,2.0349385797825383,1.743888455969482,10.0,
implantation,GA,0,86,2.0349385797825383,1.7452851164805765,10.0,
implantation,GA,0,87,2.0349385797825383,1.724621177643448,10.0,
implantation,GA,0,88,2.0349385797825383,1.744476166861454,10.0,
implantation,GA,0,89,2.0349385797825383,1.7296505654633847,10.0,
implantation,GA,0,90,2.0349385797825383,1.71831333156056,10.0,
implantation,GA,0,91,2.0349385797825383,1.7208798482553458,10.0,
implantation,GA,0,92,2.0349385797825383,1.7092984468205423,10.0,
implantation,GA,0,93,2.0349385797825383,1.7187514178035639,10.0,
implantation,GA,0,94,2.0349385797825383,1.7036784083073868,10.0,
implantation,GA,0,95,2.0349385797825383,1.664822733573589,10.0,
implantation,GA,0,96,2.0349385797825383,1.6916895547199986,10.0,
implantation,GA,0,97,2.0349385797825383,1.6915060660313614,10.0,
implantation,GA,0,98,2.0349385797825383,1.685899207324224,10.0,
implantation,GA,0,99,2.0349385797825383,1.687801450341888,10.0,
implantation,GA,0,100,2.0349385797825383,1.668798984830951,10.0,
implantation,GA,0,101,2.0349385797825383,1.6547783635875484,10.0,
implantation,GA,0,102,2.0349385797825383,1.6898234384777382,10.0,
implantation,GA,0,103,2.0349385797825383,1.6923639924374236,10.0,
implantation,GA,0,104,2.0349385797825383,1.707296906990475,10.0,
implantation,GA,0,105,2.0349385797825383,1.7068971916393134,10.0,
implantation,GA,0,106,2.0349385797825383,1.7106247800546217,10.0,
implantation,GA,0,107,2.035040340916957,1.6963906954967634,10.0,
implantation,GA,0,108,2.035040340916957,1.7074282174440465,10.0,
implantation,GA,0,109,2.035040340916957,1.689988284768549,10.0,
implantation,GA,0,110,2.035040340916957,1.6786282101020877,10.0,
implantation,GA,0,111,2.035040340916957,1.7167568920629805,10.0,
implantation,GA,0,112,2.035040340916957,1.701003993897066,10.0,
implantation,GA,0,113,2.035040340916957,1.686107581362333,10.0,
implantation,GA,0,114,2.035040340916957,1.6969004207351213,10.0,
implantation,GA,0,115,2.035040340916957,1.7218967181086389,10.0,
implantation,GA,0,116,2.035040340916957,1.7180271502967315,10.0,
implantation,GA,0,117,2.035040340916957,1.695899854121319,10.0,
implantation,GA,0,118,2.035040340916957,1.7257862936162112,10.0,
implantation,GA,0,119,2.035040340916957,1.7103269001463524,10.0,
implantation,GA,0,120,2.035040340916957,1.7075377116641746,10.0,
implantation,GA,0,121,2.035040340916957,1.713303964012551,10.0,
implantation,GA,0,122,2.035040340916957,1.6922282582663104,10.0,
implantation,GA,0,123,2.035040340916957,1.7141291418026694,10.0,
implantation,GA,0,124,2.035040340916957,1.697562491966955,10.0,
implantation,GA,0,125,2.035040340916957,1.7188246151526905,10.0,
implantation,GA,0,126,2.035040340916957,1.6988189821465434,10.0,
implantation,GA,0,127,2.035040340916957,1.666760735588697,10.0,
implantation,GA,0,128,2.035040340916957,1.6726493359948826,10.0,
implantation,GA,0,129,2.035040340916957,1.6831838531364318,10.0,
implantation,GA,0,130,2.035040340916957,1.681109864672451,10.0,
implantation,GA,0,131,2.035040340916957,1.6792479692595486,10.0,
implantation,GA,0,132,2.035040340916957,1.6862996600644913,10.0,
implantation,GA,0,133,2.035040340916957,1.679747056609743,10.0,
implantation,GA,0,134,2.035040340916957,1.7225955198254632,10.0,
implantation,GA,0,135,2.035040340916957,1.706822848171273,10.0,
implantation,GA,0,136,2.035040340916957,1.6867792887214024,10.0,
implantation,GA,0,137,2.035040340916957,1.7068558841882548,10.0,
implantation,GA,0,138,2.035040340916957,1.7169893648322396,10.0,
implantation,GA,0,139,2.035040340916957,1.6761908990151368,10.0,
implantation,GA,0,140,2.035040340916957,1.6852419200720423,10.0,
implantation,GA,0,141,2.035040340916957,1.6605059709446703,10.0,
implantation,GA,0,142,2.035040340916957,1.6559100697073816,10.0,
implantation,GA,0,143,2.035040340916957,1.6867405962641038,10.0,
implantation,GA,0,144,2.035040340916957,1.6958444650827609,10.0,
implantation,GA,0,145,2.035040340916957,1.7031671902124241,10.0,
implantation,GA,0,146,2.035040340916957,1.690783729881971,10.0,
implantation,GA,0,147,2.035040340916957,1.6979158977506645,10.0,
implantation,GA,1,0,1.798119513555946,1.55755422426225,22.0,
implantation,GA,1,1,1.8557689700154676,1.606664209439323,19.0,
implantation,GA,1,2,1.8557689700154676,1.6202607586983304,19.0,
implantation,GA,1,3,1.8557689700154676,1.6526307136327278,19.0,
implantation,GA,1,4,1.8621461992633153,1.6457254412140148,15.0,
implantation,GA,1,5,1.8729433351697786,1.6549906581397476,14.0,
implantation,GA,1,6,1.9129309500523515,1.673731714106357,13.0,
implantation,GA,1,7,1.9129309500523515,1.663437124198741,13.0,
implantation,GA,1,8,1.9129309500523515,1.668732055636454,13.0,
implantation,GA,1,9,1.9129309500523515,1.668840379452527,13.0,
implantation,GA,1,10,1.9129309500523515,1.6827472080764707,13.0,
implantation,GA,1,11,1.9129309500523515,1.7022730007380282,13.0,
implantation,GA,1,12,1.9129309500523515,1.6977430803881859,13.0,
implantation,GA,1,13,1.935115916288137,1.6951262356695374,11.0,
implantation,GA,1,14,1.935115916288137,1.6893149086364354,11.0,
implantation,GA,1,15,1.935115916288137,1.675040028562266,11.0,
implantation,GA,1,16,1.935115916288137,1.6562349460864454,11.0,
implantation,GA,1,17,1.935115916288137,1.6760069245260083,11.0,
implantation,GA,1,18,1.935115916288137,1.707514197485634,11.0,
implantation,GA,1,19,1.935115916288137,1.713092110510829,11.0,
implantation,GA,1,20,1.943966661944932,1.7270777888001803,13.0,
implantation,GA,1,21,1.943966661944932,1.7394534108569104,13.0,
implantation,GA,1,22,1.9530880869778628,1.7492320791250893,15.0,
implantation,GA,1,23,1.9530880869778628,1.749928613147926,15.0,
implantation,GA,1,24,1.9530880869778628,1.7247692478477035,15.0,
implantation,GA,1,25,1.9530880869778628,1.715922370952569,15.0,
implantation,GA,1,26,1.9530880869778628,1.682214381688972,15.0,
implantation,GA,1,27,1.9530880869778628,1.6986111167325693,15.0,
implantation,GA,1,28,1.9619080193773013,1.729869506484127,15.0,
implantation,GA,1,29,1.9619080193773013,1.711662561761924,15.0,
implantation,GA,1,30,1.9619080193773013,1.7475014737475703,15.0,
implantation,GA,1,31,1.9619080193773013,1.7142749698774,15.0,
implantation,GA,1,32,1.9619080193773013,1.7374985768165954,15.0,
implantation,GA,1,33,1.9619080193773013,1.713187727439268,15.0,
implantation,GA,1,34,1.9619080193773013,1.7224513301361881,15.0,
implantation,GA,1,35,1.9619080193773013,1.6972678018030565,15.0,
implantation,GA,1,36,1.9619080193773013,1.7323272556067955,15.0,
implantation,GA,1,37,1.962493860886966,1.7506489099271498,14.0,
implantation,GA,1,38,1.962493860886966,1.7345020422995916,14.0,
implantation,GA,1,39,1.990797351975089,1.7435501387631809,14.0,
implantation,GA,1,40,1.990797351975089,1.7347071259081814,14.0,
implantation,GA,1,41,1.990797351975089,1.7091918957245789,14.0,
implantation,GA,1,42,1.990797351975089,1.7026593929475997,14.0,
implantation,GA,1,43,1.990797351975089,1.6890811661099208,14.0,
implantation,GA,1,44,1.990797351975089,1.7022519791677588,14.0,
implantation,GA,1,45,1.990797351975089,1.7152195201467415,14.0,
implantation,GA,1,46,1.990797351975089,1.69495471414094,14.0,
implantation,GA,1,47,2.042543965976504,1.7126761462368971,12.0,
implantation,GA,1,48,2.042543965976504,1.7279041744636445,12.0,
implantation,GA,1,49,2.042543965976504,1.735864693092018,12.0,
implantation,GA,1,50,2.042543965976504,1.7329565426306346,12.0,
implantation,GA,1,51,2.042543965976504,1.6931321872024676,12.0,
implantation,GA,1,52,2.0686285936586093,1.7338319541868095,10.0,
implantation,GA,1,53,2.0686285936586093,1.745338829166976,10.0,
implantation,GA,1,54,2.0686285936586093,1.7215067381961737,10.0,
implantation,GA,1,55,2.0686285936586093,1.759113569982843,10.0,
implantation,GA,1,56,2.0686285936586093,1.7076720439514834,10.0,
implantation,GA,1,57,2.0686285936586093,1.7154393145757048,10.0,
implantation,GA,1,58,2.0686285936586093,1.7481797218828814,10.0,
implantation,GA,1,59,2.0686285936586093,1.7190867169157873,10.0,
implantation,GA,1,60,2.0686285936586093,1.7376472137176264,10.0,
implantation,GA,1,61,2.0686285936586093,1.7279226556127463,10.0,
implantation,GA,1,62,2.0686285936586093,1.706714244463793,10.0,
implantation,GA,1,63,2.0686285936586093,1.7434067420947017,10.0,
implantation,GA,1,64,2.0686285936586093,1.7324850137340555,10.0,
implantation,GA,1,65,2.0686285936586093,1.7565408305128396,10.0,
implantation,GA,1,66,2.0686285936586093,1.7827717202266178,10.0,
implantation,GA,1,67,2.0686285936586093,1.7397570888770282,10.0,
implantation,GA,1,68,2.0686285936586093,1.7377143442763798,10.0,
implantation,GA,1,69,2.0686285936586093,1.7406106433838666,10.0,
implantation,GA,1,70,2.0932691783538724,1.7402644400398217,10.0,
implantation,GA,1,71,2.0932691783538724,1.7402775742477705,10.0,
implantation,GA,1,72,2.0932691783538724,1.741376383232803,10.0,
implantation,GA,1,73,2.0932691783538724,1.7552935692260836,10.0,
implantation,GA,1,74,2.095031200070971,1.7685448052917514,10.0,
implantation,GA,1,75,2.095031200070971,1.7860730926152428,10.0,
implantation,GA,1,76,2.095031200070971,1.7409117358294872,10.0,
implantation,GA,1,77,2.107279623851034,1.7363538348750107,10.0,
implantation,GA,1,78,2.107279623851034,1.7058603766942817,10.0,
implantation,GA,1,79,2.107279623851034,1.7034655498659916,10.0,
implantation,GA,1,80,2.107279623851034,1.7354314639385282,10.0,
implantation,GA,1,81,2.107279623851034,1.7028211200695806,10.0,
implantation,GA,1,82,2.107279623851034,1.7328923559782445,10.0,
implantation,GA,1,83,2.107279623851034,1.7530089255396633,10.0,
implantation,GA,1,84,2.107279623851034,1.7027667420849657,10.0,
implantation,GA,1,85,2.107279623851034,1.7381196800941041,10.0,
implantation,GA,1,86,2.107279623851034,1.7049720767155647,10.0,
implantation,GA,1,87,2.107279623851034,1.7059923434333732,10.0,
implantation,GA,1,88,2.107279623851034,1.7274587778975494,10.0,
implantation,GA,1,89,2.107279623851034,1.7233919767644266,10.0,
implantation,GA,1,90,2.107279623851034,1.742408507555855,10.0,
implantation,GA,1,91,2.107279623851034,1.7218155597964326,10.0,
implantation,GA,1,92,2.107279623851034,1.7512919520533772,10.0,
implantation,GA,1,93,2.107279623851034,1.7561865392138216,10.0,
implantation,GA,1,94,2.107279623851034,1.7601046969023102,10.0,
implantation,GA,1,95,2.107279623851034,1.7522178579128582,10.0,
implantation,GA,1,96,2.107279623851034,1.7492054553068925,10.0,
implantation,GA,1,97,2.107279623851034,1.7255921763341973,10.0,
implantation,GA,1,98,2.107279623851034,1.7346973057391275,10.0,
implantation,GA,1,99,2.107279623851034,1.7367597640746717,10.0,
implantation,GA,1,100,2.107279623851034,1.745195218408238,10.0,
implantation,GA,1,101,2.107279623851034,1.7535671587672899,10.0,
implantation,GA,1,102,2.107279623851034,1.7693028285276824,10.0,
implantation,GA,1,103,2.107279623851034,1.749003694085562,10.0,
implantation,GA,1,104,2.107279623851034,1.7390495069055696,10.0,
implantation,GA,1,105,2.107279623851034,1.7204057057848972,10.0,
implantation,GA,1,106,2.107279623851034,1.7118326764851717,10.0,
implantation,GA,1,107,2.107279623851034,1.7202627666250456,10.0,
implantation,GA,1,108,2.107279623851034,1.7185908510758021,10.0,
implantation,GA,1,109,2.107279623851034,1.7354028161486403,10.0,
implantation,GA,1,110,2.107279623851034,1.7315468647348502,10.0,
implantation,GA,1,111,2.107279623851034,1.7394424542867284,10.0,
implantation,GA,1,112,2.107279623851034,1.700997169447549,10.0,
implantation,GA,1,113,2.107279623851034,1.7186136963830172,10.0,
implantation,GA,1,114,2.107279623851034,1.705812889178376,10.0,
implantation,GA,1,115,2.107279623851034,1.7241502317858397,10.0,
implantation,GA,1,116,2.107279623851034,1.7388379038017585,10.0,
implantation,GA,1,117,2.107279623851034,1.7299260493667301,10.0,
implantation,GA,2,0,1.7954813118443371,1.5312700900631042,20.0,
implantation,GA,2,1,1.876945786625972,1.6076089756440877,17.0,
implantation,GA,2,2,1.876945786625972,1.64091585920668,17.0,
implantation,GA,2,3,1.876945786625972,1.6211725836417266,17.0,
implantation,GA,2,4,1.876945786625972,1.644715085099497,17.0,
implantation,GA,2,5,1.876945786625972,1.6467633921515035,17.0,
implantation,GA,2,6,1.876945786625972,1.6446153832280062,17.0,
implantation,GA,2,7,1.889284821923847,1.6580273833810995,17.0,
implantation,GA,2,8,1.9443114223739373,1.6722176657000916,14.0,
implantation,GA,2,9,1.9443114223739373,1.6878962155151473,14.0,
implantation,GA,2,10,1.9443114223739373,1.6828121193895462,14.0,
implantation,GA,2,11,1.9443114223739373,1.6871085014903346,14.0,
implantation,GA,2,12,1.9443114223739373,1.6921914145529862,14.0,
implantation,GA,2,13,1.9443114223739373,1.6788168222412394,14.0,
implantation,GA,2,14,1.9443114223739373,1.6766037919597523,14.0,
implantation,GA,2,15,1.9443114223739373,1.6640199392528037,14.0,
implantation,GA,2,16,1.9624203798135933,1.6887940090877813,12.0,
implantation,GA,2,17,1.9624203798135933,1.6895413908537826,12.0,
implantation,GA,2,18,1.9624203798135933,1.716897460716185,12.0,
implantation,GA,2,19,1.9624203798135933,1.7081520670899528,12.0,
implantation,GA,2,20,1.9982237539713683,1.706408131567877,12.0,
implantation,GA,2,21,1.9982237539713683,1.7162879258984063,12.0,
implantation,GA,2,22,1.9982237539713683,1.7097024647889854,12.0,
implantation,GA,2,23,1.9982237539713683,1.710609012837717,12.0,
implantation,GA,2,24,1.9982237539713683,1.694605924921055,12.0,
implantation,GA,2,25,1.9982237539713683,1.7025155150860012,12.0,
implantation,GA,2,26,1.9982237539713683,1.6890480483949883,12.0,
implantation,GA,2,27,1.9982237539713683,1.6752950822352748,12.0,
implantation,GA,2,28,1.9982237539713683,1.6834484320061178,12.0,
implantation,GA,2,29,1.9982237539713683,1.7003113810138202,12.0,
implantation,GA,2,30,1.9982237539713683,1.7002947915664266,12.0,
implantation,GA,2,31,1.9982237539713683,1.700316259474235,12.0,
implantation,GA,2,32,1.9982237539713683,1.693423246494661,12.0,
implantation,GA,2,33,1.9982237539713683,1.719897889407554,12.0,
implantation,GA,2,34,1.9982237539713683,1.7297331239580345,12.0,
implantation,GA,2,35,1.9982237539713683,1.713575719662554,12.0,
implantation,GA,2,36,1.9982237539713683,1.7083242491252708,12.0,
implantation,GA,2,37,1.9982237539713683,1.6788025455393227,12.0,
implantation,GA,2,38,1.9982237539713683,1.6982715396351822,12.0,
implantation,GA,2,39,1.9982237539713683,1.7220233144079855,12.0,
implantation,GA,2,40,1.9982237539713683,1.7167911895292178,12.0,
implantation,GA,2,41,1.9982237539713683,1.7060199637193694,12.0,
implantation,GA,2,42,1.9982237539713683,1.6774993957754192,12.0,
implantation,GA,2,43,1.9982237539713683,1.6832677750583318,12.0,
implantation,GA,2,44,1.9982237539713683,1.6857795855280522,12.0,
implantation,GA,2,45,1.9982237539713683,1.6717350667514914,12.0,
implantation,GA,2,46,1.9982237539713683,1.691002006173647,12.0,
implantation,GA,2,47,1.9982237539713683,1.7155335561350031,12.0,
implantation,GA,2,48,1.9982237539713683,1.7293496898511862,12.0,
implantation,GA,2,49,1.9982237539713683,1.712443878139147,12.0,
implantation,GA,2,50,1.9982237539713683,1.7308806437009856,12.0,
implantation,GA,2,51,1.9982237539713683,1.7204097350387666,12.0,
implantation,GA,2,52,1.9982237539713683,1.74562209880364,12.0,
implantation,GA,2,53,1.9982237539713683,1.7233141155275398,12.0,
implantation,GA,2,54,1.9982237539713683,1.7152777059364162,12.0,
implantation,GA,2,55,1.9982237539713683,1.6998061121336172,12.0,
implantation,GA,2,56,1.9982237539713683,1.704199068386162,12.0,
implantation,GA,2,57,1.9982237539713683,1.684079657523752,12.0,
implantation,GA,2,58,1.9982237539713683,1.6986048298560839,12.0,
implantation,GA,2,59,1.9982237539713683,1.6894548487877876,12.0,
implantation,GA,2,60,1.9982237539713683,1.7087773520303813,12.0,
implantation,GA,3,0,1.7935106112930672,1.587535548415781,21.0,
implantation,GA,3,1,1.8443713282656216,1.604117522702623,20.0,
implantation,GA,3,2,1.8443713282656216,1.6517785785497405,20.0,
implantation,GA,3,3,1.8565752002101201,1.622537498677783,18.0,
implantation,GA,3,4,1.9035175635273403,1.6508051813231799,16.0,
implantation,GA,3,5,1.9035175635273403,1.6482272492379302,16.0,
implantation,GA,3,6,1.9035175635273403,1.6729714960636357,16.0,
implantation,GA,3,7,1.9035175635273403,1.6674179254459198,16.0,
implantation,GA,3,8,1.9035175635273403,1.6583690185190747,16.0,
implantation,GA,3,9,2.1001498082492867,1.677005375861458,9.0,
implantation,GA,3,10,2.1001498082492867,1.6636059224409465,9.0,
implantation,GA,3,11,2.1001498082492867,1.6891930579077061,9.0,
implantation,GA,3,12,2.1001498082492867,1.6817129791042942,9.0,
implantation,GA,3,13,2.1001498082492867,1.7031558088412595,9.0,
implantation,GA,3,14,2.1001498082492867,1.7051082972120262,9.0,
implantation,GA,3,15,2.1001498082492867,1.696752967720898,9.0,
implantation,GA,3,16,2.1001498082492867,1.705997607305811,9.0,
implantation,GA,3,17,2.1001498082492867,1.7356709526996064,9.0,
implantation,GA,3,18,2.1001498082492867,1.7538070050759949,9.0,
implantation,GA,3,19,2.1001498082492867,1.7454412096300274,9.0,
implantation,GA,3,20,2.1001498082492867,1.741518253039531,9.0,
implantation,GA,3,21,2.1001498082492867,1.7237787081824234,9.0,
implantation,GA,3,22,2.1001498082492867,1.7424180423662334,9.0,
implantation,GA,3,23,2.1001498082492867,1.7500575175620532,9.0,
implantation,GA,3,24,2.1001498082492867,1.7500700918553025,9.0,
implantation,GA,3,25,2.1153907786447297,1.7404371094048372,8.0,
implantation,GA,3,26,2.1153907786447297,1.734668101779463,8.0,
implantation,GA,3,27,2.1153907786447297,1.7446868707805128,8.0,
implantation,GA,3,28,2.1153907786447297,1.7327859348839076,8.0,
implantation,GA,3,29,2.1191269255017247,1.7375634874828996,9.0,
implantation,GA,3,30,2.1191269255017247,1.7470094291075906,9.0,
implantation,GA,3,31,2.1191269255017247,1.7657749171151593,9.0,
implantation,GA,3,32,2.1191269255017247,1.7753761997680813,9.0,
implantation,GA,3,33,2.1191269255017247,1.7533896262294058,9.0,
implantation,GA,3,34,2.1191269255017247,1.7431715738268132,9.0,
implantation,GA,3,35,2.1191269255017247,1.725306053271541,9.0,
implantation,GA,3,36,2.1191269255017247,1.7180328495457033,9.0,
implantation,GA,3,37,2.1191269255017247,1.7349477820157495,9.0,
implantation,GA,3,38,2.1191269255017247,1.7255226863874031,9.0,
implantation,GA,3,39,2.1191269255017247,1.6829830177994087,9.0,
implantation,GA,3,40,2.1191269255017247,1.7066554489874732,9.0,
implantation,GA,3,41,2.1191269255017247,1.7242878256522887,9.0,
implantation,GA,3,42,2.1191269255017247,1.738877230913036,9.0,
implantation,GA,3,43,2.1191269255017247,1.7675406348739529,9.0,
implantation,GA,3,44,2.1191269255017247,1.7594482271372425,9.0,
implantation,GA,3,45,2.1191269255017247,1.740762980743488,9.0,
implantation,GA,3,46,2.1191269255017247,1.7460353248250051,9.0,
implantation,GA,3,47,2.1191269255017247,1.7468581315619427,9.0,
implantation,GA,3,48,2.1191269255017247,1.744586407835871,9.0,
implantation,GA,3,49,2.1191269255017247,1.7488835433217527,9.0,
implantation,GA,3,50,2.1191269255017247,1.7775581552378648,9.0,
implantation,GA,3,51,2.1191269255017247,1.7553021274846903,9.0,
implantation,GA,3,52,2.1191269255017247,1.738087492246132,9.0,
implantation,GA,3,53,2.1191269255017247,1.721076627561453,9.0,
implantation,GA,3,54,2.1191269255017247,1.7462607480545138,9.0,
implantation,GA,3,55,2.1191269255017247,1.7673786099247781,9.0,
implantation,GA,3,56,2.1191269255017247,1.758776703255831,9.0,
implantation,GA,3,57,2.1191269255017247,1.7349211529663322,9.0,
implantation,GA,3,58,2.1191269255017247,1.7404108067105946,9.0,
implantation,GA,3,59,2.1191269255017247,1.7051931378961036,9.0,
implantation,GA,3,60,2.1191269255017247,1.7396741916549434,9.0,
implantation,GA,3,61,2.1191269255017247,1.746872139370037,9.0,
implantation,GA,3,62,2.1191269255017247,1.763567406389992,9.0,
implantation,GA,3,63,2.1191269255017247,1.7349939300878163,9.0,
implantation,GA,3,64,2.1191269255017247,1.7327008559222594,9.0,
implantation,GA,3,65,2.1191269255017247,1.737155206661513,9.0,
implantation,GA,3,66,2.1191269255017247,1.752758535284577,9.0,
implantation,GA,3,67,2.1191269255017247,1.7380527218931139,9.0,
implantation,GA,3,68,2.1191269255017247,1.7544979395722997,9.0,
implantation,GA,3,69,2.1191269255017247,1.7464986923312615,9.0,
implantation,GA,4,0,1.86297772612605,1.5911527633493008,19.0,
implantation,GA,4,1,1.9079942906673475,1.65440794328034,17.0,
implantation,GA,4,2,1.9079942906673475,1.6839195048814353,17.0,
implantation,GA,4,3,1.9357355153202453,1.6800885353999782,15.0,
implantation,GA,4,4,1.9357355153202453,1.6909864872566651,15.0,
implantation,GA,4,5,1.9679859877563033,1.719456666172939,14.0,
implantation,GA,4,6,1.9679859877563033,1.7149085703541456,14.0,
implantation,GA,4,7,1.9679859877563033,1.6920583109900327,14.0,
implantation,GA,4,8,1.9679859877563033,1.6994101770407213,14.0,
implantation,GA,4,9,1.9679859877563033,1.7033320853369136,14.0,
implantation,GA,4,10,1.9679859877563033,1.6846982250654894,14.0,
implantation,GA,4,11,1.9905495534500055,1.6936791276464949,12.0,
implantation,GA,4,12,2.028472233059226,1.6806558125408402,11.0,
implantation,GA,4,13,2.028472233059226,1.6652617205043376,11.0,
implantation,GA,4,14,2.028472233059226,1.6607311660970054,11.0,
implantation,GA,4,15,2.028472233059226,1.686313114647147,11.0,
implantation,GA,4,16,2.028472233059226,1.7263330715547127,11.0,
implantation,GA,4,17,2.028472233059226,1.7167393357394467,11.0,
implantation,GA,4,18,2.028472233059226,1.7219367751309118,11.0,
implantation,GA,4,19,2.028472233059226,1.7005629246601939,11.0,
implantation,GA,4,20,2.028472233059226,1.715841338410614,11.0,
implantation,GA,4,21,2.028472233059226,1.7310890509770438,11.0,
implantation,GA,4,22,2.028472233059226,1.7090736064270153,11.0,
implantation,GA,4,23,2.028472233059226,1.7152528332304384,11.0,
implantation,GA,4,24,2.028472233059226,1.7339687514317983,11.0,
implantation,GA,4,25,2.028472233059226,1.722676973658568,11.0,
implantation,GA,4,26,2.028472233059226,1.7126120974684969,11.0,
implantation,GA,4,27,2.028472233059226,1.710279143297265,11.0,
implantation,GA,4,28,2.028472233059226,1.7220950003170905,11.0,
implantation,GA,4,29,2.028472233059226,1.7096637182543675,11.0,
implantation,GA,4,30,2.028472233059226,1.7204059946724146,11.0,
implantation,GA,4,31,2.028472233059226,1.6971802111662804,11.0,
implantation,GA,4,32,2.028472233059226,1.695767225932277,11.0,
implantation,GA,4,33,2.028472233059226,1.6948058349116948,11.0,
implantation,GA,4,34,2.028472233059226,1.6866711389479707,11.0,
implantation,GA,4,35,2.028472233059226,1.70477282368724,11.0,
implantation,GA,4,36,2.028472233059226,1.7017439969760253,11.0,
implantation,GA,4,37,2.028472233059226,1.7241754511982126,11.0,
implantation,GA,4,38,2.028472233059226,1.7021768659610046,11.0,
implantation,GA,4,39,2.028472233059226,1.725387482961581,11.0,
implantation,GA,4,40,2.028472233059226,1.7274211037278857,11.0,
implantation,GA,4,41,2.028472233059226,1.6846671893708751,11.0,
implantation,GA,4,42,2.0316906259310072,1.7293432575919483,10.0,
implantation,GA,4,43,2.0316906259310072,1.7267601477112606,10.0,
implantation,GA,4,44,2.0316906259310072,1.72792009389775,10.0,
implantation,GA,4,45,2.0316906259310072,1.7167644557551895,10.0,
implantation,GA,4,46,2.0316906259310072,1.7710171359435762,10.0,
implantation,GA,4,47,2.0316906259310072,1.7209802891979913,10.0,
implantation,GA,4,48,2.0316906259310072,1.740985840507058,10.0,
implantation,GA,4,49,2.0316906259310072,1.7219120882775776,10.0,
implantation,GA,4,50,2.0316906259310072,1.695220554926498,10.0,
implantation,GA,4,51,2.0316906259310072,1.7034187852821812,10.0,
implantation,GA,4,52,2.0316906259310072,1.701161675421138,10.0,
implantation,GA,4,53,2.0316906259310072,1.7337907132315344,10.0,
implantation,GA,4,54,2.0316906259310072,1.6920190500840004,10.0,
implantation,GA,4,55,2.0316906259310072,1.7278961621433697,10.0,
implantation,GA,4,56,2.0316906259310072,1.7384641400946563,10.0,
implantation,GA,4,57,2.0316906259310072,1.7259314770914884,10.0,
implantation,GA,4,58,2.0316906259310072,1.734915140082223,10.0,
implantation,GA,4,59,2.0316906259310072,1.7200388951621506,10.0,
implantation,GA,4,60,2.0316906259310072,1.7296483052597023,10.0,
implantation,GA,4,61,2.0316906259310072,1.6935104365987335,10.0,
implantation,GA,4,62,2.0316906259310072,1.7087340819788424,10.0,
implantation,GA,4,63,2.0316906259310072,1.6896728314960991,10.0,
implantation,GA,4,64,2.0316906259310072,1.717398013762838,10.0,
implantation,GA,4,65,2.0316906259310072,1.7165366048417774,10.0,
implantation,GA,4,66,2.0316906259310072,1.7143949303711423,10.0,
implantation,GA,4,67,2.0316906259310072,1.740395966590628,10.0,
implantation,GA,4,68,2.0316906259310072,1.7180598718783315,10.0,
implantation,GA,4,69,2.0316906259310072,1.7333035949569617,10.0,
implantation,GA,4,70,2.0316906259310072,1.730393960165508,10.0,
implantation,GA,4,71,2.0316906259310072,1.7427492308836197,10.0,
implantation,GA,4,72,2.0316906259310072,1.7415607918705365,10.0,
implantation,GA,4,73,2.0316906259310072,1.7524739017387774,10.0,
implantation,GA,4,74,2.0316906259310072,1.767224199382173,10.0,
implantation,GA,4,75,2.0316906259310072,1.7253387167437737,10.0,
implantation,GA,4,76,2.0316906259310072,1.7308550788453196,10.0,
implantation,GA,4,77,2.0316906259310072,1.7290393796339885,10.0,
implantation,GA,4,78,2.0316906259310072,1.7162302503323765,10.0,
implantation,GA,4,79,2.0316906259310072,1.718026198685648,10.0,
implantation,GA,4,80,2.0316906259310072,1.6847933817991418,10.0,
implantation,GA,4,81,2.0316906259310072,1.720380106773483,10.0,
implantation,GA,4,82,2.0316906259310072,1.7192024723399122,10.0,
implantation,TSFGA,0,0,1.845436790600572,1.4023832811314811,17.0,
implantation,TSFGA,0,1,1.8845232719397886,1.5029986621166618,15.0,
implantation,TSFGA,0,2,1.8941318758648658,1.5635619659440119,16.0,
implantation,TSFGA,0,3,1.8941318758648658,1.588187786944149,16.0,
implantation,TSFGA,0,4,1.8941318758648658,1.568172353682381,16.0,
implantation,TSFGA,0,5,1.8941318758648658,1.6581142033907945,16.0,
implantation,TSFGA,0,6,1.8941318758648658,1.6083304209803333,16.0,
implantation,TSFGA,0,7,1.8941318758648658,1.6079181328730932,16.0,
implantation,TSFGA,0,8,1.9454097713321838,1.6299208464088875,14.0,
implantation,TSFGA,0,9,1.9454097713321838,1.6378236141931333,14.0,
implantation,TSFGA,0,10,1.9454097713321838,1.636175316871445,14.0,
implantation,TSFGA,0,11,1.9454097713321838,1.7021677825614419,14.0,
implantation,TSFGA,0,12,2.038704925212218,1.6936108915958321,10.0,
implantation,TSFGA,0,13,2.038704925212218,1.6681702046226135,10.0,
implantation,TSFGA,0,14,2.038704925212218,1.6605678578339877,10.0,
implantation,TSFGA,0,15,2.038704925212218,1.6673546026522845,10.0,
implantation,TSFGA,0,16,2.090142720205918,1.6766141375187078,8.0,
implantation,TSFGA,0,17,2.090142720205918,1.674245748508445,8.0,
implantation,TSFGA,0,18,2.090142720205918,1.6850572633759726,8.0,
implantation,TSFGA,0,19,2.090142720205918,1.6859763821673481,8.0,
implantation,TSFGA,0,20,2.090142720205918,1.693141284494669,8.0,
implantation,TSFGA,0,21,2.12356452817981,1.6767658926803992,6.0,
implantation,TSFGA,0,22,2.12356452817981,1.68244710617754,6.0,
implantation,TSFGA,0,23,2.12356452817981,1.6893142750173482,6.0,
implantation,TSFGA,0,24,2.12356452817981,1.6855260600846633,6.0,
implantation,TSFGA,0,25,2.12356452817981,1.7225047419563915,6.0,
implantation,TSFGA,0,26,2.12356452817981,1.7338783442042895,6.0,
implantation,TSFGA,0,27,2.12356452817981,1.6807388673234143,6.0,
implantation,TSFGA,0,28,2.12356452817981,1.693869914126808,6.0,
implantation,TSFGA,0,29,2.12356452817981,1.6872305293413823,6.0,
implantation,TSFGA,0,30,2.12356452817981,1.696649620420861,6.0,
implantation,TSFGA,0,31,2.12356452817981,1.6732133433529952,6.0,
implantation,TSFGA,0,32,2.12356452817981,1.7122771603305025,6.0,
implantation,TSFGA,0,33,2.12356452817981,1.7167910626910867,6.0,
implantation,TSFGA,0,34,2.1389809760804352,1.7101604225755813,7.0,
implantation,TSFGA,0,35,2.1389809760804352,1.7394451174211203,7.0,
implantation,TSFGA,0,36,2.1389809760804352,1.7269409867703065,7.0,
implantation,TSFGA,0,37,2.1389809760804352,1.7455458670212631,7.0,
implantation,TSFGA,0,38,2.1389809760804352,1.7095859381490057,7.0,
implantation,TSFGA,0,39,2.1389809760804352,1.6911879676772075,7.0,
implantation,TSFGA,0,40,2.1389809760804352,1.7096613823259024,7.0,
implantation,TSFGA,0,41,2.1389809760804352,1.7017948576414788,7.0,
implantation,TSFGA,0,42,2.1389809760804352,1.688507736114802,7.0,
implantation,TSFGA,0,43,2.1389809760804352,1.6679439262069962,7.0,
implantation,TSFGA,0,44,2.1389809760804352,1.6414632963224416,7.0,
implantation,TSFGA,0,45,2.1389809760804352,1.6784860418197851,7.0,
implantation,TSFGA,0,46,2.1389809760804352,1.6918825283865153,7.0,
implantation,TSFGA,0,47,2.1389809760804352,1.7325981631486567,7.0,
implantation,TSFGA,0,48,2.1389809760804352,1.706037911200201,7.0,
implantation,TSFGA,0,49,2.1389809760804352,1.6710166061170881,7.0,
implantation,TSFGA,0,50,2.1389809760804352,1.6913571387367732,7.0,
implantation,TSFGA,0,51,2.1389809760804352,1.65044925588032,7.0,
implantation,TSFGA,0,52,2.1389809760804352,1.6923054198478318,7.0,
implantation,TSFGA,0,53,2.1389809760804352,1.7033391581439623,7.0,
implantation,TSFGA,0,54,2.1389809760804352,1.6744024059158207,7.0,
implantation,TSFGA,0,55,2.1389809760804352,1.6908782425458142,7.0,
implantation,TSFGA,0,56,2.1389809760804352,1.6555599558213572,7.0,
implantation,TSFGA,0,57,2.1389809760804352,1.6764528997087786,7.0,
implantation,TSFGA,0,58,2.1389809760804352,1.6830895676896458,7.0,
implantation,TSFGA,0,59,2.1389809760804352,1.664979558450586,7.0,
implantation,TSFGA,0,60,2.1389809760804352,1.6553172248733987,7.0,
implantation,TSFGA,0,61,2.1389809760804352,1.660811998909535,7.0,
implantation,TSFGA,0,62,2.1389809760804352,1.7114602334518119,7.0,
implantation,TSFGA,0,63,2.1389809760804352,1.7082630954367333,7.0,
implantation,TSFGA,0,64,2.1389809760804352,1.668978514277417,7.0,
implantation,TSFGA,0,65,2.1389809760804352,1.6808622064120455,7.0,
implantation,TSFGA,0,66,2.1389809760804352,1.721662851741705,7.0,
implantation,TSFGA,0,67,2.1389809760804352,1.6967216015904554,7.0,
implantation,TSFGA,0,68,2.1389809760804352,1.6994411761427721,7.0,
implantation,TSFGA,0,69,2.1389809760804352,1.6771814483566125,7.0,
implantation,TSFGA,0,70,2.1389809760804352,1.6676715482969642,7.0,
implantation,TSFGA,0,71,2.1389809760804352,1.6702654392818275,7.0,
implantation,TSFGA,0,72,2.1389809760804352,1.6943851930344684,7.0,
implantation,TSFGA,0,73,2.1389809760804352,1.706504487047861,7.0,
implantation,TSFGA,0,74,2.1389809760804352,1.6834674547979653,7.0,
implantation,TSFGA,1,0,1.8569606392521831,1.3609666005482635,18.0,
implantation,TSFGA,1,1,1.8768536466667287,1.5015098602355414,17.0,
implantation,TSFGA,1,2,1.8768536466667287,1.556092789070442,17.0,
implantation,TSFGA,1,3,1.8946779197816626,1.612368671757911,16.0,
implantation,TSFGA,1,4,1.9626535997357113,1.6266570403803926,13.0,
implantation,TSFGA,1,5,1.9626535997357113,1.6943349860310284,13.0,
implantation,TSFGA,1,6,1.9626535997357113,1.696478779883923,13.0,
implantation,TSFGA,1,7,1.9626535997357113,1.7133796206202803,13.0,
implantation,TSFGA,1,8,1.9626535997357113,1.7069346535642134,13.0,
implantation,TSFGA,1,9,1.9626535997357113,1.6621491132538757,13.0,
implantation,TSFGA,1,10,1.9626535997357113,1.6830723456280978,13.0,
implantation,TSFGA,1,11,1.9626535997357113,1.6615011794402392,13.0,
implantation,TSFGA,1,12,1.9626535997357113,1.6763719998770163,13.0,
implantation,TSFGA,1,13,1.9626535997357113,1.637549893620104,13.0,
implantation,TSFGA,1,14,1.9626535997357113,1.6251893158007238,13.0,
implantation,TSFGA,1,15,1.9626535997357113,1.644167719960074,13.0,
implantation,TSFGA,1,16,1.9626535997357113,1.692522797780794,13.0,
implantation,TSFGA,1,17,1.9626535997357113,1.6977566248962705,13.0,
implantation,TSFGA,1,18,1.9626535997357113,1.6967820587584963,13.0,
implantation,TSFGA,1,19,1.9626535997357113,1.6704503789168244,13.0,
implantation,TSFGA,1,20,1.9925903685744812,1.6725703028660235,11.0,
implantation,TSFGA,1,21,2.0127928223482145,1.722192792553694,10.0,
implantation,TSFGA,1,22,2.0127928223482145,1.704012566911723,10.0,
implantation,TSFGA,1,23,2.0127928223482145,1.7146639996451007,10.0,
implantation,TSFGA,1,24,2.0127928223482145,1.7287771720185212,10.0,
implantation,TSFGA,1,25,2.038559507935907,1.6742214668476052,8.0,
implantation,TSFGA,1,26,2.038559507935907,1.6883782212560028,8.0,
implantation,TSFGA,1,27,2.038559507935907,1.7080294820987483,8.0,
implantation,TSFGA,1,28,2.038559507935907,1.6776685347269464,8.0,
implantation,TSFGA,1,29,2.038559507935907,1.7508618387255566,8.0,
implantation,TSFGA,1,30,2.038559507935907,1.7417012337731457,8.0,
implantation,TSFGA,1,31,2.038559507935907,1.664707620533271,8.0,
implantation,TSFGA,1,32,2.038559507935907,1.69603804428274,8.0,
implantation,TSFGA,1,33,2.038559507935907,1.715479698945093,8.0,
implantation,TSFGA,1,34,2.038559507935907,1.736775049587449,8.0,
implantation,TSFGA,1,35,2.038559507935907,1.6880710048210539,8.0,
implantation,TSFGA,1,36,2.038559507935907,1.7323796520304093,8.0,
implantation,TSFGA,1,37,2.038559507935907,1.7097103582307553,8.0,
implantation,TSFGA,1,38,2.038559507935907,1.758077002584173,8.0,
implantation,TSFGA,1,39,2.038559507935907,1.7527472861203823,8.0,
implantation,TSFGA,1,40,2.038559507935907,1.7240099811433738,8.0,
implantation,TSFGA,1,41,2.038559507935907,1.755852477443159,8.0,
implantation,TSFGA,1,42,2.049490642355296,1.7550587893156795,7.0,
implantation,TSFGA,1,43,2.049490642355296,1.7359984568155007,7.0,
implantation,TSFGA,1,44,2.049490642355296,1.712796441069263,7.0,
implantation,TSFGA,1,45,2.049490642355296,1.7201277045835481,7.0,
implantation,TSFGA,1,46,2.049490642355296,1.7214019407437633,7.0,
implantation,TSFGA,1,47,2.049490642355296,1.7110967052496704,7.0,
implantation,TSFGA,1,48,2.049490642355296,1.7005640113112939,7.0,
implantation,TSFGA,1,49,2.049490642355296,1.6926589408797477,7.0,
implantation,TSFGA,1,50,2.049490642355296,1.68372678089826,7.0,
implantation,TSFGA,1,51,2.049490642355296,1.653788453419235,7.0,
implantation,TSFGA,1,52,2.049490642355296,1.7044103107088937,7.0,
implantation,TSFGA,1,53,2.049490642355296,1.687711246020045,7.0,
implantation,TSFGA,1,54,2.049490642355296,1.692254757847494,7.0,
implantation,TSFGA,1,55,2.049490642355296,1.659430476116727,7.0,
implantation,TSFGA,1,56,2.049490642355296,1.6718734385772103,7.0,
implantation,TSFGA,1,57,2.049490642355296,1.6834743627371225,7.0,
implantation,TSFGA,1,58,2.049490642355296,1.6893988911829212,7.0,
implantation,TSFGA,1,59,2.049490642355296,1.6770369478446483,7.0,
implantation,TSFGA,1,60,2.049490642355296,1.6675983122250055,7.0,
implantation,TSFGA,1,61,2.049490642355296,1.7041674298553329,7.0,
implantation,TSFGA,1,62,2.049490642355296,1.7078653421467442,7.0,
implantation,TSFGA,1,63,2.049490642355296,1.7202096900941393,7.0,
implantation,TSFGA,1,64,2.049490642355296,1.681702710275698,7.0,
implantation,TSFGA,1,65,2.049490642355296,1.708899138499272,7.0,
implantation,TSFGA,1,66,2.049490642355296,1.7447892307040143,7.0,
implantation,TSFGA,1,67,2.049490642355296,1.7523867315733734,7.0,
implantation,TSFGA,1,68,2.049490642355296,1.7350839647672847,7.0,
implantation,TSFGA,1,69,2.049490642355296,1.7420464286238535,7.0,
implantation,TSFGA,1,70,2.049490642355296,1.7245737927243758,7.0,
implantation,TSFGA,1,71,2.049490642355296,1.6949537906507,7.0,
implantation,TSFGA,1,72,2.049490642355296,1.6602482829573808,7.0,
implantation,TSFGA,1,73,2.049490642355296,1.707442041331467,7.0,
implantation,TSFGA,1,74,2.049490642355296,1.6716013392022784,7.0,
implantation,TSFGA,1,75,2.049490642355296,1.6925502715039236,7.0,
implantation,TSFGA,1,76,2.049490642355296,1.6543647463892888,7.0,
implantation,TSFGA,1,77,2.049490642355296,1.663789281482564,7.0,
implantation,TSFGA,1,78,2.049490642355296,1.6432761140387424,7.0,
implantation,TSFGA,1,79,2.049490642355296,1.6482653094934334,7.0,
implantation,TSFGA,1,80,2.049490642355296,1.6895987454834998,7.0,
implantation,TSFGA,1,81,2.049490642355296,1.6854532111187772,7.0,
implantation,TSFGA,1,82,2.049490642355296,1.6721589885058221,7.0,
implantation,TSFGA,2,0,1.8292260617103424,1.3822552910738355,17.0,
implantation,TSFGA,2,1,1.8292260617103424,1.4589833114994637,17.0,
implantation,TSFGA,2,2,1.8818770981361714,1.5462407897108001,15.0,
implantation,TSFGA,2,3,1.8818770981361714,1.5913155989497898,15.0,
implantation,TSFGA,2,4,1.8886996693754248,1.59791646706482,15.0,
implantation,TSFGA,2,5,1.9287747340685673,1.6165473730310524,14.0,
implantation,TSFGA,2,6,1.9287747340685673,1.6017642093039928,14.0,
implantation,TSFGA,2,7,1.9477414481042337,1.6454289104375992,13.0,
implantation,TSFGA,2,8,1.9477414481042337,1.6335352023024918,13.0,
implantation,TSFGA,2,9,1.9477414481042337,1.7035267878387181,13.0,
implantation,TSFGA,2,10,1.9477414481042337,1.6997371232631735,13.0,
implantation,TSFGA,2,11,2.0229333605554523,1.6652402598097829,10.0,
implantation,TSFGA,2,12,2.0229333605554523,1.6768603534675228,10.0,
implantation,TSFGA,2,13,2.0229333605554523,1.6935028481374395,10.0,
implantation,TSFGA,2,14,2.0229333605554523,1.6628290799032512,10.0,
implantation,TSFGA,2,15,2.0229333605554523,1.6601628228207397,10.0,
implantation,TSFGA,2,16,2.0229333605554523,1.6267906733998998,10.0,
implantation,TSFGA,2,17,2.0229333605554523,1.6787649791033696,10.0,
implantation,TSFGA,2,18,2.0229333605554523,1.6726864336592073,10.0,
implantation,TSFGA,2,19,2.0229333605554523,1.6464711984245486,10.0,
implantation,TSFGA,2,20,2.0229333605554523,1.691811284845985,10.0,
implantation,TSFGA,2,21,2.0229333605554523,1.6716327353435994,10.0,
implantation,TSFGA,2,22,2.0229333605554523,1.676248504032125,10.0,
implantation,TSFGA,2,23,2.0229333605554523,1.650967785532428,10.0,
implantation,TSFGA,2,24,2.0229333605554523,1.652537157150448,10.0,
implantation,TSFGA,2,25,2.0229333605554523,1.6782948632878334,10.0,
implantation,TSFGA,2,26,2.0229333605554523,1.6995037458031177,10.0,
implantation,TSFGA,2,27,2.0229333605554523,1.6806377764132292,10.0,
implantation,TSFGA,2,28,2.0229333605554523,1.6620025723630079,10.0,
implantation,TSFGA,2,29,2.0229333605554523,1.7004939314459357,10.0,
implantation,TSFGA,2,30,2.0229333605554523,1.7042420267244645,10.0,
implantation,TSFGA,2,31,2.0229333605554523,1.6707262080505576,10.0,
implantation,TSFGA,2,32,2.0229333605554523,1.701696684810282,10.0,
implantation,TSFGA,2,33,2.0229333605554523,1.7093467274618646,10.0,
implantation,TSFGA,2,34,2.044402699194083,1.754296952985855,10.0,
implantation,TSFGA,2,35,2.068909390667031,1.7175984256817103,9.0,
implantation,TSFGA,2,36,2.068909390667031,1.6677796985381292,9.0,
implantation,TSFGA,2,37,2.068909390667031,1.6543084531098042,9.0,
implantation,TSFGA,2,38,2.068909390667031,1.6760059836341061,9.0,
implantation,TSFGA,2,39,2.068909390667031,1.6621666280256122,9.0,
implantation,TSFGA,2,40,2.068909390667031,1.682926334089715,9.0,
implantation,TSFGA,2,41,2.068909390667031,1.707039489253545,9.0,
implantation,TSFGA,2,42,2.068909390667031,1.7220550668599919,9.0,
implantation,TSFGA,2,43,2.068909390667031,1.7172854741660728,9.0,
implantation,TSFGA,2,44,2.068909390667031,1.7056171578768506,9.0,
implantation,TSFGA,2,45,2.068909390667031,1.6903204098219156,9.0,
implantation,TSFGA,2,46,2.068909390667031,1.7033525496872983,9.0,
implantation,TSFGA,2,47,2.068909390667031,1.6587670300404036,9.0,
implantation,TSFGA,2,48,2.068909390667031,1.6838605770524793,9.0,
implantation,TSFGA,2,49,2.068909390667031,1.650870883971055,9.0,
implantation,TSFGA,2,50,2.1019463730505943,1.6611708439636375,8.0,
implantation,TSFGA,2,51,2.1019463730505943,1.6673008938700762,8.0,
implantation,TSFGA,2,52,2.1019463730505943,1.6815634436915445,8.0,
implantation,TSFGA,2,53,2.1019463730505943,1.6712400760708666,8.0,
implantation,TSFGA,2,54,2.1019463730505943,1.7172326529949309,8.0,
implantation,TSFGA,2,55,2.1019463730505943,1.7039562261716128,8.0,
implantation,TSFGA,2,56,2.1019463730505943,1.6310137763043493,8.0,
implantation,TSFGA,2,57,2.1019463730505943,1.7168397765198513,8.0,
implantation,TSFGA,2,58,2.1019463730505943,1.7063118407500437,8.0,
implantation,TSFGA,2,59,2.1019463730505943,1.6877710679814968,8.0,
implantation,TSFGA,2,60,2.1019463730505943,1.6826891575145466,8.0,
implantation,TSFGA,2,61,2.1019463730505943,1.6907203632287438,8.0,
implantation,TSFGA,2,62,2.1019463730505943,1.7010759513372722,8.0,
implantation,TSFGA,2,63,2.1019463730505943,1.7138746281662414,8.0,
implantation,TSFGA,2,64,2.1019463730505943,1.7191339926080083,8.0,
implantation,TSFGA,2,65,2.1019463730505943,1.6918003794570915,8.0,
implantation,TSFGA,2,66,2.1019463730505943,1.7054639620851535,8.0,
implantation,TSFGA,2,67,2.1019463730505943,1.6970038303827615,8.0,
implantation,TSFGA,2,68,2.1019463730505943,1.7075546737796334,8.0,
implantation,TSFGA,2,69,2.1019463730505943,1.7398590014270652,8.0,
implantation,TSFGA,2,70,2.1110094261753445,1.7197475400279678,7.0,
implantation,TSFGA,2,71,2.1110094261753445,1.6583756757684278,7.0,
implantation,TSFGA,2,72,2.1110094261753445,1.6834294034765662,7.0,
implantation,TSFGA,2,73,2.1110094261753445,1.7036471489002345,7.0,
implantation,TSFGA,2,74,2.1110094261753445,1.7317473573682123,7.0,
implantation,TSFGA,2,75,2.1110094261753445,1.7344509163931068,7.0,
implantation,TSFGA,2,76,2.1110094261753445,1.7162269446319791,7.0,
implantation,TSFGA,2,77,2.1110094261753445,1.7200654829222881,7.0,
implantation,TSFGA,2,78,2.1110094261753445,1.7505454992027019,7.0,
implantation,TSFGA,2,79,2.1110094261753445,1.7840479814995824,7.0,
implantation,TSFGA,2,80,2.1110094261753445,1.7560053642167222,7.0,
implantation,TSFGA,2,81,2.1110094261753445,1.7363061582355996,7.0,
implantation,TSFGA,2,82,2.1110094261753445,1.7341432046423624,7.0,
implantation,TSFGA,2,83,2.1110094261753445,1.7085560536919022,7.0,
implantation,TSFGA,2,84,2.1110094261753445,1.7313936404284367,7.0,
implantation,TSFGA,2,85,2.1110094261753445,1.7592232237683714,7.0,
implantation,TSFGA,2,86,2.1110094261753445,1.7285927599454176,7.0,
implantation,TSFGA,2,87,2.1110094261753445,1.7558458445002505,7.0,
implantation,TSFGA,2,88,2.1110094261753445,1.7467351911868143,7.0,
implantation,TSFGA,2,89,2.1110094261753445,1.730125409866756,7.0,
implantation,TSFGA,2,90,2.1110094261753445,1.7508057351775967,7.0,
implantation,TSFGA,2,91,2.1110094261753445,1.7513696326998052,7.0,
implantation,TSFGA,2,92,2.1110094261753445,1.732797062015284,7.0,
implantation,TSFGA,2,93,2.1110094261753445,1.6843668594534011,7.0,
implantation,TSFGA,2,94,2.1110094261753445,1.6390973847554584,7.0,
implantation,TSFGA,2,95,2.1110094261753445,1.652113021123402,7.0,
implantation,TSFGA,2,96,2.1110094261753445,1.657623481018738,7.0,
implantation,TSFGA,2,97,2.1110094261753445,1.6375865583796192,7.0,
implantation,TSFGA,2,98,2.1110094261753445,1.700514395031727,7.0,
implantation,TSFGA,2,99,2.1110094261753445,1.6499118216938164,7.0,
implantation,TSFGA,2,100,2.1110094261753445,1.6497536289472712,7.0,
implantation,TSFGA,2,101,2.1110094261753445,1.703567244612372,7.0,
implantation,TSFGA,2,102,2.1110094261753445,1.7034354992567635,7.0,
implantation,TSFGA,2,103,2.1110094261753445,1.6941190383191098,7.0,
implantation,TSFGA,2,104,2.1110094261753445,1.655952305241763,7.0,
implantation,TSFGA,2,105,2.1110094261753445,1.6429540426299767,7.0,
implantation,TSFGA,2,106,2.1110094261753445,1.6659156277731533,7.0,
implantation,TSFGA,2,107,2.1110094261753445,1.67758069190475,7.0,
implantation,TSFGA,2,108,2.1110094261753445,1.6754221324583702,7.0,
implantation,TSFGA,2,109,2.1110094261753445,1.6773728546103253,7.0,
implantation,TSFGA,2,110,2.1110094261753445,1.7111703164384533,7.0,
implantation,TSFGA,3,0,1.878488380054208,1.3847489391529209,17.0,
implantation,TSFGA,3,1,1.878488380054208,1.5423360577852248,17.0,
implantation,TSFGA,3,2,1.9202078372526294,1.6003369065753972,15.0,
implantation,TSFGA,3,3,1.9202078372526294,1.6208443849121885,15.0,
implantation,TSFGA,3,4,1.9498257581574798,1.622578376801291,13.0,
implantation,TSFGA,3,5,1.9591041242823766,1.6541302155945181,13.0,
implantation,TSFGA,3,6,1.9783861973671975,1.6618349866115545,11.0,
implantation,TSFGA,3,7,2.0124826380917566,1.7099728818403483,10.0,
implantation,TSFGA,3,8,2.0124826380917566,1.725686725505555,10.0,
implantation,TSFGA,3,9,2.0124826380917566,1.757940140351068,10.0,
implantation,TSFGA,3,10,2.0124826380917566,1.72741169704936,10.0,
implantation,TSFGA,3,11,2.0124826380917566,1.7365594226099677,10.0,
implantation,TSFGA,3,12,2.0124826380917566,1.7120274873195869,10.0,
implantation,TSFGA,3,13,2.03370514827025,1.6852152370868148,10.0,
implantation,TSFGA,3,14,2.03370514827025,1.6559010935677978,10.0,
implantation,TSFGA,3,15,2.03370514827025,1.6812774186996287,10.0,
implantation,TSFGA,3,16,2.03370514827025,1.6581012059355036,10.0,
implantation,TSFGA,3,17,2.03370514827025,1.6925635655991962,10.0,
implantation,TSFGA,3,18,2.03370514827025,1.6940177913178016,10.0,
implantation,TSFGA,3,19,2.03370514827025,1.704430984054389,10.0,
implantation,TSFGA,3,20,2.03370514827025,1.7376551109867453,10.0,
implantation,TSFGA,3,21,2.03370514827025,1.7148639724410244,10.0,
implantation,TSFGA,3,22,2.03370514827025,1.7173861933426848,10.0,
implantation,TSFGA,3,23,2.03370514827025,1.7031757580164217,10.0,
implantation,TSFGA,3,24,2.03370514827025,1.7212599546064797,10.0,
implantation,TSFGA,3,25,2.03370514827025,1.745561982745978,10.0,
implantation,TSFGA,3,26,2.03370514827025,1.7151922946474372,10.0,
implantation,TSFGA,3,27,2.03370514827025,1.6962381257228116,10.0,
implantation,TSFGA,3,28,2.03370514827025,1.6495265385230566,10.0,
implantation,TSFGA,3,29,2.03370514827025,1.6953290153355467,10.0,
implantation,TSFGA,3,30,2.03370514827025,1.7110412249577855,10.0,
implantation,TSFGA,3,31,2.042812634537958,1.724345732264203,9.0,
implantation,TSFGA,3,32,2.042812634537958,1.7303242058134778,9.0,
implantation,TSFGA,3,33,2.042812634537958,1.6952824605371972,9.0,
implantation,TSFGA,3,34,2.0508380720946295,1.7180169375493102,9.0,
implantation,TSFGA,3,35,2.0508380720946295,1.7171285639527454,9.0,
implantation,TSFGA,3,36,2.0508380720946295,1.747296352468903,9.0,
implantation,TSFGA,3,37,2.1044604403373945,1.7545816604573374,8.0,
implantation,TSFGA,3,38,2.1044604403373945,1.7471820401575235,8.0,
implantation,TSFGA,3,39,2.1044604403373945,1.7604340177961681,8.0,
implantation,TSFGA,3,40,2.1044604403373945,1.7409139428077869,8.0,
implantation,TSFGA,3,41,2.1044604403373945,1.7087346290840653,8.0,
implantation,TSFGA,3,42,2.1044604403373945,1.670054267029024,8.0,
implantation,TSFGA,3,43,2.1044604403373945,1.7335190001081586,8.0,
implantation,TSFGA,3,44,2.1044604403373945,1.7207569258188928,8.0,
implantation,TSFGA,3,45,2.1044604403373945,1.7381286314724673,8.0,
implantation,TSFGA,3,46,2.1044604403373945,1.7509193026072758,8.0,
implantation,TSFGA,3,47,2.1044604403373945,1.6583548564944615,8.0,
implantation,TSFGA,3,48,2.1044604403373945,1.7137734326431322,8.0,
implantation,TSFGA,3,49,2.1044604403373945,1.7297247230671142,8.0,
implantation,TSFGA,3,50,2.1044604403373945,1.7231144722006413,8.0,
implantation,TSFGA,3,51,2.1044604403373945,1.7195475304755363,8.0,
implantation,TSFGA,3,52,2.1044604403373945,1.7127985833476422,8.0,
implantation,TSFGA,3,53,2.1044604403373945,1.7264440884280987,8.0,
implantation,TSFGA,3,54,2.1044604403373945,1.7059768278889151,8.0,
implantation,TSFGA,3,55,2.1044604403373945,1.7455777840657511,8.0,
implantation,TSFGA,3,56,2.114689420414407,1.7636880211698496,7.0,
implantation,TSFGA,3,57,2.114689420414407,1.7673948805129434,7.0,
implantation,TSFGA,3,58,2.114689420414407,1.7736904437588243,7.0,
implantation,TSFGA,3,59,2.114689420414407,1.7491876119208716,7.0,
implantation,TSFGA,3,60,2.114689420414407,1.743175957010592,7.0,
implantation,TSFGA,3,61,2.114689420414407,1.7176211571156768,7.0,
implantation,TSFGA,3,62,2.114689420414407,1.6985055993877407,7.0,
implantation,TSFGA,3,63,2.114689420414407,1.7083561303631882,7.0,
implantation,TSFGA,3,64,2.114689420414407,1.7523026677870543,7.0,
implantation,TSFGA,3,65,2.114689420414407,1.764448534267737,7.0,
implantation,TSFGA,3,66,2.114689420414407,1.7833769068756034,7.0,
implantation,TSFGA,3,67,2.114689420414407,1.7791051915148757,7.0,
implantation,TSFGA,3,68,2.114689420414407,1.7793373248749702,7.0,
implantation,TSFGA,3,69,2.114689420414407,1.7749037680728357,7.0,
implantation,TSFGA,3,70,2.114689420414407,1.7561410921757108,7.0,
implantation,TSFGA,3,71,2.114689420414407,1.7567536629378189,7.0,
implantation,TSFGA,3,72,2.117523194535707,1.7413567683568918,6.0,
implantation,TSFGA,3,73,2.117523194535707,1.7614962167215733,6.0,
implantation,TSFGA,3,74,2.117523194535707,1.757189818789188,6.0,
implantation,TSFGA,3,75,2.117523194535707,1.7258370755533534,6.0,
implantation,TSFGA,3,76,2.117523194535707,1.7645294649916763,6.0,
implantation,TSFGA,3,77,2.117523194535707,1.7454269704253647,6.0,
implantation,TSFGA,3,78,2.117523194535707,1.7207747938209779,6.0,
implantation,TSFGA,3,79,2.117523194535707,1.709345309872284,6.0,
implantation,TSFGA,3,80,2.117523194535707,1.6942337784786052,6.0,
implantation,TSFGA,3,81,2.117523194535707,1.6929177890017157,6.0,
implantation,TSFGA,3,82,2.117523194535707,1.6858754354258785,6.0,
implantation,TSFGA,3,83,2.117523194535707,1.7052627993089366,6.0,
implantation,TSFGA,3,84,2.117523194535707,1.6731834860612824,6.0,
implantation,TSFGA,3,85,2.117523194535707,1.6846423268081285,6.0,
implantation,TSFGA,3,86,2.117523194535707,1.7004017055288934,6.0,
implantation,TSFGA,3,87,2.117523194535707,1.7241292836412239,6.0,
implantation,TSFGA,3,88,2.117523194535707,1.732143489907489,6.0,
implantation,TSFGA,3,89,2.117523194535707,1.750750368419638,6.0,
implantation,TSFGA,3,90,2.117523194535707,1.796242022187947,6.0,
implantation,TSFGA,3,91,2.117523194535707,1.815469881612757,6.0,
implantation,TSFGA,3,92,2.117523194535707,1.7935336388404202,6.0,
implantation,TSFGA,3,93,2.117523194535707,1.759123479865123,6.0,
implantation,TSFGA,3,94,2.117523194535707,1.7487680424433765,6.0,
implantation,TSFGA,3,95,2.117523194535707,1.7486336910247169,6.0,
implantation,TSFGA,3,96,2.117523194535707,1.7135594721257994,6.0,
implantation,TSFGA,3,97,2.117523194535707,1.6853678234311444,6.0,
implantation,TSFGA,3,98,2.117523194535707,1.6865707524375495,6.0,
implantation,TSFGA,3,99,2.117523194535707,1.6962060233725968,6.0,
implantation,TSFGA,3,100,2.117523194535707,1.6829965035712007,6.0,
implantation,TSFGA,3,101,2.117523194535707,1.692586423440916,6.0,
implantation,TSFGA,3,102,2.117523194535707,1.7501695660564998,6.0,
implantation,TSFGA,3,103,2.117523194535707,1.7468184619493345,6.0,
implantation,TSFGA,3,104,2.117523194535707,1.7294498106971894,6.0,
implantation,TSFGA,3,105,2.117523194535707,1.7343632341703212,6.0,
implantation,TSFGA,3,106,2.117523194535707,1.7681990775028695,6.0,
implantation,TSFGA,3,107,2.117523194535707,1.7423827091592567,6.0,
implantation,TSFGA,3,108,2.117523194535707,1.7430483124235039,6.0,
implantation,TSFGA,3,109,2.117523194535707,1.7645051994476606,6.0,
implantation,TSFGA,3,110,2.117523194535707,1.7343035807097131,6.0,
implantation,TSFGA,3,111,2.117523194535707,1.7240374092998394,6.0,
implantation,TSFGA,3,112,2.117523194535707,1.7275945977816378,6.0,
implantation,TSFGA,4,0,1.8122747245431905,1.3864688986918285,19.0,
implantation,TSFGA,4,1,1.8483853136469042,1.5186476629004004,18.0,
implantation,TSFGA,4,2,1.9034950858316573,1.5488758903275621,15.0,
implantation,TSFGA,4,3,1.9034950858316573,1.5874373900058456,15.0,
implantation,TSFGA,4,4,1.9034950858316573,1.5861977310216502,15.0,
implantation,TSFGA,4,5,1.9034950858316573,1.634011413240934,15.0,
implantation,TSFGA,4,6,1.9316463030509374,1.664044661171473,14.0,
implantation,TSFGA,4,7,1.9316463030509374,1.6962521726360975,14.0,
implantation,TSFGA,4,8,1.9520657290879753,1.6856392382203065,14.0,
implantation,TSFGA,4,9,1.9718833204137014,1.6688862041820272,11.0,
implantation,TSFGA,4,10,2.008618178429253,1.6932185496997398,11.0,
implantation,TSFGA,4,11,2.008618178429253,1.6917369411517735,11.0,
implantation,TSFGA,4,12,2.008618178429253,1.6937752316855943,11.0,
implantation,TSFGA,4,13,2.008618178429253,1.6764212159705683,11.0,
implantation,TSFGA,4,14,2.008618178429253,1.7177687065784777,11.0,
implantation,TSFGA,4,15,2.008618178429253,1.6936443872245988,11.0,
implantation,TSFGA,4,16,2.008618178429253,1.6898377885444773,11.0,
implantation,TSFGA,4,17,2.008618178429253,1.7063715024284611,11.0,
implantation,TSFGA,4,18,2.008618178429253,1.7244849159003421,11.0,
implantation,TSFGA,4,19,2.008618178429253,1.7428020594951286,11.0,
implantation,TSFGA,4,20,2.008618178429253,1.7057293980060115,11.0,
implantation,TSFGA,4,21,2.008618178429253,1.73785180906605,11.0,
implantation,TSFGA,4,22,2.008618178429253,1.731730078827551,11.0,
implantation,TSFGA,4,23,2.008618178429253,1.7288722081999635,11.0,
implantation,TSFGA,4,24,2.008618178429253,1.71136830318423,11.0,
implantation,TSFGA,4,25,2.008618178429253,1.7243919536065877,11.0,
implantation,TSFGA,4,26,2.008618178429253,1.6844570617500492,11.0,
implantation,TSFGA,4,27,2.008618178429253,1.700326252498614,11.0,
implantation,TSFGA,4,28,2.008618178429253,1.674808705373613,11.0,
implantation,TSFGA,4,29,2.008618178429253,1.6941140315144807,11.0,
implantation,TSFGA,4,30,2.008618178429253,1.6982314895262782,11.0,
implantation,TSFGA,4,31,2.008618178429253,1.7168753050567538,11.0,
implantation,TSFGA,4,32,2.0399024318291388,1.6928595454822184,9.0,
implantation,TSFGA,4,33,2.0399024318291388,1.680785591144632,9.0,
implantation,TSFGA,4,34,2.0399024318291388,1.6914675941901236,9.0,
implantation,TSFGA,4,35,2.0399024318291388,1.727975597537047,9.0,
implantation,TSFGA,4,36,2.0399024318291388,1.7275971319852186,9.0,
implantation,TSFGA,4,37,2.0399024318291388,1.703076127207637,9.0,
implantation,TSFGA,4,38,2.0399024318291388,1.702458780130381,9.0,
implantation,TSFGA,4,39,2.0399024318291388,1.6597312200879606,9.0,
implantation,TSFGA,4,40,2.0399024318291388,1.6961655057037064,9.0,
implantation,TSFGA,4,41,2.068143852289174,1.681191012132049,7.0,
implantation,TSFGA,4,42,2.068143852289174,1.657688380039886,7.0,
implantation,TSFGA,4,43,2.068143852289174,1.7058057844999113,7.0,
implantation,TSFGA,4,44,2.0825215691367043,1.649965690347925,8.0,
implantation,TSFGA,4,45,2.0825215691367043,1.6652077257696667,8.0,
implantation,TSFGA,4,46,2.0825215691367043,1.7012492947146012,8.0,
implantation,TSFGA,4,47,2.0825215691367043,1.6904007017443086,8.0,
implantation,TSFGA,4,48,2.0825215691367043,1.734224137221711,8.0,
implantation,TSFGA,4,49,2.0825215691367043,1.7054841150050393,8.0,
implantation,TSFGA,4,50,2.0825215691367043,1.7078734473972907,8.0,
implantation,TSFGA,4,51,2.0825215691367043,1.6860815641928106,8.0,
implantation,TSFGA,4,52,2.0825215691367043,1.7213341066954786,8.0,
implantation,TSFGA,4,53,2.0825215691367043,1.6971500168454707,8.0,
implantation,TSFGA,4,54,2.0825215691367043,1.7119493401914714,8.0,
implantation,TSFGA,4,55,2.0825215691367043,1.7666489578389601,8.0,
implantation,TSFGA,4,56,2.0825215691367043,1.7151350491964323,8.0,
implantation,TSFGA,4,57,2.0825215691367043,1.6720411637773782,8.0,
implantation,TSFGA,4,58,2.0825215691367043,1.695557770092679,8.0,
implantation,TSFGA,4,59,2.0825215691367043,1.7177014458324886,8.0,
implantation,TSFGA,4,60,2.0825215691367043,1.7310778235226834,8.0,
implantation,TSFGA,4,61,2.0825215691367043,1.701120462614281,8.0,
implantation,TSFGA,4,62,2.0825215691367043,1.751417572893633,8.0,
implantation,TSFGA,4,63,2.0825215691367043,1.7482183397076345,8.0,
implantation,TSFGA,4,64,2.0825215691367043,1.7358522221858173,8.0,
implantation,TSFGA,4,65,2.0825215691367043,1.733118036746837,8.0,
implantation,TSFGA,4,66,2.0825215691367043,1.726379284632117,8.0,
implantation,TSFGA,4,67,2.0825215691367043,1.7356707052641547,8.0,
implantation,TSFGA,4,68,2.0825215691367043,1.7421032724718628,8.0,
implantation,TSFGA,4,69,2.0825215691367043,1.7267536872948903,8.0,
implantation,TSFGA,4,70,2.0825215691367043,1.7255173142829991,8.0,
implantation,TSFGA,4,71,2.0825215691367043,1.661868438337412,8.0,
implantation,TSFGA,4,72,2.0825215691367043,1.6821680790674922,8.0,
implantation,TSFGA,4,73,2.0825215691367043,1.6963373157978658,8.0,
implantation,TSFGA,4,74,2.0825215691367043,1.7042722292916643,8.0,
implantation,TSFGA,4,75,2.0825215691367043,1.72433706762178,8.0,
implantation,TSFGA,4,76,2.0825215691367043,1.7260753025363413,8.0,
implantation,TSFGA,4,77,2.0825215691367043,1.7359199238471406,8.0,
implantation,TSFGA,4,78,2.0825215691367043,1.7262409952762294,8.0,
implantation,TSFGA,4,79,2.0825215691367043,1.6560879408514366,8.0,
implantation,TSFGA,4,80,2.0825215691367043,1.6839314155028546,8.0,
implantation,TSFGA,4,81,2.0825215691367043,1.7422897547136054,8.0,
implantation,TSFGA,4,82,2.0825215691367043,1.7375796486023938,8.0,
implantation,TSFGA,4,83,2.0825215691367043,1.7446099991232547,8.0,
implantation,TSFGA,4,84,2.0825215691367043,1.7291057305096849,8.0,
implantation,NSGA2,0,0,0.583207719413475,0.40396941834351824,,5.0
implantation,NSGA2,0,1,0.5864177204590088,0.4489024073187954,,3.0
implantation,NSGA2,0,2,0.5864177204590088,0.4282965750716487,,4.0
implantation,NSGA2,0,3,0.5963084947627662,0.4490371418973938,,3.0
implantation,NSGA2,0,4,0.6074332584061055,0.46377775722726433,,5.0
implantation,NSGA2,0,5,0.6074332584061055,0.46149183913926184,,5.0
implantation,NSGA2,0,6,0.6074332584061055,0.47298065367280506,,6.0
implantation,NSGA2,0,7,0.6074332584061055,0.48448189192173546,,5.0
implantation,NSGA2,0,8,0.6137873656474435,0.5408337229422925,,2.0
implantation,NSGA2,0,9,0.6210937504420728,0.5471618575802435,,2.0
implantation,NSGA2,0,10,0.6275144647718547,0.553956373169571,,3.0
implantation,NSGA2,0,11,0.6303815936684458,0.5636531368714437,,4.0
implantation,NSGA2,0,12,0.6347393403061522,0.5681779284887976,,4.0
implantation,NSGA2,0,13,0.6347393403061522,0.567600594797107,,5.0
implantation,NSGA2,0,14,0.6383344050791657,0.5498622750111298,,3.0
implantation,NSGA2,0,15,0.6383344050791657,0.5494808674324647,,5.0
implantation,NSGA2,0,16,0.6383344050791657,0.5848872782230803,,14.0
implantation,NSGA2,0,17,0.6389542710395194,0.606640050925112,,31.0
implantation,NSGA2,0,18,0.6389710351866029,0.6051043606465087,,52.0
implantation,NSGA2,0,19,0.6389710351866029,0.6095925383234982,,74.0
implantation,NSGA2,0,20,0.6389710351866029,0.6133771459421101,,80.0
implantation,NSGA2,0,21,0.6389710351866029,0.6131014112067348,,80.0
implantation,NSGA2,0,22,0.6389710351866029,0.6097744574047957,,80.0
implantation,NSGA2,0,23,0.6389710351866029,0.6092069803232537,,80.0
implantation,NSGA2,0,24,0.6389710351866029,0.6024890422762093,,80.0
implantation,NSGA2,0,25,0.6389710351866029,0.5991620884742703,,80.0
implantation,NSGA2,0,26,0.6389710351866029,0.5994858460420203,,80.0
implantation,NSGA2,0,27,0.6389710351866029,0.5967423769324147,,80.0
implantation,NSGA2,0,28,0.6389710351866029,0.5936751502550595,,80.0
implantation,NSGA2,0,29,0.6389710351866029,0.5903321888423289,,80.0
implantation,NSGA2,0,30,0.6389710351866029,0.5842137430984098,,80.0
implantation,NSGA2,0,31,0.6389710351866029,0.5845375006661596,,80.0
implantation,NSGA2,0,32,0.6389710351866029,0.5814862815995958,,80.0
implantation,NSGA2,0,33,0.6389710351866029,0.5784190549222405,,80.0
implantation,NSGA2,0,34,0.6389710351866029,0.5781672856739998,,80.0
implantation,NSGA2,0,35,0.6389710351866029,0.5717330402386737,,80.0
implantation,NSGA2,0,36,0.6389710351866029,0.5781592359395511,,80.0
implantation,NSGA2,0,37,0.6389710351866029,0.5751239326256734,,80.0
implantation,NSGA2,0,38,0.6389710351866029,0.5751318905020162,,80.0
implantation,NSGA2,0,39,0.6389710351866029,0.5754556480697662,,80.0
implantation,NSGA2,0,40,0.6389710351866029,0.5754636978042148,,80.0
implantation,NSGA2,0,41,0.6389710351866029,0.5723884213924109,,80.0
implantation,NSGA2,0,42,0.6389710351866029,0.5724523599774715,,80.0
implantation,NSGA2,0,43,0.6389710351866029,0.5724363523666799,,80.0
implantation,NSGA2,0,44,0.6389710351866029,0.5758352944881281,,80.0
implantation,NSGA2,0,45,0.6389710351866029,0.5755275445311698,,80.0
implantation,NSGA2,0,46,0.6389710351866029,0.5755275445311698,,80.0
implantation,NSGA2,0,47,0.6389710351866029,0.5718928407722723,,80.0
implantation,NSGA2,0,48,0.6389710351866029,0.5722005907292308,,80.0
implantation,NSGA2,0,49,0.6389710351866029,0.5694251063980422,,80.0
implantation,NSGA2,0,50,0.6389710351866029,0.5660341221529369,,80.0
implantation,NSGA2,0,51,0.6389710351866029,0.5697248066205519,,80.0
implantation,NSGA2,0,52,0.6389710351866029,0.5697408142313436,,80.0
implantation,NSGA2,0,53,0.6389710351866029,0.5663818452078214,,80.0
implantation,NSGA2,0,54,0.6389710351866029,0.570048564188302,,80.0
implantation,NSGA2,0,55,0.6389710351866029,0.569772737594821,,80.0
implantation,NSGA2,0,56,0.6389710351866029,0.5664057188368503,,80.0
implantation,NSGA2,0,57,0.6389710351866029,0.5661219343670265,,80.0
implantation,NSGA2,0,58,0.6389710351866029,0.5694809033905486,,80.0
implantation,NSGA2,0,59,0.6389710351866029,0.5694809033905486,,80.0
implantation,NSGA2,0,60,0.6389710351866029,0.5664536498111193,,80.0
implantation,NSGA2,0,61,0.6389710351866029,0.5627549156090557,,80.0
implantation,NSGA2,0,62,0.6389710351866029,0.5596797310553573,,80.0
implantation,NSGA2,0,63,0.6389710351866029,0.5664376422003278,,80.0
implantation,NSGA2,0,64,0.6389710351866029,0.5728478302904138,,80.0
implantation,NSGA2,0,65,0.6389710351866029,0.5796136993117271,,80.0
implantation,NSGA2,0,66,0.6389710351866029,0.5728397805559651,,80.0
implantation,NSGA2,0,67,0.6389710351866029,0.5722083648893624,,80.0
implantation,NSGA2,0,68,0.6389710351866029,0.5725240727226637,,80.0
implantation,NSGA2,0,69,0.6389710351866029,0.5725240727226637,,80.0
implantation,NSGA2,0,70,0.6389710351866029,0.5762067993139359,,80.0
implantation,NSGA2,0,71,0.6389710351866029,0.5756073070108106,,80.0
implantation,NSGA2,0,72,0.6389710351866029,0.5725560879442468,,80.0
implantation,NSGA2,0,73,0.6389710351866029,0.5694809033905486,,80.0
implantation,NSGA2,0,74,0.6389710351866029,0.5630786731768056,,80.0
implantation,NSGA2,0,75,0.6389710351866029,0.566145899854161,,80.0
implantation,NSGA2,0,76,0.6389710351866029,0.5627629653435042,,80.0
implantation,NSGA2,0,77,0.6389710351866029,0.5661538577305039,,80.0
implantation,NSGA2,0,78,0.6389710351866029,0.5627788810961902,,80.0
implantation,NSGA2,0,79,0.6389710351866029,0.5661378501197124,,80.0
implantation,NSGA2,0,80,0.6389710351866029,0.5695367922411606,,80.0
implantation,NSGA2,0,81,0.6389710351866029,0.5762707378989965,,80.0
implantation,NSGA2,0,82,0.6389710351866029,0.5762786957753395,,80.0
implantation,NSGA2,0,83,0.6389710351866029,0.5857960836407069,,80.0
implantation,NSGA2,0,84,0.6389710351866029,0.5830445647966529,,80.0
implantation,NSGA2,0,85,0.6389710351866029,0.5796216571880701,,80.0
implantation,NSGA2,0,86,0.6389710351866029,0.5762466805537564,,80.0
implantation,NSGA2,0,87,0.6389710351866029,0.5796216571880701,,80.0
implantation,NSGA2,0,88,0.6389710351866029,0.5762786039172338,,80.0
implantation,NSGA2,0,89,0.6389710351866029,0.572619934671202,,80.0
implantation,NSGA2,0,90,0.6389710351866029,0.5726118849367532,,80.0
implantation,NSGA2,0,91,0.6389710351866029,0.5726118849367533,,80.0
implantation,NSGA2,0,92,0.6389710351866029,0.5726198428130964,,80.0
implantation,NSGA2,0,93,0.6389710351866029,0.5732272929925644,,80.0
implantation,NSGA2,0,94,0.6389710351866029,0.5698922894561769,,80.0
implantation,NSGA2,0,95,0.6389710351866029,0.5760187849345446,,80.0
implantation,NSGA2,0,96,0.6389710351866029,0.5760427504216791,,80.0
implantation,NSGA2,0,97,0.6389710351866029,0.5754113347550763,,80.0
implantation,NSGA2,0,98,0.6389710351866029,0.5720363581207627,,80.0
implantation,NSGA2,0,99,0.6389710351866029,0.5692448661787826,,80.0
implantation,NSGA2,0,100,0.6389710351866029,0.5652544814886576,,80.0
implantation,NSGA2,0,101,0.6389710351866029,0.5652544814886576,,80.0
implantation,NSGA2,0,102,0.6389710351866029,0.5624950047682608,,80.0
implantation,NSGA2,0,103,0.6389710351866029,0.566137666403501,,80.0
implantation,NSGA2,0,104,0.6389710351866029,0.5664454163604595,,80.0
implantation,NSGA2,0,105,0.6389710351866029,0.5661536740142926,,80.0
implantation,NSGA2,0,106,0.6389710351866029,0.563386147559447,,80.0
implantation,NSGA2,0,107,0.6389710351866029,0.5667531663174178,,80.0
implantation,NSGA2,0,108,0.6389710351866029,0.5667531663174179,,80.0
implantation,NSGA2,0,109,0.6389710351866029,0.5728396886978595,,80.0
implantation,NSGA2,0,110,0.6389710351866029,0.5728636541849941,,80.0
implantation,NSGA2,0,111,0.6389710351866029,0.5734871119752538,,80.0
implantation,NSGA2,0,112,0.6389710351866029,0.5765703462634006,,80.0
implantation,NSGA2,0,113,0.6389710351866029,0.5725719118388273,,80.0
implantation,NSGA2,0,114,0.6389710351866029,0.5725639539624843,,80.0
implantation,NSGA2,0,115,0.6389710351866029,0.5802051418804037,,80.0
implantation,NSGA2,0,116,0.6389710351866029,0.5765384228999232,,80.0
implantation,NSGA2,0,117,0.6389710351866029,0.573503211444151,,80.0
implantation,NSGA2,0,118,0.6389710351866029,0.567053050256139,,80.0
implantation,NSGA2,0,119,0.6389710351866029,0.5673687580894402,,80.0
implantation,NSGA2,0,120,0.6389710351866029,0.5639937814551266,,80.0
implantation,NSGA2,0,121,0.6389710351866029,0.5667373424228376,,80.0
implantation,NSGA2,0,122,0.6389710351866029,0.5636861233562738,,80.0
implantation,NSGA2,0,123,0.6389710351866029,0.5738109614011093,,80.0
implantation,NSGA2,0,124,0.6389710351866029,0.5704359847667957,,80.0
implantation,NSGA2,0,125,0.6389710351866029,0.5701202769334943,,80.0
implantation,NSGA2,0,126,0.6389710351866029,0.5731875036108496,,80.0
implantation,NSGA2,0,127,0.6389710351866029,0.5796297069225187,,80.0
implantation,NSGA2,0,128,0.6389710351866029,0.5826889757235312,,80.0
implantation,NSGA2,0,129,0.6389710351866029,0.5824051912537073,,80.0
implantation,NSGA2,0,130,0.6389710351866029,0.5790462222301851,,80.0
implantation,NSGA2,0,131,0.6389710351866029,0.5756472801087368,,80.0
implantation,NSGA2,0,132,0.6389710351866029,0.5723122765723492,,80.0
implantation,NSGA2,0,133,0.6389710351866029,0.5692450498949938,,80.0
implantation,NSGA2,0,134,0.6389710351866029,0.5655543654273787,,80.0
implantation,NSGA2,0,135,0.6389710351866029,0.5655623233037217,,80.0
implantation,NSGA2,0,136,0.6389710351866029,0.5661778232176384,,80.0
implantation,NSGA2,0,137,0.6389710351866029,0.5624871387500233,,80.0
implantation,NSGA2,0,138,0.6389710351866029,0.5628268120704593,,80.0
implantation,NSGA2,0,139,0.6389710351866029,0.5661618156068469,,80.0
implantation,NSGA2,0,140,0.6389710351866029,0.569528742506712,,80.0
implantation,NSGA2,0,141,0.6389710351866029,0.5664695655638052,,80.0
implantation,NSGA2,0,142,0.6389710351866029,0.5631185544166261,,80.0
implantation,NSGA2,0,143,0.6389710351866029,0.5631025468058345,,80.0
implantation,NSGA2,0,144,0.6389710351866029,0.556344635660864,,80.0
implantation,NSGA2,0,145,0.6389710351866029,0.549894474472852,,80.0
implantation,NSGA2,0,146,0.6389710351866029,0.5502022244298105,,80.0
implantation,NSGA2,0,147,0.6389710351866029,0.5532694511071657,,80.0
implantation,NSGA2,0,148,0.6389710351866029,0.5566923587157486,,80.0
implantation,NSGA2,0,149,0.6389710351866029,0.5597435777823124,,80.0
implantation,NSGA2,0,150,0.6389710351866029,0.5529856666373419,,80.0
implantation,NSGA2,0,151,0.6389710351866029,0.5630945889294916,,80.0
implantation,NSGA2,0,152,0.6389710351866029,0.559711654418835,,80.0
implantation,NSGA2,0,153,0.6389710351866029,0.5701362845442859,,80.0
implantation,NSGA2,0,154,0.6389710351866029,0.5667453002991806,,80.0
implantation,NSGA2,0,155,0.6389710351866029,0.567053050256139,,80.0
implantation,NSGA2,0,156,0.6389710351866029,0.5673608002130972,,80.0
implantation,NSGA2,0,157,0.6389710351866029,0.5639937814551266,,80.0
implantation,NSGA2,0,158,0.6389710351866029,0.5643094892884278,,80.0
implantation,NSGA2,0,159,0.6389710351866029,0.564025704818604,,80.0
implantation,NSGA2,0,160,0.6389710351866029,0.564025704818604,,80.0
implantation,NSGA2,0,161,0.6389710351866029,0.5671008893723023,,80.0
implantation,NSGA2,0,162,0.6389710351866029,0.5738667583936158,,80.0
implantation,NSGA2,0,163,0.6389710351866029,0.574182466226917,,80.0
implantation,NSGA2,0,164,0.6389710351866029,0.5768940119730449,,80.0
implantation,NSGA2,0,165,0.6389710351866029,0.5766102275032212,,80.0
implantation,NSGA2,0,166,0.6389710351866029,0.57320332750543,,80.0
implantation,NSGA2,0,167,0.6389710351866029,0.5762705541827853,,80.0
implantation,NSGA2,0,168,0.6389710351866029,0.5732193351162215,,80.0
implantation,NSGA2,0,169,0.6389710351866029,0.5735270850731798,,80.0
implantation,NSGA2,0,170,0.6389710351866029,0.5698603660926993,,80.0
implantation,NSGA2,0,171,0.6389710351866029,0.5698443584819077,,80.0
implantation,NSGA2,0,172,0.6389710351866029,0.5729275927700547,,80.0
implantation,NSGA2,0,173,0.6389710351866029,0.5732193351162215,,80.0
implantation,NSGA2,0,174,0.6389710351866029,0.5763105272807114,,80.0
implantation,NSGA2,0,175,0.6389710351866029,0.5732912315776251,,80.0
implantation,NSGA2,0,176,0.6389710351866029,0.5732912315776251,,80.0
implantation,NSGA2,0,177,0.6389710351866029,0.5769659084344486,,80.0
implantation,NSGA2,0,178,0.6389710351866029,0.5793777539580667,,80.0
implantation,NSGA2,0,179,0.6389710351866029,0.5793777539580667,,80.0
implantation,NSGA2,0,180,0.6389710351866029,0.5790540882484224,,80.0
implantation,NSGA2,0,181,0.6389710351866029,0.582728765105246,,80.0
implantation,NSGA2,0,182,0.6389710351866029,0.5793777539580667,,80.0
implantation,NSGA2,0,183,0.6389710351866029,0.5793697960817237,,80.0
implantation,NSGA2,0,184,0.6389710351866029,0.5790460385139738,,80.0
implantation,NSGA2,0,185,0.6389710351866029,0.5855122073127774,,80.0
implantation,NSGA2,0,186,0.6389710351866029,0.5821452804129124,,80.0
implantation,NSGA2,0,187,0.6389710351866029,0.5791020192226914,,80.0
implantation,NSGA2,0,188,0.6389710351866029,0.5754033768787334,,80.0
implantation,NSGA2,0,189,0.6389710351866029,0.5784386801926112,,80.0
implantation,NSGA2,0,190,0.6389710351866029,0.5753794113915989,,80.0
implantation,NSGA2,0,191,0.6389710351866029,0.5723121847142435,,80.0
implantation,NSGA2,0,192,0.6389710351866029,0.5793378727182462,,80.0
implantation,NSGA2,0,193,0.6389710351866029,0.5860797762524251,,80.0
implantation,NSGA2,0,194,0.6389710351866029,0.5891309953189889,,80.0
implantation,NSGA2,0,195,0.6389710351866029,0.5891310871770945,,80.0
implantation,NSGA2,0,196,0.6389710351866029,0.595557282877972,,80.0
implantation,NSGA2,0,197,0.6389710351866029,0.5955333173908376,,80.0
implantation,NSGA2,0,198,0.6389710351866029,0.5921743483673154,,80.0
implantation,NSGA2,0,199,0.6389710351866029,0.5854723260729569,,80.0
implantation,NSGA2,0,200,0.6389710351866029,0.5851965913375816,,80.0
implantation,NSGA2,1,0,0.5951469862927582,0.38291385582968723,,3.0
implantation,NSGA2,1,1,0.5951469862927582,0.4903748539245119,,6.0
implantation,NSGA2,1,2,0.6052871067832561,0.49941268447219916,,6.0
implantation,NSGA2,1,3,0.6052871067832561,0.5200848820139559,,5.0
implantation,NSGA2,1,4,0.6055672549727062,0.5447629648647794,,3.0
implantation,NSGA2,1,5,0.6172214508940514,0.5555864979733891,,2.0
implantation,NSGA2,1,6,0.6172214508940514,0.5520246719289142,,4.0
implantation,NSGA2,1,7,0.6189104960631142,0.5474339152653102,,5.0
implantation,NSGA2,1,8,0.6189104960631142,0.5562954993784934,,7.0
implantation,NSGA2,1,9,0.6261536210678558,0.5450457015687599,,5.0
implantation,NSGA2,1,10,0.6311244523157434,0.5479381289466114,,6.0
implantation,NSGA2,1,11,0.63600408411989,0.5392410886652879,,3.0
implantation,NSGA2,1,12,0.6364645348879943,0.5556991013133447,,4.0
implantation,NSGA2,1,13,0.6412361621784584,0.5702565907767957,,6.0
implantation,NSGA2,1,14,0.6436389021699003,0.5646119090422731,,6.0
implantation,NSGA2,1,15,0.6436389021699003,0.5767367102696663,,12.0
implantation,NSGA2,1,16,0.6436389021699003,0.5757343778644085,,21.0
implantation,NSGA2,1,17,0.6453267786750418,0.5767922270818431,,39.0
implantation,NSGA2,1,18,0.6453267786750418,0.596108746913169,,69.0
implantation,NSGA2,1,19,0.6453267786750418,0.6044704365582467,,80.0
implantation,NSGA2,1,20,0.6453267786750418,0.5986378118578343,,80.0
implantation,NSGA2,1,21,0.6453267786750418,0.5962628068060605,,80.0
implantation,NSGA2,1,22,0.6453267786750418,0.5896094441193385,,80.0
implantation,NSGA2,1,23,0.6453267786750418,0.5867106858464545,,80.0
implantation,NSGA2,1,24,0.6453267786750418,0.587531423832764,,80.0
implantation,NSGA2,1,25,0.6453267786750418,0.5843356807946807,,80.0
implantation,NSGA2,1,26,0.6453267786750418,0.5846677737145245,,80.0
implantation,NSGA2,1,27,0.6453267786750418,0.5817690154416405,,80.0
implantation,NSGA2,1,28,0.6453267786750418,0.5852617432449234,,80.0
implantation,NSGA2,1,29,0.6453267786750418,0.5823629849720394,,80.0
implantation,NSGA2,1,30,0.6453267786750418,0.5797261033097104,,80.0
implantation,NSGA2,1,31,0.6453267786750418,0.5834807077235485,,80.0
implantation,NSGA2,1,32,0.6453267786750418,0.5806170576053089,,80.0
implantation,NSGA2,1,33,0.6453267786750418,0.5774213145672255,,80.0
implantation,NSGA2,1,34,0.6453267786750418,0.5739285867639425,,80.0
implantation,NSGA2,1,35,0.6453267786750418,0.5742255715291419,,80.0
implantation,NSGA2,1,36,0.6453267786750418,0.5675371006877755,,80.0
implantation,NSGA2,1,37,0.6453267786750418,0.5608837380010536,,80.0
implantation,NSGA2,1,38,0.6453267786750418,0.560918846155698,,80.0
implantation,NSGA2,1,39,0.6453267786750418,0.5612158309208974,,80.0
implantation,NSGA2,1,40,0.6453267786750418,0.5577933194269032,,80.0
implantation,NSGA2,1,41,0.6453267786750418,0.5615830319953856,,80.0
implantation,NSGA2,1,42,0.6453267786750418,0.5581254123467472,,80.0
implantation,NSGA2,1,43,0.6453267786750418,0.5584223971119465,,80.0
implantation,NSGA2,1,44,0.6453267786750418,0.5552266540738632,,80.0
implantation,NSGA2,1,45,0.6453267786750418,0.5520309110357797,,80.0
implantation,NSGA2,1,46,0.6453267786750418,0.5560825002148171,,80.0
implantation,NSGA2,1,47,0.6453267786750418,0.5595401198634556,,80.0
implantation,NSGA2,1,48,0.6453267786750418,0.5629977395120942,,80.0
implantation,NSGA2,1,49,0.6453267786750418,0.5595401198634556,,80.0
implantation,NSGA2,1,50,0.6453267786750418,0.5564145931346609,,80.0
implantation,NSGA2,1,51,0.6453267786750418,0.5567466860545048,,80.0
implantation,NSGA2,1,52,0.6453267786750418,0.5596805524820333,,80.0
implantation,NSGA2,1,53,0.6453267786750418,0.5593835677168337,,80.0
implantation,NSGA2,1,54,0.6453267786750418,0.5594186758714781,,80.0
implantation,NSGA2,1,55,0.6453267786750418,0.5556640714576402,,80.0
implantation,NSGA2,1,56,0.6453267786750418,0.5489404924616293,,80.0
implantation,NSGA2,1,57,0.6453267786750418,0.5489756006162738,,80.0
implantation,NSGA2,1,58,0.6453267786750418,0.5492725853814733,,80.0
implantation,NSGA2,1,59,0.6453267786750418,0.5525034365742011,,80.0
implantation,NSGA2,1,60,0.6453267786750418,0.5493076935361176,,80.0
implantation,NSGA2,1,61,0.6453267786750418,0.5493076935361176,,80.0
implantation,NSGA2,1,62,0.6453267786750418,0.5452561043570802,,80.0
implantation,NSGA2,1,63,0.6453267786750418,0.5417984847084416,,80.0
implantation,NSGA2,1,64,0.6453267786750418,0.5420603613189968,,80.0
implantation,NSGA2,1,65,0.6453267786750418,0.5423573460841962,,80.0
implantation,NSGA2,1,66,0.6453267786750418,0.5423924542388405,,80.0
implantation,NSGA2,1,67,0.6453267786750418,0.5423924542388405,,80.0
implantation,NSGA2,1,68,0.6453267786750418,0.5493076935361175,,80.0
implantation,NSGA2,1,69,0.6453267786750418,0.545588197276924,,80.0
implantation,NSGA2,1,70,0.6453267786750418,0.5420954694736411,,80.0
implantation,NSGA2,1,71,0.6453267786750418,0.549342801690762,,80.0
implantation,NSGA2,1,72,0.6453267786750418,0.5455530891222795,,80.0
implantation,NSGA2,1,73,0.6453267786750418,0.5455530891222796,,80.0
implantation,NSGA2,1,74,0.6453267786750418,0.5420954694736411,,80.0
implantation,NSGA2,1,75,0.6453267786750418,0.5423924542388405,,80.0
implantation,NSGA2,1,76,0.6453267786750418,0.5389699427448463,,80.0
implantation,NSGA2,1,77,0.6453267786750418,0.5386378498250026,,80.0
implantation,NSGA2,1,78,0.6453267786750418,0.5421656857829299,,80.0
implantation,NSGA2,1,79,0.6453267786750418,0.538934834590202,,80.0
implantation,NSGA2,1,80,0.6453267786750418,0.5357390915521185,,80.0
implantation,NSGA2,1,81,0.6453267786750418,0.5394585878113121,,80.0
implantation,NSGA2,1,82,0.6453267786750418,0.5429162074599507,,80.0
implantation,NSGA2,1,83,0.6453267786750418,0.5461470586526784,,80.0
implantation,NSGA2,1,84,0.6453267786750418,0.5391616030461127,,80.0
implantation,NSGA2,1,85,0.6453267786750418,0.5357039833974742,,80.0
implantation,NSGA2,1,86,0.6453267786750418,0.5426192226947512,,80.0
implantation,NSGA2,1,87,0.6453267786750418,0.5394234796566678,,80.0
implantation,NSGA2,1,88,0.6453267786750418,0.5426192226947513,,80.0
implantation,NSGA2,1,89,0.6453267786750418,0.5388646182809131,,80.0
implantation,NSGA2,1,90,0.6453267786750418,0.5388997264355575,,80.0
implantation,NSGA2,1,91,0.6453267786750418,0.5420954694736411,,80.0
implantation,NSGA2,1,92,0.6453267786750418,0.5458500738874791,,80.0
implantation,NSGA2,1,93,0.6453267786750418,0.5493076935361175,,80.0
implantation,NSGA2,1,94,0.6453267786750418,0.5489404924616293,,80.0
implantation,NSGA2,1,95,0.6453267786750418,0.5452561043570802,,80.0
implantation,NSGA2,1,96,0.6453267786750418,0.5458149657328347,,80.0
implantation,NSGA2,1,97,0.6453267786750418,0.5423222379295518,,80.0
implantation,NSGA2,1,98,0.6453267786750418,0.5391616030461128,,80.0
implantation,NSGA2,1,99,0.6453267786750418,0.5391264948914684,,80.0
implantation,NSGA2,1,100,0.6453267786750418,0.5359658600080293,,80.0
implantation,NSGA2,1,101,0.6453267786750418,0.5357390915521185,,80.0
implantation,NSGA2,1,102,0.6453267786750418,0.5328403332792346,,80.0
implantation,NSGA2,1,103,0.6453267786750418,0.5359658600080293,,80.0
implantation,NSGA2,1,104,0.6453267786750418,0.5394585878113122,,80.0
implantation,NSGA2,1,105,0.6453267786750418,0.5391616030461128,,80.0
implantation,NSGA2,1,106,0.6453267786750418,0.5423222379295518,,80.0
implantation,NSGA2,1,107,0.6453267786750418,0.5391264948914684,,80.0
implantation,NSGA2,1,108,0.6453267786750418,0.5388997264355576,,80.0
implantation,NSGA2,1,109,0.6453267786750418,0.5423924542388405,,80.0
implantation,NSGA2,1,110,0.6453267786750418,0.5455530891222796,,80.0
implantation,NSGA2,1,111,0.6453267786750418,0.5423573460841962,,80.0
implantation,NSGA2,1,112,0.6453267786750418,0.5394234796566678,,80.0
implantation,NSGA2,1,113,0.6453267786750418,0.5361926284639399,,80.0
implantation,NSGA2,1,114,0.6453267786750418,0.5329968854258565,,80.0
implantation,NSGA2,1,115,0.6453267786750418,0.533031993580501,,80.0
implantation,NSGA2,1,116,0.6453267786750418,0.5330319935805009,,80.0
implantation,NSGA2,1,117,0.6453267786750418,0.5362277366185844,,80.0
implantation,NSGA2,1,118,0.6453267786750418,0.5426192226947513,,80.0
implantation,NSGA2,1,119,0.6453267786750418,0.5422871297749075,,80.0
implantation,NSGA2,1,120,0.6453267786750418,0.542252021620263,,80.0
implantation,NSGA2,1,121,0.6453267786750418,0.5419550368550635,,80.0
implantation,NSGA2,1,122,0.6453267786750418,0.5416580520898642,,80.0
implantation,NSGA2,1,123,0.6453267786750418,0.5416931602445085,,80.0
implantation,NSGA2,1,124,0.6453267786750418,0.537903447676026,,80.0
implantation,NSGA2,1,125,0.6453267786750418,0.5384623090517806,,80.0
implantation,NSGA2,1,126,0.6453267786750418,0.5382004324412255,,80.0
implantation,NSGA2,1,127,0.6453267786750418,0.534742812792587,,80.0
implantation,NSGA2,1,128,0.6453267786750418,0.5381653242865811,,80.0
implantation,NSGA2,1,129,0.6453267786750418,0.5413610673246646,,80.0
implantation,NSGA2,1,130,0.6453267786750418,0.5445568103627482,,80.0
implantation,NSGA2,1,131,0.6453267786750418,0.5411342988687539,,80.0
implantation,NSGA2,1,132,0.6453267786750418,0.537641571065471,,80.0
implantation,NSGA2,1,133,0.6453267786750418,0.548049538166031,,80.0
implantation,NSGA2,1,134,0.6453267786750418,0.547787661555476,,80.0
implantation,NSGA2,1,135,0.6453267786750418,0.5512452812041145,,80.0
implantation,NSGA2,1,136,0.6453267786750418,0.547787661555476,,80.0
implantation,NSGA2,1,137,0.6453267786750418,0.5480846463206754,,80.0
implantation,NSGA2,1,138,0.6453267786750418,0.5446270266720369,,80.0
implantation,NSGA2,1,139,0.6453267786750418,0.5444002582161261,,80.0
implantation,NSGA2,1,140,0.6453267786750418,0.5412045151780427,,80.0
implantation,NSGA2,1,141,0.6453267786750418,0.5376766792201154,,80.0
implantation,NSGA2,1,142,0.6453267786750418,0.541134298868754,,80.0
implantation,NSGA2,1,143,0.6453267786750418,0.5480846463206754,,80.0
implantation,NSGA2,1,144,0.6453267786750418,0.5449240114372363,,80.0
implantation,NSGA2,1,145,0.6453267786750418,0.5454828728129908,,80.0
implantation,NSGA2,1,146,0.6453267786750418,0.5484167392405193,,80.0
implantation,NSGA2,1,147,0.6453267786750418,0.5516124822786027,,80.0
implantation,NSGA2,1,148,0.6453267786750418,0.5484518473951636,,80.0
implantation,NSGA2,1,149,0.6453267786750418,0.5481548626299642,,80.0
implantation,NSGA2,1,150,0.6453267786750418,0.5446270266720369,,80.0
implantation,NSGA2,1,151,0.6453267786750418,0.5414312836339534,,80.0
implantation,NSGA2,1,152,0.6453267786750418,0.5382355405958699,,80.0
implantation,NSGA2,1,153,0.6453267786750418,0.5315470697545036,,80.0
implantation,NSGA2,1,154,0.6453267786750418,0.5350397975577865,,80.0
implantation,NSGA2,1,155,0.6453267786750418,0.531582177909148,,80.0
implantation,NSGA2,1,156,0.6453267786750418,0.5347779209472314,,80.0
implantation,NSGA2,1,157,0.6453267786750418,0.5382706487505143,,80.0
implantation,NSGA2,1,158,0.6453267786750418,0.5449240114372362,,80.0
implantation,NSGA2,1,159,0.6453267786750418,0.5414312836339533,,80.0
implantation,NSGA2,1,160,0.6453267786750418,0.5350397975577865,,80.0
implantation,NSGA2,1,161,0.6453267786750418,0.5413961754793091,,80.0
implantation,NSGA2,1,162,0.6453267786750418,0.5443300419068373,,80.0
implantation,NSGA2,1,163,0.6453267786750418,0.5480846463206753,,80.0
implantation,NSGA2,1,164,0.6453267786750418,0.5515773741239582,,80.0
implantation,NSGA2,1,165,0.6453267786750418,0.5478227697101203,,80.0
implantation,NSGA2,1,166,0.6453267786750418,0.544294933752193,,80.0
implantation,NSGA2,1,167,0.6453267786750418,0.5410991907141096,,80.0
implantation,NSGA2,1,168,0.6453267786750418,0.5379385558306705,,80.0
implantation,NSGA2,1,169,0.6453267786750418,0.5449240114372363,,80.0
implantation,NSGA2,1,170,0.6453267786750418,0.5551052100818856,,80.0
implantation,NSGA2,1,171,0.6453267786750418,0.5554021948470851,,80.0
implantation,NSGA2,1,172,0.6453267786750418,0.5548784416259749,,80.0
implantation,NSGA2,1,173,0.6453267786750418,0.5580741846640583,,80.0
implantation,NSGA2,1,174,0.6453267786750418,0.558894922650368,,80.0
implantation,NSGA2,1,175,0.6453267786750418,0.5588598144957236,,80.0
implantation,NSGA2,1,176,0.6453267786750418,0.5556991796122845,,80.0
implantation,NSGA2,1,177,0.6453267786750418,0.5551052100818856,,80.0
implantation,NSGA2,1,178,0.6453267786750418,0.5516124822786027,,80.0
implantation,NSGA2,1,179,0.6453267786750418,0.5548433334713305,,80.0
implantation,NSGA2,1,180,0.6453267786750418,0.5484518473951636,,80.0
implantation,NSGA2,1,181,0.6453267786750418,0.5417282683991529,,80.0
implantation,NSGA2,1,182,0.6453267786750418,0.5384623090517806,,80.0
implantation,NSGA2,1,183,0.6453267786750418,0.5451156717385026,,80.0
implantation,NSGA2,1,184,0.6453267786750418,0.5418848205457747,,80.0
implantation,NSGA2,1,185,0.6453267786750418,0.5418848205457747,,80.0
implantation,NSGA2,1,186,0.6453267786750418,0.5349344730938533,,80.0
implantation,NSGA2,1,187,0.6453267786750418,0.5319654985116806,,80.0
implantation,NSGA2,1,188,0.6453267786750418,0.5322975914315244,,80.0
implantation,NSGA2,1,189,0.6453267786750418,0.5317387300557698,,80.0
implantation,NSGA2,1,190,0.6453267786750418,0.5314768534452148,,80.0
implantation,NSGA2,1,191,0.6453267786750418,0.5282811104071313,,80.0
implantation,NSGA2,1,192,0.6453267786750418,0.5282811104071314,,80.0
implantation,NSGA2,1,193,0.6453267786750418,0.5317387300557699,,80.0
implantation,NSGA2,1,194,0.6453267786750418,0.5418848205457748,,80.0
implantation,NSGA2,1,195,0.6453267786750418,0.5488351679976962,,80.0
implantation,NSGA2,1,196,0.6453267786750418,0.5488351679976963,,80.0
implantation,NSGA2,1,197,0.6453267786750418,0.5490970446082513,,80.0
implantation,NSGA2,1,198,0.6453267786750418,0.5488000598430519,,80.0
implantation,NSGA2,1,199,0.6453267786750418,0.5453775483490577,,80.0
implantation,NSGA2,1,200,0.6453267786750418,0.5389860622728907,,80.0
implantation,NSGA2,2,0,0.5835675388147263,0.3902017196109918,,4.0
implantation,NSGA2,2,1,0.5835675388147263,0.4384991782161104,,7.0
implantation,NSGA2,2,2,0.5867796880198382,0.4930007169470663,,5.0
implantation,NSGA2,2,3,0.5916212858880983,0.5134718039922224,,6.0
implantation,NSGA2,2,4,0.5952865269132481,0.5612719078609771,,2.0
implantation,NSGA2,2,5,0.6089233887889195,0.5694198977483191,,5.0
implantation,NSGA2,2,6,0.6089233887889195,0.5675815960010062,,5.0
implantation,NSGA2,2,7,0.6104094019512256,0.5780930220608995,,4.0
implantation,NSGA2,2,8,0.6144940761896643,0.569270436068239,,4.0
implantation,NSGA2,2,9,0.62030011672521,0.5766648312596884,,2.0
implantation,NSGA2,2,10,0.6288557528024656,0.5737599772325919,,2.0
implantation,NSGA2,2,11,0.6313284042656698,0.5928843612521507,,1.0
implantation,NSGA2,2,12,0.6318703451732586,0.6004516671503379,,3.0
implantation,NSGA2,2,13,0.6337214989917752,0.6119410276033033,,4.0
implantation,NSGA2,2,14,0.6346063946606204,0.620431252165935,,2.0
implantation,NSGA2,2,15,0.6376770626287196,0.6211491540214642,,5.0
implantation,NSGA2,2,16,0.6376770626287196,0.6219168770257627,,9.0
implantation,NSGA2,2,17,0.6376770626287196,0.6013521309732839,,15.0
implantation,NSGA2,2,18,0.6376770626287196,0.6080239374085255,,17.0
implantation,NSGA2,2,19,0.6381169239504849,0.597082432858625,,14.0
implantation,NSGA2,2,20,0.6381169239504849,0.6187952402879571,,21.0
implantation,NSGA2,2,21,0.6381169239504849,0.6277884500806125,,31.0
implantation,NSGA2,2,22,0.6381169239504849,0.6217329149208404,,47.0
implantation,NSGA2,2,23,0.6381169239504849,0.6177027312101985,,67.0
implantation,NSGA2,2,24,0.6381169239504849,0.6245795156895573,,80.0
implantation,NSGA2,2,25,0.6381169239504849,0.6180650156762647,,80.0
implantation,NSGA2,2,26,0.6381169239504849,0.6300727822106337,,80.0
implantation,NSGA2,2,27,0.6381169239504849,0.6300572586255269,,80.0
implantation,NSGA2,2,28,0.6381169239504849,0.6299101141389692,,80.0
implantation,NSGA2,2,29,0.6381169239504849,0.6297040801808491,,80.0
implantation,NSGA2,2,30,0.6381169239504849,0.6297629696524114,,80.0
implantation,NSGA2,2,31,0.6381169239504849,0.6298352190752697,,80.0
implantation,NSGA2,2,32,0.6381169239504849,0.6295724592793982,,80.0
implantation,NSGA2,2,33,0.6381169239504849,0.6293841125401959,,80.0
implantation,NSGA2,2,34,0.6381169239504849,0.6290956740767865,,80.0
implantation,NSGA2,2,35,0.6390388688417196,0.6287577382459689,,80.0
implantation,NSGA2,2,36,0.6390388688417196,0.628670852459683,,80.0
implantation,NSGA2,2,37,0.6390388688417196,0.6287709441838901,,80.0
implantation,NSGA2,2,38,0.6390388688417196,0.6287172692016287,,80.0
implantation,NSGA2,2,39,0.6390388688417196,0.6287761586731913,,80.0
implantation,NSGA2,2,40,0.6390388688417196,0.6286582257166918,,80.0
implantation,NSGA2,2,41,0.6390388688417196,0.6278341054797956,,80.0
implantation,NSGA2,2,42,0.6390388688417196,0.6273511573694065,,80.0
implantation,NSGA2,2,43,0.6390388688417196,0.6274490854598026,,80.0
implantation,NSGA2,2,44,0.6390388688417196,0.6274544468631656,,80.0
implantation,NSGA2,2,45,0.6390388688417196,0.6278641971322203,,80.0
implantation,NSGA2,2,46,0.6390388688417196,0.6274423021272046,,80.0
implantation,NSGA2,2,47,0.6390388688417196,0.6274246149082868,,80.0
implantation,NSGA2,2,48,0.6390388688417196,0.6273750861140538,,80.0
implantation,NSGA2,2,49,0.6390388688417196,0.6271982636859919,,80.0
implantation,NSGA2,2,50,0.6390388688417196,0.6275314372645664,,80.0
implantation,NSGA2,2,51,0.6390388688417196,0.6278353993130825,,80.0
implantation,NSGA2,2,52,0.6390388688417196,0.6279940681107806,,80.0
implantation,NSGA2,2,53,0.6390388688417196,0.6280800054785903,,80.0
implantation,NSGA2,2,54,0.6390388688417196,0.6280955290636971,,80.0
implantation,NSGA2,2,55,0.6390388688417196,0.6280251152809941,,80.0
implantation,NSGA2,2,56,0.6390388688417196,0.6279683894432427,,80.0
implantation,NSGA2,2,57,0.6390388688417196,0.6279121300169374,,80.0
implantation,NSGA2,2,58,0.6390388688417196,0.6245975764630814,,80.0
implantation,NSGA2,2,59,0.6390388688417196,0.6243915425049613,,80.0
implantation,NSGA2,2,60,0.6390388688417196,0.6174594217672095,,80.0
implantation,NSGA2,2,61,0.6390388688417196,0.6176362441952714,,80.0
implantation,NSGA2,2,62,0.6390388688417196,0.61447146517323,,80.0
implantation,NSGA2,2,63,0.6390388688417196,0.6146141283787911,,80.0
implantation,NSGA2,2,64,0.6390388688417196,0.611404147830139,,80.0
implantation,NSGA2,2,65,0.6390388688417196,0.608321306901941,,80.0
implantation,NSGA2,2,66,0.6390388688417196,0.6017715605433409,,80.0
implantation,NSGA2,2,67,0.6390388688417196,0.5984965276153489,,80.0
implantation,NSGA2,2,68,0.6390388688417196,0.601611210118862,,80.0
implantation,NSGA2,2,69,0.6390388688417196,0.5984445954566654,,80.0
implantation,NSGA2,2,70,0.6390388688417196,0.6012646765889919,,80.0
implantation,NSGA2,2,71,0.6390388688417196,0.5978251470484927,,80.0
implantation,NSGA2,2,72,0.6390388688417196,0.5977330467729056,,80.0
implantation,NSGA2,2,73,0.6390388688417196,0.5942501513459508,,80.0
implantation,NSGA2,2,74,0.6390388688417196,0.5940321266652442,,80.0
implantation,NSGA2,2,75,0.6390388688417196,0.6005973966089512,,80.0
implantation,NSGA2,2,76,0.6390388688417196,0.6002580601225993,,80.0
implantation,NSGA2,2,77,0.6390388688417196,0.603803377883637,,80.0
implantation,NSGA2,2,78,0.6390388688417196,0.6040918163470463,,80.0
implantation,NSGA2,2,79,0.6390388688417196,0.6013461482713891,,80.0
implantation,NSGA2,2,80,0.6390388688417196,0.5982496193982397,,80.0
implantation,NSGA2,2,81,0.6390388688417196,0.5947450374784007,,80.0
implantation,NSGA2,2,82,0.6390388688417196,0.6012168450171239,,80.0
implantation,NSGA2,2,83,0.6390388688417196,0.6009465601840782,,80.0
implantation,NSGA2,2,84,0.6390388688417196,0.5975580599849991,,80.0
implantation,NSGA2,2,85,0.6390388688417196,0.5976873632392644,,80.0
implantation,NSGA2,2,86,0.6390388688417196,0.5975425363998923,,80.0
implantation,NSGA2,2,87,0.6390388688417196,0.597858022759549,,80.0
implantation,NSGA2,2,88,0.6390388688417196,0.598208883557041,,80.0
implantation,NSGA2,2,89,0.6390388688417196,0.5981052589703137,,80.0
implantation,NSGA2,2,90,0.6390388688417196,0.5983232836510203,,80.0
implantation,NSGA2,2,91,0.6390388688417196,0.5952169276890954,,80.0
implantation,NSGA2,2,92,0.6390388688417196,0.5952621292157063,,80.0
implantation,NSGA2,2,93,0.6390388688417196,0.5949581671671902,,80.0
implantation,NSGA2,2,94,0.6390388688417196,0.5951206812254801,,80.0
implantation,NSGA2,2,95,0.6390388688417196,0.5923027637269647,,80.0
implantation,NSGA2,2,96,0.6390388688417196,0.5918970127318763,,80.0
implantation,NSGA2,2,97,0.6390388688417196,0.5922732242032507,,80.0
implantation,NSGA2,2,98,0.6390388688417196,0.5920688874674956,,80.0
implantation,NSGA2,2,99,0.6390388688417196,0.5955261042269127,,80.0
implantation,NSGA2,2,100,0.6390388688417196,0.5921393012501985,,80.0
implantation,NSGA2,2,101,0.6390388688417196,0.5987024075600943,,80.0
implantation,NSGA2,2,102,0.6390388688417196,0.5952119799966528,,80.0
implantation,NSGA2,2,103,0.6390388688417196,0.588379950983108,,80.0
implantation,NSGA2,2,104,0.6390388688417196,0.5919589459596162,,80.0
implantation,NSGA2,2,105,0.6390388688417196,0.5917437053375413,,80.0
implantation,NSGA2,2,106,0.6390388688417196,0.5990089996538674,,80.0
implantation,NSGA2,2,107,0.6390388688417196,0.5986169366037307,,80.0
implantation,NSGA2,2,108,0.6390388688417196,0.5983386532227524,,80.0
implantation,NSGA2,2,109,0.6390388688417196,0.5983953790605038,,80.0
implantation,NSGA2,2,110,0.6390388688417196,0.5949815281875424,,80.0
implantation,NSGA2,2,111,0.6390388688417196,0.6016212111879184,,80.0
implantation,NSGA2,2,112,0.6390388688417196,0.6022286688735049,,80.0
implantation,NSGA2,2,113,0.6390388688417196,0.6017975672045344,,80.0
implantation,NSGA2,2,114,0.6390388688417196,0.6026447360637114,,80.0
implantation,NSGA2,2,115,0.6390388688417196,0.5988211349216954,,80.0
implantation,NSGA2,2,116,0.6390388688417196,0.6026292124786046,,80.0
implantation,NSGA2,2,117,0.6390388688417196,0.6057372656628945,,80.0
implantation,NSGA2,2,118,0.6390388688417196,0.6026584240086628,,80.0
implantation,NSGA2,2,119,0.6390388688417196,0.5987737697612735,,80.0
implantation,NSGA2,2,120,0.6390388688417196,0.5918593362424394,,80.0
implantation,NSGA2,2,121,0.6390388688417196,0.5915965764465679,,80.0
implantation,NSGA2,2,122,0.6390388688417196,0.5988029812913316,,80.0
implantation,NSGA2,2,123,0.6390388688417196,0.5983993939300544,,80.0
implantation,NSGA2,2,124,0.6390388688417196,0.5980485331325623,,80.0
implantation,NSGA2,2,125,0.6390388688417196,0.5980370088214219,,80.0
implantation,NSGA2,2,126,0.6390388688417196,0.5986918316674302,,80.0
implantation,NSGA2,2,127,0.6390388688417196,0.6023270860702439,,80.0
implantation,NSGA2,2,128,0.6390388688417196,0.6051998937663553,,80.0
implantation,NSGA2,2,129,0.6390388688417196,0.6053475046643589,,80.0
implantation,NSGA2,2,130,0.6390388688417196,0.6057435669884621,,80.0
implantation,NSGA2,2,131,0.6390388688417196,0.605439604939946,,80.0
implantation,NSGA2,2,132,0.6390388688417196,0.6051923687291813,,80.0
implantation,NSGA2,2,133,0.6390388688417196,0.6051923687291814,,80.0
implantation,NSGA2,2,134,0.6390388688417196,0.6050590662009496,,80.0
implantation,NSGA2,2,135,0.6390388688417196,0.6050001767293872,,80.0
implantation,NSGA2,2,136,0.6390388688417196,0.6044136040322707,,80.0
implantation,NSGA2,2,137,0.6390388688417196,0.6075513351580648,,80.0
implantation,NSGA2,2,138,0.6390388688417196,0.6078845087366391,,80.0
implantation,NSGA2,2,139,0.6390388688417196,0.6081140577284861,,80.0
implantation,NSGA2,2,140,0.6390388688417196,0.6047427783368787,,80.0
implantation,NSGA2,2,141,0.6390388688417196,0.6046156387164244,,80.0
implantation,NSGA2,2,142,0.6390388688417196,0.6014468604204168,,80.0
implantation,NSGA2,2,143,0.6390388688417196,0.6013649223265736,,80.0
implantation,NSGA2,2,144,0.6390388688417196,0.5982705570872352,,80.0
implantation,NSGA2,2,145,0.6390388688417196,0.598609893573587,,80.0
implantation,NSGA2,2,146,0.6390388688417196,0.5986214178847273,,80.0
implantation,NSGA2,2,147,0.6390388688417196,0.5982470420535083,,80.0
implantation,NSGA2,2,148,0.6390388688417196,0.5948270282727697,,80.0
implantation,NSGA2,2,149,0.6390388688417196,0.5948407162177209,,80.0
implantation,NSGA2,2,150,0.6390388688417196,0.5949151292743902,,80.0
implantation,NSGA2,2,151,0.6390388688417196,0.5946266908109809,,80.0
implantation,NSGA2,2,152,0.6390388688417196,0.5951778890702617,,80.0
implantation,NSGA2,2,153,0.6390388688417196,0.5986466301408191,,80.0
implantation,NSGA2,2,154,0.6390388688417196,0.6017821976328023,,80.0
implantation,NSGA2,2,155,0.6390388688417196,0.6051982121395746,,80.0
implantation,NSGA2,2,156,0.6390388688417196,0.6017409953801576,,80.0
implantation,NSGA2,2,157,0.6390388688417196,0.601752519691298,,80.0
implantation,NSGA2,2,158,0.6390388688417196,0.598348029495666,,80.0
implantation,NSGA2,2,159,0.6390388688417196,0.5990887897094841,,80.0
implantation,NSGA2,2,160,0.6390388688417196,0.5990068516156407,,80.0
implantation,NSGA2,2,161,0.6390388688417196,0.5986715144032554,,80.0
implantation,NSGA2,2,162,0.6390388688417196,0.5986559908181486,,80.0
implantation,NSGA2,2,163,0.6390388688417196,0.5986913652559841,,80.0
implantation,NSGA2,2,164,0.6390388688417196,0.5984170811489722,,80.0
implantation,NSGA2,2,165,0.6390388688417196,0.5952638264380713,,80.0
implantation,NSGA2,2,166,0.6390388688417196,0.59520710060032,,80.0
implantation,NSGA2,2,167,0.6390388688417196,0.5919337492991087,,80.0
implantation,NSGA2,2,168,0.6390388688417196,0.5947830419614932,,80.0
implantation,NSGA2,2,169,0.6390388688417196,0.5950281145384471,,80.0
implantation,NSGA2,2,170,0.6390388688417196,0.5982088835570412,,80.0
implantation,NSGA2,2,171,0.6390388688417196,0.5981229461892315,,80.0
implantation,NSGA2,2,172,0.6390388688417196,0.598111421878091,,80.0
implantation,NSGA2,2,173,0.6390388688417196,0.60129388811905,,80.0
implantation,NSGA2,2,174,0.6390388688417196,0.5944658583794717,,80.0
implantation,NSGA2,2,175,0.6390388688417196,0.5976035895052658,,80.0
implantation,NSGA2,2,176,0.6390388688417196,0.5976151138164062,,80.0
implantation,NSGA2,2,177,0.6390388688417196,0.5978778736122777,,80.0
implantation,NSGA2,2,178,0.6390388688417196,0.6011667484985959,,80.0
implantation,NSGA2,2,179,0.6390388688417196,0.6010219216592237,,80.0
implantation,NSGA2,2,180,0.6390388688417196,0.6014295082944673,,80.0
implantation,NSGA2,2,181,0.6390388688417196,0.6017883605405796,,80.0
implantation,NSGA2,2,182,0.6390388688417196,0.6017861969067686,,80.0
implantation,NSGA2,2,183,0.6390388688417196,0.6016115381125177,,80.0
implantation,NSGA2,2,184,0.6390388688417196,0.5979482873949806,,80.0
implantation,NSGA2,2,185,0.6390388688417196,0.6014055041543976,,80.0
implantation,NSGA2,2,186,0.6390388688417196,0.601685951169187,,80.0
implantation,NSGA2,2,187,0.6390388688417196,0.60129388811905,,80.0
implantation,NSGA2,2,188,0.6390388688417196,0.6019018122160824,,80.0
implantation,NSGA2,2,189,0.6390388688417196,0.5982832966137103,,80.0
implantation,NSGA2,2,190,0.6390388688417196,0.5986164701922847,,80.0
implantation,NSGA2,2,191,0.6390388688417196,0.598902745021883,,80.0
implantation,NSGA2,2,192,0.6390388688417196,0.598803119709122,,80.0
implantation,NSGA2,2,193,0.6390388688417196,0.5991070817576383,,80.0
implantation,NSGA2,2,194,0.6390388688417196,0.5988580099067181,,80.0
implantation,NSGA2,2,195,0.6390388688417196,0.5986423028731972,,80.0
implantation,NSGA2,2,196,0.6390388688417196,0.5989639521406311,,80.0
implantation,NSGA2,2,197,0.6390388688417196,0.5954952110700737,,80.0
implantation,NSGA2,2,198,0.6390388688417196,0.5952346149080132,,80.0
implantation,NSGA2,2,199,0.6390388688417196,0.5949191285483566,,80.0
implantation,NSGA2,2,200,0.6390388688417196,0.5914442245700218,,80.0
implantation,NSGA2,3,0,0.5966515974345115,0.3941105806875715,,2.0
implantation,NSGA2,3,1,0.6115044048109011,0.49741193138736184,,2.0
implantation,NSGA2,3,2,0.6115044048109011,0.5221685813506056,,2.0
implantation,NSGA2,3,3,0.6170317126802622,0.5096898644048472,,4.0
implantation,NSGA2,3,4,0.6170317126802622,0.5296195312881826,,7.0
implantation,NSGA2,3,5,0.6224430326066203,0.5363417229983183,,3.0
implantation,NSGA2,3,6,0.6224430326066203,0.5521905605405959,,4.0
implantation,NSGA2,3,7,0.6224430326066203,0.5602811872699995,,3.0
implantation,NSGA2,3,8,0.6372304303853895,0.5732116524618549,,2.0
implantation,NSGA2,3,9,0.6401159058486954,0.592614667972833,,3.0
implantation,NSGA2,3,10,0.6401159058486954,0.5874351409393553,,3.0
implantation,NSGA2,3,11,0.6401159058486954,0.5901228762892778,,4.0
implantation,NSGA2,3,12,0.6401159058486954,0.5851608040980791,,4.0
implantation,NSGA2,3,13,0.6403147370846165,0.6003433494628686,,5.0
implantation,NSGA2,3,14,0.6424350864526878,0.6044539010137269,,6.0
implantation,NSGA2,3,15,0.6455320936420386,0.5997889375748631,,10.0
implantation,NSGA2,3,16,0.6455320936420386,0.5976278355058773,,13.0
implantation,NSGA2,3,17,0.6455320936420386,0.5902344367331562,,19.0
implantation,NSGA2,3,18,0.6455320936420386,0.5847161708895576,,26.0
implantation,NSGA2,3,19,0.6455320936420386,0.5795963420519177,,37.0
implantation,NSGA2,3,20,0.6455320936420386,0.5717550345412151,,60.0
implantation,NSGA2,3,21,0.6455320936420386,0.5594387689162899,,80.0
implantation,NSGA2,3,22,0.6455320936420386,0.562832620587883,,80.0
implantation,NSGA2,3,23,0.6455320936420386,0.5562902980512066,,80.0
implantation,NSGA2,3,24,0.6455320936420386,0.5597394559177834,,80.0
implantation,NSGA2,3,25,0.6455320936420386,0.5631183829229257,,80.0
implantation,NSGA2,3,26,0.6455320936420386,0.562997421401017,,80.0
implantation,NSGA2,3,27,0.6455320936420386,0.5772980746981309,,80.0
implantation,NSGA2,3,28,0.6455320936420386,0.5812009597515326,,80.0
implantation,NSGA2,3,29,0.6455320936420386,0.6329117206483309,,80.0
implantation,NSGA2,3,30,0.6455320936420386,0.6326114696633299,,80.0
implantation,NSGA2,3,31,0.6455320936420386,0.6327395924494553,,80.0
implantation,NSGA2,3,32,0.6455320936420386,0.6290537440794474,,80.0
implantation,NSGA2,3,33,0.6455320936420386,0.6293028283874813,,80.0
implantation,NSGA2,3,34,0.6455320936420386,0.6288782532567098,,80.0
implantation,NSGA2,3,35,0.6455320936420386,0.6293066270278359,,80.0
implantation,NSGA2,3,36,0.6455320936420386,0.62908675433235,,80.0
implantation,NSGA2,3,37,0.6455320936420386,0.6287611856590681,,80.0
implantation,NSGA2,3,38,0.6455320936420386,0.6297169396588103,,80.0
implantation,NSGA2,3,39,0.6455320936420386,0.6234629776893317,,80.0
implantation,NSGA2,3,40,0.6455320936420386,0.620403952021922,,80.0
implantation,NSGA2,3,41,0.6455320936420386,0.6169677192603531,,80.0
implantation,NSGA2,3,42,0.6455320936420386,0.6135152536377737,,80.0
implantation,NSGA2,3,43,0.6455320936420386,0.6077662450885815,,80.0
implantation,NSGA2,3,44,0.6455320936420386,0.6042749517257786,,80.0
implantation,NSGA2,3,45,0.6455320936420386,0.607756097660501,,80.0
implantation,NSGA2,3,46,0.6455320936420386,0.6004508331415648,,80.0
implantation,NSGA2,3,47,0.6455320936420386,0.6074592688558565,,80.0
implantation,NSGA2,3,48,0.6455320936420386,0.6083414293703024,,80.0
implantation,NSGA2,3,49,0.6455320936420386,0.60486028343558,,80.0
implantation,NSGA2,3,50,0.6455320936420386,0.6052116415410532,,80.0
implantation,NSGA2,3,51,0.6455320936420386,0.6025834445082288,,80.0
implantation,NSGA2,3,52,0.6455320936420386,0.6058515025516836,,80.0
implantation,NSGA2,3,53,0.6455320936420386,0.6090582464900912,,80.0
implantation,NSGA2,3,54,0.6455320936420386,0.6094837293812659,,80.0
implantation,NSGA2,3,55,0.6455320936420386,0.609399988467889,,80.0
implantation,NSGA2,3,56,0.6455320936420386,0.6058828461164001,,80.0
implantation,NSGA2,3,57,0.6455320936420386,0.6125326076205951,,80.0
implantation,NSGA2,3,58,0.6455320936420386,0.6127406726797425,,80.0
implantation,NSGA2,3,59,0.6455320936420386,0.6162286034186835,,80.0
implantation,NSGA2,3,60,0.6455320936420386,0.6194488574090335,,80.0
implantation,NSGA2,3,61,0.6455320936420386,0.6187612519017929,,80.0
implantation,NSGA2,3,62,0.6455320936420386,0.6181670629920989,,80.0
implantation,NSGA2,3,63,0.6455320936420386,0.6114588782628079,,80.0
implantation,NSGA2,3,64,0.6455320936420386,0.608271198508868,,80.0
implantation,NSGA2,3,65,0.6455320936420386,0.6080411783853015,,80.0
implantation,NSGA2,3,66,0.6455320936420386,0.6077409274003005,,80.0
implantation,NSGA2,3,67,0.6455320936420386,0.6045308208380311,,80.0
implantation,NSGA2,3,68,0.6455320936420386,0.6013532885121716,,80.0
implantation,NSGA2,3,69,0.6455320936420386,0.6051740444725233,,80.0
implantation,NSGA2,3,70,0.6455320936420386,0.6051931086569908,,80.0
implantation,NSGA2,3,71,0.6455320936420386,0.6087326778168093,,80.0
implantation,NSGA2,3,72,0.6455320936420386,0.6122722469766277,,80.0
implantation,NSGA2,3,73,0.6455320936420386,0.6087551046251388,,80.0
implantation,NSGA2,3,74,0.6455320936420386,0.6157568150917065,,80.0
implantation,NSGA2,3,75,0.6455320936420386,0.6154409221025947,,80.0
implantation,NSGA2,3,76,0.6455320936420386,0.6119237797511057,,80.0
implantation,NSGA2,3,77,0.6455320936420386,0.6084358490121649,,80.0
implantation,NSGA2,3,78,0.6455320936420386,0.6045824592589085,,80.0
implantation,NSGA2,3,79,0.6455320936420386,0.604863646059442,,80.0
implantation,NSGA2,3,80,0.6455320936420386,0.6051706222921668,,80.0
implantation,NSGA2,3,81,0.6455320936420386,0.6080192233208825,,80.0
implantation,NSGA2,3,82,0.6455320936420386,0.6080192233208825,,80.0
implantation,NSGA2,3,83,0.6455320936420386,0.6121368676423733,,80.0
implantation,NSGA2,3,84,0.6455320936420386,0.616024432283803,,80.0
implantation,NSGA2,3,85,0.6455320936420386,0.6159732656068362,,80.0
implantation,NSGA2,3,86,0.6455320936420386,0.6226741937879979,,80.0
implantation,NSGA2,3,87,0.6455320936420386,0.6227545720775128,,80.0
implantation,NSGA2,3,88,0.6455320936420386,0.6152924449038139,,80.0
implantation,NSGA2,3,89,0.6455320936420386,0.6154239303138012,,80.0
implantation,NSGA2,3,90,0.6455320936420386,0.6150788257121412,,80.0
implantation,NSGA2,3,91,0.6455320936420386,0.6153346948243937,,80.0
implantation,NSGA2,3,92,0.6455320936420386,0.6118619343456533,,80.0
implantation,NSGA2,3,93,0.6455320936420386,0.6083807884109309,,80.0
implantation,NSGA2,3,94,0.6455320936420386,0.6087102510084799,,80.0
implantation,NSGA2,3,95,0.6455320936420386,0.6059256273373851,,80.0
implantation,NSGA2,3,96,0.6455320936420386,0.6024630142867251,,80.0
implantation,NSGA2,3,97,0.6455320936420386,0.6123555161460941,,80.0
implantation,NSGA2,3,98,0.6455320936420386,0.6088159469862756,,80.0
implantation,NSGA2,3,99,0.6455320936420386,0.6088895404715721,,80.0
implantation,NSGA2,3,100,0.6455320936420386,0.6088861778477102,,80.0
implantation,NSGA2,3,101,0.6455320936420386,0.6091352621557441,,80.0
implantation,NSGA2,3,102,0.6455320936420386,0.6091318399753876,,80.0
implantation,NSGA2,3,103,0.6455320936420386,0.6087770596895578,,80.0
implantation,NSGA2,3,104,0.6455320936420386,0.6087770596895578,,80.0
implantation,NSGA2,3,105,0.6455320936420386,0.612309903601652,,80.0
implantation,NSGA2,3,106,0.6455320936420386,0.6119326369509983,,80.0
implantation,NSGA2,3,107,0.6455320936420386,0.6086966814000428,,80.0
implantation,NSGA2,3,108,0.6455320936420386,0.6087478480770097,,80.0
implantation,NSGA2,3,109,0.6455320936420386,0.6084763369606462,,80.0
implantation,NSGA2,3,110,0.6455320936420386,0.6087512702573662,,80.0
implantation,NSGA2,3,111,0.6455320936420386,0.6122463979879417,,80.0
implantation,NSGA2,3,112,0.6455320936420386,0.6121728045026453,,80.0
implantation,NSGA2,3,113,0.6455320936420386,0.6121498463939108,,80.0
implantation,NSGA2,3,114,0.6455320936420386,0.6085849595458115,,80.0
implantation,NSGA2,3,115,0.6455320936420386,0.6045629233305305,,80.0
implantation,NSGA2,3,116,0.6455320936420386,0.604569708134749,,80.0
implantation,NSGA2,3,117,0.6455320936420386,0.60139767038492,,80.0
implantation,NSGA2,3,118,0.6455320936420386,0.6020020067226943,,80.0
implantation,NSGA2,3,119,0.6455320936420386,0.6016725441251454,,80.0
implantation,NSGA2,3,120,0.6455320936420386,0.6013109790350971,,80.0
implantation,NSGA2,3,121,0.6455320936420386,0.6013076164112351,,80.0
implantation,NSGA2,3,122,0.6455320936420386,0.6044407668643462,,80.0
implantation,NSGA2,3,123,0.6455320936420386,0.6037987739015473,,80.0
implantation,NSGA2,3,124,0.6455320936420386,0.600534138038449,,80.0
implantation,NSGA2,3,125,0.6455320936420386,0.6012115961176092,,80.0
implantation,NSGA2,3,126,0.6455320936420386,0.5978006810443212,,80.0
implantation,NSGA2,3,127,0.6455320936420386,0.5977203027548063,,80.0
implantation,NSGA2,3,128,0.6455320936420386,0.6016725441251454,,80.0
implantation,NSGA2,3,129,0.6455320936420386,0.6055444667624641,,80.0
implantation,NSGA2,3,130,0.6455320936420386,0.6087321465164042,,80.0
implantation,NSGA2,3,131,0.6455320936420386,0.60565016274026,,80.0
implantation,NSGA2,3,132,0.6455320936420386,0.605566421826883,,80.0
implantation,NSGA2,3,133,0.6455320936420386,0.6026823556818061,,80.0
implantation,NSGA2,3,134,0.6455320936420386,0.6022860844031793,,80.0
implantation,NSGA2,3,135,0.6455320936420386,0.6020150450307262,,80.0
implantation,NSGA2,3,136,0.6455320936420386,0.6023377228240567,,80.0
implantation,NSGA2,3,137,0.6455320936420386,0.6090874581026392,,80.0
implantation,NSGA2,3,138,0.6455320936420386,0.6055961647398362,,80.0
implantation,NSGA2,3,139,0.6455320936420386,0.6055703157511502,,80.0
implantation,NSGA2,3,140,0.6455320936420386,0.6018231532760947,,80.0
implantation,NSGA2,3,141,0.6455320936420386,0.6053301481995031,,80.0
implantation,NSGA2,3,142,0.6455320936420386,0.6053301481995031,,80.0
implantation,NSGA2,3,143,0.6455320936420386,0.6053593598120511,,80.0
implantation,NSGA2,3,144,0.6455320936420386,0.6024207643661452,,80.0
implantation,NSGA2,3,145,0.6455320936420386,0.6024045910616291,,80.0
implantation,NSGA2,3,146,0.6455320936420386,0.605837992499741,,80.0
implantation,NSGA2,3,147,0.6455320936420386,0.605837992499741,,80.0
implantation,NSGA2,3,148,0.6455320936420386,0.6093551348512299,,80.0
implantation,NSGA2,3,149,0.6455320936420386,0.6091251147276635,,80.0
implantation,NSGA2,3,150,0.6455320936420386,0.6090930122351642,,80.0
implantation,NSGA2,3,151,0.6455320936420386,0.6087001035803993,,80.0
implantation,NSGA2,3,152,0.6455320936420386,0.6121368676423733,,80.0
implantation,NSGA2,3,153,0.6455320936420386,0.6122840546129661,,80.0
implantation,NSGA2,3,154,0.6455320936420386,0.6119838036279652,,80.0
implantation,NSGA2,3,155,0.6455320936420386,0.6119326369509983,,80.0
implantation,NSGA2,3,156,0.6455320936420386,0.6086471153748393,,80.0
implantation,NSGA2,3,157,0.6455320936420386,0.6086280511903718,,80.0
implantation,NSGA2,3,158,0.6455320936420386,0.6056201921999291,,80.0
implantation,NSGA2,3,159,0.6455320936420386,0.6057039331133061,,80.0
implantation,NSGA2,3,160,0.6455320936420386,0.6091918638522469,,80.0
implantation,NSGA2,3,161,0.6455320936420386,0.612309372301247,,80.0
implantation,NSGA2,3,162,0.6455320936420386,0.6119253804028691,,80.0
implantation,NSGA2,3,163,0.6455320936420386,0.6084598764722579,,80.0
implantation,NSGA2,3,164,0.6455320936420386,0.6084857254609437,,80.0
implantation,NSGA2,3,165,0.6455320936420386,0.6055928021159742,,80.0
implantation,NSGA2,3,166,0.6455320936420386,0.6023383136809562,,80.0
implantation,NSGA2,3,167,0.6455320936420386,0.602722305579334,,80.0
implantation,NSGA2,3,168,0.6455320936420386,0.5992310122165312,,80.0
implantation,NSGA2,3,169,0.6455320936420386,0.6024411187788007,,80.0
implantation,NSGA2,3,170,0.6455320936420386,0.6027637965721311,,80.0
implantation,NSGA2,3,171,0.6455320936420386,0.6059222647135231,,80.0
implantation,NSGA2,3,172,0.6455320936420386,0.6021048713770332,,80.0
implantation,NSGA2,3,173,0.6455320936420386,0.6013947795049684,,80.0
implantation,NSGA2,3,174,0.6455320936420386,0.6047735920857571,,80.0
implantation,NSGA2,3,175,0.6455320936420386,0.607986589527978,,80.0
implantation,NSGA2,3,176,0.6455320936420386,0.6048315435669425,,80.0
implantation,NSGA2,3,177,0.6455320936420386,0.608422279403728,,80.0
implantation,NSGA2,3,178,0.6455320936420386,0.6121592944507027,,80.0
implantation,NSGA2,3,179,0.6455320936420386,0.6086747858921184,,80.0
implantation,NSGA2,3,180,0.6455320936420386,0.6087483793774148,,80.0
implantation,NSGA2,3,181,0.6455320936420386,0.6087736970656957,,80.0
implantation,NSGA2,3,182,0.6455320936420386,0.6122548430004182,,80.0
implantation,NSGA2,3,183,0.6455320936420386,0.6086641071636328,,80.0
implantation,NSGA2,3,184,0.6455320936420386,0.6052244522217073,,80.0
implantation,NSGA2,3,185,0.6455320936420386,0.6055027481422893,,80.0
implantation,NSGA2,3,186,0.6455320936420386,0.6016887769861561,,80.0
implantation,NSGA2,3,187,0.6455320936420386,0.6052059193376449,,80.0
implantation,NSGA2,3,188,0.6455320936420386,0.6020283870117854,,80.0
implantation,NSGA2,3,189,0.6455320936420386,0.6021340829895813,,80.0
implantation,NSGA2,3,190,0.6455320936420386,0.6024820784711926,,80.0
implantation,NSGA2,3,191,0.6455320936420386,0.605714140097881,,80.0
implantation,NSGA2,3,192,0.6455320936420386,0.6060143910828819,,80.0
implantation,NSGA2,3,193,0.6455320936420386,0.605976262713947,,80.0
implantation,NSGA2,3,194,0.6455320936420386,0.6019355745016146,,80.0
implantation,NSGA2,3,195,0.6455320936420386,0.6016285982688897,,80.0
implantation,NSGA2,3,196,0.6455320936420386,0.5980861382291198,,80.0
implantation,NSGA2,3,197,0.6455320936420386,0.5945144665768021,,80.0
implantation,NSGA2,3,198,0.6455320936420386,0.6014649508099084,,80.0
implantation,NSGA2,3,199,0.6455320936420386,0.5980028690596535,,80.0
implantation,NSGA2,3,200,0.6455320936420386,0.5944442357153676,,80.0
implantation,NSGA2,4,0,0.5857410432018366,0.390225190086655,,5.0
implantation,NSGA2,4,1,0.5889743640016214,0.44307770868635865,,5.0
implantation,NSGA2,4,2,0.5991985619014215,0.4680069842414333,,3.0
implantation,NSGA2,4,3,0.5991985619014215,0.4927875455761706,,4.0
implantation,NSGA2,4,4,0.5991985619014215,0.5015218739541765,,5.0
implantation,NSGA2,4,5,0.5998353087125273,0.5162121874088006,,4.0
implantation,NSGA2,4,6,0.6066765489562178,0.5426068437000172,,6.0
implantation,NSGA2,4,7,0.6110187069551216,0.538455759056716,,4.0
implantation,NSGA2,4,8,0.6155639403931057,0.5088381079620816,,4.0
implantation,NSGA2,4,9,0.6253659268045273,0.4792068747786532,,5.0
implantation,NSGA2,4,10,0.6271704831559535,0.4900285645944174,,5.0
implantation,NSGA2,4,11,0.6271704831559535,0.4961558623351129,,4.0
implantation,NSGA2,4,12,0.6278566977045211,0.5194777445571627,,4.0
implantation,NSGA2,4,13,0.6337287327156162,0.5237114194063933,,4.0
implantation,NSGA2,4,14,0.6352044906715454,0.527805190894416,,6.0
implantation,NSGA2,4,15,0.6352044906715454,0.5526609829489514,,6.0
implantation,NSGA2,4,16,0.6352044906715454,0.545182374568846,,8.0
implantation,NSGA2,4,17,0.6352044906715454,0.5350772104348748,,9.0
implantation,NSGA2,4,18,0.6374018311696162,0.5602397065208661,,17.0
implantation,NSGA2,4,19,0.6374018311696162,0.5630456777214066,,24.0
implantation,NSGA2,4,20,0.6374018311696162,0.579866369255281,,40.0
implantation,NSGA2,4,21,0.6374018311696162,0.6074304470374898,,58.0
implantation,NSGA2,4,22,0.6374018311696162,0.6200870417568579,,79.0
implantation,NSGA2,4,23,0.6385013804971961,0.622477361506261,,80.0
implantation,NSGA2,4,24,0.6385013804971961,0.6192511587002975,,80.0
implantation,NSGA2,4,25,0.6385013804971961,0.6190304222555925,,80.0
implantation,NSGA2,4,26,0.6385013804971961,0.615804219449629,,80.0
implantation,NSGA2,4,27,0.6385013804971961,0.6097151130202281,,80.0
implantation,NSGA2,4,28,0.6385013804971961,0.6064107365073809,,80.0
implantation,NSGA2,4,29,0.6385013804971961,0.6034834438530062,,80.0
implantation,NSGA2,4,30,0.6385013804971961,0.6035616175598901,,80.0
implantation,NSGA2,4,31,0.6385013804971961,0.597550684837373,,80.0
implantation,NSGA2,4,32,0.6385013804971961,0.5916823148526771,,80.0
implantation,NSGA2,4,33,0.6385013804971961,0.5918386622664447,,80.0
implantation,NSGA2,4,34,0.6389679726553137,0.5920008420821888,,80.0
implantation,NSGA2,4,35,0.6389679726553137,0.5922411956048169,,80.0
implantation,NSGA2,4,36,0.6389679726553137,0.5892357292435584,,80.0
implantation,NSGA2,4,37,0.6389679726553137,0.5831466228141575,,80.0
implantation,NSGA2,4,38,0.6389679726553137,0.5867499094785936,,80.0
implantation,NSGA2,4,39,0.6389679726553137,0.5836077127814905,,80.0
implantation,NSGA2,4,40,0.6389679726553137,0.5839847966399632,,80.0
implantation,NSGA2,4,41,0.6389679726553137,0.5773760436142684,,80.0
implantation,NSGA2,4,42,0.6389679726553137,0.5775323910280361,,80.0
implantation,NSGA2,4,43,0.6389679726553137,0.5773116545833312,,80.0
implantation,NSGA2,4,44,0.6389679726553137,0.5775382234300126,,80.0
implantation,NSGA2,4,45,0.6389679726553137,0.5772393132784238,,80.0
implantation,NSGA2,4,46,0.6389679726553137,0.5778429659835778,,80.0
implantation,NSGA2,4,47,0.6389679726553137,0.5715389555114484,,80.0
implantation,NSGA2,4,48,0.6389679726553137,0.5681622376936939,,80.0
implantation,NSGA2,4,49,0.6389679726553137,0.5684669802472591,,80.0
implantation,NSGA2,4,50,0.6389679726553137,0.568765890398848,,80.0
implantation,NSGA2,4,51,0.6389679726553137,0.5719920932048114,,80.0
implantation,NSGA2,4,52,0.6389679726553137,0.575148074577861,,80.0
implantation,NSGA2,4,53,0.6389679726553137,0.5715506203154014,,80.0
implantation,NSGA2,4,54,0.6389679726553137,0.5713298838706964,,80.0
implantation,NSGA2,4,55,0.6389679726553137,0.5651626037344119,,80.0
implantation,NSGA2,4,56,0.6389679726553137,0.558624072141631,,80.0
implantation,NSGA2,4,57,0.6389679726553137,0.5586240721416309,,80.0
implantation,NSGA2,4,58,0.6389679726553137,0.555546264475465,,80.0
implantation,NSGA2,4,59,0.6389679726553137,0.5490800741875915,,80.0
implantation,NSGA2,4,60,0.6389679726553137,0.5455549612300393,,80.0
implantation,NSGA2,4,61,0.6389679726553137,0.5486502661021346,,80.0
implantation,NSGA2,4,62,0.6389679726553137,0.545865536185581,,80.0
implantation,NSGA2,4,63,0.6389679726553137,0.552337558875431,,80.0
implantation,NSGA2,4,64,0.6389679726553137,0.5492539188072886,,80.0
implantation,NSGA2,4,65,0.6389679726553137,0.5562397556914559,,80.0
implantation,NSGA2,4,66,0.6389679726553137,0.5562397556914559,,80.0
implantation,NSGA2,4,67,0.6389679726553137,0.5560971929536348,,80.0
implantation,NSGA2,4,68,0.6389679726553137,0.5589600965770721,,80.0
implantation,NSGA2,4,69,0.6389679726553137,0.562258640687943,,80.0
implantation,NSGA2,4,70,0.6389679726553137,0.5555717139553644,,80.0
implantation,NSGA2,4,71,0.6389679726553137,0.5557924504000695,,80.0
implantation,NSGA2,4,72,0.6389679726553137,0.559401569466482,,80.0
implantation,NSGA2,4,73,0.6389679726553137,0.5662506760148046,,80.0
implantation,NSGA2,4,74,0.6389679726553137,0.5628797905990265,,80.0
implantation,NSGA2,4,75,0.6389679726553137,0.5595754140861791,,80.0
implantation,NSGA2,4,76,0.6389679726553137,0.5595695816842026,,80.0
implantation,NSGA2,4,77,0.6389679726553137,0.5558881213128827,,80.0
implantation,NSGA2,4,78,0.6389679726553137,0.5558881213128828,,80.0
implantation,NSGA2,4,79,0.6389679726553137,0.5559779598237196,,80.0
implantation,NSGA2,4,80,0.6389679726553137,0.5558412294878748,,80.0
implantation,NSGA2,4,81,0.6389679726553137,0.5527575894197325,,80.0
implantation,NSGA2,4,82,0.6389679726553137,0.5591456060007222,,80.0
implantation,NSGA2,4,83,0.6389679726553137,0.5695139931046206,,80.0
implantation,NSGA2,4,84,0.6389679726553137,0.5759020096856102,,80.0
implantation,NSGA2,4,85,0.6389679726553137,0.5759860157944705,,80.0
implantation,NSGA2,4,86,0.6389679726553137,0.5726816392816232,,80.0
implantation,NSGA2,4,87,0.6389679726553137,0.5726034655747394,,80.0
implantation,NSGA2,4,88,0.6389679726553137,0.5695198255065971,,80.0
implantation,NSGA2,4,89,0.6389679726553137,0.5732071182798935,,80.0
implantation,NSGA2,4,90,0.6389679726553137,0.5789133084488451,,80.0
implantation,NSGA2,4,91,0.6389679726553137,0.5758355007826793,,80.0
implantation,NSGA2,4,92,0.6389679726553137,0.5819304396140567,,80.0
implantation,NSGA2,4,93,0.6389679726553137,0.5751536743706415,,80.0
implantation,NSGA2,4,94,0.6389679726553137,0.5714663815973451,,80.0
implantation,NSGA2,4,95,0.6389679726553137,0.5686874840827679,,80.0
implantation,NSGA2,4,96,0.6389679726553137,0.572070034302499,,80.0
implantation,NSGA2,4,97,0.6389679726553137,0.5787452962311246,,80.0
implantation,NSGA2,4,98,0.6389679726553137,0.5816609240815463,,80.0
implantation,NSGA2,4,99,0.6389679726553137,0.5751947337936728,,80.0
implantation,NSGA2,4,100,0.6389679726553137,0.5786554577202878,,80.0
implantation,NSGA2,4,101,0.6389679726553137,0.5789543678718767,,80.0
implantation,NSGA2,4,102,0.6389679726553137,0.5788761941649928,,80.0
implantation,NSGA2,4,103,0.6389679726553137,0.578817637536032,,80.0
implantation,NSGA2,4,104,0.6389679726553137,0.5787452962311246,,80.0
implantation,NSGA2,4,105,0.6389679726553137,0.5788234699380084,,80.0
implantation,NSGA2,4,106,0.6389679726553137,0.5789856497537527,,80.0
implantation,NSGA2,4,107,0.6389679726553137,0.5786867396021638,,80.0
implantation,NSGA2,4,108,0.6389679726553137,0.5752201832735724,,80.0
implantation,NSGA2,4,109,0.6389679726553137,0.5752260156755489,,80.0
implantation,NSGA2,4,110,0.6389679726553137,0.5719274715646779,,80.0
implantation,NSGA2,4,111,0.6389679726553137,0.5717067351199729,,80.0
implantation,NSGA2,4,112,0.6389679726553137,0.5750111116328203,,80.0
implantation,NSGA2,4,113,0.6389679726553137,0.5720056452715617,,80.0
implantation,NSGA2,4,114,0.6389679726553137,0.5689278376053959,,80.0
implantation,NSGA2,4,115,0.6389679726553137,0.5689336700073724,,80.0
implantation,NSGA2,4,116,0.6389679726553137,0.569070400343217,,80.0
implantation,NSGA2,4,117,0.6389679726553137,0.5657601914283933,,80.0
implantation,NSGA2,4,118,0.6389679726553137,0.5723689444540879,,80.0
implantation,NSGA2,4,119,0.6389679726553137,0.575751494673819,,80.0
implantation,NSGA2,4,120,0.6389679726553137,0.5754525845222302,,80.0
implantation,NSGA2,4,121,0.6389679726553137,0.569070400343217,,80.0
implantation,NSGA2,4,122,0.6389679726553137,0.569070400343217,,80.0
implantation,NSGA2,4,123,0.6389679726553137,0.5626100424573199,,80.0
implantation,NSGA2,4,124,0.6389679726553137,0.5631296890536138,,80.0
implantation,NSGA2,4,125,0.6389679726553137,0.5698947894930761,,80.0
implantation,NSGA2,4,126,0.6389679726553137,0.5668053170229572,,80.0
implantation,NSGA2,4,127,0.6389679726553137,0.5730624356700786,,80.0
implantation,NSGA2,4,128,0.6389679726553137,0.5792238834043869,,80.0
implantation,NSGA2,4,129,0.6389679726553137,0.5859108101369653,,80.0
implantation,NSGA2,4,130,0.6389679726553137,0.585826804028105,,80.0
implantation,NSGA2,4,131,0.6389679726553137,0.57957551778296,,80.0
implantation,NSGA2,4,132,0.6389679726553137,0.5791340448935501,,80.0
implantation,NSGA2,4,133,0.6389679726553137,0.5787511286331011,,80.0
implantation,NSGA2,4,134,0.6389679726553137,0.5756733209669351,,80.0
implantation,NSGA2,4,135,0.6389679726553137,0.5724529505629482,,80.0
implantation,NSGA2,4,136,0.6389679726553137,0.5789249732527981,,80.0
implantation,NSGA2,4,137,0.6389679726553137,0.5731406093769624,,80.0
implantation,NSGA2,4,138,0.6389679726553137,0.5728416992253738,,80.0
implantation,NSGA2,4,139,0.6389679726553137,0.572925705334234,,80.0
implantation,NSGA2,4,140,0.6389679726553137,0.572531124269832,,80.0
implantation,NSGA2,4,141,0.6389679726553137,0.5758355007826793,,80.0
implantation,NSGA2,4,142,0.6389679726553137,0.5758296683807028,,80.0
implantation,NSGA2,4,143,0.6389679726553137,0.5757514946738189,,80.0
implantation,NSGA2,4,144,0.6389679726553137,0.5729667647572654,,80.0
implantation,NSGA2,4,145,0.6389679726553137,0.5725838484968163,,80.0
implantation,NSGA2,4,146,0.6389679726553137,0.5723572796501349,,80.0
implantation,NSGA2,4,147,0.6389679726553137,0.5690529031372875,,80.0
implantation,NSGA2,4,148,0.6389679726553137,0.5688321666925826,,80.0
implantation,NSGA2,4,149,0.6389679726553137,0.5657485266244404,,80.0
implantation,NSGA2,4,150,0.6389679726553137,0.5623659764047092,,80.0
implantation,NSGA2,4,151,0.6389679726553137,0.5590615998918619,,80.0
implantation,NSGA2,4,152,0.6389679726553137,0.5621452399600042,,80.0
implantation,NSGA2,4,153,0.6389679726553137,0.5621510723619807,,80.0
implantation,NSGA2,4,154,0.6389679726553137,0.5621510723619807,,80.0
implantation,NSGA2,4,155,0.6389679726553137,0.5587685221422495,,80.0
implantation,NSGA2,4,156,0.6389679726553137,0.5556907144760836,,80.0
implantation,NSGA2,4,157,0.6389679726553137,0.5562161934743539,,80.0
implantation,NSGA2,4,158,0.6389679726553137,0.5594423962803173,,80.0
implantation,NSGA2,4,159,0.6389679726553137,0.5589169172820472,,80.0
implantation,NSGA2,4,160,0.6389679726553137,0.5591259889227992,,80.0
implantation,NSGA2,4,161,0.6389679726553137,0.5589052524780943,,80.0
implantation,NSGA2,4,162,0.6389679726553137,0.5592823363365669,,80.0
implantation,NSGA2,4,163,0.6389679726553137,0.5593605100434507,,80.0
implantation,NSGA2,4,164,0.6389679726553137,0.5657543590264169,,80.0
implantation,NSGA2,4,165,0.6389679726553137,0.569058735539264,,80.0
implantation,NSGA2,4,166,0.6389679726553137,0.5758238359787263,,80.0
implantation,NSGA2,4,167,0.6389679726553137,0.5789016436448923,,80.0
implantation,NSGA2,4,168,0.6389679726553137,0.5755074286212082,,80.0
implantation,NSGA2,4,169,0.6389679726553137,0.5718201358479117,,80.0
implantation,NSGA2,4,170,0.6389679726553137,0.5721190459995006,,80.0
implantation,NSGA2,4,171,0.6389679726553137,0.5658150355273712,,80.0
implantation,NSGA2,4,172,0.6389679726553137,0.5749877820249145,,80.0
implantation,NSGA2,4,173,0.6389679726553137,0.5750659557317983,,80.0
implantation,NSGA2,4,174,0.6389679726553137,0.5783703322446455,,80.0
implantation,NSGA2,4,175,0.6389679726553137,0.5716775731100906,,80.0
implantation,NSGA2,4,176,0.6389679726553137,0.5687561128576925,,80.0
implantation,NSGA2,4,177,0.6389679726553137,0.5684630351080802,,80.0
implantation,NSGA2,4,178,0.6389679726553137,0.5653852274419142,,80.0
implantation,NSGA2,4,179,0.6389679726553137,0.5619968448202066,,80.0
implantation,NSGA2,4,180,0.6389679726553137,0.5656783051915266,,80.0
implantation,NSGA2,4,181,0.6389679726553137,0.5625048266125474,,80.0
implantation,NSGA2,4,182,0.6389679726553137,0.565719364614558,,80.0
implantation,NSGA2,4,183,0.6389679726553137,0.5654204544629693,,80.0
implantation,NSGA2,4,184,0.6389679726553137,0.5697055675394431,,80.0
implantation,NSGA2,4,185,0.6389679726553137,0.5694848310947382,,80.0
implantation,NSGA2,4,186,0.6389679726553137,0.5725626387609041,,80.0
implantation,NSGA2,4,187,0.6389679726553137,0.572179722500455,,80.0
implantation,NSGA2,4,188,0.6389679726553137,0.5688811783895842,,80.0
implantation,NSGA2,4,189,0.6389679726553137,0.5723477347181756,,80.0
implantation,NSGA2,4,190,0.6389679726553137,0.5687971722807238,,80.0
implantation,NSGA2,4,191,0.6389679726553137,0.5688811783895842,,80.0
implantation,NSGA2,4,192,0.6389679726553137,0.5660964484730305,,80.0
implantation,NSGA2,4,193,0.6389679726553137,0.5759568537845882,,80.0
implantation,NSGA2,4,194,0.6389679726553137,0.579046326254707,,80.0
implantation,NSGA2,4,195,0.6389679726553137,0.5788314222119786,,80.0
implantation,NSGA2,4,196,0.6389679726553137,0.5752223031455659,,80.0
implantation,NSGA2,4,197,0.6389679726553137,0.5718397529258349,,80.0
implantation,NSGA2,4,198,0.6389679726553137,0.5722030521083609,,80.0
implantation,NSGA2,4,199,0.6389679726553137,0.5689045079974899,,80.0
implantation,NSGA2,4,200,0.6389679726553137,0.5721423756074064,,80.0
etching,GA,0,0,1.9629633519650034,1.6804548825018304,21.0,
etching,GA,0,1,1.9629633519650034,1.7849522687324075,21.0,
etching,GA,0,2,2.029079524514361,1.796123858119961,19.0,
etching,GA,0,3,2.029079524514361,1.7969592496633933,19.0,
etching,GA,0,4,2.029079524514361,1.796323269332167,19.0,
etching,GA,0,5,2.029079524514361,1.829557197121248,19.0,
etching,GA,0,6,2.029079524514361,1.8282247666294562,19.0,
etching,GA,0,7,2.0406750672964207,1.8046286869632282,16.0,
etching,GA,0,8,2.0406750672964207,1.8070928774361548,16.0,
etching,GA,0,9,2.0443084962487177,1.8228732405067718,16.0,
etching,GA,0,10,2.0443084962487177,1.7861783731936782,16.0,
etching,GA,0,11,2.0443084962487177,1.7892726225518676,16.0,
etching,GA,0,12,2.0638492669444615,1.8089225223481507,15.0,
etching,GA,0,13,2.070865745893934,1.8322639137504553,17.0,
etching,GA,0,14,2.070865745893934,1.8458051167789222,17.0,
etching,GA,0,15,2.070865745893934,1.8258976652761323,17.0,
etching,GA,0,16,2.0849190665373922,1.8398955960635899,16.0,
etching,GA,0,17,2.0849190665373922,1.8249378935950324,16.0,
etching,GA,0,18,2.0849190665373922,1.799229443927534,16.0,
etching,GA,0,19,2.102334052220674,1.8080633958413315,16.0,
etching,GA,0,20,2.102334052220674,1.855580866043868,16.0,
etching,GA,0,21,2.1080597563702748,1.8192724661323645,14.0,
etching,GA,0,22,2.1080597563702748,1.846438534264855,14.0,
etching,GA,0,23,2.1080597563702748,1.7970444317612213,14.0,
etching,GA,0,24,2.1080597563702748,1.8321313896966072,14.0,
etching,GA,0,25,2.1080597563702748,1.8612155700090938,14.0,
etching,GA,0,26,2.1080597563702748,1.8388209243495317,14.0,
etching,GA,0,27,2.1080597563702748,1.8125863807652067,14.0,
etching,GA,0,28,2.1080597563702748,1.8015538081207,14.0,
etching,GA,0,29,2.1080597563702748,1.807000469250378,14.0,
etching,GA,0,30,2.1080597563702748,1.8244677607373077,14.0,
etching,GA,0,31,2.1080597563702748,1.8333260420580728,14.0,
etching,GA,0,32,2.1080597563702748,1.843063289558573,14.0,
etching,GA,0,33,2.1212003629230765,1.8127492996858792,14.0,
etching,GA,0,34,2.1212003629230765,1.836765429462519,14.0,
etching,GA,0,35,2.1212003629230765,1.8132302182213955,14.0,
etching,GA,0,36,2.1212003629230765,1.8158491111052377,14.0,
etching,GA,0,37,2.1212003629230765,1.82626622760525,14.0,
etching,GA,0,38,2.1212003629230765,1.791461667274784,14.0,
etching,GA,0,39,2.1212003629230765,1.8338487748391405,14.0,
etching,GA,0,40,2.1212003629230765,1.824592239093286,14.0,
etching,GA,0,41,2.1212003629230765,1.8088022558345258,14.0,
etching,GA,0,42,2.1212003629230765,1.8363744240118183,14.0,
etching,GA,0,43,2.1212003629230765,1.873062916862351,14.0,
etching,GA,0,44,2.1212003629230765,1.8511901541284288,14.0,
etching,GA,0,45,2.1212003629230765,1.8589352621224067,14.0,
etching,GA,0,46,2.1212003629230765,1.861932543282969,14.0,
etching,GA,0,47,2.1212003629230765,1.8321810469113209,14.0,
etching,GA,0,48,2.1212003629230765,1.8063991910947905,14.0,
etching,GA,0,49,2.1212003629230765,1.789988891494545,14.0,
etching,GA,0,50,2.1212003629230765,1.832718330027601,14.0,
etching,GA,0,51,2.1212003629230765,1.7988702633952194,14.0,
etching,GA,0,52,2.1212003629230765,1.8170687275972568,14.0,
etching,GA,0,53,2.1212003629230765,1.8510689363590402,14.0,
etching,GA,0,54,2.1212003629230765,1.831829245832644,14.0,
etching,GA,0,55,2.1212003629230765,1.8003646064464587,14.0,
etching,GA,0,56,2.1212003629230765,1.8392873352394237,14.0,
etching,GA,0,57,2.1212003629230765,1.8373836415848372,14.0,
etching,GA,0,58,2.1212003629230765,1.8429590760999761,14.0,
etching,GA,0,59,2.1212003629230765,1.820937317313944,14.0,
etching,GA,0,60,2.1212003629230765,1.8381303106904057,14.0,
etching,GA,0,61,2.1492135590051538,1.8291796491561811,13.0,
etching,GA,0,62,2.1492135590051538,1.844225253180896,13.0,
etching,GA,0,63,2.1492135590051538,1.8429952389758495,13.0,
etching,GA,0,64,2.1492135590051538,1.8549193477111203,13.0,
etching,GA,0,65,2.1492135590051538,1.8458598823912555,13.0,
etching,GA,0,66,2.1492135590051538,1.8137980554495834,13.0,
etching,GA,0,67,2.1492135590051538,1.8262786894782295,13.0,
etching,GA,0,68,2.1492135590051538,1.8033348439467596,13.0,
etching,GA,0,69,2.1492135590051538,1.8354246204369624,13.0,
etching,GA,0,70,2.1492135590051538,1.826841600811156,13.0,
etching,GA,0,71,2.1492135590051538,1.8613365477968344,13.0,
etching,GA,0,72,2.1492135590051538,1.8509083273441447,13.0,
etching,GA,0,73,2.1492135590051538,1.8452270111850075,13.0,
etching,GA,0,74,2.1492135590051538,1.8590985215907494,13.0,
etching,GA,0,75,2.1492135590051538,1.8417679315054323,13.0,
etching,GA,0,76,2.1492135590051538,1.8355981574671962,13.0,
etching,GA,0,77,2.1775287337090026,1.8484036331851263,12.0,
etching,GA,0,78,2.1775287337090026,1.8617980827631044,12.0,
etching,GA,0,79,2.1775287337090026,1.8565406085194656,12.0,
etching,GA,0,80,2.1775287337090026,1.854979131046985,12.0,
etching,GA,0,81,2.1775287337090026,1.851089684565224,12.0,
etching,GA,0,82,2.1775287337090026,1.856781475725279,12.0,
etching,GA,0,83,2.1775287337090026,1.8574299045162754,12.0,
etching,GA,0,84,2.1775287337090026,1.857911785990686,12.0,
etching,GA,0,85,2.1775287337090026,1.8367300398911985,12.0,
etching,GA,0,86,2.1775287337090026,1.831302104834188,12.0,
etching,GA,0,87,2.1775287337090026,1.8165113690837338,12.0,
etching,GA,0,88,2.1775287337090026,1.8526034851280868,12.0,
etching,GA,0,89,2.1775287337090026,1.8512472084689098,12.0,
etching,GA,0,90,2.1775287337090026,1.8303639569394015,12.0,
etching,GA,0,91,2.1775287337090026,1.8722929151982939,12.0,
etching,GA,0,92,2.1775287337090026,1.849077733104295,12.0,
etching,GA,0,93,2.1775287337090026,1.8365750869725375,12.0,
etching,GA,0,94,2.1775287337090026,1.8464614012353322,12.0,
etching,GA,0,95,2.1775287337090026,1.8121546771894181,12.0,
etching,GA,0,96,2.1775287337090026,1.852381594599202,12.0,
etching,GA,0,97,2.1775287337090026,1.8853137686705495,12.0,
etching,GA,0,98,2.1775287337090026,1.8357668735745647,12.0,
etching,GA,0,99,2.1775287337090026,1.8748736361268257,12.0,
etching,GA,0,100,2.1775287337090026,1.8681369655890172,12.0,
etching,GA,0,101,2.1775287337090026,1.8596802693048304,12.0,
etching,GA,0,102,2.1775287337090026,1.8560056601677473,12.0,
etching,GA,0,103,2.1775287337090026,1.837052833069879,12.0,
etching,GA,0,104,2.1775287337090026,1.8725550465263563,12.0,
etching,GA,0,105,2.1775287337090026,1.8479017517186087,12.0,
etching,GA,0,106,2.1775287337090026,1.8349057943855804,12.0,
etching,GA,0,107,2.1775287337090026,1.8276772153006065,12.0,
etching,GA,0,108,2.1775287337090026,1.8630045087722444,12.0,
etching,GA,0,109,2.1775287337090026,1.8316498296387835,12.0,
etching,GA,0,110,2.1775287337090026,1.8489879686892543,12.0,
etching,GA,0,111,2.1775287337090026,1.8492838864026808,12.0,
etching,GA,0,112,2.1775287337090026,1.8325055286105445,12.0,
etching,GA,0,113,2.1775287337090026,1.8385602654688458,12.0,
etching,GA,0,114,2.1775287337090026,1.861143465341869,12.0,
etching,GA,0,115,2.1775287337090026,1.8411808511087044,12.0,
etching,GA,0,116,2.1775287337090026,1.8674745160862347,12.0,
etching,GA,0,117,2.1778551300613502,1.8574072455541741,11.0,
etching,GA,0,118,2.1778551300613502,1.876982066544454,11.0,
etching,GA,0,119,2.1778551300613502,1.874709808869482,11.0,
etching,GA,0,120,2.1778551300613502,1.8752299184325072,11.0,
etching,GA,0,121,2.1778551300613502,1.8694099553182135,11.0,
etching,GA,0,122,2.1778551300613502,1.8532614197333426,11.0,
etching,GA,0,123,2.1778551300613502,1.8639537384266063,11.0,
etching,GA,0,124,2.1778551300613502,1.8663579934148884,11.0,
etching,GA,0,125,2.1778551300613502,1.8567221687009414,11.0,
etching,GA,0,126,2.1778551300613502,1.8832438232531281,11.0,
etching,GA,0,127,2.1778551300613502,1.89033458516991,11.0,
etching,GA,0,128,2.1778551300613502,1.8848282100241167,11.0,
etching,GA,0,129,2.1778551300613502,1.8799656646003065,11.0,
etching,GA,0,130,2.1778551300613502,1.8852916735659722,11.0,
etching,GA,0,131,2.1778551300613502,1.8743683198892327,11.0,
etching,GA,0,132,2.1778551300613502,1.8509058715203932,11.0,
etching,GA,0,133,2.195016928874953,1.858313861470742,10.0,
etching,GA,0,134,2.195016928874953,1.8531311354481048,10.0,
etching,GA,0,135,2.195016928874953,1.8604672437047676,10.0,
etching,GA,0,136,2.195016928874953,1.8775094240697014,10.0,
etching,GA,0,137,2.195016928874953,1.8542868301030828,10.0,
etching,GA,0,138,2.195016928874953,1.8586368645733333,10.0,
etching,GA,0,139,2.195016928874953,1.856423327496627,10.0,
etching,GA,0,140,2.195016928874953,1.8665167541006298,10.0,
etching,GA,0,141,2.195016928874953,1.8523128977399268,10.0,
etching,GA,0,142,2.195016928874953,1.8687403652707846,10.0,
etching,GA,0,143,2.195016928874953,1.8396128941755194,10.0,
etching,GA,0,144,2.195016928874953,1.8359071302346457,10.0,
etching,GA,0,145,2.195016928874953,1.8343750092827775,10.0,
etching,GA,0,146,2.195016928874953,1.8321898258246598,10.0,
etching,GA,0,147,2.195016928874953,1.8426432353802582,10.0,
etching,GA,0,148,2.195016928874953,1.8375211300020389,10.0,
etching,GA,0,149,2.195016928874953,1.8543758764940406,10.0,
etching,GA,0,150,2.195016928874953,1.8269293971044078,10.0,
etching,GA,0,151,2.195016928874953,1.8226827931409104,10.0,
etching,GA,0,152,2.195016928874953,1.8639367718392048,10.0,
etching,GA,0,153,2.195016928874953,1.8458745306303286,10.0,
etching,GA,0,154,2.195016928874953,1.8547593634787787,10.0,
etching,GA,0,155,2.195016928874953,1.8509106763918948,10.0,
etching,GA,0,156,2.195016928874953,1.8802228799256206,10.0,
etching,GA,0,157,2.195016928874953,1.8904347318722134,10.0,
etching,GA,0,158,2.195016928874953,1.8643311472662536,10.0,
etching,GA,0,159,2.195016928874953,1.8881626087467283,10.0,
etching,GA,0,160,2.195016928874953,1.8816692826973402,10.0,
etching,GA,0,161,2.195016928874953,1.8989657808693565,10.0,
etching,GA,0,162,2.195016928874953,1.914324277630639,10.0,
etching,GA,0,163,2.195016928874953,1.9112375224025713,10.0,
etching,GA,0,164,2.195016928874953,1.885042701586228,10.0,
etching,GA,0,165,2.195016928874953,1.871338147830618,10.0,
etching,GA,0,166,2.195016928874953,1.8967698857977393,10.0,
etching,GA,0,167,2.195016928874953,1.9097825295284387,10.0,
etching,GA,0,168,2.195016928874953,1.8980469291034023,10.0,
etching,GA,0,169,2.195016928874953,1.8693734383878962,10.0,
etching,GA,0,170,2.195016928874953,1.8600600925835913,10.0,
etching,GA,0,171,2.195016928874953,1.8672552151176443,10.0,
etching,GA,0,172,2.195016928874953,1.8772593406912699,10.0,
etching,GA,0,173,2.195016928874953,1.882749193361139,10.0,
etching,GA,1,0,1.9280209936102062,1.685134593703112,22.0,
etching,GA,1,1,1.9434428025237254,1.7298179012683885,21.0,
etching,GA,1,2,1.9446541883901416,1.7406131181455606,23.0,
etching,GA,1,3,1.9446541883901416,1.7701721886443718,23.0,
etching,GA,1,4,1.9966651123181862,1.7960350449906337,19.0,
etching,GA,1,5,1.9966651123181862,1.7841794940479219,19.0,
etching,GA,1,6,2.0140297745178746,1.7917164349046228,19.0,
etching,GA,1,7,2.0140297745178746,1.8096965520453494,19.0,
etching,GA,1,8,2.0140297745178746,1.8122503809904664,19.0,
etching,GA,1,9,2.0219657432152136,1.8140230116635103,19.0,
etching,GA,1,10,2.082826380547529,1.8261631388493136,14.0,
etching,GA,1,11,2.082826380547529,1.8143258464789578,14.0,
etching,GA,1,12,2.082826380547529,1.8106459822743077,14.0,
etching,GA,1,13,2.082826380547529,1.8202763042386987,14.0,
etching,GA,1,14,2.082826380547529,1.832773605815526,14.0,
etching,GA,1,15,2.082826380547529,1.8475356445002191,14.0,
etching,GA,1,16,2.082826380547529,1.8558605553259226,14.0,
etching,GA,1,17,2.082826380547529,1.8500081293670896,14.0,
etching,GA,1,18,2.082826380547529,1.8685022829403857,14.0,
etching,GA,1,19,2.082826380547529,1.8655941937711014,14.0,
etching,GA,1,20,2.100405635959249,1.8902916017463318,12.0,
etching,GA,1,21,2.100405635959249,1.8805247898660862,12.0,
etching,GA,1,22,2.100405635959249,1.8859001100367236,12.0,
etching,GA,1,23,2.100405635959249,1.8733154772172589,12.0,
etching,GA,1,24,2.101827240821473,1.8624375427790532,13.0,
etching,GA,1,25,2.101827240821473,1.866098788247647,13.0,
etching,GA,1,26,2.101827240821473,1.8560788402750217,13.0,
etching,GA,1,27,2.101827240821473,1.846351078481964,13.0,
etching,GA,1,28,2.101827240821473,1.797371312273728,13.0,
etching,GA,1,29,2.101827240821473,1.8049780721783542,13.0,
etching,GA,1,30,2.101827240821473,1.815112148966249,13.0,
etching,GA,1,31,2.101827240821473,1.8206414514860445,13.0,
etching,GA,1,32,2.101827240821473,1.8416802774482606,13.0,
etching,GA,1,33,2.101827240821473,1.8472638671233121,13.0,
etching,GA,1,34,2.1341681593838806,1.8445251539042047,12.0,
etching,GA,1,35,2.1341681593838806,1.8439577935703348,12.0,
etching,GA,1,36,2.1341681593838806,1.800126695497229,12.0,
etching,GA,1,37,2.1341681593838806,1.8336352774199827,12.0,
etching,GA,1,38,2.1341681593838806,1.8268757644526574,12.0,
etching,GA,1,39,2.156332669553466,1.8312934944076567,9.0,
etching,GA,1,40,2.156332669553466,1.8068906067292958,9.0,
etching,GA,1,41,2.156332669553466,1.8150835818248896,9.0,
etching,GA,1,42,2.156332669553466,1.8666413218945164,9.0,
etching,GA,1,43,2.156332669553466,1.8508471305892027,9.0,
etching,GA,1,44,2.156332669553466,1.8331417340446527,9.0,
etching,GA,1,45,2.156332669553466,1.8616373025910136,9.0,
etching,GA,1,46,2.156332669553466,1.8439288931571505,9.0,
etching,GA,1,47,2.156332669553466,1.843280039853099,9.0,
etching,GA,1,48,2.156332669553466,1.8408755546055062,9.0,
etching,GA,1,49,2.156332669553466,1.8740146586310105,9.0,
etching,GA,1,50,2.156332669553466,1.8359323288537617,9.0,
etching,GA,1,51,2.156332669553466,1.8439044518825702,9.0,
etching,GA,1,52,2.156332669553466,1.8386727370630223,9.0,
etching,GA,1,53,2.1654101057158712,1.8463783095462027,10.0,
etching,GA,1,54,2.1654101057158712,1.8415249343492666,10.0,
etching,GA,1,55,2.1654101057158712,1.8571201698415218,10.0,
etching,GA,1,56,2.1654101057158712,1.8486516694032207,10.0,
etching,GA,1,57,2.1654101057158712,1.8644700052448386,10.0,
etching,GA,1,58,2.1654101057158712,1.8332376644742154,10.0,
etching,GA,1,59,2.1654101057158712,1.8158747954374461,10.0,
etching,GA,1,60,2.1654101057158712,1.8365596655331777,10.0,
etching,GA,1,61,2.1654101057158712,1.8404483851681497,10.0,
etching,GA,1,62,2.1654101057158712,1.8380147141713057,10.0,
etching,GA,1,63,2.1654101057158712,1.8336400089973175,10.0,
etching,GA,1,64,2.1654101057158712,1.8471064134353739,10.0,
etching,GA,1,65,2.1654101057158712,1.795878046781921,10.0,
etching,GA,1,66,2.1654101057158712,1.7958145043129226,10.0,
etching,GA,1,67,2.1654101057158712,1.8027497232043437,10.0,
etching,GA,1,68,2.1654101057158712,1.8231997514780638,10.0,
etching,GA,1,69,2.1928402651278684,1.8446305808203545,10.0,
etching,GA,1,70,2.1928402651278684,1.823695978164713,10.0,
etching,GA,1,71,2.1928402651278684,1.8211855917285333,10.0,
etching,GA,1,72,2.1928402651278684,1.8471723485522156,10.0,
etching,GA,1,73,2.1928402651278684,1.8408434955332962,10.0,
etching,GA,1,74,2.1928402651278684,1.8433873541062127,10.0,
etching,GA,1,75,2.1928402651278684,1.840673443896787,10.0,
etching,GA,1,76,2.1928402651278684,1.8131571210629502,10.0,
etching,GA,1,77,2.1928402651278684,1.8317286529050194,10.0,
etching,GA,1,78,2.1928402651278684,1.8298100610668109,10.0,
etching,GA,1,79,2.1928402651278684,1.846308056205168,10.0,
etching,GA,1,80,2.1928402651278684,1.8485329852718302,10.0,
etching,GA,1,81,2.1928402651278684,1.856895175610746,10.0,
etching,GA,1,82,2.1928402651278684,1.8703967641363026,10.0,
etching,GA,1,83,2.2000023236072246,1.8288989609204613,9.0,
etching,GA,1,84,2.2000023236072246,1.8132176285918788,9.0,
etching,GA,1,85,2.2000023236072246,1.8091927109616854,9.0,
etching,GA,1,86,2.2000023236072246,1.8320904584026863,9.0,
etching,GA,1,87,2.2000023236072246,1.860482232261147,9.0,
etching,GA,1,88,2.2000023236072246,1.8449205130867354,9.0,
etching,GA,1,89,2.2000023236072246,1.874751923091966,9.0,
etching,GA,1,90,2.2000023236072246,1.8958266971384674,9.0,
etching,GA,1,91,2.2000023236072246,1.896844710151234,9.0,
etching,GA,1,92,2.2000023236072246,1.856839670907998,9.0,
etching,GA,1,93,2.2000023236072246,1.8761101748217353,9.0,
etching,GA,1,94,2.2000023236072246,1.858446208218155,9.0,
etching,GA,1,95,2.2000023236072246,1.8839569834035863,9.0,
etching,GA,1,96,2.2000023236072246,1.8556279934615731,9.0,
etching,GA,1,97,2.2000023236072246,1.8405729925087164,9.0,
etching,GA,1,98,2.2000023236072246,1.824868225379038,9.0,
etching,GA,1,99,2.2000023236072246,1.840864857174342,9.0,
etching,GA,1,100,2.2000023236072246,1.8479052256150126,9.0,
etching,GA,1,101,2.2000023236072246,1.86761862386975,9.0,
etching,GA,1,102,2.2000023236072246,1.8556812526577289,9.0,
etching,GA,1,103,2.2000023236072246,1.8573719357944942,9.0,
etching,GA,1,104,2.2000023236072246,1.8614480345188085,9.0,
etching,GA,1,105,2.2000023236072246,1.841754719077968,9.0,
etching,GA,1,106,2.2000023236072246,1.8499916681636783,9.0,
etching,GA,1,107,2.2000023236072246,1.8529795322569698,9.0,
etching,GA,1,108,2.2000023236072246,1.8668186349440898,9.0,
etching,GA,1,109,2.2000023236072246,1.9001618078649358,9.0,
etching,GA,1,110,2.2000023236072246,1.9079494832322605,9.0,
etching,GA,1,111,2.2000023236072246,1.8972964545500801,9.0,
etching,GA,1,112,2.2000023236072246,1.8796315190737076,9.0,
etching,GA,1,113,2.2000023236072246,1.8598211824859903,9.0,
etching,GA,1,114,2.2000023236072246,1.8631638295484216,9.0,
etching,GA,1,115,2.2000023236072246,1.8657044443791293,9.0,
etching,GA,1,116,2.2000023236072246,1.8478304116551043,9.0,
etching,GA,1,117,2.2000023236072246,1.8654145118827454,9.0,
etching,GA,1,118,2.2000023236072246,1.8601571079922554,9.0,
etching,GA,1,119,2.2000023236072246,1.8700569999147834,9.0,
etching,GA,1,120,2.2000023236072246,1.8741324942636737,9.0,
etching,GA,1,121,2.2000023236072246,1.9074153652831387,9.0,
etching,GA,1,122,2.2000023236072246,1.8886270517664212,9.0,
etching,GA,1,123,2.2000023236072246,1.9012348606865952,9.0,
etching,GA,2,0,1.9540145201856456,1.6734178558006554,20.0,
etching,GA,2,1,2.034258209576668,1.7600443668243102,17.0,
etching,GA,2,2,2.034258209576668,1.7985265847347218,17.0,
etching,GA,2,3,2.034258209576668,1.818260232492915,17.0,
etching,GA,2,4,2.034258209576668,1.8150098747452854,17.0,
etching,GA,2,5,2.056378426942941,1.7981867225783112,16.0,
etching,GA,2,6,2.056378426942941,1.7799206490365722,16.0,
etching,GA,2,7,2.056378426942941,1.793725123840258,16.0,
etching,GA,2,8,2.056378426942941,1.7876030376826098,16.0,
etching,GA,2,9,2.056378426942941,1.7582256115716486,16.0,
etching,GA,2,10,2.056378426942941,1.8011817734101236,16.0,
etching,GA,2,11,2.056378426942941,1.7971942021760754,16.0,
etching,GA,2,12,2.056378426942941,1.7782765294956349,16.0,
etching,GA,2,13,2.056378426942941,1.7770667635280035,16.0,
etching,GA,2,14,2.056378426942941,1.7919368008710195,16.0,
etching,GA,2,15,2.065830172218315,1.7938025414612544,15.0,
etching,GA,2,16,2.065830172218315,1.798890205811011,15.0,
etching,GA,2,17,2.079191210709177,1.7937575133940051,14.0,
etching,GA,2,18,2.079191210709177,1.7933530136071831,14.0,
etching,GA,2,19,2.079191210709177,1.8197093467114047,14.0,
etching,GA,2,20,2.082534395983779,1.822068038542988,14.0,
etching,GA,2,21,2.082534395983779,1.8466369103531335,14.0,
etching,GA,2,22,2.082534395983779,1.8121613116307713,14.0,
etching,GA,2,23,2.082534395983779,1.844861965537652,14.0,
etching,GA,2,24,2.082534395983779,1.856933108859597,14.0,
etching,GA,2,25,2.082534395983779,1.8625881598516734,14.0,
etching,GA,2,26,2.0961765104099133,1.8499775890436687,15.0,
etching,GA,2,27,2.0961765104099133,1.837027462666874,15.0,
etching,GA,2,28,2.0961765104099133,1.8622368479057492,15.0,
etching,GA,2,29,2.0961765104099133,1.8515833406275028,15.0,
etching,GA,2,30,2.0961765104099133,1.8335661675640016,15.0,
etching,GA,2,31,2.0961765104099133,1.8672987480886498,15.0,
etching,GA,2,32,2.0961765104099133,1.850483745121909,15.0,
etching,GA,2,33,2.1341631551089066,1.8556521661835936,12.0,
etching,GA,2,34,2.1341631551089066,1.8692845785524796,12.0,
etching,GA,2,35,2.1341631551089066,1.9077825654128133,12.0,
etching,GA,2,36,2.1378569034133488,1.8794949492601891,11.0,
etching,GA,2,37,2.1378569034133488,1.8707742816648172,11.0,
etching,GA,2,38,2.1378569034133488,1.8419158945056417,11.0,
etching,GA,2,39,2.1378569034133488,1.8234089071490929,11.0,
etching,GA,2,40,2.1378569034133488,1.871496468275281,11.0,
etching,GA,2,41,2.1378569034133488,1.8581086965812061,11.0,
etching,GA,2,42,2.1378569034133488,1.8643718367598943,11.0,
etching,GA,2,43,2.1378569034133488,1.8066597212432243,11.0,
etching,GA,2,44,2.1378569034133488,1.8360688804865135,11.0,
etching,GA,2,45,2.1378569034133488,1.8519885895645245,11.0,
etching,GA,2,46,2.1378569034133488,1.8444357800100417,11.0,
etching,GA,2,47,2.1378569034133488,1.871452174244761,11.0,
etching,GA,2,48,2.1378569034133488,1.850951813914906,11.0,
etching,GA,2,49,2.1378569034133488,1.8046553519821251,11.0,
etching,GA,2,50,2.1378569034133488,1.8722310754150526,11.0,
etching,GA,2,51,2.1378569034133488,1.8473372460250725,11.0,
etching,GA,2,52,2.1378569034133488,1.8435892950148083,11.0,
etching,GA,2,53,2.1378569034133488,1.823072170136406,11.0,
etching,GA,2,54,2.1378569034133488,1.8562266603314128,11.0,
etching,GA,2,55,2.1378569034133488,1.8083230667196033,11.0,
etching,GA,2,56,2.1378569034133488,1.850220557423503,11.0,
etching,GA,2,57,2.1378569034133488,1.8485895249328443,11.0,
etching,GA,2,58,2.1378569034133488,1.825887917720364,11.0,
etching,GA,2,59,2.1378569034133488,1.8417780981475098,11.0,
etching,GA,2,60,2.1378569034133488,1.8456394536650265,11.0,
etching,GA,2,61,2.1378569034133488,1.8127536259089632,11.0,
etching,GA,2,62,2.1378569034133488,1.843159388941881,11.0,
etching,GA,2,63,2.1378569034133488,1.8214037335771416,11.0,
etching,GA,2,64,2.1378569034133488,1.8163201633929091,11.0,
etching,GA,2,65,2.1378569034133488,1.8133527927447013,11.0,
etching,GA,2,66,2.1378569034133488,1.8052591225997623,11.0,
etching,GA,2,67,2.1378569034133488,1.8188373482818734,11.0,
etching,GA,2,68,2.1378569034133488,1.8113272834267917,11.0,
etching,GA,2,69,2.145389632096959,1.8269822302210001,12.0,
etching,GA,2,70,2.145389632096959,1.8274804505038038,12.0,
etching,GA,2,71,2.145389632096959,1.8166030697297324,12.0,
etching,GA,2,72,2.145389632096959,1.8160104889243627,12.0,
etching,GA,2,73,2.145389632096959,1.7900420708379834,12.0,
etching,GA,2,74,2.2140762744639866,1.830450716697936,8.0,
etching,GA,2,75,2.2140762744639866,1.8275389674788545,8.0,
etching,GA,2,76,2.2140762744639866,1.862665201128997,8.0,
etching,GA,2,77,2.2140762744639866,1.8683373378410557,8.0,
etching,GA,2,78,2.2140762744639866,1.8454357854432906,8.0,
etching,GA,2,79,2.2140762744639866,1.8696981389443124,8.0,
etching,GA,2,80,2.2140762744639866,1.8689113085922595,8.0,
etching,GA,2,81,2.2140762744639866,1.8811961051161443,8.0,
etching,GA,2,82,2.2140762744639866,1.8826952494068916,8.0,
etching,GA,2,83,2.2140762744639866,1.8761352637339073,8.0,
etching,GA,2,84,2.2140762744639866,1.873708114731117,8.0,
etching,GA,2,85,2.2140762744639866,1.8480050890217072,8.0,
etching,GA,2,86,2.2140762744639866,1.827142552140502,8.0,
etching,GA,2,87,2.2140762744639866,1.8360321658455105,8.0,
etching,GA,2,88,2.2140762744639866,1.846924956266293,8.0,
etching,GA,2,89,2.2140762744639866,1.8572619355170474,8.0,
etching,GA,2,90,2.2140762744639866,1.8373208736623532,8.0,
etching,GA,2,91,2.2140762744639866,1.8689096452429728,8.0,
etching,GA,2,92,2.2140762744639866,1.8563077836993493,8.0,
etching,GA,2,93,2.2140762744639866,1.859931438933679,8.0,
etching,GA,2,94,2.2140762744639866,1.9013372947997744,8.0,
etching,GA,2,95,2.2140762744639866,1.8776237647094889,8.0,
etching,GA,2,96,2.2140762744639866,1.8878551354322017,8.0,
etching,GA,2,97,2.2140762744639866,1.8816367153470572,8.0,
etching,GA,2,98,2.2140762744639866,1.8683067423739925,8.0,
etching,GA,2,99,2.2140762744639866,1.8718758822411636,8.0,
etching,GA,2,100,2.2140762744639866,1.851206851029059,8.0,
etching,GA,2,101,2.2140762744639866,1.9012335453707525,8.0,
etching,GA,2,102,2.2140762744639866,1.8783784436384525,8.0,
etching,GA,2,103,2.2140762744639866,1.8965335157967966,8.0,
etching,GA,2,104,2.2140762744639866,1.8882641570463925,8.0,
etching,GA,2,105,2.2140762744639866,1.8819769475246644,8.0,
etching,GA,2,106,2.2140762744639866,1.8841202849568943,8.0,
etching,GA,2,107,2.2140762744639866,1.8693101061322495,8.0,
etching,GA,2,108,2.2140762744639866,1.8874384927070103,8.0,
etching,GA,2,109,2.2140762744639866,1.8689917647289214,8.0,
etching,GA,2,110,2.2140762744639866,1.8477619542008727,8.0,
etching,GA,2,111,2.2140762744639866,1.845977989000653,8.0,
etching,GA,2,112,2.2140762744639866,1.8745384950375197,8.0,
etching,GA,2,113,2.2140762744639866,1.884476895734089,8.0,
etching,GA,2,114,2.2140762744639866,1.9025478824509805,8.0,
etching,GA,3,0,1.9587658336591498,1.719488540558125,21.0,
etching,GA,3,1,1.9587658336591498,1.7695689441467557,21.0,
etching,GA,3,2,2.0179411316170137,1.7580733121791194,18.0,
etching,GA,3,3,2.0436614552483343,1.7582323983971377,16.0,
etching,GA,3,4,2.0436614552483343,1.786416886970801,16.0,
etching,GA,3,5,2.0436614552483343,1.8303985249790007,16.0,
etching,GA,3,6,2.0436614552483343,1.8286608584719855,16.0,
etching,GA,3,7,2.0895957987913416,1.8213104944590033,14.0,
etching,GA,3,8,2.0895957987913416,1.8036752311303457,14.0,
etching,GA,3,9,2.0895957987913416,1.8173137168159073,14.0,
etching,GA,3,10,2.0895957987913416,1.8421442287389937,14.0,
etching,GA,3,11,2.0895957987913416,1.8329928307239087,14.0,
etching,GA,3,12,2.0895957987913416,1.8294792712393684,14.0,
etching,GA,3,13,2.0895957987913416,1.8264864164106893,14.0,
etching,GA,3,14,2.0895957987913416,1.8295188703137157,14.0,
etching,GA,3,15,2.0895957987913416,1.8423992527731463,14.0,
etching,GA,3,16,2.095004128610376,1.8381605009444997,14.0,
etching,GA,3,17,2.095004128610376,1.8554792921579715,14.0,
etching,GA,3,18,2.095004128610376,1.8573790935663133,14.0,
etching,GA,3,19,2.100683495635592,1.8734592363513625,13.0,
etching,GA,3,20,2.100683495635592,1.849421968618684,13.0,
etching,GA,3,21,2.121639792360283,1.8545494502799706,12.0,
etching,GA,3,22,2.121639792360283,1.833860672296059,12.0,
etching,GA,3,23,2.121639792360283,1.8249812535679482,12.0,
etching,GA,3,24,2.1495111337674584,1.8533081649578098,12.0,
etching,GA,3,25,2.1495111337674584,1.846040697903596,12.0,
etching,GA,3,26,2.1495111337674584,1.8784981803171583,12.0,
etching,GA,3,27,2.1495111337674584,1.8835440160410997,12.0,
etching,GA,3,28,2.1495111337674584,1.8789642064979026,12.0,
etching,GA,3,29,2.1495111337674584,1.884071917720437,12.0,
etching,GA,3,30,2.1495111337674584,1.8820083544470285,12.0,
etching,GA,3,31,2.1495111337674584,1.8767028356490598,12.0,
etching,GA,3,32,2.1495111337674584,1.8625733021795632,12.0,
etching,GA,3,33,2.1495111337674584,1.8666894296664132,12.0,
etching,GA,3,34,2.1495111337674584,1.8759841883010253,12.0,
etching,GA,3,35,2.1495111337674584,1.8694898264468633,12.0,
etching,GA,3,36,2.156922681072202,1.8722163419142652,11.0,
etching,GA,3,37,2.156922681072202,1.8611146919215003,11.0,
etching,GA,3,38,2.156922681072202,1.8553228830636113,11.0,
etching,GA,3,39,2.156922681072202,1.8324528823741182,11.0,
etching,GA,3,40,2.156922681072202,1.8614913570644127,11.0,
etching,GA,3,41,2.156922681072202,1.8955668132259262,11.0,
etching,GA,3,42,2.156922681072202,1.9076864615862683,11.0,
etching,GA,3,43,2.156922681072202,1.9198394043993936,11.0,
etching,GA,3,44,2.156922681072202,1.9203340457633253,11.0,
etching,GA,3,45,2.156922681072202,1.9084755623134178,11.0,
etching,GA,3,46,2.156922681072202,1.9185872595424356,11.0,
etching,GA,3,47,2.156922681072202,1.9084470744354232,11.0,
etching,GA,3,48,2.156922681072202,1.886545970837289,11.0,
etching,GA,3,49,2.156922681072202,1.8745859836219114,11.0,
etching,GA,3,50,2.156922681072202,1.9148552860863262,11.0,
etching,GA,3,51,2.156922681072202,1.864428192791791,11.0,
etching,GA,3,52,2.156922681072202,1.8646246929487362,11.0,
etching,GA,3,53,2.168840283307309,1.901802957449199,11.0,
etching,GA,3,54,2.168840283307309,1.91027401255285,11.0,
etching,GA,3,55,2.168840283307309,1.8983833261967402,11.0,
etching,GA,3,56,2.168840283307309,1.887408640261872,11.0,
etching,GA,3,57,2.168840283307309,1.886918976128952,11.0,
etching,GA,3,58,2.168840283307309,1.9119932335080825,11.0,
etching,GA,3,59,2.168840283307309,1.897160816614035,11.0,
etching,GA,3,60,2.168840283307309,1.868533611197066,11.0,
etching,GA,3,61,2.168840283307309,1.8392517456792397,11.0,
etching,GA,3,62,2.168840283307309,1.8447525197520194,11.0,
etching,GA,3,63,2.168840283307309,1.8450332559610687,11.0,
etching,GA,3,64,2.168840283307309,1.8711729734095328,11.0,
etching,GA,3,65,2.168840283307309,1.8706084110346695,11.0,
etching,GA,3,66,2.168840283307309,1.8886610803921529,11.0,
etching,GA,3,67,2.168840283307309,1.8898403082641373,11.0,
etching,GA,3,68,2.168840283307309,1.8862004425415744,11.0,
etching,GA,3,69,2.1755688269200437,1.866903064082497,9.0,
etching,GA,3,70,2.1755688269200437,1.902527058315016,9.0,
etching,GA,3,71,2.1755688269200437,1.8537165015551047,9.0,
etching,GA,3,72,2.1755688269200437,1.8616359634168447,9.0,
etching,GA,3,73,2.1755688269200437,1.850372817742361,9.0,
etching,GA,3,74,2.1755688269200437,1.8400963495403726,9.0,
etching,GA,3,75,2.1755688269200437,1.8501262323424286,9.0,
etching,GA,3,76,2.1755688269200437,1.847520765180623,9.0,
etching,GA,3,77,2.1755688269200437,1.8566502995340375,9.0,
etching,GA,3,78,2.1755688269200437,1.8926992074940234,9.0,
etching,GA,3,79,2.1755688269200437,1.8974693445723212,9.0,
etching,GA,3,80,2.1755688269200437,1.8656053383114533,9.0,
etching,GA,3,81,2.1755688269200437,1.8868460739374093,9.0,
etching,GA,3,82,2.1755688269200437,1.8487673988366082,9.0,
etching,GA,3,83,2.1755688269200437,1.8757576702238752,9.0,
etching,GA,3,84,2.1755688269200437,1.8420648576953316,9.0,
etching,GA,3,85,2.1755688269200437,1.8349344328441035,9.0,
etching,GA,3,86,2.1755688269200437,1.877908033760002,9.0,
etching,GA,3,87,2.1755688269200437,1.8517952357307448,9.0,
etching,GA,3,88,2.1755688269200437,1.8611199739378868,9.0,
etching,GA,3,89,2.1755688269200437,1.8602584006966727,9.0,
etching,GA,3,90,2.1755688269200437,1.8488843425212458,9.0,
etching,GA,3,91,2.1755688269200437,1.8693423283896187,9.0,
etching,GA,3,92,2.1755688269200437,1.841479151592172,9.0,
etching,GA,3,93,2.1755688269200437,1.8777180384066188,9.0,
etching,GA,3,94,2.1755688269200437,1.8467621294291376,9.0,
etching,GA,3,95,2.1755688269200437,1.8167855116910097,9.0,
etching,GA,3,96,2.1755688269200437,1.8591499305522141,9.0,
etching,GA,3,97,2.1755688269200437,1.8550007931035464,9.0,
etching,GA,3,98,2.1755688269200437,1.8905270937949954,9.0,
etching,GA,3,99,2.1755688269200437,1.8780584448366515,9.0,
etching,GA,3,100,2.1755688269200437,1.842947802169192,9.0,
etching,GA,3,101,2.1755688269200437,1.8335306994754283,9.0,
etching,GA,3,102,2.1755688269200437,1.8356526309387913,9.0,
etching,GA,3,103,2.1755688269200437,1.883302262231259,9.0,
etching,GA,3,104,2.1755688269200437,1.861633083092719,9.0,
etching,GA,3,105,2.1755688269200437,1.8840808686740034,9.0,
etching,GA,3,106,2.1755688269200437,1.8691271200662356,9.0,
etching,GA,3,107,2.1755688269200437,1.836791237777374,9.0,
etching,GA,3,108,2.1755688269200437,1.8327390512297856,9.0,
etching,GA,3,109,2.1755688269200437,1.8518003959421439,9.0,
etching,GA,4,0,1.9855798933190834,1.7158131449209553,19.0,
etching,GA,4,1,2.0263900624164384,1.7731483614223407,17.0,
etching,GA,4,2,2.0263900624164384,1.782824054975934,17.0,
etching,GA,4,3,2.0996853784235032,1.766104598702844,14.0,
etching,GA,4,4,2.0996853784235032,1.8038793809765827,14.0,
etching,GA,4,5,2.0996853784235032,1.8211165691788196,14.0,
etching,GA,4,6,2.0996853784235032,1.8184837206149076,14.0,
etching,GA,4,7,2.0996853784235032,1.7878161633472245,14.0,
etching,GA,4,8,2.0996853784235032,1.8019024919629352,14.0,
etching,GA,4,9,2.0996853784235032,1.8080856207670313,14.0,
etching,GA,4,10,2.0996853784235032,1.8123630486603381,14.0,
etching,GA,4,11,2.0996853784235032,1.799284831625565,14.0,
etching,GA,4,12,2.0996853784235032,1.82366429405009,14.0,
etching,GA,4,13,2.0996853784235032,1.8355302417437003,14.0,
etching,GA,4,14,2.1182745234151987,1.820969591998925,14.0,
etching,GA,4,15,2.1182745234151987,1.8366372037800314,14.0,
etching,GA,4,16,2.1182745234151987,1.842106157068315,14.0,
etching,GA,4,17,2.1182745234151987,1.844557370762482,14.0,
etching,GA,4,18,2.1182745234151987,1.8563711352289054,14.0,
etching,GA,4,19,2.1182745234151987,1.8309137811291962,14.0,
etching,GA,4,20,2.1182745234151987,1.8539848517554471,14.0,
etching,GA,4,21,2.1182745234151987,1.8485647431506043,14.0,
etching,GA,4,22,2.1297837033844766,1.8346060796134338,13.0,
etching,GA,4,23,2.1297837033844766,1.811145001570138,13.0,
etching,GA,4,24,2.1297837033844766,1.8463447079771158,13.0,
etching,GA,4,25,2.1297837033844766,1.8212581822479876,13.0,
etching,GA,4,26,2.1297837033844766,1.818280011414864,13.0,
etching,GA,4,27,2.1474126729202734,1.836164390565299,13.0,
etching,GA,4,28,2.1646870784083823,1.8182094112846847,12.0,
etching,GA,4,29,2.1646870784083823,1.8500005127631454,12.0,
etching,GA,4,30,2.1646870784083823,1.8505187487385548,12.0,
etching,GA,4,31,2.1646870784083823,1.836839423375416,12.0,
etching,GA,4,32,2.1646870784083823,1.839860594790321,12.0,
etching,GA,4,33,2.1646870784083823,1.8334623912520356,12.0,
etching,GA,4,34,2.1646870784083823,1.8206243594181857,12.0,
etching,GA,4,35,2.1646870784083823,1.8508108268854753,12.0,
etching,GA,4,36,2.1646870784083823,1.827761986294322,12.0,
etching,GA,4,37,2.1646870784083823,1.845905454155466,12.0,
etching,GA,4,38,2.1646870784083823,1.85316682048499,12.0,
etching,GA,4,39,2.1646870784083823,1.8785813615520077,12.0,
etching,GA,4,40,2.1646870784083823,1.8609551622264326,12.0,
etching,GA,4,41,2.1646870784083823,1.8749320480275238,12.0,
etching,GA,4,42,2.1646870784083823,1.8386574903826478,12.0,
etching,GA,4,43,2.1646870784083823,1.8311140269149733,12.0,
etching,GA,4,44,2.1646870784083823,1.8456262822308453,12.0,
etching,GA,4,45,2.1646870784083823,1.839018129883652,12.0,
etching,GA,4,46,2.1646870784083823,1.863133344030988,12.0,
etching,GA,4,47,2.1646870784083823,1.8508860595430305,12.0,
etching,GA,4,48,2.1646870784083823,1.8296799710203444,12.0,
etching,GA,4,49,2.1646870784083823,1.8372937752860117,12.0,
etching,GA,4,50,2.1646870784083823,1.8199580506372037,12.0,
etching,GA,4,51,2.1646870784083823,1.8230184947010648,12.0,
etching,GA,4,52,2.1646870784083823,1.8352110660801206,12.0,
etching,GA,4,53,2.1646870784083823,1.84691893758898,12.0,
etching,GA,4,54,2.1646870784083823,1.8221149703951336,12.0,
etching,GA,4,55,2.1646870784083823,1.8332589500500363,12.0,
etching,GA,4,56,2.1646870784083823,1.8346460180714523,12.0,
etching,GA,4,57,2.1646870784083823,1.8563353510885143,12.0,
etching,GA,4,58,2.1646870784083823,1.8596469305785532,12.0,
etching,GA,4,59,2.1646870784083823,1.84544495015293,12.0,
etching,GA,4,60,2.1646870784083823,1.8615616167761218,12.0,
etching,GA,4,61,2.1646870784083823,1.8500597797572667,12.0,
etching,GA,4,62,2.1646870784083823,1.8645750322933243,12.0,
etching,GA,4,63,2.1646870784083823,1.8606462643110089,12.0,
etching,GA,4,64,2.1646870784083823,1.835810709388556,12.0,
etching,GA,4,65,2.1646870784083823,1.8573621998801932,12.0,
etching,GA,4,66,2.1646870784083823,1.8815024751487723,12.0,
etching,GA,4,67,2.1646870784083823,1.8481221356138924,12.0,
etching,GA,4,68,2.1646870784083823,1.8394724877208493,12.0,
etching,TSFGA,0,0,2.082683919080916,1.6124571754920685,15.0,
etching,TSFGA,0,1,2.082683919080916,1.7030114382903965,15.0,
etching,TSFGA,0,2,2.082683919080916,1.7631649827143008,15.0,
etching,TSFGA,0,3,2.127529897387297,1.7785450159079574,13.0,
etching,TSFGA,0,4,2.127529897387297,1.7929861870888022,13.0,
etching,TSFGA,0,5,2.127529897387297,1.7935213778250447,13.0,
etching,TSFGA,0,6,2.132285172423152,1.7898179322493621,12.0,
etching,TSFGA,0,7,2.132285172423152,1.815531860558999,12.0,
etching,TSFGA,0,8,2.132285172423152,1.8864686827766992,12.0,
etching,TSFGA,0,9,2.132285172423152,1.8644276366896881,12.0,
etching,TSFGA,0,10,2.132285172423152,1.8921292985258702,12.0,
etching,TSFGA,0,11,2.132285172423152,1.8915784098389643,12.0,
etching,TSFGA,0,12,2.1367450325598645,1.8534909156386425,11.0,
etching,TSFGA,0,13,2.1378871711480816,1.8932822165690528,11.0,
etching,TSFGA,0,14,2.1378871711480816,1.9032141946374197,11.0,
etching,TSFGA,0,15,2.1378871711480816,1.9182288545105373,11.0,
etching,TSFGA,0,16,2.142293839505551,1.9210070424783043,11.0,
etching,TSFGA,0,17,2.142293839505551,1.9316502124174644,11.0,
etching,TSFGA,0,18,2.142293839505551,1.8526348716746228,11.0,
etching,TSFGA,0,19,2.142293839505551,1.8557709586410902,11.0,
etching,TSFGA,0,20,2.142293839505551,1.8677592548875765,11.0,
etching,TSFGA,0,21,2.142293839505551,1.8510705519882271,11.0,
etching,TSFGA,0,22,2.142293839505551,1.880187763013891,11.0,
etching,TSFGA,0,23,2.1458190912461017,1.8825789872089715,11.0,
etching,TSFGA,0,24,2.1458190912461017,1.88173689513264,11.0,
etching,TSFGA,0,25,2.1458190912461017,1.8468882295716065,11.0,
etching,TSFGA,0,26,2.1458190912461017,1.855236697819495,11.0,
etching,TSFGA,0,27,2.1458190912461017,1.8596552990911004,11.0,
etching,TSFGA,0,28,2.1458190912461017,1.9005002634947736,11.0,
etching,TSFGA,0,29,2.1615224016413315,1.9236480348646459,11.0,
etching,TSFGA,0,30,2.1615224016413315,1.9257573347418528,11.0,
etching,TSFGA,0,31,2.1672549617765657,1.920286444956293,10.0,
etching,TSFGA,0,32,2.1672549617765657,1.896861920618487,10.0,
etching,TSFGA,0,33,2.1672549617765657,1.9176379623853914,10.0,
etching,TSFGA,0,34,2.1672549617765657,1.8585667821805465,10.0,
etching,TSFGA,0,35,2.1672549617765657,1.9106060060010335,10.0,
etching,TSFGA,0,36,2.1672549617765657,1.884856778410375,10.0,
etching,TSFGA,0,37,2.1672549617765657,1.8828557511860324,10.0,
etching,TSFGA,0,38,2.1691196758210674,1.8840745306930082,10.0,
etching,TSFGA,0,39,2.1691196758210674,1.8839416070029364,10.0,
etching,TSFGA,0,40,2.1691196758210674,1.8849619304653604,10.0,
etching,TSFGA,0,41,2.1691196758210674,1.9053731869920292,10.0,
etching,TSFGA,0,42,2.2003859358104756,1.8547226921953297,10.0,
etching,TSFGA,0,43,2.2003859358104756,1.894059038937565,10.0,
etching,TSFGA,0,44,2.2003859358104756,1.870786754736006,10.0,
etching,TSFGA,0,45,2.2003859358104756,1.8884462966756537,10.0,
etching,TSFGA,0,46,2.2003859358104756,1.9301586245488473,10.0,
etching,TSFGA,0,47,2.2003859358104756,1.866943263784139,10.0,
etching,TSFGA,0,48,2.2003859358104756,1.8637113646422416,10.0,
etching,TSFGA,0,49,2.2003859358104756,1.8820969416518771,10.0,
etching,TSFGA,0,50,2.2003859358104756,1.8658002154648856,10.0,
etching,TSFGA,0,51,2.2003859358104756,1.8824515072264645,10.0,
etching,TSFGA,0,52,2.2003859358104756,1.859906100836369,10.0,
etching,TSFGA,0,53,2.2003859358104756,1.8715055514030687,10.0,
etching,TSFGA,0,54,2.222217905627301,1.9055129944990021,8.0,
etching,TSFGA,0,55,2.222217905627301,1.8818912344695637,8.0,
etching,TSFGA,0,56,2.222217905627301,1.8294271549845287,8.0,
etching,TSFGA,0,57,2.222217905627301,1.8776296055262462,8.0,
etching,TSFGA,0,58,2.222217905627301,1.8830280998942726,8.0,
etching,TSFGA,0,59,2.222217905627301,1.8605041559503335,8.0,
etching,TSFGA,0,60,2.222217905627301,1.8324432199190501,8.0,
etching,TSFGA,0,61,2.222217905627301,1.801080965400707,8.0,
etching,TSFGA,0,62,2.222217905627301,1.867853702071688,8.0,
etching,TSFGA,0,63,2.222217905627301,1.8961425434102928,8.0,
etching,TSFGA,0,64,2.222217905627301,1.940470327951258,8.0,
etching,TSFGA,0,65,2.222217905627301,1.8540001126500634,8.0,
etching,TSFGA,0,66,2.222217905627301,1.8519236101419565,8.0,
etching,TSFGA,0,67,2.222217905627301,1.9037568734942565,8.0,
etching,TSFGA,0,68,2.222217905627301,1.8879118871779692,8.0,
etching,TSFGA,0,69,2.222217905627301,1.9150731552768097,8.0,
etching,TSFGA,0,70,2.222217905627301,1.9284561216415816,8.0,
etching,TSFGA,0,71,2.222217905627301,1.9283548405041073,8.0,
etching,TSFGA,0,72,2.222217905627301,1.8790421652896143,8.0,
etching,TSFGA,0,73,2.222217905627301,1.906664748470379,8.0,
etching,TSFGA,0,74,2.222217905627301,1.902472022480501,8.0,
etching,TSFGA,0,75,2.222217905627301,1.9332772740351687,8.0,
etching,TSFGA,0,76,2.222217905627301,1.918614560159872,8.0,
etching,TSFGA,0,77,2.222217905627301,1.918150413909218,8.0,
etching,TSFGA,0,78,2.222217905627301,1.9251529502095273,8.0,
etching,TSFGA,0,79,2.222217905627301,1.9521440680803708,8.0,
etching,TSFGA,0,80,2.222217905627301,1.92341061095076,8.0,
etching,TSFGA,0,81,2.222217905627301,1.8634808412900277,8.0,
etching,TSFGA,0,82,2.222217905627301,1.8704933482540085,8.0,
etching,TSFGA,0,83,2.222217905627301,1.8701283872539516,8.0,
etching,TSFGA,0,84,2.222217905627301,1.8626246756488125,8.0,
etching,TSFGA,0,85,2.222217905627301,1.8561105148674337,8.0,
etching,TSFGA,0,86,2.222217905627301,1.872432251703986,8.0,
etching,TSFGA,0,87,2.222217905627301,1.8741190122646487,8.0,
etching,TSFGA,0,88,2.222217905627301,1.9089708622417088,8.0,
etching,TSFGA,0,89,2.222217905627301,1.9180924065836407,8.0,
etching,TSFGA,0,90,2.222217905627301,1.9028415996756223,8.0,
etching,TSFGA,0,91,2.222217905627301,1.9384204011925896,8.0,
etching,TSFGA,0,92,2.222217905627301,1.9091033671041366,8.0,
etching,TSFGA,0,93,2.222217905627301,1.913593010376814,8.0,
etching,TSFGA,0,94,2.222217905627301,1.8738804655136705,8.0,
etching,TSFGA,1,0,2.0188208137546346,1.580622963765138,17.0,
etching,TSFGA,1,1,2.0571831330766472,1.6996091481969742,16.0,
etching,TSFGA,1,2,2.0571831330766472,1.770967789918938,16.0,
etching,TSFGA,1,3,2.0571831330766472,1.7807936845349857,16.0,
etching,TSFGA,1,4,2.0571831330766472,1.764789235697871,16.0,
etching,TSFGA,1,5,2.0571831330766472,1.7430066445542998,16.0,
etching,TSFGA,1,6,2.0571831330766472,1.834398832109732,16.0,
etching,TSFGA,1,7,2.0571831330766472,1.841174307211611,16.0,
etching,TSFGA,1,8,2.0571831330766472,1.853215607854669,16.0,
etching,TSFGA,1,9,2.0726543874343997,1.8141778026438318,16.0,
etching,TSFGA,1,10,2.0726543874343997,1.8072369245083606,16.0,
etching,TSFGA,1,11,2.1134949232860167,1.8520291697627733,14.0,
etching,TSFGA,1,12,2.1134949232860167,1.873454640698086,14.0,
etching,TSFGA,1,13,2.136521558353235,1.8068953864032746,12.0,
etching,TSFGA,1,14,2.136521558353235,1.8308733983368928,12.0,
etching,TSFGA,1,15,2.136521558353235,1.8261639226522355,12.0,
etching,TSFGA,1,16,2.136521558353235,1.8251808627516926,12.0,
etching,TSFGA,1,17,2.136521558353235,1.846788411935242,12.0,
etching,TSFGA,1,18,2.1415354980340777,1.8757946955497473,11.0,
etching,TSFGA,1,19,2.1415354980340777,1.8651926850701657,11.0,
etching,TSFGA,1,20,2.1415354980340777,1.8253108820807895,11.0,
etching,TSFGA,1,21,2.1415354980340777,1.876916469486489,11.0,
etching,TSFGA,1,22,2.155373929578823,1.8705096878429326,10.0,
etching,TSFGA,1,23,2.155373929578823,1.868244351100968,10.0,
etching,TSFGA,1,24,2.155373929578823,1.824058611235997,10.0,
etching,TSFGA,1,25,2.155373929578823,1.8410828085118112,10.0,
etching,TSFGA,1,26,2.155373929578823,1.862817245523086,10.0,
etching,TSFGA,1,27,2.155373929578823,1.8486732324678503,10.0,
etching,TSFGA,1,28,2.155373929578823,1.8731817842996985,10.0,
etching,TSFGA,1,29,2.17493513714868,1.8386138277638673,9.0,
etching,TSFGA,1,30,2.17493513714868,1.907081978256663,9.0,
etching,TSFGA,1,31,2.1858839111997295,1.8700892215268285,8.0,
etching,TSFGA,1,32,2.1858839111997295,1.8946489269523206,8.0,
etching,TSFGA,1,33,2.1858839111997295,1.8972768043044153,8.0,
etching,TSFGA,1,34,2.1858839111997295,1.8857769459942468,8.0,
etching,TSFGA,1,35,2.1858839111997295,1.8806131100182895,8.0,
etching,TSFGA,1,36,2.1858839111997295,1.8183071639724016,8.0,
etching,TSFGA,1,37,2.1858839111997295,1.8864393512823896,8.0,
etching,TSFGA,1,38,2.1858839111997295,1.8720800859321223,8.0,
etching,TSFGA,1,39,2.1858839111997295,1.867095950211585,8.0,
etching,TSFGA,1,40,2.1858839111997295,1.8762396012920792,8.0,
etching,TSFGA,1,41,2.1858839111997295,1.8930927700849032,8.0,
etching,TSFGA,1,42,2.1858839111997295,1.8872396473970166,8.0,
etching,TSFGA,1,43,2.1858839111997295,1.8614432775578245,8.0,
etching,TSFGA,1,44,2.1858839111997295,1.8480671514109184,8.0,
etching,TSFGA,1,45,2.1858839111997295,1.8771454625162385,8.0,
etching,TSFGA,1,46,2.1858839111997295,1.9219356539088295,8.0,
etching,TSFGA,1,47,2.1858839111997295,1.8999971644700373,8.0,
etching,TSFGA,1,48,2.1858839111997295,1.941696225377724,8.0,
etching,TSFGA,1,49,2.1858839111997295,1.906701466680585,8.0,
etching,TSFGA,1,50,2.1858839111997295,1.8749530818554976,8.0,
etching,TSFGA,1,51,2.2042207970353016,1.8924514472088596,7.0,
etching,TSFGA,1,52,2.2042207970353016,1.8834058543868089,7.0,
etching,TSFGA,1,53,2.2042207970353016,1.8909918840921107,7.0,
etching,TSFGA,1,54,2.2042207970353016,1.870611744100281,7.0,
etching,TSFGA,1,55,2.2042207970353016,1.8842696127786454,7.0,
etching,TSFGA,1,56,2.2042207970353016,1.8858667859442904,7.0,
etching,TSFGA,1,57,2.2042207970353016,1.874309871834717,7.0,
etching,TSFGA,1,58,2.2042207970353016,1.8793200399395165,7.0,
etching,TSFGA,1,59,2.2042207970353016,1.8416244910418371,7.0,
etching,TSFGA,1,60,2.2042207970353016,1.8611365284089707,7.0,
etching,TSFGA,1,61,2.2042207970353016,1.8715465653769492,7.0,
etching,TSFGA,1,62,2.2042207970353016,1.8679738189270911,7.0,
etching,TSFGA,1,63,2.2042207970353016,1.8472140133022628,7.0,
etching,TSFGA,1,64,2.2042207970353016,1.804485162529872,7.0,
etching,TSFGA,1,65,2.2042207970353016,1.8925091172800443,7.0,
etching,TSFGA,1,66,2.2042207970353016,1.8904459164294536,7.0,
etching,TSFGA,1,67,2.2042207970353016,1.9021237553644625,7.0,
etching,TSFGA,1,68,2.2067385506916763,1.8941746881203134,10.0,
etching,TSFGA,1,69,2.2067385506916763,1.8556687835963406,10.0,
etching,TSFGA,1,70,2.2067385506916763,1.8619454171874075,10.0,
etching,TSFGA,1,71,2.2067385506916763,1.8933454607943019,10.0,
etching,TSFGA,1,72,2.2067385506916763,1.8623453270861545,10.0,
etching,TSFGA,1,73,2.2067385506916763,1.825418846308312,10.0,
etching,TSFGA,1,74,2.2067385506916763,1.8649847741326808,10.0,
etching,TSFGA,1,75,2.2067385506916763,1.9148048654469825,10.0,
etching,TSFGA,1,76,2.2067385506916763,1.8959360325510832,10.0,
etching,TSFGA,1,77,2.2067385506916763,1.8365014829427893,10.0,
etching,TSFGA,1,78,2.2067385506916763,1.8763752053968374,10.0,
etching,TSFGA,1,79,2.2067385506916763,1.8943109091277173,10.0,
etching,TSFGA,1,80,2.2067385506916763,1.9059064936506396,10.0,
etching,TSFGA,1,81,2.2067385506916763,1.8995980780193389,10.0,
etching,TSFGA,1,82,2.249126833106976,1.9124510327222406,8.0,
etching,TSFGA,1,83,2.249126833106976,1.907409487963521,8.0,
etching,TSFGA,1,84,2.249126833106976,1.8731969059765234,8.0,
etching,TSFGA,1,85,2.249126833106976,1.9211168487844794,8.0,
etching,TSFGA,1,86,2.249126833106976,1.8863605927392109,8.0,
etching,TSFGA,1,87,2.249126833106976,1.9070345525341896,8.0,
etching,TSFGA,1,88,2.249126833106976,1.876336043377723,8.0,
etching,TSFGA,1,89,2.249126833106976,1.901306195840445,8.0,
etching,TSFGA,1,90,2.249126833106976,1.8700053205979983,8.0,
etching,TSFGA,1,91,2.249126833106976,1.8751759086479787,8.0,
etching,TSFGA,1,92,2.249126833106976,1.9583531451425018,8.0,
etching,TSFGA,1,93,2.249126833106976,1.91049830835438,8.0,
etching,TSFGA,1,94,2.249126833106976,1.8845968978840641,8.0,
etching,TSFGA,1,95,2.249126833106976,1.8804432091171868,8.0,
etching,TSFGA,1,96,2.249126833106976,1.905647945875065,8.0,
etching,TSFGA,1,97,2.249126833106976,1.9024107944081403,8.0,
etching,TSFGA,1,98,2.249126833106976,1.8932342470825205,8.0,
etching,TSFGA,1,99,2.249126833106976,1.8779321028002989,8.0,
etching,TSFGA,1,100,2.249126833106976,1.8708723722461116,8.0,
etching,TSFGA,1,101,2.249126833106976,1.8707417160416255,8.0,
etching,TSFGA,1,102,2.249126833106976,1.8865719703353954,8.0,
etching,TSFGA,1,103,2.249126833106976,1.8280203275206488,8.0,
etching,TSFGA,1,104,2.249126833106976,1.8541045944383054,8.0,
etching,TSFGA,1,105,2.249256940987128,1.8462478216733467,8.0,
etching,TSFGA,1,106,2.249256940987128,1.8649182693267565,8.0,
etching,TSFGA,1,107,2.249256940987128,1.8741425398843998,8.0,
etching,TSFGA,1,108,2.249256940987128,1.8768961540218463,8.0,
etching,TSFGA,1,109,2.249256940987128,1.8728612339691033,8.0,
etching,TSFGA,1,110,2.249256940987128,1.8447428072687615,8.0,
etching,TSFGA,1,111,2.249256940987128,1.8279581323373635,8.0,
etching,TSFGA,1,112,2.249256940987128,1.8224693198581878,8.0,
etching,TSFGA,1,113,2.249256940987128,1.814701586988279,8.0,
etching,TSFGA,1,114,2.249256940987128,1.8743238850708779,8.0,
etching,TSFGA,1,115,2.249256940987128,1.8745684487209338,8.0,
etching,TSFGA,1,116,2.249256940987128,1.8388380288088981,8.0,
etching,TSFGA,1,117,2.249256940987128,1.8960754949064473,8.0,
etching,TSFGA,1,118,2.249256940987128,1.8788650187115707,8.0,
etching,TSFGA,1,119,2.249256940987128,1.8830857784226147,8.0,
etching,TSFGA,1,120,2.249256940987128,1.8890234844240492,8.0,
etching,TSFGA,1,121,2.249256940987128,1.8866876885427117,8.0,
etching,TSFGA,1,122,2.249256940987128,1.826522324546044,8.0,
etching,TSFGA,1,123,2.249256940987128,1.8426814569735064,8.0,
etching,TSFGA,1,124,2.249256940987128,1.844990336202568,8.0,
etching,TSFGA,1,125,2.249256940987128,1.861513382247253,8.0,
etching,TSFGA,1,126,2.249256940987128,1.8575472599122853,8.0,
etching,TSFGA,1,127,2.249256940987128,1.8454740386860409,8.0,
etching,TSFGA,1,128,2.249256940987128,1.8014758886870226,8.0,
etching,TSFGA,1,129,2.249256940987128,1.85176395718028,8.0,
etching,TSFGA,1,130,2.249256940987128,1.831529781539188,8.0,
etching,TSFGA,1,131,2.249256940987128,1.8695089414049542,8.0,
etching,TSFGA,1,132,2.249256940987128,1.8512613740903372,8.0,
etching,TSFGA,1,133,2.249256940987128,1.835611279330585,8.0,
etching,TSFGA,1,134,2.249256940987128,1.8495775377698511,8.0,
etching,TSFGA,1,135,2.249256940987128,1.8670466951354938,8.0,
etching,TSFGA,1,136,2.249256940987128,1.8777508413835868,8.0,
etching,TSFGA,1,137,2.249256940987128,1.8203242186168052,8.0,
etching,TSFGA,1,138,2.249256940987128,1.8632602177392612,8.0,
etching,TSFGA,1,139,2.249256940987128,1.8471475712158145,8.0,
etching,TSFGA,1,140,2.249256940987128,1.8622488078659578,8.0,
etching,TSFGA,1,141,2.249256940987128,1.8663133646538175,8.0,
etching,TSFGA,1,142,2.249256940987128,1.8815531002193964,8.0,
etching,TSFGA,1,143,2.249256940987128,1.9158668070366693,8.0,
etching,TSFGA,1,144,2.249256940987128,1.8652770421060638,8.0,
etching,TSFGA,1,145,2.249256940987128,1.8492726002632474,8.0,
etching,TSFGA,2,0,2.0192398519591794,1.59260151593445,18.0,
etching,TSFGA,2,1,2.0192398519591794,1.7077157999191086,18.0,
etching,TSFGA,2,2,2.023246752391028,1.7313695728890832,17.0,
etching,TSFGA,2,3,2.057735690987866,1.8035795019047782,16.0,
etching,TSFGA,2,4,2.057735690987866,1.822036686981285,16.0,
etching,TSFGA,2,5,2.057735690987866,1.806705328758693,16.0,
etching,TSFGA,2,6,2.057735690987866,1.8497140101147351,16.0,
etching,TSFGA,2,7,2.057735690987866,1.8642118107456844,16.0,
etching,TSFGA,2,8,2.060166367445529,1.859554080014212,15.0,
etching,TSFGA,2,9,2.074397317006694,1.8696657503659373,13.0,
etching,TSFGA,2,10,2.074397317006694,1.8129075839610287,13.0,
etching,TSFGA,2,11,2.074397317006694,1.7943965696035675,13.0,
etching,TSFGA,2,12,2.0880736153475246,1.8155842942208296,14.0,
etching,TSFGA,2,13,2.0880736153475246,1.8188573028414097,14.0,
etching,TSFGA,2,14,2.0880736153475246,1.7823517412140852,14.0,
etching,TSFGA,2,15,2.0880736153475246,1.7869637166886434,14.0,
etching,TSFGA,2,16,2.0880736153475246,1.8061072648269445,14.0,
etching,TSFGA,2,17,2.0880736153475246,1.7850596513540709,14.0,
etching,TSFGA,2,18,2.0880736153475246,1.7989764993036879,14.0,
etching,TSFGA,2,19,2.1274114115636893,1.8129294319995375,12.0,
etching,TSFGA,2,20,2.1274114115636893,1.7741022166851337,12.0,
etching,TSFGA,2,21,2.1274114115636893,1.8053170065902315,12.0,
etching,TSFGA,2,22,2.1274114115636893,1.8149429304825926,12.0,
etching,TSFGA,2,23,2.1274114115636893,1.8193754352104559,12.0,
etching,TSFGA,2,24,2.1274114115636893,1.8341008285227267,12.0,
etching,TSFGA,2,25,2.1274114115636893,1.8475033583066018,12.0,
etching,TSFGA,2,26,2.1274114115636893,1.803788843503375,12.0,
etching,TSFGA,2,27,2.1274114115636893,1.803303119229388,12.0,
etching,TSFGA,2,28,2.2618039674262778,1.7835394825965445,6.0,
etching,TSFGA,2,29,2.2618039674262778,1.829062768555125,6.0,
etching,TSFGA,2,30,2.2618039674262778,1.8030903135748169,6.0,
etching,TSFGA,2,31,2.2618039674262778,1.8057291861842537,6.0,
etching,TSFGA,2,32,2.2618039674262778,1.7916567949550348,6.0,
etching,TSFGA,2,33,2.2618039674262778,1.8273102064636553,6.0,
etching,TSFGA,2,34,2.2618039674262778,1.82418938143389,6.0,
etching,TSFGA,2,35,2.2618039674262778,1.844568912053487,6.0,
etching,TSFGA,2,36,2.2618039674262778,1.8623604862001066,6.0,
etching,TSFGA,2,37,2.2618039674262778,1.8798251430763258,6.0,
etching,TSFGA,2,38,2.2618039674262778,1.864620902712599,6.0,
etching,TSFGA,2,39,2.2618039674262778,1.8861078629770986,6.0,
etching,TSFGA,2,40,2.2618039674262778,1.9263443915851433,6.0,
etching,TSFGA,2,41,2.2695175928267046,1.8993229818815451,6.0,
etching,TSFGA,2,42,2.2695175928267046,1.9099794291339234,6.0,
etching,TSFGA,2,43,2.2695175928267046,1.8972097767354519,6.0,
etching,TSFGA,2,44,2.2695175928267046,1.883716745560109,6.0,
etching,TSFGA,2,45,2.2695175928267046,1.8681924505657679,6.0,
etching,TSFGA,2,46,2.2695175928267046,1.8943588551339574,6.0,
etching,TSFGA,2,47,2.2695175928267046,1.8536236094529805,6.0,
etching,TSFGA,2,48,2.2695175928267046,1.874183030669228,6.0,
etching,TSFGA,2,49,2.2775800312513517,1.8498142896497698,6.0,
etching,TSFGA,2,50,2.2775800312513517,1.8971912607156889,6.0,
etching,TSFGA,2,51,2.2775800312513517,1.8640036524934396,6.0,
etching,TSFGA,2,52,2.2775800312513517,1.8910529588247875,6.0,
etching,TSFGA,2,53,2.2775800312513517,1.8976878719331052,6.0,
etching,TSFGA,2,54,2.2775800312513517,1.897613115429386,6.0,
etching,TSFGA,2,55,2.2775800312513517,1.8859267608230674,6.0,
etching,TSFGA,2,56,2.2775800312513517,1.8867371606072183,6.0,
etching,TSFGA,2,57,2.2775800312513517,1.8719090334771669,6.0,
etching,TSFGA,2,58,2.2775800312513517,1.8782501426356966,6.0,
etching,TSFGA,2,59,2.2775800312513517,1.8594016984093489,6.0,
etching,TSFGA,2,60,2.2775800312513517,1.8683236344532432,6.0,
etching,TSFGA,2,61,2.2775800312513517,1.8898054760313392,6.0,
etching,TSFGA,2,62,2.2775800312513517,1.9186835967116458,6.0,
etching,TSFGA,2,63,2.2775800312513517,1.9098924819021832,6.0,
etching,TSFGA,2,64,2.2775800312513517,1.8920808427665414,6.0,
etching,TSFGA,2,65,2.2775800312513517,1.8794546174351232,6.0,
etching,TSFGA,2,66,2.2775800312513517,1.8549514253986303,6.0,
etching,TSFGA,2,67,2.2775800312513517,1.8451900955802027,6.0,
etching,TSFGA,2,68,2.2775800312513517,1.877657551404063,6.0,
etching,TSFGA,2,69,2.2775800312513517,1.868626731636946,6.0,
etching,TSFGA,2,70,2.2775800312513517,1.8761472279403009,6.0,
etching,TSFGA,2,71,2.2775800312513517,1.8741822368432755,6.0,
etching,TSFGA,2,72,2.2775800312513517,1.892336450858764,6.0,
etching,TSFGA,2,73,2.2775800312513517,1.8782021393889667,6.0,
etching,TSFGA,2,74,2.2775800312513517,1.8838039849938581,6.0,
etching,TSFGA,2,75,2.2775800312513517,1.8693894946729739,6.0,
etching,TSFGA,2,76,2.2775800312513517,1.9097501066000142,6.0,
etching,TSFGA,2,77,2.2775800312513517,1.943617501425507,6.0,
etching,TSFGA,2,78,2.2775800312513517,1.9364598817550576,6.0,
etching,TSFGA,2,79,2.2775800312513517,1.906547949643236,6.0,
etching,TSFGA,2,80,2.2775800312513517,1.8894068049034765,6.0,
etching,TSFGA,2,81,2.2775800312513517,1.9127784281722406,6.0,
etching,TSFGA,2,82,2.2775800312513517,1.9153602755966965,6.0,
etching,TSFGA,2,83,2.2775800312513517,1.9528966148784086,6.0,
etching,TSFGA,2,84,2.2775800312513517,1.8880647410057414,6.0,
etching,TSFGA,2,85,2.2775800312513517,1.8924620985369773,6.0,
etching,TSFGA,2,86,2.2775800312513517,1.9071108044915945,6.0,
etching,TSFGA,2,87,2.2775800312513517,1.918123593385289,6.0,
etching,TSFGA,2,88,2.2775800312513517,1.8825740047069162,6.0,
etching,TSFGA,2,89,2.2775800312513517,1.836788507947776,6.0,
etching,TSFGA,3,0,1.9538654001695275,1.566471740875617,21.0,
etching,TSFGA,3,1,2.007230034458483,1.733010969839814,18.0,
etching,TSFGA,3,2,2.007230034458483,1.7104658951695746,18.0,
etching,TSFGA,3,3,2.035084802379264,1.7420267060816497,16.0,
etching,TSFGA,3,4,2.035084802379264,1.7795379942724363,16.0,
etching,TSFGA,3,5,2.035084802379264,1.8135777669749147,16.0,
etching,TSFGA,3,6,2.035084802379264,1.8349820005798179,16.0,
etching,TSFGA,3,7,2.0670633127753266,1.8268543857308477,15.0,
etching,TSFGA,3,8,2.067391772780286,1.8151410944068367,15.0,
etching,TSFGA,3,9,2.078079975502757,1.8211393601136634,15.0,
etching,TSFGA,3,10,2.083957711479572,1.8169652162471444,14.0,
etching,TSFGA,3,11,2.083957711479572,1.80873712656008,14.0,
etching,TSFGA,3,12,2.096953091869228,1.8488772848030208,14.0,
etching,TSFGA,3,13,2.096953091869228,1.843815002753768,14.0,
etching,TSFGA,3,14,2.096953091869228,1.8475461827447233,14.0,
etching,TSFGA,3,15,2.096953091869228,1.84625974066665,14.0,
etching,TSFGA,3,16,2.096953091869228,1.8424474992489965,14.0,
etching,TSFGA,3,17,2.133758595520467,1.850904190461075,12.0,
etching,TSFGA,3,18,2.133758595520467,1.8703276180759112,12.0,
etching,TSFGA,3,19,2.133758595520467,1.843459695468685,12.0,
etching,TSFGA,3,20,2.133758595520467,1.8428544686877448,12.0,
etching,TSFGA,3,21,2.133758595520467,1.8336017370943174,12.0,
etching,TSFGA,3,22,2.1594383560787658,1.8268061261062676,11.0,
etching,TSFGA,3,23,2.1594383560787658,1.8321074068530696,11.0,
etching,TSFGA,3,24,2.1594383560787658,1.8285296674172815,11.0,
etching,TSFGA,3,25,2.1594383560787658,1.8408081369377425,11.0,
etching,TSFGA,3,26,2.1594383560787658,1.8779077371991904,11.0,
etching,TSFGA,3,27,2.1594383560787658,1.874199969632538,11.0,
etching,TSFGA,3,28,2.1594383560787658,1.8416975501640358,11.0,
etching,TSFGA,3,29,2.1594383560787658,1.8597343172792282,11.0,
etching,TSFGA,3,30,2.1594383560787658,1.8297844657592557,11.0,
etching,TSFGA,3,31,2.1770930226182537,1.8505330594363538,11.0,
etching,TSFGA,3,32,2.1770930226182537,1.872566283314611,11.0,
etching,TSFGA,3,33,2.1770930226182537,1.8536841717088854,11.0,
etching,TSFGA,3,34,2.1770930226182537,1.8326804967323684,11.0,
etching,TSFGA,3,35,2.1770930226182537,1.8282598499428893,11.0,
etching,TSFGA,3,36,2.1770930226182537,1.8489544472266608,11.0,
etching,TSFGA,3,37,2.1770930226182537,1.8479335856581294,11.0,
etching,TSFGA,3,38,2.1770930226182537,1.864739939094239,11.0,
etching,TSFGA,3,39,2.1770930226182537,1.8783524014235737,11.0,
etching,TSFGA,3,40,2.1770930226182537,1.921803331159199,11.0,
etching,TSFGA,3,41,2.1770930226182537,1.8991174557068002,11.0,
etching,TSFGA,3,42,2.1770930226182537,1.8684201360917712,11.0,
etching,TSFGA,3,43,2.1770930226182537,1.869306780854415,11.0,
etching,TSFGA,3,44,2.1770930226182537,1.9015006065063698,11.0,
etching,TSFGA,3,45,2.1770930226182537,1.8810574747925402,11.0,
etching,TSFGA,3,46,2.1770930226182537,1.9032605682601165,11.0,
etching,TSFGA,3,47,2.1770930226182537,1.8262489241696223,11.0,
etching,TSFGA,3,48,2.1770930226182537,1.87765097616483,11.0,
etching,TSFGA,3,49,2.1770930226182537,1.8430456113192846,11.0,
etching,TSFGA,3,50,2.1770930226182537,1.813292528932878,11.0,
etching,TSFGA,3,51,2.1770930226182537,1.84919502730811,11.0,
etching,TSFGA,3,52,2.1838825531937056,1.8527908453078574,11.0,
etching,TSFGA,3,53,2.1838825531937056,1.8165452606943255,11.0,
etching,TSFGA,3,54,2.1838825531937056,1.8395794114604456,11.0,
etching,TSFGA,3,55,2.1838825531937056,1.8187978532944598,11.0,
etching,TSFGA,3,56,2.1838825531937056,1.849255805398394,11.0,
etching,TSFGA,3,57,2.1881377350834046,1.8696747733917505,10.0,
etching,TSFGA,3,58,2.1881377350834046,1.8793973220929332,10.0,
etching,TSFGA,3,59,2.1881377350834046,1.8812232275772574,10.0,
etching,TSFGA,3,60,2.1881377350834046,1.852888372982811,10.0,
etching,TSFGA,3,61,2.1881377350834046,1.8549381244192937,10.0,
etching,TSFGA,3,62,2.1881377350834046,1.8772357753094489,10.0,
etching,TSFGA,3,63,2.1881377350834046,1.8519499155393422,10.0,
etching,TSFGA,3,64,2.1881377350834046,1.8783912102333133,10.0,
etching,TSFGA,3,65,2.1881377350834046,1.88545669946736,10.0,
etching,TSFGA,3,66,2.1881377350834046,1.8515004924295269,10.0,
etching,TSFGA,3,67,2.1881377350834046,1.8827259075613374,10.0,
etching,TSFGA,3,68,2.1881377350834046,1.8870995713053458,10.0,
etching,TSFGA,3,69,2.1881377350834046,1.8567637662896612,10.0,
etching,TSFGA,3,70,2.1881377350834046,1.8853924325218787,10.0,
etching,TSFGA,3,71,2.1881377350834046,1.8934996579122327,10.0,
etching,TSFGA,3,72,2.1881377350834046,1.879427619653335,10.0,
etching,TSFGA,3,73,2.1881377350834046,1.897535569186838,10.0,
etching,TSFGA,3,74,2.1881377350834046,1.8809380307877632,10.0,
etching,TSFGA,3,75,2.1881377350834046,1.8502365936191043,10.0,
etching,TSFGA,3,76,2.1881377350834046,1.864673357229567,10.0,
etching,TSFGA,3,77,2.1881377350834046,1.8796286329790348,10.0,
etching,TSFGA,3,78,2.1881377350834046,1.8967856997087238,10.0,
etching,TSFGA,3,79,2.1881377350834046,1.8938694588045482,10.0,
etching,TSFGA,3,80,2.1881377350834046,1.9137140621344444,10.0,
etching,TSFGA,3,81,2.1881377350834046,1.89923741857529,10.0,
etching,TSFGA,3,82,2.1881377350834046,1.8901155281515671,10.0,
etching,TSFGA,3,83,2.1881377350834046,1.865450962915185,10.0,
etching,TSFGA,3,84,2.1881377350834046,1.857520071129374,10.0,
etching,TSFGA,3,85,2.1881377350834046,1.853732598296375,10.0,
etching,TSFGA,3,86,2.1881377350834046,1.8539076440664375,10.0,
etching,TSFGA,3,87,2.1881377350834046,1.847664282843341,10.0,
etching,TSFGA,3,88,2.1881377350834046,1.8417633024984603,10.0,
etching,TSFGA,3,89,2.1881377350834046,1.83236391817749,10.0,
etching,TSFGA,3,90,2.1881377350834046,1.879311920267153,10.0,
etching,TSFGA,3,91,2.1881377350834046,1.8878753384493663,10.0,
etching,TSFGA,3,92,2.1881377350834046,1.8616349940685368,10.0,
etching,TSFGA,3,93,2.2279157123572695,1.8749712545973523,8.0,
etching,TSFGA,3,94,2.2279157123572695,1.885477933472118,8.0,
etching,TSFGA,3,95,2.2279157123572695,1.866977521766929,8.0,
etching,TSFGA,3,96,2.2279157123572695,1.8295118527912861,8.0,
etching,TSFGA,3,97,2.2279157123572695,1.824102789897557,8.0,
etching,TSFGA,3,98,2.2279157123572695,1.8598593529700662,8.0,
etching,TSFGA,3,99,2.2279157123572695,1.874849105574686,8.0,
etching,TSFGA,3,100,2.2279157123572695,1.8764552905466616,8.0,
etching,TSFGA,3,101,2.2279157123572695,1.8303274004992396,8.0,
etching,TSFGA,3,102,2.2279157123572695,1.8762997271587953,8.0,
etching,TSFGA,3,103,2.2279157123572695,1.866724332678507,8.0,
etching,TSFGA,3,104,2.2279157123572695,1.8839178658461542,8.0,
etching,TSFGA,3,105,2.2279157123572695,1.8917311733093443,8.0,
etching,TSFGA,3,106,2.2279157123572695,1.8998059435930483,8.0,
etching,TSFGA,3,107,2.2279157123572695,1.8800148638470382,8.0,
etching,TSFGA,3,108,2.2279157123572695,1.8790165118307236,8.0,
etching,TSFGA,3,109,2.2279157123572695,1.8632414440132645,8.0,
etching,TSFGA,3,110,2.2279157123572695,1.8682452091494628,8.0,
etching,TSFGA,3,111,2.2279157123572695,1.9044857069189718,8.0,
etching,TSFGA,3,112,2.2279157123572695,1.8521960458748719,8.0,
etching,TSFGA,3,113,2.2279157123572695,1.8966473581233292,8.0,
etching,TSFGA,3,114,2.2279157123572695,1.9247678715351786,8.0,
etching,TSFGA,3,115,2.2279157123572695,1.9492491598444701,8.0,
etching,TSFGA,3,116,2.2279157123572695,1.9649940561806232,8.0,
etching,TSFGA,3,117,2.2279157123572695,1.9441772560832837,8.0,
etching,TSFGA,3,118,2.2279157123572695,1.8794437536145296,8.0,
etching,TSFGA,3,119,2.2279157123572695,1.893856070686887,8.0,
etching,TSFGA,3,120,2.2279157123572695,1.911144043033164,8.0,
etching,TSFGA,3,121,2.2279157123572695,1.8948248672653978,8.0,
etching,TSFGA,3,122,2.2279157123572695,1.8612889713322591,8.0,
etching,TSFGA,3,123,2.2279157123572695,1.8734546764213946,8.0,
etching,TSFGA,3,124,2.230370761840388,1.8765437624648151,8.0,
etching,TSFGA,3,125,2.230370761840388,1.911118105659566,8.0,
etching,TSFGA,3,126,2.230370761840388,1.9046094071573214,8.0,
etching,TSFGA,3,127,2.230370761840388,1.8737929443637455,8.0,
etching,TSFGA,3,128,2.230370761840388,1.9027678457818715,8.0,
etching,TSFGA,3,129,2.230370761840388,1.909757929319344,8.0,
etching,TSFGA,3,130,2.230370761840388,1.8520629221277058,8.0,
etching,TSFGA,3,131,2.230370761840388,1.8416977258907288,8.0,
etching,TSFGA,3,132,2.230370761840388,1.8240746132175836,8.0,
etching,TSFGA,3,133,2.230370761840388,1.821208669154243,8.0,
etching,TSFGA,3,134,2.230370761840388,1.8384057126676954,8.0,
etching,TSFGA,3,135,2.230370761840388,1.882983749089865,8.0,
etching,TSFGA,3,136,2.230370761840388,1.8847037095818813,8.0,
etching,TSFGA,3,137,2.230370761840388,1.8744816479136452,8.0,
etching,TSFGA,3,138,2.230370761840388,1.8964065184585075,8.0,
etching,TSFGA,3,139,2.230370761840388,1.888278089428835,8.0,
etching,TSFGA,3,140,2.230370761840388,1.8793787412316636,8.0,
etching,TSFGA,3,141,2.230370761840388,1.8232237014963306,8.0,
etching,TSFGA,3,142,2.230370761840388,1.84909873628045,8.0,
etching,TSFGA,3,143,2.230370761840388,1.8004789270552148,8.0,
etching,TSFGA,3,144,2.230370761840388,1.7548245995223504,8.0,
etching,TSFGA,3,145,2.230370761840388,1.797169545465625,8.0,
etching,TSFGA,3,146,2.230370761840388,1.8123161876838132,8.0,
etching,TSFGA,3,147,2.230370761840388,1.8775780876912207,8.0,
etching,TSFGA,3,148,2.230370761840388,1.8073527767614663,8.0,
etching,TSFGA,3,149,2.230370761840388,1.8633300929362577,8.0,
etching,TSFGA,3,150,2.230370761840388,1.8449140398241095,8.0,
etching,TSFGA,3,151,2.230370761840388,1.8855856825368036,8.0,
etching,TSFGA,3,152,2.230370761840388,1.8620132839528865,8.0,
etching,TSFGA,3,153,2.230818333357913,1.9076317148529012,8.0,
etching,TSFGA,3,154,2.230818333357913,1.8730840293337543,8.0,
etching,TSFGA,3,155,2.230818333357913,1.910849730784428,8.0,
etching,TSFGA,3,156,2.230818333357913,1.9104100822069696,8.0,
etching,TSFGA,3,157,2.230818333357913,1.9295174371864252,8.0,
etching,TSFGA,3,158,2.230818333357913,1.9333070391518692,8.0,
etching,TSFGA,3,159,2.230818333357913,1.8712778910072854,8.0,
etching,TSFGA,3,160,2.230818333357913,1.841694814132565,8.0,
etching,TSFGA,3,161,2.230818333357913,1.9020379463437305,8.0,
etching,TSFGA,3,162,2.230818333357913,1.886035690670898,8.0,
etching,TSFGA,3,163,2.230818333357913,1.9180050266993867,8.0,
etching,TSFGA,3,164,2.238544572450905,1.9040911012442934,8.0,
etching,TSFGA,3,165,2.238544572450905,1.9050824582963823,8.0,
etching,TSFGA,3,166,2.238544572450905,1.9136664245162844,8.0,
etching,TSFGA,3,167,2.238544572450905,1.8837711183002068,8.0,
etching,TSFGA,3,168,2.238544572450905,1.9087608059189207,8.0,
etching,TSFGA,3,169,2.238544572450905,1.87922315365897,8.0,
etching,TSFGA,3,170,2.238544572450905,1.8477749519280735,8.0,
etching,TSFGA,3,171,2.238544572450905,1.8417895457495461,8.0,
etching,TSFGA,3,172,2.238544572450905,1.8998134896032546,8.0,
etching,TSFGA,3,173,2.238544572450905,1.8560482893579882,8.0,
etching,TSFGA,3,174,2.238544572450905,1.8776060695303145,8.0,
etching,TSFGA,3,175,2.238544572450905,1.8625628539845351,8.0,
etching,TSFGA,3,176,2.238544572450905,1.8622161226719105,8.0,
etching,TSFGA,3,177,2.238544572450905,1.855198331754608,8.0,
etching,TSFGA,3,178,2.238544572450905,1.9159445351036084,8.0,
etching,TSFGA,3,179,2.238544572450905,1.8634442033465128,8.0,
etching,TSFGA,3,180,2.238544572450905,1.8617172356896958,8.0,
etching,TSFGA,3,181,2.238544572450905,1.8739433835375288,8.0,
etching,TSFGA,3,182,2.238544572450905,1.888624036363892,8.0,
etching,TSFGA,3,183,2.238544572450905,1.8672583244998826,8.0,
etching,TSFGA,3,184,2.238544572450905,1.9164596403649448,8.0,
etching,TSFGA,3,185,2.238544572450905,1.871674699015713,8.0,
etching,TSFGA,3,186,2.238544572450905,1.8647577267345,8.0,
etching,TSFGA,3,187,2.238544572450905,1.8674930500904647,8.0,
etching,TSFGA,3,188,2.238544572450905,1.8448289721233053,8.0,
etching,TSFGA,3,189,2.238544572450905,1.8611338720535275,8.0,
etching,TSFGA,3,190,2.238544572450905,1.8905698428884066,8.0,
etching,TSFGA,3,191,2.238544572450905,1.8779668001449175,8.0,
etching,TSFGA,3,192,2.238544572450905,1.8911466666428303,8.0,
etching,TSFGA,3,193,2.238544572450905,1.8720459180733833,8.0,
etching,TSFGA,3,194,2.238544572450905,1.915521465891905,8.0,
etching,TSFGA,3,195,2.238544572450905,1.935028563355284,8.0,
etching,TSFGA,3,196,2.238544572450905,1.9076250533338346,8.0,
etching,TSFGA,3,197,2.238544572450905,1.8944936654529574,8.0,
etching,TSFGA,3,198,2.238544572450905,1.8945398942649838,8.0,
etching,TSFGA,3,199,2.238544572450905,1.9010232446971975,8.0,
etching,TSFGA,3,200,2.238544572450905,1.919426251559837,8.0,
etching,TSFGA,4,0,2.004660285508549,1.65580634243295,16.0,
etching,TSFGA,4,1,2.0617087193275667,1.7450241853342057,14.0,
etching,TSFGA,4,2,2.0617087193275667,1.770286074236111,14.0,
etching,TSFGA,4,3,2.0617087193275667,1.733390038410061,14.0,
etching,TSFGA,4,4,2.068061090333468,1.8118206980007319,13.0,
etching,TSFGA,4,5,2.068061090333468,1.7893499287782837,13.0,
etching,TSFGA,4,6,2.0995774389772364,1.8250949006108912,12.0,
etching,TSFGA,4,7,2.0995774389772364,1.8075893342659175,12.0,
etching,TSFGA,4,8,2.1252082652927946,1.7551701739935184,12.0,
etching,TSFGA,4,9,2.1252082652927946,1.8114530275051877,12.0,
etching,TSFGA,4,10,2.1252082652927946,1.802794354198138,12.0,
etching,TSFGA,4,11,2.13300379162334,1.7875254649660977,11.0,
etching,TSFGA,4,12,2.13300379162334,1.8472211729678478,11.0,
etching,TSFGA,4,13,2.13300379162334,1.841725486373575,11.0,
etching,TSFGA,4,14,2.13300379162334,1.8357965730577983,11.0,
etching,TSFGA,4,15,2.13300379162334,1.8272475241145465,11.0,
etching,TSFGA,4,16,2.13300379162334,1.8421198200819586,11.0,
etching,TSFGA,4,17,2.13300379162334,1.8129092974677818,11.0,
etching,TSFGA,4,18,2.13300379162334,1.8175388994675672,11.0,
etching,TSFGA,4,19,2.13300379162334,1.825257830005104,11.0,
etching,TSFGA,4,20,2.13300379162334,1.818050804152692,11.0,
etching,TSFGA,4,21,2.13300379162334,1.8350313814748023,11.0,
etching,TSFGA,4,22,2.13300379162334,1.794552380157242,11.0,
etching,TSFGA,4,23,2.13300379162334,1.8161371335914012,11.0,
etching,TSFGA,4,24,2.13300379162334,1.7709900930671139,11.0,
etching,TSFGA,4,25,2.13300379162334,1.7944386599696827,11.0,
etching,TSFGA,4,26,2.13300379162334,1.8456038868353617,11.0,
etching,TSFGA,4,27,2.13300379162334,1.84152860527811,11.0,
etching,TSFGA,4,28,2.1356307837455244,1.8387891399317808,11.0,
etching,TSFGA,4,29,2.1356307837455244,1.8252586976120426,11.0,
etching,TSFGA,4,30,2.1356307837455244,1.8629269346087824,11.0,
etching,TSFGA,4,31,2.1356307837455244,1.8666431343709977,11.0,
etching,TSFGA,4,32,2.1356307837455244,1.8669087590405418,11.0,
etching,TSFGA,4,33,2.1356307837455244,1.8840986561517028,11.0,
etching,TSFGA,4,34,2.1719216380948243,1.8822419818618126,9.0,
etching,TSFGA,4,35,2.1719216380948243,1.873905440386818,9.0,
etching,TSFGA,4,36,2.1719216380948243,1.8663756823676814,9.0,
etching,TSFGA,4,37,2.1719216380948243,1.876297955638048,9.0,
etching,TSFGA,4,38,2.1719216380948243,1.8887846062510334,9.0,
etching,TSFGA,4,39,2.1719216380948243,1.872408600988385,9.0,
etching,TSFGA,4,40,2.1719216380948243,1.89573163159133,9.0,
etching,TSFGA,4,41,2.1719216380948243,1.8772526923486972,9.0,
etching,TSFGA,4,42,2.1719216380948243,1.8845550942396503,9.0,
etching,TSFGA,4,43,2.1719216380948243,1.882183333458427,9.0,
etching,TSFGA,4,44,2.1719216380948243,1.8351220870820761,9.0,
etching,TSFGA,4,45,2.1719216380948243,1.8702739915048874,9.0,
etching,TSFGA,4,46,2.1719216380948243,1.9025613333238667,9.0,
etching,TSFGA,4,47,2.1719216380948243,1.8401815190198398,9.0,
etching,TSFGA,4,48,2.1719216380948243,1.8148616476623123,9.0,
etching,TSFGA,4,49,2.1719216380948243,1.7887425476791932,9.0,
etching,TSFGA,4,50,2.1719216380948243,1.8032892836575836,9.0,
etching,TSFGA,4,51,2.222090320420354,1.811952267050484,7.0,
etching,TSFGA,4,52,2.222090320420354,1.8434357860873836,7.0,
etching,TSFGA,4,53,2.222090320420354,1.809184409464421,7.0,
etching,TSFGA,4,54,2.222090320420354,1.8461543603703816,7.0,
etching,TSFGA,4,55,2.222090320420354,1.8930293969522602,7.0,
etching,TSFGA,4,56,2.222090320420354,1.885840677765124,7.0,
etching,TSFGA,4,57,2.222090320420354,1.8862054140592552,7.0,
etching,TSFGA,4,58,2.222090320420354,1.9145736068482138,7.0,
etching,TSFGA,4,59,2.227838188707022,1.8646573066556171,7.0,
etching,TSFGA,4,60,2.227838188707022,1.9112025236305352,7.0,
etching,TSFGA,4,61,2.227838188707022,1.881872472312672,7.0,
etching,TSFGA,4,62,2.227838188707022,1.837705756763033,7.0,
etching,TSFGA,4,63,2.227838188707022,1.8789646417018193,7.0,
etching,TSFGA,4,64,2.227838188707022,1.8975298910600806,7.0,
etching,TSFGA,4,65,2.227838188707022,1.8670692333121957,7.0,
etching,TSFGA,4,66,2.227838188707022,1.844573716139454,7.0,
etching,TSFGA,4,67,2.227838188707022,1.8360513350089556,7.0,
etching,TSFGA,4,68,2.227838188707022,1.8841362303111011,7.0,
etching,TSFGA,4,69,2.227838188707022,1.8498936493461848,7.0,
etching,TSFGA,4,70,2.227838188707022,1.8657101190504854,7.0,
etching,TSFGA,4,71,2.227838188707022,1.8715356668985184,7.0,
etching,TSFGA,4,72,2.227838188707022,1.856748995790176,7.0,
etching,TSFGA,4,73,2.227838188707022,1.8651331764627748,7.0,
etching,TSFGA,4,74,2.227838188707022,1.8624411194356025,7.0,
etching,TSFGA,4,75,2.227838188707022,1.8518497609299842,7.0,
etching,TSFGA,4,76,2.227838188707022,1.8673623227666512,7.0,
etching,TSFGA,4,77,2.227838188707022,1.833121154202955,7.0,
etching,TSFGA,4,78,2.227838188707022,1.8558767432509389,7.0,
etching,TSFGA,4,79,2.227838188707022,1.8585639519626898,7.0,
etching,TSFGA,4,80,2.227838188707022,1.8366329150248106,7.0,
etching,TSFGA,4,81,2.227838188707022,1.8591716914120568,7.0,
etching,TSFGA,4,82,2.227838188707022,1.905581250353648,7.0,
etching,TSFGA,4,83,2.227838188707022,1.8706646312734634,7.0,
etching,TSFGA,4,84,2.227838188707022,1.8726061921910173,7.0,
etching,TSFGA,4,85,2.227838188707022,1.8807874984662818,7.0,
etching,TSFGA,4,86,2.227838188707022,1.8856882924898664,7.0,
etching,TSFGA,4,87,2.227838188707022,1.8898174580432172,7.0,
etching,TSFGA,4,88,2.227838188707022,1.83746889311616,7.0,
etching,TSFGA,4,89,2.227838188707022,1.8823813630942574,7.0,
etching,TSFGA,4,90,2.227838188707022,1.8530140213497592,7.0,
etching,TSFGA,4,91,2.227838188707022,1.8000170465353122,7.0,
etching,TSFGA,4,92,2.227838188707022,1.78961404015213,7.0,
etching,TSFGA,4,93,2.227838188707022,1.8224943479191964,7.0,
etching,TSFGA,4,94,2.227838188707022,1.8788953492447587,7.0,
etching,TSFGA,4,95,2.227838188707022,1.8447398709773595,7.0,
etching,TSFGA,4,96,2.227838188707022,1.8504219860883524,7.0,
etching,TSFGA,4,97,2.227838188707022,1.8771797051520749,7.0,
etching,TSFGA,4,98,2.227838188707022,1.8347340112847266,7.0,
etching,TSFGA,4,99,2.227838188707022,1.8336009137275233,7.0,
etching,NSGA2,0,0,0.680230848429347,0.5132887729312194,,2.0
etching,NSGA2,0,1,0.6824465965327806,0.6128488400629578,,3.0
etching,NSGA2,0,2,0.6887718251208521,0.5974235178842873,,3.0
etching,NSGA2,0,3,0.690121992266936,0.6199946816719989,,4.0
etching,NSGA2,0,4,0.690121992266936,0.6388465693510351,,4.0
etching,NSGA2,0,5,0.6909760560572153,0.6209685718344902,,6.0
etching,NSGA2,0,6,0.6966897344350177,0.643472533833917,,8.0
etching,NSGA2,0,7,0.6990283250310948,0.6411703388932954,,3.0
etching,NSGA2,0,8,0.699513246032037,0.6437803313256227,,3.0
etching,NSGA2,0,9,0.699513246032037,0.6508193031192195,,3.0
etching,NSGA2,0,10,0.699513246032037,0.665343547581905,,5.0
etching,NSGA2,0,11,0.7022441216333736,0.6842004481682634,,3.0
etching,NSGA2,0,12,0.7089446709931859,0.6720944884578945,,2.0
etching,NSGA2,0,13,0.7089446709931859,0.6841547990440273,,3.0
etching,NSGA2,0,14,0.7089446709931859,0.6908162427758403,,3.0
etching,NSGA2,0,15,0.7089446709931859,0.6789765841001306,,4.0
etching,NSGA2,0,16,0.7089446709931859,0.6597732878891278,,7.0
etching,NSGA2,0,17,0.7089446709931859,0.6697143311448479,,10.0
etching,NSGA2,0,18,0.7089446709931859,0.6687833093144435,,15.0
etching,NSGA2,0,19,0.7094705816013444,0.6671187301677387,,28.0
etching,NSGA2,0,20,0.7094705816013444,0.667250411705885,,40.0
etching,NSGA2,0,21,0.7094705816013444,0.6726740395384944,,58.0
etching,NSGA2,0,22,0.7094705816013444,0.6842815416623298,,80.0
etching,NSGA2,0,23,0.7094705816013444,0.6841387545867476,,80.0
etching,NSGA2,0,24,0.7094705816013444,0.6842006203883395,,80.0
etching,NSGA2,0,25,0.7094705816013444,0.6843243519915234,,80.0
etching,NSGA2,0,26,0.7094705816013444,0.6775901284356983,,80.0
etching,NSGA2,0,27,0.7094705816013444,0.6706512520026991,,80.0
etching,NSGA2,0,28,0.7094705816013444,0.6677339066161299,,80.0
etching,NSGA2,0,29,0.7094705816013444,0.6682569869227903,,80.0
etching,NSGA2,0,30,0.7097917562583503,0.6651649577176195,,80.0
etching,NSGA2,0,31,0.7097917562583503,0.6654833851471059,,80.0
etching,NSGA2,0,32,0.7097917562583503,0.665775858201232,,80.0
etching,NSGA2,0,33,0.7097917562583503,0.6624201945370446,,80.0
etching,NSGA2,0,34,0.7097917562583503,0.6623583287354526,,80.0
etching,NSGA2,0,35,0.7097917562583503,0.662793588865161,,80.0
etching,NSGA2,0,36,0.7097917562583503,0.6555003735764438,,80.0
etching,NSGA2,0,37,0.7097917562583503,0.6556315273461715,,80.0
etching,NSGA2,0,38,0.7097917562583503,0.6560667874758797,,80.0
etching,NSGA2,0,39,0.7097917562583503,0.6564506621184497,,80.0
etching,NSGA2,0,40,0.7097917562583503,0.652900825891542,,80.0
etching,NSGA2,0,41,0.7097917562583503,0.6492886005994601,,80.0
etching,NSGA2,0,42,0.7097917562583503,0.6494932534766342,,80.0
etching,NSGA2,0,43,0.7097917562583503,0.6459464753976363,,80.0
etching,NSGA2,0,44,0.7097917562583503,0.6496175083434,,80.0
etching,NSGA2,0,45,0.7097917562583503,0.6495401684809018,,80.0
etching,NSGA2,0,46,0.7097917562583503,0.6564859438168626,,80.0
etching,NSGA2,0,47,0.7097917562583503,0.6562553365643286,,80.0
etching,NSGA2,0,48,0.7097917562583503,0.6496020342824936,,80.0
etching,NSGA2,0,49,0.7110811265079431,0.6533910662592749,,80.0
etching,NSGA2,0,50,0.7110811265079431,0.6536426341407164,,80.0
etching,NSGA2,0,51,0.7110811265079431,0.6537854212162986,,80.0
etching,NSGA2,0,52,0.7110811265079431,0.6538472870178905,,80.0
etching,NSGA2,0,53,0.7110811265079431,0.6468731422258729,,80.0
etching,NSGA2,0,54,0.7110811265079431,0.6472570168684431,,80.0
etching,NSGA2,0,55,0.7110811265079431,0.6543981310979199,,80.0
etching,NSGA2,0,56,0.7110811265079431,0.6579918241811853,,80.0
etching,NSGA2,0,57,0.7110811265079431,0.654665173040268,,80.0
etching,NSGA2,0,58,0.7110811265079431,0.6515431747765245,,80.0
etching,NSGA2,0,59,0.7110811265079431,0.6445164781665733,,80.0
etching,NSGA2,0,60,0.7110811265079431,0.6480842168744786,,80.0
etching,NSGA2,0,61,0.7110811265079431,0.6622625080283604,,80.0
etching,NSGA2,0,62,0.7110811265079431,0.6622006422267684,,80.0
etching,NSGA2,0,63,0.7110811265079431,0.6621233023642701,,80.0
etching,NSGA2,0,64,0.7110811265079431,0.6627013495695604,,80.0
etching,NSGA2,0,65,0.7110811265079431,0.6733842481315826,,80.0
etching,NSGA2,0,66,0.7110811265079431,0.6734720683085346,,80.0
etching,NSGA2,0,67,0.7110811265079431,0.6699407642904431,,80.0
etching,NSGA2,0,68,0.7110811265079431,0.6700916165997824,,80.0
etching,NSGA2,0,69,0.7110811265079431,0.6661585354581234,,80.0
etching,NSGA2,0,70,0.7110811265079431,0.6660861893420778,,80.0
etching,NSGA2,0,71,0.7110811265079431,0.6694758726153827,,80.0
etching,NSGA2,0,72,0.7110811265079431,0.6696162446102685,,80.0
etching,NSGA2,0,73,0.7110811265079431,0.6659959540844295,,80.0
etching,NSGA2,0,74,0.7110811265079431,0.665863647323301,,80.0
etching,NSGA2,0,75,0.7110811265079431,0.659005692164292,,80.0
etching,NSGA2,0,76,0.7110811265079431,0.6590218092924118,,80.0
etching,NSGA2,0,77,0.7110811265079431,0.6556951581514945,,80.0
etching,NSGA2,0,78,0.7110811265079431,0.6594465891076664,,80.0
etching,NSGA2,0,79,0.7110811265079431,0.6593223342409007,,80.0
etching,NSGA2,0,80,0.7110811265079431,0.6627368055587701,,80.0
etching,NSGA2,0,81,0.7110811265079431,0.6663367785229152,,80.0
etching,NSGA2,0,82,0.7110811265079431,0.6630206076964515,,80.0
etching,NSGA2,0,83,0.7110811265079431,0.6666304179078368,,80.0
etching,NSGA2,0,84,0.7110811265079431,0.6667182380847889,,80.0
etching,NSGA2,0,85,0.7110811265079431,0.6663893303408489,,80.0
etching,NSGA2,0,86,0.7110811265079431,0.6626626874292416,,80.0
etching,NSGA2,0,87,0.7110811265079431,0.665989338570159,,80.0
etching,NSGA2,0,88,0.7110811265079431,0.6660257732599728,,80.0
etching,NSGA2,0,89,0.7110811265079431,0.6663570960846091,,80.0
etching,NSGA2,0,90,0.7110811265079431,0.6700566182900609,,80.0
etching,NSGA2,0,91,0.7110811265079431,0.6700566182900609,,80.0
etching,NSGA2,0,92,0.7110811265079431,0.6697252954654246,,80.0
etching,NSGA2,0,93,0.7110811265079431,0.6661841542000929,,80.0
etching,NSGA2,0,94,0.7110811265079431,0.662617581822983,,80.0
etching,NSGA2,0,95,0.7110811265079431,0.6627869663411387,,80.0
etching,NSGA2,0,96,0.7110811265079431,0.659381165939714,,80.0
etching,NSGA2,0,97,0.7110811265079431,0.6631269600822198,,80.0
etching,NSGA2,0,98,0.7110811265079431,0.6700473043064028,,80.0
etching,NSGA2,0,99,0.7110811265079431,0.6628425522618511,,80.0
etching,NSGA2,0,100,0.7110811265079431,0.6660491489695766,,80.0
etching,NSGA2,0,101,0.7110811265079431,0.6696064073630282,,80.0
etching,NSGA2,0,102,0.7110811265079431,0.6731636657564798,,80.0
etching,NSGA2,0,103,0.7110811265079431,0.6731167507522124,,80.0
etching,NSGA2,0,104,0.7110811265079431,0.6802683452961429,,80.0
etching,NSGA2,0,105,0.7110811265079431,0.6803666457875487,,80.0
etching,NSGA2,0,106,0.7110811265079431,0.6804705830926207,,80.0
etching,NSGA2,0,107,0.7110811265079431,0.6762208598743529,,80.0
etching,NSGA2,0,108,0.7110811265079431,0.6726179485659294,,80.0
etching,NSGA2,0,109,0.7110811265079431,0.6690768073005977,,80.0
etching,NSGA2,0,110,0.7110811265079431,0.668962389681072,,80.0
etching,NSGA2,0,111,0.7110811265079431,0.673071740904454,,80.0
etching,NSGA2,0,112,0.7110811265079431,0.6697976415814703,,80.0
etching,NSGA2,0,113,0.7110811265079431,0.6702675643875093,,80.0
etching,NSGA2,0,114,0.7110811265079431,0.6701704302268991,,80.0
etching,NSGA2,0,115,0.7110811265079431,0.670102927611641,,80.0
etching,NSGA2,0,116,0.7110811265079431,0.6667923935988433,,80.0
etching,NSGA2,0,117,0.7110811265079431,0.6665877407216693,,80.0
etching,NSGA2,0,118,0.7110811265079431,0.6663200557121078,,80.0
etching,NSGA2,0,119,0.7110811265079431,0.669657187167479,,80.0
etching,NSGA2,0,120,0.7110811265079431,0.6693895021579175,,80.0
etching,NSGA2,0,121,0.7110811265079431,0.6658477178253723,,80.0
etching,NSGA2,0,122,0.7110811265079431,0.669520036905563,,80.0
etching,NSGA2,0,123,0.7110811265079431,0.6693264700255301,,80.0
etching,NSGA2,0,124,0.7110811265079431,0.6654650919327032,,80.0
etching,NSGA2,0,125,0.7110811265079431,0.6654650919327032,,80.0
etching,NSGA2,0,126,0.7110811265079431,0.6657345489557477,,80.0
etching,NSGA2,0,127,0.7110811265079431,0.6693802705933648,,80.0
etching,NSGA2,0,128,0.7110811265079431,0.67329303417333,,80.0
etching,NSGA2,0,129,0.7110811265079431,0.6732577658143116,,80.0
etching,NSGA2,0,130,0.7110811265079431,0.6695472400308242,,80.0
etching,NSGA2,0,131,0.7110811265079431,0.6695731944061842,,80.0
etching,NSGA2,0,132,0.7110811265079431,0.662325727790939,,80.0
etching,NSGA2,0,133,0.7110811265079431,0.6619968200469992,,80.0
etching,NSGA2,0,134,0.7110811265079431,0.662663330496455,,80.0
etching,NSGA2,0,135,0.7110811265079431,0.6625223154343558,,80.0
etching,NSGA2,0,136,0.7110811265079431,0.6629297293715896,,80.0
etching,NSGA2,0,137,0.7110811265079431,0.662813539738581,,80.0
etching,NSGA2,0,138,0.7110811265079431,0.6630238294294214,,80.0
etching,NSGA2,0,139,0.7110811265079431,0.666697920523095,,80.0
etching,NSGA2,0,140,0.7110811265079431,0.6628284905359055,,80.0
etching,NSGA2,0,141,0.7110811265079431,0.662608363597825,,80.0
etching,NSGA2,0,142,0.7110811265079431,0.6661817391193965,,80.0
etching,NSGA2,0,143,0.7110811265079431,0.662738255278257,,80.0
etching,NSGA2,0,144,0.7110811265079431,0.6586672305618033,,80.0
etching,NSGA2,0,145,0.7110811265079431,0.6551266125600536,,80.0
etching,NSGA2,0,146,0.7110811265079431,0.6587388378521353,,80.0
etching,NSGA2,0,147,0.7110811265079431,0.6591765130625399,,80.0
etching,NSGA2,0,148,0.7110811265079431,0.6592927026955485,,80.0
etching,NSGA2,0,149,0.7110811265079431,0.6558232644790489,,80.0
etching,NSGA2,0,150,0.7110811265079431,0.6521491733853753,,80.0
etching,NSGA2,0,151,0.7110811265079431,0.6520063863097931,,80.0
etching,NSGA2,0,152,0.7110811265079431,0.651863599234211,,80.0
etching,NSGA2,0,153,0.7110811265079431,0.6553949032523025,,80.0
etching,NSGA2,0,154,0.7110811265079431,0.6625853475667431,,80.0
etching,NSGA2,0,155,0.7110811265079431,0.6624975273897912,,80.0
etching,NSGA2,0,156,0.7110811265079431,0.662354740314209,,80.0
etching,NSGA2,0,157,0.7110811265079431,0.6625958278811969,,80.0
etching,NSGA2,0,158,0.7110811265079431,0.662800480758371,,80.0
etching,NSGA2,0,159,0.7110811265079431,0.6663861086078791,,80.0
etching,NSGA2,0,160,0.7110811265079431,0.6664844090992849,,80.0
etching,NSGA2,0,161,0.7110811265079431,0.6664386604258128,,80.0
etching,NSGA2,0,162,0.7110811265079431,0.66276581808204,,80.0
etching,NSGA2,0,163,0.7110811265079431,0.6591571742014501,,80.0
etching,NSGA2,0,164,0.7110811265079431,0.6556617816095904,,80.0
etching,NSGA2,0,165,0.7110811265079431,0.6697388339277881,,80.0
etching,NSGA2,0,166,0.7110811265079431,0.6697549510559081,,80.0
etching,NSGA2,0,167,0.7110811265079431,0.6700474241100342,,80.0
etching,NSGA2,0,168,0.7110811265079431,0.6733740752509516,,80.0
etching,NSGA2,0,169,0.7110811265079431,0.6696745530454999,,80.0
etching,NSGA2,0,170,0.7110811265079431,0.6698242390240438,,80.0
etching,NSGA2,0,171,0.7110811265079431,0.6662310692043605,,80.0
etching,NSGA2,0,172,0.7110811265079431,0.6698235959568304,,80.0
etching,NSGA2,0,173,0.7110811265079431,0.6697715674024787,,80.0
etching,NSGA2,0,174,0.7110811265079431,0.6697530351936622,,80.0
etching,NSGA2,0,175,0.7110811265079431,0.6733207739015676,,80.0
etching,NSGA2,0,176,0.7110811265079431,0.6699167828981519,,80.0
etching,NSGA2,0,177,0.7110811265079431,0.6700052461423173,,80.0
etching,NSGA2,0,178,0.7110811265079431,0.6667589930118082,,80.0
etching,NSGA2,0,179,0.7110811265079431,0.6666526406260397,,80.0
etching,NSGA2,0,180,0.7110811265079431,0.6701017612808455,,80.0
etching,NSGA2,0,181,0.7110811265079431,0.670349651992295,,80.0
etching,NSGA2,0,182,0.7110811265079431,0.6703398147450548,,80.0
etching,NSGA2,0,183,0.7110811265079431,0.6700616494210397,,80.0
etching,NSGA2,0,184,0.7110811265079431,0.6664252417670808,,80.0
etching,NSGA2,0,185,0.7110811265079431,0.6700808006519382,,80.0
etching,NSGA2,0,186,0.7110811265079431,0.6699552970352713,,80.0
etching,NSGA2,0,187,0.7110811265079431,0.6696826182792571,,80.0
etching,NSGA2,0,188,0.7110811265079431,0.6730729072352495,,80.0
etching,NSGA2,0,189,0.7110811265079431,0.6698445565857377,,80.0
etching,NSGA2,0,190,0.7110811265079431,0.6665074251303666,,80.0
etching,NSGA2,0,191,0.7110811265079431,0.6736485393598435,,80.0
etching,NSGA2,0,192,0.7110811265079431,0.673585507227456,,80.0
etching,NSGA2,0,193,0.7110811265079431,0.6738427119225638,,80.0
etching,NSGA2,0,194,0.7110811265079431,0.6699663830324125,,80.0
etching,NSGA2,0,195,0.7110811265079431,0.6634373356173435,,80.0
etching,NSGA2,0,196,0.7110811265079431,0.6634898874352771,,80.0
etching,NSGA2,0,197,0.7110811265079431,0.6595876041697657,,80.0
etching,NSGA2,0,198,0.7110811265079431,0.6666866468957625,,80.0
etching,NSGA2,0,199,0.7110811265079431,0.666660049453189,,80.0
etching,NSGA2,0,200,0.7110811265079431,0.6736607916877799,,80.0
etching,NSGA2,1,0,0.6737142049038645,0.49656148188256904,,4.0
etching,NSGA2,1,1,0.6786078369533919,0.5907523220946618,,2.0
etching,NSGA2,1,2,0.6788807234259303,0.6250435014241962,,6.0
etching,NSGA2,1,3,0.6822276668578664,0.6440106775413174,,5.0
etching,NSGA2,1,4,0.6870798195513972,0.6581564553422563,,1.0
etching,NSGA2,1,5,0.6877458078807799,0.6646368510371529,,3.0
etching,NSGA2,1,6,0.6879604893952241,0.6669593553367985,,2.0
etching,NSGA2,1,7,0.6901929703168249,0.6497007051613772,,4.0
etching,NSGA2,1,8,0.6901929703168249,0.6468628084354394,,4.0
etching,NSGA2,1,9,0.6950966077676721,0.6436346895309412,,2.0
etching,NSGA2,1,10,0.6950966077676721,0.6609767783411069,,2.0
etching,NSGA2,1,11,0.699644502317962,0.6612853373617342,,1.0
etching,NSGA2,1,12,0.699644502317962,0.6477990377612537,,2.0
etching,NSGA2,1,13,0.699644502317962,0.6063371559098636,,3.0
etching,NSGA2,1,14,0.699644502317962,0.6415150564247372,,3.0
etching,NSGA2,1,15,0.7005263678153577,0.6374208998238776,,3.0
etching,NSGA2,1,16,0.7011481433809501,0.6547695195266279,,3.0
etching,NSGA2,1,17,0.7024581649092538,0.6480135448718458,,6.0
etching,NSGA2,1,18,0.7041328883587685,0.6624821463992807,,11.0
etching,NSGA2,1,19,0.7053247140211578,0.6704793672196107,,14.0
etching,NSGA2,1,20,0.7056907089315139,0.6570711790533627,,23.0
etching,NSGA2,1,21,0.7056907089315139,0.6523055671292518,,32.0
etching,NSGA2,1,22,0.7056907089315139,0.6398117341418469,,22.0
etching,NSGA2,1,23,0.7056907089315139,0.6596591388704832,,36.0
etching,NSGA2,1,24,0.7056907089315139,0.6753509514816558,,57.0
etching,NSGA2,1,25,0.7056907089315139,0.6799251533300417,,80.0
etching,NSGA2,1,26,0.7056907089315139,0.6736017073966888,,80.0
etching,NSGA2,1,27,0.7056907089315139,0.6706216632472604,,80.0
etching,NSGA2,1,28,0.7056907089315139,0.6639601452250534,,80.0
etching,NSGA2,1,29,0.7056907089315139,0.6644788337521296,,80.0
etching,NSGA2,1,30,0.7056907089315139,0.6614294473553958,,80.0
etching,NSGA2,1,31,0.7056907089315139,0.6614294473553958,,80.0
etching,NSGA2,1,32,0.7056907089315139,0.6618347369335031,,80.0
etching,NSGA2,1,33,0.7056907089315139,0.6588987494857381,,80.0
etching,NSGA2,1,34,0.7056907089315139,0.6593040390638455,,80.0
etching,NSGA2,1,35,0.7056907089315139,0.6559837980675113,,80.0
etching,NSGA2,1,36,0.7056907089315139,0.656095072258428,,80.0
etching,NSGA2,1,37,0.7056907089315139,0.6563197453983134,,80.0
etching,NSGA2,1,38,0.7056907089315139,0.6563176206402617,,80.0
etching,NSGA2,1,39,0.7056907089315139,0.6498388438143288,,80.0
etching,NSGA2,1,40,0.7056907089315139,0.6530456858616944,,80.0
etching,NSGA2,1,41,0.7056907089315139,0.6535181929290552,,80.0
etching,NSGA2,1,42,0.7056907089315139,0.6469007316085118,,80.0
etching,NSGA2,1,43,0.7056907089315139,0.6434460556336706,,80.0
etching,NSGA2,1,44,0.7056907089315139,0.6469447883101751,,80.0
etching,NSGA2,1,45,0.7056907089315139,0.6469700738558171,,80.0
etching,NSGA2,1,46,0.7056907089315139,0.6466109657374247,,80.0
etching,NSGA2,1,47,0.7056907089315139,0.6434041236900591,,80.0
etching,NSGA2,1,48,0.7056907089315139,0.643540683426618,,80.0
etching,NSGA2,1,49,0.7056907089315139,0.6434272844776494,,80.0
etching,NSGA2,1,50,0.7056907089315139,0.6401070434813152,,80.0
etching,NSGA2,1,51,0.7056907089315139,0.6367657664554425,,80.0
etching,NSGA2,1,52,0.7056907089315139,0.6367657664554425,,80.0
etching,NSGA2,1,53,0.7056907089315139,0.6371017137862447,,80.0
etching,NSGA2,1,54,0.7056907089315139,0.6371038385442965,,80.0
etching,NSGA2,1,55,0.7056907089315139,0.6372151127352133,,80.0
etching,NSGA2,1,56,0.7056907089315139,0.6339851099002575,,80.0
etching,NSGA2,1,57,0.7056907089315139,0.6341425655508892,,80.0
etching,NSGA2,1,58,0.7056907089315139,0.6344134201504896,,80.0
etching,NSGA2,1,59,0.7056907089315139,0.6345246943414065,,80.0
etching,NSGA2,1,60,0.7056907089315139,0.6344134201504896,,80.0
etching,NSGA2,1,61,0.7056907089315139,0.63443658093808,,80.0
etching,NSGA2,1,62,0.7056907089315139,0.6344365809380799,,80.0
etching,NSGA2,1,63,0.7056907089315139,0.6308244493126068,,80.0
etching,NSGA2,1,64,0.7056907089315139,0.6304632164361627,,80.0
etching,NSGA2,1,65,0.7056907089315139,0.6303519422452459,,80.0
etching,NSGA2,1,66,0.7056907089315139,0.6301944865946141,,80.0
etching,NSGA2,1,67,0.7056907089315139,0.6337625615184239,,80.0
etching,NSGA2,1,68,0.7056907089315139,0.6305557194710583,,80.0
etching,NSGA2,1,69,0.7056907089315139,0.6308497348582489,,80.0
etching,NSGA2,1,70,0.7056907089315139,0.6342812500454998,,80.0
etching,NSGA2,1,71,0.7056907089315139,0.6373978539314872,,80.0
etching,NSGA2,1,72,0.7056907089315139,0.6372865797405705,,80.0
etching,NSGA2,1,73,0.7056907089315139,0.6410331463445504,,80.0
etching,NSGA2,1,74,0.7056907089315139,0.6408084732046652,,80.0
etching,NSGA2,1,75,0.7056907089315139,0.6441287142009993,,80.0
etching,NSGA2,1,76,0.7056907089315139,0.6476274468775037,,80.0
etching,NSGA2,1,77,0.7056907089315139,0.6442861698516311,,80.0
etching,NSGA2,1,78,0.7056907089315139,0.6441496101150722,,80.0
etching,NSGA2,1,79,0.7056907089315139,0.6403128053497139,,80.0
etching,NSGA2,1,80,0.7056907089315139,0.6402455878604604,,80.0
etching,NSGA2,1,81,0.7056907089315139,0.6371521447620634,,80.0
etching,NSGA2,1,82,0.7056907089315139,0.6339221419271075,,80.0
etching,NSGA2,1,83,0.7056907089315139,0.636948367536251,,80.0
etching,NSGA2,1,84,0.7056907089315139,0.636948367536251,,80.0
etching,NSGA2,1,85,0.7056907089315139,0.6435405433111525,,80.0
etching,NSGA2,1,86,0.7056907089315139,0.6434271443621838,,80.0
etching,NSGA2,1,87,0.7056907089315139,0.6431584145206353,,80.0
etching,NSGA2,1,88,0.7056907089315139,0.6401090281239016,,80.0
etching,NSGA2,1,89,0.7056907089315139,0.6366081706893453,,80.0
etching,NSGA2,1,90,0.7056907089315139,0.6333341111527261,,80.0
etching,NSGA2,1,91,0.7056907089315139,0.6301041083177703,,80.0
etching,NSGA2,1,92,0.7056907089315139,0.6303959989469091,,80.0
etching,NSGA2,1,93,0.7056907089315139,0.6305534545975411,,80.0
etching,NSGA2,1,94,0.7056907089315139,0.6267859920794879,,80.0
etching,NSGA2,1,95,0.7056907089315139,0.6305304339254162,,80.0
etching,NSGA2,1,96,0.7056907089315139,0.6373494075982549,,80.0
etching,NSGA2,1,97,0.7056907089315139,0.6372800653509495,,80.0
etching,NSGA2,1,98,0.7056907089315139,0.6375698312220367,,80.0
etching,NSGA2,1,99,0.7056907089315139,0.641406635987395,,80.0
etching,NSGA2,1,100,0.7056907089315139,0.6446134780347605,,80.0
etching,NSGA2,1,101,0.7056907089315139,0.6480449932220116,,80.0
etching,NSGA2,1,102,0.7056907089315139,0.6478896623294315,,80.0
etching,NSGA2,1,103,0.7056907089315139,0.6473709738023554,,80.0
etching,NSGA2,1,104,0.7056907089315139,0.6474381912916091,,80.0
etching,NSGA2,1,105,0.7056907089315139,0.6434901123353338,,80.0
etching,NSGA2,1,106,0.7056907089315139,0.6465647842777097,,80.0
etching,NSGA2,1,107,0.7056907089315139,0.6467454007159318,,80.0
etching,NSGA2,1,108,0.7056907089315139,0.6434272844776493,,80.0
etching,NSGA2,1,109,0.7056907089315139,0.6403778980809156,,80.0
etching,NSGA2,1,110,0.7056907089315139,0.6404219547825789,,80.0
etching,NSGA2,1,111,0.7056907089315139,0.6368538798587691,,80.0
etching,NSGA2,1,112,0.7056907089315139,0.6367426056678523,,80.0
etching,NSGA2,1,113,0.7056907089315139,0.6371940767056747,,80.0
etching,NSGA2,1,114,0.7056907089315139,0.6406928093821793,,80.0
etching,NSGA2,1,115,0.7056907089315139,0.6410519175005718,,80.0
etching,NSGA2,1,116,0.7056907089315139,0.6376434229854455,,80.0
etching,NSGA2,1,117,0.7056907089315139,0.6443028162496006,,80.0
etching,NSGA2,1,118,0.7056907089315139,0.6408921969764225,,80.0
etching,NSGA2,1,119,0.7056907089315139,0.6342306789542158,,80.0
etching,NSGA2,1,120,0.7056907089315139,0.6343419531451325,,80.0
etching,NSGA2,1,121,0.7056907089315139,0.6344785128816914,,80.0
etching,NSGA2,1,122,0.7056907089315139,0.6309797802051869,,80.0
etching,NSGA2,1,123,0.7056907089315139,0.6272563743887971,,80.0
etching,NSGA2,1,124,0.7056907089315139,0.6238689159032094,,80.0
etching,NSGA2,1,125,0.7056907089315139,0.6203701832267049,,80.0
etching,NSGA2,1,126,0.7056907089315139,0.6272795351763873,,80.0
etching,NSGA2,1,127,0.7056907089315139,0.6305535947130064,,80.0
etching,NSGA2,1,128,0.7056907089315139,0.6374397858750986,,80.0
etching,NSGA2,1,129,0.7056907089315139,0.6404891722718323,,80.0
etching,NSGA2,1,130,0.7056907089315139,0.6369463828936646,,80.0
etching,NSGA2,1,131,0.7056907089315139,0.6402225671883356,,80.0
etching,NSGA2,1,132,0.7056907089315139,0.6370157251409699,,80.0
etching,NSGA2,1,133,0.7056907089315139,0.6337416656043507,,80.0
etching,NSGA2,1,134,0.7056907089315139,0.6336976089026876,,80.0
etching,NSGA2,1,135,0.7056907089315139,0.6337416656043507,,80.0
etching,NSGA2,1,136,0.7056907089315139,0.6371963415791921,,80.0
etching,NSGA2,1,137,0.7056907089315139,0.6407412557154115,,80.0
etching,NSGA2,1,138,0.7056907089315139,0.6407621516294846,,80.0
etching,NSGA2,1,139,0.7056907089315139,0.6371962014637266,,80.0
etching,NSGA2,1,140,0.7056907089315139,0.6407180949278214,,80.0
etching,NSGA2,1,141,0.7056907089315139,0.6403568620513772,,80.0
etching,NSGA2,1,142,0.7056907089315139,0.6370828025147581,,80.0
etching,NSGA2,1,143,0.7056907089315139,0.6371709159180845,,80.0
etching,NSGA2,1,144,0.7056907089315139,0.634010255330434,,80.0
etching,NSGA2,1,145,0.7056907089315139,0.6372149726197478,,80.0
etching,NSGA2,1,146,0.7056907089315139,0.6339409130831287,,80.0
etching,NSGA2,1,147,0.7056907089315139,0.6371015736707792,,80.0
etching,NSGA2,1,148,0.7056907089315139,0.6338253893761083,,80.0
etching,NSGA2,1,149,0.7056907089315139,0.6406675238365371,,80.0
etching,NSGA2,1,150,0.7056907089315139,0.644054982322125,,80.0
etching,NSGA2,1,151,0.7056907089315139,0.6403987939949886,,80.0
etching,NSGA2,1,152,0.7056907089315139,0.6404009187530404,,80.0
etching,NSGA2,1,153,0.7056907089315139,0.6472409284554175,,80.0
etching,NSGA2,1,154,0.7056907089315139,0.643922812217135,,80.0
etching,NSGA2,1,155,0.7056907089315139,0.640804083573096,,80.0
etching,NSGA2,1,156,0.7056907089315139,0.6379353136145844,,80.0
etching,NSGA2,1,157,0.7056907089315139,0.6343672386907746,,80.0
etching,NSGA2,1,158,0.7056907089315139,0.6340753480616357,,80.0
etching,NSGA2,1,159,0.7056907089315139,0.6340291666019207,,80.0
etching,NSGA2,1,160,0.7056907089315139,0.6304632164361628,,80.0
etching,NSGA2,1,161,0.7056907089315139,0.6271659961119533,,80.0
etching,NSGA2,1,162,0.7056907089315139,0.6274578867410923,,80.0
etching,NSGA2,1,163,0.7056907089315139,0.6241144849571677,,80.0
etching,NSGA2,1,164,0.7056907089315139,0.6172282937950756,,80.0
etching,NSGA2,1,165,0.7056907089315139,0.6168923464642735,,80.0
etching,NSGA2,1,166,0.7056907089315139,0.6168923464642735,,80.0
etching,NSGA2,1,167,0.7056907089315139,0.6236232067337856,,80.0
etching,NSGA2,1,168,0.7056907089315139,0.6200110751083125,,80.0
etching,NSGA2,1,169,0.7056907089315139,0.6200110751083125,,80.0
etching,NSGA2,1,170,0.7056907089315139,0.6232851346449316,,80.0
etching,NSGA2,1,171,0.7056907089315139,0.6301272691053605,,80.0
etching,NSGA2,1,172,0.7056907089315139,0.626447919990634,,80.0
etching,NSGA2,1,173,0.7056907089315139,0.6268091528670782,,80.0
etching,NSGA2,1,174,0.7056907089315139,0.6266957539181096,,80.0
etching,NSGA2,1,175,0.7056907089315139,0.6269876445472485,,80.0
etching,NSGA2,1,176,0.7056907089315139,0.627054862036502,,80.0
etching,NSGA2,1,177,0.7056907089315139,0.6234889118707441,,80.0
etching,NSGA2,1,178,0.7056907089315139,0.6269183022999432,,80.0
etching,NSGA2,1,179,0.7056907089315139,0.6303729782747844,,80.0
etching,NSGA2,1,180,0.7056907089315139,0.6301923618365622,,80.0
etching,NSGA2,1,181,0.7056907089315139,0.6301944865946141,,80.0
etching,NSGA2,1,182,0.7056907089315139,0.6266957539181096,,80.0
etching,NSGA2,1,183,0.7056907089315139,0.6301966113526658,,80.0
etching,NSGA2,1,184,0.7056907089315139,0.6306459576324366,,80.0
etching,NSGA2,1,185,0.7056907089315139,0.6304674659522662,,80.0
etching,NSGA2,1,186,0.7056907089315139,0.6270568466790883,,80.0
etching,NSGA2,1,187,0.7056907089315139,0.6303540670032978,,80.0
etching,NSGA2,1,188,0.7056907089315139,0.6270338260069636,,80.0
etching,NSGA2,1,189,0.7056907089315139,0.6236023108197125,,80.0
etching,NSGA2,1,190,0.7056907089315139,0.627283784692491,,80.0
etching,NSGA2,1,191,0.7056907089315139,0.6341237943948681,,80.0
etching,NSGA2,1,192,0.7056907089315139,0.6412346586968456,,80.0
etching,NSGA2,1,193,0.7056907089315139,0.6409427680677067,,80.0
etching,NSGA2,1,194,0.7056907089315139,0.6410561670166752,,80.0
etching,NSGA2,1,195,0.7056907089315139,0.6374440353912022,,80.0
etching,NSGA2,1,196,0.7056907089315139,0.6445548996931798,,80.0
etching,NSGA2,1,197,0.7056907089315139,0.6476064108479653,,80.0
etching,NSGA2,1,198,0.7056907089315139,0.6478983014771041,,80.0
etching,NSGA2,1,199,0.7056907089315139,0.6446242419404851,,80.0
etching,NSGA2,1,200,0.7056907089315139,0.6444876822039263,,80.0
etching,NSGA2,2,0,0.6762865926462563,0.5005831653746323,,3.0
etching,NSGA2,2,1,0.6762865926462563,0.5883922814629806,,2.0
etching,NSGA2,2,2,0.6762865926462563,0.6022437159513709,,4.0
etching,NSGA2,2,3,0.6767436658404378,0.6047311292233133,,4.0
etching,NSGA2,2,4,0.681723255498571,0.6072584633490696,,5.0
etching,NSGA2,2,5,0.6824492254581183,0.6298028051044365,,6.0
etching,NSGA2,2,6,0.6910002360658818,0.6407857371236183,,3.0
etching,NSGA2,2,7,0.6910002360658818,0.6415435881404215,,4.0
etching,NSGA2,2,8,0.6973893685438413,0.6632182647704565,,3.0
etching,NSGA2,2,9,0.7004465647779283,0.6584709602456101,,1.0
etching,NSGA2,2,10,0.7004465647779283,0.6495820947347001,,2.0
etching,NSGA2,2,11,0.70075867166232,0.6692071181008858,,4.0
etching,NSGA2,2,12,0.70075867166232,0.6688597389008686,,4.0
etching,NSGA2,2,13,0.70075867166232,0.6614169674790663,,5.0
etching,NSGA2,2,14,0.7019694010463211,0.6544714008081152,,6.0
etching,NSGA2,2,15,0.7033699545488961,0.6045822071641384,,5.0
etching,NSGA2,2,16,0.7033699545488961,0.6292058480114113,,6.0
etching,NSGA2,2,17,0.7033699545488961,0.6502650338009202,,7.0
etching,NSGA2,2,18,0.7033699545488961,0.6563985850636485,,11.0
etching,NSGA2,2,19,0.7033699545488961,0.6424424527603717,,21.0
etching,NSGA2,2,20,0.7041968664669016,0.6497526401019484,,37.0
etching,NSGA2,2,21,0.7041968664669016,0.6423255934835966,,51.0
etching,NSGA2,2,22,0.7041968664669016,0.6525878259924197,,69.0
etching,NSGA2,2,23,0.7041968664669016,0.6569063837187509,,80.0
etching,NSGA2,2,24,0.7041968664669016,0.6498605451560037,,80.0
etching,NSGA2,2,25,0.7041968664669016,0.6469162502344064,,80.0
etching,NSGA2,2,26,0.7041968664669016,0.6502513300673204,,80.0
etching,NSGA2,2,27,0.7041968664669016,0.6501985516801185,,80.0
etching,NSGA2,2,28,0.7041968664669016,0.6501457732929168,,80.0
etching,NSGA2,2,29,0.7041968664669016,0.6465794937175426,,80.0
etching,NSGA2,2,30,0.7041968664669016,0.642905997308013,,80.0
etching,NSGA2,2,31,0.7041968664669016,0.6381703446819312,,80.0
etching,NSGA2,2,32,0.7041968664669016,0.6314457465691496,,80.0
etching,NSGA2,2,33,0.7041968664669016,0.6315882272275948,,80.0
etching,NSGA2,2,34,0.7041968664669016,0.6282000305712172,,80.0
etching,NSGA2,2,35,0.7041968664669016,0.621574149505164,,80.0
etching,NSGA2,2,36,0.7041968664669016,0.6255154311049338,,80.0
etching,NSGA2,2,37,0.7041968664669016,0.6253211552465151,,80.0
etching,NSGA2,2,38,0.7041968664669016,0.6251796577752982,,80.0
etching,NSGA2,2,39,0.7041968664669016,0.6288729019422193,,80.0
etching,NSGA2,2,40,0.7041968664669016,0.6289188406017459,,80.0
etching,NSGA2,2,41,0.7041968664669016,0.6292766664994913,,80.0
etching,NSGA2,2,42,0.7041968664669016,0.6290914054165576,,80.0
etching,NSGA2,2,43,0.7041968664669016,0.6361896839302446,,80.0
etching,NSGA2,2,44,0.7041968664669016,0.6468645784182808,,80.0
etching,NSGA2,2,45,0.7041968664669016,0.6474098404467696,,80.0
etching,NSGA2,2,46,0.7041968664669016,0.644163141261609,,80.0
etching,NSGA2,2,47,0.7041968664669016,0.6443784865009092,,80.0
etching,NSGA2,2,48,0.7041968664669016,0.6481335238305169,,80.0
etching,NSGA2,2,49,0.7041968664669016,0.6512545800476207,,80.0
etching,NSGA2,2,50,0.7041968664669016,0.6477766811199999,,80.0
etching,NSGA2,2,51,0.7041968664669016,0.6479920263593001,,80.0
etching,NSGA2,2,52,0.7041968664669016,0.64812766729007,,80.0
etching,NSGA2,2,53,0.7041968664669016,0.6411100762721416,,80.0
etching,NSGA2,2,54,0.7041968664669016,0.6449548158729927,,80.0
etching,NSGA2,2,55,0.7041968664669016,0.6515100074060006,,80.0
etching,NSGA2,2,56,0.7041968664669016,0.6514112903592724,,80.0
etching,NSGA2,2,57,0.7041968664669016,0.647843689160408,,80.0
etching,NSGA2,2,58,0.7041968664669016,0.6441345904903268,,80.0
etching,NSGA2,2,59,0.7041968664669016,0.6510544476487553,,80.0
etching,NSGA2,2,60,0.7041968664669016,0.6510634624242402,,80.0
etching,NSGA2,2,61,0.7041968664669016,0.6512946621667004,,80.0
etching,NSGA2,2,62,0.7041968664669016,0.6548253394815232,,80.0
etching,NSGA2,2,63,0.7041968664669016,0.6583032384091441,,80.0
etching,NSGA2,2,64,0.7041968664669016,0.6617442134527234,,80.0
etching,NSGA2,2,65,0.7041968664669016,0.6579981908986005,,80.0
etching,NSGA2,2,66,0.7050733271149731,0.6579284591609429,,80.0
etching,NSGA2,2,67,0.7050733271149731,0.6580699566321598,,80.0
etching,NSGA2,2,68,0.7050733271149731,0.654548294092822,,80.0
etching,NSGA2,2,69,0.7050733271149731,0.6552629627010844,,80.0
etching,NSGA2,2,70,0.7050733271149731,0.6550159084554641,,80.0
etching,NSGA2,2,71,0.7050733271149731,0.6557167819483086,,80.0
etching,NSGA2,2,72,0.7050733271149731,0.655664003561107,,80.0
etching,NSGA2,2,73,0.7050733271149731,0.652656736179258,,80.0
etching,NSGA2,2,74,0.7050733271149731,0.648695368385835,,80.0
etching,NSGA2,2,75,0.7050733271149731,0.6520238312672682,,80.0
etching,NSGA2,2,76,0.7050733271149731,0.6522022526225266,,80.0
etching,NSGA2,2,77,0.7050733271149731,0.6450680334120262,,80.0
etching,NSGA2,2,78,0.7050733271149731,0.644701192738796,,80.0
etching,NSGA2,2,79,0.7050733271149731,0.6449892868988838,,80.0
etching,NSGA2,2,80,0.7050733271149731,0.6447490723809386,,80.0
etching,NSGA2,2,81,0.7050733271149731,0.6482359860840443,,80.0
etching,NSGA2,2,82,0.7050733271149731,0.6553542351313173,,80.0
etching,NSGA2,2,83,0.7050733271149731,0.6554867178270491,,80.0
etching,NSGA2,2,84,0.7050733271149731,0.6520457427834698,,80.0
etching,NSGA2,2,85,0.7050733271149731,0.6523756595726585,,80.0
etching,NSGA2,2,86,0.7050733271149731,0.6493073817427565,,80.0
etching,NSGA2,2,87,0.7050733271149731,0.6528949534752065,,80.0
etching,NSGA2,2,88,0.7050733271149731,0.6531830476352943,,80.0
etching,NSGA2,2,89,0.7050733271149731,0.6603272648085079,,80.0
etching,NSGA2,2,90,0.7050733271149731,0.6566709445256285,,80.0
etching,NSGA2,2,91,0.7050733271149731,0.6599154686629793,,80.0
etching,NSGA2,2,92,0.7050733271149731,0.6568044104085886,,80.0
etching,NSGA2,2,93,0.7050733271149731,0.6604179502669795,,80.0
etching,NSGA2,2,94,0.7050733271149731,0.6603561571042929,,80.0
etching,NSGA2,2,95,0.7050733271149731,0.6566898388587001,,80.0
etching,NSGA2,2,96,0.7050733271149731,0.6603602731347186,,80.0
etching,NSGA2,2,97,0.7050733271149731,0.6639218767412279,,80.0
etching,NSGA2,2,98,0.7050733271149731,0.6606513844779364,,80.0
etching,NSGA2,2,99,0.7050733271149731,0.6605944900603088,,80.0
etching,NSGA2,2,100,0.7050733271149731,0.6602514424652096,,80.0
etching,NSGA2,2,101,0.7050733271149731,0.6566020775700728,,80.0
etching,NSGA2,2,102,0.7050733271149731,0.656582107036487,,80.0
etching,NSGA2,2,103,0.7050733271149731,0.6568871545470306,,80.0
etching,NSGA2,2,104,0.7050733271149731,0.6532139965737628,,80.0
etching,NSGA2,2,105,0.7050733271149731,0.6530355752185042,,80.0
etching,NSGA2,2,106,0.7050733271149731,0.6566190309205286,,80.0
etching,NSGA2,2,107,0.7050733271149731,0.6568792159720597,,80.0
etching,NSGA2,2,108,0.7050733271149731,0.6567416340586737,,80.0
etching,NSGA2,2,109,0.7050733271149731,0.6602433260644256,,80.0
etching,NSGA2,2,110,0.7050733271149731,0.6601127843513097,,80.0
etching,NSGA2,2,111,0.7050733271149731,0.6560089358994414,,80.0
etching,NSGA2,2,112,0.7051701787678035,0.6552920824553016,,80.0
etching,NSGA2,2,113,0.7051701787678035,0.651888031295764,,80.0
etching,NSGA2,2,114,0.7051701787678035,0.6559941665938066,,80.0
etching,NSGA2,2,115,0.7051701787678035,0.6560401052533331,,80.0
etching,NSGA2,2,116,0.7051701787678035,0.6558021775815623,,80.0
etching,NSGA2,2,117,0.7051701787678035,0.652234576382698,,80.0
etching,NSGA2,2,118,0.7051701787678035,0.6521796229476864,,80.0
etching,NSGA2,2,119,0.7051701787678035,0.6523792254821912,,80.0
etching,NSGA2,2,120,0.7051701787678035,0.6557314814417554,,80.0
etching,NSGA2,2,121,0.7051701787678035,0.6487229051993119,,80.0
etching,NSGA2,2,122,0.7051701787678035,0.6522467427864592,,80.0
etching,NSGA2,2,123,0.7051701787678035,0.6523823837172292,,80.0
etching,NSGA2,2,124,0.7051701787678035,0.6493284473388983,,80.0
etching,NSGA2,2,125,0.7051701787678035,0.6493812257260999,,80.0
etching,NSGA2,2,126,0.7051701787678035,0.6492028043708414,,80.0
etching,NSGA2,2,127,0.7051701787678035,0.6493564682458196,,80.0
etching,NSGA2,2,128,0.7051701787678035,0.6494214130367826,,80.0
etching,NSGA2,2,129,0.7051701787678035,0.6529574170276914,,80.0
etching,NSGA2,2,130,0.7051701787678035,0.6527721559447576,,80.0
etching,NSGA2,2,131,0.7051701787678035,0.6528830393952473,,80.0
etching,NSGA2,2,132,0.7051701787678035,0.6494848447761565,,80.0
etching,NSGA2,2,133,0.7051701787678035,0.6494879964044329,,80.0
etching,NSGA2,2,134,0.7051701787678035,0.6460898017853423,,80.0
etching,NSGA2,2,135,0.7051701787678035,0.6458216781588403,,80.0
etching,NSGA2,2,136,0.7051701787678035,0.6533349044463322,,80.0
etching,NSGA2,2,137,0.7051701787678035,0.6569115204206815,,80.0
etching,NSGA2,2,138,0.7051701787678035,0.660845962292776,,80.0
etching,NSGA2,2,139,0.7051701787678035,0.6574577656363985,,80.0
etching,NSGA2,2,140,0.7051701787678035,0.6573590485896702,,80.0
etching,NSGA2,2,141,0.7051701787678035,0.6537027283067907,,80.0
etching,NSGA2,2,142,0.7051701787678035,0.6569615938957126,,80.0
etching,NSGA2,2,143,0.7051701787678035,0.6639332462541145,,80.0
etching,NSGA2,2,144,0.7051701787678035,0.6636439414483665,,80.0
etching,NSGA2,2,145,0.7051701787678035,0.6632649343713748,,80.0
etching,NSGA2,2,146,0.7051701787678035,0.6597870354437539,,80.0
etching,NSGA2,2,147,0.7051701787678035,0.6565366481591945,,80.0
etching,NSGA2,2,148,0.7051701787678035,0.6601448613414993,,80.0
etching,NSGA2,2,149,0.7051701787678035,0.6602805022722693,,80.0
etching,NSGA2,2,150,0.7051701787678035,0.6600123786457673,,80.0
etching,NSGA2,2,151,0.7051701787678035,0.6530993612150141,,80.0
etching,NSGA2,2,152,0.7051701787678035,0.6528750012002289,,80.0
etching,NSGA2,2,153,0.7051701787678035,0.6529141001320804,,80.0
etching,NSGA2,2,154,0.7051701787678035,0.6533606451138407,,80.0
etching,NSGA2,2,155,0.7051701787678035,0.6606531994859465,,80.0
etching,NSGA2,2,156,0.7051701787678035,0.6566353652059228,,80.0
etching,NSGA2,2,157,0.7051701787678035,0.6570043743202012,,80.0
etching,NSGA2,2,158,0.7051701787678035,0.6568840580282305,,80.0
etching,NSGA2,2,159,0.7051701787678035,0.6601925503760778,,80.0
etching,NSGA2,2,160,0.7051701787678035,0.6640372899769289,,80.0
etching,NSGA2,2,161,0.7051701787678035,0.6675521127885915,,80.0
etching,NSGA2,2,162,0.7051701787678035,0.6640953950402169,,80.0
etching,NSGA2,2,163,0.7051701787678035,0.6571237426818148,,80.0
etching,NSGA2,2,164,0.7051701787678035,0.6532140582900008,,80.0
etching,NSGA2,2,165,0.7051701787678035,0.6499304352207984,,80.0
etching,NSGA2,2,166,0.7051701787678035,0.6499304352207984,,80.0
etching,NSGA2,2,167,0.7051701787678035,0.6462519505714445,,80.0
etching,NSGA2,2,168,0.7051701787678035,0.6534177669899004,,80.0
etching,NSGA2,2,169,0.7051701787678035,0.6535164840366287,,80.0
etching,NSGA2,2,170,0.7051701787678035,0.6500138276287274,,80.0
etching,NSGA2,2,171,0.7051701787678035,0.6470036548621133,,80.0
etching,NSGA2,2,172,0.7051701787678035,0.6433071406617895,,80.0
etching,NSGA2,2,173,0.7051701787678035,0.6499904714016715,,80.0
etching,NSGA2,2,174,0.7051701787678035,0.6532809341985489,,80.0
etching,NSGA2,2,175,0.7051701787678035,0.6571378402031615,,80.0
etching,NSGA2,2,176,0.7051701787678035,0.6571284073616802,,80.0
etching,NSGA2,2,177,0.7051701787678035,0.6535396249835698,,80.0
etching,NSGA2,2,178,0.7051701787678035,0.6495718355284678,,80.0
etching,NSGA2,2,179,0.7051701787678035,0.6566701140421547,,80.0
etching,NSGA2,2,180,0.7051701787678035,0.6567160527016813,,80.0
etching,NSGA2,2,181,0.7051701787678035,0.656783172540454,,80.0
etching,NSGA2,2,182,0.7051701787678035,0.6606400785450666,,80.0
etching,NSGA2,2,183,0.7051701787678035,0.6568571321069021,,80.0
etching,NSGA2,2,184,0.7051701787678035,0.6565799937049152,,80.0
etching,NSGA2,2,185,0.7051701787678035,0.6566687127889302,,80.0
etching,NSGA2,2,186,0.7051701787678035,0.656789029080901,,80.0
etching,NSGA2,2,187,0.7051701787678035,0.6568999125313907,,80.0
etching,NSGA2,2,188,0.7051701787678035,0.656989614802634,,80.0
etching,NSGA2,2,189,0.7051701787678035,0.6569806000271491,,80.0
etching,NSGA2,2,190,0.7051701787678035,0.6602800775995114,,80.0
etching,NSGA2,2,191,0.7051701787678035,0.6638476787983757,,80.0
etching,NSGA2,2,192,0.7051701787678035,0.6600894898404916,,80.0
etching,NSGA2,2,193,0.7051701787678035,0.6527758660875044,,80.0
etching,NSGA2,2,194,0.7051701787678035,0.6526370735284581,,80.0
etching,NSGA2,2,195,0.7051701787678035,0.6561518963401206,,80.0
etching,NSGA2,2,196,0.7051701787678035,0.6604274382179369,,80.0
etching,NSGA2,2,197,0.7051701787678035,0.6639846233880918,,80.0
etching,NSGA2,2,198,0.7051701787678035,0.6602755247180108,,80.0
etching,NSGA2,2,199,0.7051701787678035,0.663917085483323,,80.0
etching,NSGA2,2,200,0.7051701787678035,0.6571275425795784,,80.0
etching,NSGA2,3,0,0.6731912101480202,0.4894858704378084,,5.0
etching,NSGA2,3,1,0.6834141094458505,0.528857011237385,,7.0
etching,NSGA2,3,2,0.6834141094458505,0.5519140760079064,,5.0
etching,NSGA2,3,3,0.6942575034144894,0.5484094774861494,,5.0
etching,NSGA2,3,4,0.6977992283445111,0.5541947563272321,,3.0
etching,NSGA2,3,5,0.6977992283445111,0.5740361078811743,,3.0
etching,NSGA2,3,6,0.6977992283445111,0.5747386148436651,,3.0
etching,NSGA2,3,7,0.6999210646347964,0.5852718984498373,,3.0
etching,NSGA2,3,8,0.6999210646347964,0.6088607186913494,,4.0
etching,NSGA2,3,9,0.6999210646347964,0.6238262727221118,,4.0
etching,NSGA2,3,10,0.6999409826566267,0.6488942086582568,,5.0
etching,NSGA2,3,11,0.6999409826566267,0.6385356582120247,,7.0
etching,NSGA2,3,12,0.7026275894828784,0.6263793948327749,,5.0
etching,NSGA2,3,13,0.7026275894828784,0.6629626255178337,,5.0
etching,NSGA2,3,14,0.7026275894828784,0.6589217759077455,,5.0
etching,NSGA2,3,15,0.7026275894828784,0.68391101449243,,5.0
etching,NSGA2,3,16,0.7029541029418502,0.6863423544256195,,7.0
etching,NSGA2,3,17,0.7035672141147209,0.6831716943480552,,5.0
etching,NSGA2,3,18,0.7069013712528311,0.679951892265921,,5.0
etching,NSGA2,3,19,0.7069013712528311,0.669245229848757,,8.0
etching,NSGA2,3,20,0.7069013712528311,0.6574771303223594,,14.0
etching,NSGA2,3,21,0.7069013712528311,0.6815889511808232,,28.0
etching,NSGA2,3,22,0.7069013712528311,0.6754359978039082,,51.0
etching,NSGA2,3,23,0.7069013712528311,0.6851718463812626,,74.0
etching,NSGA2,3,24,0.7069013712528311,0.6915516232460527,,80.0
etching,NSGA2,3,25,0.7069013712528311,0.6922068125852011,,80.0
etching,NSGA2,3,26,0.7069013712528311,0.6926259486578656,,80.0
etching,NSGA2,3,27,0.7069013712528311,0.6929272618978248,,80.0
etching,NSGA2,3,28,0.7069013712528311,0.6895918452369038,,80.0
etching,NSGA2,3,29,0.7069013712528311,0.6897428655241036,,80.0
etching,NSGA2,3,30,0.7069013712528311,0.6832301283810246,,80.0
etching,NSGA2,3,31,0.7069013712528311,0.6832301283810246,,80.0
etching,NSGA2,3,32,0.7069013712528311,0.6758466489725625,,80.0
etching,NSGA2,3,33,0.7069013712528311,0.6723736364731275,,80.0
etching,NSGA2,3,34,0.7069013712528311,0.6690389471466469,,80.0
etching,NSGA2,3,35,0.7069013712528311,0.669038947146647,,80.0
etching,NSGA2,3,36,0.7069013712528311,0.6623688411592454,,80.0
etching,NSGA2,3,37,0.7069013712528311,0.6623554167105594,,80.0
etching,NSGA2,3,38,0.7069013712528311,0.6621454850070068,,80.0
etching,NSGA2,3,39,0.7069013712528311,0.6553314346239686,,80.0
etching,NSGA2,3,40,0.7069013712528311,0.6525598257657892,,80.0
etching,NSGA2,3,41,0.7069013712528311,0.6490741161521087,,80.0
etching,NSGA2,3,42,0.7069013712528311,0.6424699974726231,,80.0
etching,NSGA2,3,43,0.7069013712528311,0.6458046867991036,,80.0
etching,NSGA2,3,44,0.7069013712528311,0.6421813813469093,,80.0
etching,NSGA2,3,45,0.7069013712528311,0.6384864673641168,,80.0
etching,NSGA2,3,46,0.7069013712528311,0.6350007577504366,,80.0
etching,NSGA2,3,47,0.7069013712528311,0.6387616590411447,,80.0
etching,NSGA2,3,48,0.706910697971957,0.6421617249250897,,80.0
etching,NSGA2,3,49,0.706910697971957,0.6387546997335706,,80.0
etching,NSGA2,3,50,0.706910697971957,0.6356293313601912,,80.0
etching,NSGA2,3,51,0.706910697971957,0.6422334500396768,,80.0
etching,NSGA2,3,52,0.706910697971957,0.6425936746959887,,80.0
etching,NSGA2,3,53,0.706910697971957,0.6425936746959886,,80.0
etching,NSGA2,3,54,0.706910697971957,0.6425936746959886,,80.0
etching,NSGA2,3,55,0.706910697971957,0.6461448774511226,,80.0
etching,NSGA2,3,56,0.706910697971957,0.6461968295599009,,80.0
etching,NSGA2,3,57,0.706910697971957,0.6496103198925318,,80.0
etching,NSGA2,3,58,0.706910697971957,0.653017345084051,,80.0
etching,NSGA2,3,59,0.706910697971957,0.6568499714893463,,80.0
etching,NSGA2,3,60,0.706910697971957,0.6535805421363412,,80.0
etching,NSGA2,3,61,0.706910697971957,0.651011789090151,,80.0
etching,NSGA2,3,62,0.706910697971957,0.6440537943114762,,80.0
etching,NSGA2,3,63,0.706910697971957,0.6436936862391535,,80.0
etching,NSGA2,3,64,0.706910697971957,0.6441192874529297,,80.0
etching,NSGA2,3,65,0.706910697971957,0.6476773329316486,,80.0
etching,NSGA2,3,66,0.706910697971957,0.6476773329316486,,80.0
etching,NSGA2,3,67,0.706910697971957,0.6479654548909,,80.0
etching,NSGA2,3,68,0.706910697971957,0.6478215104952636,,80.0
etching,NSGA2,3,69,0.706910697971957,0.6517329379067093,,80.0
etching,NSGA2,3,70,0.7079580579356844,0.6367755436039142,,80.0
etching,NSGA2,3,71,0.7079580579356844,0.6335061142509091,,80.0
etching,NSGA2,3,72,0.7079580579356844,0.6298041243765533,,80.0
etching,NSGA2,3,73,0.7079580579356844,0.6401100170652444,,80.0
etching,NSGA2,3,74,0.7079580579356844,0.6471599048496162,,80.0
etching,NSGA2,3,75,0.7079580579356844,0.6506588230468322,,80.0
etching,NSGA2,3,76,0.7079580579356844,0.6542951212174121,,80.0
etching,NSGA2,3,77,0.7079580579356844,0.6577021464089311,,80.0
etching,NSGA2,3,78,0.7079580579356844,0.6610500443189473,,80.0
etching,NSGA2,3,79,0.7079580579356844,0.6649153198644475,,80.0
etching,NSGA2,3,80,0.7079580579356844,0.6687744627179756,,80.0
etching,NSGA2,3,81,0.7079580579356844,0.6657274463176179,,80.0
etching,NSGA2,3,82,0.7079580579356844,0.6659630678538011,,80.0
etching,NSGA2,3,83,0.7079580579356844,0.6660354037188398,,80.0
etching,NSGA2,3,84,0.7079580579356844,0.6662446080879517,,80.0
etching,NSGA2,3,85,0.7079580579356844,0.6631127745734605,,80.0
etching,NSGA2,3,86,0.7079580579356844,0.6628444429228456,,80.0
etching,NSGA2,3,87,0.7079580579356844,0.6660351878536895,,80.0
etching,NSGA2,3,88,0.7079580579356844,0.6625362696564735,,80.0
etching,NSGA2,3,89,0.7079580579356844,0.6624575852343122,,80.0
etching,NSGA2,3,90,0.7079580579356844,0.6660217634050035,,80.0
etching,NSGA2,3,91,0.7079580579356844,0.6656749631973776,,80.0
etching,NSGA2,3,92,0.7079580579356844,0.6658189075930143,,80.0
etching,NSGA2,3,93,0.7079580579356844,0.6658912434580528,,80.0
etching,NSGA2,3,94,0.7079580579356844,0.6624189582930585,,80.0
etching,NSGA2,3,95,0.7079580579356844,0.6587039757003175,,80.0
etching,NSGA2,3,96,0.7079580579356844,0.6519356281500962,,80.0
etching,NSGA2,3,97,0.7079580579356844,0.6554213377637766,,80.0
etching,NSGA2,3,98,0.7079580579356844,0.6555132307694735,,80.0
etching,NSGA2,3,99,0.7079580579356844,0.6589987245180037,,80.0
etching,NSGA2,3,100,0.7079580579356844,0.6588415715388314,,80.0
etching,NSGA2,3,101,0.7079580579356844,0.655231690535323,,80.0
etching,NSGA2,3,102,0.7079580579356844,0.6547206614569616,,80.0
etching,NSGA2,3,103,0.7079580579356844,0.6579184822793687,,80.0
etching,NSGA2,3,104,0.7079580579356844,0.6650991058758415,,80.0
etching,NSGA2,3,105,0.7079580579356844,0.6616920806843224,,80.0
etching,NSGA2,3,106,0.7079580579356844,0.6615549963150987,,80.0
etching,NSGA2,3,107,0.7079580579356844,0.66511917448579,,80.0
etching,NSGA2,3,108,0.7079580579356844,0.6649947872308118,,80.0
etching,NSGA2,3,109,0.7079580579356844,0.66173243376937,,80.0
etching,NSGA2,3,110,0.7079580579356844,0.661738998191643,,80.0
etching,NSGA2,3,111,0.7079580579356844,0.6618829425872795,,80.0
etching,NSGA2,3,112,0.7079580579356844,0.6618103908570906,,80.0
etching,NSGA2,3,113,0.7079580579356844,0.6586062214775608,,80.0
etching,NSGA2,3,114,0.7079580579356844,0.6582391367948359,,80.0
etching,NSGA2,3,115,0.7079580579356844,0.6549829160253664,,80.0
etching,NSGA2,3,116,0.7079580579356844,0.6551857718373557,,80.0
etching,NSGA2,3,117,0.7079580579356844,0.6551662146966974,,80.0
etching,NSGA2,3,118,0.7079580579356844,0.6548714658790111,,80.0
etching,NSGA2,3,119,0.7079580579356844,0.6550222703010607,,80.0
etching,NSGA2,3,120,0.7079580579356844,0.6549958531339894,,80.0
etching,NSGA2,3,121,0.7079580579356844,0.6587631029818204,,80.0
etching,NSGA2,3,122,0.7079580579356844,0.6546949716243309,,80.0
etching,NSGA2,3,123,0.7079580579356844,0.6584817786128202,,80.0
etching,NSGA2,3,124,0.7079580579356844,0.6652501261630415,,80.0
etching,NSGA2,3,125,0.7079580579356844,0.6685918913810852,,80.0
etching,NSGA2,3,126,0.7079580579356844,0.6650274973452435,,80.0
etching,NSGA2,3,127,0.7079580579356844,0.6651193903509405,,80.0
etching,NSGA2,3,128,0.7079580579356844,0.6681857480268061,,80.0
etching,NSGA2,3,129,0.7079580579356844,0.6679694677661308,,80.0
etching,NSGA2,3,130,0.7079580579356844,0.6642809023404611,,80.0
etching,NSGA2,3,131,0.7079580579356844,0.6607032997210838,,80.0
etching,NSGA2,3,132,0.7079580579356844,0.6539545093115209,,80.0
etching,NSGA2,3,133,0.7079580579356844,0.6503514883344254,,80.0
etching,NSGA2,3,134,0.7079580579356844,0.6502862283609501,,80.0
etching,NSGA2,3,135,0.7079580579356844,0.647016799007945,,80.0
etching,NSGA2,3,136,0.7079580579356844,0.650345355642453,,80.0
etching,NSGA2,3,137,0.7079580579356844,0.6505484273195926,,80.0
etching,NSGA2,3,138,0.7079580579356844,0.6505484273195926,,80.0
etching,NSGA2,3,139,0.7079580579356844,0.650266887085442,,80.0
etching,NSGA2,3,140,0.7079580579356844,0.6472135221279618,,80.0
etching,NSGA2,3,141,0.7079580579356844,0.6403207873227623,,80.0
etching,NSGA2,3,142,0.7079580579356844,0.6470627177059123,,80.0
etching,NSGA2,3,143,0.7079580579356844,0.6502534626367561,,80.0
etching,NSGA2,3,144,0.7079580579356844,0.6469769573921876,,80.0
etching,NSGA2,3,145,0.7079580579356844,0.6433737205499419,,80.0
etching,NSGA2,3,146,0.7079580579356844,0.6432297761543053,,80.0
etching,NSGA2,3,147,0.7079580579356844,0.6401042911969368,,80.0
etching,NSGA2,3,148,0.7079580579356844,0.6363370413491058,,80.0
etching,NSGA2,3,149,0.7079580579356844,0.6402480197274232,,80.0
etching,NSGA2,3,150,0.7079580579356844,0.6406214529672706,,80.0
etching,NSGA2,3,151,0.7079580579356844,0.6440937381322651,,80.0
etching,NSGA2,3,152,0.7079580579356844,0.6437530706166117,,80.0
etching,NSGA2,3,153,0.708857916443046,0.6469420710604121,,80.0
etching,NSGA2,3,154,0.708857916443046,0.6470256551567927,,80.0
etching,NSGA2,3,155,0.708857916443046,0.6398452474254703,,80.0
etching,NSGA2,3,156,0.708857916443046,0.6367395354739103,,80.0
etching,NSGA2,3,157,0.708857916443046,0.6367395354739103,,80.0
etching,NSGA2,3,158,0.708857916443046,0.6406749706671053,,80.0
etching,NSGA2,3,159,0.708857916443046,0.6408433718776196,,80.0
etching,NSGA2,3,160,0.708857916443046,0.644347189749055,,80.0
etching,NSGA2,3,161,0.708857916443046,0.6513949013160829,,80.0
etching,NSGA2,3,162,0.708857916443046,0.6618498539397801,,80.0
etching,NSGA2,3,163,0.708857916443046,0.6620856913411137,,80.0
etching,NSGA2,3,164,0.708857916443046,0.6628843933455982,,80.0
etching,NSGA2,3,165,0.708857916443046,0.6666822327002793,,80.0
etching,NSGA2,3,166,0.708857916443046,0.66656252925437,,80.0
etching,NSGA2,3,167,0.708857916443046,0.6667768491628514,,80.0
etching,NSGA2,3,168,0.708857916443046,0.6635248007331607,,80.0
etching,NSGA2,3,169,0.708857916443046,0.6634084509125862,,80.0
etching,NSGA2,3,170,0.708857916443046,0.663690207011887,,80.0
etching,NSGA2,3,171,0.708857916443046,0.6601260288411955,,80.0
etching,NSGA2,3,172,0.708857916443046,0.6599036158885481,,80.0
etching,NSGA2,3,173,0.708857916443046,0.6599034000233976,,80.0
etching,NSGA2,3,174,0.708857916443046,0.6598799777881144,,80.0
etching,NSGA2,3,175,0.708857916443046,0.6603369951243426,,80.0
etching,NSGA2,3,176,0.708857916443046,0.6601932665938562,,80.0
etching,NSGA2,3,177,0.708857916443046,0.6600556707553424,,80.0
etching,NSGA2,3,178,0.708857916443046,0.6597362492576282,,80.0
etching,NSGA2,3,179,0.708857916443046,0.6566352211151372,,80.0
etching,NSGA2,3,180,0.708857916443046,0.6525468052825487,,80.0
etching,NSGA2,3,181,0.708857916443046,0.6559293736591901,,80.0
etching,NSGA2,3,182,0.708857916443046,0.6594150832728707,,80.0
etching,NSGA2,3,183,0.708857916443046,0.6596690289319591,,80.0
etching,NSGA2,3,184,0.708857916443046,0.6635392041516788,,80.0
etching,NSGA2,3,185,0.708857916443046,0.6634626959468614,,80.0
etching,NSGA2,3,186,0.708857916443046,0.6635167076889947,,80.0
etching,NSGA2,3,187,0.708857916443046,0.6633136360118551,,80.0
etching,NSGA2,3,188,0.708857916443046,0.6703503152126913,,80.0
etching,NSGA2,3,189,0.708857916443046,0.6705123678660829,,80.0
etching,NSGA2,3,190,0.708857916443046,0.6700441022985127,,80.0
etching,NSGA2,3,191,0.708857916443046,0.6667502161306299,,80.0
etching,NSGA2,3,192,0.708857916443046,0.6701554968351058,,80.0
etching,NSGA2,3,193,0.708857916443046,0.6732289304025346,,80.0
etching,NSGA2,3,194,0.708857916443046,0.6765572711718925,,80.0
etching,NSGA2,3,195,0.708857916443046,0.6762412763362668,,80.0
etching,NSGA2,3,196,0.708857916443046,0.6765902527612366,,80.0
etching,NSGA2,3,197,0.708857916443046,0.6731698031210316,,80.0
etching,NSGA2,3,198,0.708857916443046,0.6733137475166682,,80.0
etching,NSGA2,3,199,0.708857916443046,0.6730800863326787,,80.0
etching,NSGA2,3,200,0.708857916443046,0.6733073989595455,,80.0
etching,NSGA2,4,0,0.6649942539155458,0.5292920601053639,,5.0
etching,NSGA2,4,1,0.6684132398526932,0.5774778282818025,,4.0
etching,NSGA2,4,2,0.6745768656485972,0.5971506857965799,,4.0
etching,NSGA2,4,3,0.6885156068903278,0.5991966964733402,,3.0
etching,NSGA2,4,4,0.6885156068903278,0.6019789556967167,,5.0
etching,NSGA2,4,5,0.6885156068903278,0.5910482214607301,,4.0
etching,NSGA2,4,6,0.6885156068903278,0.6056659427352094,,7.0
etching,NSGA2,4,7,0.690781616708419,0.6067959689520634,,5.0
etching,NSGA2,4,8,0.6913870113260134,0.6345087788045267,,4.0
etching,NSGA2,4,9,0.6913870113260134,0.6408842840562248,,5.0
etching,NSGA2,4,10,0.6932073318164934,0.6415366978637714,,5.0
etching,NSGA2,4,11,0.6935560115343025,0.6430778526527663,,4.0
etching,NSGA2,4,12,0.699797417164392,0.6409747937056135,,4.0
etching,NSGA2,4,13,0.699797417164392,0.6350047158903569,,6.0
etching,NSGA2,4,14,0.702092996341404,0.6309333560515166,,8.0
etching,NSGA2,4,15,0.702092996341404,0.6495023853615527,,8.0
etching,NSGA2,4,16,0.7021365824723887,0.6605314476968646,,8.0
etching,NSGA2,4,17,0.7021365824723887,0.6509040530727509,,10.0
etching,NSGA2,4,18,0.7021365824723887,0.6523243923909797,,15.0
etching,NSGA2,4,19,0.7025457631784391,0.6519776069388963,,17.0
etching,NSGA2,4,20,0.7025457631784391,0.6552401219751758,,20.0
etching,NSGA2,4,21,0.7025457631784391,0.657478145402922,,35.0
etching,NSGA2,4,22,0.7025457631784391,0.6574938501324826,,48.0
etching,NSGA2,4,23,0.7025457631784391,0.6709028471721113,,66.0
etching,NSGA2,4,24,0.7025457631784391,0.6807071131767886,,80.0
etching,NSGA2,4,25,0.7025457631784391,0.6776296043288823,,80.0
etching,NSGA2,4,26,0.7025457631784391,0.6744168440801047,,80.0
etching,NSGA2,4,27,0.7025457631784391,0.6711578954223054,,80.0
etching,NSGA2,4,28,0.7025457631784391,0.668148505012767,,80.0
etching,NSGA2,4,29,0.7035593532824507,0.6617236717150334,,80.0
etching,NSGA2,4,30,0.7035593532824507,0.6586038472396207,,80.0
etching,NSGA2,4,31,0.7035593532824507,0.6551634587719282,,80.0
etching,NSGA2,4,32,0.7035593532824507,0.6584349490615273,,80.0
etching,NSGA2,4,33,0.7035593532824507,0.6587555130538071,,80.0
etching,NSGA2,4,34,0.7035593532824507,0.6621959015214998,,80.0
etching,NSGA2,4,35,0.7035593532824507,0.6594978149511952,,80.0
etching,NSGA2,4,36,0.7035593532824507,0.6568151573183412,,80.0
etching,NSGA2,4,37,0.7035593532824507,0.6567194624838258,,80.0
etching,NSGA2,4,38,0.7035593532824507,0.6568887548350222,,80.0
etching,NSGA2,4,39,0.7035593532824507,0.6539113360207499,,80.0
etching,NSGA2,4,40,0.7046571307041285,0.6539426847755307,,80.0
etching,NSGA2,4,41,0.7046571307041285,0.6504303967947374,,80.0
etching,NSGA2,4,42,0.7046571307041285,0.6508268227688638,,80.0
etching,NSGA2,4,43,0.7046571307041285,0.6511643904576683,,80.0
etching,NSGA2,4,44,0.7046571307041285,0.6480033342339436,,80.0
etching,NSGA2,4,45,0.7046571307041285,0.6447752732922158,,80.0
etching,NSGA2,4,46,0.7046571307041285,0.6484696820728943,,80.0
etching,NSGA2,4,47,0.7046571307041285,0.6481398579275686,,80.0
etching,NSGA2,4,48,0.7046571307041285,0.6482377503616432,,80.0
etching,NSGA2,4,49,0.7046571307041285,0.6522828913034113,,80.0
etching,NSGA2,4,50,0.7046571307041285,0.6557089347128479,,80.0
etching,NSGA2,4,51,0.7046571307041285,0.6560035639336607,,80.0
etching,NSGA2,4,52,0.7046571307041285,0.6590667277233108,,80.0
etching,NSGA2,4,53,0.7046571307041285,0.6627566744392643,,80.0
etching,NSGA2,4,54,0.7046571307041285,0.6593031214992868,,80.0
etching,NSGA2,4,55,0.7046571307041285,0.663403839247623,,80.0
etching,NSGA2,4,56,0.7046571307041285,0.6633823083913742,,80.0
etching,NSGA2,4,57,0.7046571307041285,0.666724804424992,,80.0
etching,NSGA2,4,58,0.7046571307041285,0.6668562432134069,,80.0
etching,NSGA2,4,59,0.7046571307041285,0.6672526691875333,,80.0
etching,NSGA2,4,60,0.7046571307041285,0.6671938109022115,,80.0
etching,NSGA2,4,61,0.7046571307041285,0.663808999241087,,80.0
etching,NSGA2,4,62,0.7046571307041285,0.6602444544897491,,80.0
etching,NSGA2,4,63,0.7046571307041285,0.6601432805769207,,80.0
etching,NSGA2,4,64,0.7046571307041285,0.6635869505233669,,80.0
etching,NSGA2,4,65,0.7046571307041285,0.6605193828184989,,80.0
etching,NSGA2,4,66,0.7046571307041285,0.6603946036943683,,80.0
etching,NSGA2,4,67,0.7046571307041285,0.656905797680371,,80.0
etching,NSGA2,4,68,0.7046571307041285,0.6566204286126041,,80.0
etching,NSGA2,4,69,0.7046571307041285,0.6569487361483628,,80.0
etching,NSGA2,4,70,0.7046571307041285,0.6571714077065678,,80.0
etching,NSGA2,4,71,0.7046571307041285,0.6606563094013262,,80.0
etching,NSGA2,4,72,0.7046571307041285,0.6607987150624666,,80.0
etching,NSGA2,4,73,0.7046571307041285,0.6638832864638596,,80.0
etching,NSGA2,4,74,0.7046571307041285,0.6637853940297849,,80.0
etching,NSGA2,4,75,0.7046571307041285,0.660442897996167,,80.0
etching,NSGA2,4,76,0.7046571307041285,0.6674264236034546,,80.0
etching,NSGA2,4,77,0.7046571307041285,0.6673115274728552,,80.0
etching,NSGA2,4,78,0.7046571307041285,0.6640525788150559,,80.0
etching,NSGA2,4,79,0.7046571307041285,0.6641361261908744,,80.0
etching,NSGA2,4,80,0.7046571307041285,0.6639760939927241,,80.0
etching,NSGA2,4,81,0.7046571307041285,0.6677562477487805,,80.0
etching,NSGA2,4,82,0.7046571307041285,0.664529270686247,,80.0
etching,NSGA2,4,83,0.7046571307041285,0.6643379478828229,,80.0
etching,NSGA2,4,84,0.7046571307041285,0.6641811971634263,,80.0
etching,NSGA2,4,85,0.7046571307041285,0.6640387915022858,,80.0
etching,NSGA2,4,86,0.7046571307041285,0.6636913408199501,,80.0
etching,NSGA2,4,87,0.7046571307041285,0.6600563480700795,,80.0
etching,NSGA2,4,88,0.7046571307041285,0.6567138520364617,,80.0
etching,NSGA2,4,89,0.7046571307041285,0.6564269082096206,,80.0
etching,NSGA2,4,90,0.7046571307041285,0.6566809285226066,,80.0
etching,NSGA2,4,91,0.7046571307041285,0.6500135629923808,,80.0
etching,NSGA2,4,92,0.7046571307041285,0.6531532116043627,,80.0
etching,NSGA2,4,93,0.7046571307041285,0.6530108059432223,,80.0
etching,NSGA2,4,94,0.7046571307041285,0.6531532116043627,,80.0
etching,NSGA2,4,95,0.7046571307041285,0.6563505466317948,,80.0
etching,NSGA2,4,96,0.7046571307041285,0.6528486412405117,,80.0
etching,NSGA2,4,97,0.7046571307041285,0.6560932448400549,,80.0
etching,NSGA2,4,98,0.7046571307041285,0.6563335429352699,,80.0
etching,NSGA2,4,99,0.7046571307041285,0.6595781465348133,,80.0
etching,NSGA2,4,100,0.7046571307041285,0.6595116028555196,,80.0
etching,NSGA2,4,101,0.7046571307041285,0.6699288572662154,,80.0
etching,NSGA2,4,102,0.7046571307041285,0.6700014377693083,,80.0
etching,NSGA2,4,103,0.7046571307041285,0.6701828775792015,,80.0
etching,NSGA2,4,104,0.7046571307041285,0.6665104992507509,,80.0
etching,NSGA2,4,105,0.7046571307041285,0.6667331708089561,,80.0
etching,NSGA2,4,106,0.7046571307041285,0.6737100367519594,,80.0
etching,NSGA2,4,107,0.7046571307041285,0.6737435831062996,,80.0
etching,NSGA2,4,108,0.7046571307041285,0.6664922498732558,,80.0
etching,NSGA2,4,109,0.7046571307041285,0.6665472038393387,,80.0
etching,NSGA2,4,110,0.7046571307041285,0.6669299075956943,,80.0
etching,NSGA2,4,111,0.7046571307041285,0.6670860354746058,,80.0
etching,NSGA2,4,112,0.7046571307041285,0.6638727806298433,,80.0
etching,NSGA2,4,113,0.7046571307041285,0.6669414973089051,,80.0
etching,NSGA2,4,114,0.7046571307041285,0.6667990916477647,,80.0
etching,NSGA2,4,115,0.7046571307041285,0.6668403233960767,,80.0
etching,NSGA2,4,116,0.7046571307041285,0.6666000253008615,,80.0
etching,NSGA2,4,117,0.7046571307041285,0.6636116396138636,,80.0
etching,NSGA2,4,118,0.7046571307041285,0.663513747179789,,80.0
etching,NSGA2,4,119,0.7046571307041285,0.6635796680185976,,80.0
etching,NSGA2,4,120,0.7046571307041285,0.6597649421785136,,80.0
etching,NSGA2,4,121,0.7046571307041285,0.6563818372370688,,80.0
etching,NSGA2,4,122,0.7046571307041285,0.6526605417663343,,80.0
etching,NSGA2,4,123,0.7046571307041285,0.6492482205746688,,80.0
etching,NSGA2,4,124,0.7046571307041285,0.6530706899582317,,80.0
etching,NSGA2,4,125,0.7046571307041285,0.6530706899582317,,80.0
etching,NSGA2,4,126,0.7046571307041285,0.6530008648001842,,80.0
etching,NSGA2,4,127,0.7046571307041285,0.6503857994719897,,80.0
etching,NSGA2,4,128,0.7046571307041285,0.6504693468478082,,80.0
etching,NSGA2,4,129,0.7046571307041285,0.6504379980930274,,80.0
etching,NSGA2,4,130,0.7046571307041285,0.65355782256844,,80.0
etching,NSGA2,4,131,0.7046571307041285,0.6533989393444833,,80.0
etching,NSGA2,4,132,0.7046571307041285,0.6567590619151111,,80.0
etching,NSGA2,4,133,0.7046571307041285,0.6531103469474695,,80.0
etching,NSGA2,4,134,0.7046571307041285,0.649628726731465,,80.0
etching,NSGA2,4,135,0.7046571307041285,0.6527348289891067,,80.0
etching,NSGA2,4,136,0.7046571307041285,0.6526232143372612,,80.0
etching,NSGA2,4,137,0.7046571307041285,0.6527479934613918,,80.0
etching,NSGA2,4,138,0.7046571307041285,0.6493356722697262,,80.0
etching,NSGA2,4,139,0.7046571307041285,0.649175640071576,,80.0
etching,NSGA2,4,140,0.7046571307041285,0.6527990431082358,,80.0
etching,NSGA2,4,141,0.7046571307041285,0.6596264408366119,,80.0
etching,NSGA2,4,142,0.7046571307041285,0.6597243332706866,,80.0
etching,NSGA2,4,143,0.7046571307041285,0.6635038641862578,,80.0
etching,NSGA2,4,144,0.7046571307041285,0.6637441622814729,,80.0
etching,NSGA2,4,145,0.7046571307041285,0.6641092395008185,,80.0
etching,NSGA2,4,146,0.7046571307041285,0.6641405882555993,,80.0
etching,NSGA2,4,147,0.7046571307041285,0.6641092395008186,,80.0
etching,NSGA2,4,148,0.7046571307041285,0.6642906793107117,,80.0
etching,NSGA2,4,149,0.7046571307041285,0.66777558100547,,80.0
etching,NSGA2,4,150,0.7046571307041285,0.6710790428903352,,80.0
etching,NSGA2,4,151,0.7046571307041285,0.6644291806526131,,80.0
etching,NSGA2,4,152,0.7046571307041285,0.6677749581649849,,80.0
etching,NSGA2,4,153,0.7046571307041285,0.6677749581649849,,80.0
etching,NSGA2,4,154,0.7046571307041285,0.6643489147555484,,80.0
etching,NSGA2,4,155,0.7046571307041285,0.6644627270069533,,80.0
etching,NSGA2,4,156,0.7046571307041285,0.6679998273227492,,80.0
etching,NSGA2,4,157,0.7046571307041285,0.6682224988809544,,80.0
etching,NSGA2,4,158,0.7046571307041285,0.6678574216616088,,80.0
etching,NSGA2,4,159,0.7046571307041285,0.6675698549942827,,80.0
etching,NSGA2,4,160,0.7046571307041285,0.6709613263196914,,80.0
etching,NSGA2,4,161,0.7046571307041285,0.6672949848150399,,80.0
etching,NSGA2,4,162,0.7046571307041285,0.6671212303991186,,80.0
etching,NSGA2,4,163,0.7046571307041285,0.6708222021373047,,80.0
etching,NSGA2,4,164,0.7046571307041285,0.6775340808945964,,80.0
etching,NSGA2,4,165,0.7046571307041285,0.6742053070787495,,80.0
etching,NSGA2,4,166,0.7046571307041285,0.6739480634365166,,80.0
etching,NSGA2,4,167,0.7046571307041285,0.6705946005301731,,80.0
etching,NSGA2,4,168,0.7046571307041285,0.6670371183323218,,80.0
etching,NSGA2,4,169,0.7046571307041285,0.6638689414056034,,80.0
etching,NSGA2,4,170,0.7046571307041285,0.6602438316492639,,80.0
etching,NSGA2,4,171,0.7046571307041285,0.663812903560326,,80.0
etching,NSGA2,4,172,0.7046571307041285,0.6637463598810321,,80.0
etching,NSGA2,4,173,0.7046571307041285,0.6637111068070124,,80.0
etching,NSGA2,4,174,0.7046571307041285,0.6638122807198409,,80.0
etching,NSGA2,4,175,0.7046571307041285,0.6607491169301907,,80.0
etching,NSGA2,4,176,0.7046571307041285,0.6640190324607157,,80.0
etching,NSGA2,4,177,0.7046571307041285,0.6609558686710656,,80.0
etching,NSGA2,4,178,0.7046571307041285,0.6642141944883798,,80.0
etching,NSGA2,4,179,0.7046571307041285,0.6637772177559335,,80.0
etching,NSGA2,4,180,0.7046571307041285,0.6672934682054728,,80.0
etching,NSGA2,4,181,0.7046571307041285,0.6671779492343881,,80.0
etching,NSGA2,4,182,0.7046571307041285,0.6668925801666212,,80.0
etching,NSGA2,4,183,0.7046571307041285,0.6635055709059375,,80.0
etching,NSGA2,4,184,0.7046571307041285,0.6670767753215598,,80.0
etching,NSGA2,4,185,0.7046571307041285,0.6672082141099744,,80.0
etching,NSGA2,4,186,0.7046571307041285,0.6672219363277454,,80.0
etching,NSGA2,4,187,0.7046571307041285,0.6672219363277455,,80.0
etching,NSGA2,4,188,0.7046571307041285,0.6737364554578138,,80.0
etching,NSGA2,4,189,0.7046571307041285,0.6734510863900469,,80.0
etching,NSGA2,4,190,0.7046571307041285,0.6697963345986061,,80.0
etching,NSGA2,4,191,0.7046571307041285,0.6669030860006375,,80.0
etching,NSGA2,4,192,0.7046571307041285,0.6669932930407403,,80.0
etching,NSGA2,4,193,0.7046571307041285,0.6636271917958203,,80.0
etching,NSGA2,4,194,0.7046571307041285,0.660663495199319,,80.0
etching,NSGA2,4,195,0.7046571307041285,0.6607723545061193,,80.0
etching,NSGA2,4,196,0.7046571307041285,0.660545778628675,,80.0
etching,NSGA2,4,197,0.7046571307041285,0.6569047490550053,,80.0
etching,NSGA2,4,198,0.7046571307041285,0.6570295281791358,,80.0
etching,NSGA2,4,199,0.7046571307041285,0.6532454701038406,,80.0
etching,NSGA2,4,200,0.7046571307041285,0.6561937377628914,,80.0
metalization,GA,0,0,1.9015999299912543,1.553480180198123,21.0,
metalization,GA,0,1,1.9027455532456008,1.6525929311907241,21.0,
metalization,GA,0,2,1.9301657551162281,1.651801295966989,19.0,
metalization,GA,0,3,1.9876899632669411,1.7198430831069296,16.0,
metalization,GA,0,4,1.9876899632669411,1.7121272240385104,16.0,
metalization,GA,0,5,1.9876899632669411,1.7147693143071692,16.0,
metalization,GA,0,6,1.9876899632669411,1.7151211358135279,16.0,
metalization,GA,0,7,1.9876899632669411,1.735033388742604,16.0,
metalization,GA,0,8,1.9876899632669411,1.7374580989483532,16.0,
metalization,GA,0,9,1.9876899632669411,1.7240135770152782,16.0,
metalization,GA,0,10,1.9876899632669411,1.73570752064806,16.0,
metalization,GA,0,11,1.9876899632669411,1.7268544732731683,16.0,
metalization,GA,0,12,1.9876899632669411,1.752832815121181,16.0,
metalization,GA,0,13,1.9876899632669411,1.7831849436882394,16.0,
metalization,GA,0,14,1.9876899632669411,1.7768512764850932,16.0,
metalization,GA,0,15,1.9876899632669411,1.7349403085977442,16.0,
metalization,GA,0,16,2.006229240788482,1.7403749837507505,16.0,
metalization,GA,0,17,2.006229240788482,1.7533449612577492,16.0,
metalization,GA,0,18,2.006229240788482,1.7200776946036513,16.0,
metalization,GA,0,19,2.006229240788482,1.7617684857206908,16.0,
metalization,GA,0,20,2.006229240788482,1.7390951824969747,16.0,
metalization,GA,0,21,2.006229240788482,1.7339079174644965,16.0,
metalization,GA,0,22,2.006229240788482,1.7437062968415755,16.0,
metalization,GA,0,23,2.006229240788482,1.7441258684231022,16.0,
metalization,GA,0,24,2.006229240788482,1.714517783049042,16.0,
metalization,GA,0,25,2.006229240788482,1.732926801054943,16.0,
metalization,GA,0,26,2.006229240788482,1.7454173801041453,16.0,
metalization,GA,0,27,2.006229240788482,1.7347416765160435,16.0,
metalization,GA,0,28,2.006229240788482,1.7265400427003599,16.0,
metalization,GA,0,29,2.006229240788482,1.7037804855235676,16.0,
metalization,GA,0,30,2.006229240788482,1.7462556399186426,16.0,
metalization,GA,0,31,2.006229240788482,1.7593140042424973,16.0,
metalization,GA,0,32,2.006229240788482,1.7660937302922555,16.0,
metalization,GA,0,33,2.006229240788482,1.7756183190415442,16.0,
metalization,GA,0,34,2.006229240788482,1.7717935375119378,16.0,
metalization,GA,0,35,2.006229240788482,1.7526996389217249,16.0,
metalization,GA,0,36,2.006229240788482,1.7692624522659819,16.0,
metalization,GA,0,37,2.006229240788482,1.7940938261759591,16.0,
metalization,GA,0,38,2.021462721325251,1.7826258858226083,15.0,
metalization,GA,0,39,2.021462721325251,1.7485708358434944,15.0,
metalization,GA,0,40,2.021462721325251,1.7370626926137511,15.0,
metalization,GA,0,41,2.021462721325251,1.7499970823680981,15.0,
metalization,GA,0,42,2.021462721325251,1.7772501970036743,15.0,
metalization,GA,0,43,2.021462721325251,1.7874134666242143,15.0,
metalization,GA,0,44,2.021462721325251,1.7693653231765716,15.0,
metalization,GA,0,45,2.021462721325251,1.7697722224398205,15.0,
metalization,GA,0,46,2.021462721325251,1.753250010253589,15.0,
metalization,GA,0,47,2.021462721325251,1.7757858930821981,15.0,
metalization,GA,0,48,2.03736006815695,1.7475462596286142,14.0,
metalization,GA,0,49,2.03736006815695,1.7455751936748982,14.0,
metalization,GA,0,50,2.03736006815695,1.7761296504219337,14.0,
metalization,GA,0,51,2.03736006815695,1.7971631206139616,14.0,
metalization,GA,0,52,2.03736006815695,1.7629991042009963,14.0,
metalization,GA,0,53,2.03736006815695,1.767295648719296,14.0,
metalization,GA,0,54,2.03736006815695,1.759401696379216,14.0,
metalization,GA,0,55,2.03736006815695,1.7227274142411446,14.0,
metalization,GA,0,56,2.03736006815695,1.724375124392272,14.0,
metalization,GA,0,57,2.03736006815695,1.7044505465101278,14.0,
metalization,GA,0,58,2.03736006815695,1.7475766600332148,14.0,
metalization,GA,0,59,2.03736006815695,1.7704082477393377,14.0,
metalization,GA,0,60,2.03736006815695,1.773904433952847,14.0,
metalization,GA,0,61,2.03736006815695,1.7529566058895056,14.0,
metalization,GA,0,62,2.03736006815695,1.7710425802417766,14.0,
metalization,GA,0,63,2.03736006815695,1.7688704932913581,14.0,
metalization,GA,0,64,2.03736006815695,1.7478619143869074,14.0,
metalization,GA,0,65,2.03736006815695,1.769543467607511,14.0,
metalization,GA,0,66,2.03736006815695,1.7243397083494678,14.0,
metalization,GA,0,67,2.0426577945512845,1.7066610196709884,14.0,
metalization,GA,0,68,2.0426577945512845,1.7141065093153471,14.0,
metalization,GA,0,69,2.0426577945512845,1.7281683820385172,14.0,
metalization,GA,0,70,2.0426577945512845,1.7105074802642974,14.0,
metalization,GA,0,71,2.0426577945512845,1.749288908780315,14.0,
metalization,GA,0,72,2.0426577945512845,1.734587119814261,14.0,
metalization,GA,0,73,2.0426577945512845,1.7231942736551271,14.0,
metalization,GA,0,74,2.0426577945512845,1.7134815813191433,14.0,
metalization,GA,0,75,2.0426577945512845,1.6898954155009895,14.0,
metalization,GA,0,76,2.0426577945512845,1.7392688929375197,14.0,
metalization,GA,0,77,2.0426577945512845,1.7381573676719473,14.0,
metalization,GA,0,78,2.0426577945512845,1.7427757944709223,14.0,
metalization,GA,0,79,2.0426577945512845,1.7420608242772269,14.0,
metalization,GA,0,80,2.0426577945512845,1.7462783926543275,14.0,
metalization,GA,0,81,2.0426577945512845,1.7114181583544394,14.0,
metalization,GA,0,82,2.0426577945512845,1.6916148531555446,14.0,
metalization,GA,0,83,2.0426577945512845,1.714090696456973,14.0,
metalization,GA,0,84,2.072639905761308,1.7385571595888358,12.0,
metalization,GA,0,85,2.072639905761308,1.707044897143173,12.0,
metalization,GA,0,86,2.072639905761308,1.7492988569986676,12.0,
metalization,GA,0,87,2.072639905761308,1.734299339428795,12.0,
metalization,GA,0,88,2.072639905761308,1.7335806363653306,12.0,
metalization,GA,0,89,2.072639905761308,1.76314344055517,12.0,
metalization,GA,0,90,2.072639905761308,1.7431103931815723,12.0,
metalization,GA,0,91,2.0873116214854086,1.7327278186630566,11.0,
metalization,GA,0,92,2.0873116214854086,1.7573297693199603,11.0,
metalization,GA,0,93,2.0873116214854086,1.7591041730268018,11.0,
metalization,GA,0,94,2.0873116214854086,1.734566840900376,11.0,
metalization,GA,0,95,2.0873116214854086,1.7622508626534568,11.0,
metalization,GA,0,96,2.0873116214854086,1.747133565316301,11.0,
metalization,GA,0,97,2.0873116214854086,1.7387208598043888,11.0,
metalization,GA,0,98,2.0873116214854086,1.7411865509620932,11.0,
metalization,GA,0,99,2.0873116214854086,1.7423094166773105,11.0,
metalization,GA,0,100,2.0873116214854086,1.72738476491085,11.0,
metalization,GA,0,101,2.0873116214854086,1.7591290923751715,11.0,
metalization,GA,0,102,2.0873116214854086,1.7729497478572234,11.0,
metalization,GA,0,103,2.0873116214854086,1.7646127584357487,11.0,
metalization,GA,0,104,2.0873116214854086,1.7404207002887084,11.0,
metalization,GA,0,105,2.0873116214854086,1.7855361029511905,11.0,
metalization,GA,0,106,2.0873116214854086,1.7748468313911292,11.0,
metalization,GA,0,107,2.0873116214854086,1.7448243206268905,11.0,
metalization,GA,0,108,2.0873116214854086,1.7464262626635871,11.0,
metalization,GA,0,109,2.0873116214854086,1.7493386907473902,11.0,
metalization,GA,0,110,2.0873116214854086,1.7335422049737985,11.0,
metalization,GA,0,111,2.0873116214854086,1.7614497547437034,11.0,
metalization,GA,0,112,2.0873116214854086,1.782583138224116,11.0,
metalization,GA,0,113,2.0873116214854086,1.8042530090053788,11.0,
metalization,GA,0,114,2.0873116214854086,1.760912367507037,11.0,
metalization,GA,0,115,2.0873116214854086,1.7684131084439283,11.0,
metalization,GA,0,116,2.0873116214854086,1.7388976819664155,11.0,
metalization,GA,0,117,2.0929137903313553,1.779184288641814,11.0,
metalization,GA,0,118,2.0929137903313553,1.7886602854328928,11.0,
metalization,GA,0,119,2.0929137903313553,1.749579133443752,11.0,
metalization,GA,0,120,2.0929137903313553,1.758532934426578,11.0,
metalization,GA,0,121,2.0929137903313553,1.7549092958504324,11.0,
metalization,GA,0,122,2.0929137903313553,1.762610673454504,11.0,
metalization,GA,0,123,2.0929137903313553,1.7599450192608033,11.0,
metalization,GA,0,124,2.0929137903313553,1.6981759210503402,11.0,
metalization,GA,0,125,2.0929137903313553,1.717222358747544,11.0,
metalization,GA,0,126,2.098114006115436,1.7459266035264165,12.0,
metalization,GA,0,127,2.098114006115436,1.7934873772739035,12.0,
metalization,GA,0,128,2.098114006115436,1.764912133637375,12.0,
metalization,GA,0,129,2.098114006115436,1.8073588311758322,12.0,
metalization,GA,0,130,2.098114006115436,1.8014473718105855,12.0,
metalization,GA,0,131,2.1130506690979987,1.779134488966428,10.0,
metalization,GA,0,132,2.1130506690979987,1.7516125569012395,10.0,
metalization,GA,0,133,2.1130506690979987,1.7480404613677194,10.0,
metalization,GA,0,134,2.1130506690979987,1.7415724578214757,10.0,
metalization,GA,0,135,2.1130506690979987,1.7351804950601586,10.0,
metalization,GA,0,136,2.1130506690979987,1.7142311452114676,10.0,
metalization,GA,0,137,2.1130506690979987,1.7597926831626203,10.0,
metalization,GA,0,138,2.1130506690979987,1.7810951724582325,10.0,
metalization,GA,0,139,2.1130506690979987,1.7200217551633563,10.0,
metalization,GA,0,140,2.1130506690979987,1.7686629502727016,10.0,
metalization,GA,0,141,2.1130506690979987,1.7505141666042472,10.0,
metalization,GA,0,142,2.1130506690979987,1.7670188469407233,10.0,
metalization,GA,0,143,2.1130506690979987,1.755957884031033,10.0,
metalization,GA,0,144,2.1130506690979987,1.767356781950856,10.0,
metalization,GA,0,145,2.1130506690979987,1.7506391003205224,10.0,
metalization,GA,0,146,2.1130506690979987,1.7164346859392778,10.0,
metalization,GA,0,147,2.1130506690979987,1.7918787588995897,10.0,
metalization,GA,0,148,2.1130506690979987,1.7768635666281818,10.0,
metalization,GA,0,149,2.1130506690979987,1.8070840257554757,10.0,
metalization,GA,0,150,2.1130506690979987,1.7600701084121009,10.0,
metalization,GA,0,151,2.1130506690979987,1.7796258221682257,10.0,
metalization,GA,0,152,2.1130506690979987,1.7580434089543495,10.0,
metalization,GA,0,153,2.1130506690979987,1.748507609887935,10.0,
metalization,GA,0,154,2.1130506690979987,1.7779915095804513,10.0,
metalization,GA,0,155,2.1130506690979987,1.7641049763134369,10.0,
metalization,GA,0,156,2.1130506690979987,1.6909732559835813,10.0,
metalization,GA,0,157,2.1130506690979987,1.7791951645079123,10.0,
metalization,GA,0,158,2.1130506690979987,1.7810269463418689,10.0,
metalization,GA,0,159,2.1130506690979987,1.7338289350394227,10.0,
metalization,GA,0,160,2.1130506690979987,1.7370465506793429,10.0,
metalization,GA,0,161,2.1130506690979987,1.7705122302889535,10.0,
metalization,GA,0,162,2.1130506690979987,1.7008805585352604,10.0,
metalization,GA,0,163,2.1130506690979987,1.7131529513895505,10.0,
metalization,GA,0,164,2.1130506690979987,1.7637694814538591,10.0,
metalization,GA,0,165,2.1130506690979987,1.7642568314504081,10.0,
metalization,GA,0,166,2.1130506690979987,1.7222900444573752,10.0,
metalization,GA,0,167,2.1130506690979987,1.759104116386362,10.0,
metalization,GA,0,168,2.1130506690979987,1.7320202488430911,10.0,
metalization,GA,0,169,2.1130506690979987,1.6878834637932727,10.0,
metalization,GA,0,170,2.1130506690979987,1.7656643471285793,10.0,
metalization,GA,0,171,2.1130506690979987,1.7668234689665367,10.0,
metalization,GA,1,0,1.8623294348230313,1.5580876032038606,22.0,
metalization,GA,1,1,1.873170912423388,1.6210628397781839,20.0,
metalization,GA,1,2,1.8999691684253441,1.6422364659015325,19.0,
metalization,GA,1,3,1.903126659571549,1.6350414270016373,21.0,
metalization,GA,1,4,1.915097470887106,1.6859188825747276,20.0,
metalization,GA,1,5,1.942914543500782,1.6425265976915533,19.0,
metalization,GA,1,6,1.942914543500782,1.6689296599430996,19.0,
metalization,GA,1,7,1.9735287353122017,1.7520633839514144,16.0,
metalization,GA,1,8,1.9735287353122017,1.7384193031729045,16.0,
metalization,GA,1,9,1.9735287353122017,1.7516027195874984,16.0,
metalization,GA,1,10,1.9735287353122017,1.7519706705658202,16.0,
metalization,GA,1,11,1.9735287353122017,1.7406342871336604,16.0,
metalization,GA,1,12,1.9735287353122017,1.7149032789583685,16.0,
metalization,GA,1,13,1.9735287353122017,1.6955548297034473,16.0,
metalization,GA,1,14,1.9735287353122017,1.6872331003052174,16.0,
metalization,GA,1,15,1.9735287353122017,1.6941054603953014,16.0,
metalization,GA,1,16,1.9735287353122017,1.7223768305030247,16.0,
metalization,GA,1,17,1.9735287353122017,1.6930051077457868,16.0,
metalization,GA,1,18,1.9735287353122017,1.7025823260731472,16.0,
metalization,GA,1,19,1.9735287353122017,1.7131668469396728,16.0,
metalization,GA,1,20,1.9735287353122017,1.7177953756944313,16.0,
metalization,GA,1,21,1.9735287353122017,1.665604995755669,16.0,
metalization,GA,1,22,1.9735287353122017,1.7105293955366196,16.0,
metalization,GA,1,23,1.9735287353122017,1.726368229761673,16.0,
metalization,GA,1,24,1.9735287353122017,1.696190970712074,16.0,
metalization,GA,1,25,1.9735287353122017,1.7306656236087974,16.0,
metalization,GA,1,26,1.9975534114133988,1.733260516856849,15.0,
metalization,GA,1,27,1.9975534114133988,1.7362524794202454,15.0,
metalization,GA,1,28,2.0313397074411643,1.7383919334960463,12.0,
metalization,GA,1,29,2.0313397074411643,1.719186278102589,12.0,
metalization,GA,1,30,2.0313397074411643,1.7183949711651312,12.0,
metalization,GA,1,31,2.0313397074411643,1.7306956624199312,12.0,
metalization,GA,1,32,2.0313397074411643,1.7235802533573867,12.0,
metalization,GA,1,33,2.0313397074411643,1.7313524689013278,12.0,
metalization,GA,1,34,2.0313397074411643,1.7335743900568032,12.0,
metalization,GA,1,35,2.0313397074411643,1.7713181396040525,12.0,
metalization,GA,1,36,2.0313397074411643,1.7598005773578442,12.0,
metalization,GA,1,37,2.0313397074411643,1.7541452067578942,12.0,
metalization,GA,1,38,2.0436981598028487,1.74238856030012,14.0,
metalization,GA,1,39,2.0436981598028487,1.7592809264279445,14.0,
metalization,GA,1,40,2.0436981598028487,1.737893463672227,14.0,
metalization,GA,1,41,2.0436981598028487,1.7341371361625548,14.0,
metalization,GA,1,42,2.0436981598028487,1.6994140991123223,14.0,
metalization,GA,1,43,2.0436981598028487,1.756076717353923,14.0,
metalization,GA,1,44,2.0436981598028487,1.7234770903030643,14.0,
metalization,GA,1,45,2.0476113563733582,1.7522194994071125,13.0,
metalization,GA,1,46,2.0476113563733582,1.7732473846210137,13.0,
metalization,GA,1,47,2.0476113563733582,1.7127085411855174,13.0,
metalization,GA,1,48,2.0476113563733582,1.7385731483133982,13.0,
metalization,GA,1,49,2.0476113563733582,1.7359629342975988,13.0,
metalization,GA,1,50,2.0476113563733582,1.7376887527283642,13.0,
metalization,GA,1,51,2.0671413392702322,1.731289833076061,10.0,
metalization,GA,1,52,2.0725267295919867,1.72163195810175,12.0,
metalization,GA,1,53,2.0725267295919867,1.6984113719135696,12.0,
metalization,GA,1,54,2.0725267295919867,1.742557511270853,12.0,
metalization,GA,1,55,2.0725267295919867,1.7397620006147414,12.0,
metalization,GA,1,56,2.0725267295919867,1.77093742865481,12.0,
metalization,GA,1,57,2.0725267295919867,1.8221408127603316,12.0,
metalization,GA,1,58,2.0725267295919867,1.805663058994473,12.0,
metalization,GA,1,59,2.0725267295919867,1.7681412544476565,12.0,
metalization,GA,1,60,2.0725267295919867,1.7561248979316084,12.0,
metalization,GA,1,61,2.0725267295919867,1.7775404923700049,12.0,
metalization,GA,1,62,2.0725267295919867,1.7555507269655077,12.0,
metalization,GA,1,63,2.0725267295919867,1.7430101829814144,12.0,
metalization,GA,1,64,2.0725267295919867,1.7348597907274357,12.0,
metalization,GA,1,65,2.0725267295919867,1.7560564025115717,12.0,
metalization,GA,1,66,2.0725267295919867,1.744941951229367,12.0,
metalization,GA,1,67,2.0725267295919867,1.6837448400783142,12.0,
metalization,GA,1,68,2.0725267295919867,1.7017368782080773,12.0,
metalization,GA,1,69,2.0725267295919867,1.7358436344372823,12.0,
metalization,GA,1,70,2.0725267295919867,1.7602474946393634,12.0,
metalization,GA,1,71,2.0725267295919867,1.7017998686648237,12.0,
metalization,GA,1,72,2.0725267295919867,1.7058904289916683,12.0,
metalization,GA,1,73,2.0725267295919867,1.6547031205464755,12.0,
metalization,GA,1,74,2.0725267295919867,1.7451534576032337,12.0,
metalization,GA,1,75,2.0725267295919867,1.6938630005865374,12.0,
metalization,GA,1,76,2.0725267295919867,1.7291958330359427,12.0,
metalization,GA,1,77,2.0725267295919867,1.7369138509637174,12.0,
metalization,GA,1,78,2.0725267295919867,1.7323862095587894,12.0,
metalization,GA,1,79,2.0725267295919867,1.7433568853411778,12.0,
metalization,GA,1,80,2.0725267295919867,1.724404165714309,12.0,
metalization,GA,1,81,2.0725267295919867,1.7361348581777194,12.0,
metalization,GA,1,82,2.0725267295919867,1.770914773092158,12.0,
metalization,GA,1,83,2.0725267295919867,1.7479712390848874,12.0,
metalization,GA,1,84,2.0725267295919867,1.7499479819603352,12.0,
metalization,GA,1,85,2.0725267295919867,1.7769043342498563,12.0,
metalization,GA,1,86,2.0725267295919867,1.7868059965051153,12.0,
metalization,GA,1,87,2.0725267295919867,1.7102822363656458,12.0,
metalization,GA,1,88,2.0725267295919867,1.729425473359835,12.0,
metalization,GA,1,89,2.0725267295919867,1.7622182614262176,12.0,
metalization,GA,1,90,2.0725267295919867,1.6677281422017594,12.0,
metalization,GA,1,91,2.0725267295919867,1.7079670011546217,12.0,
metalization,GA,1,92,2.0725267295919867,1.7317498085312515,12.0,
metalization,GA,2,0,1.8875068220830302,1.5437466851803712,20.0,
metalization,GA,2,1,1.9603008498282892,1.655457500757938,17.0,
metalization,GA,2,2,1.9603008498282892,1.6839734012292378,17.0,
metalization,GA,2,3,1.9603008498282892,1.7288416027785363,17.0,
metalization,GA,2,4,1.9729867653668371,1.7331061796302063,15.0,
metalization,GA,2,5,1.9843953247919062,1.6769824906651478,14.0,
metalization,GA,2,6,1.9843953247919062,1.7481179569877277,14.0,
metalization,GA,2,7,1.9843953247919062,1.6776727447841828,14.0,
metalization,GA,2,8,1.9843953247919062,1.7108598036208604,14.0,
metalization,GA,2,9,1.9843953247919062,1.737650137443611,14.0,
metalization,GA,2,10,1.9843953247919062,1.7497542494467282,14.0,
metalization,GA,2,11,2.014894648562855,1.7153178033188632,13.0,
metalization,GA,2,12,2.014894648562855,1.7047705856254436,13.0,
metalization,GA,2,13,2.014894648562855,1.7419341368872978,13.0,
metalization,GA,2,14,2.014894648562855,1.7205331347385873,13.0,
metalization,GA,2,15,2.014894648562855,1.7202481920400945,13.0,
metalization,GA,2,16,2.014894648562855,1.7447837004817341,13.0,
metalization,GA,2,17,2.014894648562855,1.7389235149524738,13.0,
metalization,GA,2,18,2.014894648562855,1.7424270157068602,13.0,
metalization,GA,2,19,2.014894648562855,1.7404116870658761,13.0,
metalization,GA,2,20,2.014894648562855,1.7498074353405453,13.0,
metalization,GA,2,21,2.014894648562855,1.7900552642077159,13.0,
metalization,GA,2,22,2.014894648562855,1.7701742907653013,13.0,
metalization,GA,2,23,2.014894648562855,1.7415754264193084,13.0,
metalization,GA,2,24,2.014894648562855,1.7506401635630655,13.0,
metalization,GA,2,25,2.014894648562855,1.7614606387589107,13.0,
metalization,GA,2,26,2.019460443467282,1.7224013809343983,13.0,
metalization,GA,2,27,2.019460443467282,1.7645733655131928,13.0,
metalization,GA,2,28,2.019460443467282,1.7452770903028525,13.0,
metalization,GA,2,29,2.019460443467282,1.7951770432267615,13.0,
metalization,GA,2,30,2.019460443467282,1.7671140750997132,13.0,
metalization,GA,2,31,2.027896430797597,1.7606237790799881,14.0,
metalization,GA,2,32,2.027896430797597,1.7721695003207913,14.0,
metalization,GA,2,33,2.027896430797597,1.7561858532538999,14.0,
metalization,GA,2,34,2.027896430797597,1.7833708312644294,14.0,
metalization,GA,2,35,2.027896430797597,1.757492599174699,14.0,
metalization,GA,2,36,2.027896430797597,1.7687243210447576,14.0,
metalization,GA,2,37,2.0317486875400688,1.762943002841076,14.0,
metalization,GA,2,38,2.0317486875400688,1.7495952122938405,14.0,
metalization,GA,2,39,2.0356509950864385,1.7672309011926093,14.0,
metalization,GA,2,40,2.0356509950864385,1.7558821258009665,14.0,
metalization,GA,2,41,2.0356509950864385,1.756160997280653,14.0,
metalization,GA,2,42,2.0356509950864385,1.7446460155737278,14.0,
metalization,GA,2,43,2.0356509950864385,1.7271095519370185,14.0,
metalization,GA,2,44,2.0356509950864385,1.7565373514147482,14.0,
metalization,GA,2,45,2.0356509950864385,1.7420361222082092,14.0,
metalization,GA,2,46,2.0356509950864385,1.7461548216945715,14.0,
metalization,GA,2,47,2.0356509950864385,1.7470296791232776,14.0,
metalization,GA,2,48,2.0497771245524468,1.7066636146888743,13.0,
metalization,GA,2,49,2.0497771245524468,1.7397116471345555,13.0,
metalization,GA,2,50,2.0497771245524468,1.761176180457721,13.0,
metalization,GA,2,51,2.0497771245524468,1.7289947245693775,13.0,
metalization,GA,2,52,2.0497771245524468,1.767127803703805,13.0,
metalization,GA,2,53,2.0497771245524468,1.7786228673054914,13.0,
metalization,GA,2,54,2.0497771245524468,1.7399556518730008,13.0,
metalization,GA,2,55,2.0497771245524468,1.6980467966047943,13.0,
metalization,GA,2,56,2.0497771245524468,1.7400424810468702,13.0,
metalization,GA,2,57,2.0497771245524468,1.7554607750468414,13.0,
metalization,GA,2,58,2.0497771245524468,1.7440933371630891,13.0,
metalization,GA,2,59,2.0497771245524468,1.7909945937367948,13.0,
metalization,GA,2,60,2.0814599434152683,1.7990452150451275,12.0,
metalization,GA,2,61,2.0814599434152683,1.7529735808243934,12.0,
metalization,GA,2,62,2.0814599434152683,1.79242693350219,12.0,
metalization,GA,2,63,2.0814599434152683,1.7934384168737338,12.0,
metalization,GA,2,64,2.0814599434152683,1.7749956512892129,12.0,
metalization,GA,2,65,2.0814599434152683,1.7816498146239383,12.0,
metalization,GA,2,66,2.0814599434152683,1.8006105931982206,12.0,
metalization,GA,2,67,2.0814599434152683,1.8261468126407727,12.0,
metalization,GA,2,68,2.0814599434152683,1.8252056464148307,12.0,
metalization,GA,2,69,2.0888358027220892,1.829542622031542,12.0,
metalization,GA,2,70,2.0888358027220892,1.8103834790596653,12.0,
metalization,GA,2,71,2.0888358027220892,1.812057407532216,12.0,
metalization,GA,2,72,2.0888358027220892,1.8225417702752167,12.0,
metalization,GA,2,73,2.0888358027220892,1.8301210031307775,12.0,
metalization,GA,2,74,2.0888358027220892,1.8186011132773288,12.0,
metalization,GA,2,75,2.0888358027220892,1.7762564683035102,12.0,
metalization,GA,2,76,2.0888358027220892,1.752898926165777,12.0,
metalization,GA,2,77,2.0888358027220892,1.7663837255732926,12.0,
metalization,GA,2,78,2.0888358027220892,1.7999952075856993,12.0,
metalization,GA,2,79,2.0888358027220892,1.7754558649670293,12.0,
metalization,GA,2,80,2.0888358027220892,1.7319167054064863,12.0,
metalization,GA,2,81,2.0888358027220892,1.7533330499707909,12.0,
metalization,GA,2,82,2.0888358027220892,1.7594407852352227,12.0,
metalization,GA,2,83,2.0888358027220892,1.7739436681153293,12.0,
metalization,GA,2,84,2.0888358027220892,1.7250588230074428,12.0,
metalization,GA,2,85,2.0888358027220892,1.7412455729860248,12.0,
metalization,GA,2,86,2.0888358027220892,1.7708436239933092,12.0,
metalization,GA,2,87,2.0888358027220892,1.740451381294116,12.0,
metalization,GA,2,88,2.0888358027220892,1.7644114153276917,12.0,
metalization,GA,2,89,2.0888358027220892,1.7700007599544096,12.0,
metalization,GA,2,90,2.0888358027220892,1.7957693077158345,12.0,
metalization,GA,2,91,2.0888358027220892,1.7813774553108268,12.0,
metalization,GA,2,92,2.0888358027220892,1.7702300106121485,12.0,
metalization,GA,2,93,2.0888358027220892,1.7684167614409354,12.0,
metalization,GA,2,94,2.0888358027220892,1.789359956892551,12.0,
metalization,GA,2,95,2.0888358027220892,1.797085717566405,12.0,
metalization,GA,2,96,2.0888358027220892,1.803525468662513,12.0,
metalization,GA,2,97,2.0888358027220892,1.7833695729733179,12.0,
metalization,GA,2,98,2.0888358027220892,1.7388562194251143,12.0,
metalization,GA,2,99,2.0888358027220892,1.7909186521965874,12.0,
metalization,GA,2,100,2.0888358027220892,1.7646883606443027,12.0,
metalization,GA,2,101,2.0888358027220892,1.736236978109367,12.0,
metalization,GA,2,102,2.0888358027220892,1.7686308716460473,12.0,
metalization,GA,2,103,2.0888358027220892,1.774739800809509,12.0,
metalization,GA,2,104,2.0888358027220892,1.7712121193797863,12.0,
metalization,GA,2,105,2.0888358027220892,1.755540170150549,12.0,
metalization,GA,2,106,2.0888358027220892,1.7694494273135437,12.0,
metalization,GA,2,107,2.0888358027220892,1.7702633637188725,12.0,
metalization,GA,2,108,2.0888358027220892,1.7431627615322718,12.0,
metalization,GA,2,109,2.0888358027220892,1.7688469036913124,12.0,
metalization,GA,3,0,1.873998353547451,1.6023591292427082,21.0,
metalization,GA,3,1,1.9028961933743034,1.6724648611933575,20.0,
metalization,GA,3,2,1.9239545389124675,1.6896796498821858,19.0,
metalization,GA,3,3,1.9486546572864258,1.7126642597025317,18.0,
metalization,GA,3,4,1.974160254136299,1.7310330896434405,15.0,
metalization,GA,3,5,1.9951173842747254,1.7111795529469618,15.0,
metalization,GA,3,6,1.9951173842747254,1.7268618299263032,15.0,
metalization,GA,3,7,1.9951173842747254,1.7605163252887888,15.0,
metalization,GA,3,8,1.9951173842747254,1.6903079415674054,15.0,
metalization,GA,3,9,1.9951173842747254,1.7188798712145563,15.0,
metalization,GA,3,10,2.028740673903515,1.7559574883701654,14.0,
metalization,GA,3,11,2.0436293681881987,1.7265274165397497,11.0,
metalization,GA,3,12,2.0436293681881987,1.7063004290352968,11.0,
metalization,GA,3,13,2.0436293681881987,1.7256059682148959,11.0,
metalization,GA,3,14,2.0436293681881987,1.7764469605469515,11.0,
metalization,GA,3,15,2.0436293681881987,1.7480855407866556,11.0,
metalization,GA,3,16,2.0436293681881987,1.7247924243336397,11.0,
metalization,GA,3,17,2.0436293681881987,1.7494564595020428,11.0,
metalization,GA,3,18,2.0436293681881987,1.7209663915656506,11.0,
metalization,GA,3,19,2.0436293681881987,1.7466219105421992,11.0,
metalization,GA,3,20,2.0436293681881987,1.757638656704477,11.0,
metalization,GA,3,21,2.0436293681881987,1.7094991812514047,11.0,
metalization,GA,3,22,2.0436293681881987,1.7095157619862298,11.0,
metalization,GA,3,23,2.0436293681881987,1.737393428601877,11.0,
metalization,GA,3,24,2.0436293681881987,1.7666374616526528,11.0,
metalization,GA,3,25,2.065391492028431,1.7620720802360519,12.0,
metalization,GA,3,26,2.065391492028431,1.7659523107160333,12.0,
metalization,GA,3,27,2.065391492028431,1.7611977010553457,12.0,
metalization,GA,3,28,2.065391492028431,1.7687632549370698,12.0,
metalization,GA,3,29,2.065391492028431,1.760774975914547,12.0,
metalization,GA,3,30,2.065391492028431,1.7435928851112934,12.0,
metalization,GA,3,31,2.065391492028431,1.7375471110367147,12.0,
metalization,GA,3,32,2.065391492028431,1.7334668931013901,12.0,
metalization,GA,3,33,2.065391492028431,1.76087994633652,12.0,
metalization,GA,3,34,2.065391492028431,1.727388262818088,12.0,
metalization,GA,3,35,2.0714047413932195,1.734808646220765,10.0,
metalization,GA,3,36,2.0714047413932195,1.746871891682358,10.0,
metalization,GA,3,37,2.0714047413932195,1.732784931132769,10.0,
metalization,GA,3,38,2.0714047413932195,1.7684820145287403,10.0,
metalization,GA,3,39,2.0714047413932195,1.7635682825335892,10.0,
metalization,GA,3,40,2.0714047413932195,1.7259426661643609,10.0,
metalization,GA,3,41,2.0714047413932195,1.6901914995931562,10.0,
metalization,GA,3,42,2.0714047413932195,1.7189037561719218,10.0,
metalization,GA,3,43,2.0750756351848536,1.6886992102344707,9.0,
metalization,GA,3,44,2.0750756351848536,1.722715128545542,9.0,
metalization,GA,3,45,2.0750756351848536,1.7087864908326342,9.0,
metalization,GA,3,46,2.0750756351848536,1.7030243166117667,9.0,
metalization,GA,3,47,2.0948450141934525,1.6978710515099587,10.0,
metalization,GA,3,48,2.0948450141934525,1.677484818009664,10.0,
metalization,GA,3,49,2.0948450141934525,1.6918256398662326,10.0,
metalization,GA,3,50,2.0948450141934525,1.7516779385121288,10.0,
metalization,GA,3,51,2.0948450141934525,1.74916303586349,10.0,
metalization,GA,3,52,2.0948450141934525,1.726196771274481,10.0,
metalization,GA,3,53,2.0948450141934525,1.7309655068013476,10.0,
metalization,GA,3,54,2.0948450141934525,1.7140516193828987,10.0,
metalization,GA,3,55,2.0948450141934525,1.6889378206339163,10.0,
metalization,GA,3,56,2.0948450141934525,1.7462547467066052,10.0,
metalization,GA,3,57,2.0948450141934525,1.7561443805365649,10.0,
metalization,GA,3,58,2.0948450141934525,1.7284724194659908,10.0,
metalization,GA,3,59,2.0948450141934525,1.7365699837780675,10.0,
metalization,GA,3,60,2.0948450141934525,1.7291643690573213,10.0,
metalization,GA,3,61,2.0948450141934525,1.7086299268285265,10.0,
metalization,GA,3,62,2.0948450141934525,1.7331008010139748,10.0,
metalization,GA,3,63,2.0948450141934525,1.7834625591554012,10.0,
metalization,GA,3,64,2.0948450141934525,1.7659330069220984,10.0,
metalization,GA,3,65,2.0948450141934525,1.794676589845525,10.0,
metalization,GA,3,66,2.0948450141934525,1.7814619616358371,10.0,
metalization,GA,3,67,2.0948450141934525,1.7200410846695278,10.0,
metalization,GA,3,68,2.0948450141934525,1.7195353256067372,10.0,
metalization,GA,3,69,2.0948450141934525,1.753293090072671,10.0,
metalization,GA,3,70,2.0948450141934525,1.7425753873953809,10.0,
metalization,GA,3,71,2.0948450141934525,1.7620984525116405,10.0,
metalization,GA,3,72,2.0948450141934525,1.807148770791023,10.0,
metalization,GA,3,73,2.0948450141934525,1.7862211960284022,10.0,
metalization,GA,3,74,2.0948450141934525,1.8047012978244126,10.0,
metalization,GA,3,75,2.0948450141934525,1.7926371025500927,10.0,
metalization,GA,3,76,2.0948450141934525,1.8126807119377801,10.0,
metalization,GA,3,77,2.0948450141934525,1.7620770205913516,10.0,
metalization,GA,3,78,2.1253834605858644,1.7562935193020313,9.0,
metalization,GA,3,79,2.1253834605858644,1.7154015425072575,9.0,
metalization,GA,3,80,2.1253834605858644,1.7476381622057253,9.0,
metalization,GA,3,81,2.1253834605858644,1.7515736857198554,9.0,
metalization,GA,3,82,2.1253834605858644,1.7797266613440612,9.0,
metalization,GA,3,83,2.1253834605858644,1.7723006175729445,9.0,
metalization,GA,3,84,2.1253834605858644,1.7544142408587107,9.0,
metalization,GA,3,85,2.1253834605858644,1.7367307333204045,9.0,
metalization,GA,3,86,2.1253834605858644,1.7506085173111117,9.0,
metalization,GA,3,87,2.1253834605858644,1.7424338002188342,9.0,
metalization,GA,3,88,2.1253834605858644,1.7273089962939245,9.0,
metalization,GA,3,89,2.1253834605858644,1.7131134649400295,9.0,
metalization,GA,3,90,2.1253834605858644,1.7529765591215696,9.0,
metalization,GA,3,91,2.1253834605858644,1.7134307835358178,9.0,
metalization,GA,3,92,2.1253834605858644,1.6377250229460394,9.0,
metalization,GA,3,93,2.1253834605858644,1.7445272640971727,9.0,
metalization,GA,3,94,2.1253834605858644,1.7368606381657024,9.0,
metalization,GA,3,95,2.1253834605858644,1.7603490398503019,9.0,
metalization,GA,3,96,2.132187105223835,1.7767612520977174,9.0,
metalization,GA,3,97,2.132187105223835,1.7496809005988183,9.0,
metalization,GA,3,98,2.132187105223835,1.734397999206056,9.0,
metalization,GA,3,99,2.132187105223835,1.8032332734692935,9.0,
metalization,GA,3,100,2.132187105223835,1.7849621829991906,9.0,
metalization,GA,3,101,2.132187105223835,1.7777310475165486,9.0,
metalization,GA,3,102,2.132187105223835,1.7229021481804616,9.0,
metalization,GA,3,103,2.132187105223835,1.740877343524783,9.0,
metalization,GA,3,104,2.132187105223835,1.7524291096881455,9.0,
metalization,GA,3,105,2.132187105223835,1.7483038476680395,9.0,
metalization,GA,3,106,2.132187105223835,1.7854692656756022,9.0,
metalization,GA,3,107,2.132187105223835,1.7924321022646894,9.0,
metalization,GA,3,108,2.132187105223835,1.7744808832281767,9.0,
metalization,GA,3,109,2.132187105223835,1.7741473285651659,9.0,
metalization,GA,3,110,2.132187105223835,1.7804995628388418,9.0,
metalization,GA,3,111,2.132187105223835,1.7802267560625622,9.0,
metalization,GA,3,112,2.132187105223835,1.777667033586825,9.0,
metalization,GA,3,113,2.132187105223835,1.764379872355788,9.0,
metalization,GA,3,114,2.132187105223835,1.7756794351655365,9.0,
metalization,GA,3,115,2.132187105223835,1.7489481729918162,9.0,
metalization,GA,3,116,2.132187105223835,1.7542328138723982,9.0,
metalization,GA,3,117,2.132187105223835,1.7584749064310645,9.0,
metalization,GA,3,118,2.137081511300949,1.792619985576043,9.0,
metalization,GA,3,119,2.137081511300949,1.8057234016237511,9.0,
metalization,GA,3,120,2.137081511300949,1.794349303461352,9.0,
metalization,GA,3,121,2.137081511300949,1.789357911351771,9.0,
metalization,GA,3,122,2.137081511300949,1.7890182681690312,9.0,
metalization,GA,3,123,2.137081511300949,1.777205675708549,9.0,
metalization,GA,3,124,2.137081511300949,1.7851448514228605,9.0,
metalization,GA,3,125,2.137081511300949,1.7752440182679976,9.0,
metalization,GA,3,126,2.137081511300949,1.7723530394729843,9.0,
metalization,GA,3,127,2.137081511300949,1.7946924377041449,9.0,
metalization,GA,3,128,2.137081511300949,1.7940330294853666,9.0,
metalization,GA,3,129,2.137081511300949,1.7930126515128897,9.0,
metalization,GA,3,130,2.137081511300949,1.782110209064939,9.0,
metalization,GA,3,131,2.137081511300949,1.776501218019483,9.0,
metalization,GA,3,132,2.137081511300949,1.7733405877003094,9.0,
metalization,GA,3,133,2.137081511300949,1.7491013668640867,9.0,
metalization,GA,3,134,2.137081511300949,1.7611772717391971,9.0,
metalization,GA,3,135,2.137081511300949,1.7454001065244378,9.0,
metalization,GA,3,136,2.137081511300949,1.7471965386813502,9.0,
metalization,GA,3,137,2.137081511300949,1.7456129228160635,9.0,
metalization,GA,3,138,2.137081511300949,1.763671250797617,9.0,
metalization,GA,3,139,2.137081511300949,1.7662381618875582,9.0,
metalization,GA,3,140,2.137081511300949,1.7432241301980285,9.0,
metalization,GA,3,141,2.137081511300949,1.6971119764515052,9.0,
metalization,GA,3,142,2.137081511300949,1.7456630843687246,9.0,
metalization,GA,3,143,2.137081511300949,1.8048005263139948,9.0,
metalization,GA,3,144,2.137081511300949,1.7442289145932652,9.0,
metalization,GA,3,145,2.137081511300949,1.7475201456214513,9.0,
metalization,GA,3,146,2.137081511300949,1.7673808626388392,9.0,
metalization,GA,3,147,2.137081511300949,1.7515589362338173,9.0,
metalization,GA,3,148,2.137081511300949,1.7476163183288,9.0,
metalization,GA,3,149,2.137081511300949,1.7742424439750786,9.0,
metalization,GA,3,150,2.137081511300949,1.771310633551399,9.0,
metalization,GA,3,151,2.137081511300949,1.752857056470755,9.0,
metalization,GA,3,152,2.137081511300949,1.7460735349591023,9.0,
metalization,GA,3,153,2.137081511300949,1.7436843434727425,9.0,
metalization,GA,3,154,2.137081511300949,1.7419395110671645,9.0,
metalization,GA,3,155,2.137081511300949,1.7560962425332811,9.0,
metalization,GA,3,156,2.137081511300949,1.754394427687712,9.0,
metalization,GA,3,157,2.137081511300949,1.7884470672090553,9.0,
metalization,GA,3,158,2.137081511300949,1.7974455681672061,9.0,
metalization,GA,4,0,1.8885362296192538,1.6013225167365495,19.0,
metalization,GA,4,1,1.9078365964012232,1.6565148468789197,20.0,
metalization,GA,4,2,1.9138641265253333,1.7136130891428067,16.0,
metalization,GA,4,3,1.9509568052834803,1.6896641251018274,14.0,
metalization,GA,4,4,1.9509568052834803,1.7377707587557985,14.0,
metalization,GA,4,5,1.9509568052834803,1.6691206908376224,14.0,
metalization,GA,4,6,1.9509568052834803,1.7026122411998181,14.0,
metalization,GA,4,7,1.9509568052834803,1.6688092107396968,14.0,
metalization,GA,4,8,1.975150542442902,1.6938177932232157,15.0,
metalization,GA,4,9,1.975150542442902,1.6499830647164189,15.0,
metalization,GA,4,10,1.975150542442902,1.66845198396851,15.0,
metalization,GA,4,11,1.975150542442902,1.7150739550811376,15.0,
metalization,GA,4,12,1.975150542442902,1.690478857914691,15.0,
metalization,GA,4,13,1.975150542442902,1.7173707542666832,15.0,
metalization,GA,4,14,1.975150542442902,1.7018080180346344,15.0,
metalization,GA,4,15,1.975150542442902,1.6484863303154327,15.0,
metalization,GA,4,16,1.975150542442902,1.643367766289701,15.0,
metalization,GA,4,17,1.975150542442902,1.6451345951707925,15.0,
metalization,GA,4,18,1.975150542442902,1.6873391713591404,15.0,
metalization,GA,4,19,1.9867228953967881,1.7501225681636452,14.0,
metalization,GA,4,20,1.9867228953967881,1.7457467085848783,14.0,
metalization,GA,4,21,1.9867228953967881,1.7079948910641893,14.0,
metalization,GA,4,22,1.9867228953967881,1.7388887052571544,14.0,
metalization,GA,4,23,1.9867228953967881,1.696100365209945,14.0,
metalization,GA,4,24,1.9867228953967881,1.7033550648072655,14.0,
metalization,GA,4,25,2.0084275314751405,1.7090934962313618,13.0,
metalization,GA,4,26,2.0084275314751405,1.740102674735541,13.0,
metalization,GA,4,27,2.0084275314751405,1.703375243939211,13.0,
metalization,GA,4,28,2.0084275314751405,1.7351601923486797,13.0,
metalization,GA,4,29,2.0084275314751405,1.7154645852667296,13.0,
metalization,GA,4,30,2.0084275314751405,1.7003659121444117,13.0,
metalization,GA,4,31,2.0084275314751405,1.696264754970833,13.0,
metalization,GA,4,32,2.0084275314751405,1.7066181127342261,13.0,
metalization,GA,4,33,2.0335677401525327,1.7137105270582087,12.0,
metalization,GA,4,34,2.0335677401525327,1.7424432400786727,12.0,
metalization,GA,4,35,2.0335677401525327,1.7250023207946825,12.0,
metalization,GA,4,36,2.0335677401525327,1.712363989512708,12.0,
metalization,GA,4,37,2.0335677401525327,1.70486171782745,12.0,
metalization,GA,4,38,2.0335677401525327,1.7180280234801963,12.0,
metalization,GA,4,39,2.0335677401525327,1.6897212956651781,12.0,
metalization,GA,4,40,2.0335677401525327,1.6749271899469,12.0,
metalization,GA,4,41,2.0335677401525327,1.7118050107775225,12.0,
metalization,GA,4,42,2.041917056831672,1.7220910258438273,12.0,
metalization,GA,4,43,2.041917056831672,1.7461770132788839,12.0,
metalization,GA,4,44,2.041917056831672,1.7458980945120934,12.0,
metalization,GA,4,45,2.041917056831672,1.736143220562504,12.0,
metalization,GA,4,46,2.041917056831672,1.7166860500367238,12.0,
metalization,GA,4,47,2.041917056831672,1.7304339835872196,12.0,
metalization,GA,4,48,2.041917056831672,1.7256977771759363,12.0,
metalization,GA,4,49,2.041917056831672,1.756762413434388,12.0,
metalization,GA,4,50,2.041917056831672,1.7584566782179685,12.0,
metalization,GA,4,51,2.041917056831672,1.7456352809278548,12.0,
metalization,GA,4,52,2.041917056831672,1.7277218008306423,12.0,
metalization,GA,4,53,2.041917056831672,1.6929629228503615,12.0,
metalization,GA,4,54,2.041917056831672,1.7479507450856153,12.0,
metalization,GA,4,55,2.041917056831672,1.7165168500487789,12.0,
metalization,GA,4,56,2.041917056831672,1.7244506054278432,12.0,
metalization,GA,4,57,2.041917056831672,1.681612287658097,12.0,
metalization,GA,4,58,2.041917056831672,1.6779097578819517,12.0,
metalization,GA,4,59,2.041917056831672,1.717276467697084,12.0,
metalization,GA,4,60,2.041917056831672,1.721844620822957,12.0,
metalization,GA,4,61,2.041917056831672,1.7463451323606045,12.0,
metalization,GA,4,62,2.041917056831672,1.7418702115893083,12.0,
metalization,GA,4,63,2.041917056831672,1.7325669017355403,12.0,
metalization,GA,4,64,2.041917056831672,1.7309187987955084,12.0,
metalization,GA,4,65,2.041917056831672,1.7009551077362572,12.0,
metalization,GA,4,66,2.041917056831672,1.7230857091767036,12.0,
metalization,GA,4,67,2.041917056831672,1.682826323167061,12.0,
metalization,GA,4,68,2.041917056831672,1.7014439863215465,12.0,
metalization,GA,4,69,2.043941488291483,1.6977985066588839,12.0,
metalization,GA,4,70,2.043941488291483,1.733189303114529,12.0,
metalization,GA,4,71,2.043941488291483,1.731318511504177,12.0,
metalization,GA,4,72,2.043941488291483,1.684536561832381,12.0,
metalization,GA,4,73,2.043941488291483,1.7318195121282411,12.0,
metalization,GA,4,74,2.043941488291483,1.7189515173239944,12.0,
metalization,GA,4,75,2.043941488291483,1.7232622372834883,12.0,
metalization,GA,4,76,2.043941488291483,1.6832319159931708,12.0,
metalization,GA,4,77,2.043941488291483,1.7033709232036518,12.0,
metalization,GA,4,78,2.043941488291483,1.6872868617876982,12.0,
metalization,GA,4,79,2.043941488291483,1.7259119709375284,12.0,
metalization,GA,4,80,2.043941488291483,1.6905570886938974,12.0,
metalization,GA,4,81,2.043941488291483,1.7127787724123522,12.0,
metalization,GA,4,82,2.043941488291483,1.7059813107345598,12.0,
metalization,GA,4,83,2.043941488291483,1.6976751525814784,12.0,
metalization,GA,4,84,2.043941488291483,1.6897095708495644,12.0,
metalization,GA,4,85,2.043941488291483,1.7130950278929844,12.0,
metalization,GA,4,86,2.043941488291483,1.7441438072689759,12.0,
metalization,GA,4,87,2.043941488291483,1.6931858406426308,12.0,
metalization,GA,4,88,2.043941488291483,1.7134685725684662,12.0,
metalization,GA,4,89,2.043941488291483,1.7023817610043097,12.0,
metalization,GA,4,90,2.067753016297708,1.7361679087356119,11.0,
metalization,GA,4,91,2.067753016297708,1.7441230113880564,11.0,
metalization,GA,4,92,2.067753016297708,1.7352161414517102,11.0,
metalization,GA,4,93,2.067753016297708,1.7342325623953712,11.0,
metalization,GA,4,94,2.067753016297708,1.687733166948084,11.0,
metalization,GA,4,95,2.067753016297708,1.6955605056068024,11.0,
metalization,GA,4,96,2.067753016297708,1.7216557124447611,11.0,
metalization,GA,4,97,2.067753016297708,1.7513575744412762,11.0,
metalization,GA,4,98,2.067753016297708,1.7121772301658325,11.0,
metalization,GA,4,99,2.067753016297708,1.7024848582602161,11.0,
metalization,GA,4,100,2.067753016297708,1.7476737782159817,11.0,
metalization,GA,4,101,2.067753016297708,1.7067423876462335,11.0,
metalization,GA,4,102,2.067753016297708,1.684433737358874,11.0,
metalization,GA,4,103,2.067753016297708,1.7254942118032954,11.0,
metalization,GA,4,104,2.067753016297708,1.7782074216432886,11.0,
metalization,GA,4,105,2.067753016297708,1.783867297709127,11.0,
metalization,GA,4,106,2.067753016297708,1.7154473409431499,11.0,
metalization,GA,4,107,2.067753016297708,1.7411946107964364,11.0,
metalization,GA,4,108,2.067753016297708,1.7362298873641524,11.0,
metalization,GA,4,109,2.067753016297708,1.7591767865825276,11.0,
metalization,GA,4,110,2.067753016297708,1.7657748440256236,11.0,
metalization,GA,4,111,2.067753016297708,1.7718184806643698,11.0,
metalization,GA,4,112,2.067753016297708,1.7737069067778173,11.0,
metalization,GA,4,113,2.067753016297708,1.7543422097930992,11.0,
metalization,GA,4,114,2.067753016297708,1.7632683328123193,11.0,
metalization,GA,4,115,2.067753016297708,1.734540081028361,11.0,
metalization,GA,4,116,2.067753016297708,1.7242548567173628,11.0,
metalization,GA,4,117,2.067753016297708,1.7235363521558753,11.0,
metalization,GA,4,118,2.067753016297708,1.7574023713942375,11.0,
metalization,GA,4,119,2.067753016297708,1.7490489612614453,11.0,
metalization,GA,4,120,2.067753016297708,1.746576410858698,11.0,
metalization,GA,4,121,2.067753016297708,1.764617534847546,11.0,
metalization,GA,4,122,2.067753016297708,1.761722346023572,11.0,
metalization,GA,4,123,2.067753016297708,1.7256801304437288,11.0,
metalization,GA,4,124,2.067753016297708,1.7609902321962116,11.0,
metalization,GA,4,125,2.067753016297708,1.7368371964058962,11.0,
metalization,GA,4,126,2.067753016297708,1.7431150433675568,11.0,
metalization,GA,4,127,2.067753016297708,1.7439149812160182,11.0,
metalization,GA,4,128,2.067753016297708,1.7611146007261813,11.0,
metalization,GA,4,129,2.067753016297708,1.776923804001724,11.0,
metalization,GA,4,130,2.067753016297708,1.7685077474062598,11.0,
metalization,TSFGA,0,0,1.9755219700275166,1.4099177466487103,15.0,
metalization,TSFGA,0,1,1.9755219700275166,1.5207908540944135,15.0,
metalization,TSFGA,0,2,2.003928905964175,1.6472705103250747,13.0,
metalization,TSFGA,0,3,2.01828469316288,1.7106091985256673,12.0,
metalization,TSFGA,0,4,2.01828469316288,1.7269044946327519,12.0,
metalization,TSFGA,0,5,2.01828469316288,1.7154690082825943,12.0,
metalization,TSFGA,0,6,2.01828469316288,1.7346966865747369,12.0,
metalization,TSFGA,0,7,2.0281102133436795,1.7790311770086362,12.0,
metalization,TSFGA,0,8,2.0469866630336933,1.7637245733962466,13.0,
metalization,TSFGA,0,9,2.0469866630336933,1.738995167879602,13.0,
metalization,TSFGA,0,10,2.0469866630336933,1.7436094267496451,13.0,
metalization,TSFGA,0,11,2.0469866630336933,1.7734890244032946,13.0,
metalization,TSFGA,0,12,2.0559338171617028,1.7700680895615275,11.0,
metalization,TSFGA,0,13,2.0559338171617028,1.7722856966563358,11.0,
metalization,TSFGA,0,14,2.0559338171617028,1.7711436839846246,11.0,
metalization,TSFGA,0,15,2.0559338171617028,1.765128782041573,11.0,
metalization,TSFGA,0,16,2.0559338171617028,1.7275095790479646,11.0,
metalization,TSFGA,0,17,2.0559338171617028,1.68760103713796,11.0,
metalization,TSFGA,0,18,2.0559338171617028,1.69622600978428,11.0,
metalization,TSFGA,0,19,2.0559338171617028,1.700492367480385,11.0,
metalization,TSFGA,0,20,2.0559338171617028,1.7040642026239432,11.0,
metalization,TSFGA,0,21,2.0559338171617028,1.7047224112647126,11.0,
metalization,TSFGA,0,22,2.0559338171617028,1.724375418402127,11.0,
metalization,TSFGA,0,23,2.0559338171617028,1.7420616585056679,11.0,
metalization,TSFGA,0,24,2.0559338171617028,1.7594525316825014,11.0,
metalization,TSFGA,0,25,2.0559338171617028,1.7083868374666362,11.0,
metalization,TSFGA,0,26,2.0559338171617028,1.7717467657177728,11.0,
metalization,TSFGA,0,27,2.056509416784681,1.7494912534927791,12.0,
metalization,TSFGA,0,28,2.056509416784681,1.7802483861789036,12.0,
metalization,TSFGA,0,29,2.072015537736301,1.7513650589095549,10.0,
metalization,TSFGA,0,30,2.072015537736301,1.6993183934411284,10.0,
metalization,TSFGA,0,31,2.087747680365968,1.7049665413296715,10.0,
metalization,TSFGA,0,32,2.087747680365968,1.7520362074214433,10.0,
metalization,TSFGA,0,33,2.087747680365968,1.7074856152838969,10.0,
metalization,TSFGA,0,34,2.087747680365968,1.709301657745386,10.0,
metalization,TSFGA,0,35,2.087747680365968,1.7238865428054442,10.0,
metalization,TSFGA,0,36,2.087747680365968,1.8003529781092715,10.0,
metalization,TSFGA,0,37,2.087747680365968,1.786391486475083,10.0,
metalization,TSFGA,0,38,2.093960226372823,1.7871067471208353,10.0,
metalization,TSFGA,0,39,2.093960226372823,1.7126229625200757,10.0,
metalization,TSFGA,0,40,2.093960226372823,1.738105455288029,10.0,
metalization,TSFGA,0,41,2.093960226372823,1.7853506117912943,10.0,
metalization,TSFGA,0,42,2.093960226372823,1.7397110392534423,10.0,
metalization,TSFGA,0,43,2.093960226372823,1.73356046212457,10.0,
metalization,TSFGA,0,44,2.093960226372823,1.7711032663493753,10.0,
metalization,TSFGA,0,45,2.093960226372823,1.8349269438046147,10.0,
metalization,TSFGA,0,46,2.093960226372823,1.8115377797026526,10.0,
metalization,TSFGA,0,47,2.093960226372823,1.8209188068367546,10.0,
metalization,TSFGA,0,48,2.093960226372823,1.738434297329062,10.0,
metalization,TSFGA,0,49,2.093960226372823,1.7243404851464288,10.0,
metalization,TSFGA,0,50,2.093960226372823,1.721820648303693,10.0,
metalization,TSFGA,0,51,2.093960226372823,1.7453227806144027,10.0,
metalization,TSFGA,0,52,2.093960226372823,1.7591552251335663,10.0,
metalization,TSFGA,0,53,2.093960226372823,1.7623074917332389,10.0,
metalization,TSFGA,0,54,2.093960226372823,1.7312990025321908,10.0,
metalization,TSFGA,0,55,2.093960226372823,1.7650945641191143,10.0,
metalization,TSFGA,0,56,2.093960226372823,1.745242354654375,10.0,
metalization,TSFGA,0,57,2.093960226372823,1.7075037832999187,10.0,
metalization,TSFGA,0,58,2.093960226372823,1.7191597728289405,10.0,
metalization,TSFGA,0,59,2.093960226372823,1.7451187575127698,10.0,
metalization,TSFGA,0,60,2.0989847568923774,1.7274716316149408,10.0,
metalization,TSFGA,0,61,2.0989847568923774,1.7576835831342017,10.0,
metalization,TSFGA,0,62,2.0989847568923774,1.7731926682723749,10.0,
metalization,TSFGA,0,63,2.0989847568923774,1.8002542717007546,10.0,
metalization,TSFGA,0,64,2.0989847568923774,1.84286599803183,10.0,
metalization,TSFGA,0,65,2.0989847568923774,1.8021459465847491,10.0,
metalization,TSFGA,0,66,2.0989847568923774,1.8119460054596683,10.0,
metalization,TSFGA,0,67,2.0989847568923774,1.7450697953391312,10.0,
metalization,TSFGA,0,68,2.0989847568923774,1.8008571916960334,10.0,
metalization,TSFGA,0,69,2.0989847568923774,1.7648273948101163,10.0,
metalization,TSFGA,0,70,2.0989847568923774,1.7547281880402423,10.0,
metalization,TSFGA,0,71,2.0989847568923774,1.7758329763827596,10.0,
metalization,TSFGA,0,72,2.0989847568923774,1.788546183122029,10.0,
metalization,TSFGA,0,73,2.0989847568923774,1.7929835342598615,10.0,
metalization,TSFGA,0,74,2.0989847568923774,1.7641776999191763,10.0,
metalization,TSFGA,0,75,2.0989847568923774,1.679146805762366,10.0,
metalization,TSFGA,0,76,2.0989847568923774,1.7546708646510845,10.0,
metalization,TSFGA,0,77,2.0989847568923774,1.684861510362293,10.0,
metalization,TSFGA,0,78,2.0989847568923774,1.7868737270135426,10.0,
metalization,TSFGA,0,79,2.0989847568923774,1.7400511738880418,10.0,
metalization,TSFGA,0,80,2.0989847568923774,1.768551985176432,10.0,
metalization,TSFGA,0,81,2.1051518248119927,1.737029054814953,10.0,
metalization,TSFGA,0,82,2.1051518248119927,1.7259595164383499,10.0,
metalization,TSFGA,0,83,2.1051518248119927,1.708298409327019,10.0,
metalization,TSFGA,0,84,2.1051518248119927,1.759349115661206,10.0,
metalization,TSFGA,0,85,2.1051518248119927,1.7946725004242126,10.0,
metalization,TSFGA,0,86,2.1051518248119927,1.7053694859022026,10.0,
metalization,TSFGA,0,87,2.1051518248119927,1.6654149539467753,10.0,
metalization,TSFGA,0,88,2.1051518248119927,1.735365091212346,10.0,
metalization,TSFGA,0,89,2.1051518248119927,1.7190865121957937,10.0,
metalization,TSFGA,0,90,2.1051518248119927,1.7664644547756843,10.0,
metalization,TSFGA,0,91,2.1051518248119927,1.7009336137232463,10.0,
metalization,TSFGA,0,92,2.1051518248119927,1.6990657539977683,10.0,
metalization,TSFGA,0,93,2.1051518248119927,1.7370242775221854,10.0,
metalization,TSFGA,0,94,2.1051518248119927,1.7592240569236417,10.0,
metalization,TSFGA,0,95,2.1189259040681505,1.7645963003417673,9.0,
metalization,TSFGA,0,96,2.1189259040681505,1.8071234433780439,9.0,
metalization,TSFGA,0,97,2.1189259040681505,1.7722819698011727,9.0,
metalization,TSFGA,0,98,2.1189259040681505,1.8442033035824814,9.0,
metalization,TSFGA,0,99,2.1189259040681505,1.7876222004938989,9.0,
metalization,TSFGA,0,100,2.1189259040681505,1.8381512580668002,9.0,
metalization,TSFGA,0,101,2.1189259040681505,1.7767029851615987,9.0,
metalization,TSFGA,0,102,2.1189259040681505,1.765871390784922,9.0,
metalization,TSFGA,0,103,2.1189259040681505,1.7710083168608215,9.0,
metalization,TSFGA,0,104,2.1189259040681505,1.7677831005127735,9.0,
metalization,TSFGA,0,105,2.1189259040681505,1.7467920351681734,9.0,
metalization,TSFGA,0,106,2.1189259040681505,1.7916962179814195,9.0,
metalization,TSFGA,0,107,2.1189259040681505,1.7855846651831697,9.0,
metalization,TSFGA,0,108,2.1189259040681505,1.7875882455436034,9.0,
metalization,TSFGA,0,109,2.1189259040681505,1.8195382229972672,9.0,
metalization,TSFGA,0,110,2.1189259040681505,1.8012699869571804,9.0,
metalization,TSFGA,0,111,2.1189259040681505,1.7257554163936468,9.0,
metalization,TSFGA,0,112,2.1189259040681505,1.7305619916009973,9.0,
metalization,TSFGA,0,113,2.1189259040681505,1.740960999908713,9.0,
metalization,TSFGA,0,114,2.1189259040681505,1.7942681959326237,9.0,
metalization,TSFGA,0,115,2.1189259040681505,1.8172339392180554,9.0,
metalization,TSFGA,0,116,2.1189259040681505,1.7702668280655973,9.0,
metalization,TSFGA,0,117,2.1189259040681505,1.7323392576321777,9.0,
metalization,TSFGA,0,118,2.1189259040681505,1.7750953112531307,9.0,
metalization,TSFGA,0,119,2.1259657322019674,1.778378905345685,10.0,
metalization,TSFGA,0,120,2.1259657322019674,1.8313941187894514,10.0,
metalization,TSFGA,0,121,2.1259657322019674,1.7591317568064262,10.0,
metalization,TSFGA,0,122,2.1259657322019674,1.806063758185838,10.0,
metalization,TSFGA,0,123,2.1259657322019674,1.7367271128969826,10.0,
metalization,TSFGA,0,124,2.1259657322019674,1.7174066199296796,10.0,
metalization,TSFGA,0,125,2.1259657322019674,1.71338459844197,10.0,
metalization,TSFGA,0,126,2.1259657322019674,1.7229196018767063,10.0,
metalization,TSFGA,0,127,2.1259657322019674,1.7252983890846025,10.0,
metalization,TSFGA,0,128,2.1259657322019674,1.7046953089825743,10.0,
metalization,TSFGA,0,129,2.1259657322019674,1.7716441647537144,10.0,
metalization,TSFGA,0,130,2.1259657322019674,1.7720673758770586,10.0,
metalization,TSFGA,0,131,2.1259657322019674,1.736232004091064,10.0,
metalization,TSFGA,0,132,2.1259657322019674,1.6988989424638092,10.0,
metalization,TSFGA,0,133,2.1259657322019674,1.7656731498797065,10.0,
metalization,TSFGA,0,134,2.1259657322019674,1.756390985417021,10.0,
metalization,TSFGA,0,135,2.1259657322019674,1.7300492648207488,10.0,
metalization,TSFGA,0,136,2.1259657322019674,1.73100783806258,10.0,
metalization,TSFGA,0,137,2.1259657322019674,1.720928907574151,10.0,
metalization,TSFGA,0,138,2.1259657322019674,1.7526446075768454,10.0,
metalization,TSFGA,0,139,2.1259657322019674,1.783414273395789,10.0,
metalization,TSFGA,0,140,2.1259657322019674,1.7519925412667774,10.0,
metalization,TSFGA,0,141,2.1259657322019674,1.718520585767375,10.0,
metalization,TSFGA,0,142,2.1259657322019674,1.779995702767892,10.0,
metalization,TSFGA,0,143,2.1259657322019674,1.7756268129765993,10.0,
metalization,TSFGA,0,144,2.1259657322019674,1.7534006263208475,10.0,
metalization,TSFGA,0,145,2.1259657322019674,1.769622661862647,10.0,
metalization,TSFGA,0,146,2.1259657322019674,1.7660412606290934,10.0,
metalization,TSFGA,0,147,2.1259657322019674,1.821557084026543,10.0,
metalization,TSFGA,0,148,2.1259657322019674,1.7957229936932726,10.0,
metalization,TSFGA,0,149,2.1259657322019674,1.7736974095459714,10.0,
metalization,TSFGA,0,150,2.1259657322019674,1.7805589933037669,10.0,
metalization,TSFGA,0,151,2.1259657322019674,1.783005423937294,10.0,
metalization,TSFGA,0,152,2.1259657322019674,1.762702471277608,10.0,
metalization,TSFGA,0,153,2.1259657322019674,1.7694663782856186,10.0,
metalization,TSFGA,0,154,2.1259657322019674,1.7904035256648263,10.0,
metalization,TSFGA,0,155,2.1259657322019674,1.735685508789293,10.0,
metalization,TSFGA,0,156,2.1259657322019674,1.76898030008793,10.0,
metalization,TSFGA,0,157,2.1259657322019674,1.73964858012856,10.0,
metalization,TSFGA,0,158,2.1259657322019674,1.7318905776935172,10.0,
metalization,TSFGA,0,159,2.1259657322019674,1.7241914081945464,10.0,
metalization,TSFGA,1,0,1.9612393247679496,1.3920645689647344,16.0,
metalization,TSFGA,1,1,1.9612393247679496,1.4676844512386347,16.0,
metalization,TSFGA,1,2,1.9642869701418793,1.6501069412436695,17.0,
metalization,TSFGA,1,3,1.9786750043847774,1.7153295936655766,15.0,
metalization,TSFGA,1,4,2.0461498716862123,1.7145447150327002,12.0,
metalization,TSFGA,1,5,2.0461498716862123,1.7307769674371016,12.0,
metalization,TSFGA,1,6,2.0461498716862123,1.6979636259040838,12.0,
metalization,TSFGA,1,7,2.0461498716862123,1.7034602213735972,12.0,
metalization,TSFGA,1,8,2.049143779624596,1.7729257328266534,12.0,
metalization,TSFGA,1,9,2.049143779624596,1.7838093776213264,12.0,
metalization,TSFGA,1,10,2.049143779624596,1.759538126250908,12.0,
metalization,TSFGA,1,11,2.049143779624596,1.7673426081594514,12.0,
metalization,TSFGA,1,12,2.049143779624596,1.6896969674248203,12.0,
metalization,TSFGA,1,13,2.055246137943891,1.7278484087952641,11.0,
metalization,TSFGA,1,14,2.055246137943891,1.7127089131456856,11.0,
metalization,TSFGA,1,15,2.055246137943891,1.7338312714043673,11.0,
metalization,TSFGA,1,16,2.055246137943891,1.715704199089533,11.0,
metalization,TSFGA,1,17,2.055246137943891,1.7362431269111043,11.0,
metalization,TSFGA,1,18,2.055246137943891,1.6935487094096366,11.0,
metalization,TSFGA,1,19,2.055246137943891,1.722152375782994,11.0,
metalization,TSFGA,1,20,2.055246137943891,1.7661227202319316,11.0,
metalization,TSFGA,1,21,2.055246137943891,1.686668099546252,11.0,
metalization,TSFGA,1,22,2.055246137943891,1.7300678010901496,11.0,
metalization,TSFGA,1,23,2.055246137943891,1.7638053671162628,11.0,
metalization,TSFGA,1,24,2.055246137943891,1.7074908437299556,11.0,
metalization,TSFGA,1,25,2.055246137943891,1.7268685718767691,11.0,
metalization,TSFGA,1,26,2.055246137943891,1.7092815786262439,11.0,
metalization,TSFGA,1,27,2.055246137943891,1.676538093226912,11.0,
metalization,TSFGA,1,28,2.055246137943891,1.7328955781325583,11.0,
metalization,TSFGA,1,29,2.055246137943891,1.7624406399965715,11.0,
metalization,TSFGA,1,30,2.055246137943891,1.7304275211172147,11.0,
metalization,TSFGA,1,31,2.055246137943891,1.7444787127873624,11.0,
metalization,TSFGA,1,32,2.055246137943891,1.7558089399058168,11.0,
metalization,TSFGA,1,33,2.055246137943891,1.7743698944893496,11.0,
metalization,TSFGA,1,34,2.055246137943891,1.7463257158700203,11.0,
metalization,TSFGA,1,35,2.055246137943891,1.735265332647958,11.0,
metalization,TSFGA,1,36,2.074777567151794,1.6963949995167458,10.0,
metalization,TSFGA,1,37,2.074777567151794,1.7416752919151446,10.0,
metalization,TSFGA,1,38,2.074777567151794,1.7205701456069082,10.0,
metalization,TSFGA,1,39,2.074777567151794,1.7016091873378234,10.0,
metalization,TSFGA,1,40,2.0793926782302545,1.7204961173202356,11.0,
metalization,TSFGA,1,41,2.0793926782302545,1.7344815691198925,11.0,
metalization,TSFGA,1,42,2.0793926782302545,1.6720617337735917,11.0,
metalization,TSFGA,1,43,2.0793926782302545,1.718125709871601,11.0,
metalization,TSFGA,1,44,2.1202471849086257,1.7089951269009114,9.0,
metalization,TSFGA,1,45,2.1202471849086257,1.7264397933352158,9.0,
metalization,TSFGA,1,46,2.1202471849086257,1.709205275154266,9.0,
metalization,TSFGA,1,47,2.1202471849086257,1.7742353783708709,9.0,
metalization,TSFGA,1,48,2.1202471849086257,1.7481260305435342,9.0,
metalization,TSFGA,1,49,2.1202471849086257,1.700763714788242,9.0,
metalization,TSFGA,1,50,2.1202471849086257,1.7418806990131284,9.0,
metalization,TSFGA,1,51,2.1202471849086257,1.731764158898482,9.0,
metalization,TSFGA,1,52,2.1202471849086257,1.8003176163196273,9.0,
metalization,TSFGA,1,53,2.1202471849086257,1.7858420427686368,9.0,
metalization,TSFGA,1,54,2.1202471849086257,1.7448177151176474,9.0,
metalization,TSFGA,1,55,2.1202471849086257,1.6926138964341029,9.0,
metalization,TSFGA,1,56,2.1202471849086257,1.7482627454306754,9.0,
metalization,TSFGA,1,57,2.1202471849086257,1.7237363778764287,9.0,
metalization,TSFGA,1,58,2.1202471849086257,1.7817747780145303,9.0,
metalization,TSFGA,1,59,2.1202471849086257,1.7101261902341656,9.0,
metalization,TSFGA,1,60,2.1202471849086257,1.742804753408955,9.0,
metalization,TSFGA,1,61,2.1202471849086257,1.7067160766816118,9.0,
metalization,TSFGA,1,62,2.1202471849086257,1.7659393459857395,9.0,
metalization,TSFGA,1,63,2.1202471849086257,1.678262762367634,9.0,
metalization,TSFGA,1,64,2.1202471849086257,1.673350037224191,9.0,
metalization,TSFGA,1,65,2.1202471849086257,1.7923363388731048,9.0,
metalization,TSFGA,1,66,2.1202471849086257,1.7297100212596803,9.0,
metalization,TSFGA,1,67,2.1202471849086257,1.7161520890935642,9.0,
metalization,TSFGA,1,68,2.1202471849086257,1.745875116923152,9.0,
metalization,TSFGA,1,69,2.1202471849086257,1.752929351514241,9.0,
metalization,TSFGA,1,70,2.1202471849086257,1.7609160834996544,9.0,
metalization,TSFGA,1,71,2.1202471849086257,1.7078973420187118,9.0,
metalization,TSFGA,1,72,2.1202471849086257,1.6872190372057951,9.0,
metalization,TSFGA,1,73,2.1202471849086257,1.6771221504908553,9.0,
metalization,TSFGA,1,74,2.1202471849086257,1.7486366611008546,9.0,
metalization,TSFGA,1,75,2.1202471849086257,1.7125364552482012,9.0,
metalization,TSFGA,1,76,2.1202471849086257,1.7283988831505108,9.0,
metalization,TSFGA,1,77,2.1202471849086257,1.7222944593258085,9.0,
metalization,TSFGA,1,78,2.1202471849086257,1.7628166438474928,9.0,
metalization,TSFGA,1,79,2.1202471849086257,1.7812955361720852,9.0,
metalization,TSFGA,1,80,2.1202471849086257,1.7803281897228902,9.0,
metalization,TSFGA,1,81,2.1202471849086257,1.7773578938841255,9.0,
metalization,TSFGA,1,82,2.1202471849086257,1.8015146689205568,9.0,
metalization,TSFGA,1,83,2.1202471849086257,1.7406415671689799,9.0,
metalization,TSFGA,1,84,2.1202471849086257,1.764588467089343,9.0,
metalization,TSFGA,2,0,1.9466963431352957,1.4026120251131124,18.0,
metalization,TSFGA,2,1,1.9671242288412687,1.5591658553095333,17.0,
metalization,TSFGA,2,2,1.9671242288412687,1.645095241168563,17.0,
metalization,TSFGA,2,3,1.9724542914125256,1.645344946315515,15.0,
metalization,TSFGA,2,4,1.9724542914125256,1.678738515616666,15.0,
metalization,TSFGA,2,5,1.9935211853215844,1.7015982867361306,16.0,
metalization,TSFGA,2,6,1.9935211853215844,1.7014993971967898,16.0,
metalization,TSFGA,2,7,1.9935211853215844,1.6960025439156545,16.0,
metalization,TSFGA,2,8,1.9935211853215844,1.7239369542811773,16.0,
metalization,TSFGA,2,9,1.9935211853215844,1.694358450453261,16.0,
metalization,TSFGA,2,10,1.9935211853215844,1.723971197217211,16.0,
metalization,TSFGA,2,11,2.0094644722896184,1.7358940967540755,15.0,
metalization,TSFGA,2,12,2.0094644722896184,1.7356302725540467,15.0,
metalization,TSFGA,2,13,2.0094644722896184,1.7196670485187646,15.0,
metalization,TSFGA,2,14,2.0094644722896184,1.6983624695319492,15.0,
metalization,TSFGA,2,15,2.0094644722896184,1.7040669617916255,15.0,
metalization,TSFGA,2,16,2.019106389086368,1.689724193034413,14.0,
metalization,TSFGA,2,17,2.019106389086368,1.7310038872043971,14.0,
metalization,TSFGA,2,18,2.0213890663635077,1.7061319751795487,14.0,
metalization,TSFGA,2,19,2.0213890663635077,1.734576191136663,14.0,
metalization,TSFGA,2,20,2.0213890663635077,1.7233748174471244,14.0,
metalization,TSFGA,2,21,2.0348737728181865,1.7111707373421208,14.0,
metalization,TSFGA,2,22,2.0348737728181865,1.7282215842742346,14.0,
metalization,TSFGA,2,23,2.0497935287558846,1.7389771383239534,13.0,
metalization,TSFGA,2,24,2.0497935287558846,1.7562987918340602,13.0,
metalization,TSFGA,2,25,2.0497935287558846,1.7103509266297265,13.0,
metalization,TSFGA,2,26,2.0497935287558846,1.741365128525537,13.0,
metalization,TSFGA,2,27,2.0497935287558846,1.6777571238763762,13.0,
metalization,TSFGA,2,28,2.0497935287558846,1.7151229555735128,13.0,
metalization,TSFGA,2,29,2.0497935287558846,1.7175862204033212,13.0,
metalization,TSFGA,2,30,2.0605348892499507,1.7040675175218496,12.0,
metalization,TSFGA,2,31,2.0605348892499507,1.7455536422657438,12.0,
metalization,TSFGA,2,32,2.0605348892499507,1.7522207390304096,12.0,
metalization,TSFGA,2,33,2.0605348892499507,1.7380022330608558,12.0,
metalization,TSFGA,2,34,2.0605348892499507,1.767820768072098,12.0,
metalization,TSFGA,2,35,2.060578740675472,1.777090108168219,12.0,
metalization,TSFGA,2,36,2.060578740675472,1.7530881637573135,12.0,
metalization,TSFGA,2,37,2.060578740675472,1.6981429851248682,12.0,
metalization,TSFGA,2,38,2.060578740675472,1.6819259834643325,12.0,
metalization,TSFGA,2,39,2.060578740675472,1.6709514004622297,12.0,
metalization,TSFGA,2,40,2.060578740675472,1.738696872326173,12.0,
metalization,TSFGA,2,41,2.0827448506645148,1.793995656200245,11.0,
metalization,TSFGA,2,42,2.0827448506645148,1.7619844757808767,11.0,
metalization,TSFGA,2,43,2.0827448506645148,1.7276342137915364,11.0,
metalization,TSFGA,2,44,2.1024128870995527,1.753196475145188,10.0,
metalization,TSFGA,2,45,2.1024128870995527,1.7352341403041844,10.0,
metalization,TSFGA,2,46,2.1024128870995527,1.7130741983659448,10.0,
metalization,TSFGA,2,47,2.1024128870995527,1.6813778675858273,10.0,
metalization,TSFGA,2,48,2.1024128870995527,1.7526521506171533,10.0,
metalization,TSFGA,2,49,2.1024128870995527,1.7469495965086022,10.0,
metalization,TSFGA,2,50,2.1024128870995527,1.7352164516570667,10.0,
metalization,TSFGA,2,51,2.1024128870995527,1.7281656789281996,10.0,
metalization,TSFGA,2,52,2.1024128870995527,1.7633071048324098,10.0,
metalization,TSFGA,2,53,2.1024128870995527,1.7420343373689917,10.0,
metalization,TSFGA,2,54,2.1024128870995527,1.7417299076572725,10.0,
metalization,TSFGA,2,55,2.1024128870995527,1.7707691955388747,10.0,
metalization,TSFGA,2,56,2.1024128870995527,1.768494568123706,10.0,
metalization,TSFGA,2,57,2.1024128870995527,1.7826527603685662,10.0,
metalization,TSFGA,2,58,2.1024128870995527,1.7271395877734341,10.0,
metalization,TSFGA,2,59,2.1024128870995527,1.7708208515041164,10.0,
metalization,TSFGA,2,60,2.1024128870995527,1.7149077841764655,10.0,
metalization,TSFGA,2,61,2.158700021482173,1.7426027173257388,8.0,
metalization,TSFGA,2,62,2.158700021482173,1.7652444593180163,8.0,
metalization,TSFGA,2,63,2.158700021482173,1.7559394676242097,8.0,
metalization,TSFGA,2,64,2.158700021482173,1.709944848577998,8.0,
metalization,TSFGA,2,65,2.158700021482173,1.7270491753557404,8.0,
metalization,TSFGA,2,66,2.158700021482173,1.7234471131678781,8.0,
metalization,TSFGA,2,67,2.158700021482173,1.7503066097744937,8.0,
metalization,TSFGA,2,68,2.158700021482173,1.7793524287990796,8.0,
metalization,TSFGA,2,69,2.158700021482173,1.725407167085819,8.0,
metalization,TSFGA,2,70,2.158700021482173,1.7851753140898132,8.0,
metalization,TSFGA,2,71,2.158700021482173,1.745825034360108,8.0,
metalization,TSFGA,2,72,2.158700021482173,1.7007425268368195,8.0,
metalization,TSFGA,2,73,2.158700021482173,1.6917782969502002,8.0,
metalization,TSFGA,2,74,2.158700021482173,1.725375848560137,8.0,
metalization,TSFGA,2,75,2.158700021482173,1.6725835772513862,8.0,
metalization,TSFGA,2,76,2.158700021482173,1.6955743108980912,8.0,
metalization,TSFGA,2,77,2.158700021482173,1.717882802648461,8.0,
metalization,TSFGA,2,78,2.158700021482173,1.7383159171620064,8.0,
metalization,TSFGA,2,79,2.158700021482173,1.7103642615959358,8.0,
metalization,TSFGA,2,80,2.158700021482173,1.7549228238125338,8.0,
metalization,TSFGA,2,81,2.158700021482173,1.728428456547261,8.0,
metalization,TSFGA,2,82,2.158700021482173,1.6889111080953252,8.0,
metalization,TSFGA,2,83,2.158700021482173,1.7768538220345005,8.0,
metalization,TSFGA,2,84,2.158700021482173,1.7745136160414314,8.0,
metalization,TSFGA,2,85,2.158700021482173,1.7606033162464363,8.0,
metalization,TSFGA,2,86,2.158700021482173,1.747256966094047,8.0,
metalization,TSFGA,2,87,2.158700021482173,1.7706697841183037,8.0,
metalization,TSFGA,2,88,2.158700021482173,1.745121699525479,8.0,
metalization,TSFGA,2,89,2.158700021482173,1.7737056101278388,8.0,
metalization,TSFGA,2,90,2.158700021482173,1.7957388764515443,8.0,
metalization,TSFGA,2,91,2.158700021482173,1.7457052109938491,8.0,
metalization,TSFGA,2,92,2.158700021482173,1.709472138470851,8.0,
metalization,TSFGA,2,93,2.158700021482173,1.68118885344852,8.0,
metalization,TSFGA,2,94,2.158700021482173,1.7261202789376568,8.0,
metalization,TSFGA,2,95,2.158700021482173,1.7611075112341044,8.0,
metalization,TSFGA,2,96,2.158700021482173,1.6965673557277383,8.0,
metalization,TSFGA,2,97,2.158700021482173,1.7350263815718556,8.0,
metalization,TSFGA,2,98,2.158700021482173,1.699975816027851,8.0,
metalization,TSFGA,2,99,2.158700021482173,1.7295022485012859,8.0,
metalization,TSFGA,2,100,2.158700021482173,1.6743583585306836,8.0,
metalization,TSFGA,2,101,2.158700021482173,1.6939926840263717,8.0,
metalization,TSFGA,3,0,1.8758310798434858,1.3674124760746575,21.0,
metalization,TSFGA,3,1,1.9243362915906455,1.5763548529429836,19.0,
metalization,TSFGA,3,2,1.9840124164819852,1.5863562027381495,15.0,
metalization,TSFGA,3,3,1.9864924513003657,1.6888470608050536,15.0,
metalization,TSFGA,3,4,1.994638928806942,1.7015374930296052,14.0,
metalization,TSFGA,3,5,1.994638928806942,1.7385371114211057,14.0,
metalization,TSFGA,3,6,1.994638928806942,1.7333032431253415,14.0,
metalization,TSFGA,3,7,1.994638928806942,1.677158620532652,14.0,
metalization,TSFGA,3,8,1.9965156513195468,1.7278130728348775,16.0,
metalization,TSFGA,3,9,1.9965156513195468,1.746939418299751,16.0,
metalization,TSFGA,3,10,1.9965156513195468,1.7130698928269268,16.0,
metalization,TSFGA,3,11,2.001667340203075,1.6179998437745298,13.0,
metalization,TSFGA,3,12,2.0216010080446067,1.6666552013762277,12.0,
metalization,TSFGA,3,13,2.0344869229263143,1.6908739297213375,11.0,
metalization,TSFGA,3,14,2.0344869229263143,1.6953301891708357,11.0,
metalization,TSFGA,3,15,2.040913627540141,1.7206697216684623,11.0,
metalization,TSFGA,3,16,2.0739864941264363,1.7580229887941101,11.0,
metalization,TSFGA,3,17,2.0739864941264363,1.7776085958590002,11.0,
metalization,TSFGA,3,18,2.0739864941264363,1.76999923207829,11.0,
metalization,TSFGA,3,19,2.0739864941264363,1.7604317440201633,11.0,
metalization,TSFGA,3,20,2.0739864941264363,1.7750220714257428,11.0,
metalization,TSFGA,3,21,2.0739864941264363,1.7744253883410175,11.0,
metalization,TSFGA,3,22,2.0739864941264363,1.7827218794771167,11.0,
metalization,TSFGA,3,23,2.0739864941264363,1.7379695936382311,11.0,
metalization,TSFGA,3,24,2.0739864941264363,1.7483710070718792,11.0,
metalization,TSFGA,3,25,2.0739864941264363,1.7104370476104047,11.0,
metalization,TSFGA,3,26,2.0739864941264363,1.7205079299319306,11.0,
metalization,TSFGA,3,27,2.0739864941264363,1.7061589404715185,11.0,
metalization,TSFGA,3,28,2.0739864941264363,1.6899382344338665,11.0,
metalization,TSFGA,3,29,2.0739864941264363,1.6918717855425143,11.0,
metalization,TSFGA,3,30,2.0739864941264363,1.7337645889912534,11.0,
metalization,TSFGA,3,31,2.0739864941264363,1.752557238277273,11.0,
metalization,TSFGA,3,32,2.0739864941264363,1.709137959227565,11.0,
metalization,TSFGA,3,33,2.1010759109638215,1.7207336757292158,10.0,
metalization,TSFGA,3,34,2.1010759109638215,1.7518289837171757,10.0,
metalization,TSFGA,3,35,2.1010759109638215,1.7051327414258666,10.0,
metalization,TSFGA,3,36,2.108566058999295,1.77643373688569,9.0,
metalization,TSFGA,3,37,2.108566058999295,1.761747353310603,9.0,
metalization,TSFGA,3,38,2.108566058999295,1.7565623031798245,9.0,
metalization,TSFGA,3,39,2.108566058999295,1.7473777057197672,9.0,
metalization,TSFGA,3,40,2.108566058999295,1.7218071559420651,9.0,
metalization,TSFGA,3,41,2.108566058999295,1.6839857315558593,9.0,
metalization,TSFGA,3,42,2.108566058999295,1.6738094681715623,9.0,
metalization,TSFGA,3,43,2.108566058999295,1.662202475445429,9.0,
metalization,TSFGA,3,44,2.1226137219441172,1.685844749479537,9.0,
metalization,TSFGA,3,45,2.1316321912050977,1.7065825496814253,9.0,
metalization,TSFGA,3,46,2.1316321912050977,1.7293503975323432,9.0,
metalization,TSFGA,3,47,2.1316321912050977,1.7529829218705715,9.0,
metalization,TSFGA,3,48,2.1316321912050977,1.7617928051432994,9.0,
metalization,TSFGA,3,49,2.1316321912050977,1.6945712976164262,9.0,
metalization,TSFGA,3,50,2.1316321912050977,1.713062642971917,9.0,
metalization,TSFGA,3,51,2.1316321912050977,1.700678709126867,9.0,
metalization,TSFGA,3,52,2.1316321912050977,1.708120375519797,9.0,
metalization,TSFGA,3,53,2.1316321912050977,1.7805397702729195,9.0,
metalization,TSFGA,3,54,2.1316321912050977,1.7752713029576863,9.0,
metalization,TSFGA,3,55,2.1316321912050977,1.7930014453355803,9.0,
metalization,TSFGA,3,56,2.1316321912050977,1.796390847073446,9.0,
metalization,TSFGA,3,57,2.1316321912050977,1.7825796178234197,9.0,
metalization,TSFGA,3,58,2.1316321912050977,1.7733475694194536,9.0,
metalization,TSFGA,3,59,2.1316321912050977,1.7455803308472184,9.0,
metalization,TSFGA,3,60,2.1316321912050977,1.778489541929727,9.0,
metalization,TSFGA,3,61,2.1316321912050977,1.776085808648801,9.0,
metalization,TSFGA,3,62,2.1316321912050977,1.7725394661532725,9.0,
metalization,TSFGA,3,63,2.1316321912050977,1.7153163196878716,9.0,
metalization,TSFGA,3,64,2.1316321912050977,1.736614491856567,9.0,
metalization,TSFGA,3,65,2.1316321912050977,1.695607993702082,9.0,
metalization,TSFGA,3,66,2.1316321912050977,1.68664239036559,9.0,
metalization,TSFGA,3,67,2.1316321912050977,1.6684217180185648,9.0,
metalization,TSFGA,3,68,2.1316321912050977,1.7279220717716126,9.0,
metalization,TSFGA,3,69,2.1316321912050977,1.7415831532815162,9.0,
metalization,TSFGA,3,70,2.1316321912050977,1.7276142536212817,9.0,
metalization,TSFGA,3,71,2.1316321912050977,1.6926179759126825,9.0,
metalization,TSFGA,3,72,2.1316321912050977,1.7649791376220716,9.0,
metalization,TSFGA,3,73,2.1316321912050977,1.7744274236265298,9.0,
metalization,TSFGA,3,74,2.1316321912050977,1.816138358769565,9.0,
metalization,TSFGA,3,75,2.1316321912050977,1.7728328936867057,9.0,
metalization,TSFGA,3,76,2.1316321912050977,1.7463992959341224,9.0,
metalization,TSFGA,3,77,2.1316321912050977,1.752997458422857,9.0,
metalization,TSFGA,3,78,2.1316321912050977,1.69764745357744,9.0,
metalization,TSFGA,3,79,2.1316321912050977,1.7364431790133008,9.0,
metalization,TSFGA,3,80,2.1316321912050977,1.6898877634614387,9.0,
metalization,TSFGA,3,81,2.1316321912050977,1.7423881454474077,9.0,
metalization,TSFGA,3,82,2.1316321912050977,1.7374434864718928,9.0,
metalization,TSFGA,3,83,2.1316321912050977,1.745105409767124,9.0,
metalization,TSFGA,3,84,2.1316321912050977,1.7790817380068522,9.0,
metalization,TSFGA,3,85,2.1316321912050977,1.8000706388774765,9.0,
metalization,TSFGA,4,0,1.931817071347424,1.47548288795194,16.0,
metalization,TSFGA,4,1,1.9550901569090333,1.621648379355357,16.0,
metalization,TSFGA,4,2,1.9550901569090333,1.6359147463090813,16.0,
metalization,TSFGA,4,3,1.9550901569090333,1.6644205113041568,16.0,
metalization,TSFGA,4,4,1.9687549090350822,1.7001084521158643,14.0,
metalization,TSFGA,4,5,1.9687549090350822,1.6950291941699682,14.0,
metalization,TSFGA,4,6,1.9687549090350822,1.7310480155769856,14.0,
metalization,TSFGA,4,7,1.9714660496007805,1.7442382380922605,14.0,
metalization,TSFGA,4,8,1.9752563837824355,1.7470372460401358,14.0,
metalization,TSFGA,4,9,1.9752563837824355,1.7387937801334155,14.0,
metalization,TSFGA,4,10,1.9752563837824355,1.7418714268232134,14.0,
metalization,TSFGA,4,11,2.0418154150589127,1.72050057641573,11.0,
metalization,TSFGA,4,12,2.0418154150589127,1.7095665725338673,11.0,
metalization,TSFGA,4,13,2.0418154150589127,1.724424695632763,11.0,
metalization,TSFGA,4,14,2.0418154150589127,1.699919535295124,11.0,
metalization,TSFGA,4,15,2.046200566979085,1.7555527614539936,12.0,
metalization,TSFGA,4,16,2.046200566979085,1.7137370661879032,12.0,
metalization,TSFGA,4,17,2.0465818542976963,1.7169029601918957,10.0,
metalization,TSFGA,4,18,2.0465818542976963,1.692676594191824,10.0,
metalization,TSFGA,4,19,2.0465818542976963,1.7233300313225008,10.0,
metalization,TSFGA,4,20,2.0643579913415513,1.65725132115493,11.0,
metalization,TSFGA,4,21,2.074979135420177,1.6817409500616152,11.0,
metalization,TSFGA,4,22,2.074979135420177,1.7237953627770835,11.0,
metalization,TSFGA,4,23,2.074979135420177,1.7279217780182783,11.0,
metalization,TSFGA,4,24,2.074979135420177,1.7194989485656489,11.0,
metalization,TSFGA,4,25,2.074979135420177,1.7612001856757893,11.0,
metalization,TSFGA,4,26,2.074979135420177,1.7528647092492307,11.0,
metalization,TSFGA,4,27,2.074979135420177,1.724725305061137,11.0,
metalization,TSFGA,4,28,2.074979135420177,1.7115452263734923,11.0,
metalization,TSFGA,4,29,2.074979135420177,1.7210269616714762,11.0,
metalization,TSFGA,4,30,2.074979135420177,1.7864198907398197,11.0,
metalization,TSFGA,4,31,2.074979135420177,1.7459659813434663,11.0,
metalization,TSFGA,4,32,2.074979135420177,1.7772434042161436,11.0,
metalization,TSFGA,4,33,2.1102413377904923,1.7840305018987976,9.0,
metalization,TSFGA,4,34,2.1102413377904923,1.7579219579284107,9.0,
metalization,TSFGA,4,35,2.1102413377904923,1.8094042829201957,9.0,
metalization,TSFGA,4,36,2.1102413377904923,1.7260612352708926,9.0,
metalization,TSFGA,4,37,2.1102413377904923,1.7845821629239822,9.0,
metalization,TSFGA,4,38,2.1102413377904923,1.7622668561101578,9.0,
metalization,TSFGA,4,39,2.1102413377904923,1.7304695218449608,9.0,
metalization,TSFGA,4,40,2.1102413377904923,1.7159988251749954,9.0,
metalization,TSFGA,4,41,2.1102413377904923,1.760078107849651,9.0,
metalization,TSFGA,4,42,2.1102413377904923,1.7570522120813838,9.0,
metalization,TSFGA,4,43,2.1102413377904923,1.7452664476301123,9.0,
metalization,TSFGA,4,44,2.1102413377904923,1.7647586215172661,9.0,
metalization,TSFGA,4,45,2.1102413377904923,1.787869913901617,9.0,
metalization,TSFGA,4,46,2.1102413377904923,1.7329524188392953,9.0,
metalization,TSFGA,4,47,2.1102413377904923,1.7362931584435557,9.0,
metalization,TSFGA,4,48,2.1102413377904923,1.7458507622344364,9.0,
metalization,TSFGA,4,49,2.1102413377904923,1.7026434655724636,9.0,
metalization,TSFGA,4,50,2.1102413377904923,1.7397071922490195,9.0,
metalization,TSFGA,4,51,2.1102413377904923,1.7545581067525482,9.0,
metalization,TSFGA,4,52,2.1102413377904923,1.7521296119497634,9.0,
metalization,TSFGA,4,53,2.1102413377904923,1.7610463736812119,9.0,
metalization,TSFGA,4,54,2.1102413377904923,1.7250667837449392,9.0,
metalization,TSFGA,4,55,2.1102413377904923,1.7483962737584497,9.0,
metalization,TSFGA,4,56,2.1102413377904923,1.8161651624109858,9.0,
metalization,TSFGA,4,57,2.1102413377904923,1.749687660809426,9.0,
metalization,TSFGA,4,58,2.1102413377904923,1.7400108769305191,9.0,
metalization,TSFGA,4,59,2.1102413377904923,1.7800595186877122,9.0,
metalization,TSFGA,4,60,2.1102413377904923,1.7638557270556319,9.0,
metalization,TSFGA,4,61,2.1102413377904923,1.7372515668647885,9.0,
metalization,TSFGA,4,62,2.1102413377904923,1.7210892469459211,9.0,
metalization,TSFGA,4,63,2.1102413377904923,1.6765558295957697,9.0,
metalization,TSFGA,4,64,2.1102413377904923,1.703855269341649,9.0,
metalization,TSFGA,4,65,2.1102413377904923,1.7380328378028658,9.0,
metalization,TSFGA,4,66,2.1102413377904923,1.7446372749427894,9.0,
metalization,TSFGA,4,67,2.126461954157492,1.7726734292753032,8.0,
metalization,TSFGA,4,68,2.126461954157492,1.7374253541255709,8.0,
metalization,TSFGA,4,69,2.126461954157492,1.7512999891863168,8.0,
metalization,TSFGA,4,70,2.126461954157492,1.709492813864749,8.0,
metalization,TSFGA,4,71,2.126461954157492,1.7159342690431898,8.0,
metalization,TSFGA,4,72,2.126461954157492,1.7412338505903846,8.0,
metalization,TSFGA,4,73,2.126461954157492,1.7571989661868632,8.0,
metalization,TSFGA,4,74,2.126461954157492,1.7180993923729395,8.0,
metalization,TSFGA,4,75,2.126461954157492,1.7312532466046835,8.0,
metalization,TSFGA,4,76,2.126461954157492,1.6948023873385107,8.0,
metalization,TSFGA,4,77,2.126461954157492,1.6298041092345172,8.0,
metalization,TSFGA,4,78,2.126461954157492,1.6700655312018546,8.0,
metalization,TSFGA,4,79,2.126461954157492,1.6668311157024516,8.0,
metalization,TSFGA,4,80,2.126461954157492,1.7524915515263053,8.0,
metalization,TSFGA,4,81,2.126461954157492,1.716151738212038,8.0,
metalization,TSFGA,4,82,2.126461954157492,1.727239715273214,8.0,
metalization,TSFGA,4,83,2.126461954157492,1.7428722990336574,8.0,
metalization,TSFGA,4,84,2.126461954157492,1.7028151370712645,8.0,
metalization,TSFGA,4,85,2.1742298559481803,1.7043218488598089,7.0,
metalization,TSFGA,4,86,2.1742298559481803,1.7732008923562348,7.0,
metalization,TSFGA,4,87,2.1742298559481803,1.7160579244946994,7.0,
metalization,TSFGA,4,88,2.1742298559481803,1.7633721778349056,7.0,
metalization,TSFGA,4,89,2.1742298559481803,1.7063908706348532,7.0,
metalization,TSFGA,4,90,2.1742298559481803,1.7309048497514987,7.0,
metalization,TSFGA,4,91,2.1742298559481803,1.7112901507356768,7.0,
metalization,TSFGA,4,92,2.1742298559481803,1.6728324194359927,7.0,
metalization,TSFGA,4,93,2.1742298559481803,1.745009633282169,7.0,
metalization,TSFGA,4,94,2.1742298559481803,1.7734478657896957,7.0,
metalization,TSFGA,4,95,2.1742298559481803,1.7631658814862887,7.0,
metalization,TSFGA,4,96,2.1742298559481803,1.7378972251580413,7.0,
metalization,TSFGA,4,97,2.1742298559481803,1.7340733302603712,7.0,
metalization,TSFGA,4,98,2.1742298559481803,1.7102073512616358,7.0,
metalization,TSFGA,4,99,2.1742298559481803,1.683854859618495,7.0,
metalization,TSFGA,4,100,2.1742298559481803,1.6753165511554986,7.0,
metalization,TSFGA,4,101,2.1742298559481803,1.7478086287198924,7.0,
metalization,TSFGA,4,102,2.1742298559481803,1.782009933616307,7.0,
metalization,TSFGA,4,103,2.1742298559481803,1.7643391841281253,7.0,
metalization,TSFGA,4,104,2.1742298559481803,1.749473432853852,7.0,
metalization,TSFGA,4,105,2.1742298559481803,1.7564898583578787,7.0,
metalization,TSFGA,4,106,2.1742298559481803,1.7948563100069606,7.0,
metalization,TSFGA,4,107,2.1742298559481803,1.6901911837958987,7.0,
metalization,TSFGA,4,108,2.1742298559481803,1.6670673620971665,7.0,
metalization,TSFGA,4,109,2.1742298559481803,1.717660179896067,7.0,
metalization,TSFGA,4,110,2.1742298559481803,1.7250939922161475,7.0,
metalization,TSFGA,4,111,2.1742298559481803,1.719523443187913,7.0,
metalization,TSFGA,4,112,2.1742298559481803,1.7027811448536716,7.0,
metalization,TSFGA,4,113,2.1742298559481803,1.7382405804817118,7.0,
metalization,TSFGA,4,114,2.1742298559481803,1.7156315181778001,7.0,
metalization,TSFGA,4,115,2.1742298559481803,1.7209145195564837,7.0,
metalization,TSFGA,4,116,2.1742298559481803,1.7708335423155934,7.0,
metalization,TSFGA,4,117,2.1742298559481803,1.7012283934555117,7.0,
metalization,TSFGA,4,118,2.1742298559481803,1.7739538906662091,7.0,
metalization,TSFGA,4,119,2.1742298559481803,1.7398914844786817,7.0,
metalization,TSFGA,4,120,2.1742298559481803,1.7502494159158082,7.0,
metalization,TSFGA,4,121,2.1742298559481803,1.7584624803603752,7.0,
metalization,TSFGA,4,122,2.1742298559481803,1.7589921079799755,7.0,
metalization,TSFGA,4,123,2.1742298559481803,1.8021078525760637,7.0,
metalization,TSFGA,4,124,2.1742298559481803,1.8315779146323123,7.0,
metalization,TSFGA,4,125,2.1742298559481803,1.8200155188993137,7.0,
metalization,NSGA2,0,0,0.6445718611725177,0.41201905850954035,,4.0
metalization,NSGA2,0,1,0.6445718611725177,0.5551888775582527,,2.0
metalization,NSGA2,0,2,0.6445718611725177,0.5469695781272428,,5.0
metalization,NSGA2,0,3,0.6451551940208151,0.557172751796854,,7.0
metalization,NSGA2,0,4,0.6504071344182933,0.5861250633541581,,3.0
metalization,NSGA2,0,5,0.6550913471607722,0.5848013893506644,,3.0
metalization,NSGA2,0,6,0.6570990171547653,0.6103285923405283,,4.0
metalization,NSGA2,0,7,0.6570990171547653,0.6273872648699147,,3.0
metalization,NSGA2,0,8,0.6632737037864982,0.6114257858338397,,2.0
metalization,NSGA2,0,9,0.6632737037864982,0.5990650532519624,,2.0
metalization,NSGA2,0,10,0.6636170352682547,0.5887986850071769,,5.0
metalization,NSGA2,0,11,0.6656363457124989,0.5942554228411211,,4.0
metalization,NSGA2,0,12,0.6656363457124989,0.5695129274451872,,6.0
metalization,NSGA2,0,13,0.6656363457124989,0.5575591581927284,,4.0
metalization,NSGA2,0,14,0.6658564240870765,0.5358932955528902,,6.0
metalization,NSGA2,0,15,0.6665430901964973,0.5477133939467931,,5.0
metalization,NSGA2,0,16,0.6672518313785656,0.5569432294928739,,4.0
metalization,NSGA2,0,17,0.6672518313785656,0.5956828019457172,,4.0
metalization,NSGA2,0,18,0.6672518313785656,0.6161665225722677,,7.0
metalization,NSGA2,0,19,0.6676770648456392,0.6271700316694135,,9.0
metalization,NSGA2,0,20,0.6676770648456392,0.611707702098703,,12.0
metalization,NSGA2,0,21,0.6676770648456392,0.6141578374245092,,27.0
metalization,NSGA2,0,22,0.6679666482394351,0.6145129736187347,,31.0
metalization,NSGA2,0,23,0.6679666482394351,0.6243811913349588,,48.0
metalization,NSGA2,0,24,0.6679666482394351,0.6425610888947908,,63.0
metalization,NSGA2,0,25,0.6689589944656974,0.6411424272887638,,68.0
metalization,NSGA2,0,26,0.6689589944656974,0.642939647501485,,80.0
metalization,NSGA2,0,27,0.6689589944656974,0.6429779699204439,,80.0
metalization,NSGA2,0,28,0.6689589944656974,0.6425234829508695,,80.0
metalization,NSGA2,0,29,0.6689589944656974,0.6425769474904479,,80.0
metalization,NSGA2,0,30,0.6689589944656974,0.6374961562781509,,80.0
metalization,NSGA2,0,31,0.6689589944656974,0.6318821071051403,,80.0
metalization,NSGA2,0,32,0.6689589944656974,0.6327637210495991,,80.0
metalization,NSGA2,0,33,0.6689589944656974,0.6275788765979662,,80.0
metalization,NSGA2,0,34,0.6689589944656974,0.6217184227306889,,80.0
metalization,NSGA2,0,35,0.6689589944656974,0.6103883730951891,,80.0
metalization,NSGA2,0,36,0.6689589944656974,0.6049571239492895,,80.0
metalization,NSGA2,0,37,0.6689589944656974,0.5993047281539561,,80.0
metalization,NSGA2,0,38,0.6689589944656974,0.5989946945891698,,80.0
metalization,NSGA2,0,39,0.6689589944656974,0.592641407129995,,80.0
metalization,NSGA2,0,40,0.6689589944656974,0.5928878118242618,,80.0
metalization,NSGA2,0,41,0.6689589944656974,0.5931999473389054,,80.0
metalization,NSGA2,0,42,0.6689589944656974,0.5876899272018667,,80.0
metalization,NSGA2,0,43,0.6689589944656974,0.5882231851625803,,80.0
metalization,NSGA2,0,44,0.6689589944656974,0.5762537223771738,,80.0
metalization,NSGA2,0,45,0.6689589944656974,0.5761113709222428,,80.0
metalization,NSGA2,0,46,0.6689589944656974,0.5706649796557237,,80.0
metalization,NSGA2,0,47,0.6689589944656974,0.5817124041278552,,80.0
metalization,NSGA2,0,48,0.6689589944656974,0.5819588088221218,,80.0
metalization,NSGA2,0,49,0.6689589944656974,0.5763851840179275,,80.0
metalization,NSGA2,0,50,0.6689589944656974,0.5710558619581425,,80.0
metalization,NSGA2,0,51,0.6689589944656974,0.5770991158525309,,80.0
metalization,NSGA2,0,52,0.6689589944656974,0.5776323738132445,,80.0
metalization,NSGA2,0,53,0.6689589944656974,0.5728363097141733,,80.0
metalization,NSGA2,0,54,0.6689589944656974,0.5724988677479691,,80.0
metalization,NSGA2,0,55,0.6689589944656974,0.5782148682104582,,80.0
metalization,NSGA2,0,56,0.6689589944656974,0.5727431704923784,,80.0
metalization,NSGA2,0,57,0.6689589944656974,0.5844388201821004,,80.0
metalization,NSGA2,0,58,0.6689589944656974,0.5838289173834689,,80.0
metalization,NSGA2,0,59,0.6689589944656974,0.5837905949645099,,80.0
metalization,NSGA2,0,60,0.6689589944656974,0.5833381857414289,,80.0
metalization,NSGA2,0,61,0.6689589944656974,0.5829898297576837,,80.0
metalization,NSGA2,0,62,0.6689589944656974,0.5828221718511921,,80.0
metalization,NSGA2,0,63,0.6689589944656974,0.5772738292951946,,80.0
metalization,NSGA2,0,64,0.6689589944656974,0.5775202339894613,,80.0
metalization,NSGA2,0,65,0.6689589944656974,0.577210200424675,,80.0
metalization,NSGA2,0,66,0.6689589944656974,0.5827050784410941,,80.0
metalization,NSGA2,0,67,0.6689589944656974,0.582197126931941,,80.0
metalization,NSGA2,0,68,0.6689589944656974,0.5884463611517801,,80.0
metalization,NSGA2,0,69,0.6689589944656974,0.5883191276141048,,80.0
metalization,NSGA2,0,70,0.6689589944656974,0.5831595654106687,,80.0
metalization,NSGA2,0,71,0.6689589944656974,0.5770122582769444,,80.0
metalization,NSGA2,0,72,0.6689589944656974,0.5720587006023227,,80.0
metalization,NSGA2,0,73,0.6689589944656974,0.5606608181965885,,80.0
metalization,NSGA2,0,74,0.6689589944656974,0.5554629335741936,,80.0
metalization,NSGA2,0,75,0.6689589944656974,0.5501993423347853,,80.0
metalization,NSGA2,0,76,0.6689589944656974,0.5392176486830309,,80.0
metalization,NSGA2,0,77,0.6689589944656974,0.5386207860551616,,80.0
metalization,NSGA2,0,78,0.6689589944656974,0.5330218790027704,,80.0
metalization,NSGA2,0,79,0.6689589944656974,0.53281589867732,,80.0
metalization,NSGA2,0,80,0.6689589944656974,0.5495135927915638,,80.0
metalization,NSGA2,0,81,0.6689589944656974,0.5666809159960015,,80.0
metalization,NSGA2,0,82,0.6689589944656974,0.5780109656315012,,80.0
metalization,NSGA2,0,83,0.6689589944656974,0.5901611022907977,,80.0
metalization,NSGA2,0,84,0.6689589944656974,0.5898591311070952,,80.0
metalization,NSGA2,0,85,0.6689589944656974,0.5896127264128284,,80.0
metalization,NSGA2,0,86,0.6689589944656974,0.5900672375857667,,80.0
metalization,NSGA2,0,87,0.6689589944656974,0.5836777296574904,,80.0
metalization,NSGA2,0,88,0.6689589944656974,0.5838352232330409,,80.0
metalization,NSGA2,0,89,0.6689589944656974,0.5838099167814803,,80.0
metalization,NSGA2,0,90,0.6689589944656974,0.5778454096748671,,80.0
metalization,NSGA2,0,91,0.6689589944656974,0.5790138526824089,,80.0
metalization,NSGA2,0,92,0.6689589944656974,0.5733340726890215,,80.0
metalization,NSGA2,0,93,0.6689589944656974,0.5731917212340905,,80.0
metalization,NSGA2,0,94,0.6689589944656974,0.5726837697249374,,80.0
metalization,NSGA2,0,95,0.6689589944656974,0.5729938032897237,,80.0
metalization,NSGA2,0,96,0.6689589944656974,0.5731614611962152,,80.0
metalization,NSGA2,0,97,0.6689589944656974,0.5671182073018268,,80.0
metalization,NSGA2,0,98,0.6689589944656974,0.5778151738403556,,80.0
metalization,NSGA2,0,99,0.6689589944656974,0.5783484075977054,,80.0
metalization,NSGA2,0,100,0.6689589944656974,0.5778151496369919,,80.0
metalization,NSGA2,0,101,0.6689589944656974,0.5776858141494593,,80.0
metalization,NSGA2,0,102,0.6689589944656974,0.5718253602821819,,80.0
metalization,NSGA2,0,103,0.6689589944656974,0.5829111071732722,,80.0
metalization,NSGA2,0,104,0.6689589944656974,0.651845937822587,,80.0
metalization,NSGA2,0,105,0.6689589944656974,0.6524174939988958,,80.0
metalization,NSGA2,0,106,0.6689589944656974,0.6527679519324984,,80.0
metalization,NSGA2,0,107,0.6689589944656974,0.6495612360948618,,80.0
metalization,NSGA2,0,108,0.6689589944656974,0.6501327922711706,,80.0
metalization,NSGA2,0,109,0.6689589944656974,0.6501327922711706,,80.0
metalization,NSGA2,0,110,0.6689589944656974,0.6502368455105063,,80.0
metalization,NSGA2,0,111,0.6689589944656974,0.6508720547606985,,80.0
metalization,NSGA2,0,112,0.6689589944656974,0.6515455622264856,,80.0
metalization,NSGA2,0,113,0.6689589944656974,0.6521171426061583,,80.0
metalization,NSGA2,0,114,0.6689589944656974,0.6518323912895687,,80.0
metalization,NSGA2,0,115,0.6689589944656974,0.6524443960380577,,80.0
metalization,NSGA2,0,116,0.6689589944656974,0.652093938104455,,80.0
metalization,NSGA2,0,117,0.6689589944656974,0.6453936531627351,,80.0
metalization,NSGA2,0,118,0.6689589944656974,0.641940508427468,,80.0
metalization,NSGA2,0,119,0.6689589944656974,0.6359946038925316,,80.0
metalization,NSGA2,0,120,0.6689589944656974,0.6322820142922356,,80.0
metalization,NSGA2,0,121,0.6689589944656974,0.6252565778684737,,80.0
metalization,NSGA2,0,122,0.6689589944656974,0.6225578135399902,,80.0
metalization,NSGA2,0,123,0.6689589944656974,0.6196994536860989,,80.0
metalization,NSGA2,0,124,0.6689589944656974,0.6228808630721748,,80.0
metalization,NSGA2,0,125,0.6689589944656974,0.6196973275328777,,80.0
metalization,NSGA2,0,126,0.6689589944656974,0.6200224790149196,,80.0
metalization,NSGA2,0,127,0.6689589944656974,0.6199205277254413,,80.0
metalization,NSGA2,0,128,0.6689589944656974,0.6164269828247216,,80.0
metalization,NSGA2,0,129,0.6689589944656974,0.6127123154779321,,80.0
metalization,NSGA2,0,130,0.6689589944656974,0.6159211332654259,,80.0
metalization,NSGA2,0,131,0.6689589944656974,0.618635039714529,,80.0
metalization,NSGA2,0,132,0.6689589944656974,0.6186603461660896,,80.0
metalization,NSGA2,0,133,0.6689589944656974,0.6185967172955701,,80.0
metalization,NSGA2,0,134,0.6689589944656974,0.6155959817833839,,80.0
metalization,NSGA2,0,135,0.6689589944656974,0.6157787818104951,,80.0
metalization,NSGA2,0,136,0.6689589944656974,0.6181675125741923,,80.0
metalization,NSGA2,0,137,0.6689589944656974,0.6175938302446624,,80.0
metalization,NSGA2,0,138,0.6689589944656974,0.6147396742904857,,80.0
metalization,NSGA2,0,139,0.6689589944656974,0.6114289052135133,,80.0
metalization,NSGA2,0,140,0.6689589944656974,0.6114541874617101,,80.0
metalization,NSGA2,0,141,0.6689589944656974,0.6083898472823683,,80.0
metalization,NSGA2,0,142,0.6689589944656974,0.6150627238226704,,80.0
metalization,NSGA2,0,143,0.6689589944656974,0.6150222994538541,,80.0
metalization,NSGA2,0,144,0.6689589944656974,0.6121790817205823,,80.0
metalization,NSGA2,0,145,0.6689589944656974,0.6123084172081149,,80.0
metalization,NSGA2,0,146,0.6689589944656974,0.6157636638932393,,80.0
metalization,NSGA2,0,147,0.6689589944656974,0.6128820995376447,,80.0
metalization,NSGA2,0,148,0.6689589944656974,0.6103126706966938,,80.0
metalization,NSGA2,0,149,0.6689589944656974,0.6073927839221404,,80.0
metalization,NSGA2,0,150,0.6689589944656974,0.6075098531288745,,80.0
metalization,NSGA2,0,151,0.6689589944656974,0.6078350046109164,,80.0
metalization,NSGA2,0,152,0.6689589944656974,0.6111840961068478,,80.0
metalization,NSGA2,0,153,0.6689589944656974,0.6074057998895388,,80.0
metalization,NSGA2,0,154,0.6689589944656974,0.6134919781329125,,80.0
metalization,NSGA2,0,155,0.6689589944656974,0.6171279228952906,,80.0
metalization,NSGA2,0,156,0.6689589944656974,0.6166734117223522,,80.0
metalization,NSGA2,0,157,0.6689589944656974,0.6164270070280855,,80.0
metalization,NSGA2,0,158,0.6689589944656974,0.6192681470148638,,80.0
metalization,NSGA2,0,159,0.6689589944656974,0.6190853469877526,,80.0
metalization,NSGA2,0,160,0.6689589944656974,0.6157998601589771,,80.0
metalization,NSGA2,0,161,0.6689589944656974,0.6190702048671332,,80.0
metalization,NSGA2,0,162,0.6689589944656974,0.6191085272860921,,80.0
metalization,NSGA2,0,163,0.6689589944656974,0.6153323330186403,,80.0
metalization,NSGA2,0,164,0.6689589944656974,0.6160100443841422,,80.0
metalization,NSGA2,0,165,0.6689589944656974,0.6156212640315808,,80.0
metalization,NSGA2,0,166,0.6689589944656974,0.6186603219627258,,80.0
metalization,NSGA2,0,167,0.6689589944656974,0.6164796976777001,,80.0
metalization,NSGA2,0,168,0.6689589944656974,0.6192167844251426,,80.0
metalization,NSGA2,0,169,0.6689589944656974,0.6191936041268032,,80.0
metalization,NSGA2,0,170,0.6689589944656974,0.6189471994325364,,80.0
metalization,NSGA2,0,171,0.6689589944656974,0.6285016403284331,,80.0
metalization,NSGA2,0,172,0.6689589944656974,0.6249293244365743,,80.0
metalization,NSGA2,0,173,0.6689589944656974,0.6243577440569018,,80.0
metalization,NSGA2,0,174,0.6689589944656974,0.6211914525880816,,80.0
metalization,NSGA2,0,175,0.6689589944656974,0.6215549264890825,,80.0
metalization,NSGA2,0,176,0.6689589944656974,0.621166146136521,,80.0
metalization,NSGA2,0,177,0.6689589944656974,0.6183229041998854,,80.0
metalization,NSGA2,0,178,0.6689589944656974,0.6190621424860494,,80.0
metalization,NSGA2,0,179,0.6689589944656974,0.622268858323686,,80.0
metalization,NSGA2,0,180,0.6689589944656974,0.6221901115359108,,80.0
metalization,NSGA2,0,181,0.6689589944656974,0.6221113647481354,,80.0
metalization,NSGA2,0,182,0.6689589944656974,0.622721267546767,,80.0
metalization,NSGA2,0,183,0.6689589944656974,0.6231100478993284,,80.0
metalization,NSGA2,0,184,0.6689589944656974,0.62561584786976,,80.0
metalization,NSGA2,0,185,0.6689589944656974,0.6252291694670558,,80.0
metalization,NSGA2,0,186,0.6689589944656974,0.6184652798581801,,80.0
metalization,NSGA2,0,187,0.6689589944656974,0.6154645443459941,,80.0
metalization,NSGA2,0,188,0.6689589944656974,0.6086240098992006,,80.0
metalization,NSGA2,0,189,0.6689589944656974,0.6081968829243163,,80.0
metalization,NSGA2,0,190,0.6689589944656974,0.6144679631446583,,80.0
metalization,NSGA2,0,191,0.6689589944656974,0.613975129552761,,80.0
metalization,NSGA2,0,192,0.6689589944656974,0.6137308268083517,,80.0
metalization,NSGA2,0,193,0.6689589944656974,0.6106917688772067,,80.0
metalization,NSGA2,0,194,0.6689589944656974,0.6073043549623165,,80.0
metalization,NSGA2,0,195,0.6689589944656974,0.6072407502951608,,80.0
metalization,NSGA2,0,196,0.6689589944656974,0.6071771456280051,,80.0
metalization,NSGA2,0,197,0.6689589944656974,0.6038259521822165,,80.0
metalization,NSGA2,0,198,0.6689589944656974,0.610303012728009,,80.0
metalization,NSGA2,0,199,0.6689589944656974,0.6097546368500396,,80.0
metalization,NSGA2,0,200,0.6689589944656974,0.6135965377345045,,80.0
metalization,NSGA2,1,0,0.6396216531236132,0.4022822844823672,,2.0
metalization,NSGA2,1,1,0.6396216531236132,0.5216478819875595,,4.0
metalization,NSGA2,1,2,0.6396216531236132,0.5613186658978606,,4.0
metalization,NSGA2,1,3,0.6432223881737953,0.5731184112687758,,2.0
metalization,NSGA2,1,4,0.6484886449228552,0.5793431972386337,,4.0
metalization,NSGA2,1,5,0.653170946472384,0.5708057200852197,,4.0
metalization,NSGA2,1,6,0.653170946472384,0.5791503687601789,,4.0
metalization,NSGA2,1,7,0.653170946472384,0.5918764705775529,,7.0
metalization,NSGA2,1,8,0.6533622909073209,0.6094629706104643,,6.0
metalization,NSGA2,1,9,0.6585675670258366,0.6330555946130559,,4.0
metalization,NSGA2,1,10,0.6590089397005487,0.6397410553206624,,5.0
metalization,NSGA2,1,11,0.6600506218486215,0.643734465074893,,5.0
metalization,NSGA2,1,12,0.6686586064830529,0.6459699260997881,,6.0
metalization,NSGA2,1,13,0.6707092906393572,0.6457816520947849,,8.0
metalization,NSGA2,1,14,0.672826407759717,0.643338153052649,,6.0
metalization,NSGA2,1,15,0.672826407759717,0.6372177154777031,,10.0
metalization,NSGA2,1,16,0.672826407759717,0.6315875845762686,,12.0
metalization,NSGA2,1,17,0.672826407759717,0.6274375946611475,,19.0
metalization,NSGA2,1,18,0.672826407759717,0.6178165924222742,,33.0
metalization,NSGA2,1,19,0.672826407759717,0.6184434092878609,,52.0
metalization,NSGA2,1,20,0.672826407759717,0.6257411188875095,,72.0
metalization,NSGA2,1,21,0.672826407759717,0.6357537665204134,,80.0
metalization,NSGA2,1,22,0.672826407759717,0.6296731252807299,,80.0
metalization,NSGA2,1,23,0.672826407759717,0.6240125345642425,,80.0
metalization,NSGA2,1,24,0.672826407759717,0.6182713607297329,,80.0
metalization,NSGA2,1,25,0.672826407759717,0.6127381613809686,,80.0
metalization,NSGA2,1,26,0.672826407759717,0.6548850110222985,,80.0
metalization,NSGA2,1,27,0.672826407759717,0.6546956128532189,,80.0
metalization,NSGA2,1,28,0.672826407759717,0.6557048456866263,,80.0
metalization,NSGA2,1,29,0.672826407759717,0.6554592323332935,,80.0
metalization,NSGA2,1,30,0.672826407759717,0.6555489848334293,,80.0
metalization,NSGA2,1,31,0.672826407759717,0.6517468973792895,,80.0
metalization,NSGA2,1,32,0.672826407759717,0.6485339922353613,,80.0
metalization,NSGA2,1,33,0.672826407759717,0.6445239302954762,,80.0
metalization,NSGA2,1,34,0.672826407759717,0.6412883472831772,,80.0
metalization,NSGA2,1,35,0.672826407759717,0.6389908209208158,,80.0
metalization,NSGA2,1,36,0.672826407759717,0.6360425916811423,,80.0
metalization,NSGA2,1,37,0.672826407759717,0.6292732124364072,,80.0
metalization,NSGA2,1,38,0.672826407759717,0.6292732124364072,,80.0
metalization,NSGA2,1,39,0.672826407759717,0.6227870854125925,,80.0
metalization,NSGA2,1,40,0.672826407759717,0.6232633511200418,,80.0
metalization,NSGA2,1,41,0.672826407759717,0.6231885596191227,,80.0
metalization,NSGA2,1,42,0.672826407759717,0.6203920896809411,,80.0
metalization,NSGA2,1,43,0.672826407759717,0.6170853304851722,,80.0
metalization,NSGA2,1,44,0.672826407759717,0.61332088189862,,80.0
metalization,NSGA2,1,45,0.672826407759717,0.6136979881713811,,80.0
metalization,NSGA2,1,46,0.672826407759717,0.6108489183663955,,80.0
metalization,NSGA2,1,47,0.672826407759717,0.6108303420497296,,80.0
metalization,NSGA2,1,48,0.672826407759717,0.6131469309630128,,80.0
metalization,NSGA2,1,49,0.672826407759717,0.6131655072796786,,80.0
metalization,NSGA2,1,50,0.672826407759717,0.6166276410943888,,80.0
metalization,NSGA2,1,51,0.672826407759717,0.6168923169986434,,80.0
metalization,NSGA2,1,52,0.672826407759717,0.6168923169986434,,80.0
metalization,NSGA2,1,53,0.672826407759717,0.613547918935287,,80.0
metalization,NSGA2,1,54,0.672826407759717,0.6135479189352869,,80.0
metalization,NSGA2,1,55,0.672826407759717,0.6135479189352869,,80.0
metalization,NSGA2,1,56,0.672826407759717,0.6137409324218159,,80.0
metalization,NSGA2,1,57,0.672826407759717,0.6130335281259945,,80.0
metalization,NSGA2,1,58,0.672826407759717,0.6095523317603627,,80.0
metalization,NSGA2,1,59,0.672826407759717,0.6094961165761094,,80.0
metalization,NSGA2,1,60,0.672826407759717,0.6122460269464068,,80.0
metalization,NSGA2,1,61,0.672826407759717,0.6148268055296885,,80.0
metalization,NSGA2,1,62,0.672826407759717,0.6183265782119862,,80.0
metalization,NSGA2,1,63,0.672826407759717,0.614807742978767,,80.0
metalization,NSGA2,1,64,0.672826407759717,0.6112889077455474,,80.0
metalization,NSGA2,1,65,0.672826407759717,0.6113791464799391,,80.0
metalization,NSGA2,1,66,0.672826407759717,0.6125628164832095,,80.0
metalization,NSGA2,1,67,0.672826407759717,0.6193358110453938,,80.0
metalization,NSGA2,1,68,0.672826407759717,0.6160290518496249,,80.0
metalization,NSGA2,1,69,0.672826407759717,0.6233309119860625,,80.0
metalization,NSGA2,1,70,0.672826407759717,0.62279843109436,,80.0
metalization,NSGA2,1,71,0.672826407759717,0.6190154061911418,,80.0
metalization,NSGA2,1,72,0.672826407759717,0.6183926865650478,,80.0
metalization,NSGA2,1,73,0.672826407759717,0.6184112628817136,,80.0
metalization,NSGA2,1,74,0.672826407759717,0.6221416879181276,,80.0
metalization,NSGA2,1,75,0.672826407759717,0.6166271548601332,,80.0
metalization,NSGA2,1,76,0.672826407759717,0.6135664952519528,,80.0
metalization,NSGA2,1,77,0.672826407759717,0.6170327306183682,,80.0
metalization,NSGA2,1,78,0.672826407759717,0.616556464910919,,80.0
metalization,NSGA2,1,79,0.672826407759717,0.6170141543017024,,80.0
metalization,NSGA2,1,80,0.672826407759717,0.6134953190684829,,80.0
metalization,NSGA2,1,81,0.672826407759717,0.6166126800951723,,80.0
metalization,NSGA2,1,82,0.672826407759717,0.6199380156076071,,80.0
metalization,NSGA2,1,83,0.672826407759717,0.6229800988991215,,80.0
metalization,NSGA2,1,84,0.672826407759717,0.6156220235784305,,80.0
metalization,NSGA2,1,85,0.672826407759717,0.6197073632534907,,80.0
metalization,NSGA2,1,86,0.672826407759717,0.6161694654693497,,80.0
metalization,NSGA2,1,87,0.672826407759717,0.6117166751378977,,80.0
metalization,NSGA2,1,88,0.672826407759717,0.6117166751378977,,80.0
metalization,NSGA2,1,89,0.672826407759717,0.6118911123077607,,80.0
metalization,NSGA2,1,90,0.672826407759717,0.6149857954660792,,80.0
metalization,NSGA2,1,91,0.672826407759717,0.6212974853200308,,80.0
metalization,NSGA2,1,92,0.672826407759717,0.6208397959292474,,80.0
metalization,NSGA2,1,93,0.672826407759717,0.6222881418367725,,80.0
metalization,NSGA2,1,94,0.672826407759717,0.6221137046669095,,80.0
metalization,NSGA2,1,95,0.672826407759717,0.6187883691544748,,80.0
metalization,NSGA2,1,96,0.672826407759717,0.6189251674567503,,80.0
metalization,NSGA2,1,97,0.672826407759717,0.6190619657590257,,80.0
metalization,NSGA2,1,98,0.672826407759717,0.6191181809432791,,80.0
metalization,NSGA2,1,99,0.672826407759717,0.6221416879181276,,80.0
metalization,NSGA2,1,100,0.672826407759717,0.6218733966964238,,80.0
metalization,NSGA2,1,101,0.672826407759717,0.6215715681588376,,80.0
metalization,NSGA2,1,102,0.672826407759717,0.6221231116014618,,80.0
metalization,NSGA2,1,103,0.672826407759717,0.6219110355640114,,80.0
metalization,NSGA2,1,104,0.672826407759717,0.6223687249547947,,80.0
metalization,NSGA2,1,105,0.672826407759717,0.6185630221832057,,80.0
metalization,NSGA2,1,106,0.672826407759717,0.6150632495009078,,80.0
metalization,NSGA2,1,107,0.672826407759717,0.6183174088298727,,80.0
metalization,NSGA2,1,108,0.672826407759717,0.6111805789287459,,80.0
metalization,NSGA2,1,109,0.672826407759717,0.6104019984494548,,80.0
metalization,NSGA2,1,110,0.672826407759717,0.610685250670375,,80.0
metalization,NSGA2,1,111,0.672826407759717,0.6111991552454118,,80.0
metalization,NSGA2,1,112,0.672826407759717,0.611977735724703,,80.0
metalization,NSGA2,1,113,0.672826407759717,0.6051335649790488,,80.0
metalization,NSGA2,1,114,0.672826407759717,0.6119591594080372,,80.0
metalization,NSGA2,1,115,0.672826407759717,0.6147705903454354,,80.0
metalization,NSGA2,1,116,0.672826407759717,0.6145585143079848,,80.0
metalization,NSGA2,1,117,0.672826407759717,0.6145585143079848,,80.0
metalization,NSGA2,1,118,0.672826407759717,0.6172140843921857,,80.0
metalization,NSGA2,1,119,0.672826407759717,0.6177279889672225,,80.0
metalization,NSGA2,1,120,0.672826407759717,0.6176341349153817,,80.0
metalization,NSGA2,1,121,0.672826407759717,0.6141003386829456,,80.0
metalization,NSGA2,1,122,0.672826407759717,0.6109494403403739,,80.0
metalization,NSGA2,1,123,0.672826407759717,0.6114633449154105,,80.0
metalization,NSGA2,1,124,0.672826407759717,0.6185195916985152,,80.0
metalization,NSGA2,1,125,0.672826407759717,0.6187502440526315,,80.0
metalization,NSGA2,1,126,0.672826407759717,0.6156705218935297,,80.0
metalization,NSGA2,1,127,0.672826407759717,0.6164300398218991,,80.0
metalization,NSGA2,1,128,0.672826407759717,0.6131944568096002,,80.0
metalization,NSGA2,1,129,0.672826407759717,0.6137083613846368,,80.0
metalization,NSGA2,1,130,0.672826407759717,0.6235574627884737,,80.0
metalization,NSGA2,1,131,0.672826407759717,0.630557494387325,,80.0
metalization,NSGA2,1,132,0.672826407759717,0.6268492609850261,,80.0
metalization,NSGA2,1,133,0.672826407759717,0.6270767842559489,,80.0
metalization,NSGA2,1,134,0.672826407759717,0.628048378221769,,80.0
metalization,NSGA2,1,135,0.672826407759717,0.6282228153916319,,80.0
metalization,NSGA2,1,136,0.672826407759717,0.6272326451091461,,80.0
metalization,NSGA2,1,137,0.672826407759717,0.6237514487435141,,80.0
metalization,NSGA2,1,138,0.672826407759717,0.6211706701602323,,80.0
metalization,NSGA2,1,139,0.672826407759717,0.6208688416226462,,80.0
metalization,NSGA2,1,140,0.672826407759717,0.6209250568068995,,80.0
metalization,NSGA2,1,141,0.672826407759717,0.6211892464768982,,80.0
metalization,NSGA2,1,142,0.672826407759717,0.6207279417686655,,80.0
metalization,NSGA2,1,143,0.672826407759717,0.6166430883278613,,80.0
metalization,NSGA2,1,144,0.672826407759717,0.6131242530946418,,80.0
metalization,NSGA2,1,145,0.672826407759717,0.60964305672901,,80.0
metalization,NSGA2,1,146,0.672826407759717,0.6163784124236067,,80.0
metalization,NSGA2,1,147,0.672826407759717,0.6163784124236067,,80.0
metalization,NSGA2,1,148,0.672826407759717,0.6163969887402725,,80.0
metalization,NSGA2,1,149,0.672826407759717,0.6166276410943888,,80.0
metalization,NSGA2,1,150,0.672826407759717,0.6202212678285274,,80.0
metalization,NSGA2,1,151,0.672826407759717,0.6233815731056515,,80.0
metalization,NSGA2,1,152,0.672826407759717,0.6233815731056515,,80.0
metalization,NSGA2,1,153,0.672826407759717,0.6188535050390246,,80.0
metalization,NSGA2,1,154,0.672826407759717,0.6153723086733927,,80.0
metalization,NSGA2,1,155,0.672826407759717,0.6189849979584527,,80.0
metalization,NSGA2,1,156,0.672826407759717,0.615730838629488,,80.0
metalization,NSGA2,1,157,0.672826407759717,0.6189813826410036,,80.0
metalization,NSGA2,1,158,0.672826407759717,0.6187357692876707,,80.0
metalization,NSGA2,1,159,0.672826407759717,0.6188916301408678,,80.0
metalization,NSGA2,1,160,0.672826407759717,0.618623338919164,,80.0
metalization,NSGA2,1,161,0.672826407759717,0.6160575213350988,,80.0
metalization,NSGA2,1,162,0.672826407759717,0.6163031346884317,,80.0
metalization,NSGA2,1,163,0.672826407759717,0.6128405146394658,,80.0
metalization,NSGA2,1,164,0.672826407759717,0.6120583188427252,,80.0
metalization,NSGA2,1,165,0.672826407759717,0.6124257694991171,,80.0
metalization,NSGA2,1,166,0.672826407759717,0.6124819846833703,,80.0
metalization,NSGA2,1,167,0.672826407759717,0.6123451863810948,,80.0
metalization,NSGA2,1,168,0.672826407759717,0.6157272233120388,,80.0
metalization,NSGA2,1,169,0.672826407759717,0.615284494920472,,80.0
metalization,NSGA2,1,170,0.672826407759717,0.6158546146797619,,80.0
metalization,NSGA2,1,171,0.672826407759717,0.6120711035422881,,80.0
metalization,NSGA2,1,172,0.672826407759717,0.6117502124537801,,80.0
metalization,NSGA2,1,173,0.672826407759717,0.6152876240036654,,80.0
metalization,NSGA2,1,174,0.672826407759717,0.612245540712151,,80.0
metalization,NSGA2,1,175,0.672826407759717,0.6092410962882241,,80.0
metalization,NSGA2,1,176,0.672826407759717,0.6124916402997397,,80.0
metalization,NSGA2,1,177,0.672826407759717,0.6152468560528845,,80.0
metalization,NSGA2,1,178,0.672826407759717,0.6183075156610647,,80.0
metalization,NSGA2,1,179,0.672826407759717,0.6180428397568102,,80.0
metalization,NSGA2,1,180,0.672826407759717,0.6157076745268613,,80.0
metalization,NSGA2,1,181,0.672826407759717,0.6131232806261303,,80.0
metalization,NSGA2,1,182,0.672826407759717,0.612892628272014,,80.0
metalization,NSGA2,1,183,0.672826407759717,0.6125531608668403,,80.0
metalization,NSGA2,1,184,0.672826407759717,0.6165859006750963,,80.0
metalization,NSGA2,1,185,0.672826407759717,0.6164300398218991,,80.0
metalization,NSGA2,1,186,0.672826407759717,0.613119665308681,,80.0
metalization,NSGA2,1,187,0.672826407759717,0.6161993874677829,,80.0
metalization,NSGA2,1,188,0.672826407759717,0.6155110457228833,,80.0
metalization,NSGA2,1,189,0.672826407759717,0.6183039003436155,,80.0
metalization,NSGA2,1,190,0.672826407759717,0.6216668747236376,,80.0
metalization,NSGA2,1,191,0.672826407759717,0.6186995829330424,,80.0
metalization,NSGA2,1,192,0.672826407759717,0.6182042546746717,,80.0
metalization,NSGA2,1,193,0.672826407759717,0.6176563265494968,,80.0
metalization,NSGA2,1,194,0.672826407759717,0.6179246177712006,,80.0
metalization,NSGA2,1,195,0.672826407759717,0.6145616433911782,,80.0
metalization,NSGA2,1,196,0.672826407759717,0.6213124463192473,,80.0
metalization,NSGA2,1,197,0.672826407759717,0.6180056871234785,,80.0
metalization,NSGA2,1,198,0.672826407759717,0.6185195916985152,,80.0
metalization,NSGA2,1,199,0.672826407759717,0.6189963436402202,,80.0
metalization,NSGA2,1,200,0.672826407759717,0.6197372852519238,,80.0
metalization,NSGA2,2,0,0.6500977829223031,0.4055884199639637,,4.0
metalization,NSGA2,2,1,0.6500977829223031,0.518876090681428,,5.0
metalization,NSGA2,2,2,0.6500977829223031,0.5436846149301159,,3.0
metalization,NSGA2,2,3,0.6500977829223031,0.6002636171122958,,5.0
metalization,NSGA2,2,4,0.6500977829223031,0.6060498207461108,,7.0
metalization,NSGA2,2,5,0.6527275750006232,0.6070156287888842,,4.0
metalization,NSGA2,2,6,0.655231762568466,0.6150941450962385,,6.0
metalization,NSGA2,2,7,0.6555412086256002,0.6130765991463436,,7.0
metalization,NSGA2,2,8,0.6623387978782227,0.6278632230093087,,1.0
metalization,NSGA2,2,9,0.6623387978782227,0.6276014650638327,,3.0
metalization,NSGA2,2,10,0.6646183301877917,0.6156853947286507,,4.0
metalization,NSGA2,2,11,0.6653560776344505,0.6267862444999246,,5.0
metalization,NSGA2,2,12,0.667888060555281,0.6315696698352639,,3.0
metalization,NSGA2,2,13,0.6704286050338883,0.6358451210954836,,2.0
metalization,NSGA2,2,14,0.6704286050338883,0.6444079706991765,,2.0
metalization,NSGA2,2,15,0.6704286050338883,0.635034178758462,,3.0
metalization,NSGA2,2,16,0.6711889956714602,0.629673658928399,,6.0
metalization,NSGA2,2,17,0.6744613927746339,0.6600596413100888,,5.0
metalization,NSGA2,2,18,0.6744613927746339,0.6624124086473507,,7.0
metalization,NSGA2,2,19,0.6744613927746339,0.6606629244097761,,16.0
metalization,NSGA2,2,20,0.6744613927746339,0.6611129819171735,,27.0
metalization,NSGA2,2,21,0.6744613927746339,0.6514578419338767,,41.0
metalization,NSGA2,2,22,0.6744613927746339,0.6554381825958189,,55.0
metalization,NSGA2,2,23,0.6744613927746339,0.6643230600991161,,77.0
metalization,NSGA2,2,24,0.6744613927746339,0.6676096773541126,,80.0
metalization,NSGA2,2,25,0.6744613927746339,0.6676403076872723,,80.0
metalization,NSGA2,2,26,0.6744613927746339,0.6674758983519362,,80.0
metalization,NSGA2,2,27,0.6744613927746339,0.6667977503097535,,80.0
metalization,NSGA2,2,28,0.6744613927746339,0.6663739944214665,,80.0
metalization,NSGA2,2,29,0.6744613927746339,0.6655957439284027,,80.0
metalization,NSGA2,2,30,0.6744613927746339,0.6656600508128576,,80.0
metalization,NSGA2,2,31,0.6744613927746339,0.6655905786951363,,80.0
metalization,NSGA2,2,32,0.6744613927746339,0.6654904762442551,,80.0
metalization,NSGA2,2,33,0.6744613927746339,0.6648153744202077,,80.0
metalization,NSGA2,2,34,0.6744613927746339,0.6646559194839267,,80.0
metalization,NSGA2,2,35,0.6744613927746339,0.6646915042161419,,80.0
metalization,NSGA2,2,36,0.6744613927746339,0.6638877886231845,,80.0
metalization,NSGA2,2,37,0.6744613927746339,0.6643372204455762,,80.0
metalization,NSGA2,2,38,0.6744613927746339,0.660326541687742,,80.0
metalization,NSGA2,2,39,0.6744613927746339,0.6589784570547783,,80.0
metalization,NSGA2,2,40,0.6744613927746339,0.6559328570071025,,80.0
metalization,NSGA2,2,41,0.6744613927746339,0.6557734020708217,,80.0
metalization,NSGA2,2,42,0.6744613927746339,0.6521784785840842,,80.0
metalization,NSGA2,2,43,0.6744613927746339,0.6509915462341102,,80.0
metalization,NSGA2,2,44,0.6744613927746339,0.6472352596301718,,80.0
metalization,NSGA2,2,45,0.6744613927746339,0.6462977650350382,,80.0
metalization,NSGA2,2,46,0.6744613927746339,0.6466470944065487,,80.0
metalization,NSGA2,2,47,0.6744613927746339,0.6461076797655975,,80.0
metalization,NSGA2,2,48,0.6744613927746339,0.6461719866500524,,80.0
metalization,NSGA2,2,49,0.6744613927746339,0.6466214184724441,,80.0
metalization,NSGA2,2,50,0.6744613927746339,0.6456532935441507,,80.0
metalization,NSGA2,2,51,0.6744613927746339,0.6392059014973132,,80.0
metalization,NSGA2,2,52,0.6744613927746339,0.6387258393417616,,80.0
metalization,NSGA2,2,53,0.6744613927746339,0.6385307996732658,,80.0
metalization,NSGA2,2,54,0.6744613927746339,0.6322732820616579,,80.0
metalization,NSGA2,2,55,0.6744613927746339,0.6283575405214386,,80.0
metalization,NSGA2,2,56,0.6744613927746339,0.6287424546251643,,80.0
metalization,NSGA2,2,57,0.6744613927746339,0.6291918864475557,,80.0
metalization,NSGA2,2,58,0.6744613927746339,0.6261750085521198,,80.0
metalization,NSGA2,2,59,0.6744613927746339,0.622868153770573,,80.0
metalization,NSGA2,2,60,0.6744613927746339,0.6197612930565775,,80.0
metalization,NSGA2,2,61,0.6744613927746339,0.6162949833387499,,80.0
metalization,NSGA2,2,62,0.6744613927746339,0.617193636149322,,80.0
metalization,NSGA2,2,63,0.6744613927746339,0.609431836020816,,80.0
metalization,NSGA2,2,64,0.6744613927746339,0.6083381435417478,,80.0
metalization,NSGA2,2,65,0.6744613927746339,0.615499479197194,,80.0
metalization,NSGA2,2,66,0.6744613927746339,0.6159489110195858,,80.0
metalization,NSGA2,2,67,0.6744613927746339,0.6156252575821799,,80.0
metalization,NSGA2,2,68,0.6744613927746339,0.6154608482468438,,80.0
metalization,NSGA2,2,69,0.6744613927746339,0.6227427970540096,,80.0
metalization,NSGA2,2,70,0.6744613927746339,0.6201445098135941,,80.0
metalization,NSGA2,2,71,0.6744613927746339,0.620403856366545,,80.0
metalization,NSGA2,2,72,0.6744613927746339,0.6239344729688276,,80.0
metalization,NSGA2,2,73,0.6744613927746339,0.6238343705179463,,80.0
metalization,NSGA2,2,74,0.6744613927746339,0.6201475560317293,,80.0
metalization,NSGA2,2,75,0.6744613927746339,0.6234544108132761,,80.0
metalization,NSGA2,2,76,0.6744613927746339,0.6231307573758702,,80.0
metalization,NSGA2,2,77,0.6744613927746339,0.6264712887087122,,80.0
metalization,NSGA2,2,78,0.6744613927746339,0.6264712887087122,,80.0
metalization,NSGA2,2,79,0.6744613927746339,0.625831982451091,,80.0
metalization,NSGA2,2,80,0.6744613927746339,0.6258032602988511,,80.0
metalization,NSGA2,2,81,0.6744613927746339,0.630037700877421,,80.0
metalization,NSGA2,2,82,0.6744613927746339,0.6295239621705744,,80.0
metalization,NSGA2,2,83,0.6744613927746339,0.6333702315930723,,80.0
metalization,NSGA2,2,84,0.6744613927746339,0.6340502878161751,,80.0
metalization,NSGA2,2,85,0.6744613927746339,0.6337909412632241,,80.0
metalization,NSGA2,2,86,0.6744613927746339,0.6305790236992922,,80.0
metalization,NSGA2,2,87,0.6744613927746339,0.6306096540324521,,80.0
metalization,NSGA2,2,88,0.6744613927746339,0.627333218749854,,80.0
metalization,NSGA2,2,89,0.6744613927746339,0.6266581169258065,,80.0
metalization,NSGA2,2,90,0.6744613927746339,0.6336906279781318,,80.0
metalization,NSGA2,2,91,0.6744613927746339,0.6346201219560749,,80.0
metalization,NSGA2,2,92,0.6744613927746339,0.6346844288405299,,80.0
metalization,NSGA2,2,93,0.6744613927746339,0.6301244266436342,,80.0
metalization,NSGA2,2,94,0.6744613927746339,0.626403935606122,,80.0
metalization,NSGA2,2,95,0.6744613927746339,0.6258239818339005,,80.0
metalization,NSGA2,2,96,0.6744613927746339,0.6244452668677768,,80.0
metalization,NSGA2,2,97,0.6744613927746339,0.6244195909336723,,80.0
metalization,NSGA2,2,98,0.6744613927746339,0.6204039577767829,,80.0
metalization,NSGA2,2,99,0.6744613927746339,0.6175128582663327,,80.0
metalization,NSGA2,2,100,0.6744613927746339,0.6139209809977304,,80.0
metalization,NSGA2,2,101,0.6744613927746339,0.6172228813802219,,80.0
metalization,NSGA2,2,102,0.6744613927746339,0.615004764678688,,80.0
metalization,NSGA2,2,103,0.6744613927746339,0.6153590484492536,,80.0
metalization,NSGA2,2,104,0.6744613927746339,0.6124064774382726,,80.0
metalization,NSGA2,2,105,0.6744613927746339,0.6121827156175368,,80.0
metalization,NSGA2,2,106,0.6744613927746339,0.6160033091059302,,80.0
metalization,NSGA2,2,107,0.6744613927746339,0.6147501616905812,,80.0
metalization,NSGA2,2,108,0.6744613927746339,0.6156488145011533,,80.0
metalization,NSGA2,2,109,0.6744613927746339,0.6159338369882088,,80.0
metalization,NSGA2,2,110,0.6744613927746339,0.6162238138743196,,80.0
metalization,NSGA2,2,111,0.6744613927746339,0.6128524413741068,,80.0
metalization,NSGA2,2,112,0.6744613927746339,0.6131117879270576,,80.0
metalization,NSGA2,2,113,0.6744613927746339,0.6100642796984618,,80.0
metalization,NSGA2,2,114,0.6744613927746339,0.6141392653407507,,80.0
metalization,NSGA2,2,115,0.6744613927746339,0.6134999590831296,,80.0
metalization,NSGA2,2,116,0.6744613927746339,0.6162268600924548,,80.0
metalization,NSGA2,2,117,0.6744613927746339,0.6126962434901723,,80.0
metalization,NSGA2,2,118,0.6744613927746339,0.6164525300941106,,80.0
metalization,NSGA2,2,119,0.6744613927746339,0.6098456831109924,,80.0
metalization,NSGA2,2,120,0.6744613927746339,0.6105495070872797,,80.0
metalization,NSGA2,2,121,0.6744613927746339,0.6033931258308887,,80.0
metalization,NSGA2,2,122,0.6744613927746339,0.6061200268402139,,80.0
metalization,NSGA2,2,123,0.6744613927746339,0.6097119041088161,,80.0
metalization,NSGA2,2,124,0.6744613927746339,0.6132118903779389,,80.0
metalization,NSGA2,2,125,0.6744613927746339,0.61616446138892,,80.0
metalization,NSGA2,2,126,0.6744613927746339,0.6156507226820734,,80.0
metalization,NSGA2,2,127,0.6744613927746339,0.6153607457959626,,80.0
metalization,NSGA2,2,128,0.6744613927746339,0.6155864157976184,,80.0
metalization,NSGA2,2,129,0.6744613927746339,0.6186982309106692,,80.0
metalization,NSGA2,2,130,0.6744613927746339,0.6223883024492327,,80.0
metalization,NSGA2,2,131,0.6744613927746339,0.6228714108229194,,80.0
metalization,NSGA2,2,132,0.6744613927746339,0.6264969646428167,,80.0
metalization,NSGA2,2,133,0.6744613927746339,0.6259832259359701,,80.0
metalization,NSGA2,2,134,0.6744613927746339,0.6292544959853018,,80.0
metalization,NSGA2,2,135,0.6744613927746339,0.6296087797558675,,80.0
metalization,NSGA2,2,136,0.6744613927746339,0.6296394100890274,,80.0
metalization,NSGA2,2,137,0.6744613927746339,0.6258237709996893,,80.0
metalization,NSGA2,2,138,0.6744613927746339,0.622231893731087,,80.0
metalization,NSGA2,2,139,0.6744613927746339,0.6254082265628039,,80.0
metalization,NSGA2,2,140,0.6744613927746339,0.6243194884827912,,80.0
metalization,NSGA2,2,141,0.6744613927746339,0.6210432640344041,,80.0
metalization,NSGA2,2,142,0.6744613927746339,0.62839447412508,,80.0
metalization,NSGA2,2,143,0.6744613927746339,0.6283301672406252,,80.0
metalization,NSGA2,2,144,0.6744613927746339,0.6257033686821811,,80.0
metalization,NSGA2,2,145,0.6744613927746339,0.6271466013669708,,80.0
metalization,NSGA2,2,146,0.6744613927746339,0.6277910728578584,,80.0
metalization,NSGA2,2,147,0.6744613927746339,0.6239704793694651,,80.0
metalization,NSGA2,2,148,0.6744613927746339,0.6266328626601243,,80.0
metalization,NSGA2,2,149,0.6744613927746339,0.622912160788401,,80.0
metalization,NSGA2,2,150,0.6744613927746339,0.6260239759014518,,80.0
metalization,NSGA2,2,151,0.6744613927746339,0.6219489902591627,,80.0
metalization,NSGA2,2,152,0.6744613927746339,0.6251896299753346,,80.0
metalization,NSGA2,2,153,0.6744613927746339,0.6214689281036112,,80.0
metalization,NSGA2,2,154,0.6744613927746339,0.6179076811681689,,80.0
metalization,NSGA2,2,155,0.6744613927746339,0.6212432581019554,,80.0
metalization,NSGA2,2,156,0.6744613927746339,0.6217233202575069,,80.0
metalization,NSGA2,2,157,0.6744613927746339,0.6219777124114025,,80.0
metalization,NSGA2,2,158,0.6744613927746339,0.6262477377221874,,80.0
metalization,NSGA2,2,159,0.6744613927746339,0.6264734077238433,,80.0
metalization,NSGA2,2,160,0.6744613927746339,0.6302890468131814,,80.0
metalization,NSGA2,2,161,0.6744613927746339,0.6299039218752448,,80.0
metalization,NSGA2,2,162,0.6744613927746339,0.6266276974268579,,80.0
metalization,NSGA2,2,163,0.6744613927746339,0.6274007826866552,,80.0
metalization,NSGA2,2,164,0.6744613927746339,0.623680080814932,,80.0
metalization,NSGA2,2,165,0.6744613927746339,0.6202851513957457,,80.0
metalization,NSGA2,2,166,0.6744613927746339,0.6128981457386435,,80.0
metalization,NSGA2,2,167,0.6744613927746339,0.6055469356479677,,80.0
metalization,NSGA2,2,168,0.6744613927746339,0.6048739528390514,,80.0
metalization,NSGA2,2,169,0.6744613927746339,0.605097503825576,,80.0
metalization,NSGA2,2,170,0.6744613927746339,0.6104867881255605,,80.0
metalization,NSGA2,2,171,0.6744613927746339,0.6136680753563326,,80.0
metalization,NSGA2,2,172,0.6744613927746339,0.613953097843388,,80.0
metalization,NSGA2,2,173,0.6744613927746339,0.6143075924481649,,80.0
metalization,NSGA2,2,174,0.6744613927746339,0.6144025296657797,,80.0
metalization,NSGA2,2,175,0.6744613927746339,0.6141738134459886,,80.0
metalization,NSGA2,2,176,0.6744613927746339,0.6111569355505526,,80.0
metalization,NSGA2,2,177,0.6744613927746339,0.6078807111021657,,80.0
metalization,NSGA2,2,178,0.6744613927746339,0.6071768871258785,,80.0
metalization,NSGA2,2,179,0.6744613927746339,0.6043500944998831,,80.0
metalization,NSGA2,2,180,0.6744613927746339,0.6048944635398895,,80.0
metalization,NSGA2,2,181,0.6744613927746339,0.6079113414353255,,80.0
metalization,NSGA2,2,182,0.6744613927746339,0.6113776511531533,,80.0
metalization,NSGA2,2,183,0.6744613927746339,0.6107333904964767,,80.0
metalization,NSGA2,2,184,0.6744613927746339,0.617470970263636,,80.0
metalization,NSGA2,2,185,0.6744613927746339,0.6172759305951401,,80.0
metalization,NSGA2,2,186,0.6744613927746339,0.6132652518373061,,80.0
metalization,NSGA2,2,187,0.6744613927746339,0.6138739277617673,,80.0
metalization,NSGA2,2,188,0.6744613927746339,0.6169906972738733,,80.0
metalization,NSGA2,2,189,0.6744613927746339,0.6200075751693094,,80.0
metalization,NSGA2,2,190,0.6744613927746339,0.616412651682572,,80.0
metalization,NSGA2,2,191,0.6744613927746339,0.6168314531718037,,80.0
metalization,NSGA2,2,192,0.6744613927746339,0.6168957600562586,,80.0
metalization,NSGA2,2,193,0.6744613927746339,0.6136551203400867,,80.0
metalization,NSGA2,2,194,0.6744613927746339,0.6142637962645482,,80.0
metalization,NSGA2,2,195,0.6744613927746339,0.6117912874091186,,80.0
metalization,NSGA2,2,196,0.6744613927746339,0.6092238413360741,,80.0
metalization,NSGA2,2,197,0.6744613927746339,0.6097682103760806,,80.0
metalization,NSGA2,2,198,0.6744613927746339,0.6110263121904848,,80.0
metalization,NSGA2,2,199,0.6744613927746339,0.6139788832014659,,80.0
metalization,NSGA2,2,200,0.6744613927746339,0.6131751676085087,,80.0
metalization,NSGA2,3,0,0.6330623558568711,0.3899562380373287,,6.0
metalization,NSGA2,3,1,0.6428816124247829,0.4606146786314402,,4.0
metalization,NSGA2,3,2,0.6428816124247829,0.5538376659451555,,6.0
metalization,NSGA2,3,3,0.6428816124247829,0.5387496514322222,,5.0
metalization,NSGA2,3,4,0.6475363169786574,0.5586260853336839,,4.0
metalization,NSGA2,3,5,0.6505207536371507,0.562128385813834,,3.0
metalization,NSGA2,3,6,0.6560669958860121,0.5663993993146195,,3.0
metalization,NSGA2,3,7,0.6560669958860121,0.5617029742522842,,3.0
metalization,NSGA2,3,8,0.6607852014768953,0.5580067231405434,,3.0
metalization,NSGA2,3,9,0.6627085353511889,0.5715060946724693,,3.0
metalization,NSGA2,3,10,0.6627085353511889,0.58632555833643,,4.0
metalization,NSGA2,3,11,0.6627085353511889,0.594034852888529,,3.0
metalization,NSGA2,3,12,0.6689782469149234,0.6162121196050727,,2.0
metalization,NSGA2,3,13,0.6689782469149234,0.6384697631863021,,4.0
metalization,NSGA2,3,14,0.6708806789432951,0.622977840386978,,4.0
metalization,NSGA2,3,15,0.6708806789432951,0.6109364955781909,,7.0
metalization,NSGA2,3,16,0.6710842687092846,0.6096073400032138,,9.0
metalization,NSGA2,3,17,0.6710842687092846,0.6253841222045262,,19.0
metalization,NSGA2,3,18,0.6721375137859187,0.6345804334168117,,20.0
metalization,NSGA2,3,19,0.6732638085560072,0.6366834244424854,,30.0
metalization,NSGA2,3,20,0.6737949588374031,0.631213486835988,,43.0
metalization,NSGA2,3,21,0.6737949588374031,0.6592379656037741,,71.0
metalization,NSGA2,3,22,0.6737949588374031,0.6650212243323481,,80.0
metalization,NSGA2,3,23,0.6737949588374031,0.6619746623261292,,80.0
metalization,NSGA2,3,24,0.6737949588374031,0.6669249539301795,,80.0
metalization,NSGA2,3,25,0.6737949588374031,0.6671988304778657,,80.0
metalization,NSGA2,3,26,0.6737949588374031,0.6670390236113842,,80.0
metalization,NSGA2,3,27,0.6737949588374031,0.6669932864261076,,80.0
metalization,NSGA2,3,28,0.6737949588374031,0.666833479559626,,80.0
metalization,NSGA2,3,29,0.6737949588374031,0.6665709006672655,,80.0
metalization,NSGA2,3,30,0.6737949588374031,0.6660102608842016,,80.0
metalization,NSGA2,3,31,0.6737949588374031,0.6648889813180733,,80.0
metalization,NSGA2,3,32,0.6737949588374031,0.6647862092921942,,80.0
metalization,NSGA2,3,33,0.6737949588374031,0.6646264024257127,,80.0
metalization,NSGA2,3,34,0.6737949588374031,0.6641685346685278,,80.0
metalization,NSGA2,3,35,0.6737949588374031,0.6635395623895357,,80.0
metalization,NSGA2,3,36,0.6737949588374031,0.6631957643135554,,80.0
metalization,NSGA2,3,37,0.6737949588374031,0.6627949313969729,,80.0
metalization,NSGA2,3,38,0.6737949588374031,0.6626921593710937,,80.0
metalization,NSGA2,3,39,0.6737949588374031,0.6625893873452148,,80.0
metalization,NSGA2,3,40,0.6737949588374031,0.6615138449643633,,80.0
metalization,NSGA2,3,41,0.6737949588374031,0.6613540380978817,,80.0
metalization,NSGA2,3,42,0.6737949588374031,0.6607121791311981,,80.0
metalization,NSGA2,3,43,0.6737949588374031,0.6601730921903934,,80.0
metalization,NSGA2,3,44,0.6737949588374031,0.6599562504833096,,80.0
metalization,NSGA2,3,45,0.6737949588374031,0.6599320661402922,,80.0
metalization,NSGA2,3,46,0.6737949588374031,0.6595312332237097,,80.0
metalization,NSGA2,3,47,0.6737949588374031,0.6597480749307935,,80.0
metalization,NSGA2,3,48,0.6737949588374031,0.6599649166378774,,80.0
metalization,NSGA2,3,49,0.6737949588374031,0.6600219514784798,,80.0
metalization,NSGA2,3,50,0.6737949588374031,0.6594042768548133,,80.0
metalization,NSGA2,3,51,0.6737949588374031,0.6588893742570259,,80.0
metalization,NSGA2,3,52,0.6737949588374031,0.6588081550734062,,80.0
metalization,NSGA2,3,53,0.6737949588374031,0.6581904804497398,,80.0
metalization,NSGA2,3,54,0.6737949588374031,0.6523468083519408,,80.0
metalization,NSGA2,3,55,0.6737949588374031,0.6526664220849037,,80.0
metalization,NSGA2,3,56,0.6737949588374031,0.6517506865705337,,80.0
metalization,NSGA2,3,57,0.6737949588374031,0.6461480405228357,,80.0
metalization,NSGA2,3,58,0.6737949588374031,0.6462862945470579,,80.0
metalization,NSGA2,3,59,0.6737949588374031,0.6459882336563544,,80.0
metalization,NSGA2,3,60,0.6737949588374031,0.6461264876805763,,80.0
metalization,NSGA2,3,61,0.6737949588374031,0.645966680814095,,80.0
metalization,NSGA2,3,62,0.6737949588374031,0.6461264876805763,,80.0
metalization,NSGA2,3,63,0.6737949588374031,0.6461264876805763,,80.0
metalization,NSGA2,3,64,0.6737949588374031,0.6412555859377497,,80.0
metalization,NSGA2,3,65,0.6737949588374031,0.641312620778352,,80.0
metalization,NSGA2,3,66,0.6737949588374031,0.6412555859377497,,80.0
metalization,NSGA2,3,67,0.6737949588374031,0.6300744781853711,,80.0
metalization,NSGA2,3,68,0.6737949588374031,0.6249296998948581,,80.0
metalization,NSGA2,3,69,0.6737949588374031,0.618950405273595,,80.0
metalization,NSGA2,3,70,0.6737949588374031,0.6074712366305131,,80.0
metalization,NSGA2,3,71,0.6737949588374031,0.6079861392283004,,80.0
metalization,NSGA2,3,72,0.6737949588374031,0.6554475330696997,,80.0
metalization,NSGA2,3,73,0.6737949588374031,0.6518700693589095,,80.0
metalization,NSGA2,3,74,0.6737949588374031,0.652029876225391,,80.0
metalization,NSGA2,3,75,0.6737949588374031,0.6513309824181048,,80.0
metalization,NSGA2,3,76,0.6737949588374031,0.6508731146609199,,80.0
metalization,NSGA2,3,77,0.6737949588374031,0.646894818033547,,80.0
metalization,NSGA2,3,78,0.6737949588374031,0.6437752220799418,,80.0
metalization,NSGA2,3,79,0.6737949588374031,0.6409295026740225,,80.0
metalization,NSGA2,3,80,0.6737949588374031,0.6369512060466497,,80.0
metalization,NSGA2,3,81,0.6737949588374031,0.6372492669373532,,80.0
metalization,NSGA2,3,82,0.6737949588374031,0.6346445735815353,,80.0
metalization,NSGA2,3,83,0.6737949588374031,0.6309643378448658,,80.0
metalization,NSGA2,3,84,0.6737949588374031,0.6237281912396656,,80.0
metalization,NSGA2,3,85,0.6737949588374031,0.6205628581007836,,80.0
metalization,NSGA2,3,86,0.6737949588374031,0.6176030690136598,,80.0
metalization,NSGA2,3,87,0.6737949588374031,0.6137845792527683,,80.0
metalization,NSGA2,3,88,0.6737949588374031,0.6142994818505556,,80.0
metalization,NSGA2,3,89,0.6737949588374031,0.614814384448343,,80.0
metalization,NSGA2,3,90,0.6737949588374031,0.6121855067495077,,80.0
metalization,NSGA2,3,91,0.6737949588374031,0.6114537624446366,,80.0
metalization,NSGA2,3,92,0.6737949588374031,0.6072473264548541,,80.0
metalization,NSGA2,3,93,0.6737949588374031,0.6037268975846664,,80.0
metalization,NSGA2,3,94,0.6737949588374031,0.6002064687144784,,80.0
metalization,NSGA2,3,95,0.6737949588374031,0.5967888118701696,,80.0
metalization,NSGA2,3,96,0.6737949588374031,0.6071090724306322,,80.0
metalization,NSGA2,3,97,0.6737949588374031,0.6034530210369802,,80.0
metalization,NSGA2,3,98,0.6737949588374031,0.6068136430406865,,80.0
metalization,NSGA2,3,99,0.6737949588374031,0.6066995733594818,,80.0
metalization,NSGA2,3,100,0.6737949588374031,0.6031221096486916,,80.0
metalization,NSGA2,3,101,0.6737949588374031,0.6029268207838672,,80.0
metalization,NSGA2,3,102,0.6737949588374031,0.6000240665373456,,80.0
metalization,NSGA2,3,103,0.6737949588374031,0.6003221274280491,,80.0
metalization,NSGA2,3,104,0.6737949588374031,0.6076368617161112,,80.0
metalization,NSGA2,3,105,0.6737949588374031,0.610699422829114,,80.0
metalization,NSGA2,3,106,0.6737949588374031,0.6038183719552197,,80.0
metalization,NSGA2,3,107,0.6737949588374031,0.5967775142148439,,80.0
metalization,NSGA2,3,108,0.6737949588374031,0.5997830404872445,,80.0
metalization,NSGA2,3,109,0.6737949588374031,0.6067211262017412,,80.0
metalization,NSGA2,3,110,0.6737949588374031,0.6005147847921156,,80.0
metalization,NSGA2,3,111,0.6737949588374031,0.5933598573705352,,80.0
metalization,NSGA2,3,112,0.6737949588374031,0.5948475303232947,,80.0
metalization,NSGA2,3,113,0.6737949588374031,0.5983921435364999,,80.0
metalization,NSGA2,3,114,0.6737949588374031,0.5989070461342874,,80.0
metalization,NSGA2,3,115,0.6737949588374031,0.597934275779315,,80.0
metalization,NSGA2,3,116,0.6737949588374031,0.5908934180389392,,80.0
metalization,NSGA2,3,117,0.6737949588374031,0.5907336111724578,,80.0
metalization,NSGA2,3,118,0.6737949588374031,0.5869963405951861,,80.0
metalization,NSGA2,3,119,0.6737949588374031,0.5969969874226857,,80.0
metalization,NSGA2,3,120,0.6737949588374031,0.5942324872003862,,80.0
metalization,NSGA2,3,121,0.6737949588374031,0.5912269609279857,,80.0
metalization,NSGA2,3,122,0.6737949588374031,0.5917876007110497,,80.0
metalization,NSGA2,3,123,0.6737949588374031,0.5954678364477191,,80.0
metalization,NSGA2,3,124,0.6737949588374031,0.592061477258736,,80.0
metalization,NSGA2,3,125,0.6737949588374031,0.5921185120993384,,80.0
metalization,NSGA2,3,126,0.6737949588374031,0.5884269787073434,,80.0
metalization,NSGA2,3,127,0.6737949588374031,0.5884269787073433,,80.0
metalization,NSGA2,3,128,0.6737949588374031,0.5959827390455065,,80.0
metalization,NSGA2,3,129,0.6739492958732101,0.5987034312954768,,80.0
metalization,NSGA2,3,130,0.6739492958732101,0.5990585270267826,,80.0
metalization,NSGA2,3,131,0.6739492958732101,0.5987389132938198,,80.0
metalization,NSGA2,3,132,0.6739492958732101,0.6049452547034453,,80.0
metalization,NSGA2,3,133,0.6739492958732101,0.60808640349931,,80.0
metalization,NSGA2,3,134,0.6739492958732101,0.6045089397885197,,80.0
metalization,NSGA2,3,135,0.6739492958732101,0.6004736083205444,,80.0
metalization,NSGA2,3,136,0.6739492958732101,0.6038342303242509,,80.0
metalization,NSGA2,3,137,0.6739492958732101,0.6035361694335474,,80.0
metalization,NSGA2,3,138,0.6739492958732101,0.6070565983037353,,80.0
metalization,NSGA2,3,139,0.6739492958732101,0.6074351760902481,,80.0
metalization,NSGA2,3,140,0.6739492958732101,0.6043726149772453,,80.0
metalization,NSGA2,3,141,0.6739492958732101,0.6013100538642423,,80.0
metalization,NSGA2,3,142,0.6739492958732101,0.6047296399214986,,80.0
metalization,NSGA2,3,143,0.6739492958732101,0.6047073847914289,,80.0
metalization,NSGA2,3,144,0.6739492958732101,0.6011057367376214,,80.0
metalization,NSGA2,3,145,0.6739492958732101,0.6075878839078808,,80.0
metalization,NSGA2,3,146,0.6739492958732101,0.6048233836855813,,80.0
metalization,NSGA2,3,147,0.6739492958732101,0.6043084810877939,,80.0
metalization,NSGA2,3,148,0.6739492958732101,0.6043123395136891,,80.0
metalization,NSGA2,3,149,0.6739492958732101,0.5976723146898959,,80.0
metalization,NSGA2,3,150,0.6739492958732101,0.6052889682945566,,80.0
metalization,NSGA2,3,151,0.6739492958732101,0.605287039081609,,80.0
metalization,NSGA2,3,152,0.6739492958732101,0.6093794053901866,,80.0
metalization,NSGA2,3,153,0.6739492958732101,0.6125231856868092,,80.0
metalization,NSGA2,3,154,0.6739492958732101,0.6093223705495843,,80.0
metalization,NSGA2,3,155,0.6739492958732101,0.6061019317830474,,80.0
metalization,NSGA2,3,156,0.6739492958732101,0.6131998243640255,,80.0
metalization,NSGA2,3,157,0.6739492958732101,0.6101372632510227,,80.0
metalization,NSGA2,3,158,0.6739492958732101,0.6134978852547291,,80.0
metalization,NSGA2,3,159,0.675465035936084,0.6088612788979844,,80.0
metalization,NSGA2,3,160,0.675465035936084,0.6088612788979844,,80.0
metalization,NSGA2,3,161,0.675465035936084,0.6093191466551694,,80.0
metalization,NSGA2,3,162,0.675465035936084,0.6152274271740914,,80.0
metalization,NSGA2,3,163,0.675465035936084,0.6150676203076099,,80.0
metalization,NSGA2,3,164,0.675465035936084,0.6150105854670075,,80.0
metalization,NSGA2,3,165,0.675465035936084,0.6122219009016908,,80.0
metalization,NSGA2,3,166,0.675465035936084,0.6120620940352094,,80.0
metalization,NSGA2,3,167,0.675465035936084,0.6070539922122619,,80.0
metalization,NSGA2,3,168,0.675465035936084,0.6036933702085554,,80.0
metalization,NSGA2,3,169,0.675465035936084,0.6040700187821206,,80.0
metalization,NSGA2,3,170,0.675465035936084,0.6042298256486021,,80.0
metalization,NSGA2,3,171,0.675465035936084,0.6042298256486021,,80.0
metalization,NSGA2,3,172,0.675465035936084,0.601384106242683,,80.0
metalization,NSGA2,3,173,0.675465035936084,0.6016009479497668,,80.0
metalization,NSGA2,3,174,0.675465035936084,0.5980234842389766,,80.0
metalization,NSGA2,3,175,0.675465035936084,0.5913022402315636,,80.0
metalization,NSGA2,3,176,0.675465035936084,0.5918950536336869,,80.0
metalization,NSGA2,3,177,0.675465035936084,0.5883175899228965,,80.0
metalization,NSGA2,3,178,0.675465035936084,0.588832492520684,,80.0
metalization,NSGA2,3,179,0.675465035936084,0.5888895273612863,,80.0
metalization,NSGA2,3,180,0.675465035936084,0.5858269662482833,,80.0
metalization,NSGA2,3,181,0.675465035936084,0.592842962767116,,80.0
metalization,NSGA2,3,182,0.675465035936084,0.5930598044741998,,80.0
metalization,NSGA2,3,183,0.675465035936084,0.5995400224315115,,80.0
metalization,NSGA2,3,184,0.675465035936084,0.5991849267002056,,80.0
metalization,NSGA2,3,185,0.675465035936084,0.6030604513016995,,80.0
metalization,NSGA2,3,186,0.675465035936084,0.613699648716599,,80.0
metalization,NSGA2,3,187,0.675465035936084,0.6237002955440987,,80.0
metalization,NSGA2,3,188,0.675465035936084,0.6276391249153189,,80.0
metalization,NSGA2,3,189,0.675465035936084,0.6237058885946969,,80.0
metalization,NSGA2,3,190,0.675465035936084,0.6270303517215344,,80.0
metalization,NSGA2,3,191,0.675465035936084,0.624066577376601,,80.0
metalization,NSGA2,3,192,0.675465035936084,0.6239067705101194,,80.0
metalization,NSGA2,3,193,0.675465035936084,0.6239485224375866,,80.0
metalization,NSGA2,3,194,0.675465035936084,0.6206087763976136,,80.0
metalization,NSGA2,3,195,0.675465035936084,0.6180819938461315,,80.0
metalization,NSGA2,3,196,0.675465035936084,0.6178651521390476,,80.0
metalization,NSGA2,3,197,0.675465035936084,0.6178442761753141,,80.0
metalization,NSGA2,3,198,0.675465035936084,0.6178081172984452,,80.0
metalization,NSGA2,3,199,0.675465035936084,0.6243702313179027,,80.0
metalization,NSGA2,3,200,0.675465035936084,0.6284055627858779,,80.0
metalization,NSGA2,4,0,0.6312525327962848,0.4391303328648589,,5.0
metalization,NSGA2,4,1,0.6420283079932139,0.5483792936825255,,4.0
metalization,NSGA2,4,2,0.6420283079932139,0.5592950244121778,,4.0
metalization,NSGA2,4,3,0.6427761760085033,0.5610040222506285,,6.0
metalization,NSGA2,4,4,0.6478714650185937,0.5612875180551186,,2.0
metalization,NSGA2,4,5,0.6527563498900267,0.5548210914136236,,2.0
metalization,NSGA2,4,6,0.6527563498900267,0.5799106257931974,,3.0
metalization,NSGA2,4,7,0.6555869409690384,0.6135132992304568,,4.0
metalization,NSGA2,4,8,0.6555869409690384,0.5947706940375388,,4.0
metalization,NSGA2,4,9,0.6622845862380171,0.609747980868826,,4.0
metalization,NSGA2,4,10,0.6640383557905192,0.6287100525696483,,3.0
metalization,NSGA2,4,11,0.6640383557905192,0.6492693074518964,,3.0
metalization,NSGA2,4,12,0.6673004640182844,0.6516738843064432,,3.0
metalization,NSGA2,4,13,0.6681087448113652,0.6484327438428783,,3.0
metalization,NSGA2,4,14,0.6681087448113652,0.6533907827690617,,4.0
metalization,NSGA2,4,15,0.6681087448113652,0.653448638347476,,10.0
metalization,NSGA2,4,16,0.6681087448113652,0.6473238635182409,,18.0
metalization,NSGA2,4,17,0.6681087448113652,0.6415028050350324,,35.0
metalization,NSGA2,4,18,0.6681087448113652,0.63446214383218,,54.0
metalization,NSGA2,4,19,0.6681087448113652,0.6312768388096762,,75.0
metalization,NSGA2,4,20,0.6681087448113652,0.645206825917039,,80.0
metalization,NSGA2,4,21,0.6681087448113652,0.6457613090493846,,80.0
metalization,NSGA2,4,22,0.6681087448113652,0.6419196007724622,,80.0
metalization,NSGA2,4,23,0.6681087448113652,0.6393654254873601,,80.0
metalization,NSGA2,4,24,0.6681087448113652,0.6358720482875428,,80.0
metalization,NSGA2,4,25,0.6681087448113652,0.6322823295433624,,80.0
metalization,NSGA2,4,26,0.6681087448113652,0.6318447151026927,,80.0
metalization,NSGA2,4,27,0.6681087448113652,0.632628269029029,,80.0
metalization,NSGA2,4,28,0.6681087448113652,0.6294532459867677,,80.0
metalization,NSGA2,4,29,0.6681087448113652,0.6235178956041636,,80.0
metalization,NSGA2,4,30,0.6681087448113652,0.6232429873326711,,80.0
metalization,NSGA2,4,31,0.6681087448113652,0.6231537039691064,,80.0
metalization,NSGA2,4,32,0.6681087448113652,0.6202970350844007,,80.0
metalization,NSGA2,4,33,0.6681087448113652,0.617188376666953,,80.0
metalization,NSGA2,4,34,0.6685483175118869,0.614499908610181,,80.0
metalization,NSGA2,4,35,0.6685483175118869,0.6149809689369138,,80.0
metalization,NSGA2,4,36,0.6685483175118869,0.6144525076106373,,80.0
metalization,NSGA2,4,37,0.6685483175118869,0.6083544510588561,,80.0
metalization,NSGA2,4,38,0.6701619967196945,0.6083856113664667,,80.0
metalization,NSGA2,4,39,0.6701619967196945,0.614417303293434,,80.0
metalization,NSGA2,4,40,0.6701619967196945,0.6108559979467609,,80.0
metalization,NSGA2,4,41,0.6701619967196945,0.6145230706332683,,80.0
metalization,NSGA2,4,42,0.6701619967196945,0.6080158130383245,,80.0
metalization,NSGA2,4,43,0.6701619967196945,0.6114483202720844,,80.0
metalization,NSGA2,4,44,0.6701619967196945,0.6077622599835406,,80.0
metalization,NSGA2,4,45,0.6701619967196945,0.6054884876286876,,80.0
metalization,NSGA2,4,46,0.6701619967196945,0.6046835784856425,,80.0
metalization,NSGA2,4,47,0.6701619967196945,0.6125841364122404,,80.0
metalization,NSGA2,4,48,0.6701619967196945,0.6122180250979262,,80.0
metalization,NSGA2,4,49,0.6701619967196945,0.6131856404101483,,80.0
metalization,NSGA2,4,50,0.6701619967196945,0.6156532792417895,,80.0
metalization,NSGA2,4,51,0.6701619967196945,0.6198650291311903,,80.0
metalization,NSGA2,4,52,0.6701619967196945,0.6205834018207741,,80.0
metalization,NSGA2,4,53,0.6701619967196945,0.6206956030845395,,80.0
metalization,NSGA2,4,54,0.6701619967196945,0.6203946730069783,,80.0
metalization,NSGA2,4,55,0.6701619967196945,0.620967763607379,,80.0
metalization,NSGA2,4,56,0.6701619967196945,0.6207995627794454,,80.0
metalization,NSGA2,4,57,0.6701619967196945,0.6176963990207543,,80.0
metalization,NSGA2,4,58,0.6701619967196945,0.6185976497081627,,80.0
metalization,NSGA2,4,59,0.6701619967196945,0.6181829540062436,,80.0
metalization,NSGA2,4,60,0.6701619967196945,0.6147788601699912,,80.0
metalization,NSGA2,4,61,0.6701619967196945,0.6146813352375666,,80.0
metalization,NSGA2,4,62,0.6701619967196945,0.6185028716858415,,80.0
metalization,NSGA2,4,63,0.6701619967196945,0.6219124601808506,,80.0
metalization,NSGA2,4,64,0.6701619967196945,0.6216980657182005,,80.0
metalization,NSGA2,4,65,0.6701619967196945,0.6187750322086809,,80.0
metalization,NSGA2,4,66,0.6701619967196945,0.6186123260395038,,80.0
metalization,NSGA2,4,67,0.6701619967196945,0.6153819276899414,,80.0
metalization,NSGA2,4,68,0.6701619967196945,0.6220573861128187,,80.0
metalization,NSGA2,4,69,0.6701619967196945,0.6190838476978875,,80.0
metalization,NSGA2,4,70,0.6701619967196945,0.6183278799382119,,80.0
metalization,NSGA2,4,71,0.6701619967196945,0.6154103410874487,,80.0
metalization,NSGA2,4,72,0.6701619967196945,0.6120007525924397,,80.0
metalization,NSGA2,4,73,0.6701619967196945,0.6154048464286922,,80.0
metalization,NSGA2,4,74,0.6701619967196945,0.6156513413026776,,80.0
metalization,NSGA2,4,75,0.6701619967196945,0.6151326859058528,,80.0
metalization,NSGA2,4,76,0.6701619967196945,0.6217172974431232,,80.0
metalization,NSGA2,4,77,0.6701619967196945,0.6231888909822794,,80.0
metalization,NSGA2,4,78,0.6701619967196945,0.6232552556070933,,80.0
metalization,NSGA2,4,79,0.6701619967196945,0.6195991722380988,,80.0
metalization,NSGA2,4,80,0.6701619967196945,0.6230545973720595,,80.0
metalization,NSGA2,4,81,0.6701619967196945,0.619825139126222,,80.0
metalization,NSGA2,4,82,0.6701619967196945,0.6164412162800671,,80.0
metalization,NSGA2,4,83,0.6701619967196945,0.6196853508572457,,80.0
metalization,NSGA2,4,84,0.6701619967196945,0.618689322986066,,80.0
metalization,NSGA2,4,85,0.6701619967196945,0.619104018687985,,80.0
metalization,NSGA2,4,86,0.6701619967196945,0.6193642497895867,,80.0
metalization,NSGA2,4,87,0.6701619967196945,0.6187868479184905,,80.0
metalization,NSGA2,4,88,0.6701619967196945,0.6219101826672793,,80.0
metalization,NSGA2,4,89,0.6701619967196945,0.6221365065511669,,80.0
metalization,NSGA2,4,90,0.6701619967196945,0.6219019410984193,,80.0
metalization,NSGA2,4,91,0.6701619967196945,0.6218612421224596,,80.0
metalization,NSGA2,4,92,0.6701619967196945,0.6217948774976458,,80.0
metalization,NSGA2,4,93,0.6701619967196945,0.6215603120448983,,80.0
metalization,NSGA2,4,94,0.6701619967196945,0.6222585137443843,,80.0
metalization,NSGA2,4,95,0.6701619967196945,0.6185822593852925,,80.0
metalization,NSGA2,4,96,0.6701619967196945,0.618347693932545,,80.0
metalization,NSGA2,4,97,0.6701619967196945,0.6188342489180343,,80.0
metalization,NSGA2,4,98,0.6701619967196945,0.6156390548856752,,80.0
metalization,NSGA2,4,99,0.6701619967196945,0.6168559119819861,,80.0
metalization,NSGA2,4,100,0.6701619967196945,0.6197386035113105,,80.0
metalization,NSGA2,4,101,0.6701619967196945,0.6207034710748796,,80.0
metalization,NSGA2,4,102,0.6701619967196945,0.6204487346320344,,80.0
metalization,NSGA2,4,103,0.6701619967196945,0.6192872528430244,,80.0
metalization,NSGA2,4,104,0.6701619967196945,0.6224448518052916,,80.0
metalization,NSGA2,4,105,0.6701619967196945,0.6255333392326416,,80.0
metalization,NSGA2,4,106,0.6701619967196945,0.626019894218131,,80.0
metalization,NSGA2,4,107,0.6701619967196945,0.6294753193520919,,80.0
metalization,NSGA2,4,108,0.6701619967196945,0.6261320954818965,,80.0
metalization,NSGA2,4,109,0.6701619967196945,0.6261320954818965,,80.0
metalization,NSGA2,4,110,0.6701619967196945,0.6292205829092465,,80.0
metalization,NSGA2,4,111,0.6701619967196945,0.6297273088848335,,80.0
metalization,NSGA2,4,112,0.6701619967196945,0.625897530029149,,80.0
metalization,NSGA2,4,113,0.6701619967196945,0.6297163195673205,,80.0
metalization,NSGA2,4,114,0.6701619967196945,0.6300848216345233,,80.0
metalization,NSGA2,4,115,0.6701619967196945,0.6293233592160912,,80.0
metalization,NSGA2,4,116,0.6701619967196945,0.6253308741912293,,80.0
metalization,NSGA2,4,117,0.6701619967196945,0.625794510437968,,80.0
metalization,NSGA2,4,118,0.6701619967196945,0.6214026302993956,,80.0
metalization,NSGA2,4,119,0.6701619967196945,0.618479596789876,,80.0
metalization,NSGA2,4,120,0.6701619967196945,0.6214864190042038,,80.0
metalization,NSGA2,4,121,0.6701619967196945,0.617810164645112,,80.0
metalization,NSGA2,4,122,0.6701619967196945,0.6168196314326886,,80.0
metalization,NSGA2,4,123,0.6701619967196945,0.623885303296692,,80.0
metalization,NSGA2,4,124,0.6701619967196945,0.6244122002623766,,80.0
metalization,NSGA2,4,125,0.6701619967196945,0.6246234908191587,,80.0
metalization,NSGA2,4,126,0.6701619967196945,0.6218631634788162,,80.0
metalization,NSGA2,4,127,0.6701619967196945,0.6224133353404663,,80.0
metalization,NSGA2,4,128,0.6701619967196945,0.6228280310423853,,80.0
metalization,NSGA2,4,129,0.6701619967196945,0.6196585026588803,,80.0
metalization,NSGA2,4,130,0.6701619967196945,0.6164073090623531,,80.0
metalization,NSGA2,4,131,0.6701619967196945,0.6156971779416293,,80.0
metalization,NSGA2,4,132,0.6701619967196945,0.6215689106095226,,80.0
metalization,NSGA2,4,133,0.6701619967196945,0.6182366760568405,,80.0
metalization,NSGA2,4,134,0.6701619967196945,0.6180021106040929,,80.0
metalization,NSGA2,4,135,0.6701619967196945,0.6213343451567751,,80.0
metalization,NSGA2,4,136,0.6701619967196945,0.6216554462244341,,80.0
metalization,NSGA2,4,137,0.6701619967196945,0.6249931754358726,,80.0
metalization,NSGA2,4,138,0.6701619967196945,0.6281452797393834,,80.0
metalization,NSGA2,4,139,0.6701619967196945,0.6324588658319042,,80.0
metalization,NSGA2,4,140,0.6701619967196945,0.6324616135805574,,80.0
metalization,NSGA2,4,141,0.6701619967196945,0.6292865905382958,,80.0
metalization,NSGA2,4,142,0.6701619967196945,0.6295875206158573,,80.0
metalization,NSGA2,4,143,0.6701619967196945,0.633315463268422,,80.0
metalization,NSGA2,4,144,0.6701619967196945,0.6289098469022333,,80.0
metalization,NSGA2,4,145,0.6701619967196945,0.6289098469022332,,80.0
metalization,NSGA2,4,146,0.6701619967196945,0.625322875906706,,80.0
metalization,NSGA2,4,147,0.6701619967196945,0.6222958827022806,,80.0
metalization,NSGA2,4,148,0.6701619967196945,0.6222240234187103,,80.0
metalization,NSGA2,4,149,0.6701619967196945,0.6221604057039998,,80.0
metalization,NSGA2,4,150,0.6701619967196945,0.618704980570039,,80.0
metalization,NSGA2,4,151,0.6701619967196945,0.6228014252898064,,80.0
metalization,NSGA2,4,152,0.6701619967196945,0.6189787054534704,,80.0
metalization,NSGA2,4,153,0.6701619967196945,0.6159838126603804,,80.0
metalization,NSGA2,4,154,0.6701619967196945,0.618769805649577,,80.0
metalization,NSGA2,4,155,0.6701619967196945,0.6156611472321293,,80.0
metalization,NSGA2,4,156,0.6701619967196945,0.6157045931181925,,80.0
metalization,NSGA2,4,157,0.6701619967196945,0.6193689180560467,,80.0
metalization,NSGA2,4,158,0.6701619967196945,0.619440777339617,,80.0
metalization,NSGA2,4,159,0.6701619967196945,0.6223784871804778,,80.0
metalization,NSGA2,4,160,0.6701619967196945,0.6249950959536795,,80.0
metalization,NSGA2,4,161,0.6701619967196945,0.6249950959536795,,80.0
metalization,NSGA2,4,162,0.6701619967196945,0.621820072911418,,80.0
metalization,NSGA2,4,163,0.6701619967196945,0.6216830323910949,,80.0
metalization,NSGA2,4,164,0.6701619967196945,0.6190064937555605,,80.0
metalization,NSGA2,4,165,0.6701619967196945,0.619307423833122,,80.0
metalization,NSGA2,4,166,0.6701619967196945,0.6230637790446442,,80.0
metalization,NSGA2,4,167,0.6701619967196945,0.6191878065542433,,80.0
metalization,NSGA2,4,168,0.6701619967196945,0.6193248470745665,,80.0
metalization,NSGA2,4,169,0.6701619967196945,0.6258119336794125,,80.0
metalization,NSGA2,4,170,0.6701619967196945,0.628691521302869,,80.0
metalization,NSGA2,4,171,0.6701619967196945,0.6287890462352934,,80.0
metalization,NSGA2,4,172,0.6701619967196945,0.6259525483406853,,80.0
metalization,NSGA2,4,173,0.6701619967196945,0.6259525483406854,,80.0
metalization,NSGA2,4,174,0.6701619967196945,0.6258100131616058,,80.0
metalization,NSGA2,4,175,0.6701619967196945,0.6293333672809723,,80.0
metalization,NSGA2,4,176,0.6701619967196945,0.6327457026860847,,80.0
metalization,NSGA2,4,177,0.6701619967196945,0.6291532370318007,,80.0
metalization,NSGA2,4,178,0.6701619967196945,0.6289269131479132,,80.0
metalization,NSGA2,4,179,0.6701619967196945,0.6257262244567976,,80.0
metalization,NSGA2,4,180,0.6701619967196945,0.6293214378597346,,80.0
metalization,NSGA2,4,181,0.6701619967196945,0.6288119649740442,,80.0
metalization,NSGA2,4,182,0.6701619967196945,0.6292756012207829,,80.0
metalization,NSGA2,4,183,0.6701619967196945,0.6259177010192467,,80.0
metalization,NSGA2,4,184,0.6701619967196945,0.6260804071884237,,80.0
metalization,NSGA2,4,185,0.6701619967196945,0.626337891379922,,80.0
metalization,NSGA2,4,186,0.6701619967196945,0.6263323967211656,,80.0
metalization,NSGA2,4,187,0.6701619967196945,0.622192506115335,,80.0
metalization,NSGA2,4,188,0.6701619967196945,0.6151240873412284,,80.0
metalization,NSGA2,4,189,0.6701619967196945,0.6109107730912354,,80.0
metalization,NSGA2,4,190,0.6701619967196945,0.6144112084718513,,80.0
metalization,NSGA2,4,191,0.6701619967196945,0.6117401644950735,,80.0
metalization,NSGA2,4,192,0.6701619967196945,0.6146631980045931,,80.0
metalization,NSGA2,4,193,0.6701619967196945,0.6189685425282541,,80.0
metalization,NSGA2,4,194,0.6701619967196945,0.6220286165580967,,80.0
metalization,NSGA2,4,195,0.6701619967196945,0.6220013865486507,,80.0
metalization,NSGA2,4,196,0.6701619967196945,0.6219121031850859,,80.0
metalization,NSGA2,4,197,0.6701619967196945,0.6180719592687558,,80.0
metalization,NSGA2,4,198,0.6701619967196945,0.618023018723936,,80.0
metalization,NSGA2,4,199,0.6701619967196945,0.6219322750137334,,80.0
metalization,NSGA2,4,200,0.6701619967196945,0.6214255490381465,,80.0
deposition,GA,0,0,1.886331015664453,1.5620493150552595,21.0,
deposition,GA,0,1,1.886331015664453,1.6389676110164728,21.0,
deposition,GA,0,2,1.9375859054004645,1.676984724573662,18.0,
deposition,GA,0,3,1.9375859054004645,1.7157795451637898,18.0,
deposition,GA,0,4,1.9375859054004645,1.71629253834698,18.0,
deposition,GA,0,5,1.9546118431848403,1.7451644131723771,16.0,
deposition,GA,0,6,1.9546118431848403,1.6984959340482206,16.0,
deposition,GA,0,7,1.9546118431848403,1.7073304977843808,16.0,
deposition,GA,0,8,1.9546118431848403,1.703887720830227,16.0,
deposition,GA,0,9,1.9546118431848403,1.7220995711220262,16.0,
deposition,GA,0,10,1.9863868757098633,1.7423887356930288,15.0,
deposition,GA,0,11,1.9863868757098633,1.7235375581309078,15.0,
deposition,GA,0,12,1.9863868757098633,1.7196944103281333,15.0,
deposition,GA,0,13,1.9863868757098633,1.7190517676304737,15.0,
deposition,GA,0,14,1.9863868757098633,1.6958158690956044,15.0,
deposition,GA,0,15,1.9863868757098633,1.6815214080245293,15.0,
deposition,GA,0,16,1.9863868757098633,1.71155382903612,15.0,
deposition,GA,0,17,1.9863868757098633,1.6945798467539923,15.0,
deposition,GA,0,18,1.9863868757098633,1.7035693014916429,15.0,
deposition,GA,0,19,1.9863868757098633,1.7185897232612177,15.0,
deposition,GA,0,20,1.9863868757098633,1.7240594240493643,15.0,
deposition,GA,0,21,1.9863868757098633,1.7377233664729879,15.0,
deposition,GA,0,22,1.9863868757098633,1.7383709537741612,15.0,
deposition,GA,0,23,1.9863868757098633,1.7449843909342782,15.0,
deposition,GA,0,24,1.9863868757098633,1.7284199247359904,15.0,
deposition,GA,0,25,1.9863868757098633,1.7322935941289728,15.0,
deposition,GA,0,26,1.9863868757098633,1.7136098873670427,15.0,
deposition,GA,0,27,1.9863868757098633,1.7229567806096457,15.0,
deposition,GA,0,28,2.0013886197407116,1.7434795343306397,14.0,
deposition,GA,0,29,2.0013886197407116,1.7459665250259075,14.0,
deposition,GA,0,30,2.0013886197407116,1.7696634524489672,14.0,
deposition,GA,0,31,2.0013886197407116,1.7474214217769464,14.0,
deposition,GA,0,32,2.0013886197407116,1.7596823089844655,14.0,
deposition,GA,0,33,2.0013886197407116,1.719163922766611,14.0,
deposition,GA,0,34,2.0013886197407116,1.7395717167602822,14.0,
deposition,GA,0,35,2.0013886197407116,1.7708259239796416,14.0,
deposition,GA,0,36,2.0013886197407116,1.760790785532734,14.0,
deposition,GA,0,37,2.0013886197407116,1.7426593388937843,14.0,
deposition,GA,0,38,2.0013886197407116,1.7294026143838068,14.0,
deposition,GA,0,39,2.0013886197407116,1.7023973432708743,14.0,
deposition,GA,0,40,2.0013886197407116,1.722006056057524,14.0,
deposition,GA,0,41,2.00825513655579,1.6950570007477013,14.0,
deposition,GA,0,42,2.0173276377751517,1.7210561997278575,13.0,
deposition,GA,0,43,2.0173276377751517,1.745962909060919,13.0,
deposition,GA,0,44,2.0173276377751517,1.7418951648688548,13.0,
deposition,GA,0,45,2.0173276377751517,1.7178582905616673,13.0,
deposition,GA,0,46,2.0173276377751517,1.7309222988456365,13.0,
deposition,GA,0,47,2.0173276377751517,1.735152042978671,13.0,
deposition,GA,0,48,2.0173276377751517,1.727934666419841,13.0,
deposition,GA,0,49,2.0173276377751517,1.711093239551292,13.0,
deposition,GA,0,50,2.0173276377751517,1.7397925421828844,13.0,
deposition,GA,0,51,2.0173276377751517,1.7362531306504358,13.0,
deposition,GA,0,52,2.0173276377751517,1.7165651561653554,13.0,
deposition,GA,0,53,2.0173276377751517,1.7420942648268714,13.0,
deposition,GA,0,54,2.0173276377751517,1.7591715508936818,13.0,
deposition,GA,0,55,2.0173276377751517,1.75744061445854,13.0,
deposition,GA,0,56,2.0173276377751517,1.7097978738967683,13.0,
deposition,GA,0,57,2.0173276377751517,1.7197498154309148,13.0,
deposition,GA,0,58,2.0173276377751517,1.7075376997262808,13.0,
deposition,GA,0,59,2.0173276377751517,1.7639980105238133,13.0,
deposition,GA,0,60,2.0173276377751517,1.7566568676822043,13.0,
deposition,GA,0,61,2.0173276377751517,1.737958480510511,13.0,
deposition,GA,0,62,2.0173276377751517,1.717548639266149,13.0,
deposition,GA,0,63,2.0173276377751517,1.7222145976282803,13.0,
deposition,GA,0,64,2.038542036400114,1.722449154162344,11.0,
deposition,GA,0,65,2.038542036400114,1.7330966852133816,11.0,
deposition,GA,0,66,2.038542036400114,1.7148284352185115,11.0,
deposition,GA,0,67,2.038542036400114,1.7301139873186955,11.0,
deposition,GA,0,68,2.038542036400114,1.7541031983429405,11.0,
deposition,GA,0,69,2.038542036400114,1.7123519069458144,11.0,
deposition,GA,0,70,2.038542036400114,1.7343444512348367,11.0,
deposition,GA,0,71,2.038542036400114,1.7489437118068394,11.0,
deposition,GA,0,72,2.038542036400114,1.7101155432974102,11.0,
deposition,GA,0,73,2.038542036400114,1.7014979704902842,11.0,
deposition,GA,0,74,2.038542036400114,1.7551026415954603,11.0,
deposition,GA,0,75,2.04094649240756,1.7369703215070207,12.0,
deposition,GA,0,76,2.074450367163886,1.7568234048678544,10.0,
deposition,GA,0,77,2.074450367163886,1.77838441812108,10.0,
deposition,GA,0,78,2.074450367163886,1.7502594281972286,10.0,
deposition,GA,0,79,2.074450367163886,1.7613913390557492,10.0,
deposition,GA,0,80,2.074450367163886,1.7939178143812509,10.0,
deposition,GA,0,81,2.074450367163886,1.7610368956557454,10.0,
deposition,GA,0,82,2.074450367163886,1.7689921560257857,10.0,
deposition,GA,0,83,2.074450367163886,1.7848246854158265,10.0,
deposition,GA,0,84,2.074450367163886,1.8077125028014387,10.0,
deposition,GA,0,85,2.074450367163886,1.8212653860895098,10.0,
deposition,GA,0,86,2.074450367163886,1.7680657672730438,10.0,
deposition,GA,0,87,2.074450367163886,1.7358714723052802,10.0,
deposition,GA,0,88,2.074450367163886,1.736681218177915,10.0,
deposition,GA,0,89,2.076196588793615,1.735401997844442,11.0,
deposition,GA,0,90,2.076196588793615,1.76273468475754,11.0,
deposition,GA,0,91,2.076196588793615,1.7233317500243603,11.0,
deposition,GA,0,92,2.076196588793615,1.758341791797389,11.0,
deposition,GA,0,93,2.076196588793615,1.7196498766345356,11.0,
deposition,GA,0,94,2.076196588793615,1.7144122370731907,11.0,
deposition,GA,0,95,2.076196588793615,1.7504945940973038,11.0,
deposition,GA,0,96,2.076196588793615,1.7589395734734694,11.0,
deposition,GA,0,97,2.076196588793615,1.7680403205034303,11.0,
deposition,GA,0,98,2.0915187355355123,1.7767494613003598,9.0,
deposition,GA,0,99,2.0915187355355123,1.7538826036240613,9.0,
deposition,GA,0,100,2.0915187355355123,1.7620634279000016,9.0,
deposition,GA,0,101,2.0915187355355123,1.7579533090106672,9.0,
deposition,GA,0,102,2.0915187355355123,1.7335479431940448,9.0,
deposition,GA,0,103,2.0915187355355123,1.7347762153043405,9.0,
deposition,GA,0,104,2.0915187355355123,1.7399569596135507,9.0,
deposition,GA,0,105,2.0915187355355123,1.7827168268429354,9.0,
deposition,GA,0,106,2.0915187355355123,1.768068413260942,9.0,
deposition,GA,0,107,2.0915187355355123,1.7789831976903898,9.0,
deposition,GA,0,108,2.0915187355355123,1.7416295291789339,9.0,
deposition,GA,0,109,2.0915187355355123,1.7312236378198436,9.0,
deposition,GA,0,110,2.0915187355355123,1.7641041623858453,9.0,
deposition,GA,0,111,2.0915187355355123,1.7368654159343648,9.0,
deposition,GA,0,112,2.0915187355355123,1.7467939852748167,9.0,
deposition,GA,0,113,2.0915187355355123,1.7151577891213534,9.0,
deposition,GA,0,114,2.104043322578388,1.7163585678593578,9.0,
deposition,GA,0,115,2.104043322578388,1.7165890025471433,9.0,
deposition,GA,0,116,2.104043322578388,1.7156570937204534,9.0,
deposition,GA,0,117,2.104043322578388,1.7541579582066877,9.0,
deposition,GA,0,118,2.104043322578388,1.7465582696649533,9.0,
deposition,GA,0,119,2.104043322578388,1.7284139585623233,9.0,
deposition,GA,0,120,2.104043322578388,1.7696556374746202,9.0,
deposition,GA,0,121,2.104043322578388,1.764639697409261,9.0,
deposition,GA,0,122,2.104043322578388,1.7327048577781372,9.0,
deposition,GA,0,123,2.104043322578388,1.747538137036004,9.0,
deposition,GA,0,124,2.104043322578388,1.7798252312301948,9.0,
deposition,GA,0,125,2.104043322578388,1.769400567530162,9.0,
deposition,GA,0,126,2.104043322578388,1.7576447043324521,9.0,
deposition,GA,0,127,2.104043322578388,1.7492089328228926,9.0,
deposition,GA,0,128,2.104043322578388,1.729589578766492,9.0,
deposition,GA,0,129,2.104043322578388,1.7314639905378173,9.0,
deposition,GA,0,130,2.1394333428447867,1.7517319630039658,6.0,
deposition,GA,0,131,2.1394333428447867,1.7293814970948738,6.0,
deposition,GA,0,132,2.1394333428447867,1.7237343416849342,6.0,
deposition,GA,0,133,2.1394333428447867,1.719155451871401,6.0,
deposition,GA,0,134,2.1394333428447867,1.7392751596630827,6.0,
deposition,GA,0,135,2.1394333428447867,1.7503511538154677,6.0,
deposition,GA,0,136,2.1394333428447867,1.7504923740561509,6.0,
deposition,GA,0,137,2.1394333428447867,1.7531918493571852,6.0,
deposition,GA,0,138,2.1394333428447867,1.7388936753868165,6.0,
deposition,GA,0,139,2.1394333428447867,1.7715996189338825,6.0,
deposition,GA,0,140,2.1394333428447867,1.7961193088023255,6.0,
deposition,GA,0,141,2.1394333428447867,1.7931541463963345,6.0,
deposition,GA,0,142,2.1394333428447867,1.7944648522757967,6.0,
deposition,GA,0,143,2.1394333428447867,1.7597674294712295,6.0,
deposition,GA,0,144,2.148726511498352,1.7536679611739268,8.0,
deposition,GA,0,145,2.148726511498352,1.7928660970928045,8.0,
deposition,GA,0,146,2.148726511498352,1.7880655533001373,8.0,
deposition,GA,0,147,2.148726511498352,1.793588096185077,8.0,
deposition,GA,0,148,2.148726511498352,1.7613175771825322,8.0,
deposition,GA,0,149,2.148726511498352,1.7732633109614604,8.0,
deposition,GA,0,150,2.148726511498352,1.756462888190039,8.0,
deposition,GA,0,151,2.148726511498352,1.7452684014322692,8.0,
deposition,GA,0,152,2.148726511498352,1.7643679729229107,8.0,
deposition,GA,0,153,2.148726511498352,1.7630733572691504,8.0,
deposition,GA,0,154,2.148726511498352,1.781690668118398,8.0,
deposition,GA,0,155,2.148726511498352,1.7776176675147943,8.0,
deposition,GA,0,156,2.148726511498352,1.7757679174697358,8.0,
deposition,GA,0,157,2.148726511498352,1.760640786971937,8.0,
deposition,GA,0,158,2.148726511498352,1.7663160386294152,8.0,
deposition,GA,0,159,2.148726511498352,1.7590770624781187,8.0,
deposition,GA,0,160,2.148726511498352,1.7422528415578113,8.0,
deposition,GA,0,161,2.148726511498352,1.7546051534490938,8.0,
deposition,GA,0,162,2.148726511498352,1.7821909477925086,8.0,
deposition,GA,0,163,2.148726511498352,1.7515858061775629,8.0,
deposition,GA,0,164,2.148726511498352,1.7374759223341603,8.0,
deposition,GA,0,165,2.168126619277855,1.7303427860420402,7.0,
deposition,GA,0,166,2.168126619277855,1.7661167086532843,7.0,
deposition,GA,0,167,2.168126619277855,1.7719688957116198,7.0,
deposition,GA,0,168,2.168126619277855,1.7688473711134851,7.0,
deposition,GA,0,169,2.168126619277855,1.7903672126461259,7.0,
deposition,GA,0,170,2.168126619277855,1.7735692408034225,7.0,
deposition,GA,0,171,2.170158033302756,1.7989546369891862,7.0,
deposition,GA,0,172,2.170158033302756,1.7969722406594788,7.0,
deposition,GA,0,173,2.170158033302756,1.7898207740088234,7.0,
deposition,GA,0,174,2.170158033302756,1.7848481639662857,7.0,
deposition,GA,0,175,2.170158033302756,1.7615119877943335,7.0,
deposition,GA,0,176,2.170158033302756,1.7297848975548675,7.0,
deposition,GA,0,177,2.170158033302756,1.7225285962713208,7.0,
deposition,GA,0,178,2.170158033302756,1.7580563546179235,7.0,
deposition,GA,0,179,2.170158033302756,1.745602567753367,7.0,
deposition,GA,0,180,2.170158033302756,1.7519793151395853,7.0,
deposition,GA,0,181,2.170158033302756,1.75524904780806,7.0,
deposition,GA,0,182,2.170158033302756,1.7569752814916533,7.0,
deposition,GA,0,183,2.170158033302756,1.7544652500782085,7.0,
deposition,GA,0,184,2.170158033302756,1.7778834809805126,7.0,
deposition,GA,0,185,2.170158033302756,1.7886217842911527,7.0,
deposition,GA,0,186,2.170158033302756,1.7757052689940351,7.0,
deposition,GA,0,187,2.170158033302756,1.7689426760715363,7.0,
deposition,GA,0,188,2.170158033302756,1.7942416190995416,7.0,
deposition,GA,0,189,2.170158033302756,1.7416509402424438,7.0,
deposition,GA,0,190,2.170158033302756,1.7766182164976292,7.0,
deposition,GA,0,191,2.170158033302756,1.7786217749755806,7.0,
deposition,GA,0,192,2.170158033302756,1.774202960677411,7.0,
deposition,GA,0,193,2.170158033302756,1.7559257018103918,7.0,
deposition,GA,0,194,2.170158033302756,1.753845582991072,7.0,
deposition,GA,0,195,2.170158033302756,1.7202264381707963,7.0,
deposition,GA,0,196,2.170158033302756,1.7277177125842194,7.0,
deposition,GA,0,197,2.170158033302756,1.744326680261313,7.0,
deposition,GA,0,198,2.170158033302756,1.747087472012005,7.0,
deposition,GA,0,199,2.170158033302756,1.72692418865506,7.0,
deposition,GA,0,200,2.170158033302756,1.7452416401472806,7.0,
deposition,GA,1,0,1.8253008132220505,1.583764223152871,22.0,
deposition,GA,1,1,1.8531496777824534,1.62898067369933,19.0,
deposition,GA,1,2,1.8757419775550481,1.6751001558160943,20.0,
deposition,GA,1,3,1.8912944928329236,1.6782411827616492,20.0,
deposition,GA,1,4,1.8912944928329236,1.7098332661870672,20.0,
deposition,GA,1,5,1.8912944928329236,1.7088279922407188,20.0,
deposition,GA,1,6,1.904516537271595,1.7169201797860894,18.0,
deposition,GA,1,7,1.984140700169376,1.6981017261814153,16.0,
deposition,GA,1,8,1.984140700169376,1.7201118671708957,16.0,
deposition,GA,1,9,1.984140700169376,1.7258317650135724,16.0,
deposition,GA,1,10,1.984140700169376,1.7052607807578681,16.0,
deposition,GA,1,11,1.984140700169376,1.7298313590261754,16.0,
deposition,GA,1,12,1.984140700169376,1.7502226401768604,16.0,
deposition,GA,1,13,1.984140700169376,1.745446647291076,16.0,
deposition,GA,1,14,1.984140700169376,1.7329695312026345,16.0,
deposition,GA,1,15,1.984140700169376,1.7007487630397802,16.0,
deposition,GA,1,16,1.984140700169376,1.7136816977690934,16.0,
deposition,GA,1,17,2.013244340641899,1.7202938364157532,14.0,
deposition,GA,1,18,2.013244340641899,1.7185300224054765,14.0,
deposition,GA,1,19,2.013244340641899,1.7340213213989526,14.0,
deposition,GA,1,20,2.013244340641899,1.7193643131343195,14.0,
deposition,GA,1,21,2.013244340641899,1.7404283143006858,14.0,
deposition,GA,1,22,2.013244340641899,1.731201068227864,14.0,
deposition,GA,1,23,2.013244340641899,1.748197884741007,14.0,
deposition,GA,1,24,2.023731705316915,1.750088086071388,11.0,
deposition,GA,1,25,2.023731705316915,1.708198314236063,11.0,
deposition,GA,1,26,2.023731705316915,1.701456560633251,11.0,
deposition,GA,1,27,2.023731705316915,1.7330348129707596,11.0,
deposition,GA,1,28,2.023731705316915,1.7372795281135918,11.0,
deposition,GA,1,29,2.023731705316915,1.7394741321745708,11.0,
deposition,GA,1,30,2.023731705316915,1.7381830387127863,11.0,
deposition,GA,1,31,2.023731705316915,1.7304456068533003,11.0,
deposition,GA,1,32,2.023731705316915,1.744094577494892,11.0,
deposition,GA,1,33,2.023731705316915,1.7367571326954425,11.0,
deposition,GA,1,34,2.023731705316915,1.7431994890804077,11.0,
deposition,GA,1,35,2.023731705316915,1.7481098482283088,11.0,
deposition,GA,1,36,2.023731705316915,1.7153375904421153,11.0,
deposition,GA,1,37,2.023731705316915,1.7149634812100367,11.0,
deposition,GA,1,38,2.023731705316915,1.6915706305325409,11.0,
deposition,GA,1,39,2.023731705316915,1.7333433917489665,11.0,
deposition,GA,1,40,2.023731705316915,1.722952480509568,11.0,
deposition,GA,1,41,2.027518445663565,1.6934701877551213,12.0,
deposition,GA,1,42,2.027518445663565,1.7264808560198488,12.0,
deposition,GA,1,43,2.027518445663565,1.7311227533567113,12.0,
deposition,GA,1,44,2.031723206646744,1.7221093320067602,12.0,
deposition,GA,1,45,2.031723206646744,1.7681213534211242,12.0,
deposition,GA,1,46,2.031723206646744,1.7373603777994773,12.0,
deposition,GA,1,47,2.031723206646744,1.7413213146052997,12.0,
deposition,GA,1,48,2.031723206646744,1.7132777706541416,12.0,
deposition,GA,1,49,2.031723206646744,1.729248074187564,12.0,
deposition,GA,1,50,2.031723206646744,1.7247476555256185,12.0,
deposition,GA,1,51,2.031723206646744,1.7329826403878972,12.0,
deposition,GA,1,52,2.0750907503507996,1.7230310640988655,10.0,
deposition,GA,1,53,2.0750907503507996,1.7524807068387667,10.0,
deposition,GA,1,54,2.0750907503507996,1.7049969730755108,10.0,
deposition,GA,1,55,2.0750907503507996,1.7462538722474057,10.0,
deposition,GA,1,56,2.0750907503507996,1.7484991419755105,10.0,
deposition,GA,1,57,2.0750907503507996,1.7557374145401354,10.0,
deposition,GA,1,58,2.0750907503507996,1.7304815861242815,10.0,
deposition,GA,1,59,2.0750907503507996,1.7211034332322765,10.0,
deposition,GA,1,60,2.0750907503507996,1.722824777900561,10.0,
deposition,GA,1,61,2.0750907503507996,1.7346381684383807,10.0,
deposition,GA,1,62,2.0750907503507996,1.7321664013531524,10.0,
deposition,GA,1,63,2.0750907503507996,1.7434073201187072,10.0,
deposition,GA,1,64,2.0750907503507996,1.7105421147229856,10.0,
deposition,GA,1,65,2.0750907503507996,1.7005290955454087,10.0,
deposition,GA,1,66,2.0750907503507996,1.7285974753883244,10.0,
deposition,GA,1,67,2.0750907503507996,1.7288703881669327,10.0,
deposition,GA,1,68,2.0750907503507996,1.6945458550313106,10.0,
deposition,GA,1,69,2.0750907503507996,1.7277330322738416,10.0,
deposition,GA,1,70,2.0750907503507996,1.7294704158802212,10.0,
deposition,GA,1,71,2.0750907503507996,1.7539834046141123,10.0,
deposition,GA,1,72,2.0750907503507996,1.7379787535214484,10.0,
deposition,GA,1,73,2.0750907503507996,1.7497863571951413,10.0,
deposition,GA,1,74,2.0750907503507996,1.7941126852340799,10.0,
deposition,GA,1,75,2.0750907503507996,1.7825316537681304,10.0,
deposition,GA,1,76,2.0750907503507996,1.7620181609260839,10.0,
deposition,GA,1,77,2.0750907503507996,1.7561895123830369,10.0,
deposition,GA,1,78,2.0750907503507996,1.7771818386795382,10.0,
deposition,GA,1,79,2.0750907503507996,1.7422956395382443,10.0,
deposition,GA,1,80,2.0750907503507996,1.7605876296730294,10.0,
deposition,GA,1,81,2.0750907503507996,1.7754535691831521,10.0,
deposition,GA,1,82,2.0750907503507996,1.7405080726135675,10.0,
deposition,GA,1,83,2.0750907503507996,1.7221884883648761,10.0,
deposition,GA,1,84,2.0750907503507996,1.7459174780253655,10.0,
deposition,GA,1,85,2.0750907503507996,1.7483964666296543,10.0,
deposition,GA,1,86,2.0750907503507996,1.741182310628849,10.0,
deposition,GA,1,87,2.0750907503507996,1.718247637209166,10.0,
deposition,GA,1,88,2.0750907503507996,1.7544297432914369,10.0,
deposition,GA,1,89,2.0750907503507996,1.7396347730852018,10.0,
deposition,GA,1,90,2.0750907503507996,1.719616765518468,10.0,
deposition,GA,1,91,2.0750907503507996,1.74333313926928,10.0,
deposition,GA,1,92,2.0750907503507996,1.7152895195039222,10.0,
deposition,GA,2,0,1.8346261198810745,1.5580188989950803,20.0,
deposition,GA,2,1,1.946758809194442,1.6404974678078734,17.0,
deposition,GA,2,2,1.946758809194442,1.684780900547795,17.0,
deposition,GA,2,3,1.946758809194442,1.6934029784031897,17.0,
deposition,GA,2,4,1.946758809194442,1.6557827000481151,17.0,
deposition,GA,2,5,1.946758809194442,1.6833051882599286,17.0,
deposition,GA,2,6,1.9934001767370852,1.6771922274969946,15.0,
deposition,GA,2,7,1.9934001767370852,1.6874219351116353,15.0,
deposition,GA,2,8,1.9934001767370852,1.7078384913789926,15.0,
deposition,GA,2,9,1.9934001767370852,1.700863330257033,15.0,
deposition,GA,2,10,1.9934001767370852,1.7327642725467096,15.0,
deposition,GA,2,11,1.9934001767370852,1.7190294411724103,15.0,
deposition,GA,2,12,1.9934001767370852,1.7176457648149264,15.0,
deposition,GA,2,13,1.9934001767370852,1.722901676542536,15.0,
deposition,GA,2,14,1.9934001767370852,1.7249953962867601,15.0,
deposition,GA,2,15,1.9934001767370852,1.7117990519678579,15.0,
deposition,GA,2,16,1.9934001767370852,1.7381703652269322,15.0,
deposition,GA,2,17,1.9934001767370852,1.755351830767119,15.0,
deposition,GA,2,18,1.9934001767370852,1.7255961547837848,15.0,
deposition,GA,2,19,2.0038713144930456,1.725564307254615,13.0,
deposition,GA,2,20,2.039981719299048,1.723795801394834,13.0,
deposition,GA,2,21,2.039981719299048,1.7490700143018838,13.0,
deposition,GA,2,22,2.039981719299048,1.7553241319753288,13.0,
deposition,GA,2,23,2.039981719299048,1.7549394302510213,13.0,
deposition,GA,2,24,2.039981719299048,1.7512964422489836,13.0,
deposition,GA,2,25,2.039981719299048,1.7292216003321712,13.0,
deposition,GA,2,26,2.039981719299048,1.7014913006413217,13.0,
deposition,GA,2,27,2.039981719299048,1.728518350654183,13.0,
deposition,GA,2,28,2.039981719299048,1.7292474392291275,13.0,
deposition,GA,2,29,2.039981719299048,1.7027110936742287,13.0,
deposition,GA,2,30,2.039981719299048,1.730616411347509,13.0,
deposition,GA,2,31,2.039981719299048,1.727491859046704,13.0,
deposition,GA,2,32,2.039981719299048,1.7423891135863545,13.0,
deposition,GA,2,33,2.039981719299048,1.730621485082526,13.0,
deposition,GA,2,34,2.039981719299048,1.7459047942325499,13.0,
deposition,GA,2,35,2.039981719299048,1.7236219445262229,13.0,
deposition,GA,2,36,2.039981719299048,1.7051785615438604,13.0,
deposition,GA,2,37,2.039981719299048,1.736726096046091,13.0,
deposition,GA,2,38,2.039981719299048,1.737506807966443,13.0,
deposition,GA,2,39,2.039981719299048,1.7244184204449908,13.0,
deposition,GA,2,40,2.039981719299048,1.7168836653374342,13.0,
deposition,GA,2,41,2.039981719299048,1.7454965768819712,13.0,
deposition,GA,2,42,2.039981719299048,1.7435542800309591,13.0,
deposition,GA,2,43,2.039981719299048,1.745389207019403,13.0,
deposition,GA,2,44,2.039981719299048,1.7338115678762758,13.0,
deposition,GA,2,45,2.039981719299048,1.7327151570718318,13.0,
deposition,GA,2,46,2.0619591135575432,1.760939739745076,12.0,
deposition,GA,2,47,2.0619591135575432,1.7210204918865322,12.0,
deposition,GA,2,48,2.0619591135575432,1.7320394708474722,12.0,
deposition,GA,2,49,2.0619591135575432,1.7294503962690986,12.0,
deposition,GA,2,50,2.0619591135575432,1.7214137642670597,12.0,
deposition,GA,2,51,2.0619591135575432,1.7115152433908243,12.0,
deposition,GA,2,52,2.0619591135575432,1.6984304442368612,12.0,
deposition,GA,2,53,2.0619591135575432,1.7509755339239113,12.0,
deposition,GA,2,54,2.0674070038315833,1.7760588238507424,12.0,
deposition,GA,2,55,2.0674070038315833,1.768353664170882,12.0,
deposition,GA,2,56,2.0674070038315833,1.8027941480224379,12.0,
deposition,GA,2,57,2.0674070038315833,1.7709635389493248,12.0,
deposition,GA,2,58,2.0674070038315833,1.7623948574978894,12.0,
deposition,GA,2,59,2.0709278536498035,1.7594117702614809,11.0,
deposition,GA,2,60,2.0709278536498035,1.792140927815779,11.0,
deposition,GA,2,61,2.0709278536498035,1.7917954540849934,11.0,
deposition,GA,2,62,2.0709278536498035,1.7547054512351719,11.0,
deposition,GA,2,63,2.0709278536498035,1.7693436054144853,11.0,
deposition,GA,2,64,2.0709278536498035,1.7792523193635184,11.0,
deposition,GA,2,65,2.0709278536498035,1.754494059995492,11.0,
deposition,GA,2,66,2.0709278536498035,1.7716464818411701,11.0,
deposition,GA,2,67,2.0709278536498035,1.7322366802310725,11.0,
deposition,GA,2,68,2.0709278536498035,1.717299520366571,11.0,
deposition,GA,2,69,2.0709278536498035,1.73824666470151,11.0,
deposition,GA,2,70,2.0709278536498035,1.7211598451681358,11.0,
deposition,GA,2,71,2.09496808800194,1.7305443991029699,10.0,
deposition,GA,2,72,2.09496808800194,1.7594110574803097,10.0,
deposition,GA,2,73,2.09496808800194,1.7872454973866332,10.0,
deposition,GA,2,74,2.09496808800194,1.7592444648762915,10.0,
deposition,GA,2,75,2.09496808800194,1.7635743791273755,10.0,
deposition,GA,2,76,2.098027518142407,1.7496711479829776,10.0,
deposition,GA,2,77,2.098027518142407,1.7134060861607743,10.0,
deposition,GA,2,78,2.098027518142407,1.7032016133351724,10.0,
deposition,GA,2,79,2.098027518142407,1.7133200707115808,10.0,
deposition,GA,2,80,2.1182824496001236,1.7245348217372058,9.0,
deposition,GA,2,81,2.1182824496001236,1.7646037120467923,9.0,
deposition,GA,2,82,2.1182824496001236,1.7539871400144613,9.0,
deposition,GA,2,83,2.1182824496001236,1.7623964676236064,9.0,
deposition,GA,2,84,2.1182824496001236,1.7729427980869403,9.0,
deposition,GA,2,85,2.1182824496001236,1.7817686431117683,9.0,
deposition,GA,2,86,2.1182824496001236,1.7624094829167896,9.0,
deposition,GA,2,87,2.1182824496001236,1.7673044056746199,9.0,
deposition,GA,2,88,2.1182824496001236,1.7702269946818767,9.0,
deposition,GA,2,89,2.1182824496001236,1.8170037103054697,9.0,
deposition,GA,2,90,2.1182824496001236,1.7981519380295112,9.0,
deposition,GA,2,91,2.1182824496001236,1.7395459771077129,9.0,
deposition,GA,2,92,2.1243489328674796,1.799516445564293,8.0,
deposition,GA,2,93,2.1243489328674796,1.7421248891508778,8.0,
deposition,GA,2,94,2.1243489328674796,1.7555011095189355,8.0,
deposition,GA,2,95,2.1243489328674796,1.7395017611847945,8.0,
deposition,GA,2,96,2.1243489328674796,1.753035567466491,8.0,
deposition,GA,2,97,2.1380167001820882,1.8131267912366826,6.0,
deposition,GA,2,98,2.1380167001820882,1.7730037635443323,6.0,
deposition,GA,2,99,2.1380167001820882,1.7865913309122934,6.0,
deposition,GA,2,100,2.1380167001820882,1.739485458708463,6.0,
deposition,GA,2,101,2.1380167001820882,1.7844006177665706,6.0,
deposition,GA,2,102,2.1380167001820882,1.784381022909173,6.0,
deposition,GA,2,103,2.1380167001820882,1.7679295689179546,6.0,
deposition,GA,2,104,2.164409610237786,1.7866824995699147,6.0,
deposition,GA,2,105,2.164409610237786,1.7591493289673585,6.0,
deposition,GA,2,106,2.164409610237786,1.7712319326698633,6.0,
deposition,GA,2,107,2.164409610237786,1.8257975771140154,6.0,
deposition,GA,2,108,2.164409610237786,1.799274901177703,6.0,
deposition,GA,2,109,2.164409610237786,1.7801211432949735,6.0,
deposition,GA,2,110,2.164409610237786,1.7664417359689282,6.0,
deposition,GA,2,111,2.164409610237786,1.7296996829097704,6.0,
deposition,GA,2,112,2.164409610237786,1.7426004509644695,6.0,
deposition,GA,2,113,2.164409610237786,1.7460335540240428,6.0,
deposition,GA,2,114,2.164409610237786,1.7402427462190353,6.0,
deposition,GA,2,115,2.164409610237786,1.7464056904006668,6.0,
deposition,GA,2,116,2.164409610237786,1.7405001612688054,6.0,
deposition,GA,2,117,2.164409610237786,1.7819558220184732,6.0,
deposition,GA,2,118,2.164409610237786,1.7796939334247828,6.0,
deposition,GA,2,119,2.164409610237786,1.7842397515270978,6.0,
deposition,GA,2,120,2.164409610237786,1.8005781482021306,6.0,
deposition,GA,2,121,2.164409610237786,1.7596958278839636,6.0,
deposition,GA,2,122,2.164409610237786,1.747861206174799,6.0,
deposition,GA,2,123,2.164409610237786,1.7615939781403434,6.0,
deposition,GA,2,124,2.164409610237786,1.783623712262275,6.0,
deposition,GA,2,125,2.164409610237786,1.74513445812117,6.0,
deposition,GA,2,126,2.164409610237786,1.7472297200225817,6.0,
deposition,GA,2,127,2.164409610237786,1.7467192192906176,6.0,
deposition,GA,2,128,2.164409610237786,1.7329417794431161,6.0,
deposition,GA,2,129,2.164409610237786,1.752847613622949,6.0,
deposition,GA,2,130,2.164409610237786,1.7603890125975326,6.0,
deposition,GA,2,131,2.164409610237786,1.7588017594793826,6.0,
deposition,GA,2,132,2.164409610237786,1.7363502520557972,6.0,
deposition,GA,2,133,2.164409610237786,1.7301045743710266,6.0,
deposition,GA,2,134,2.164409610237786,1.7565502617604587,6.0,
deposition,GA,2,135,2.164409610237786,1.7853919076724047,6.0,
deposition,GA,2,136,2.164409610237786,1.7644600461493067,6.0,
deposition,GA,2,137,2.164409610237786,1.7413871432407688,6.0,
deposition,GA,2,138,2.164409610237786,1.741290230140854,6.0,
deposition,GA,2,139,2.164409610237786,1.7484833009432124,6.0,
deposition,GA,2,140,2.164409610237786,1.7842384683053552,6.0,
deposition,GA,2,141,2.164409610237786,1.7755068977675268,6.0,
deposition,GA,2,142,2.164409610237786,1.7039329466430437,6.0,
deposition,GA,2,143,2.164409610237786,1.7299976099724048,6.0,
deposition,GA,2,144,2.164409610237786,1.735603866116297,6.0,
deposition,GA,3,0,1.8545908777916407,1.604121991815946,21.0,
deposition,GA,3,1,1.8698392487459659,1.6474946447843108,20.0,
deposition,GA,3,2,1.9027330831491711,1.7194202939278234,19.0,
deposition,GA,3,3,1.9027330831491711,1.6770562283656272,19.0,
deposition,GA,3,4,1.910904924184691,1.7232410379426817,18.0,
deposition,GA,3,5,1.910904924184691,1.7167190838792443,18.0,
deposition,GA,3,6,1.910904924184691,1.7186563834023858,18.0,
deposition,GA,3,7,1.910904924184691,1.704198613524459,18.0,
deposition,GA,3,8,1.91280294039405,1.7160926807001597,18.0,
deposition,GA,3,9,1.9301724697901297,1.7240771834819362,17.0,
deposition,GA,3,10,1.9301724697901297,1.6966386803402578,17.0,
deposition,GA,3,11,1.9496562371611745,1.7248652926786883,17.0,
deposition,GA,3,12,1.9496562371611745,1.7060981430663495,17.0,
deposition,GA,3,13,1.9496562371611745,1.7042191611667665,17.0,
deposition,GA,3,14,1.9496562371611745,1.732356141339908,17.0,
deposition,GA,3,15,1.9540071229135574,1.72837361707333,15.0,
deposition,GA,3,16,2.0353130616174777,1.7392684058448311,12.0,
deposition,GA,3,17,2.0353130616174777,1.7514741873852464,12.0,
deposition,GA,3,18,2.0953860383576415,1.7669246765514153,9.0,
deposition,GA,3,19,2.0953860383576415,1.7496772363104243,9.0,
deposition,GA,3,20,2.0953860383576415,1.7282173045723952,9.0,
deposition,GA,3,21,2.0953860383576415,1.7138728708437214,9.0,
deposition,GA,3,22,2.0953860383576415,1.712097836798503,9.0,
deposition,GA,3,23,2.0953860383576415,1.6950317849584198,9.0,
deposition,GA,3,24,2.0953860383576415,1.7091017935434294,9.0,
deposition,GA,3,25,2.0953860383576415,1.7205795019115526,9.0,
deposition,GA,3,26,2.0953860383576415,1.7579913883670415,9.0,
deposition,GA,3,27,2.1021423741658505,1.7532732108238769,9.0,
deposition,GA,3,28,2.1021423741658505,1.7546827264656586,9.0,
deposition,GA,3,29,2.1021423741658505,1.7626720814932564,9.0,
deposition,GA,3,30,2.1021423741658505,1.7969924467006293,9.0,
deposition,GA,3,31,2.1021423741658505,1.7956665258968407,9.0,
deposition,GA,3,32,2.1021423741658505,1.735361613152262,9.0,
deposition,GA,3,33,2.1021423741658505,1.7446024555802224,9.0,
deposition,GA,3,34,2.1021423741658505,1.7149500671180733,9.0,
deposition,GA,3,35,2.1021423741658505,1.728320423729168,9.0,
deposition,GA,3,36,2.1021423741658505,1.7743963405034164,9.0,
deposition,GA,3,37,2.1021423741658505,1.7650741399121075,9.0,
deposition,GA,3,38,2.1122845113584465,1.791407866265601,8.0,
deposition,GA,3,39,2.1122845113584465,1.7397412567698454,8.0,
deposition,GA,3,40,2.1122845113584465,1.7347690191821985,8.0,
deposition,GA,3,41,2.1122845113584465,1.7863939979914398,8.0,
deposition,GA,3,42,2.1122845113584465,1.7888061073411108,8.0,
deposition,GA,3,43,2.1122845113584465,1.763033158479208,8.0,
deposition,GA,3,44,2.1122845113584465,1.7968595583315274,8.0,
deposition,GA,3,45,2.122854509456711,1.7902367059635131,8.0,
deposition,GA,3,46,2.122854509456711,1.7657666276895463,8.0,
deposition,GA,3,47,2.122854509456711,1.7993639658356222,8.0,
deposition,GA,3,48,2.122854509456711,1.7385652437299755,8.0,
deposition,GA,3,49,2.122854509456711,1.7697792913934003,8.0,
deposition,GA,3,50,2.122854509456711,1.7489895971136378,8.0,
deposition,GA,3,51,2.122854509456711,1.764969582688701,8.0,
deposition,GA,3,52,2.122854509456711,1.7582605309214987,8.0,
deposition,GA,3,53,2.122854509456711,1.7850948208883068,8.0,
deposition,GA,3,54,2.122854509456711,1.7495518496657887,8.0,
deposition,GA,3,55,2.122854509456711,1.7582151072389565,8.0,
deposition,GA,3,56,2.122854509456711,1.7505820112369428,8.0,
deposition,GA,3,57,2.122854509456711,1.7414159612892324,8.0,
deposition,GA,3,58,2.122854509456711,1.7863661708649297,8.0,
deposition,GA,3,59,2.122854509456711,1.8299313588109563,8.0,
deposition,GA,3,60,2.122854509456711,1.7790782759360824,8.0,
deposition,GA,3,61,2.122854509456711,1.7926111568634027,8.0,
deposition,GA,3,62,2.122854509456711,1.8029697267433584,8.0,
deposition,GA,3,63,2.122854509456711,1.7546934674014167,8.0,
deposition,GA,3,64,2.122854509456711,1.7302310326795376,8.0,
deposition,GA,3,65,2.122854509456711,1.7346005481236326,8.0,
deposition,GA,3,66,2.122854509456711,1.7434677072277907,8.0,
deposition,GA,3,67,2.122854509456711,1.7521196610135945,8.0,
deposition,GA,3,68,2.122854509456711,1.7158396822225819,8.0,
deposition,GA,3,69,2.122854509456711,1.7473449815766613,8.0,
deposition,GA,3,70,2.122854509456711,1.7556244563007766,8.0,
deposition,GA,3,71,2.122854509456711,1.779905036540498,8.0,
deposition,GA,3,72,2.122854509456711,1.7767922528705165,8.0,
deposition,GA,3,73,2.122854509456711,1.7662108893572732,8.0,
deposition,GA,3,74,2.122854509456711,1.7569380815446856,8.0,
deposition,GA,3,75,2.122854509456711,1.7713898559852617,8.0,
deposition,GA,3,76,2.122854509456711,1.7824823187697496,8.0,
deposition,GA,3,77,2.122854509456711,1.7344143664224347,8.0,
deposition,GA,3,78,2.122854509456711,1.744053092113862,8.0,
deposition,GA,3,79,2.122854509456711,1.7304770744646838,8.0,
deposition,GA,3,80,2.122854509456711,1.7053678934804117,8.0,
deposition,GA,3,81,2.122854509456711,1.7288635954645002,8.0,
deposition,GA,3,82,2.122854509456711,1.7701885985132086,8.0,
deposition,GA,3,83,2.122854509456711,1.7706333985550302,8.0,
deposition,GA,3,84,2.122854509456711,1.781621020125859,8.0,
deposition,GA,3,85,2.122854509456711,1.7689455024894305,8.0,
deposition,GA,4,0,1.8575381715543853,1.6143424391759342,19.0,
deposition,GA,4,1,1.8855753619666804,1.6250018097276953,17.0,
deposition,GA,4,2,1.8913966646297347,1.6853658027989955,20.0,
deposition,GA,4,3,1.9546267035065275,1.7000110475693524,16.0,
deposition,GA,4,4,1.9546267035065275,1.6803526857844673,16.0,
deposition,GA,4,5,1.9546267035065275,1.6485390406533504,16.0,
deposition,GA,4,6,1.9546267035065275,1.682197002679251,16.0,
deposition,GA,4,7,1.9546267035065275,1.7038873664159397,16.0,
deposition,GA,4,8,1.9583569303524229,1.699421935316117,15.0,
deposition,GA,4,9,1.9583569303524229,1.695545618037438,15.0,
deposition,GA,4,10,1.9898637799744634,1.7059974998207863,15.0,
deposition,GA,4,11,1.9898637799744634,1.7345577251412414,15.0,
deposition,GA,4,12,1.9898637799744634,1.7588800914051355,15.0,
deposition,GA,4,13,1.9898637799744634,1.748243163942599,15.0,
deposition,GA,4,14,1.9898637799744634,1.715313720569693,15.0,
deposition,GA,4,15,1.9898637799744634,1.7244982626034169,15.0,
deposition,GA,4,16,1.9898637799744634,1.730732662730618,15.0,
deposition,GA,4,17,1.9898637799744634,1.718969727969816,15.0,
deposition,GA,4,18,1.9898637799744634,1.7321382627694994,15.0,
deposition,GA,4,19,1.9898637799744634,1.7506110913606538,15.0,
deposition,GA,4,20,1.9898637799744634,1.72497947439386,15.0,
deposition,GA,4,21,1.9898637799744634,1.7311027107702763,15.0,
deposition,GA,4,22,1.9898637799744634,1.705121322540586,15.0,
deposition,GA,4,23,1.9898637799744634,1.6972599942150688,15.0,
deposition,GA,4,24,1.9898637799744634,1.7374094589286178,15.0,
deposition,GA,4,25,1.9898637799744634,1.7375072428014307,15.0,
deposition,GA,4,26,1.9898637799744634,1.7132751798559211,15.0,
deposition,GA,4,27,1.9898637799744634,1.7487124263428833,15.0,
deposition,GA,4,28,1.9898637799744634,1.727500892214787,15.0,
deposition,GA,4,29,1.9898637799744634,1.7344081824122513,15.0,
deposition,GA,4,30,1.9898637799744634,1.7149555014540183,15.0,
deposition,GA,4,31,1.9898637799744634,1.7240497165894237,15.0,
deposition,GA,4,32,1.9898637799744634,1.6986824553108826,15.0,
deposition,GA,4,33,1.9898637799744634,1.7485732647693362,15.0,
deposition,GA,4,34,1.9898637799744634,1.7212911085999358,15.0,
deposition,GA,4,35,1.9898637799744634,1.7421744126872647,15.0,
deposition,GA,4,36,1.9898637799744634,1.7129006251589787,15.0,
deposition,GA,4,37,1.9898637799744634,1.7327047463004484,15.0,
deposition,GA,4,38,1.9898637799744634,1.7247966994522799,15.0,
deposition,GA,4,39,1.9898637799744634,1.7379186144335286,15.0,
deposition,GA,4,40,1.9898637799744634,1.7252249761917824,15.0,
deposition,GA,4,41,1.9898637799744634,1.735163341343147,15.0,
deposition,GA,4,42,1.9898637799744634,1.7579423622206398,15.0,
deposition,GA,4,43,1.9898637799744634,1.7314061923789736,15.0,
deposition,GA,4,44,1.9898637799744634,1.7509436090374983,15.0,
deposition,GA,4,45,2.0154449709899485,1.7359429320585604,13.0,
deposition,GA,4,46,2.0219771178046964,1.7438055631556408,13.0,
deposition,GA,4,47,2.0219771178046964,1.7545062268025657,13.0,
deposition,GA,4,48,2.0219771178046964,1.7452290809060336,13.0,
deposition,GA,4,49,2.0219771178046964,1.7292819483055997,13.0,
deposition,GA,4,50,2.0219771178046964,1.7452110343950458,13.0,
deposition,GA,4,51,2.0219771178046964,1.7587718092453244,13.0,
deposition,GA,4,52,2.0219771178046964,1.7781365196593506,13.0,
deposition,GA,4,53,2.0219771178046964,1.730220647688028,13.0,
deposition,GA,4,54,2.0219771178046964,1.7252266986666527,13.0,
deposition,GA,4,55,2.0219771178046964,1.7252357763175201,13.0,
deposition,GA,4,56,2.0219771178046964,1.7172990973232998,13.0,
deposition,GA,4,57,2.0219771178046964,1.7082743883120108,13.0,
deposition,GA,4,58,2.0219771178046964,1.7160643750883455,13.0,
deposition,GA,4,59,2.0219771178046964,1.7137271597493702,13.0,
deposition,GA,4,60,2.0219771178046964,1.729012830014971,13.0,
deposition,GA,4,61,2.0219771178046964,1.735037243674978,13.0,
deposition,GA,4,62,2.0219771178046964,1.7443324756422343,13.0,
deposition,GA,4,63,2.0219771178046964,1.696771546667879,13.0,
deposition,GA,4,64,2.0219771178046964,1.722365204667193,13.0,
deposition,GA,4,65,2.0219771178046964,1.7035309107519645,13.0,
deposition,GA,4,66,2.0219771178046964,1.687215535207195,13.0,
deposition,GA,4,67,2.0219771178046964,1.715705437920605,13.0,
deposition,GA,4,68,2.0219771178046964,1.7573800329297384,13.0,
deposition,GA,4,69,2.0219771178046964,1.7543064053629145,13.0,
deposition,GA,4,70,2.0219771178046964,1.7383506819137522,13.0,
deposition,GA,4,71,2.0219771178046964,1.749372090478012,13.0,
deposition,GA,4,72,2.0219771178046964,1.7747335175654597,13.0,
deposition,GA,4,73,2.0219771178046964,1.7644955663370703,13.0,
deposition,GA,4,74,2.0219771178046964,1.7310463610312525,13.0,
deposition,GA,4,75,2.0219771178046964,1.7315745767372897,13.0,
deposition,GA,4,76,2.0219771178046964,1.7536098845341024,13.0,
deposition,GA,4,77,2.0436891068993956,1.7630997946382236,12.0,
deposition,GA,4,78,2.0436891068993956,1.7846154327041923,12.0,
deposition,GA,4,79,2.0436891068993956,1.7490632808114293,12.0,
deposition,GA,4,80,2.0436891068993956,1.7594989942990444,12.0,
deposition,GA,4,81,2.0436891068993956,1.747481786664706,12.0,
deposition,GA,4,82,2.0436891068993956,1.7489220960670508,12.0,
deposition,GA,4,83,2.0436891068993956,1.75062596736448,12.0,
deposition,GA,4,84,2.0436891068993956,1.765192202634373,12.0,
deposition,GA,4,85,2.0436891068993956,1.7588797184665474,12.0,
deposition,GA,4,86,2.0436891068993956,1.7460606181434506,12.0,
deposition,GA,4,87,2.0436891068993956,1.7352628702941892,12.0,
deposition,GA,4,88,2.0436891068993956,1.7640680184203155,12.0,
deposition,GA,4,89,2.0436891068993956,1.7532210029685515,12.0,
deposition,GA,4,90,2.0436891068993956,1.757193919290448,12.0,
deposition,GA,4,91,2.052010266181236,1.7218075837466853,11.0,
deposition,GA,4,92,2.052010266181236,1.7292643632841724,11.0,
deposition,GA,4,93,2.052010266181236,1.7131400364677454,11.0,
deposition,GA,4,94,2.052010266181236,1.6970730298361374,11.0,
deposition,GA,4,95,2.052010266181236,1.726108707533384,11.0,
deposition,GA,4,96,2.052010266181236,1.7168676250470665,11.0,
deposition,GA,4,97,2.052010266181236,1.7133465339335046,11.0,
deposition,GA,4,98,2.052010266181236,1.7356836829170803,11.0,
deposition,GA,4,99,2.052010266181236,1.7238846395345688,11.0,
deposition,GA,4,100,2.052010266181236,1.7458409363037322,11.0,
deposition,GA,4,101,2.052010266181236,1.7325942564816255,11.0,
deposition,GA,4,102,2.052010266181236,1.746828836700704,11.0,
deposition,GA,4,103,2.052010266181236,1.7535899844238407,11.0,
deposition,GA,4,104,2.052010266181236,1.7538847747849615,11.0,
deposition,GA,4,105,2.052010266181236,1.7496966795465227,11.0,
deposition,GA,4,106,2.052010266181236,1.7523882118562333,11.0,
deposition,GA,4,107,2.052010266181236,1.766939966068734,11.0,
deposition,GA,4,108,2.052010266181236,1.7524280654407338,11.0,
deposition,GA,4,109,2.052010266181236,1.7314114632290363,11.0,
deposition,GA,4,110,2.052010266181236,1.7123660638302909,11.0,
deposition,GA,4,111,2.052010266181236,1.7583969430250803,11.0,
deposition,GA,4,112,2.052010266181236,1.742263145120552,11.0,
deposition,GA,4,113,2.052010266181236,1.751092260752096,11.0,
deposition,GA,4,114,2.052010266181236,1.7453346264851675,11.0,
deposition,GA,4,115,2.052010266181236,1.787229725120973,11.0,
deposition,GA,4,116,2.052010266181236,1.7847849543635117,11.0,
deposition,GA,4,117,2.052010266181236,1.78355491542414,11.0,
deposition,GA,4,118,2.052010266181236,1.7662461414388226,11.0,
deposition,GA,4,119,2.052010266181236,1.7490254118132484,11.0,
deposition,GA,4,120,2.052010266181236,1.7661863649415086,11.0,
deposition,GA,4,121,2.0669744095448395,1.7565024219853427,10.0,
deposition,GA,4,122,2.0669744095448395,1.7656729351339915,10.0,
deposition,GA,4,123,2.0669744095448395,1.7298339147428887,10.0,
deposition,GA,4,124,2.0669744095448395,1.7491569003190683,10.0,
deposition,GA,4,125,2.0669744095448395,1.7513840526643656,10.0,
deposition,GA,4,126,2.0669744095448395,1.7761886461599095,10.0,
deposition,GA,4,127,2.0669744095448395,1.7277696379522685,10.0,
deposition,GA,4,128,2.0669744095448395,1.7540435250934336,10.0,
deposition,GA,4,129,2.0669744095448395,1.764848858563769,10.0,
deposition,GA,4,130,2.0669744095448395,1.7537869258034504,10.0,
deposition,GA,4,131,2.0669744095448395,1.7334183222735042,10.0,
deposition,GA,4,132,2.0669744095448395,1.7452493939657359,10.0,
deposition,GA,4,133,2.0669744095448395,1.7472252031434905,10.0,
deposition,GA,4,134,2.0669744095448395,1.7061835019859424,10.0,
deposition,GA,4,135,2.0669744095448395,1.7443083607410432,10.0,
deposition,GA,4,136,2.0669744095448395,1.7325052832470498,10.0,
deposition,GA,4,137,2.0669744095448395,1.7099054242116245,10.0,
deposition,GA,4,138,2.0669744095448395,1.723126408793322,10.0,
deposition,GA,4,139,2.0669744095448395,1.7246825907968037,10.0,
deposition,GA,4,140,2.0669744095448395,1.7310548073618832,10.0,
deposition,GA,4,141,2.0669744095448395,1.7528196164941903,10.0,
deposition,GA,4,142,2.0669744095448395,1.7453975102014894,10.0,
deposition,GA,4,143,2.0669744095448395,1.7687090432086834,10.0,
deposition,GA,4,144,2.0669744095448395,1.7986304026455926,10.0,
deposition,GA,4,145,2.0669744095448395,1.7905146479740863,10.0,
deposition,GA,4,146,2.0669744095448395,1.766851222971465,10.0,
deposition,GA,4,147,2.0669744095448395,1.7602177772762864,10.0,
deposition,GA,4,148,2.0669744095448395,1.7432605240824408,10.0,
deposition,GA,4,149,2.0669744095448395,1.728975144561933,10.0,
deposition,GA,4,150,2.0669744095448395,1.7374323524954114,10.0,
deposition,GA,4,151,2.0669744095448395,1.7274199537911599,10.0,
deposition,GA,4,152,2.0669744095448395,1.751980022722727,10.0,
deposition,GA,4,153,2.0669744095448395,1.713226147619095,10.0,
deposition,GA,4,154,2.069630552046119,1.7570471593403905,11.0,
deposition,GA,4,155,2.069630552046119,1.7514074009998357,11.0,
deposition,GA,4,156,2.069630552046119,1.7362472030453588,11.0,
deposition,GA,4,157,2.069630552046119,1.7523002012990845,11.0,
deposition,GA,4,158,2.069630552046119,1.7318506233872455,11.0,
deposition,GA,4,159,2.069630552046119,1.7362230912931083,11.0,
deposition,GA,4,160,2.069630552046119,1.7449528110379018,11.0,
deposition,GA,4,161,2.069630552046119,1.7532883769635135,11.0,
deposition,GA,4,162,2.069630552046119,1.7514086164698661,11.0,
deposition,GA,4,163,2.069630552046119,1.7525250120781046,11.0,
deposition,GA,4,164,2.069630552046119,1.749686854856749,11.0,
deposition,GA,4,165,2.069630552046119,1.773726574251971,11.0,
deposition,GA,4,166,2.069630552046119,1.7587274603243181,11.0,
deposition,GA,4,167,2.069630552046119,1.76424763821624,11.0,
deposition,GA,4,168,2.069630552046119,1.7622816402592743,11.0,
deposition,GA,4,169,2.069630552046119,1.7723196235579384,11.0,
deposition,GA,4,170,2.069630552046119,1.7480507797589695,11.0,
deposition,GA,4,171,2.069630552046119,1.7261959912106808,11.0,
deposition,GA,4,172,2.069630552046119,1.7447991396951879,11.0,
deposition,GA,4,173,2.069630552046119,1.7341720017533024,11.0,
deposition,GA,4,174,2.069630552046119,1.748692690904727,11.0,
deposition,GA,4,175,2.069630552046119,1.7585828532517618,11.0,
deposition,GA,4,176,2.073875191325226,1.7646900984765446,11.0,
deposition,GA,4,177,2.073875191325226,1.7681252647829013,11.0,
deposition,GA,4,178,2.073875191325226,1.7604378581998872,11.0,
deposition,GA,4,179,2.073875191325226,1.792990625708704,11.0,
deposition,GA,4,180,2.073875191325226,1.7906384705774,11.0,
deposition,GA,4,181,2.073875191325226,1.7776275958405807,11.0,
deposition,GA,4,182,2.073875191325226,1.8074201699513666,11.0,
deposition,GA,4,183,2.073875191325226,1.7899370524436278,11.0,
deposition,GA,4,184,2.073875191325226,1.7861627482530296,11.0,
deposition,GA,4,185,2.073875191325226,1.792104112354308,11.0,
deposition,GA,4,186,2.073875191325226,1.728152848650073,11.0,
deposition,GA,4,187,2.073875191325226,1.7649358214225424,11.0,
deposition,GA,4,188,2.073875191325226,1.7833001093255874,11.0,
deposition,GA,4,189,2.073875191325226,1.7880847976948804,11.0,
deposition,GA,4,190,2.073875191325226,1.7701072061438752,11.0,
deposition,GA,4,191,2.073875191325226,1.764849178562725,11.0,
deposition,GA,4,192,2.073875191325226,1.7604058140863657,11.0,
deposition,GA,4,193,2.073875191325226,1.7747161353438252,11.0,
deposition,GA,4,194,2.073875191325226,1.7553622902894006,11.0,
deposition,GA,4,195,2.073875191325226,1.7591301684738525,11.0,
deposition,GA,4,196,2.073875191325226,1.770441445608944,11.0,
deposition,GA,4,197,2.073875191325226,1.773338648541103,11.0,
deposition,GA,4,198,2.073875191325226,1.7807236337990873,11.0,
deposition,GA,4,199,2.073875191325226,1.7882043995656347,11.0,
deposition,GA,4,200,2.073875191325226,1.802330264900944,11.0,
deposition,TSFGA,0,0,1.913728473299427,1.392981876727799,17.0,
deposition,TSFGA,0,1,1.913728473299427,1.5456003528865399,17.0,
deposition,TSFGA,0,2,1.937876688669979,1.641253854321489,17.0,
deposition,TSFGA,0,3,1.938701150183599,1.6876714574422393,17.0,
deposition,TSFGA,0,4,1.938701150183599,1.6465058317691628,17.0,
deposition,TSFGA,0,5,1.938701150183599,1.665151905530021,17.0,
deposition,TSFGA,0,6,1.9442650908018069,1.696261328291031,16.0,
deposition,TSFGA,0,7,1.9960110906649817,1.6704420779890128,14.0,
deposition,TSFGA,0,8,1.9960110906649817,1.7358672695654511,14.0,
deposition,TSFGA,0,9,2.021389475459098,1.7006124313084505,14.0,
deposition,TSFGA,0,10,2.021389475459098,1.7115737683284433,14.0,
deposition,TSFGA,0,11,2.021389475459098,1.777309436286068,14.0,
deposition,TSFGA,0,12,2.021389475459098,1.6952771387648014,14.0,
deposition,TSFGA,0,13,2.021389475459098,1.707007569369783,14.0,
deposition,TSFGA,0,14,2.0312959661666277,1.6795645510788937,13.0,
deposition,TSFGA,0,15,2.0336736466743974,1.6516619568461315,12.0,
deposition,TSFGA,0,16,2.0336736466743974,1.666483077071831,12.0,
deposition,TSFGA,0,17,2.0516505811583476,1.6978595103780851,11.0,
deposition,TSFGA,0,18,2.0516505811583476,1.6679091700756359,11.0,
deposition,TSFGA,0,19,2.0608102522476073,1.7693029042623032,12.0,
deposition,TSFGA,0,20,2.094410904923922,1.751360714601192,8.0,
deposition,TSFGA,0,21,2.094410904923922,1.6986447994746334,8.0,
deposition,TSFGA,0,22,2.094410904923922,1.7152080404910914,8.0,
deposition,TSFGA,0,23,2.094410904923922,1.7196824479809323,8.0,
deposition,TSFGA,0,24,2.094410904923922,1.7076188365222922,8.0,
deposition,TSFGA,0,25,2.094410904923922,1.7080316536969007,8.0,
deposition,TSFGA,0,26,2.094410904923922,1.7266957657598545,8.0,
deposition,TSFGA,0,27,2.094410904923922,1.6784511725540874,8.0,
deposition,TSFGA,0,28,2.112442411765464,1.6514303567283561,7.0,
deposition,TSFGA,0,29,2.112442411765464,1.6664729378203098,7.0,
deposition,TSFGA,0,30,2.112442411765464,1.701761234422608,7.0,
deposition,TSFGA,0,31,2.116281960612831,1.7202200610390002,8.0,
deposition,TSFGA,0,32,2.116281960612831,1.7437059056693527,8.0,
deposition,TSFGA,0,33,2.116281960612831,1.703685067839248,8.0,
deposition,TSFGA,0,34,2.116281960612831,1.7226645944363022,8.0,
deposition,TSFGA,0,35,2.116281960612831,1.7272974290872178,8.0,
deposition,TSFGA,0,36,2.116281960612831,1.741549807135598,8.0,
deposition,TSFGA,0,37,2.116281960612831,1.7200399271109241,8.0,
deposition,TSFGA,0,38,2.116281960612831,1.7444637114012551,8.0,
deposition,TSFGA,0,39,2.116281960612831,1.7395144262650504,8.0,
deposition,TSFGA,0,40,2.116281960612831,1.7875900663148783,8.0,
deposition,TSFGA,0,41,2.116281960612831,1.745949422475865,8.0,
deposition,TSFGA,0,42,2.116281960612831,1.803142260590017,8.0,
deposition,TSFGA,0,43,2.116281960612831,1.783797055594605,8.0,
deposition,TSFGA,0,44,2.116281960612831,1.7687605752125883,8.0,
deposition,TSFGA,0,45,2.116281960612831,1.7915017293920052,8.0,
deposition,TSFGA,0,46,2.116281960612831,1.7249516328152623,8.0,
deposition,TSFGA,0,47,2.116281960612831,1.6902828448995078,8.0,
deposition,TSFGA,0,48,2.116281960612831,1.7151611421856505,8.0,
deposition,TSFGA,0,49,2.116281960612831,1.6986909068806675,8.0,
deposition,TSFGA,0,50,2.116281960612831,1.7092967492287336,8.0,
deposition,TSFGA,0,51,2.116281960612831,1.7574428310414478,8.0,
deposition,TSFGA,0,52,2.116281960612831,1.7485158499613558,8.0,
deposition,TSFGA,0,53,2.116281960612831,1.7768389458098202,8.0,
deposition,TSFGA,0,54,2.116281960612831,1.7438412626674187,8.0,
deposition,TSFGA,0,55,2.116281960612831,1.7030532650644825,8.0,
deposition,TSFGA,0,56,2.116281960612831,1.7042767416909286,8.0,
deposition,TSFGA,0,57,2.116281960612831,1.6966385912157782,8.0,
deposition,TSFGA,0,58,2.116281960612831,1.6914384728061465,8.0,
deposition,TSFGA,0,59,2.116281960612831,1.7022084192148246,8.0,
deposition,TSFGA,0,60,2.116281960612831,1.7671791715883827,8.0,
deposition,TSFGA,0,61,2.116281960612831,1.7295550633932464,8.0,
deposition,TSFGA,0,62,2.116281960612831,1.706240034511648,8.0,
deposition,TSFGA,0,63,2.116281960612831,1.7386226260384028,8.0,
deposition,TSFGA,0,64,2.116281960612831,1.7540364450863408,8.0,
deposition,TSFGA,0,65,2.116281960612831,1.7828897907301677,8.0,
deposition,TSFGA,0,66,2.116281960612831,1.7586725991543495,8.0,
deposition,TSFGA,0,67,2.116281960612831,1.7503466684548399,8.0,
deposition,TSFGA,0,68,2.116281960612831,1.7681311155979103,8.0,
deposition,TSFGA,0,69,2.116281960612831,1.7528638126785097,8.0,
deposition,TSFGA,0,70,2.116281960612831,1.7578728755347206,8.0,
deposition,TSFGA,0,71,2.116281960612831,1.7329520304898054,8.0,
deposition,TSFGA,1,0,1.919338480747472,1.3446134930219886,18.0,
deposition,TSFGA,1,1,1.919338480747472,1.52555006497621,18.0,
deposition,TSFGA,1,2,1.9236231149667256,1.6301712790604683,16.0,
deposition,TSFGA,1,3,1.941496111598965,1.6648043474360457,16.0,
deposition,TSFGA,1,4,1.941496111598965,1.706829771399319,16.0,
deposition,TSFGA,1,5,2.0180409552944543,1.739313405544889,12.0,
deposition,TSFGA,1,6,2.0180409552944543,1.716376423783823,12.0,
deposition,TSFGA,1,7,2.0180409552944543,1.67290423316905,12.0,
deposition,TSFGA,1,8,2.0180409552944543,1.686071184855237,12.0,
deposition,TSFGA,1,9,2.0180409552944543,1.7145374525413242,12.0,
deposition,TSFGA,1,10,2.0180409552944543,1.7110484653933173,12.0,
deposition,TSFGA,1,11,2.0180409552944543,1.6797878110497595,12.0,
deposition,TSFGA,1,12,2.03093078014648,1.7331918280246008,13.0,
deposition,TSFGA,1,13,2.0413268219061056,1.725787608841469,12.0,
deposition,TSFGA,1,14,2.0413268219061056,1.7140009519101091,12.0,
deposition,TSFGA,1,15,2.0848295455424344,1.7286218159304219,10.0,
deposition,TSFGA,1,16,2.0848295455424344,1.7292602656499458,10.0,
deposition,TSFGA,1,17,2.0848295455424344,1.745949962904072,10.0,
deposition,TSFGA,1,18,2.0848295455424344,1.7251799836921513,10.0,
deposition,TSFGA,1,19,2.0848295455424344,1.7576280982454506,10.0,
deposition,TSFGA,1,20,2.0848295455424344,1.7890451559129879,10.0,
deposition,TSFGA,1,21,2.0848295455424344,1.762086893173371,10.0,
deposition,TSFGA,1,22,2.0848295455424344,1.7070644030377302,10.0,
deposition,TSFGA,1,23,2.0848295455424344,1.6638475448144383,10.0,
deposition,TSFGA,1,24,2.0848295455424344,1.7076897893533647,10.0,
deposition,TSFGA,1,25,2.0848295455424344,1.7692564521762262,10.0,
deposition,TSFGA,1,26,2.0903563304103483,1.714091966894037,11.0,
deposition,TSFGA,1,27,2.0903563304103483,1.734823213821409,11.0,
deposition,TSFGA,1,28,2.0903563304103483,1.688666616800615,11.0,
deposition,TSFGA,1,29,2.0903563304103483,1.6937092811565357,11.0,
deposition,TSFGA,1,30,2.0903563304103483,1.672568248249258,11.0,
deposition,TSFGA,1,31,2.1089473225557525,1.7452547206257492,9.0,
deposition,TSFGA,1,32,2.1089473225557525,1.7370448271074956,9.0,
deposition,TSFGA,1,33,2.1089473225557525,1.7486332070015975,9.0,
deposition,TSFGA,1,34,2.1089473225557525,1.7566984036489905,9.0,
deposition,TSFGA,1,35,2.1089473225557525,1.7057886234638129,9.0,
deposition,TSFGA,1,36,2.1089473225557525,1.7377191090066113,9.0,
deposition,TSFGA,1,37,2.11456341190772,1.752226054802525,9.0,
deposition,TSFGA,1,38,2.11456341190772,1.700886065597069,9.0,
deposition,TSFGA,1,39,2.11456341190772,1.6968693754167474,9.0,
deposition,TSFGA,1,40,2.11456341190772,1.7141127447495799,9.0,
deposition,TSFGA,1,41,2.1384083618588354,1.742851323960546,8.0,
deposition,TSFGA,1,42,2.1384083618588354,1.7705001371743472,8.0,
deposition,TSFGA,1,43,2.1384083618588354,1.724711331846418,8.0,
deposition,TSFGA,1,44,2.1384083618588354,1.7345667724257923,8.0,
deposition,TSFGA,1,45,2.1384083618588354,1.688505641810736,8.0,
deposition,TSFGA,1,46,2.1384083618588354,1.6789647937465397,8.0,
deposition,TSFGA,1,47,2.1384083618588354,1.730017856079101,8.0,
deposition,TSFGA,1,48,2.1384083618588354,1.7392425228979067,8.0,
deposition,TSFGA,1,49,2.1384083618588354,1.7508202238052355,8.0,
deposition,TSFGA,1,50,2.1384083618588354,1.7339407475056805,8.0,
deposition,TSFGA,1,51,2.1384083618588354,1.7148939228907956,8.0,
deposition,TSFGA,1,52,2.1384083618588354,1.7259669011016143,8.0,
deposition,TSFGA,1,53,2.1384083618588354,1.7479847262805215,8.0,
deposition,TSFGA,1,54,2.1384083618588354,1.718084181426939,8.0,
deposition,TSFGA,1,55,2.1384083618588354,1.7548905304402105,8.0,
deposition,TSFGA,1,56,2.1384083618588354,1.7308769343402595,8.0,
deposition,TSFGA,1,57,2.1384083618588354,1.7646289126950578,8.0,
deposition,TSFGA,1,58,2.1384083618588354,1.7579986693314513,8.0,
deposition,TSFGA,1,59,2.1384083618588354,1.7081073798098338,8.0,
deposition,TSFGA,1,60,2.1384083618588354,1.73872645770479,8.0,
deposition,TSFGA,1,61,2.1384083618588354,1.7231680302180226,8.0,
deposition,TSFGA,1,62,2.1384083618588354,1.7081945851871865,8.0,
deposition,TSFGA,1,63,2.1384083618588354,1.7409228335930937,8.0,
deposition,TSFGA,1,64,2.1384083618588354,1.7770861346492992,8.0,
deposition,TSFGA,1,65,2.1384083618588354,1.773299949435748,8.0,
deposition,TSFGA,1,66,2.1384083618588354,1.7660249044458716,8.0,
deposition,TSFGA,1,67,2.1384083618588354,1.7212520750785025,8.0,
deposition,TSFGA,1,68,2.1384083618588354,1.7336222679854223,8.0,
deposition,TSFGA,1,69,2.1384083618588354,1.7940920516871344,8.0,
deposition,TSFGA,1,70,2.1384083618588354,1.7868058006209657,8.0,
deposition,TSFGA,1,71,2.1384083618588354,1.8204527178051706,8.0,
deposition,TSFGA,1,72,2.1384083618588354,1.8247715773695616,8.0,
deposition,TSFGA,1,73,2.1384083618588354,1.8059817263170816,8.0,
deposition,TSFGA,1,74,2.1384083618588354,1.7847115924259143,8.0,
deposition,TSFGA,1,75,2.1384083618588354,1.7839493944074711,8.0,
deposition,TSFGA,1,76,2.1384083618588354,1.7714070973754048,8.0,
deposition,TSFGA,1,77,2.1384083618588354,1.8306664567253157,8.0,
deposition,TSFGA,1,78,2.1384083618588354,1.780087267844582,8.0,
deposition,TSFGA,1,79,2.1384083618588354,1.7784581426914705,8.0,
deposition,TSFGA,1,80,2.1384083618588354,1.7819893386349661,8.0,
deposition,TSFGA,1,81,2.1384083618588354,1.815425335710141,8.0,
deposition,TSFGA,2,0,1.9243619976062671,1.3837199652827963,17.0,
deposition,TSFGA,2,1,1.9243619976062671,1.5018593723544529,17.0,
deposition,TSFGA,2,2,1.9833053621792252,1.5336163815151682,14.0,
deposition,TSFGA,2,3,1.9833053621792252,1.6281637114794378,14.0,
deposition,TSFGA,2,4,1.9893126833951051,1.6594818585077395,14.0,
deposition,TSFGA,2,5,1.9893126833951051,1.7370890094310174,14.0,
deposition,TSFGA,2,6,2.0442673528415534,1.725236955535128,12.0,
deposition,TSFGA,2,7,2.0442673528415534,1.7049322221862404,12.0,
deposition,TSFGA,2,8,2.0442673528415534,1.7336065461296943,12.0,
deposition,TSFGA,2,9,2.0442673528415534,1.6798177533886816,12.0,
deposition,TSFGA,2,10,2.0442673528415534,1.6617122418644954,12.0,
deposition,TSFGA,2,11,2.0442673528415534,1.7151337547996548,12.0,
deposition,TSFGA,2,12,2.0442673528415534,1.6571223570050175,12.0,
deposition,TSFGA,2,13,2.0442673528415534,1.6957164497763935,12.0,
deposition,TSFGA,2,14,2.0442673528415534,1.6900457860304186,12.0,
deposition,TSFGA,2,15,2.05667741094564,1.7195033624063427,12.0,
deposition,TSFGA,2,16,2.0817530796238204,1.7128943563675652,11.0,
deposition,TSFGA,2,17,2.0817530796238204,1.7446617836694287,11.0,
deposition,TSFGA,2,18,2.0817530796238204,1.683971802484227,11.0,
deposition,TSFGA,2,19,2.0817530796238204,1.6467277989060176,11.0,
deposition,TSFGA,2,20,2.0817530796238204,1.6945418826943013,11.0,
deposition,TSFGA,2,21,2.0817530796238204,1.7144189028047887,11.0,
deposition,TSFGA,2,22,2.0817530796238204,1.730223329907941,11.0,
deposition,TSFGA,2,23,2.0817530796238204,1.7508060037378415,11.0,
deposition,TSFGA,2,24,2.0817530796238204,1.7588704679670175,11.0,
deposition,TSFGA,2,25,2.111226177952263,1.7608820172290642,10.0,
deposition,TSFGA,2,26,2.111226177952263,1.7923489781180912,10.0,
deposition,TSFGA,2,27,2.111226177952263,1.7788737310454383,10.0,
deposition,TSFGA,2,28,2.111226177952263,1.8075628048739376,10.0,
deposition,TSFGA,2,29,2.111226177952263,1.7881564057981791,10.0,
deposition,TSFGA,2,30,2.111226177952263,1.7880070034035829,10.0,
deposition,TSFGA,2,31,2.111226177952263,1.7022738132404593,10.0,
deposition,TSFGA,2,32,2.111226177952263,1.74277002372257,10.0,
deposition,TSFGA,2,33,2.111226177952263,1.7350975271086486,10.0,
deposition,TSFGA,2,34,2.123685101341674,1.6916855785016156,9.0,
deposition,TSFGA,2,35,2.123685101341674,1.717561876961503,9.0,
deposition,TSFGA,2,36,2.123685101341674,1.7320863550901406,9.0,
deposition,TSFGA,2,37,2.123685101341674,1.7670194212732273,9.0,
deposition,TSFGA,2,38,2.123685101341674,1.7432529225893205,9.0,
deposition,TSFGA,2,39,2.123685101341674,1.7933121289276799,9.0,
deposition,TSFGA,2,40,2.123685101341674,1.734579757001003,9.0,
deposition,TSFGA,2,41,2.123685101341674,1.7043663851195259,9.0,
deposition,TSFGA,2,42,2.123685101341674,1.7617142916507134,9.0,
deposition,TSFGA,2,43,2.123685101341674,1.7407027140688012,9.0,
deposition,TSFGA,2,44,2.126748225560539,1.7632071880391529,9.0,
deposition,TSFGA,2,45,2.126748225560539,1.809116436744586,9.0,
deposition,TSFGA,2,46,2.126748225560539,1.7727957192047072,9.0,
deposition,TSFGA,2,47,2.126748225560539,1.783950703000249,9.0,
deposition,TSFGA,2,48,2.126748225560539,1.7148063207425905,9.0,
deposition,TSFGA,2,49,2.126748225560539,1.7444174361614828,9.0,
deposition,TSFGA,2,50,2.126748225560539,1.7056112775733798,9.0,
deposition,TSFGA,2,51,2.126748225560539,1.7443784392314925,9.0,
deposition,TSFGA,2,52,2.126748225560539,1.729996462663053,9.0,
deposition,TSFGA,2,53,2.126748225560539,1.7469774756344223,9.0,
deposition,TSFGA,2,54,2.126748225560539,1.6932526078139016,9.0,
deposition,TSFGA,2,55,2.126748225560539,1.7801905571599312,9.0,
deposition,TSFGA,2,56,2.126748225560539,1.7588928363753618,9.0,
deposition,TSFGA,2,57,2.126748225560539,1.7513034358949504,9.0,
deposition,TSFGA,2,58,2.126748225560539,1.7733283680349257,9.0,
deposition,TSFGA,2,59,2.126748225560539,1.7570681991820654,9.0,
deposition,TSFGA,2,60,2.126748225560539,1.7855197872434379,9.0,
deposition,TSFGA,2,61,2.126748225560539,1.7261706545235491,9.0,
deposition,TSFGA,2,62,2.126748225560539,1.7648926165238237,9.0,
deposition,TSFGA,2,63,2.126748225560539,1.7259680389906755,9.0,
deposition,TSFGA,2,64,2.126748225560539,1.734911940335071,9.0,
deposition,TSFGA,2,65,2.126748225560539,1.7930356592666237,9.0,
deposition,TSFGA,2,66,2.126748225560539,1.7459063965132593,9.0,
deposition,TSFGA,2,67,2.126748225560539,1.697992795583622,9.0,
deposition,TSFGA,2,68,2.126748225560539,1.7156828690272765,9.0,
deposition,TSFGA,2,69,2.126748225560539,1.7289006757833654,9.0,
deposition,TSFGA,2,70,2.126748225560539,1.7606232808997682,9.0,
deposition,TSFGA,2,71,2.126748225560539,1.7133629080468804,9.0,
deposition,TSFGA,2,72,2.126748225560539,1.7123086053861598,9.0,
deposition,TSFGA,2,73,2.126748225560539,1.782400631238876,9.0,
deposition,TSFGA,2,74,2.126748225560539,1.7712844734608773,9.0,
deposition,TSFGA,2,75,2.126748225560539,1.7945587303657866,9.0,
deposition,TSFGA,2,76,2.126748225560539,1.8152960689135231,9.0,
deposition,TSFGA,2,77,2.126748225560539,1.7559876907208545,9.0,
deposition,TSFGA,2,78,2.126748225560539,1.8042278850095415,9.0,
deposition,TSFGA,2,79,2.126748225560539,1.7888459735801638,9.0,
deposition,TSFGA,2,80,2.126748225560539,1.7598004551460769,9.0,
deposition,TSFGA,2,81,2.126748225560539,1.7517158790522065,9.0,
deposition,TSFGA,2,82,2.126748225560539,1.7852809873857205,9.0,
deposition,TSFGA,2,83,2.126748225560539,1.770578526877896,9.0,
deposition,TSFGA,2,84,2.126748225560539,1.714785485674095,9.0,
deposition,TSFGA,3,0,1.9199348443355109,1.3603829466694468,17.0,
deposition,TSFGA,3,1,1.9199348443355109,1.5822031830180399,17.0,
deposition,TSFGA,3,2,1.9283837306706215,1.6167990843215378,17.0,
deposition,TSFGA,3,3,1.9283837306706215,1.6841531077914773,17.0,
deposition,TSFGA,3,4,1.9678897741944636,1.7193469865336126,15.0,
deposition,TSFGA,3,5,1.9678897741944636,1.7290431901874375,15.0,
deposition,TSFGA,3,6,1.9678897741944636,1.735854448085219,15.0,
deposition,TSFGA,3,7,1.9678897741944636,1.6854524321835196,15.0,
deposition,TSFGA,3,8,1.9678897741944636,1.58995107541022,15.0,
deposition,TSFGA,3,9,1.9678897741944636,1.66113737705203,15.0,
deposition,TSFGA,3,10,1.9899472426395177,1.7104354323674174,12.0,
deposition,TSFGA,3,11,2.010187881786428,1.707095204161945,13.0,
deposition,TSFGA,3,12,2.010187881786428,1.7300651000113114,13.0,
deposition,TSFGA,3,13,2.0735639085731448,1.677944881846924,10.0,
deposition,TSFGA,3,14,2.0735639085731448,1.7064953597386956,10.0,
deposition,TSFGA,3,15,2.0735639085731448,1.7188006627621957,10.0,
deposition,TSFGA,3,16,2.0735639085731448,1.7184029140661345,10.0,
deposition,TSFGA,3,17,2.0735639085731448,1.7423246410068192,10.0,
deposition,TSFGA,3,18,2.0735639085731448,1.7753624333711215,10.0,
deposition,TSFGA,3,19,2.0735639085731448,1.7320737830545916,10.0,
deposition,TSFGA,3,20,2.0735639085731448,1.7496692000171188,10.0,
deposition,TSFGA,3,21,2.0735639085731448,1.716921518527417,10.0,
deposition,TSFGA,3,22,2.0735639085731448,1.6913126511909986,10.0,
deposition,TSFGA,3,23,2.0735639085731448,1.6830572827970947,10.0,
deposition,TSFGA,3,24,2.0735639085731448,1.655096298233015,10.0,
deposition,TSFGA,3,25,2.0735639085731448,1.7349874011950561,10.0,
deposition,TSFGA,3,26,2.0735639085731448,1.7089323649697312,10.0,
deposition,TSFGA,3,27,2.0735639085731448,1.697061592161497,10.0,
deposition,TSFGA,3,28,2.0735639085731448,1.6687366689417629,10.0,
deposition,TSFGA,3,29,2.0735639085731448,1.707496236237808,10.0,
deposition,TSFGA,3,30,2.0735639085731448,1.688494987599095,10.0,
deposition,TSFGA,3,31,2.0735639085731448,1.7146313725758193,10.0,
deposition,TSFGA,3,32,2.0735639085731448,1.691221742681306,10.0,
deposition,TSFGA,3,33,2.0735639085731448,1.736090930959585,10.0,
deposition,TSFGA,3,34,2.0735639085731448,1.7589371044692073,10.0,
deposition,TSFGA,3,35,2.0735639085731448,1.7286646313524556,10.0,
deposition,TSFGA,3,36,2.0735639085731448,1.730718463514996,10.0,
deposition,TSFGA,3,37,2.0735639085731448,1.7252514743451104,10.0,
deposition,TSFGA,3,38,2.0735639085731448,1.7541576750497037,10.0,
deposition,TSFGA,3,39,2.0735639085731448,1.7588516982948506,10.0,
deposition,TSFGA,3,40,2.0735639085731448,1.7432986947568043,10.0,
deposition,TSFGA,3,41,2.0735639085731448,1.7419341982790069,10.0,
deposition,TSFGA,3,42,2.0735639085731448,1.7602867522196821,10.0,
deposition,TSFGA,3,43,2.0735639085731448,1.7420290743723228,10.0,
deposition,TSFGA,3,44,2.0735639085731448,1.7361033461706845,10.0,
deposition,TSFGA,3,45,2.0735639085731448,1.745291573025839,10.0,
deposition,TSFGA,3,46,2.0735639085731448,1.7035696487826186,10.0,
deposition,TSFGA,3,47,2.0735639085731448,1.6591816444201328,10.0,
deposition,TSFGA,3,48,2.0735639085731448,1.643890237490922,10.0,
deposition,TSFGA,3,49,2.0735639085731448,1.6436426628472471,10.0,
deposition,TSFGA,3,50,2.0735639085731448,1.6507885867137582,10.0,
deposition,TSFGA,3,51,2.0735639085731448,1.6595735746490328,10.0,
deposition,TSFGA,3,52,2.0735639085731448,1.6897319925433514,10.0,
deposition,TSFGA,3,53,2.0735639085731448,1.7260860824513906,10.0,
deposition,TSFGA,4,0,1.872239445751923,1.3682539721424587,20.0,
deposition,TSFGA,4,1,1.9466292705230512,1.479061944152358,15.0,
deposition,TSFGA,4,2,1.9466292705230512,1.5723600941526878,15.0,
deposition,TSFGA,4,3,1.9466292705230512,1.5926502010532633,15.0,
deposition,TSFGA,4,4,1.9758260245080497,1.6498824011361877,16.0,
deposition,TSFGA,4,5,1.9758260245080497,1.6797174358289488,16.0,
deposition,TSFGA,4,6,2.0019383527947463,1.769907924745955,14.0,
deposition,TSFGA,4,7,2.013670507973066,1.7668441766604701,13.0,
deposition,TSFGA,4,8,2.013670507973066,1.739105505984515,13.0,
deposition,TSFGA,4,9,2.068722926292376,1.742112293051978,10.0,
deposition,TSFGA,4,10,2.068722926292376,1.7616479436168209,10.0,
deposition,TSFGA,4,11,2.068722926292376,1.743928505703463,10.0,
deposition,TSFGA,4,12,2.068722926292376,1.7376418677456584,10.0,
deposition,TSFGA,4,13,2.068722926292376,1.7504700434213327,10.0,
deposition,TSFGA,4,14,2.1111776998304705,1.7624639123329053,9.0,
deposition,TSFGA,4,15,2.115472102356335,1.7637489373276871,9.0,
deposition,TSFGA,4,16,2.115472102356335,1.758313849831446,9.0,
deposition,TSFGA,4,17,2.115472102356335,1.7770737160331513,9.0,
deposition,TSFGA,4,18,2.115472102356335,1.7660957592811666,9.0,
deposition,TSFGA,4,19,2.115472102356335,1.7909978831693416,9.0,
deposition,TSFGA,4,20,2.1172785723077583,1.767995236607638,9.0,
deposition,TSFGA,4,21,2.1172785723077583,1.761111517854752,9.0,
deposition,TSFGA,4,22,2.1172785723077583,1.7354841687307687,9.0,
deposition,TSFGA,4,23,2.1253959282020665,1.7467854056310628,9.0,
deposition,TSFGA,4,24,2.1253959282020665,1.7716926115897516,9.0,
deposition,TSFGA,4,25,2.1253959282020665,1.7673171465163122,9.0,
deposition,TSFGA,4,26,2.1253959282020665,1.7630035923956626,9.0,
deposition,TSFGA,4,27,2.1253959282020665,1.710758250460189,9.0,
deposition,TSFGA,4,28,2.1253959282020665,1.6588886300982282,9.0,
deposition,TSFGA,4,29,2.1253959282020665,1.643325790859547,9.0,
deposition,TSFGA,4,30,2.1253959282020665,1.6810797029827083,9.0,
deposition,TSFGA,4,31,2.1253959282020665,1.6811909948289618,9.0,
deposition,TSFGA,4,32,2.1253959282020665,1.7083943493375664,9.0,
deposition,TSFGA,4,33,2.1253959282020665,1.7041422263218267,9.0,
deposition,TSFGA,4,34,2.1253959282020665,1.7388554999471264,9.0,
deposition,TSFGA,4,35,2.1253959282020665,1.7940416760575644,9.0,
deposition,TSFGA,4,36,2.1253959282020665,1.7919809284438564,9.0,
deposition,TSFGA,4,37,2.1253959282020665,1.783882825708887,9.0,
deposition,TSFGA,4,38,2.1253959282020665,1.7678264040196645,9.0,
deposition,TSFGA,4,39,2.1253959282020665,1.7866597794558978,9.0,
deposition,TSFGA,4,40,2.1253959282020665,1.7885396990557267,9.0,
deposition,TSFGA,4,41,2.1253959282020665,1.7779884030166548,9.0,
deposition,TSFGA,4,42,2.1253959282020665,1.7603125718861512,9.0,
deposition,TSFGA,4,43,2.1253959282020665,1.7781546704177358,9.0,
deposition,TSFGA,4,44,2.1253959282020665,1.7399655224222692,9.0,
deposition,TSFGA,4,45,2.1253959282020665,1.802417526693717,9.0,
deposition,TSFGA,4,46,2.1412256801854226,1.7944777402691343,9.0,
deposition,TSFGA,4,47,2.1412256801854226,1.7623305417165036,9.0,
deposition,TSFGA,4,48,2.1412256801854226,1.7657428865931073,9.0,
deposition,TSFGA,4,49,2.1412256801854226,1.7179464898522383,9.0,
deposition,TSFGA,4,50,2.1412256801854226,1.7143153816325865,9.0,
deposition,TSFGA,4,51,2.1412256801854226,1.7583820923742295,9.0,
deposition,TSFGA,4,52,2.1412256801854226,1.689951049949586,9.0,
deposition,TSFGA,4,53,2.1412256801854226,1.7040402018107172,9.0,
deposition,TSFGA,4,54,2.1412256801854226,1.7096444358316376,9.0,
deposition,TSFGA,4,55,2.1412256801854226,1.8030805506267815,9.0,
deposition,TSFGA,4,56,2.1412256801854226,1.7561314983704217,9.0,
deposition,TSFGA,4,57,2.1412256801854226,1.722310763218826,9.0,
deposition,TSFGA,4,58,2.1412256801854226,1.7335683506119022,9.0,
deposition,TSFGA,4,59,2.1412256801854226,1.7512015100547402,9.0,
deposition,TSFGA,4,60,2.1412256801854226,1.7984916302779215,9.0,
deposition,TSFGA,4,61,2.1412256801854226,1.7434734749775451,9.0,
deposition,TSFGA,4,62,2.1412256801854226,1.6777863825398658,9.0,
deposition,TSFGA,4,63,2.1412256801854226,1.7644382178968256,9.0,
deposition,TSFGA,4,64,2.1412256801854226,1.7675493430942886,9.0,
deposition,TSFGA,4,65,2.1412256801854226,1.7227606990487658,9.0,
deposition,TSFGA,4,66,2.1412256801854226,1.7698290968984736,9.0,
deposition,TSFGA,4,67,2.1412256801854226,1.7616417038161898,9.0,
deposition,TSFGA,4,68,2.1412256801854226,1.751889333684078,9.0,
deposition,TSFGA,4,69,2.1412256801854226,1.757891722247578,9.0,
deposition,TSFGA,4,70,2.1412256801854226,1.7223429937785428,9.0,
deposition,TSFGA,4,71,2.1412256801854226,1.7079964578454672,9.0,
deposition,TSFGA,4,72,2.1412256801854226,1.753605503725413,9.0,
deposition,TSFGA,4,73,2.1619037879660974,1.7899143680063503,8.0,
deposition,TSFGA,4,74,2.1619037879660974,1.8024709931360043,8.0,
deposition,TSFGA,4,75,2.1619037879660974,1.7564437496896481,8.0,
deposition,TSFGA,4,76,2.1619037879660974,1.7758044395729762,8.0,
deposition,TSFGA,4,77,2.1982173038250057,1.7262329974641972,6.0,
deposition,TSFGA,4,78,2.1982173038250057,1.766573341239607,6.0,
deposition,TSFGA,4,79,2.1982173038250057,1.704043429725435,6.0,
deposition,TSFGA,4,80,2.1982173038250057,1.7264201260981753,6.0,
deposition,TSFGA,4,81,2.1982173038250057,1.7264457391710586,6.0,
deposition,TSFGA,4,82,2.1982173038250057,1.697322395745773,6.0,
deposition,TSFGA,4,83,2.1982173038250057,1.7389802784543904,6.0,
deposition,TSFGA,4,84,2.1982173038250057,1.7515856211274587,6.0,
deposition,TSFGA,4,85,2.1982173038250057,1.7982824260200883,6.0,
deposition,TSFGA,4,86,2.1982173038250057,1.748858541523883,6.0,
deposition,TSFGA,4,87,2.1982173038250057,1.6919599607717764,6.0,
deposition,TSFGA,4,88,2.1982173038250057,1.7263223889515948,6.0,
deposition,TSFGA,4,89,2.1982173038250057,1.7535367629495162,6.0,
deposition,TSFGA,4,90,2.1982173038250057,1.7407183611918449,6.0,
deposition,TSFGA,4,91,2.1982173038250057,1.8077638711536388,6.0,
deposition,TSFGA,4,92,2.1982173038250057,1.759746050895878,6.0,
deposition,TSFGA,4,93,2.1982173038250057,1.7582541938670881,6.0,
deposition,TSFGA,4,94,2.1982173038250057,1.7683970827751612,6.0,
deposition,TSFGA,4,95,2.1982173038250057,1.8048588148804956,6.0,
deposition,TSFGA,4,96,2.1982173038250057,1.7882242250588707,6.0,
deposition,TSFGA,4,97,2.1982173038250057,1.732084720620994,6.0,
deposition,TSFGA,4,98,2.1982173038250057,1.7096289698013076,6.0,
deposition,TSFGA,4,99,2.1982173038250057,1.729734135575928,6.0,
deposition,TSFGA,4,100,2.1982173038250057,1.719676254822066,6.0,
deposition,TSFGA,4,101,2.1982173038250057,1.7903606248620991,6.0,
deposition,TSFGA,4,102,2.1982173038250057,1.7726136213042332,6.0,
deposition,TSFGA,4,103,2.1982173038250057,1.785256328763347,6.0,
deposition,TSFGA,4,104,2.1982173038250057,1.8083104554495442,6.0,
deposition,TSFGA,4,105,2.1982173038250057,1.777790247902511,6.0,
deposition,TSFGA,4,106,2.1982173038250057,1.7510696050726111,6.0,
deposition,TSFGA,4,107,2.1982173038250057,1.7428967285738899,6.0,
deposition,TSFGA,4,108,2.1982173038250057,1.8141202931336966,6.0,
deposition,TSFGA,4,109,2.1982173038250057,1.7824778237490886,6.0,
deposition,TSFGA,4,110,2.1982173038250057,1.7726834435950494,6.0,
deposition,TSFGA,4,111,2.1982173038250057,1.712077596281023,6.0,
deposition,TSFGA,4,112,2.1982173038250057,1.7127518187878672,6.0,
deposition,TSFGA,4,113,2.1982173038250057,1.762829209464239,6.0,
deposition,TSFGA,4,114,2.1982173038250057,1.7767964529053466,6.0,
deposition,TSFGA,4,115,2.1982173038250057,1.7737503743078762,6.0,
deposition,TSFGA,4,116,2.1982173038250057,1.7266861160780826,6.0,
deposition,TSFGA,4,117,2.1982173038250057,1.7899203180752283,6.0,
deposition,NSGA2,0,0,0.6322752013909809,0.39926871614167736,,7.0
deposition,NSGA2,0,1,0.6322752013909809,0.4820407295333574,,5.0
deposition,NSGA2,0,2,0.6364872576573548,0.5102028325711497,,6.0
deposition,NSGA2,0,3,0.6364872576573548,0.5388517383728914,,6.0
deposition,NSGA2,0,4,0.6365747657445668,0.542375486221695,,5.0
deposition,NSGA2,0,5,0.6410605438090913,0.5567090239460675,,5.0
deposition,NSGA2,0,6,0.6460032175265626,0.5539806034872622,,4.0
deposition,NSGA2,0,7,0.6460032175265626,0.5572360887592087,,5.0
deposition,NSGA2,0,8,0.6560569878171156,0.5701611280468759,,5.0
deposition,NSGA2,0,9,0.6560569878171156,0.5807323715917845,,5.0
deposition,NSGA2,0,10,0.6560569878171156,0.5997055413483647,,5.0
deposition,NSGA2,0,11,0.6566650072261572,0.5828515865580026,,6.0
deposition,NSGA2,0,12,0.6580666465835656,0.597718521428028,,7.0
deposition,NSGA2,0,13,0.6624704320190868,0.6135925183760056,,5.0
deposition,NSGA2,0,14,0.6624704320190868,0.6162174119254813,,5.0
deposition,NSGA2,0,15,0.6625861668803888,0.6055011000832449,,6.0
deposition,NSGA2,0,16,0.6625861668803888,0.5735149909850127,,7.0
deposition,NSGA2,0,17,0.6625861668803888,0.6098776774899582,,9.0
deposition,NSGA2,0,18,0.6636042868494989,0.6181002202279231,,17.0
deposition,NSGA2,0,19,0.6636042868494989,0.6424189023607577,,28.0
deposition,NSGA2,0,20,0.6636042868494989,0.6488199473581746,,47.0
deposition,NSGA2,0,21,0.6636042868494989,0.6498377526920927,,71.0
deposition,NSGA2,0,22,0.6636042868494989,0.6535910313570332,,80.0
deposition,NSGA2,0,23,0.6636042868494989,0.6531491377831584,,80.0
deposition,NSGA2,0,24,0.6636042868494989,0.6522996213152998,,80.0
deposition,NSGA2,0,25,0.6636042868494989,0.6525493568496505,,80.0
deposition,NSGA2,0,26,0.6636042868494989,0.6525502416029563,,80.0
deposition,NSGA2,0,27,0.6636042868494989,0.652170080326427,,80.0
deposition,NSGA2,0,28,0.6636042868494989,0.6518392476684749,,80.0
deposition,NSGA2,0,29,0.6636042868494989,0.6515225881959028,,80.0
deposition,NSGA2,0,30,0.6636042868494989,0.6515852052465541,,80.0
deposition,NSGA2,0,31,0.6636042868494989,0.6468350824875186,,80.0
deposition,NSGA2,0,32,0.6636042868494989,0.6459229489690086,,80.0
deposition,NSGA2,0,33,0.6636042868494989,0.6455445571990911,,80.0
deposition,NSGA2,0,34,0.6636042868494989,0.6460289703291062,,80.0
deposition,NSGA2,0,35,0.6636042868494989,0.6466712708187546,,80.0
deposition,NSGA2,0,36,0.6636042868494989,0.6413204823729053,,80.0
deposition,NSGA2,0,37,0.6636042868494989,0.6417907223175405,,80.0
deposition,NSGA2,0,38,0.6636042868494989,0.6419494944304794,,80.0
deposition,NSGA2,0,39,0.6636042868494989,0.641872704194448,,80.0
deposition,NSGA2,0,40,0.6636042868494989,0.6419353212450993,,80.0
deposition,NSGA2,0,41,0.6636042868494989,0.6376412652453187,,80.0
deposition,NSGA2,0,42,0.6636042868494989,0.6328902577329774,,80.0
deposition,NSGA2,0,43,0.6636042868494989,0.6293477936321561,,80.0
deposition,NSGA2,0,44,0.6636042868494989,0.6250519681257639,,80.0
deposition,NSGA2,0,45,0.6636042868494989,0.6259014845936225,,80.0
deposition,NSGA2,0,46,0.6636042868494989,0.6256174783793808,,80.0
deposition,NSGA2,0,47,0.6636042868494989,0.6211011484627041,,80.0
deposition,NSGA2,0,48,0.6636042868494989,0.6121847411861492,,80.0
deposition,NSGA2,0,49,0.6636042868494989,0.6128896587264491,,80.0
deposition,NSGA2,0,50,0.6636042868494989,0.6127167134281299,,80.0
deposition,NSGA2,0,51,0.6636042868494989,0.6130140080744458,,80.0
deposition,NSGA2,0,52,0.6636042868494989,0.6118663122069655,,80.0
deposition,NSGA2,0,53,0.6636042868494989,0.6120877013705558,,80.0
deposition,NSGA2,0,54,0.6636042868494989,0.6122606466688749,,80.0
deposition,NSGA2,0,55,0.6636042868494989,0.6122881082863294,,80.0
deposition,NSGA2,0,56,0.6636042868494989,0.6121302209266963,,80.0
deposition,NSGA2,0,57,0.6636042868494989,0.6073024231783235,,80.0
deposition,NSGA2,0,58,0.6636042868494989,0.6077584899375783,,80.0
deposition,NSGA2,0,59,0.6636042868494989,0.6080893225955306,,80.0
deposition,NSGA2,0,60,0.6636042868494989,0.6037934970891384,,80.0
deposition,NSGA2,0,61,0.6636042868494989,0.5988704290317839,,80.0
deposition,NSGA2,0,62,0.6636042868494989,0.647700567389651,,80.0
deposition,NSGA2,0,63,0.6636042868494989,0.6468643393538669,,80.0
deposition,NSGA2,0,64,0.6636042868494989,0.6428417595467906,,80.0
deposition,NSGA2,0,65,0.6636042868494989,0.6425170032830202,,80.0
deposition,NSGA2,0,66,0.6636042868494989,0.6378654114183699,,80.0
deposition,NSGA2,0,67,0.6636042868494989,0.6342212233812112,,80.0
deposition,NSGA2,0,68,0.6636042868494989,0.6301977588208292,,80.0
deposition,NSGA2,0,69,0.6636042868494989,0.6304324364164937,,80.0
deposition,NSGA2,0,70,0.6636042868494989,0.6307774422598262,,80.0
deposition,NSGA2,0,71,0.6636042868494989,0.630728998394555,,80.0
deposition,NSGA2,0,72,0.6636042868494989,0.626863421193806,,80.0
deposition,NSGA2,0,73,0.6636042868494989,0.6267046490808671,,80.0
deposition,NSGA2,0,74,0.6636042868494989,0.6269543846152177,,80.0
deposition,NSGA2,0,75,0.6636042868494989,0.6241686945904218,,80.0
deposition,NSGA2,0,76,0.6636042868494989,0.6197286255915518,,80.0
deposition,NSGA2,0,77,0.6636042868494989,0.61592655019476,,80.0
deposition,NSGA2,0,78,0.6636042868494989,0.6115096359257743,,80.0
deposition,NSGA2,0,79,0.6636042868494989,0.6114470188751229,,80.0
deposition,NSGA2,0,80,0.6636042868494989,0.6105207121712329,,80.0
deposition,NSGA2,0,81,0.6636042868494989,0.6066693081558642,,80.0
deposition,NSGA2,0,82,0.6636042868494989,0.6025699381127565,,80.0
deposition,NSGA2,0,83,0.6636042868494989,0.5988631330249465,,80.0
deposition,NSGA2,0,84,0.6636042868494989,0.5983444492150402,,80.0
deposition,NSGA2,0,85,0.6636042868494989,0.5950259021949578,,80.0
deposition,NSGA2,0,86,0.6636042868494989,0.5989673848784324,,80.0
deposition,NSGA2,0,87,0.6636042868494989,0.5985113181191775,,80.0
deposition,NSGA2,0,88,0.6636042868494989,0.6028462505112557,,80.0
deposition,NSGA2,0,89,0.6636042868494989,0.5985254913045577,,80.0
deposition,NSGA2,0,90,0.6636042868494989,0.594584008621083,,80.0
deposition,NSGA2,0,91,0.6636042868494989,0.5938782063274776,,80.0
deposition,NSGA2,0,92,0.6636042868494989,0.5981311568426482,,80.0
deposition,NSGA2,0,93,0.6636042868494989,0.5941755009737933,,80.0
deposition,NSGA2,0,94,0.6636042868494989,0.5941755009737935,,80.0
deposition,NSGA2,0,95,0.6636042868494989,0.5862114384832425,,80.0
deposition,NSGA2,0,96,0.6636042868494989,0.5943351578400382,,80.0
deposition,NSGA2,0,97,0.6636042868494989,0.5935482584228311,,80.0
deposition,NSGA2,0,98,0.6636042868494989,0.5974129508702741,,80.0
deposition,NSGA2,0,99,0.6636042868494989,0.6015616495319589,,80.0
deposition,NSGA2,0,100,0.6636042868494989,0.6023291841229099,,80.0
deposition,NSGA2,0,101,0.6636042868494989,0.6025496885331945,,80.0
deposition,NSGA2,0,102,0.6636042868494989,0.6022523938868785,,80.0
deposition,NSGA2,0,103,0.6636042868494989,0.5991552360303863,,80.0
deposition,NSGA2,0,104,0.6636042868494989,0.5952270417789862,,80.0
deposition,NSGA2,0,105,0.6636042868494989,0.6033365879504017,,80.0
deposition,NSGA2,0,106,0.6636042868494989,0.5949146891939842,,80.0
deposition,NSGA2,0,107,0.6636042868494989,0.5953081389025877,,80.0
deposition,NSGA2,0,108,0.6636042868494989,0.5920715737594129,,80.0
deposition,NSGA2,0,109,0.6636042868494989,0.5883656534249087,,80.0
deposition,NSGA2,0,110,0.6636042868494989,0.5876740243166834,,80.0
deposition,NSGA2,0,111,0.6636042868494989,0.5835879427056498,,80.0
deposition,NSGA2,0,112,0.6636042868494989,0.587611407266032,,80.0
deposition,NSGA2,0,113,0.6636042868494989,0.5833807267274398,,80.0
deposition,NSGA2,0,114,0.6636042868494989,0.5829104867828047,,80.0
deposition,NSGA2,0,115,0.6636042868494989,0.5910342061396003,,80.0
deposition,NSGA2,0,116,0.6636042868494989,0.5951202877506339,,80.0
deposition,NSGA2,0,117,0.6636042868494989,0.5947401264741046,,80.0
deposition,NSGA2,0,118,0.6636042868494989,0.6026282834819299,,80.0
deposition,NSGA2,0,119,0.6636042868494989,0.5995311256254376,,80.0
deposition,NSGA2,0,120,0.6636042868494989,0.6043230095300766,,80.0
deposition,NSGA2,0,121,0.6636042868494989,0.6046070157443182,,80.0
deposition,NSGA2,0,122,0.6636042868494989,0.604137660552989,,80.0
deposition,NSGA2,0,123,0.6636042868494989,0.6041234873676088,,80.0
deposition,NSGA2,0,124,0.6636042868494989,0.6083057240409298,,80.0
deposition,NSGA2,0,125,0.6636042868494989,0.6117769667797694,,80.0
deposition,NSGA2,0,126,0.6636042868494989,0.6120125291287398,,80.0
deposition,NSGA2,0,127,0.6636042868494989,0.6096405383921094,,80.0
deposition,NSGA2,0,128,0.6636042868494989,0.6142736501838095,,80.0
deposition,NSGA2,0,129,0.6636042868494989,0.6174192519055727,,80.0
deposition,NSGA2,0,130,0.6636042868494989,0.6135545594581296,,80.0
deposition,NSGA2,0,131,0.6636042868494989,0.6092329154981257,,80.0
deposition,NSGA2,0,132,0.6636042868494989,0.6048151164758343,,80.0
deposition,NSGA2,0,133,0.6636042868494989,0.6049730038354674,,80.0
deposition,NSGA2,0,134,0.6636042868494989,0.5976177038229287,,80.0
deposition,NSGA2,0,135,0.6636042868494989,0.6059001952926633,,80.0
deposition,NSGA2,0,136,0.6636042868494989,0.6018767307322811,,80.0
deposition,NSGA2,0,137,0.6636042868494989,0.5977631875037932,,80.0
deposition,NSGA2,0,138,0.6636042868494989,0.5936629327073797,,80.0
deposition,NSGA2,0,139,0.6636042868494989,0.5976237802171104,,80.0
deposition,NSGA2,0,140,0.6636042868494989,0.5929086865485029,,80.0
deposition,NSGA2,0,141,0.6636042868494989,0.5966154916363129,,80.0
deposition,NSGA2,0,142,0.6636042868494989,0.5970089413449164,,80.0
deposition,NSGA2,0,143,0.6636042868494989,0.5967107619452947,,80.0
deposition,NSGA2,0,144,0.6636042868494989,0.5967249351306748,,80.0
deposition,NSGA2,0,145,0.6636042868494989,0.5961868864945123,,80.0
deposition,NSGA2,0,146,0.6636042868494989,0.5998160165929851,,80.0
deposition,NSGA2,0,147,0.6636042868494989,0.603681593793734,,80.0
deposition,NSGA2,0,148,0.6636042868494989,0.608617191872626,,80.0
deposition,NSGA2,0,149,0.6636042868494989,0.6084725929450672,,80.0
deposition,NSGA2,0,150,0.6636042868494989,0.6125586745561006,,80.0
deposition,NSGA2,0,151,0.6636042868494989,0.6126212916067519,,80.0
deposition,NSGA2,0,152,0.6636042868494989,0.6125728477414807,,80.0
deposition,NSGA2,0,153,0.6636042868494989,0.6127809484729967,,80.0
deposition,NSGA2,0,154,0.6636042868494989,0.6133138054682832,,80.0
deposition,NSGA2,0,155,0.6636042868494989,0.6137698722275381,,80.0
deposition,NSGA2,0,156,0.6636042868494989,0.6133905957043145,,80.0
deposition,NSGA2,0,157,0.6636042868494989,0.6088968911992975,,80.0
deposition,NSGA2,0,158,0.6636042868494989,0.6050939310491998,,80.0
deposition,NSGA2,0,159,0.6636042868494989,0.6048450802681551,,80.0
deposition,NSGA2,0,160,0.6636042868494989,0.6009116943758789,,80.0
deposition,NSGA2,0,161,0.6636042868494989,0.6009258675612589,,80.0
deposition,NSGA2,0,162,0.6636042868494989,0.5999085974359573,,80.0
deposition,NSGA2,0,163,0.6636042868494989,0.5997559017172002,,80.0
deposition,NSGA2,0,164,0.6636042868494989,0.5958418806511799,,80.0
deposition,NSGA2,0,165,0.6636042868494989,0.5918193008441037,,80.0
deposition,NSGA2,0,166,0.6636042868494989,0.5917373189671963,,80.0
deposition,NSGA2,0,167,0.6636042868494989,0.5876370641707828,,80.0
deposition,NSGA2,0,168,0.6636042868494989,0.5842426116679748,,80.0
deposition,NSGA2,0,169,0.6636042868494989,0.5893502702918798,,80.0
deposition,NSGA2,0,170,0.6636042868494989,0.5892108630051972,,80.0
deposition,NSGA2,0,171,0.6636042868494989,0.6007916519154521,,80.0
deposition,NSGA2,0,172,0.6636042868494989,0.6004934725158304,,80.0
deposition,NSGA2,0,173,0.6636042868494989,0.5965661630177358,,80.0
deposition,NSGA2,0,174,0.6636042868494989,0.593220154380199,,80.0
deposition,NSGA2,0,175,0.6636042868494989,0.5972285610018953,,80.0
deposition,NSGA2,0,176,0.6636042868494989,0.5977614179971816,,80.0
deposition,NSGA2,0,177,0.6636042868494989,0.5980595973968035,,80.0
deposition,NSGA2,0,178,0.6636042868494989,0.5938014552407566,,80.0
deposition,NSGA2,0,179,0.6636042868494989,0.5940228444043469,,80.0
deposition,NSGA2,0,180,0.6636042868494989,0.5933462732348075,,80.0
deposition,NSGA2,0,181,0.6636042868494989,0.5973839109805696,,80.0
deposition,NSGA2,0,182,0.6636042868494989,0.5976812056268856,,80.0
deposition,NSGA2,0,183,0.6636042868494989,0.6014506277653471,,80.0
deposition,NSGA2,0,184,0.6636042868494989,0.6018440774739506,,80.0
deposition,NSGA2,0,185,0.6636042868494989,0.5976760139860098,,80.0
deposition,NSGA2,0,186,0.6636042868494989,0.5971573301761035,,80.0
deposition,NSGA2,0,187,0.6636042868494989,0.6010846396741979,,80.0
deposition,NSGA2,0,188,0.6636042868494989,0.6013051440844824,,80.0
deposition,NSGA2,0,189,0.6636042868494989,0.597219062473449,,80.0
deposition,NSGA2,0,190,0.6636042868494989,0.5969350562592074,,80.0
deposition,NSGA2,0,191,0.6636042868494989,0.5963202173870135,,80.0
deposition,NSGA2,0,192,0.6636042868494989,0.6000948311663508,,80.0
deposition,NSGA2,0,193,0.6636042868494989,0.6032537213201883,,80.0
deposition,NSGA2,0,194,0.6636042868494989,0.6071060100888629,,80.0
deposition,NSGA2,0,195,0.6636042868494989,0.607576250033498,,80.0
deposition,NSGA2,0,196,0.6636042868494989,0.607264782201802,,80.0
deposition,NSGA2,0,197,0.6636042868494989,0.6075003445507724,,80.0
deposition,NSGA2,0,198,0.6636042868494989,0.6079564113100273,,80.0
deposition,NSGA2,0,199,0.6636042868494989,0.6079422381246472,,80.0
deposition,NSGA2,0,200,0.6636042868494989,0.604533612436459,,80.0
deposition,NSGA2,1,0,0.629437563479778,0.37473730206654976,,5.0
deposition,NSGA2,1,1,0.6353779146200753,0.5149280776582867,,8.0
deposition,NSGA2,1,2,0.6353779146200753,0.5416055097486377,,6.0
deposition,NSGA2,1,3,0.6377617254133308,0.5506701797072482,,4.0
deposition,NSGA2,1,4,0.6426439013739473,0.5744523715897726,,7.0
deposition,NSGA2,1,5,0.648529001292051,0.5913216900311222,,4.0
deposition,NSGA2,1,6,0.648529001292051,0.5889484757837309,,4.0
deposition,NSGA2,1,7,0.6492685891280866,0.5956829562258125,,3.0
deposition,NSGA2,1,8,0.6544010627521724,0.582322888634596,,5.0
deposition,NSGA2,1,9,0.6544010627521724,0.5869342037039662,,6.0
deposition,NSGA2,1,10,0.6551171116192406,0.6006669254637449,,3.0
deposition,NSGA2,1,11,0.6551171116192406,0.5936844632154331,,3.0
deposition,NSGA2,1,12,0.6600050622121361,0.602166475669631,,3.0
deposition,NSGA2,1,13,0.6608177563550519,0.6027444845147917,,4.0
deposition,NSGA2,1,14,0.6608177563550519,0.6149907265225061,,5.0
deposition,NSGA2,1,15,0.6633481153581863,0.6189857792389198,,3.0
deposition,NSGA2,1,16,0.6649021394227395,0.6250817035134293,,7.0
deposition,NSGA2,1,17,0.6649021394227395,0.6384645054938826,,9.0
deposition,NSGA2,1,18,0.6649021394227395,0.6452182261206248,,14.0
deposition,NSGA2,1,19,0.6649021394227395,0.6536507192148704,,24.0
deposition,NSGA2,1,20,0.6649021394227395,0.6544823785698759,,37.0
deposition,NSGA2,1,21,0.6649021394227395,0.653996382299064,,50.0
deposition,NSGA2,1,22,0.6649021394227395,0.6488027480605734,,68.0
deposition,NSGA2,1,23,0.6649021394227395,0.648755577661404,,80.0
deposition,NSGA2,1,24,0.6649021394227395,0.6488284899179861,,80.0
deposition,NSGA2,1,25,0.6649021394227395,0.6478439914667264,,80.0
deposition,NSGA2,1,26,0.6649021394227395,0.6474398879029294,,80.0
deposition,NSGA2,1,27,0.6649021394227395,0.6430258074890389,,80.0
deposition,NSGA2,1,28,0.6649021394227395,0.6427377858444085,,80.0
deposition,NSGA2,1,29,0.6649021394227395,0.642494138086805,,80.0
deposition,NSGA2,1,30,0.6649021394227395,0.6417873815853481,,80.0
deposition,NSGA2,1,31,0.6649021394227395,0.6412842505526692,,80.0
deposition,NSGA2,1,32,0.6649021394227395,0.6409086853584272,,80.0
deposition,NSGA2,1,33,0.6649021394227395,0.6414015366962783,,80.0
deposition,NSGA2,1,34,0.6649021394227395,0.6410703453890634,,80.0
deposition,NSGA2,1,35,0.6649021394227395,0.6420299328524658,,80.0
deposition,NSGA2,1,36,0.6649021394227395,0.6418409386767172,,80.0
deposition,NSGA2,1,37,0.6649021394227395,0.6387825703101268,,80.0
deposition,NSGA2,1,38,0.6649021394227395,0.6396648939187454,,80.0
deposition,NSGA2,1,39,0.6649021394227395,0.6353042628622673,,80.0
deposition,NSGA2,1,40,0.6649021394227395,0.6311155715312529,,80.0
deposition,NSGA2,1,41,0.6649021394227395,0.627214901844869,,80.0
deposition,NSGA2,1,42,0.6649021394227395,0.6233185837566869,,80.0
deposition,NSGA2,1,43,0.6649021394227395,0.6204650450833171,,80.0
deposition,NSGA2,1,44,0.6649021394227395,0.6207816050975026,,80.0
deposition,NSGA2,1,45,0.6649021394227395,0.6206540392590657,,80.0
deposition,NSGA2,1,46,0.6649368454510822,0.620727385341002,,80.0
deposition,NSGA2,1,47,0.6649368454510822,0.6205669295348085,,80.0
deposition,NSGA2,1,48,0.6649368454510822,0.6160902165591639,,80.0
deposition,NSGA2,1,49,0.6649368454510822,0.6165830678970148,,80.0
deposition,NSGA2,1,50,0.6649368454510822,0.6136851553366179,,80.0
deposition,NSGA2,1,51,0.6649368454510822,0.6137141275315274,,80.0
deposition,NSGA2,1,52,0.6649368454510822,0.6099477984390375,,80.0
deposition,NSGA2,1,53,0.6649368454510822,0.6057432715905513,,80.0
deposition,NSGA2,1,54,0.6649368454510822,0.6062650951233117,,80.0
deposition,NSGA2,1,55,0.6649368454510822,0.6131187647773014,,80.0
deposition,NSGA2,1,56,0.6649368454510822,0.6133525666654315,,80.0
deposition,NSGA2,1,57,0.6649368454510822,0.6212632132019087,,80.0
deposition,NSGA2,1,58,0.6649368454510822,0.6240153012491414,,80.0
deposition,NSGA2,1,59,0.6649368454510822,0.6203479996255331,,80.0
deposition,NSGA2,1,60,0.6649368454510822,0.6240157350744956,,80.0
deposition,NSGA2,1,61,0.6649368454510822,0.6240157350744956,,80.0
deposition,NSGA2,1,62,0.6649368454510822,0.6202208676124507,,80.0
deposition,NSGA2,1,63,0.6649368454510822,0.620367125950969,,80.0
deposition,NSGA2,1,64,0.6649368454510822,0.6206004940137447,,80.0
deposition,NSGA2,1,65,0.6649368454510822,0.617221214034767,,80.0
deposition,NSGA2,1,66,0.6653384680811467,0.6126509218719653,,80.0
deposition,NSGA2,1,67,0.6653384680811467,0.6124904660657717,,80.0
deposition,NSGA2,1,68,0.6653384680811467,0.6129297663317963,,80.0
deposition,NSGA2,1,69,0.6653384680811467,0.612686118574193,,80.0
deposition,NSGA2,1,70,0.6653841027180216,0.617158576396201,,80.0
deposition,NSGA2,1,71,0.6653841027180216,0.6136286463174615,,80.0
deposition,NSGA2,1,72,0.6653841027180216,0.6141214976553127,,80.0
deposition,NSGA2,1,73,0.6653841027180216,0.6135169159964965,,80.0
deposition,NSGA2,1,74,0.6653841027180216,0.6144138708981447,,80.0
deposition,NSGA2,1,75,0.6653841027180216,0.6103320843014977,,80.0
deposition,NSGA2,1,76,0.6653841027180216,0.6065372168394527,,80.0
deposition,NSGA2,1,77,0.6653841027180216,0.6058109974388259,,80.0
deposition,NSGA2,1,78,0.6653841027180216,0.6063663796240172,,80.0
deposition,NSGA2,1,79,0.6653841027180216,0.6029039076936297,,80.0
deposition,NSGA2,1,80,0.6653841027180216,0.6071691126651617,,80.0
deposition,NSGA2,1,81,0.6653841027180216,0.611407631991433,,80.0
deposition,NSGA2,1,82,0.6653841027180216,0.610920805194773,,80.0
deposition,NSGA2,1,83,0.6653841027180216,0.6103556120333009,,80.0
deposition,NSGA2,1,84,0.6653841027180216,0.6149550652607847,,80.0
deposition,NSGA2,1,85,0.6653841027180216,0.6114482194433701,,80.0
deposition,NSGA2,1,86,0.6653841027180216,0.6115265858081823,,80.0
deposition,NSGA2,1,87,0.6653841027180216,0.6192719509518683,,80.0
deposition,NSGA2,1,88,0.6653841027180216,0.6193010597543843,,80.0
deposition,NSGA2,1,89,0.6653841027180216,0.6182868187091272,,80.0
deposition,NSGA2,1,90,0.6653841027180216,0.6147859974329035,,80.0
deposition,NSGA2,1,91,0.6653841027180216,0.6105480485395931,,80.0
deposition,NSGA2,1,92,0.6653841027180216,0.6182411625307666,,80.0
deposition,NSGA2,1,93,0.6653841027180216,0.6228308047819697,,80.0
deposition,NSGA2,1,94,0.6653841027180216,0.6269725400153096,,80.0
deposition,NSGA2,1,95,0.6653841027180216,0.6278177132326856,,80.0
deposition,NSGA2,1,96,0.6653841027180216,0.6277733393456586,,80.0
deposition,NSGA2,1,97,0.6653841027180216,0.6273712475595479,,80.0
deposition,NSGA2,1,98,0.6653841027180216,0.6237713988144427,,80.0
deposition,NSGA2,1,99,0.6653841027180216,0.62387830354881,,80.0
deposition,NSGA2,1,100,0.6653841027180216,0.6235464784501135,,80.0
deposition,NSGA2,1,101,0.6653841027180216,0.6233368231702953,,80.0
deposition,NSGA2,1,102,0.6653841027180216,0.6238982298966775,,80.0
deposition,NSGA2,1,103,0.6653841027180216,0.6234978110535563,,80.0
deposition,NSGA2,1,104,0.6653841027180216,0.6190156439696815,,80.0
deposition,NSGA2,1,105,0.6653841027180216,0.6231703428229106,,80.0
deposition,NSGA2,1,106,0.6653841027180216,0.6277697960503945,,80.0
deposition,NSGA2,1,107,0.6653841027180216,0.6236917325303167,,80.0
deposition,NSGA2,1,108,0.6653841027180216,0.6238181958587252,,80.0
deposition,NSGA2,1,109,0.6653841027180216,0.6245784077371371,,80.0
deposition,NSGA2,1,110,0.6653841027180216,0.6246227816241641,,80.0
deposition,NSGA2,1,111,0.6653841027180216,0.6201806315592655,,80.0
deposition,NSGA2,1,112,0.6653841027180216,0.6242872334488984,,80.0
deposition,NSGA2,1,113,0.6653841027180216,0.6285548615776858,,80.0
deposition,NSGA2,1,114,0.6657350996870087,0.6271846658578559,,80.0
deposition,NSGA2,1,115,0.6657350996870087,0.6234002103991142,,80.0
deposition,NSGA2,1,116,0.6657350996870087,0.6190018637882816,,80.0
deposition,NSGA2,1,117,0.6657350996870087,0.6226126949696511,,80.0
deposition,NSGA2,1,118,0.6657350996870087,0.621746813175376,,80.0
deposition,NSGA2,1,119,0.6657350996870087,0.6226985539673545,,80.0
deposition,NSGA2,1,120,0.6657350996870087,0.622425769912625,,80.0
deposition,NSGA2,1,121,0.6657350996870087,0.6267633473018397,,80.0
deposition,NSGA2,1,122,0.6657350996870087,0.622480586397017,,80.0
deposition,NSGA2,1,123,0.6657350996870087,0.6268357939393265,,80.0
deposition,NSGA2,1,124,0.6657350996870087,0.6301821839505475,,80.0
deposition,NSGA2,1,125,0.6657350996870087,0.6264656828533146,,80.0
deposition,NSGA2,1,126,0.6657350996870087,0.6271524862619877,,80.0
deposition,NSGA2,1,127,0.6657350996870087,0.6231527891067221,,80.0
deposition,NSGA2,1,128,0.6657350996870087,0.6233964368643254,,80.0
deposition,NSGA2,1,129,0.6657350996870087,0.6194356594878568,,80.0
deposition,NSGA2,1,130,0.6657350996870087,0.6229139669357163,,80.0
deposition,NSGA2,1,131,0.6657350996870087,0.6228695930486893,,80.0
deposition,NSGA2,1,132,0.6657350996870087,0.6228697253571649,,80.0
deposition,NSGA2,1,133,0.6657350996870087,0.6269319533597708,,80.0
deposition,NSGA2,1,134,0.6657350996870087,0.6227171468164568,,80.0
deposition,NSGA2,1,135,0.6657350996870087,0.6265654330418526,,80.0
deposition,NSGA2,1,136,0.6657350996870087,0.6228434778363896,,80.0
deposition,NSGA2,1,137,0.6657350996870087,0.6197669831035475,,80.0
deposition,NSGA2,1,138,0.6657350996870087,0.6198842692471566,,80.0
deposition,NSGA2,1,139,0.6657350996870087,0.619279555279865,,80.0
deposition,NSGA2,1,140,0.6657350996870087,0.6191781046537278,,80.0
deposition,NSGA2,1,141,0.6657350996870087,0.6154324366653074,,80.0
deposition,NSGA2,1,142,0.6657350996870087,0.6202077155973617,,80.0
deposition,NSGA2,1,143,0.6657350996870087,0.6206513674615881,,80.0
deposition,NSGA2,1,144,0.6657350996870087,0.6207399829271664,,80.0
deposition,NSGA2,1,145,0.6657350996870087,0.6166959118848738,,80.0
deposition,NSGA2,1,146,0.6657350996870087,0.6126391379904981,,80.0
deposition,NSGA2,1,147,0.6657350996870087,0.616434005452543,,80.0
deposition,NSGA2,1,148,0.6657350996870087,0.6158530042682088,,80.0
deposition,NSGA2,1,149,0.6657350996870087,0.6193208997127648,,80.0
deposition,NSGA2,1,150,0.6657350996870087,0.6151892851208608,,80.0
deposition,NSGA2,1,151,0.6657350996870087,0.6167486592505431,,80.0
deposition,NSGA2,1,152,0.6657350996870087,0.6121437519148291,,80.0
deposition,NSGA2,1,153,0.6657350996870087,0.6122166641714112,,80.0
deposition,NSGA2,1,154,0.6657350996870087,0.612455486342417,,80.0
deposition,NSGA2,1,155,0.6657350996870087,0.6122221182796413,,80.0
deposition,NSGA2,1,156,0.6657350996870087,0.6160663481178481,,80.0
deposition,NSGA2,1,157,0.6657350996870087,0.6152957242361328,,80.0
deposition,NSGA2,1,158,0.6657350996870087,0.6115840181314361,,80.0
deposition,NSGA2,1,159,0.6657350996870087,0.6115056517666239,,80.0
deposition,NSGA2,1,160,0.6657350996870087,0.6195675769244954,,80.0
deposition,NSGA2,1,161,0.6657350996870087,0.6196459432893076,,80.0
deposition,NSGA2,1,162,0.6657350996870087,0.6236559201394009,,80.0
deposition,NSGA2,1,163,0.6657350996870087,0.619816678790329,,80.0
deposition,NSGA2,1,164,0.6657350996870087,0.6239178265717317,,80.0
deposition,NSGA2,1,165,0.6657350996870087,0.6275851281953397,,80.0
deposition,NSGA2,1,166,0.6657350996870087,0.6197620252084741,,80.0
deposition,NSGA2,1,167,0.6657350996870087,0.6157233776803501,,80.0
deposition,NSGA2,1,168,0.6657350996870087,0.6233126163912832,,80.0
deposition,NSGA2,1,169,0.6657350996870087,0.625893836629019,,80.0
deposition,NSGA2,1,170,0.6657350996870087,0.6217928211560918,,80.0
deposition,NSGA2,1,171,0.6657350996870087,0.6184464311448709,,80.0
deposition,NSGA2,1,172,0.6657350996870087,0.6198751877572286,,80.0
deposition,NSGA2,1,173,0.6657350996870087,0.624040298613761,,80.0
deposition,NSGA2,1,174,0.6657350996870087,0.6201293492325495,,80.0
deposition,NSGA2,1,175,0.6657350996870087,0.6197094101512806,,80.0
deposition,NSGA2,1,176,0.6657350996870087,0.6169677341073512,,80.0
deposition,NSGA2,1,177,0.6657350996870087,0.6117833937164266,,80.0
deposition,NSGA2,1,178,0.6657350996870087,0.616464936385292,,80.0
deposition,NSGA2,1,179,0.6657350996870087,0.6122762450542776,,80.0
deposition,NSGA2,1,180,0.6657350996870087,0.6118277981975151,,80.0
deposition,NSGA2,1,181,0.6657350996870087,0.6152853122328293,,80.0
deposition,NSGA2,1,182,0.6657350996870087,0.6200215084835495,,80.0
deposition,NSGA2,1,183,0.6657350996870087,0.6201229591096867,,80.0
deposition,NSGA2,1,184,0.6657350996870087,0.6238631729898769,,80.0
deposition,NSGA2,1,185,0.6657350996870087,0.6277024143389489,,80.0
deposition,NSGA2,1,186,0.6657350996870087,0.6275019362439299,,80.0
deposition,NSGA2,1,187,0.6657350996870087,0.6268486290998854,,80.0
deposition,NSGA2,1,188,0.6657350996870087,0.6272631140729242,,80.0
deposition,NSGA2,1,189,0.6657350996870087,0.6228684905386609,,80.0
deposition,NSGA2,1,190,0.6657350996870087,0.6231565121832914,,80.0
deposition,NSGA2,1,191,0.6657350996870087,0.6194449689811318,,80.0
deposition,NSGA2,1,192,0.6657350996870087,0.6192401392879112,,80.0
deposition,NSGA2,1,193,0.6657350996870087,0.6196443751601839,,80.0
deposition,NSGA2,1,194,0.6657350996870087,0.6154452718258663,,80.0
deposition,NSGA2,1,195,0.6657350996870087,0.6191672270313291,,80.0
deposition,NSGA2,1,196,0.6657350996870087,0.6234889383090104,,80.0
deposition,NSGA2,1,197,0.6657350996870087,0.6232009166643799,,80.0
deposition,NSGA2,1,198,0.6657350996870087,0.6272785145653625,,80.0
deposition,NSGA2,1,199,0.6657350996870087,0.630785360382777,,80.0
deposition,NSGA2,1,200,0.6657350996870087,0.63061449257328,,80.0
deposition,NSGA2,2,0,0.6353611317976027,0.3909340567154721,,4.0
deposition,NSGA2,2,1,0.6353611317976027,0.4965303151173421,,4.0
deposition,NSGA2,2,2,0.6395567461687623,0.5372799094200112,,3.0
deposition,NSGA2,2,3,0.6395567461687623,0.5601055145554541,,4.0
deposition,NSGA2,2,4,0.6471098517082644,0.553120019546789,,4.0
deposition,NSGA2,2,5,0.6471098517082644,0.5653409760519866,,5.0
deposition,NSGA2,2,6,0.6471098517082644,0.5612259272379898,,7.0
deposition,NSGA2,2,7,0.6491053393733968,0.5678927136686932,,6.0
deposition,NSGA2,2,8,0.6491053393733968,0.6059744926165023,,3.0
deposition,NSGA2,2,9,0.6571340180494263,0.605040106698134,,2.0
deposition,NSGA2,2,10,0.6571340180494263,0.6033556096570329,,5.0
deposition,NSGA2,2,11,0.6571340180494263,0.6086800238629771,,6.0
deposition,NSGA2,2,12,0.657821258921585,0.6041644180904713,,7.0
deposition,NSGA2,2,13,0.6600939550458811,0.5930313269452692,,6.0
deposition,NSGA2,2,14,0.6600939550458811,0.6016906972237942,,6.0
deposition,NSGA2,2,15,0.6608242951647854,0.5924184486119408,,5.0
deposition,NSGA2,2,16,0.6608242951647854,0.574106266734667,,9.0
deposition,NSGA2,2,17,0.6608242951647854,0.5947780962552734,,12.0
deposition,NSGA2,2,18,0.6616450218382689,0.6123649381098185,,18.0
deposition,NSGA2,2,19,0.6616450218382689,0.6117857230204559,,30.0
deposition,NSGA2,2,20,0.6616450218382689,0.6304394391840238,,49.0
deposition,NSGA2,2,21,0.6616450218382689,0.6369127054599915,,70.0
deposition,NSGA2,2,22,0.6616450218382689,0.6406631409941943,,80.0
deposition,NSGA2,2,23,0.6623181716020434,0.6335505163565471,,80.0
deposition,NSGA2,2,24,0.6623181716020434,0.6263497604388689,,80.0
deposition,NSGA2,2,25,0.6623181716020434,0.6160041501242304,,80.0
deposition,NSGA2,2,26,0.6623181716020434,0.6133242694508458,,80.0
deposition,NSGA2,2,27,0.6623181716020434,0.639493646358753,,80.0
deposition,NSGA2,2,28,0.6623181716020434,0.6401407946436777,,80.0
deposition,NSGA2,2,29,0.6623181716020434,0.6364289139447982,,80.0
deposition,NSGA2,2,30,0.6623181716020434,0.6323090215902598,,80.0
deposition,NSGA2,2,31,0.6623181716020434,0.6284495104894832,,80.0
deposition,NSGA2,2,32,0.6623181716020434,0.6246936058285619,,80.0
deposition,NSGA2,2,33,0.6623181716020434,0.624251148854991,,80.0
deposition,NSGA2,2,34,0.6623181716020434,0.6207355597345133,,80.0
deposition,NSGA2,2,35,0.6623181716020434,0.6209758752749568,,80.0
deposition,NSGA2,2,36,0.6623181716020434,0.6245405598040593,,80.0
deposition,NSGA2,2,37,0.6623181716020434,0.6200673020681521,,80.0
deposition,NSGA2,2,38,0.6623181716020434,0.6161746883066423,,80.0
deposition,NSGA2,2,39,0.6623181716020434,0.6149111365751709,,80.0
deposition,NSGA2,2,40,0.6623181716020434,0.611394069554455,,80.0
deposition,NSGA2,2,41,0.6623181716020434,0.6154343137178615,,80.0
deposition,NSGA2,2,42,0.6623181716020434,0.6188247527849275,,80.0
deposition,NSGA2,2,43,0.6623181716020434,0.615436429363968,,80.0
deposition,NSGA2,2,44,0.6629739394411147,0.6186313109525975,,80.0
deposition,NSGA2,2,45,0.6629739394411147,0.6141104357083037,,80.0
deposition,NSGA2,2,46,0.6629739394411147,0.6138701201678601,,80.0
deposition,NSGA2,2,47,0.6629739394411147,0.614234107861477,,80.0
deposition,NSGA2,2,48,0.6629739394411147,0.617866340369225,,80.0
deposition,NSGA2,2,49,0.6629739394411147,0.6216222450301464,,80.0
deposition,NSGA2,2,50,0.6629739394411147,0.6209284159717641,,80.0
deposition,NSGA2,2,51,0.6629739394411147,0.6169227523693289,,80.0
deposition,NSGA2,2,52,0.6629739394411147,0.6124289946879835,,80.0
deposition,NSGA2,2,53,0.6629739394411147,0.6128154627300858,,80.0
deposition,NSGA2,2,54,0.6629739394411147,0.6130998022325711,,80.0
deposition,NSGA2,2,55,0.6629739394411147,0.6130071170940244,,80.0
deposition,NSGA2,2,56,0.6629739394411147,0.6134606306119631,,80.0
deposition,NSGA2,2,57,0.6629739394411147,0.6092606558341733,,80.0
deposition,NSGA2,2,58,0.6629739394411147,0.6098995396292054,,80.0
deposition,NSGA2,2,59,0.6629739394411147,0.6104206011257896,,80.0
deposition,NSGA2,2,60,0.6629739394411147,0.6112071153227185,,80.0
deposition,NSGA2,2,61,0.6629739394411147,0.6140298121197427,,80.0
deposition,NSGA2,2,62,0.6629739394411147,0.6184877429370348,,80.0
deposition,NSGA2,2,63,0.6629739394411147,0.622243647597956,,80.0
deposition,NSGA2,2,64,0.6629739394411147,0.6228934526942966,,80.0
deposition,NSGA2,2,65,0.6629739394411147,0.618906675894002,,80.0
deposition,NSGA2,2,66,0.6629739394411147,0.6116472823250891,,80.0
deposition,NSGA2,2,67,0.6629739394411147,0.611126220828505,,80.0
deposition,NSGA2,2,68,0.6629739394411147,0.6119959431000908,,80.0
deposition,NSGA2,2,69,0.6629739394411147,0.6077269424434173,,80.0
deposition,NSGA2,2,70,0.6629739394411147,0.6081148883857578,,80.0
deposition,NSGA2,2,71,0.6629739394411147,0.6154994320080822,,80.0
deposition,NSGA2,2,72,0.6629739394411147,0.6189244516361198,,80.0
deposition,NSGA2,2,73,0.6629739394411147,0.6151658227718783,,80.0
deposition,NSGA2,2,74,0.6629739394411147,0.6111562560549453,,80.0
deposition,NSGA2,2,75,0.6629997161612772,0.6077283319297806,,80.0
deposition,NSGA2,2,76,0.6629997161612772,0.6038247968669624,,80.0
deposition,NSGA2,2,77,0.6629997161612772,0.6114924336886904,,80.0
deposition,NSGA2,2,78,0.6629997161612772,0.611657704589646,,80.0
deposition,NSGA2,2,79,0.6629997161612772,0.6117612226156263,,80.0
deposition,NSGA2,2,80,0.6629997161612772,0.612565699520616,,80.0
deposition,NSGA2,2,81,0.6629997161612772,0.612565699520616,,80.0
deposition,NSGA2,2,82,0.6629997161612772,0.6128676795221599,,80.0
deposition,NSGA2,2,83,0.6629997161612772,0.6128249018632002,,80.0
deposition,NSGA2,2,84,0.6629997161612772,0.6168524439290428,,80.0
deposition,NSGA2,2,85,0.6646958973807143,0.6171986835704149,,80.0
deposition,NSGA2,2,86,0.6646958973807143,0.6122870589413771,,80.0
deposition,NSGA2,2,87,0.6646958973807143,0.6158431121403714,,80.0
deposition,NSGA2,2,88,0.6646958973807143,0.6122041604348734,,80.0
deposition,NSGA2,2,89,0.6646958973807143,0.6159219036293274,,80.0
deposition,NSGA2,2,90,0.6646958973807143,0.6116315783154048,,80.0
deposition,NSGA2,2,91,0.6646958973807143,0.6163368660798926,,80.0
deposition,NSGA2,2,92,0.6646958973807143,0.6167031482146415,,80.0
deposition,NSGA2,2,93,0.6646958973807143,0.6210790288464836,,80.0
deposition,NSGA2,2,94,0.6646958973807143,0.6208977419776951,,80.0
deposition,NSGA2,2,95,0.6646958973807143,0.6199659993731873,,80.0
deposition,NSGA2,2,96,0.6646958973807143,0.6168720000210927,,80.0
deposition,NSGA2,2,97,0.6646958973807143,0.6203302186639607,,80.0
deposition,NSGA2,2,98,0.6646958973807143,0.6208931337254249,,80.0
deposition,NSGA2,2,99,0.6646958973807143,0.6174858707001938,,80.0
deposition,NSGA2,2,100,0.6646958973807143,0.6176680816630622,,80.0
deposition,NSGA2,2,101,0.6646958973807143,0.6179919083478531,,80.0
deposition,NSGA2,2,102,0.6646958973807143,0.6182883289235133,,80.0
deposition,NSGA2,2,103,0.6646958973807143,0.6183669334465264,,80.0
deposition,NSGA2,2,104,0.6646958973807143,0.6184581406848346,,80.0
deposition,NSGA2,2,105,0.6646958973807143,0.6142771539741135,,80.0
deposition,NSGA2,2,106,0.6646958973807143,0.613975990513463,,80.0
deposition,NSGA2,2,107,0.6646958973807143,0.6211616385481008,,80.0
deposition,NSGA2,2,108,0.6646958973807143,0.6245535555154051,,80.0
deposition,NSGA2,2,109,0.6646958973807143,0.6256186452713128,,80.0
deposition,NSGA2,2,110,0.6646958973807143,0.6290176920592443,,80.0
deposition,NSGA2,2,111,0.6646958973807143,0.6288652026686092,,80.0
deposition,NSGA2,2,112,0.6646958973807143,0.6282974795378788,,80.0
deposition,NSGA2,2,113,0.6646958973807143,0.6285814968313621,,80.0
deposition,NSGA2,2,114,0.6646958973807143,0.6292394990256911,,80.0
deposition,NSGA2,2,115,0.6646958973807143,0.6298753430805368,,80.0
deposition,NSGA2,2,116,0.6646958973807143,0.6298753430805369,,80.0
deposition,NSGA2,2,117,0.6646958973807143,0.625293386120909,,80.0
deposition,NSGA2,2,118,0.6646958973807143,0.6249816194873222,,80.0
deposition,NSGA2,2,119,0.6646958973807143,0.6289601991896285,,80.0
deposition,NSGA2,2,120,0.6646958973807143,0.6294933417593873,,80.0
deposition,NSGA2,2,121,0.6646958973807143,0.6292970501809855,,80.0
deposition,NSGA2,2,122,0.6646958973807143,0.6253062837349773,,80.0
deposition,NSGA2,2,123,0.6646958973807143,0.6212448373063278,,80.0
deposition,NSGA2,2,124,0.6646958973807143,0.6216768263500214,,80.0
deposition,NSGA2,2,125,0.6646958973807143,0.6177060655175597,,80.0
deposition,NSGA2,2,126,0.6646958973807143,0.6211262261568592,,80.0
deposition,NSGA2,2,127,0.6646958973807143,0.6213880853108592,,80.0
deposition,NSGA2,2,128,0.6646958973807143,0.6174124846289709,,80.0
deposition,NSGA2,2,129,0.6646958973807143,0.6146343269376463,,80.0
deposition,NSGA2,2,130,0.6646958973807143,0.614678350899688,,80.0
deposition,NSGA2,2,131,0.6646958973807143,0.6139138227193529,,80.0
deposition,NSGA2,2,132,0.6646958973807143,0.6180989730813362,,80.0
deposition,NSGA2,2,133,0.6646958973807143,0.6218868014918131,,80.0
deposition,NSGA2,2,134,0.6646958973807143,0.6173443826339629,,80.0
deposition,NSGA2,2,135,0.6646958973807143,0.6290003647680693,,80.0
deposition,NSGA2,2,136,0.6646958973807143,0.625096829705251,,80.0
deposition,NSGA2,2,137,0.6646958973807143,0.6256202066649377,,80.0
deposition,NSGA2,2,138,0.6646958973807143,0.6260211769138443,,80.0
deposition,NSGA2,2,139,0.6646958973807143,0.6259202946773093,,80.0
deposition,NSGA2,2,140,0.6646958973807143,0.6259202946773093,,80.0
deposition,NSGA2,2,141,0.6646958973807143,0.6217968615785573,,80.0
deposition,NSGA2,2,142,0.6646958973807143,0.6299965170589683,,80.0
deposition,NSGA2,2,143,0.6646958973807143,0.6301441474608651,,80.0
deposition,NSGA2,2,144,0.6646958973807143,0.6313680726766842,,80.0
deposition,NSGA2,2,145,0.6646958973807143,0.631527695737881,,80.0
deposition,NSGA2,2,146,0.6646958973807143,0.6275954554607189,,80.0
deposition,NSGA2,2,147,0.6646958973807143,0.6329262487245102,,80.0
deposition,NSGA2,2,148,0.6646958973807143,0.6329608292854816,,80.0
deposition,NSGA2,2,149,0.6646958973807143,0.6323931061547512,,80.0
deposition,NSGA2,2,150,0.6646958973807143,0.6321514520474161,,80.0
deposition,NSGA2,2,151,0.6646958973807143,0.63129114139674,,80.0
deposition,NSGA2,2,152,0.6646958973807143,0.6307892889112985,,80.0
deposition,NSGA2,2,153,0.6646958973807143,0.6275783048236202,,80.0
deposition,NSGA2,2,154,0.6646958973807143,0.6273903496765534,,80.0
deposition,NSGA2,2,155,0.6646958973807143,0.6227066373057827,,80.0
deposition,NSGA2,2,156,0.6646958973807143,0.6154682103243264,,80.0
deposition,NSGA2,2,157,0.6646958973807143,0.614928316776657,,80.0
deposition,NSGA2,2,158,0.6646958973807143,0.6182611707102976,,80.0
deposition,NSGA2,2,159,0.6646958973807143,0.6182351094563165,,80.0
deposition,NSGA2,2,160,0.6646958973807143,0.6181302567133795,,80.0
deposition,NSGA2,2,161,0.6646958973807143,0.6188742270464758,,80.0
deposition,NSGA2,2,162,0.6646958973807143,0.6143817156682122,,80.0
deposition,NSGA2,2,163,0.6646958973807143,0.6181519035796305,,80.0
deposition,NSGA2,2,164,0.6646958973807143,0.6137018476513247,,80.0
deposition,NSGA2,2,165,0.6646958973807143,0.617217417632491,,80.0
deposition,NSGA2,2,166,0.6646958973807143,0.6218147817536916,,80.0
deposition,NSGA2,2,167,0.6646958973807143,0.6217720040947319,,80.0
deposition,NSGA2,2,168,0.6646958973807143,0.6218359840189347,,80.0
deposition,NSGA2,2,169,0.6646958973807143,0.62589294458732,,80.0
deposition,NSGA2,2,170,0.6646958973807143,0.6255720567616649,,80.0
deposition,NSGA2,2,171,0.6646958973807143,0.6256568670112254,,80.0
deposition,NSGA2,2,172,0.6646958973807143,0.6258130167201127,,80.0
deposition,NSGA2,2,173,0.6646958973807143,0.626358893167596,,80.0
deposition,NSGA2,2,174,0.6646958973807143,0.6265815873482923,,80.0
deposition,NSGA2,2,175,0.6646958973807143,0.6303029114482422,,80.0
deposition,NSGA2,2,176,0.6646958973807143,0.6257259120294205,,80.0
deposition,NSGA2,2,177,0.6646958973807143,0.6253200033790194,,80.0
deposition,NSGA2,2,178,0.6646958973807143,0.6253066250832908,,80.0
deposition,NSGA2,2,179,0.6646958973807143,0.625486111842839,,80.0
deposition,NSGA2,2,180,0.6646958973807143,0.6253934267042924,,80.0
deposition,NSGA2,2,181,0.6646958973807143,0.6221112214686632,,80.0
deposition,NSGA2,2,182,0.6646958973807143,0.6228928766768541,,80.0
deposition,NSGA2,2,183,0.6646958973807143,0.6228514885042576,,80.0
deposition,NSGA2,2,184,0.6646958973807143,0.6307664822731813,,80.0
deposition,NSGA2,2,185,0.6646958973807143,0.6303597169206044,,80.0
deposition,NSGA2,2,186,0.6646958973807143,0.630416144164823,,80.0
deposition,NSGA2,2,187,0.6646958973807143,0.6262440498895661,,80.0
deposition,NSGA2,2,188,0.6646958973807143,0.6265545702200711,,80.0
deposition,NSGA2,2,189,0.6646958973807143,0.6223809789052643,,80.0
deposition,NSGA2,2,190,0.6646958973807143,0.6212255257621707,,80.0
deposition,NSGA2,2,191,0.6646958973807143,0.6215239458801894,,80.0
deposition,NSGA2,2,192,0.6646958973807143,0.62158468624721,,80.0
deposition,NSGA2,2,193,0.6646958973807143,0.6176659126796512,,80.0
deposition,NSGA2,2,194,0.6646958973807143,0.6291934626702376,,80.0
deposition,NSGA2,2,195,0.6646958973807143,0.6219996366769228,,80.0
deposition,NSGA2,2,196,0.6646958973807143,0.6178393012658386,,80.0
deposition,NSGA2,2,197,0.6646958973807143,0.6176819052538695,,80.0
deposition,NSGA2,2,198,0.6646958973807143,0.6171891739604959,,80.0
deposition,NSGA2,2,199,0.6646958973807143,0.6091729877668876,,80.0
deposition,NSGA2,2,200,0.6646958973807143,0.6141118400939083,,80.0
deposition,NSGA2,3,0,0.6282093117954484,0.38192758444583447,,4.0
deposition,NSGA2,3,1,0.6391565335030109,0.5156784073342433,,3.0
deposition,NSGA2,3,2,0.6391565335030109,0.5354289045445967,,3.0
deposition,NSGA2,3,3,0.640246975343284,0.5853334371512826,,4.0
deposition,NSGA2,3,4,0.640246975343284,0.5895629646960052,,5.0
deposition,NSGA2,3,5,0.640246975343284,0.6023704854526332,,4.0
deposition,NSGA2,3,6,0.6422790919614274,0.5995901797930048,,6.0
deposition,NSGA2,3,7,0.6449350352694407,0.6117122658511117,,3.0
deposition,NSGA2,3,8,0.6458535798736638,0.6185743948765693,,5.0
deposition,NSGA2,3,9,0.6476363620111434,0.6183925563003398,,6.0
deposition,NSGA2,3,10,0.650083265395015,0.6214396592020747,,7.0
deposition,NSGA2,3,11,0.6520420594212413,0.6203533859755582,,6.0
deposition,NSGA2,3,12,0.6548409664914882,0.6221178811726141,,6.0
deposition,NSGA2,3,13,0.6556752630749718,0.6196223030476868,,6.0
deposition,NSGA2,3,14,0.6556895337458875,0.6123965649193516,,6.0
deposition,NSGA2,3,15,0.6567732790599008,0.6254470398851879,,3.0
deposition,NSGA2,3,16,0.6567732790599008,0.6193730324614471,,4.0
deposition,NSGA2,3,17,0.6596153338639719,0.6233942192699906,,6.0
deposition,NSGA2,3,18,0.6596153338639719,0.6198574627151999,,5.0
deposition,NSGA2,3,19,0.6596153338639719,0.6088875563590688,,8.0
deposition,NSGA2,3,20,0.6596153338639719,0.6224998049839923,,15.0
deposition,NSGA2,3,21,0.6596153338639719,0.6228621439168404,,21.0
deposition,NSGA2,3,22,0.6596153338639719,0.6227958421639198,,34.0
deposition,NSGA2,3,23,0.6596153338639719,0.6341679408341081,,50.0
deposition,NSGA2,3,24,0.6596153338639719,0.6347767078065313,,66.0
deposition,NSGA2,3,25,0.6596153338639719,0.6339555775386925,,80.0
deposition,NSGA2,3,26,0.6596153338639719,0.6298036421992323,,80.0
deposition,NSGA2,3,27,0.6596153338639719,0.625287661277613,,80.0
deposition,NSGA2,3,28,0.6596153338639719,0.6211636230613706,,80.0
deposition,NSGA2,3,29,0.6596153338639719,0.620895234182188,,80.0
deposition,NSGA2,3,30,0.6596153338639719,0.6198251003596227,,80.0
deposition,NSGA2,3,31,0.6596153338639719,0.6117524424134363,,80.0
deposition,NSGA2,3,32,0.6596153338639719,0.6082274779345602,,80.0
deposition,NSGA2,3,33,0.6596153338639719,0.6083704999559676,,80.0
deposition,NSGA2,3,34,0.6596153338639719,0.6051235957850827,,80.0
deposition,NSGA2,3,35,0.6596153338639719,0.6065018147673451,,80.0
deposition,NSGA2,3,36,0.6596153338639719,0.6145615444438536,,80.0
deposition,NSGA2,3,37,0.6596153338639719,0.6142534197684562,,80.0
deposition,NSGA2,3,38,0.6596153338639719,0.6148712777818355,,80.0
deposition,NSGA2,3,39,0.6596153338639719,0.6186531861952049,,80.0
deposition,NSGA2,3,40,0.6596153338639719,0.6189629195331869,,80.0
deposition,NSGA2,3,41,0.6596153338639719,0.6265924540330923,,80.0
deposition,NSGA2,3,42,0.6596153338639719,0.619178519008881,,80.0
deposition,NSGA2,3,43,0.6596153338639719,0.6193736860302771,,80.0
deposition,NSGA2,3,44,0.6596153338639719,0.6188516495731707,,80.0
deposition,NSGA2,3,45,0.6596153338639719,0.6192834929280587,,80.0
deposition,NSGA2,3,46,0.6596153338639719,0.6188086569360867,,80.0
deposition,NSGA2,3,47,0.6596153338639719,0.6188086569360867,,80.0
deposition,NSGA2,3,48,0.6596153338639719,0.619003823957483,,80.0
deposition,NSGA2,3,49,0.6596153338639719,0.623057897156808,,80.0
deposition,NSGA2,3,50,0.6596153338639719,0.6148797857412406,,80.0
deposition,NSGA2,3,51,0.6596153338639719,0.6111671584255882,,80.0
deposition,NSGA2,3,52,0.6596153338639719,0.6195774863486745,,80.0
deposition,NSGA2,3,53,0.6596153338639719,0.6193748151426582,,80.0
deposition,NSGA2,3,54,0.6596153338639719,0.614748004295526,,80.0
deposition,NSGA2,3,55,0.6596153338639719,0.6107482038246779,,80.0
deposition,NSGA2,3,56,0.6596153338639719,0.611210111546972,,80.0
deposition,NSGA2,3,57,0.6596153338639719,0.6147780686629322,,80.0
deposition,NSGA2,3,58,0.6596153338639719,0.6227668690634387,,80.0
deposition,NSGA2,3,59,0.6596153338639719,0.6222824011583585,,80.0
deposition,NSGA2,3,60,0.6596153338639719,0.6180853059376259,,80.0
deposition,NSGA2,3,61,0.6596153338639719,0.6177793485064169,,80.0
deposition,NSGA2,3,62,0.6596153338639719,0.6216344787775729,,80.0
deposition,NSGA2,3,63,0.6596153338639719,0.6215011281849742,,80.0
deposition,NSGA2,3,64,0.6596153338639719,0.6213343773526991,,80.0
deposition,NSGA2,3,65,0.6596153338639719,0.6176029657610338,,80.0
deposition,NSGA2,3,66,0.6596153338639719,0.6141291820230619,,80.0
deposition,NSGA2,3,67,0.6596153338639719,0.6100767570020216,,80.0
deposition,NSGA2,3,68,0.6596153338639719,0.6067265270902438,,80.0
deposition,NSGA2,3,69,0.6596153338639719,0.6061086690768643,,80.0
deposition,NSGA2,3,70,0.6596153338639719,0.6061086690768643,,80.0
deposition,NSGA2,3,71,0.6596153338639719,0.6063038360982607,,80.0
deposition,NSGA2,3,72,0.6596153338639719,0.6027870597232046,,80.0
deposition,NSGA2,3,73,0.6596153338639719,0.606580248227967,,80.0
deposition,NSGA2,3,74,0.6596153338639719,0.606137124781686,,80.0
deposition,NSGA2,3,75,0.6596153338639719,0.6054988343140086,,80.0
deposition,NSGA2,3,76,0.6596153338639719,0.6046686731815049,,80.0
deposition,NSGA2,3,77,0.6596153338639719,0.601555119603219,,80.0
deposition,NSGA2,3,78,0.6596153338639719,0.6015868321489098,,80.0
deposition,NSGA2,3,79,0.6596153338639719,0.6101718946390944,,80.0
deposition,NSGA2,3,80,0.6596153338639719,0.6063054842765454,,80.0
deposition,NSGA2,3,81,0.6596153338639719,0.6103466292061928,,80.0
deposition,NSGA2,3,82,0.6596153338639719,0.6098642890296008,,80.0
deposition,NSGA2,3,83,0.6596153338639719,0.6139145863221528,,80.0
deposition,NSGA2,3,84,0.6596153338639719,0.6103369972930844,,80.0
deposition,NSGA2,3,85,0.6596153338639719,0.6110973582619674,,80.0
deposition,NSGA2,3,86,0.6596153338639719,0.6067039669074575,,80.0
deposition,NSGA2,3,87,0.6596153338639719,0.6106720548326148,,80.0
deposition,NSGA2,3,88,0.6596153338639719,0.6107021192000209,,80.0
deposition,NSGA2,3,89,0.6596153338639719,0.6107021192000209,,80.0
deposition,NSGA2,3,90,0.6596153338639719,0.6102084989320357,,80.0
deposition,NSGA2,3,91,0.6596153338639719,0.6176428664105449,,80.0
deposition,NSGA2,3,92,0.6596153338639719,0.6215092767730939,,80.0
deposition,NSGA2,3,93,0.6596153338639719,0.6207188514368047,,80.0
deposition,NSGA2,3,94,0.6596153338639719,0.6205741812371126,,80.0
deposition,NSGA2,3,95,0.6596153338639719,0.6206359581502097,,80.0
deposition,NSGA2,3,96,0.6596153338639719,0.6130381361959953,,80.0
deposition,NSGA2,3,97,0.6596153338639719,0.6130381361959953,,80.0
deposition,NSGA2,3,98,0.6596153338639719,0.6128112566289081,,80.0
deposition,NSGA2,3,99,0.6596153338639719,0.6171304618665469,,80.0
deposition,NSGA2,3,100,0.6596153338639719,0.6134178345508945,,80.0
deposition,NSGA2,3,101,0.6596153338639719,0.6179655280182048,,80.0
deposition,NSGA2,3,102,0.6596153338639719,0.6140991176556557,,80.0
deposition,NSGA2,3,103,0.6596153338639719,0.6140162243690608,,80.0
deposition,NSGA2,3,104,0.6596153338639719,0.6096879062842175,,80.0
deposition,NSGA2,3,105,0.6596153338639719,0.6099546469851156,,80.0
deposition,NSGA2,3,106,0.6596153338639719,0.605768831855776,,80.0
deposition,NSGA2,3,107,0.6596153338639719,0.6059005737857903,,80.0
deposition,NSGA2,3,108,0.6596153338639719,0.6063549773234644,,80.0
deposition,NSGA2,3,109,0.6596153338639719,0.6105612249071019,,80.0
deposition,NSGA2,3,110,0.6596153338639719,0.6105424406310889,,80.0
deposition,NSGA2,3,111,0.6596153338639719,0.6106042175441858,,80.0
deposition,NSGA2,3,112,0.6596153338639719,0.6064688992365503,,80.0
deposition,NSGA2,3,113,0.6596153338639719,0.6072013630822157,,80.0
deposition,NSGA2,3,114,0.6596153338639719,0.6073965301036119,,80.0
deposition,NSGA2,3,115,0.6596153338639719,0.6109027103064749,,80.0
deposition,NSGA2,3,116,0.6596153338639719,0.6108182083572953,,80.0
deposition,NSGA2,3,117,0.6596153338639719,0.6146733386284513,,80.0
deposition,NSGA2,3,118,0.6596153338639719,0.6190129368046874,,80.0
deposition,NSGA2,3,119,0.6596153338639719,0.6183445819696042,,80.0
deposition,NSGA2,3,120,0.6596153338639719,0.6179525997485269,,80.0
deposition,NSGA2,3,121,0.6596153338639719,0.617654146501938,,80.0
deposition,NSGA2,3,122,0.6596153338639719,0.6136242816636838,,80.0
deposition,NSGA2,3,123,0.6596153338639719,0.6134420429119655,,80.0
deposition,NSGA2,3,124,0.6596153338639719,0.6110247808076807,,80.0
deposition,NSGA2,3,125,0.6596153338639719,0.6073143207362169,,80.0
deposition,NSGA2,3,126,0.6596153338639719,0.6069104140202468,,80.0
deposition,NSGA2,3,127,0.6596153338639719,0.6109214945824879,,80.0
deposition,NSGA2,3,128,0.6596153338639719,0.615200964023912,,80.0
deposition,NSGA2,3,129,0.6596153338639719,0.6146960636645338,,80.0
deposition,NSGA2,3,130,0.6596153338639719,0.6065389037691677,,80.0
deposition,NSGA2,3,131,0.6596153338639719,0.6031757455877121,,80.0
deposition,NSGA2,3,132,0.6596153338639719,0.6068446963470804,,80.0
deposition,NSGA2,3,133,0.6596153338639719,0.606288615246798,,80.0
deposition,NSGA2,3,134,0.6596153338639719,0.6026830895788118,,80.0
deposition,NSGA2,3,135,0.6596153338639719,0.6020952959328385,,80.0
deposition,NSGA2,3,136,0.6596153338639719,0.6059617062953876,,80.0
deposition,NSGA2,3,137,0.6596153338639719,0.6025067068334287,,80.0
deposition,NSGA2,3,138,0.6596153338639719,0.6024244974660338,,80.0
deposition,NSGA2,3,139,0.6596153338639719,0.6028880533666126,,80.0
deposition,NSGA2,3,140,0.6596153338639719,0.6033107443585959,,80.0
deposition,NSGA2,3,141,0.6596153338639719,0.6067152469988507,,80.0
deposition,NSGA2,3,142,0.6596153338639719,0.6068502852854346,,80.0
deposition,NSGA2,3,143,0.6596153338639719,0.602087956601515,,80.0
deposition,NSGA2,3,144,0.6596153338639719,0.6025611444152021,,80.0
deposition,NSGA2,3,145,0.6596153338639719,0.6061403816225553,,80.0
deposition,NSGA2,3,146,0.6596153338639719,0.6054215299657679,,80.0
deposition,NSGA2,3,147,0.6596153338639719,0.6016788382827095,,80.0
deposition,NSGA2,3,148,0.6596153338639719,0.6023042004807089,,80.0
deposition,NSGA2,3,149,0.6596153338639719,0.6025181517781182,,80.0
deposition,NSGA2,3,150,0.6596153338639719,0.6026928863452164,,80.0
deposition,NSGA2,3,151,0.6596153338639719,0.6031360097914975,,80.0
deposition,NSGA2,3,152,0.6596153338639719,0.6103132684822169,,80.0
deposition,NSGA2,3,153,0.6596153338639719,0.6106326732490073,,80.0
deposition,NSGA2,3,154,0.6596153338639719,0.6142436230020516,,80.0
deposition,NSGA2,3,155,0.6596153338639719,0.6149943520578264,,80.0
deposition,NSGA2,3,156,0.6596153338639719,0.61479918503643,,80.0
deposition,NSGA2,3,157,0.6596153338639719,0.6112500121964831,,80.0
deposition,NSGA2,3,158,0.6596153338639719,0.6026950140737046,,80.0
deposition,NSGA2,3,159,0.6596153338639719,0.6068054401010692,,80.0
deposition,NSGA2,3,160,0.6596153338639719,0.6064876835125634,,80.0
deposition,NSGA2,3,161,0.6596153338639719,0.6066828505339597,,80.0
deposition,NSGA2,3,162,0.6596153338639719,0.6105589323253171,,80.0
deposition,NSGA2,3,163,0.6596153338639719,0.6101174570573209,,80.0
deposition,NSGA2,3,164,0.6596153338639719,0.610128737148714,,80.0
deposition,NSGA2,3,165,0.6596153338639719,0.6059434410852782,,80.0
deposition,NSGA2,3,166,0.6596153338639719,0.6064053488075724,,80.0
deposition,NSGA2,3,167,0.6596153338639719,0.6033843204289897,,80.0
deposition,NSGA2,3,168,0.6596153338639719,0.6038290920535555,,80.0
deposition,NSGA2,3,169,0.6596153338639719,0.599173865017302,,80.0
deposition,NSGA2,3,170,0.6596153338639719,0.6021443965741806,,80.0
deposition,NSGA2,3,171,0.6596153338639719,0.6055171866687445,,80.0
deposition,NSGA2,3,172,0.6596153338639719,0.6018874526396871,,80.0
deposition,NSGA2,3,173,0.6596153338639719,0.5978333794403621,,80.0
deposition,NSGA2,3,174,0.6596153338639719,0.606097908051375,,80.0
deposition,NSGA2,3,175,0.6596153338639719,0.6141893502735745,,80.0
deposition,NSGA2,3,176,0.6596153338639719,0.6141780701821813,,80.0
deposition,NSGA2,3,177,0.6596153338639719,0.6142489994581833,,80.0
deposition,NSGA2,3,178,0.6596153338639719,0.617901458523323,,80.0
deposition,NSGA2,3,179,0.6596153338639719,0.6174562073485537,,80.0
deposition,NSGA2,3,180,0.6596153338639719,0.6179181150708478,,80.0
deposition,NSGA2,3,181,0.6596153338639719,0.614246871729695,,80.0
deposition,NSGA2,3,182,0.6596153338639719,0.6147087794519892,,80.0
deposition,NSGA2,3,183,0.6596153338639719,0.6111445982428021,,80.0
deposition,NSGA2,3,184,0.6596153338639719,0.6071577260416319,,80.0
deposition,NSGA2,3,185,0.6596153338639719,0.6069625590202357,,80.0
deposition,NSGA2,3,186,0.6596153338639719,0.6029009816362906,,80.0
deposition,NSGA2,3,187,0.6596153338639719,0.6021781892194336,,80.0
deposition,NSGA2,3,188,0.6596153338639719,0.6014178282505507,,80.0
deposition,NSGA2,3,189,0.6596153338639719,0.6016845689514485,,80.0
deposition,NSGA2,3,190,0.6596153338639719,0.6047906183451145,,80.0
deposition,NSGA2,3,191,0.6596153338639719,0.600554306394071,,80.0
deposition,NSGA2,3,192,0.6596153338639719,0.6025010156803898,,80.0
deposition,NSGA2,3,193,0.6596153338639719,0.6101418302716883,,80.0
deposition,NSGA2,3,194,0.6596153338639719,0.6059769666625503,,80.0
deposition,NSGA2,3,195,0.6596153338639719,0.6020788437543103,,80.0
deposition,NSGA2,3,196,0.6596153338639719,0.6014518333780262,,80.0
deposition,NSGA2,3,197,0.6596153338639719,0.6014722658323242,,80.0
deposition,NSGA2,3,198,0.6596153338639719,0.597872596170673,,80.0
deposition,NSGA2,3,199,0.6596153338639719,0.593880299884445,,80.0
deposition,NSGA2,3,200,0.6596153338639719,0.5939120124301358,,80.0
deposition,NSGA2,4,0,0.6283837841079958,0.38111772681197004,,7.0
deposition,NSGA2,4,1,0.6289447518358644,0.4663545521306231,,7.0
deposition,NSGA2,4,2,0.6321184095106821,0.4902739730117222,,5.0
deposition,NSGA2,4,3,0.6373063204213582,0.553740692038726,,4.0
deposition,NSGA2,4,4,0.6379918092652774,0.5741780885745333,,2.0
deposition,NSGA2,4,5,0.6422447881436018,0.5896929119846759,,4.0
deposition,NSGA2,4,6,0.648533113589725,0.5844467385160252,,5.0
deposition,NSGA2,4,7,0.648533113589725,0.5839978707589598,,6.0
deposition,NSGA2,4,8,0.6503677218981341,0.5928286187428806,,3.0
deposition,NSGA2,4,9,0.6514692981913219,0.5846737055873035,,3.0
deposition,NSGA2,4,10,0.6560159860978754,0.6119915098541675,,2.0
deposition,NSGA2,4,11,0.6560159860978754,0.5870160940224572,,2.0
deposition,NSGA2,4,12,0.6563939824823795,0.5928021761699966,,3.0
deposition,NSGA2,4,13,0.6566896674803523,0.612844538638713,,5.0
deposition,NSGA2,4,14,0.66285160850775,0.6173228273034244,,7.0
deposition,NSGA2,4,15,0.66285160850775,0.6267353620057973,,12.0
deposition,NSGA2,4,16,0.66285160850775,0.6214814406681997,,22.0
deposition,NSGA2,4,17,0.66285160850775,0.6267668390928547,,39.0
deposition,NSGA2,4,18,0.6632164580484043,0.6248867894328637,,44.0
deposition,NSGA2,4,19,0.6632164580484043,0.6266643413817233,,58.0
deposition,NSGA2,4,20,0.6632164580484043,0.6202569654122072,,70.0
deposition,NSGA2,4,21,0.6632251664229998,0.616580900093555,,80.0
deposition,NSGA2,4,22,0.6632251664229998,0.6176087583203437,,80.0
deposition,NSGA2,4,23,0.6632251664229998,0.6178569432206517,,80.0
deposition,NSGA2,4,24,0.6632251664229998,0.6143633785598244,,80.0
deposition,NSGA2,4,25,0.6632251664229998,0.6151403399929825,,80.0
deposition,NSGA2,4,26,0.6632251664229998,0.6153528876960561,,80.0
deposition,NSGA2,4,27,0.6632251664229998,0.608424586484628,,80.0
deposition,NSGA2,4,28,0.6632251664229998,0.6079963771179397,,80.0
deposition,NSGA2,4,29,0.6632251664229998,0.6093435613021143,,80.0
deposition,NSGA2,4,30,0.6632251664229998,0.6104631729430412,,80.0
deposition,NSGA2,4,31,0.6632251664229998,0.6100082493605916,,80.0
deposition,NSGA2,4,32,0.6632251664229998,0.6140307238916599,,80.0
deposition,NSGA2,4,33,0.6632251664229998,0.6141103858629924,,80.0
deposition,NSGA2,4,34,0.6632251664229998,0.6143850803079477,,80.0
deposition,NSGA2,4,35,0.6632251664229998,0.6146332652082556,,80.0
deposition,NSGA2,4,36,0.6632251664229998,0.6189304341842791,,80.0
deposition,NSGA2,4,37,0.6632251664229998,0.6191682374155307,,80.0
deposition,NSGA2,4,38,0.6632251664229998,0.6150705225802021,,80.0
deposition,NSGA2,4,39,0.6632251664229998,0.6155358574138285,,80.0
deposition,NSGA2,4,40,0.6632251664229998,0.6072397596611656,,80.0
deposition,NSGA2,4,41,0.6632251664229998,0.6109149703954678,,80.0
deposition,NSGA2,4,42,0.6632251664229998,0.6110172473353792,,80.0
deposition,NSGA2,4,43,0.6632251664229998,0.607528104341624,,80.0
deposition,NSGA2,4,44,0.6632251664229998,0.6040802742286443,,80.0
deposition,NSGA2,4,45,0.6632251664229998,0.6077554849629465,,80.0
deposition,NSGA2,4,46,0.6632251664229998,0.60415265165853,,80.0
deposition,NSGA2,4,47,0.6632251664229998,0.6081632866436883,,80.0
deposition,NSGA2,4,48,0.6632251664229998,0.6038571233524687,,80.0
deposition,NSGA2,4,49,0.6632251664229998,0.607758522115585,,80.0
deposition,NSGA2,4,50,0.6632251664229998,0.6073476233072336,,80.0
deposition,NSGA2,4,51,0.6632251664229998,0.6117274180448081,,80.0
deposition,NSGA2,4,52,0.6632251664229998,0.6112251510566052,,80.0
deposition,NSGA2,4,53,0.6632251664229998,0.6112060269692486,,80.0
deposition,NSGA2,4,54,0.6632251664229998,0.6074642774081134,,80.0
deposition,NSGA2,4,55,0.6632251664229998,0.6039027569844725,,80.0
deposition,NSGA2,4,56,0.6632251664229998,0.6080270822802921,,80.0
deposition,NSGA2,4,57,0.6632251664229998,0.6077848983228413,,80.0
deposition,NSGA2,4,58,0.6632251664229998,0.6077200396876371,,80.0
deposition,NSGA2,4,59,0.6632251664229998,0.6114102456799927,,80.0
deposition,NSGA2,4,60,0.6632251664229998,0.6073316549320207,,80.0
deposition,NSGA2,4,61,0.6632251664229998,0.6109169730069862,,80.0
deposition,NSGA2,4,62,0.6632251664229998,0.6112538141938231,,80.0
deposition,NSGA2,4,63,0.6632251664229998,0.6111651579072943,,80.0
deposition,NSGA2,4,64,0.6632251664229998,0.6119275502575586,,80.0
deposition,NSGA2,4,65,0.6632251664229998,0.6163029056843998,,80.0
deposition,NSGA2,4,66,0.6632251664229998,0.612085398679709,,80.0
deposition,NSGA2,4,67,0.6632251664229998,0.612085398679709,,80.0
deposition,NSGA2,4,68,0.6632251664229998,0.6160960336648674,,80.0
deposition,NSGA2,4,69,0.6632251664229998,0.6162969633260769,,80.0
deposition,NSGA2,4,70,0.6632251664229998,0.6163914286335377,,80.0
deposition,NSGA2,4,71,0.6632251664229998,0.6128075274945528,,80.0
deposition,NSGA2,4,72,0.6632251664229998,0.6205701427288506,,80.0
deposition,NSGA2,4,73,0.6632251664229998,0.6126774249898574,,80.0
deposition,NSGA2,4,74,0.6632251664229998,0.6119682859821223,,80.0
deposition,NSGA2,4,75,0.6632251664229998,0.6119947955267694,,80.0
deposition,NSGA2,4,76,0.6632251664229998,0.6162536154122359,,80.0
deposition,NSGA2,4,77,0.6632251664229998,0.6206146113217696,,80.0
deposition,NSGA2,4,78,0.6632251664229998,0.620641120866417,,80.0
deposition,NSGA2,4,79,0.6632251664229998,0.6206926644351967,,80.0
deposition,NSGA2,4,80,0.6632251664229998,0.6206705765576215,,80.0
deposition,NSGA2,4,81,0.6632251664229998,0.6170634225019767,,80.0
deposition,NSGA2,4,82,0.6632251664229998,0.6244671883191917,,80.0
deposition,NSGA2,4,83,0.6632251664229998,0.6243282720624728,,80.0
deposition,NSGA2,4,84,0.6632251664229998,0.6237992612763881,,80.0
deposition,NSGA2,4,85,0.6632251664229998,0.6233574312563173,,80.0
deposition,NSGA2,4,86,0.6632251664229998,0.6278630486882317,,80.0
deposition,NSGA2,4,87,0.6632251664229998,0.6235493666023305,,80.0
deposition,NSGA2,4,88,0.6632251664229998,0.6277153300382416,,80.0
deposition,NSGA2,4,89,0.6632251664229998,0.6241613284092823,,80.0
deposition,NSGA2,4,90,0.6632251664229998,0.6191091849618322,,80.0
deposition,NSGA2,4,91,0.6632251664229998,0.6190013332542235,,80.0
deposition,NSGA2,4,92,0.6632251664229998,0.6193974287264467,,80.0
deposition,NSGA2,4,93,0.6632251664229998,0.6197326610553778,,80.0
deposition,NSGA2,4,94,0.6632251664229998,0.6197591706000252,,80.0
deposition,NSGA2,4,95,0.6632251664229998,0.6110656937765493,,80.0
deposition,NSGA2,4,96,0.6632251664229998,0.6233284017402726,,80.0
deposition,NSGA2,4,97,0.6632251664229998,0.6231822009421071,,80.0
deposition,NSGA2,4,98,0.6632251664229998,0.6230194870340636,,80.0
deposition,NSGA2,4,99,0.6632251664229998,0.6237019831597607,,80.0
deposition,NSGA2,4,100,0.6632251664229998,0.6234861168250319,,80.0
deposition,NSGA2,4,101,0.6632251664229998,0.6240564404918922,,80.0
deposition,NSGA2,4,102,0.6632251664229998,0.6198731537484553,,80.0
deposition,NSGA2,4,103,0.6632251664229998,0.6196664150663137,,80.0
deposition,NSGA2,4,104,0.6632251664229998,0.6192778383887722,,80.0
deposition,NSGA2,4,105,0.6632251664229998,0.6203266313925107,,80.0
deposition,NSGA2,4,106,0.6632251664229998,0.620258675629697,,80.0
deposition,NSGA2,4,107,0.6632251664229998,0.6170471908711155,,80.0
deposition,NSGA2,4,108,0.6632251664229998,0.6124471081317403,,80.0
deposition,NSGA2,4,109,0.6632251664229998,0.6165256988797123,,80.0
deposition,NSGA2,4,110,0.6632251664229998,0.6196395802623504,,80.0
deposition,NSGA2,4,111,0.6632251664229998,0.6194445477887278,,80.0
deposition,NSGA2,4,112,0.6632251664229998,0.615360251775094,,80.0
deposition,NSGA2,4,113,0.6632251664229998,0.6160085276395373,,80.0
deposition,NSGA2,4,114,0.6632251664229998,0.6116699448668946,,80.0
deposition,NSGA2,4,115,0.6632251664229998,0.6118399433163848,,80.0
deposition,NSGA2,4,116,0.6632251664229998,0.6116923255822385,,80.0
deposition,NSGA2,4,117,0.6632251664229998,0.6037489753879577,,80.0
deposition,NSGA2,4,118,0.6632251664229998,0.6116773303241853,,80.0
deposition,NSGA2,4,119,0.6632251664229998,0.6111235197672027,,80.0
deposition,NSGA2,4,120,0.6632251664229998,0.6117736973273206,,80.0
deposition,NSGA2,4,121,0.6632251664229998,0.6160900913065445,,80.0
deposition,NSGA2,4,122,0.6632251664229998,0.6251218376115899,,80.0
deposition,NSGA2,4,123,0.6632251664229998,0.6290986785106544,,80.0
deposition,NSGA2,4,124,0.6632251664229998,0.6251750909541192,,80.0
deposition,NSGA2,4,125,0.6632251664229998,0.6248620474186068,,80.0
deposition,NSGA2,4,126,0.6632251664229998,0.6207152080700522,,80.0
deposition,NSGA2,4,127,0.6632251664229998,0.6206190329888418,,80.0
deposition,NSGA2,4,128,0.6632251664229998,0.6205999089014853,,80.0
deposition,NSGA2,4,129,0.6632251664229998,0.6166570963417496,,80.0
deposition,NSGA2,4,130,0.6632251664229998,0.6243581715724984,,80.0
deposition,NSGA2,4,131,0.6632251664229998,0.6278856636568105,,80.0
deposition,NSGA2,4,132,0.6632251664229998,0.6273833966686077,,80.0
deposition,NSGA2,4,133,0.6632251664229998,0.6322790077140443,,80.0
deposition,NSGA2,4,134,0.6632251664229998,0.6325019666682948,,80.0
deposition,NSGA2,4,135,0.6632251664229998,0.632770852092318,,80.0
deposition,NSGA2,4,136,0.6632251664229998,0.6293895608061714,,80.0
deposition,NSGA2,4,137,0.6632251664229998,0.6281307400707569,,80.0
deposition,NSGA2,4,138,0.6632251664229998,0.6282842254103692,,80.0
deposition,NSGA2,4,139,0.6632251664229998,0.6243707676259943,,80.0
deposition,NSGA2,4,140,0.6632251664229998,0.6241108765171675,,80.0
deposition,NSGA2,4,141,0.6632251664229998,0.6243855709621225,,80.0
deposition,NSGA2,4,142,0.6632251664229998,0.6244682700860936,,80.0
deposition,NSGA2,4,143,0.6632251664229998,0.6239733885551815,,80.0
deposition,NSGA2,4,144,0.6632251664229998,0.6233765553436739,,80.0
deposition,NSGA2,4,145,0.6632251664229998,0.6237476167917645,,80.0
deposition,NSGA2,4,146,0.6632251664229998,0.6236340273969471,,80.0
deposition,NSGA2,4,147,0.6632251664229998,0.6191096111369919,,80.0
deposition,NSGA2,4,148,0.6632251664229998,0.618988210109724,,80.0
deposition,NSGA2,4,149,0.6632251664229998,0.6152787791141681,,80.0
deposition,NSGA2,4,150,0.6632251664229998,0.6162286851433737,,80.0
deposition,NSGA2,4,151,0.6632251664229998,0.6200370031134625,,80.0
deposition,NSGA2,4,152,0.6632251664229998,0.6197122533694316,,80.0
deposition,NSGA2,4,153,0.6632251664229998,0.6203017011236486,,80.0
deposition,NSGA2,4,154,0.6632251664229998,0.6247480642701767,,80.0
deposition,NSGA2,4,155,0.6632251664229998,0.6241942537131943,,80.0
deposition,NSGA2,4,156,0.6632251664229998,0.6277557741368351,,80.0
deposition,NSGA2,4,157,0.6632251664229998,0.6268190625858523,,80.0
deposition,NSGA2,4,158,0.6632251664229998,0.6268914400157379,,80.0
deposition,NSGA2,4,159,0.6632251664229998,0.6231941414038606,,80.0
deposition,NSGA2,4,160,0.6632251664229998,0.6273584959818661,,80.0
deposition,NSGA2,4,161,0.6632251664229998,0.6237436312096148,,80.0
deposition,NSGA2,4,162,0.6632251664229998,0.6234153905843616,,80.0
deposition,NSGA2,4,163,0.6632251664229998,0.6236221292665032,,80.0
deposition,NSGA2,4,164,0.6632251664229998,0.6237210162410362,,80.0
deposition,NSGA2,4,165,0.6632251664229998,0.6252485304785488,,80.0
deposition,NSGA2,4,166,0.6632251664229998,0.62503266414382,,80.0
deposition,NSGA2,4,167,0.6632251664229998,0.6170039762946654,,80.0
deposition,NSGA2,4,168,0.6632251664229998,0.6172315488379131,,80.0
deposition,NSGA2,4,169,0.6632251664229998,0.6169641389344047,,80.0
deposition,NSGA2,4,170,0.6632251664229998,0.6128250103024566,,80.0
deposition,NSGA2,4,171,0.6632251664229998,0.6131132540670711,,80.0
deposition,NSGA2,4,172,0.6632251664229998,0.6121633480378655,,80.0
deposition,NSGA2,4,173,0.6632251664229998,0.6120819762927835,,80.0
deposition,NSGA2,4,174,0.6632251664229998,0.6081203649050073,,80.0
deposition,NSGA2,4,175,0.6632251664229998,0.6076446074614517,,80.0
deposition,NSGA2,4,176,0.6632251664229998,0.6168595762763307,,80.0
deposition,NSGA2,4,177,0.6632251664229998,0.6130969928540894,,80.0
deposition,NSGA2,4,178,0.6632251664229998,0.6250580706530504,,80.0
deposition,NSGA2,4,179,0.6632251664229998,0.6206161291735942,,80.0
deposition,NSGA2,4,180,0.6632251664229998,0.6207815549749602,,80.0
deposition,NSGA2,4,181,0.6632251664229998,0.6247595785567704,,80.0
deposition,NSGA2,4,182,0.6632251664229998,0.6202199327855273,,80.0
deposition,NSGA2,4,183,0.6632251664229998,0.6199435285668226,,80.0
deposition,NSGA2,4,184,0.6632251664229998,0.6200056753087042,,80.0
deposition,NSGA2,4,185,0.6632251664229998,0.6196688341218674,,80.0
deposition,NSGA2,4,186,0.6632251664229998,0.6196880591250677,,80.0
deposition,NSGA2,4,187,0.6632251664229998,0.6198920859138868,,80.0
deposition,NSGA2,4,188,0.6632251664229998,0.6153908901490444,,80.0
deposition,NSGA2,4,189,0.6632251664229998,0.6155458933404813,,80.0
deposition,NSGA2,4,190,0.6632251664229998,0.6159655345671329,,80.0
deposition,NSGA2,4,191,0.6632251664229998,0.6160099855163907,,80.0
deposition,NSGA2,4,192,0.6632251664229998,0.6125238063128542,,80.0
deposition,NSGA2,4,193,0.6632251664229998,0.6130748040606704,,80.0
deposition,NSGA2,4,194,0.6632251664229998,0.6087170972006709,,80.0
deposition,NSGA2,4,195,0.6632251664229998,0.6038214861552343,,80.0
deposition,NSGA2,4,196,0.6632251664229998,0.6113258191386108,,80.0
deposition,NSGA2,4,197,0.6632251664229998,0.6161625724917004,,80.0
deposition,NSGA2,4,198,0.6632251664229998,0.6131564714829476,,80.0
deposition,NSGA2,4,199,0.6632251664229998,0.609113192672894,,80.0
deposition,NSGA2,4,200,0.6632251664229998,0.6084351182142689,,80.0
planarization,GA,0,0,1.9112679586045682,1.5990140038520344,21.0,
planarization,GA,0,1,1.9427663513885596,1.6929653122404205,19.0,
planarization,GA,0,2,1.9427663513885596,1.693964070352925,19.0,
planarization,GA,0,3,1.9427663513885596,1.6853358260825337,19.0,
planarization,GA,0,4,1.9427663513885596,1.6932316419543691,19.0,
planarization,GA,0,5,1.9511769835756168,1.7022882661585375,19.0,
planarization,GA,0,6,1.9511769835756168,1.7274064044896793,19.0,
planarization,GA,0,7,1.9511769835756168,1.7485602024330114,19.0,
planarization,GA,0,8,1.9655899812395623,1.7627097698140886,18.0,
planarization,GA,0,9,1.9732590938387693,1.7869770980252742,19.0,
planarization,GA,0,10,1.9732590938387693,1.783604707851707,19.0,
planarization,GA,0,11,1.992742447653792,1.796655979737142,16.0,
planarization,GA,0,12,1.992742447653792,1.7858143359546044,16.0,
planarization,GA,0,13,1.992742447653792,1.7761212768509083,16.0,
planarization,GA,0,14,2.062345199498123,1.7882776562872877,15.0,
planarization,GA,0,15,2.062345199498123,1.7923770304924644,15.0,
planarization,GA,0,16,2.062345199498123,1.7669993994078375,15.0,
planarization,GA,0,17,2.062345199498123,1.757160680913854,15.0,
planarization,GA,0,18,2.062345199498123,1.7234288494382426,15.0,
planarization,GA,0,19,2.062345199498123,1.7682789081506876,15.0,
planarization,GA,0,20,2.062345199498123,1.7549903658102373,15.0,
planarization,GA,0,21,2.062345199498123,1.741785380409071,15.0,
planarization,GA,0,22,2.062345199498123,1.7123611131192924,15.0,
planarization,GA,0,23,2.062345199498123,1.7152586080059973,15.0,
planarization,GA,0,24,2.062345199498123,1.7562029597883146,15.0,
planarization,GA,0,25,2.0663222589757977,1.7127427619850089,15.0,
planarization,GA,0,26,2.0663222589757977,1.7352195534349069,15.0,
planarization,GA,0,27,2.0663222589757977,1.7745211546725446,15.0,
planarization,GA,0,28,2.0663222589757977,1.7812099131161396,15.0,
planarization,GA,0,29,2.0663222589757977,1.7630817052933652,15.0,
planarization,GA,0,30,2.0663222589757977,1.719291570418101,15.0,
planarization,GA,0,31,2.0663222589757977,1.7648683704690717,15.0,
planarization,GA,0,32,2.0663222589757977,1.7697210481893333,15.0,
planarization,GA,0,33,2.0713335084077915,1.7574474090925818,15.0,
planarization,GA,0,34,2.0713335084077915,1.7681371572362068,15.0,
planarization,GA,0,35,2.0713335084077915,1.7944688987329613,15.0,
planarization,GA,0,36,2.0713335084077915,1.767138281891965,15.0,
planarization,GA,0,37,2.0713335084077915,1.7766634986071523,15.0,
planarization,GA,0,38,2.0713335084077915,1.780778111351816,15.0,
planarization,GA,0,39,2.0713335084077915,1.764740479195496,15.0,
planarization,GA,0,40,2.0713335084077915,1.7742401680371476,15.0,
planarization,GA,0,41,2.0713335084077915,1.7613693422933494,15.0,
planarization,GA,0,42,2.0713335084077915,1.7861862411790597,15.0,
planarization,GA,0,43,2.0713335084077915,1.7813249254744306,15.0,
planarization,GA,0,44,2.0713335084077915,1.7942503480571184,15.0,
planarization,GA,0,45,2.0713335084077915,1.7927927972219735,15.0,
planarization,GA,0,46,2.0713335084077915,1.7790337030872962,15.0,
planarization,GA,0,47,2.0713335084077915,1.7497169543766642,15.0,
planarization,GA,0,48,2.0713335084077915,1.7739658524513349,15.0,
planarization,GA,0,49,2.0713335084077915,1.77259388563097,15.0,
planarization,GA,0,50,2.103211739905987,1.7405803809760023,13.0,
planarization,GA,0,51,2.103211739905987,1.7929228243890567,13.0,
planarization,GA,0,52,2.103211739905987,1.8053076533607246,13.0,
planarization,GA,0,53,2.103211739905987,1.784496050257578,13.0,
planarization,GA,0,54,2.103211739905987,1.8097256060613112,13.0,
planarization,GA,0,55,2.103211739905987,1.7881166398494295,13.0,
planarization,GA,0,56,2.103211739905987,1.7849839146188882,13.0,
planarization,GA,0,57,2.103211739905987,1.7848714858102093,13.0,
planarization,GA,0,58,2.103211739905987,1.781709169513197,13.0,
planarization,GA,0,59,2.103211739905987,1.7997567499253448,13.0,
planarization,GA,0,60,2.103211739905987,1.7716853129865673,13.0,
planarization,GA,0,61,2.103211739905987,1.7590890262273462,13.0,
planarization,GA,0,62,2.103211739905987,1.7635558387253039,13.0,
planarization,GA,0,63,2.103211739905987,1.7839115983893798,13.0,
planarization,GA,0,64,2.103211739905987,1.7530957093355233,13.0,
planarization,GA,0,65,2.103211739905987,1.7424594173738288,13.0,
planarization,GA,0,66,2.103211739905987,1.7661238179066103,13.0,
planarization,GA,0,67,2.103211739905987,1.8017834400806354,13.0,
planarization,GA,0,68,2.103211739905987,1.7858823962012078,13.0,
planarization,GA,0,69,2.103211739905987,1.8292859372309525,13.0,
planarization,GA,0,70,2.103211739905987,1.797034766532569,13.0,
planarization,GA,0,71,2.103211739905987,1.8151943597209108,13.0,
planarization,GA,0,72,2.103211739905987,1.755269385903442,13.0,
planarization,GA,0,73,2.103211739905987,1.7950371919121246,13.0,
planarization,GA,0,74,2.103211739905987,1.7869856414492808,13.0,
planarization,GA,0,75,2.103211739905987,1.7414079264383855,13.0,
planarization,GA,0,76,2.103211739905987,1.746894573358316,13.0,
planarization,GA,0,77,2.161099750701477,1.7565312091227028,10.0,
planarization,GA,0,78,2.161099750701477,1.7500862229167589,10.0,
planarization,GA,0,79,2.161099750701477,1.7755375777120406,10.0,
planarization,GA,0,80,2.161099750701477,1.7645068156145178,10.0,
planarization,GA,0,81,2.161099750701477,1.7803707423164454,10.0,
planarization,GA,0,82,2.161099750701477,1.790635049535218,10.0,
planarization,GA,0,83,2.161099750701477,1.8223466834843822,10.0,
planarization,GA,0,84,2.161099750701477,1.8296312603994622,10.0,
planarization,GA,0,85,2.161099750701477,1.8126151651586895,10.0,
planarization,GA,0,86,2.161099750701477,1.8367452958594257,10.0,
planarization,GA,0,87,2.161099750701477,1.7854236661387097,10.0,
planarization,GA,0,88,2.161099750701477,1.799343865938227,10.0,
planarization,GA,0,89,2.161099750701477,1.806390993646889,10.0,
planarization,GA,0,90,2.161099750701477,1.7946186273764737,10.0,
planarization,GA,0,91,2.161099750701477,1.8016616856755134,10.0,
planarization,GA,0,92,2.161099750701477,1.7826397117621506,10.0,
planarization,GA,0,93,2.161099750701477,1.7811654770365837,10.0,
planarization,GA,0,94,2.161099750701477,1.805857815248808,10.0,
planarization,GA,0,95,2.161099750701477,1.7687924466966571,10.0,
planarization,GA,0,96,2.161099750701477,1.780071840397619,10.0,
planarization,GA,0,97,2.161099750701477,1.8027534475899643,10.0,
planarization,GA,0,98,2.161099750701477,1.7923266502423636,10.0,
planarization,GA,0,99,2.161099750701477,1.8200738858124534,10.0,
planarization,GA,0,100,2.161099750701477,1.7660151406223015,10.0,
planarization,GA,0,101,2.161099750701477,1.7668052747429512,10.0,
planarization,GA,0,102,2.161099750701477,1.782521792734927,10.0,
planarization,GA,0,103,2.161099750701477,1.76735804396951,10.0,
planarization,GA,0,104,2.161099750701477,1.7599765148125148,10.0,
planarization,GA,0,105,2.161099750701477,1.8061414610140176,10.0,
planarization,GA,0,106,2.161099750701477,1.7725754305730306,10.0,
planarization,GA,0,107,2.161099750701477,1.7926971001152687,10.0,
planarization,GA,0,108,2.161099750701477,1.8014039543993767,10.0,
planarization,GA,0,109,2.161099750701477,1.800348812362077,10.0,
planarization,GA,0,110,2.161099750701477,1.7803240528551108,10.0,
planarization,GA,0,111,2.161099750701477,1.780236877915365,10.0,
planarization,GA,0,112,2.161099750701477,1.7488814025818655,10.0,
planarization,GA,0,113,2.161099750701477,1.7842457225537949,10.0,
planarization,GA,0,114,2.161099750701477,1.7720124705191374,10.0,
planarization,GA,0,115,2.161099750701477,1.7984421146052554,10.0,
planarization,GA,0,116,2.161099750701477,1.827828363276493,10.0,
planarization,GA,0,117,2.161099750701477,1.7812997934265504,10.0,
planarization,GA,1,0,1.8652889162419801,1.6115703259198935,22.0,
planarization,GA,1,1,1.870263335178778,1.6629661873460353,22.0,
planarization,GA,1,2,1.870263335178778,1.7154916470204715,22.0,
planarization,GA,1,3,1.9029695406735294,1.7293174479338735,21.0,
planarization,GA,1,4,1.9029695406735294,1.6882803498441583,21.0,
planarization,GA,1,5,1.9241666244294964,1.7152449574252746,19.0,
planarization,GA,1,6,1.9241666244294964,1.7329925469507146,19.0,
planarization,GA,1,7,1.9241666244294964,1.7121099863964802,19.0,
planarization,GA,1,8,1.9241666244294964,1.7215392416022972,19.0,
planarization,GA,1,9,1.9596446176888478,1.7008064876807176,19.0,
planarization,GA,1,10,1.9596446176888478,1.720620433054696,19.0,
planarization,GA,1,11,1.9596446176888478,1.7136507064550954,19.0,
planarization,GA,1,12,1.9629539792460327,1.742310798802702,18.0,
planarization,GA,1,13,1.9629539792460327,1.7499812125644678,18.0,
planarization,GA,1,14,1.9629539792460327,1.7585705904203521,18.0,
planarization,GA,1,15,1.9816339644018575,1.7305355923934633,17.0,
planarization,GA,1,16,1.9816339644018575,1.78725635262169,17.0,
planarization,GA,1,17,1.9816339644018575,1.7766796056791834,17.0,
planarization,GA,1,18,2.0370805884196823,1.7583268800024707,14.0,
planarization,GA,1,19,2.0370805884196823,1.7487414454845591,14.0,
planarization,GA,1,20,2.063465321794726,1.7278162420291938,13.0,
planarization,GA,1,21,2.063465321794726,1.7688616831810642,13.0,
planarization,GA,1,22,2.063465321794726,1.7612175470885987,13.0,
planarization,GA,1,23,2.063465321794726,1.7580454490298862,13.0,
planarization,GA,1,24,2.063465321794726,1.80773032856074,13.0,
planarization,GA,1,25,2.063465321794726,1.8127820990622225,13.0,
planarization,GA,1,26,2.0954815577107047,1.8300237512867603,9.0,
planarization,GA,1,27,2.0954815577107047,1.80450314031406,9.0,
planarization,GA,1,28,2.0954815577107047,1.8137898087131987,9.0,
planarization,GA,1,29,2.09943295132233,1.8040307887314104,9.0,
planarization,GA,1,30,2.09943295132233,1.7673124542282252,9.0,
planarization,GA,1,31,2.09943295132233,1.7772889577834978,9.0,
planarization,GA,1,32,2.09943295132233,1.7944308242236893,9.0,
planarization,GA,1,33,2.09943295132233,1.7919062163684871,9.0,
planarization,GA,1,34,2.09943295132233,1.8079698636818236,9.0,
planarization,GA,1,35,2.09943295132233,1.7714047193049054,9.0,
planarization,GA,1,36,2.09943295132233,1.7714101521548002,9.0,
planarization,GA,1,37,2.09943295132233,1.7606008143645078,9.0,
planarization,GA,1,38,2.09943295132233,1.7667060047014194,9.0,
planarization,GA,1,39,2.09943295132233,1.7610581429774466,9.0,
planarization,GA,1,40,2.09943295132233,1.7448811239507755,9.0,
planarization,GA,1,41,2.09943295132233,1.7616565636882555,9.0,
planarization,GA,1,42,2.09943295132233,1.7576541686000275,9.0,
planarization,GA,1,43,2.09943295132233,1.7688154360993642,9.0,
planarization,GA,1,44,2.10428549166174,1.7608192151324218,9.0,
planarization,GA,1,45,2.10428549166174,1.781743953655073,9.0,
planarization,GA,1,46,2.10428549166174,1.7749380225204572,9.0,
planarization,GA,1,47,2.10428549166174,1.756478806139676,9.0,
planarization,GA,1,48,2.10428549166174,1.7456187345827037,9.0,
planarization,GA,1,49,2.10428549166174,1.763024100350504,9.0,
planarization,GA,1,50,2.10428549166174,1.7882628118698634,9.0,
planarization,GA,1,51,2.10428549166174,1.7879257550577587,9.0,
planarization,GA,1,52,2.10428549166174,1.8075512170184886,9.0,
planarization,GA,1,53,2.10428549166174,1.7797559704368708,9.0,
planarization,GA,1,54,2.10428549166174,1.7916574496227617,9.0,
planarization,GA,1,55,2.10428549166174,1.7545934782887458,9.0,
planarization,GA,1,56,2.10428549166174,1.783087182685684,9.0,
planarization,GA,1,57,2.10428549166174,1.7972321898263057,9.0,
planarization,GA,1,58,2.10428549166174,1.7984881178374734,9.0,
planarization,GA,1,59,2.10428549166174,1.774307142615509,9.0,
planarization,GA,1,60,2.10428549166174,1.7652901435581125,9.0,
planarization,GA,1,61,2.10428549166174,1.7850501965682575,9.0,
planarization,GA,1,62,2.10428549166174,1.7821958550835764,9.0,
planarization,GA,1,63,2.10428549166174,1.7336347434041877,9.0,
planarization,GA,1,64,2.10428549166174,1.752001164491777,9.0,
planarization,GA,1,65,2.10428549166174,1.7380662784162808,9.0,
planarization,GA,1,66,2.10428549166174,1.7352362634621847,9.0,
planarization,GA,1,67,2.10428549166174,1.7956121142978874,9.0,
planarization,GA,1,68,2.10428549166174,1.7539838268775334,9.0,
planarization,GA,1,69,2.10428549166174,1.7668174863968933,9.0,
planarization,GA,1,70,2.10428549166174,1.764018131173953,9.0,
planarization,GA,1,71,2.10428549166174,1.7331344961138035,9.0,
planarization,GA,1,72,2.125990084810312,1.7326999493664583,9.0,
planarization,GA,1,73,2.125990084810312,1.745031560890192,9.0,
planarization,GA,1,74,2.125990084810312,1.7522480975628056,9.0,
planarization,GA,1,75,2.125990084810312,1.7383471718972998,9.0,
planarization,GA,1,76,2.125990084810312,1.74404598264771,9.0,
planarization,GA,1,77,2.125990084810312,1.7545491094484897,9.0,
planarization,GA,1,78,2.125990084810312,1.7707002028203422,9.0,
planarization,GA,1,79,2.125990084810312,1.7713136896061763,9.0,
planarization,GA,1,80,2.125990084810312,1.7711556908502932,9.0,
planarization,GA,1,81,2.125990084810312,1.7671536050298395,9.0,
planarization,GA,1,82,2.125990084810312,1.7765961450188237,9.0,
planarization,GA,1,83,2.125990084810312,1.7664196699248464,9.0,
planarization,GA,1,84,2.125990084810312,1.8124824893716096,9.0,
planarization,GA,1,85,2.125990084810312,1.8073559454637078,9.0,
planarization,GA,1,86,2.125990084810312,1.833227475311703,9.0,
planarization,GA,1,87,2.125990084810312,1.7662970352961538,9.0,
planarization,GA,1,88,2.125990084810312,1.7902047513557928,9.0,
planarization,GA,1,89,2.125990084810312,1.7562889953798788,9.0,
planarization,GA,1,90,2.125990084810312,1.7706010393653646,9.0,
planarization,GA,1,91,2.125990084810312,1.8082008094182007,9.0,
planarization,GA,1,92,2.125990084810312,1.7902173681964026,9.0,
planarization,GA,1,93,2.125990084810312,1.7693186977838677,9.0,
planarization,GA,1,94,2.125990084810312,1.8073775010529598,9.0,
planarization,GA,1,95,2.125990084810312,1.8075073201775027,9.0,
planarization,GA,1,96,2.125990084810312,1.7910271020082114,9.0,
planarization,GA,1,97,2.125990084810312,1.8110567800390107,9.0,
planarization,GA,1,98,2.125990084810312,1.8341079317810056,9.0,
planarization,GA,1,99,2.125990084810312,1.7979270046935625,9.0,
planarization,GA,1,100,2.125990084810312,1.8168030970498124,9.0,
planarization,GA,1,101,2.125990084810312,1.7877808243455575,9.0,
planarization,GA,1,102,2.125990084810312,1.7844968248419946,9.0,
planarization,GA,1,103,2.125990084810312,1.7929228340994623,9.0,
planarization,GA,1,104,2.125990084810312,1.8161849694736723,9.0,
planarization,GA,1,105,2.125990084810312,1.7955909108193127,9.0,
planarization,GA,1,106,2.125990084810312,1.8155232102745031,9.0,
planarization,GA,1,107,2.125990084810312,1.8022343964682777,9.0,
planarization,GA,1,108,2.125990084810312,1.7998100129982681,9.0,
planarization,GA,1,109,2.125990084810312,1.822801738894027,9.0,
planarization,GA,1,110,2.125990084810312,1.8094018002028531,9.0,
planarization,GA,1,111,2.125990084810312,1.8028095866017602,9.0,
planarization,GA,1,112,2.125990084810312,1.8105588417853995,9.0,
planarization,GA,2,0,1.8761082498983268,1.600470046599127,20.0,
planarization,GA,2,1,1.9660038247228822,1.6689463543630478,17.0,
planarization,GA,2,2,1.9660038247228822,1.6862903961377937,17.0,
planarization,GA,2,3,1.9834136442848256,1.7202450798700348,15.0,
planarization,GA,2,4,2.0026624208606307,1.7362233261343114,14.0,
planarization,GA,2,5,2.0275594398329195,1.7530656614361426,13.0,
planarization,GA,2,6,2.0275594398329195,1.7484280505307488,13.0,
planarization,GA,2,7,2.0275594398329195,1.7460573727635242,13.0,
planarization,GA,2,8,2.0275594398329195,1.7232089836192284,13.0,
planarization,GA,2,9,2.0275594398329195,1.7421745574865113,13.0,
planarization,GA,2,10,2.0275594398329195,1.76355812980728,13.0,
planarization,GA,2,11,2.0275594398329195,1.7776768744175633,13.0,
planarization,GA,2,12,2.0275594398329195,1.7854707166123398,13.0,
planarization,GA,2,13,2.0275594398329195,1.7990906539490183,13.0,
planarization,GA,2,14,2.0275594398329195,1.7788359800540576,13.0,
planarization,GA,2,15,2.032080174584558,1.7939468659206852,13.0,
planarization,GA,2,16,2.0509651153384194,1.8082633774882244,12.0,
planarization,GA,2,17,2.0509651153384194,1.7939668214327367,12.0,
planarization,GA,2,18,2.0509651153384194,1.7848626704347759,12.0,
planarization,GA,2,19,2.0509651153384194,1.795445554679818,12.0,
planarization,GA,2,20,2.0725863984789763,1.819426493926322,12.0,
planarization,GA,2,21,2.0725863984789763,1.8034854018361899,12.0,
planarization,GA,2,22,2.0725863984789763,1.8202957710074916,12.0,
planarization,GA,2,23,2.100657285531638,1.8158080671474117,11.0,
planarization,GA,2,24,2.100657285531638,1.8328009002955727,11.0,
planarization,GA,2,25,2.100657285531638,1.8206148725205764,11.0,
planarization,GA,2,26,2.100657285531638,1.8229361087538856,11.0,
planarization,GA,2,27,2.100657285531638,1.8371619792971523,11.0,
planarization,GA,2,28,2.100657285531638,1.8315729947963706,11.0,
planarization,GA,2,29,2.100657285531638,1.8287515685631455,11.0,
planarization,GA,2,30,2.100657285531638,1.8186910878766416,11.0,
planarization,GA,2,31,2.100657285531638,1.7907991547690656,11.0,
planarization,GA,2,32,2.100657285531638,1.7898678244433266,11.0,
planarization,GA,2,33,2.100657285531638,1.8045340620025208,11.0,
planarization,GA,2,34,2.100657285531638,1.8209891155805689,11.0,
planarization,GA,2,35,2.100657285531638,1.8173386109776888,11.0,
planarization,GA,2,36,2.100657285531638,1.8104099374892981,11.0,
planarization,GA,2,37,2.100657285531638,1.814001520627622,11.0,
planarization,GA,2,38,2.100657285531638,1.8161189675396934,11.0,
planarization,GA,2,39,2.100657285531638,1.823502452053697,11.0,
planarization,GA,2,40,2.100657285531638,1.7976086922900385,11.0,
planarization,GA,2,41,2.100657285531638,1.7599667587683492,11.0,
planarization,GA,2,42,2.100657285531638,1.7904739823686042,11.0,
planarization,GA,2,43,2.114513862270606,1.7807076951658165,11.0,
planarization,GA,2,44,2.1258696496784095,1.777451006241223,10.0,
planarization,GA,2,45,2.1258696496784095,1.8098292210152735,10.0,
planarization,GA,2,46,2.1258696496784095,1.8206040136006876,10.0,
planarization,GA,2,47,2.1258696496784095,1.8068691472384146,10.0,
planarization,GA,2,48,2.1258696496784095,1.791655300760088,10.0,
planarization,GA,2,49,2.1258696496784095,1.816684117739517,10.0,
planarization,GA,2,50,2.1258696496784095,1.8328059630267888,10.0,
planarization,GA,2,51,2.1258696496784095,1.8474739513408962,10.0,
planarization,GA,2,52,2.1258696496784095,1.8401625567738364,10.0,
planarization,GA,2,53,2.1258696496784095,1.8189751977472093,10.0,
planarization,GA,2,54,2.1464921212950365,1.8156011413424777,8.0,
planarization,GA,2,55,2.1464921212950365,1.7999714520044308,8.0,
planarization,GA,2,56,2.1464921212950365,1.76220306689279,8.0,
planarization,GA,2,57,2.1464921212950365,1.8177243664528167,8.0,
planarization,GA,2,58,2.1464921212950365,1.824547186160816,8.0,
planarization,GA,2,59,2.1464921212950365,1.8134632141040996,8.0,
planarization,GA,2,60,2.1464921212950365,1.8098570032941623,8.0,
planarization,GA,2,61,2.1464921212950365,1.7936357786647474,8.0,
planarization,GA,2,62,2.1464921212950365,1.7623038130259083,8.0,
planarization,GA,2,63,2.1464921212950365,1.7956965823571926,8.0,
planarization,GA,2,64,2.1464921212950365,1.8056432424286342,8.0,
planarization,GA,2,65,2.1464921212950365,1.788313138002302,8.0,
planarization,GA,2,66,2.1464921212950365,1.7709017975254429,8.0,
planarization,GA,2,67,2.1464921212950365,1.7522091567713396,8.0,
planarization,GA,2,68,2.1464921212950365,1.8028231861838566,8.0,
planarization,GA,2,69,2.1464921212950365,1.812825198012332,8.0,
planarization,GA,2,70,2.1464921212950365,1.8117493559769045,8.0,
planarization,GA,2,71,2.1464921212950365,1.8065248765918174,8.0,
planarization,GA,2,72,2.1464921212950365,1.7840319615372529,8.0,
planarization,GA,2,73,2.1464921212950365,1.7539396883627454,8.0,
planarization,GA,2,74,2.1464921212950365,1.7866552641679803,8.0,
planarization,GA,2,75,2.1464921212950365,1.7818352988774102,8.0,
planarization,GA,2,76,2.1464921212950365,1.7363516559108483,8.0,
planarization,GA,2,77,2.1464921212950365,1.7543588978553515,8.0,
planarization,GA,2,78,2.1464921212950365,1.754535885616739,8.0,
planarization,GA,2,79,2.1464921212950365,1.7575516156054505,8.0,
planarization,GA,2,80,2.1464921212950365,1.746024636773635,8.0,
planarization,GA,2,81,2.1587354563999206,1.7861399016635815,9.0,
planarization,GA,2,82,2.1587354563999206,1.783243819065993,9.0,
planarization,GA,2,83,2.1587354563999206,1.7409735931047527,9.0,
planarization,GA,2,84,2.1587354563999206,1.767604731318317,9.0,
planarization,GA,2,85,2.1587354563999206,1.7740915369091348,9.0,
planarization,GA,2,86,2.1587354563999206,1.7792421900944693,9.0,
planarization,GA,2,87,2.1587354563999206,1.8148551711952585,9.0,
planarization,GA,2,88,2.1587354563999206,1.8113805900649584,9.0,
planarization,GA,2,89,2.1587354563999206,1.8233070318449145,9.0,
planarization,GA,2,90,2.1587354563999206,1.8087553112458585,9.0,
planarization,GA,2,91,2.1587354563999206,1.7952729374222127,9.0,
planarization,GA,2,92,2.1587354563999206,1.820852210570409,9.0,
planarization,GA,2,93,2.1587354563999206,1.8323221878622682,9.0,
planarization,GA,2,94,2.1587354563999206,1.8157164601330584,9.0,
planarization,GA,2,95,2.1587354563999206,1.842926619046891,9.0,
planarization,GA,2,96,2.1587354563999206,1.7780010750845534,9.0,
planarization,GA,2,97,2.1587354563999206,1.7955379432227303,9.0,
planarization,GA,2,98,2.1587354563999206,1.8103643077193492,9.0,
planarization,GA,2,99,2.1587354563999206,1.8166607180208758,9.0,
planarization,GA,2,100,2.1587354563999206,1.8113620429163604,9.0,
planarization,GA,2,101,2.1587354563999206,1.828516659605927,9.0,
planarization,GA,2,102,2.1587354563999206,1.835729403064726,9.0,
planarization,GA,2,103,2.1587354563999206,1.8383464246235917,9.0,
planarization,GA,2,104,2.1587354563999206,1.835678446690777,9.0,
planarization,GA,2,105,2.1587354563999206,1.8352012473782018,9.0,
planarization,GA,2,106,2.1587354563999206,1.835859884173639,9.0,
planarization,GA,2,107,2.1587354563999206,1.82534945550008,9.0,
planarization,GA,2,108,2.1587354563999206,1.823329434398851,9.0,
planarization,GA,2,109,2.1587354563999206,1.8062660512966033,9.0,
planarization,GA,2,110,2.1587354563999206,1.8150826488725051,9.0,
planarization,GA,2,111,2.1587354563999206,1.7994939595930652,9.0,
planarization,GA,2,112,2.1587354563999206,1.8011070832594647,9.0,
planarization,GA,2,113,2.1587354563999206,1.7795219913833713,9.0,
planarization,GA,2,114,2.1587354563999206,1.7794769196515872,9.0,
planarization,GA,2,115,2.1587354563999206,1.7906120905215377,9.0,
planarization,GA,2,116,2.1587354563999206,1.8019069196301942,9.0,
planarization,GA,2,117,2.1587354563999206,1.8175621408434985,9.0,
planarization,GA,2,118,2.1587354563999206,1.8409672350533142,9.0,
planarization,GA,2,119,2.1587354563999206,1.8547033753827997,9.0,
planarization,GA,2,120,2.1587354563999206,1.8484524019266544,9.0,
planarization,GA,2,121,2.1587354563999206,1.7985950447147836,9.0,
planarization,GA,3,0,1.904734585949334,1.6451784724458705,21.0,
planarization,GA,3,1,1.9399377009583114,1.705199867997522,19.0,
planarization,GA,3,2,1.9399377009583114,1.7463551205702152,19.0,
planarization,GA,3,3,1.9399377009583114,1.718097346915151,19.0,
planarization,GA,3,4,1.9796555801350904,1.7148794185957048,16.0,
planarization,GA,3,5,1.9796555801350904,1.7279418535581943,16.0,
planarization,GA,3,6,1.9796555801350904,1.7221574786503688,16.0,
planarization,GA,3,7,1.9944124755986241,1.7331401392270915,15.0,
planarization,GA,3,8,2.0055029392252712,1.734698067659383,17.0,
planarization,GA,3,9,2.0055029392252712,1.7176190822483417,17.0,
planarization,GA,3,10,2.0055029392252712,1.7377606263344074,17.0,
planarization,GA,3,11,2.0270199228352217,1.75060255053695,14.0,
planarization,GA,3,12,2.0270199228352217,1.7613293908076912,14.0,
planarization,GA,3,13,2.0270199228352217,1.7536357807905858,14.0,
planarization,GA,3,14,2.04478180374567,1.7795757785591964,12.0,
planarization,GA,3,15,2.04478180374567,1.7847919100960645,12.0,
planarization,GA,3,16,2.04478180374567,1.7630447324036056,12.0,
planarization,GA,3,17,2.04478180374567,1.7459989002412222,12.0,
planarization,GA,3,18,2.04478180374567,1.7712419600005287,12.0,
planarization,GA,3,19,2.04478180374567,1.7498822895468273,12.0,
planarization,GA,3,20,2.04478180374567,1.7630272288373927,12.0,
planarization,GA,3,21,2.04478180374567,1.7452814184992775,12.0,
planarization,GA,3,22,2.04478180374567,1.765557323320385,12.0,
planarization,GA,3,23,2.04478180374567,1.7787565808850154,12.0,
planarization,GA,3,24,2.0498251267726406,1.7903758352562993,12.0,
planarization,GA,3,25,2.0498251267726406,1.8023433099068817,12.0,
planarization,GA,3,26,2.0498251267726406,1.793978708039992,12.0,
planarization,GA,3,27,2.0498251267726406,1.7660869763582485,12.0,
planarization,GA,3,28,2.0498251267726406,1.7824638167823565,12.0,
planarization,GA,3,29,2.0498251267726406,1.7911181858102583,12.0,
planarization,GA,3,30,2.0498251267726406,1.7940538815225906,12.0,
planarization,GA,3,31,2.0498251267726406,1.778704104168218,12.0,
planarization,GA,3,32,2.0498251267726406,1.7799804445653542,12.0,
planarization,GA,3,33,2.0498251267726406,1.758988070465329,12.0,
planarization,GA,3,34,2.0498251267726406,1.7521760744699204,12.0,
planarization,GA,3,35,2.0498251267726406,1.7709957770029732,12.0,
planarization,GA,3,36,2.0498251267726406,1.76119648349581,12.0,
planarization,GA,3,37,2.0498251267726406,1.7599057361080614,12.0,
planarization,GA,3,38,2.0498251267726406,1.770837242572813,12.0,
planarization,GA,3,39,2.0498251267726406,1.767183039616291,12.0,
planarization,GA,3,40,2.0498251267726406,1.8113329126672895,12.0,
planarization,GA,3,41,2.0498251267726406,1.7750068929176233,12.0,
planarization,GA,3,42,2.0498251267726406,1.742049550783187,12.0,
planarization,GA,3,43,2.0498251267726406,1.7588685245333693,12.0,
planarization,GA,3,44,2.0498251267726406,1.787258317576518,12.0,
planarization,GA,3,45,2.0498251267726406,1.7756846221553821,12.0,
planarization,GA,3,46,2.0498251267726406,1.7721558090994336,12.0,
planarization,GA,3,47,2.0498251267726406,1.758178691962214,12.0,
planarization,GA,3,48,2.0498251267726406,1.7611572262863828,12.0,
planarization,GA,3,49,2.0498251267726406,1.7737721343746102,12.0,
planarization,GA,3,50,2.0498251267726406,1.7519479125283912,12.0,
planarization,GA,3,51,2.0498251267726406,1.7757561618874618,12.0,
planarization,GA,3,52,2.0498251267726406,1.7645979090556074,12.0,
planarization,GA,3,53,2.0498251267726406,1.750571035162696,12.0,
planarization,GA,3,54,2.0498251267726406,1.7763012905666116,12.0,
planarization,GA,3,55,2.0498251267726406,1.766231832232566,12.0,
planarization,GA,3,56,2.0498251267726406,1.7174294698608055,12.0,
planarization,GA,3,57,2.0498251267726406,1.744850430646912,12.0,
planarization,GA,3,58,2.0498251267726406,1.770200056194993,12.0,
planarization,GA,3,59,2.0498251267726406,1.8035943642169534,12.0,
planarization,GA,3,60,2.0498251267726406,1.777033707008309,12.0,
planarization,GA,3,61,2.1116291127193927,1.7988850476761393,11.0,
planarization,GA,3,62,2.1116291127193927,1.7794891527867134,11.0,
planarization,GA,3,63,2.1116291127193927,1.8061960131493486,11.0,
planarization,GA,3,64,2.1116291127193927,1.7911098916828714,11.0,
planarization,GA,3,65,2.1116291127193927,1.816393638241784,11.0,
planarization,GA,3,66,2.1116291127193927,1.8245452058318796,11.0,
planarization,GA,3,67,2.1116291127193927,1.8170132218051536,11.0,
planarization,GA,3,68,2.1116291127193927,1.8182483169160086,11.0,
planarization,GA,3,69,2.1116291127193927,1.8110176397921252,11.0,
planarization,GA,3,70,2.1116291127193927,1.797681828506461,11.0,
planarization,GA,3,71,2.1116291127193927,1.7802377701516874,11.0,
planarization,GA,3,72,2.1116291127193927,1.8045005548820972,11.0,
planarization,GA,3,73,2.1116291127193927,1.777116482843389,11.0,
planarization,GA,3,74,2.1116291127193927,1.7952569974488675,11.0,
planarization,GA,3,75,2.1116291127193927,1.7799429591369218,11.0,
planarization,GA,3,76,2.1116291127193927,1.7795130183898977,11.0,
planarization,GA,3,77,2.1116291127193927,1.7889773699986755,11.0,
planarization,GA,3,78,2.1116291127193927,1.8009349658467575,11.0,
planarization,GA,3,79,2.1116291127193927,1.7684124253104614,11.0,
planarization,GA,3,80,2.1116291127193927,1.8001631129280753,11.0,
planarization,GA,3,81,2.1116291127193927,1.8191380839832871,11.0,
planarization,GA,3,82,2.1116291127193927,1.7874935455451293,11.0,
planarization,GA,3,83,2.1116291127193927,1.783992837053312,11.0,
planarization,GA,3,84,2.1116291127193927,1.800252439205508,11.0,
planarization,GA,3,85,2.1116291127193927,1.8275516209256637,11.0,
planarization,GA,3,86,2.1116291127193927,1.7965924002057112,11.0,
planarization,GA,3,87,2.1116291127193927,1.8065367866105757,11.0,
planarization,GA,3,88,2.1116291127193927,1.7894109449287363,11.0,
planarization,GA,3,89,2.1116291127193927,1.790631882729158,11.0,
planarization,GA,3,90,2.1116291127193927,1.7763025682709361,11.0,
planarization,GA,3,91,2.1116291127193927,1.7946555525511763,11.0,
planarization,GA,3,92,2.1116291127193927,1.7994120210891964,11.0,
planarization,GA,3,93,2.1116291127193927,1.7966052649495041,11.0,
planarization,GA,3,94,2.1116291127193927,1.8079353595622494,11.0,
planarization,GA,3,95,2.1116291127193927,1.7801143233221914,11.0,
planarization,GA,3,96,2.1116291127193927,1.7904068766453864,11.0,
planarization,GA,3,97,2.1116291127193927,1.8223412579071545,11.0,
planarization,GA,3,98,2.1116291127193927,1.805557235565847,11.0,
planarization,GA,3,99,2.1116291127193927,1.7991831506259146,11.0,
planarization,GA,3,100,2.1116291127193927,1.8142504958805017,11.0,
planarization,GA,3,101,2.1116291127193927,1.7974651100186854,11.0,
planarization,GA,4,0,1.906692127110282,1.649442881517534,20.0,
planarization,GA,4,1,1.9542974669872135,1.6929459323463845,17.0,
planarization,GA,4,2,2.0109423109542877,1.7242683294001466,15.0,
planarization,GA,4,3,2.0109423109542877,1.7200862576759086,15.0,
planarization,GA,4,4,2.0580556847136835,1.716908675278162,13.0,
planarization,GA,4,5,2.0580556847136835,1.7393866383187546,13.0,
planarization,GA,4,6,2.0580556847136835,1.753577254719986,13.0,
planarization,GA,4,7,2.0605178000970708,1.7898049339991566,12.0,
planarization,GA,4,8,2.0693462912368354,1.8110714561331924,12.0,
planarization,GA,4,9,2.0693462912368354,1.775851643610531,12.0,
planarization,GA,4,10,2.0693462912368354,1.7815483727637946,12.0,
planarization,GA,4,11,2.0693462912368354,1.7837882947152202,12.0,
planarization,GA,4,12,2.081323798623494,1.759098490740854,11.0,
planarization,GA,4,13,2.081323798623494,1.7633251892686677,11.0,
planarization,GA,4,14,2.081323798623494,1.7915672014244322,11.0,
planarization,GA,4,15,2.081323798623494,1.774854726758096,11.0,
planarization,GA,4,16,2.081323798623494,1.7942109700852726,11.0,
planarization,GA,4,17,2.081323798623494,1.7609276076881926,11.0,
planarization,GA,4,18,2.081323798623494,1.76363960327052,11.0,
planarization,GA,4,19,2.081323798623494,1.7758931626326593,11.0,
planarization,GA,4,20,2.081323798623494,1.756609873901981,11.0,
planarization,GA,4,21,2.081323798623494,1.7416851351264628,11.0,
planarization,GA,4,22,2.081323798623494,1.745705212972145,11.0,
planarization,GA,4,23,2.081323798623494,1.757550186582624,11.0,
planarization,GA,4,24,2.0962997415624955,1.744756577232987,10.0,
planarization,GA,4,25,2.0962997415624955,1.779874900287533,10.0,
planarization,GA,4,26,2.0962997415624955,1.778770346265107,10.0,
planarization,GA,4,27,2.0962997415624955,1.7700336399807146,10.0,
planarization,GA,4,28,2.0962997415624955,1.7722033599347256,10.0,
planarization,GA,4,29,2.0962997415624955,1.768419361632845,10.0,
planarization,GA,4,30,2.0962997415624955,1.7313386365767436,10.0,
planarization,GA,4,31,2.0962997415624955,1.7800131162099966,10.0,
planarization,GA,4,32,2.0962997415624955,1.7536050891003285,10.0,
planarization,GA,4,33,2.0962997415624955,1.773749046211454,10.0,
planarization,GA,4,34,2.0962997415624955,1.7508358260785706,10.0,
planarization,GA,4,35,2.0962997415624955,1.7412461663240884,10.0,
planarization,GA,4,36,2.0962997415624955,1.7649252826625812,10.0,
planarization,GA,4,37,2.0962997415624955,1.7489399186135492,10.0,
planarization,GA,4,38,2.0962997415624955,1.7805429791426683,10.0,
planarization,GA,4,39,2.0962997415624955,1.790221511110655,10.0,
planarization,GA,4,40,2.0962997415624955,1.7887175822418773,10.0,
planarization,GA,4,41,2.0962997415624955,1.787860885799675,10.0,
planarization,GA,4,42,2.0962997415624955,1.7706959869751189,10.0,
planarization,GA,4,43,2.0962997415624955,1.7685306566941912,10.0,
planarization,GA,4,44,2.0962997415624955,1.760113358476157,10.0,
planarization,GA,4,45,2.0962997415624955,1.7769145949639316,10.0,
planarization,GA,4,46,2.0962997415624955,1.7586432173661994,10.0,
planarization,GA,4,47,2.0962997415624955,1.804163605295415,10.0,
planarization,GA,4,48,2.0962997415624955,1.816103065005683,10.0,
planarization,GA,4,49,2.0962997415624955,1.7923632662180957,10.0,
planarization,GA,4,50,2.0962997415624955,1.7952011582153062,10.0,
planarization,GA,4,51,2.0962997415624955,1.776654224034779,10.0,
planarization,GA,4,52,2.0962997415624955,1.788812695001451,10.0,
planarization,GA,4,53,2.0962997415624955,1.7758787577157407,10.0,
planarization,GA,4,54,2.0962997415624955,1.7821072051840736,10.0,
planarization,GA,4,55,2.0962997415624955,1.7807573102463334,10.0,
planarization,GA,4,56,2.0962997415624955,1.7735825093406636,10.0,
planarization,GA,4,57,2.1189910720575345,1.7721331190039549,8.0,
planarization,GA,4,58,2.1189910720575345,1.8071941197748669,8.0,
planarization,GA,4,59,2.1189910720575345,1.801616150609096,8.0,
planarization,GA,4,60,2.1189910720575345,1.7889345249211364,8.0,
planarization,GA,4,61,2.1189910720575345,1.8054935868978845,8.0,
planarization,GA,4,62,2.1189910720575345,1.814210421892625,8.0,
planarization,GA,4,63,2.1189910720575345,1.7915239773861813,8.0,
planarization,GA,4,64,2.1189910720575345,1.7955352997284746,8.0,
planarization,GA,4,65,2.1189910720575345,1.7945078566840351,8.0,
planarization,GA,4,66,2.1189910720575345,1.8321467003347771,8.0,
planarization,GA,4,67,2.1189910720575345,1.8366854281074894,8.0,
planarization,GA,4,68,2.1189910720575345,1.8164473311490696,8.0,
planarization,GA,4,69,2.1189910720575345,1.8144560262187497,8.0,
planarization,GA,4,70,2.1189910720575345,1.8011070262594493,8.0,
planarization,GA,4,71,2.1189910720575345,1.824120752871663,8.0,
planarization,GA,4,72,2.1189910720575345,1.8101715102317228,8.0,
planarization,GA,4,73,2.1189910720575345,1.82793949807527,8.0,
planarization,GA,4,74,2.1189910720575345,1.791998363597165,8.0,
planarization,GA,4,75,2.1189910720575345,1.7760646163736873,8.0,
planarization,GA,4,76,2.1189910720575345,1.768105068159689,8.0,
planarization,GA,4,77,2.1189910720575345,1.7723353248059042,8.0,
planarization,GA,4,78,2.1189910720575345,1.7840463244551246,8.0,
planarization,GA,4,79,2.1189910720575345,1.8021573719651038,8.0,
planarization,GA,4,80,2.1189910720575345,1.7852391260611182,8.0,
planarization,GA,4,81,2.1189910720575345,1.7746107099798394,8.0,
planarization,GA,4,82,2.1299346608895693,1.7603008783659735,8.0,
planarization,GA,4,83,2.1299346608895693,1.7828169491704373,8.0,
planarization,GA,4,84,2.1299346608895693,1.749359609175229,8.0,
planarization,GA,4,85,2.1299346608895693,1.7650349294043728,8.0,
planarization,GA,4,86,2.1299346608895693,1.761760183300158,8.0,
planarization,GA,4,87,2.1299346608895693,1.7414731790913958,8.0,
planarization,GA,4,88,2.1299346608895693,1.785698053176943,8.0,
planarization,GA,4,89,2.1299346608895693,1.7519341030323972,8.0,
planarization,GA,4,90,2.1299346608895693,1.7659935538244078,8.0,
planarization,GA,4,91,2.1299346608895693,1.7618311004894232,8.0,
planarization,GA,4,92,2.1299346608895693,1.769960847787265,8.0,
planarization,GA,4,93,2.1299346608895693,1.7484108498580828,8.0,
planarization,GA,4,94,2.1299346608895693,1.7291816982931316,8.0,
planarization,GA,4,95,2.1299346608895693,1.7654222035961618,8.0,
planarization,GA,4,96,2.1299346608895693,1.778238835802199,8.0,
planarization,GA,4,97,2.1299346608895693,1.794257387521934,8.0,
planarization,GA,4,98,2.1299346608895693,1.8151508153306746,8.0,
planarization,GA,4,99,2.1299346608895693,1.7953663775475632,8.0,
planarization,GA,4,100,2.1299346608895693,1.8337699137920864,8.0,
planarization,GA,4,101,2.1299346608895693,1.8096518191211843,8.0,
planarization,GA,4,102,2.1299346608895693,1.8049526575977857,8.0,
planarization,GA,4,103,2.1299346608895693,1.7490559659664437,8.0,
planarization,GA,4,104,2.1299346608895693,1.7867331955236654,8.0,
planarization,GA,4,105,2.1299346608895693,1.7951818969092173,8.0,
planarization,GA,4,106,2.1299346608895693,1.7893403945386237,8.0,
planarization,GA,4,107,2.1299346608895693,1.7956853986122412,8.0,
planarization,GA,4,108,2.1299346608895693,1.7740313472496332,8.0,
planarization,GA,4,109,2.1299346608895693,1.8213286022559523,8.0,
planarization,GA,4,110,2.1327006333281218,1.8027178495992078,9.0,
planarization,GA,4,111,2.1327006333281218,1.807336827175241,9.0,
planarization,GA,4,112,2.1327006333281218,1.846739636716324,9.0,
planarization,GA,4,113,2.1327006333281218,1.8445602011895694,9.0,
planarization,GA,4,114,2.1327006333281218,1.8500268064512233,9.0,
planarization,GA,4,115,2.1327006333281218,1.79897946051317,9.0,
planarization,GA,4,116,2.1327006333281218,1.816040293002582,9.0,
planarization,GA,4,117,2.1327006333281218,1.8092630240748548,9.0,
planarization,GA,4,118,2.1327006333281218,1.7905161991237015,9.0,
planarization,GA,4,119,2.1327006333281218,1.8156248194399613,9.0,
planarization,GA,4,120,2.1327006333281218,1.799360658072223,9.0,
planarization,GA,4,121,2.1327006333281218,1.806352496151821,9.0,
planarization,GA,4,122,2.1327006333281218,1.8126272461465773,9.0,
planarization,GA,4,123,2.1327006333281218,1.8313539588267311,9.0,
planarization,GA,4,124,2.1327006333281218,1.807946367736993,9.0,
planarization,GA,4,125,2.1327006333281218,1.807942537560119,9.0,
planarization,GA,4,126,2.1327006333281218,1.7845842175877564,9.0,
planarization,GA,4,127,2.1327006333281218,1.815944094168577,9.0,
planarization,GA,4,128,2.1327006333281218,1.8085960294544563,9.0,
planarization,GA,4,129,2.1327006333281218,1.804548554427139,9.0,
planarization,GA,4,130,2.1327006333281218,1.794904458385885,9.0,
planarization,GA,4,131,2.1327006333281218,1.7989135460452998,9.0,
planarization,GA,4,132,2.1327006333281218,1.8097114248734762,9.0,
planarization,GA,4,133,2.1327006333281218,1.827906429369775,9.0,
planarization,GA,4,134,2.1327006333281218,1.7927776849354597,9.0,
planarization,GA,4,135,2.1327006333281218,1.770270877881805,9.0,
planarization,GA,4,136,2.1533011933178923,1.7889882138054851,7.0,
planarization,GA,4,137,2.1533011933178923,1.7599101116204232,7.0,
planarization,GA,4,138,2.1533011933178923,1.771395939908124,7.0,
planarization,GA,4,139,2.1533011933178923,1.7921587667381431,7.0,
planarization,GA,4,140,2.1533011933178923,1.7816280145461143,7.0,
planarization,GA,4,141,2.1533011933178923,1.783561877835103,7.0,
planarization,GA,4,142,2.1533011933178923,1.7939887068108409,7.0,
planarization,GA,4,143,2.1533011933178923,1.791209044772544,7.0,
planarization,GA,4,144,2.1533011933178923,1.8164590256282274,7.0,
planarization,GA,4,145,2.1533011933178923,1.7588327307000526,7.0,
planarization,GA,4,146,2.1533011933178923,1.7413219541863636,7.0,
planarization,GA,4,147,2.1533011933178923,1.7778643716894187,7.0,
planarization,GA,4,148,2.1533011933178923,1.749409946918361,7.0,
planarization,GA,4,149,2.1533011933178923,1.765855492361404,7.0,
planarization,GA,4,150,2.1533011933178923,1.764252751509818,7.0,
planarization,GA,4,151,2.1533011933178923,1.7615617236154932,7.0,
planarization,GA,4,152,2.1533011933178923,1.7759881601315648,7.0,
planarization,GA,4,153,2.1533011933178923,1.7338466116784452,7.0,
planarization,GA,4,154,2.1533011933178923,1.7649154284274424,7.0,
planarization,GA,4,155,2.15780620521709,1.755136484968682,9.0,
planarization,GA,4,156,2.15780620521709,1.8030847401946108,9.0,
planarization,GA,4,157,2.15780620521709,1.8292638498515559,9.0,
planarization,GA,4,158,2.15780620521709,1.805425933458706,9.0,
planarization,GA,4,159,2.15780620521709,1.808417010167614,9.0,
planarization,GA,4,160,2.15780620521709,1.7887922941143537,9.0,
planarization,GA,4,161,2.15780620521709,1.8044095859134806,9.0,
planarization,GA,4,162,2.15780620521709,1.8062137883813918,9.0,
planarization,GA,4,163,2.15780620521709,1.8398042703646347,9.0,
planarization,GA,4,164,2.15780620521709,1.8345818359798396,9.0,
planarization,GA,4,165,2.15780620521709,1.8170058401045257,9.0,
planarization,GA,4,166,2.15780620521709,1.8286813535446718,9.0,
planarization,GA,4,167,2.15780620521709,1.8047078998478547,9.0,
planarization,GA,4,168,2.15780620521709,1.7853034608720464,9.0,
planarization,GA,4,169,2.15780620521709,1.7677282816859141,9.0,
planarization,GA,4,170,2.15780620521709,1.7658549740853409,9.0,
planarization,GA,4,171,2.15780620521709,1.7614198598264328,9.0,
planarization,GA,4,172,2.15780620521709,1.786857791266033,9.0,
planarization,GA,4,173,2.15780620521709,1.7663624016933794,9.0,
planarization,GA,4,174,2.15780620521709,1.8013013223494405,9.0,
planarization,GA,4,175,2.15780620521709,1.7870579180098798,9.0,
planarization,GA,4,176,2.15780620521709,1.8110434229878791,9.0,
planarization,GA,4,177,2.15780620521709,1.8087868717210704,9.0,
planarization,GA,4,178,2.15780620521709,1.7798844318273255,9.0,
planarization,GA,4,179,2.15780620521709,1.79528937101693,9.0,
planarization,GA,4,180,2.15780620521709,1.8050753339067611,9.0,
planarization,GA,4,181,2.1798653501876766,1.7789979063802932,6.0,
planarization,GA,4,182,2.1798653501876766,1.7920118797551574,6.0,
planarization,GA,4,183,2.1798653501876766,1.7666493470824811,6.0,
planarization,GA,4,184,2.1798653501876766,1.7791966033848623,6.0,
planarization,GA,4,185,2.1798653501876766,1.7941493090188694,6.0,
planarization,GA,4,186,2.1798653501876766,1.750008606207708,6.0,
planarization,GA,4,187,2.1798653501876766,1.7259171157107993,6.0,
planarization,GA,4,188,2.1798653501876766,1.7682808236837544,6.0,
planarization,GA,4,189,2.1798653501876766,1.7658859239962392,6.0,
planarization,GA,4,190,2.1798653501876766,1.8150087854830779,6.0,
planarization,GA,4,191,2.1798653501876766,1.8099167529566778,6.0,
planarization,GA,4,192,2.1798653501876766,1.83540696888616,6.0,
planarization,GA,4,193,2.1798653501876766,1.8176957669560196,6.0,
planarization,GA,4,194,2.1798653501876766,1.7826740233668794,6.0,
planarization,GA,4,195,2.1798653501876766,1.7979397496425862,6.0,
planarization,GA,4,196,2.1798653501876766,1.8042838392551048,6.0,
planarization,GA,4,197,2.1798653501876766,1.7982228218743963,6.0,
planarization,GA,4,198,2.1798653501876766,1.7720398486679507,6.0,
planarization,GA,4,199,2.1798653501876766,1.781741888740664,6.0,
planarization,GA,4,200,2.1798653501876766,1.8053300164145472,6.0,
planarization,TSFGA,0,0,1.9536787578202666,1.4304266166558175,17.0,
planarization,TSFGA,0,1,1.9813154938524442,1.6172905259412658,15.0,
planarization,TSFGA,0,2,1.9813154938524442,1.6829876211748473,15.0,
planarization,TSFGA,0,3,2.0176373812445885,1.6770589972956393,14.0,
planarization,TSFGA,0,4,2.0176373812445885,1.7086076733804227,14.0,
planarization,TSFGA,0,5,2.0176373812445885,1.7519769126636817,14.0,
planarization,TSFGA,0,6,2.0176373812445885,1.7259030314941703,14.0,
planarization,TSFGA,0,7,2.0176373812445885,1.657616512081134,14.0,
planarization,TSFGA,0,8,2.0644595917426076,1.6778005693408466,12.0,
planarization,TSFGA,0,9,2.0644595917426076,1.7135633583741803,12.0,
planarization,TSFGA,0,10,2.0644595917426076,1.7293705100549424,12.0,
planarization,TSFGA,0,11,2.0644595917426076,1.7403892262911522,12.0,
planarization,TSFGA,0,12,2.0644595917426076,1.7563455539410744,12.0,
planarization,TSFGA,0,13,2.0644595917426076,1.7284400715644517,12.0,
planarization,TSFGA,0,14,2.070185602459988,1.7649372162651873,12.0,
planarization,TSFGA,0,15,2.070185602459988,1.7068578626890514,12.0,
planarization,TSFGA,0,16,2.070185602459988,1.6714098076114225,12.0,
planarization,TSFGA,0,17,2.070185602459988,1.6881726407603204,12.0,
planarization,TSFGA,0,18,2.070185602459988,1.6694684410265617,12.0,
planarization,TSFGA,0,19,2.070185602459988,1.7118392055599472,12.0,
planarization,TSFGA,0,20,2.079039768863628,1.7268507977777208,10.0,
planarization,TSFGA,0,21,2.079039768863628,1.7929118766238443,10.0,
planarization,TSFGA,0,22,2.079039768863628,1.7705093235508076,10.0,
planarization,TSFGA,0,23,2.079039768863628,1.7661326524103047,10.0,
planarization,TSFGA,0,24,2.079039768863628,1.7620289737636494,10.0,
planarization,TSFGA,0,25,2.079039768863628,1.7951524592716332,10.0,
planarization,TSFGA,0,26,2.079039768863628,1.744146273822524,10.0,
planarization,TSFGA,0,27,2.079039768863628,1.6935819846700468,10.0,
planarization,TSFGA,0,28,2.079039768863628,1.6959383572740332,10.0,
planarization,TSFGA,0,29,2.079039768863628,1.7093318744032846,10.0,
planarization,TSFGA,0,30,2.079039768863628,1.7348268026743559,10.0,
planarization,TSFGA,0,31,2.079039768863628,1.7120837611638038,10.0,
planarization,TSFGA,0,32,2.079039768863628,1.7177150742772924,10.0,
planarization,TSFGA,0,33,2.079039768863628,1.7065797913214724,10.0,
planarization,TSFGA,0,34,2.079039768863628,1.6883498780759125,10.0,
planarization,TSFGA,0,35,2.079039768863628,1.7120527173507647,10.0,
planarization,TSFGA,0,36,2.079039768863628,1.71543361653314,10.0,
planarization,TSFGA,0,37,2.079039768863628,1.744814894165404,10.0,
planarization,TSFGA,0,38,2.079039768863628,1.7567836991690442,10.0,
planarization,TSFGA,0,39,2.079039768863628,1.7836959316572396,10.0,
planarization,TSFGA,0,40,2.0811013046042017,1.7612107524908354,10.0,
planarization,TSFGA,0,41,2.0811013046042017,1.7670229759338767,10.0,
planarization,TSFGA,0,42,2.0811013046042017,1.754459810265277,10.0,
planarization,TSFGA,0,43,2.0811013046042017,1.7199473743737204,10.0,
planarization,TSFGA,0,44,2.0811013046042017,1.715299607125982,10.0,
planarization,TSFGA,0,45,2.0811013046042017,1.7582672840023548,10.0,
planarization,TSFGA,0,46,2.103032643805272,1.7390468993584887,9.0,
planarization,TSFGA,0,47,2.103032643805272,1.720386226958165,9.0,
planarization,TSFGA,0,48,2.103032643805272,1.701843197028041,9.0,
planarization,TSFGA,0,49,2.103032643805272,1.68825105019913,9.0,
planarization,TSFGA,0,50,2.103032643805272,1.7066716084177898,9.0,
planarization,TSFGA,0,51,2.103032643805272,1.722972079506014,9.0,
planarization,TSFGA,0,52,2.103032643805272,1.765244934891662,9.0,
planarization,TSFGA,0,53,2.103032643805272,1.773442669327327,9.0,
planarization,TSFGA,0,54,2.103032643805272,1.7851147878700488,9.0,
planarization,TSFGA,0,55,2.103032643805272,1.7435725606727732,9.0,
planarization,TSFGA,0,56,2.103032643805272,1.7854766497697008,9.0,
planarization,TSFGA,0,57,2.103032643805272,1.7795587398975574,9.0,
planarization,TSFGA,0,58,2.175803547621945,1.7512685534532746,5.0,
planarization,TSFGA,0,59,2.175803547621945,1.7525146092331738,5.0,
planarization,TSFGA,0,60,2.175803547621945,1.7372512136977298,5.0,
planarization,TSFGA,0,61,2.175803547621945,1.7659726691446995,5.0,
planarization,TSFGA,0,62,2.175803547621945,1.7805032043917308,5.0,
planarization,TSFGA,0,63,2.175803547621945,1.797809465451254,5.0,
planarization,TSFGA,0,64,2.175803547621945,1.8007003080187716,5.0,
planarization,TSFGA,0,65,2.175803547621945,1.7975704431978508,5.0,
planarization,TSFGA,0,66,2.175803547621945,1.8004632985442697,5.0,
planarization,TSFGA,0,67,2.175803547621945,1.7710461140412732,5.0,
planarization,TSFGA,0,68,2.175803547621945,1.7658819336644924,5.0,
planarization,TSFGA,0,69,2.175803547621945,1.7727197584028196,5.0,
planarization,TSFGA,0,70,2.20260814488504,1.7974484015685142,7.0,
planarization,TSFGA,0,71,2.20260814488504,1.7757281104412646,7.0,
planarization,TSFGA,0,72,2.20260814488504,1.772605138322789,7.0,
planarization,TSFGA,0,73,2.20260814488504,1.820985781752779,7.0,
planarization,TSFGA,0,74,2.20260814488504,1.79729852387754,7.0,
planarization,TSFGA,0,75,2.20260814488504,1.8246372142264036,7.0,
planarization,TSFGA,0,76,2.20260814488504,1.8239621364990257,7.0,
planarization,TSFGA,0,77,2.20260814488504,1.7782403864403058,7.0,
planarization,TSFGA,0,78,2.20260814488504,1.8277491832818007,7.0,
planarization,TSFGA,0,79,2.20260814488504,1.8157486235352933,7.0,
planarization,TSFGA,0,80,2.20260814488504,1.7998319382419516,7.0,
planarization,TSFGA,0,81,2.20260814488504,1.8013622761376886,7.0,
planarization,TSFGA,0,82,2.20260814488504,1.780417874242478,7.0,
planarization,TSFGA,0,83,2.20260814488504,1.7754966049292285,7.0,
planarization,TSFGA,0,84,2.20260814488504,1.829453388758441,7.0,
planarization,TSFGA,0,85,2.20260814488504,1.8361306469512804,7.0,
planarization,TSFGA,0,86,2.20260814488504,1.8290672263051113,7.0,
planarization,TSFGA,0,87,2.20260814488504,1.8044417601350038,7.0,
planarization,TSFGA,0,88,2.20260814488504,1.8195604380349688,7.0,
planarization,TSFGA,0,89,2.20260814488504,1.7391702936078879,7.0,
planarization,TSFGA,0,90,2.20260814488504,1.754277167478752,7.0,
planarization,TSFGA,0,91,2.20260814488504,1.7616816231921981,7.0,
planarization,TSFGA,0,92,2.20260814488504,1.7890195621109748,7.0,
planarization,TSFGA,0,93,2.20260814488504,1.7260547832997215,7.0,
planarization,TSFGA,0,94,2.20260814488504,1.7603133235681536,7.0,
planarization,TSFGA,0,95,2.20260814488504,1.7648633749110807,7.0,
planarization,TSFGA,0,96,2.20260814488504,1.7351363611265593,7.0,
planarization,TSFGA,0,97,2.20260814488504,1.746000881202652,7.0,
planarization,TSFGA,0,98,2.20260814488504,1.7766149384337993,7.0,
planarization,TSFGA,0,99,2.20260814488504,1.7651609871832619,7.0,
planarization,TSFGA,0,100,2.20260814488504,1.7466746289928754,7.0,
planarization,TSFGA,0,101,2.20260814488504,1.741805049476127,7.0,
planarization,TSFGA,0,102,2.20260814488504,1.7684699321172643,7.0,
planarization,TSFGA,0,103,2.20260814488504,1.8020831104339325,7.0,
planarization,TSFGA,0,104,2.20260814488504,1.7438050434188146,7.0,
planarization,TSFGA,0,105,2.20260814488504,1.792033633213342,7.0,
planarization,TSFGA,0,106,2.20260814488504,1.7501735689401898,7.0,
planarization,TSFGA,0,107,2.20260814488504,1.7455671180521102,7.0,
planarization,TSFGA,0,108,2.20260814488504,1.8250974723825473,7.0,
planarization,TSFGA,0,109,2.20260814488504,1.8071858250170991,7.0,
planarization,TSFGA,0,110,2.20260814488504,1.7973519004108738,7.0,
planarization,TSFGA,1,0,1.91936637542725,1.3660432020355795,18.0,
planarization,TSFGA,1,1,1.9477679898257123,1.5414597786279487,17.0,
planarization,TSFGA,1,2,1.9653420162552666,1.6771628918726933,15.0,
planarization,TSFGA,1,3,1.9907322400949858,1.6756759877996275,14.0,
planarization,TSFGA,1,4,1.9907322400949858,1.645597586785285,14.0,
planarization,TSFGA,1,5,1.9907322400949858,1.6489882312205686,14.0,
planarization,TSFGA,1,6,2.062774481708243,1.7237497586132329,10.0,
planarization,TSFGA,1,7,2.0786315525234462,1.7457396310442044,11.0,
planarization,TSFGA,1,8,2.0786315525234462,1.7547043774706927,11.0,
planarization,TSFGA,1,9,2.0786315525234462,1.7665401391512738,11.0,
planarization,TSFGA,1,10,2.0786315525234462,1.7193772509623986,11.0,
planarization,TSFGA,1,11,2.090028377069646,1.7161761501642872,9.0,
planarization,TSFGA,1,12,2.1126454268693973,1.7583974943243716,9.0,
planarization,TSFGA,1,13,2.1126454268693973,1.784456794825065,9.0,
planarization,TSFGA,1,14,2.1126454268693973,1.770465976497082,9.0,
planarization,TSFGA,1,15,2.1126454268693973,1.7539714826353296,9.0,
planarization,TSFGA,1,16,2.1126454268693973,1.7625599265754226,9.0,
planarization,TSFGA,1,17,2.1126454268693973,1.7809852446512893,9.0,
planarization,TSFGA,1,18,2.1126454268693973,1.719808670019527,9.0,
planarization,TSFGA,1,19,2.1126454268693973,1.7244698469284316,9.0,
planarization,TSFGA,1,20,2.1126454268693973,1.7819679335968863,9.0,
planarization,TSFGA,1,21,2.1126454268693973,1.786920025291095,9.0,
planarization,TSFGA,1,22,2.1126454268693973,1.786854555621991,9.0,
planarization,TSFGA,1,23,2.1126454268693973,1.733680368740637,9.0,
planarization,TSFGA,1,24,2.1126454268693973,1.7648249953342088,9.0,
planarization,TSFGA,1,25,2.1126454268693973,1.7609624823888559,9.0,
planarization,TSFGA,1,26,2.1126454268693973,1.7631223221614936,9.0,
planarization,TSFGA,1,27,2.1126454268693973,1.7919411067103752,9.0,
planarization,TSFGA,1,28,2.1126454268693973,1.7627336986096114,9.0,
planarization,TSFGA,1,29,2.1126454268693973,1.7683558056590205,9.0,
planarization,TSFGA,1,30,2.1126454268693973,1.7389125990702567,9.0,
planarization,TSFGA,1,31,2.1126454268693973,1.7434695829287967,9.0,
planarization,TSFGA,1,32,2.1126454268693973,1.7614761220168766,9.0,
planarization,TSFGA,1,33,2.1170667317824647,1.7738210082924102,9.0,
planarization,TSFGA,1,34,2.1368909909761813,1.7404746771042015,8.0,
planarization,TSFGA,1,35,2.1368909909761813,1.7936539230773332,8.0,
planarization,TSFGA,1,36,2.1368909909761813,1.7936071156962723,8.0,
planarization,TSFGA,1,37,2.1368909909761813,1.8291749438451723,8.0,
planarization,TSFGA,1,38,2.1368909909761813,1.8201537241686143,8.0,
planarization,TSFGA,1,39,2.1368909909761813,1.727304997761393,8.0,
planarization,TSFGA,1,40,2.1368909909761813,1.8087368786039992,8.0,
planarization,TSFGA,1,41,2.1368909909761813,1.7795255681926267,8.0,
planarization,TSFGA,1,42,2.1368909909761813,1.789885569986908,8.0,
planarization,TSFGA,1,43,2.1368909909761813,1.72641491811568,8.0,
planarization,TSFGA,1,44,2.1368909909761813,1.7420508758619295,8.0,
planarization,TSFGA,1,45,2.1368909909761813,1.7191711462156143,8.0,
planarization,TSFGA,1,46,2.1368909909761813,1.7009259219681183,8.0,
planarization,TSFGA,1,47,2.1560190854752834,1.7274735380141386,7.0,
planarization,TSFGA,1,48,2.1560190854752834,1.6977943560699074,7.0,
planarization,TSFGA,1,49,2.1560190854752834,1.705364670911358,7.0,
planarization,TSFGA,1,50,2.1560190854752834,1.703443856697208,7.0,
planarization,TSFGA,1,51,2.1560190854752834,1.7576717083958442,7.0,
planarization,TSFGA,1,52,2.1560190854752834,1.7956726562334127,7.0,
planarization,TSFGA,1,53,2.1560190854752834,1.8389831590466836,7.0,
planarization,TSFGA,1,54,2.1681441372820025,1.8423087270557352,6.0,
planarization,TSFGA,1,55,2.220393922022083,1.8561478051736706,4.0,
planarization,TSFGA,1,56,2.220393922022083,1.8084360624944984,4.0,
planarization,TSFGA,1,57,2.220393922022083,1.78463725013527,4.0,
planarization,TSFGA,1,58,2.220393922022083,1.7584872862044976,4.0,
planarization,TSFGA,1,59,2.220393922022083,1.7653783851490328,4.0,
planarization,TSFGA,1,60,2.220393922022083,1.750785311724004,4.0,
planarization,TSFGA,1,61,2.220393922022083,1.7587661615590882,4.0,
planarization,TSFGA,1,62,2.220393922022083,1.73441917564655,4.0,
planarization,TSFGA,1,63,2.220393922022083,1.753616593048731,4.0,
planarization,TSFGA,1,64,2.220393922022083,1.714084818872324,4.0,
planarization,TSFGA,1,65,2.220393922022083,1.7165275314724326,4.0,
planarization,TSFGA,1,66,2.220393922022083,1.8063322914869893,4.0,
planarization,TSFGA,1,67,2.220393922022083,1.8012133357280078,4.0,
planarization,TSFGA,1,68,2.220393922022083,1.7683508868181192,4.0,
planarization,TSFGA,1,69,2.220393922022083,1.6958396760494083,4.0,
planarization,TSFGA,1,70,2.220393922022083,1.7640333965184687,4.0,
planarization,TSFGA,1,71,2.220393922022083,1.7712417499044997,4.0,
planarization,TSFGA,1,72,2.220393922022083,1.8199311902617865,4.0,
planarization,TSFGA,1,73,2.220393922022083,1.7594866809501184,4.0,
planarization,TSFGA,1,74,2.220393922022083,1.789502139547534,4.0,
planarization,TSFGA,1,75,2.220393922022083,1.7522186039522427,4.0,
planarization,TSFGA,1,76,2.220393922022083,1.7824519687961229,4.0,
planarization,TSFGA,1,77,2.220393922022083,1.7743436483644008,4.0,
planarization,TSFGA,1,78,2.220393922022083,1.8022448162947746,4.0,
planarization,TSFGA,1,79,2.220393922022083,1.8380393474247918,4.0,
planarization,TSFGA,1,80,2.220393922022083,1.748489722733875,4.0,
planarization,TSFGA,1,81,2.220393922022083,1.7354782926542505,4.0,
planarization,TSFGA,1,82,2.220393922022083,1.7733689405418012,4.0,
planarization,TSFGA,1,83,2.220393922022083,1.7611671414779289,4.0,
planarization,TSFGA,1,84,2.220393922022083,1.7765435624070722,4.0,
planarization,TSFGA,1,85,2.220393922022083,1.7477862810155382,4.0,
planarization,TSFGA,1,86,2.220393922022083,1.754163662540813,4.0,
planarization,TSFGA,1,87,2.220393922022083,1.7605769987050415,4.0,
planarization,TSFGA,1,88,2.220393922022083,1.750931574016807,4.0,
planarization,TSFGA,1,89,2.220393922022083,1.7364756572822386,4.0,
planarization,TSFGA,1,90,2.220393922022083,1.7523163482031117,4.0,
planarization,TSFGA,1,91,2.220393922022083,1.7490179722369503,4.0,
planarization,TSFGA,1,92,2.220393922022083,1.750469415170438,4.0,
planarization,TSFGA,1,93,2.220393922022083,1.8135846266442477,4.0,
planarization,TSFGA,1,94,2.220393922022083,1.747296642311187,4.0,
planarization,TSFGA,1,95,2.220393922022083,1.7943864334126218,4.0,
planarization,TSFGA,2,0,1.941237534102892,1.4224606908421433,17.0,
planarization,TSFGA,2,1,1.941237534102892,1.5499019497701971,17.0,
planarization,TSFGA,2,2,1.9449211013727417,1.5870779493728642,16.0,
planarization,TSFGA,2,3,1.9897186268486184,1.6662695668737335,14.0,
planarization,TSFGA,2,4,1.9897186268486184,1.7033813035833394,14.0,
planarization,TSFGA,2,5,1.9897186268486184,1.7036459023348347,14.0,
planarization,TSFGA,2,6,1.9897186268486184,1.7172968231032755,14.0,
planarization,TSFGA,2,7,1.9897186268486184,1.7512612558847351,14.0,
planarization,TSFGA,2,8,1.9897186268486184,1.7894340054476756,14.0,
planarization,TSFGA,2,9,1.9897186268486184,1.7660699925595815,14.0,
planarization,TSFGA,2,10,1.9897186268486184,1.7331603591631812,14.0,
planarization,TSFGA,2,11,2.0044879109765184,1.6588569309962264,14.0,
planarization,TSFGA,2,12,2.022134350631466,1.7291551857175302,13.0,
planarization,TSFGA,2,13,2.026439062078545,1.7513616834492356,14.0,
planarization,TSFGA,2,14,2.0419288979530075,1.733825788275901,13.0,
planarization,TSFGA,2,15,2.0419288979530075,1.6734229353605603,13.0,
planarization,TSFGA,2,16,2.0419288979530075,1.6977578242549527,13.0,
planarization,TSFGA,2,17,2.0419288979530075,1.752078325918702,13.0,
planarization,TSFGA,2,18,2.0419288979530075,1.716354390953588,13.0,
planarization,TSFGA,2,19,2.0419288979530075,1.7836555859203849,13.0,
planarization,TSFGA,2,20,2.0419288979530075,1.7742535853226211,13.0,
planarization,TSFGA,2,21,2.0419288979530075,1.6588308121411512,13.0,
planarization,TSFGA,2,22,2.0419288979530075,1.7380435000897272,13.0,
planarization,TSFGA,2,23,2.0419288979530075,1.7284961045903882,13.0,
planarization,TSFGA,2,24,2.0419288979530075,1.7650688213480947,13.0,
planarization,TSFGA,2,25,2.0419288979530075,1.7376548696245167,13.0,
planarization,TSFGA,2,26,2.0419288979530075,1.7905472065865724,13.0,
planarization,TSFGA,2,27,2.06059361951888,1.7786717645173513,12.0,
planarization,TSFGA,2,28,2.06059361951888,1.7640048995220385,12.0,
planarization,TSFGA,2,29,2.06059361951888,1.7520229848913478,12.0,
planarization,TSFGA,2,30,2.06059361951888,1.797794558811977,12.0,
planarization,TSFGA,2,31,2.06059361951888,1.7695371779887494,12.0,
planarization,TSFGA,2,32,2.06059361951888,1.7786721906349066,12.0,
planarization,TSFGA,2,33,2.06059361951888,1.765687935250665,12.0,
planarization,TSFGA,2,34,2.06059361951888,1.7441345736736333,12.0,
planarization,TSFGA,2,35,2.06059361951888,1.776890547375928,12.0,
planarization,TSFGA,2,36,2.06059361951888,1.7838417130709108,12.0,
planarization,TSFGA,2,37,2.06059361951888,1.756814194608399,12.0,
planarization,TSFGA,2,38,2.06059361951888,1.7557418774434317,12.0,
planarization,TSFGA,2,39,2.06059361951888,1.7184396748269932,12.0,
planarization,TSFGA,2,40,2.06059361951888,1.7516718367354045,12.0,
planarization,TSFGA,2,41,2.0893398742254696,1.7124566479388388,11.0,
planarization,TSFGA,2,42,2.0893398742254696,1.7565085652983292,11.0,
planarization,TSFGA,2,43,2.0893398742254696,1.7373338862650058,11.0,
planarization,TSFGA,2,44,2.0893398742254696,1.7491422899392894,11.0,
planarization,TSFGA,2,45,2.0893398742254696,1.7398572183386516,11.0,
planarization,TSFGA,2,46,2.0893398742254696,1.6986502077609535,11.0,
planarization,TSFGA,2,47,2.0893398742254696,1.747315867897494,11.0,
planarization,TSFGA,2,48,2.0893398742254696,1.7190882326465826,11.0,
planarization,TSFGA,2,49,2.0893398742254696,1.7535282013880393,11.0,
planarization,TSFGA,2,50,2.1058700274259285,1.743428247830828,10.0,
planarization,TSFGA,2,51,2.1058700274259285,1.7679850745287033,10.0,
planarization,TSFGA,2,52,2.1058700274259285,1.7675456900618294,10.0,
planarization,TSFGA,2,53,2.1058700274259285,1.7462378524775986,10.0,
planarization,TSFGA,2,54,2.1058700274259285,1.6931594943825694,10.0,
planarization,TSFGA,2,55,2.1058700274259285,1.6928784112141344,10.0,
planarization,TSFGA,2,56,2.1058700274259285,1.7224811271696878,10.0,
planarization,TSFGA,2,57,2.1058700274259285,1.7456457938759549,10.0,
planarization,TSFGA,2,58,2.1058700274259285,1.7196689336473312,10.0,
planarization,TSFGA,2,59,2.1058700274259285,1.7480163013618166,10.0,
planarization,TSFGA,2,60,2.1058700274259285,1.7396219771554073,10.0,
planarization,TSFGA,2,61,2.1058700274259285,1.737737113726211,10.0,
planarization,TSFGA,2,62,2.1058700274259285,1.7489002480387144,10.0,
planarization,TSFGA,2,63,2.1058700274259285,1.758107923689207,10.0,
planarization,TSFGA,2,64,2.1320295394816577,1.7431865544380958,8.0,
planarization,TSFGA,2,65,2.1320295394816577,1.7451419877874828,8.0,
planarization,TSFGA,2,66,2.1320295394816577,1.7680662536084064,8.0,
planarization,TSFGA,2,67,2.1320295394816577,1.766676770187992,8.0,
planarization,TSFGA,2,68,2.1320295394816577,1.7126805716162656,8.0,
planarization,TSFGA,2,69,2.1320295394816577,1.7063778561609535,8.0,
planarization,TSFGA,2,70,2.1320295394816577,1.7615509152305129,8.0,
planarization,TSFGA,2,71,2.1320295394816577,1.758406938982508,8.0,
planarization,TSFGA,2,72,2.1320295394816577,1.73761350626738,8.0,
planarization,TSFGA,2,73,2.1320295394816577,1.743612545568513,8.0,
planarization,TSFGA,2,74,2.1320295394816577,1.7559618706152968,8.0,
planarization,TSFGA,2,75,2.1320295394816577,1.7441706959095729,8.0,
planarization,TSFGA,2,76,2.1320295394816577,1.7978886036188175,8.0,
planarization,TSFGA,2,77,2.1320295394816577,1.8322977371225513,8.0,
planarization,TSFGA,2,78,2.1320295394816577,1.7771127119445076,8.0,
planarization,TSFGA,2,79,2.1320295394816577,1.7818916941365668,8.0,
planarization,TSFGA,2,80,2.1585589447864093,1.757439348108015,7.0,
planarization,TSFGA,2,81,2.1585589447864093,1.7602903296638623,7.0,
planarization,TSFGA,2,82,2.1585589447864093,1.7496136454925342,7.0,
planarization,TSFGA,2,83,2.1585589447864093,1.7687958910955963,7.0,
planarization,TSFGA,2,84,2.1585589447864093,1.7678399814802908,7.0,
planarization,TSFGA,2,85,2.1585589447864093,1.8083651460121843,7.0,
planarization,TSFGA,2,86,2.1585589447864093,1.7947763408922626,7.0,
planarization,TSFGA,2,87,2.1585589447864093,1.748470903020889,7.0,
planarization,TSFGA,2,88,2.1585589447864093,1.7671243618463648,7.0,
planarization,TSFGA,2,89,2.1585589447864093,1.789825724556802,7.0,
planarization,TSFGA,2,90,2.1585589447864093,1.7493730423609073,7.0,
planarization,TSFGA,2,91,2.1585589447864093,1.7264968116406514,7.0,
planarization,TSFGA,2,92,2.1585589447864093,1.739694351028843,7.0,
planarization,TSFGA,2,93,2.1585589447864093,1.6954942170764702,7.0,
planarization,TSFGA,2,94,2.1585589447864093,1.7164203048335729,7.0,
planarization,TSFGA,2,95,2.1585589447864093,1.7676980894923027,7.0,
planarization,TSFGA,2,96,2.182535226631722,1.760949877851378,6.0,
planarization,TSFGA,2,97,2.182535226631722,1.722121724520494,6.0,
planarization,TSFGA,2,98,2.182535226631722,1.6964504324373864,6.0,
planarization,TSFGA,2,99,2.182535226631722,1.7709661470856517,6.0,
planarization,TSFGA,2,100,2.182535226631722,1.7321616575254186,6.0,
planarization,TSFGA,2,101,2.182535226631722,1.7474734513888959,6.0,
planarization,TSFGA,2,102,2.182535226631722,1.7632686189988402,6.0,
planarization,TSFGA,2,103,2.182535226631722,1.7188669037364228,6.0,
planarization,TSFGA,2,104,2.201183308366839,1.7754942774249198,5.0,
planarization,TSFGA,2,105,2.201183308366839,1.7441192549590596,5.0,
planarization,TSFGA,2,106,2.201183308366839,1.7620617416681674,5.0,
planarization,TSFGA,2,107,2.201183308366839,1.7485959159028837,5.0,
planarization,TSFGA,2,108,2.201183308366839,1.7779306371576702,5.0,
planarization,TSFGA,2,109,2.201183308366839,1.781534919589675,5.0,
planarization,TSFGA,2,110,2.201183308366839,1.75615871084099,5.0,
planarization,TSFGA,2,111,2.201183308366839,1.782275577503236,5.0,
planarization,TSFGA,2,112,2.201183308366839,1.7794276522853427,5.0,
planarization,TSFGA,2,113,2.201183308366839,1.7731232657423774,5.0,
planarization,TSFGA,2,114,2.201183308366839,1.792370854674261,5.0,
planarization,TSFGA,2,115,2.201183308366839,1.7794722653637394,5.0,
planarization,TSFGA,2,116,2.201183308366839,1.7543099687937045,5.0,
planarization,TSFGA,2,117,2.201183308366839,1.8070658388226462,5.0,
planarization,TSFGA,2,118,2.201183308366839,1.8035618599857677,5.0,
planarization,TSFGA,2,119,2.201183308366839,1.8576904770755494,5.0,
planarization,TSFGA,2,120,2.201183308366839,1.8653011669105737,5.0,
planarization,TSFGA,2,121,2.201183308366839,1.8138046647702608,5.0,
planarization,TSFGA,2,122,2.201183308366839,1.7875670968635944,5.0,
planarization,TSFGA,2,123,2.201183308366839,1.7695992616363216,5.0,
planarization,TSFGA,2,124,2.201183308366839,1.767262563262444,5.0,
planarization,TSFGA,2,125,2.201183308366839,1.778825711919606,5.0,
planarization,TSFGA,2,126,2.201183308366839,1.7758434382642716,5.0,
planarization,TSFGA,2,127,2.201183308366839,1.7702371121337528,5.0,
planarization,TSFGA,2,128,2.201183308366839,1.7773570149077407,5.0,
planarization,TSFGA,2,129,2.201183308366839,1.7809209739897618,5.0,
planarization,TSFGA,2,130,2.201183308366839,1.8016865718212856,5.0,
planarization,TSFGA,2,131,2.201183308366839,1.8219224460690207,5.0,
planarization,TSFGA,2,132,2.201183308366839,1.8107630979496947,5.0,
planarization,TSFGA,2,133,2.201183308366839,1.8397805921972086,5.0,
planarization,TSFGA,2,134,2.201183308366839,1.8118559814585808,5.0,
planarization,TSFGA,2,135,2.201183308366839,1.8449984686027363,5.0,
planarization,TSFGA,2,136,2.201183308366839,1.8184665703453884,5.0,
planarization,TSFGA,2,137,2.201183308366839,1.8079065799012397,5.0,
planarization,TSFGA,2,138,2.201183308366839,1.7831811611937194,5.0,
planarization,TSFGA,2,139,2.201183308366839,1.7498848778361,5.0,
planarization,TSFGA,2,140,2.201183308366839,1.7445693417687473,5.0,
planarization,TSFGA,2,141,2.201183308366839,1.693781238250353,5.0,
planarization,TSFGA,2,142,2.201183308366839,1.763826966548287,5.0,
planarization,TSFGA,2,143,2.201183308366839,1.8261402476733022,5.0,
planarization,TSFGA,2,144,2.201183308366839,1.7853011288169338,5.0,
planarization,TSFGA,3,0,1.9734423563097647,1.397647195792025,17.0,
planarization,TSFGA,3,1,1.9869338627627475,1.6117915485766106,15.0,
planarization,TSFGA,3,2,1.9869338627627475,1.6494813982103047,15.0,
planarization,TSFGA,3,3,2.0576629246267535,1.7268853126396535,12.0,
planarization,TSFGA,3,4,2.0576629246267535,1.7820400126486127,12.0,
planarization,TSFGA,3,5,2.0576629246267535,1.7768139398314193,12.0,
planarization,TSFGA,3,6,2.0576629246267535,1.7394919330100393,12.0,
planarization,TSFGA,3,7,2.0576629246267535,1.7321319569780385,12.0,
planarization,TSFGA,3,8,2.0576629246267535,1.7561709360549105,12.0,
planarization,TSFGA,3,9,2.0576629246267535,1.7400724188269905,12.0,
planarization,TSFGA,3,10,2.0576629246267535,1.7817396147123745,12.0,
planarization,TSFGA,3,11,2.081373435344968,1.714367840145168,12.0,
planarization,TSFGA,3,12,2.081373435344968,1.762331910963607,12.0,
planarization,TSFGA,3,13,2.081373435344968,1.7258353724481232,12.0,
planarization,TSFGA,3,14,2.081373435344968,1.7034308028228278,12.0,
planarization,TSFGA,3,15,2.081373435344968,1.701810162828695,12.0,
planarization,TSFGA,3,16,2.081373435344968,1.7940019718488025,12.0,
planarization,TSFGA,3,17,2.081373435344968,1.7836546335741132,12.0,
planarization,TSFGA,3,18,2.081373435344968,1.7931168246011613,12.0,
planarization,TSFGA,3,19,2.081373435344968,1.764056172575274,12.0,
planarization,TSFGA,3,20,2.125582205800625,1.7870741556438474,10.0,
planarization,TSFGA,3,21,2.151034817443595,1.7734569838989747,9.0,
planarization,TSFGA,3,22,2.151034817443595,1.7806362204032613,9.0,
planarization,TSFGA,3,23,2.151034817443595,1.750541807481818,9.0,
planarization,TSFGA,3,24,2.151034817443595,1.7346442961186532,9.0,
planarization,TSFGA,3,25,2.161945843691354,1.7640827489360476,9.0,
planarization,TSFGA,3,26,2.161945843691354,1.7464822167856089,9.0,
planarization,TSFGA,3,27,2.161945843691354,1.7617012145665414,9.0,
planarization,TSFGA,3,28,2.161945843691354,1.782836452948501,9.0,
planarization,TSFGA,3,29,2.161945843691354,1.7576700844180286,9.0,
planarization,TSFGA,3,30,2.161945843691354,1.7339208116631704,9.0,
planarization,TSFGA,3,31,2.161945843691354,1.7821168830366605,9.0,
planarization,TSFGA,3,32,2.1907460102977168,1.8144335097631221,7.0,
planarization,TSFGA,3,33,2.1907460102977168,1.8463933407529904,7.0,
planarization,TSFGA,3,34,2.1907460102977168,1.8065711353691072,7.0,
planarization,TSFGA,3,35,2.1907460102977168,1.8091815008479628,7.0,
planarization,TSFGA,3,36,2.1907460102977168,1.7799959527992755,7.0,
planarization,TSFGA,3,37,2.1907460102977168,1.7417128752253617,7.0,
planarization,TSFGA,3,38,2.1907460102977168,1.7680769593485608,7.0,
planarization,TSFGA,3,39,2.1907460102977168,1.8219478135742406,7.0,
planarization,TSFGA,3,40,2.1907460102977168,1.7613831198324408,7.0,
planarization,TSFGA,3,41,2.1907460102977168,1.7751636708410214,7.0,
planarization,TSFGA,3,42,2.1907460102977168,1.7378219215305801,7.0,
planarization,TSFGA,3,43,2.1907460102977168,1.7784042090610732,7.0,
planarization,TSFGA,3,44,2.1907460102977168,1.778575195153051,7.0,
planarization,TSFGA,3,45,2.1907460102977168,1.7654822486427424,7.0,
planarization,TSFGA,3,46,2.1907460102977168,1.7706932758618605,7.0,
planarization,TSFGA,3,47,2.1907460102977168,1.764274066147943,7.0,
planarization,TSFGA,3,48,2.1907460102977168,1.7963575483079826,7.0,
planarization,TSFGA,3,49,2.1907460102977168,1.744872687130427,7.0,
planarization,TSFGA,3,50,2.1907460102977168,1.7488694271536935,7.0,
planarization,TSFGA,3,51,2.1963394812214476,1.7338048578508911,8.0,
planarization,TSFGA,3,52,2.1963394812214476,1.7300346130841313,8.0,
planarization,TSFGA,3,53,2.1963394812214476,1.8342767841097967,8.0,
planarization,TSFGA,3,54,2.1963394812214476,1.7967568971763002,8.0,
planarization,TSFGA,3,55,2.1963394812214476,1.8262074099056722,8.0,
planarization,TSFGA,3,56,2.1963394812214476,1.829367510375313,8.0,
planarization,TSFGA,3,57,2.1963394812214476,1.8290598103552589,8.0,
planarization,TSFGA,3,58,2.1963394812214476,1.8025239826601633,8.0,
planarization,TSFGA,3,59,2.1963394812214476,1.7777738244959358,8.0,
planarization,TSFGA,3,60,2.1963394812214476,1.7709123211152629,8.0,
planarization,TSFGA,3,61,2.1963394812214476,1.7786419326015797,8.0,
planarization,TSFGA,3,62,2.1963394812214476,1.7850195296681477,8.0,
planarization,TSFGA,3,63,2.1963394812214476,1.7770428203002715,8.0,
planarization,TSFGA,3,64,2.1963394812214476,1.7544907734866448,8.0,
planarization,TSFGA,3,65,2.1963394812214476,1.7386380842937634,8.0,
planarization,TSFGA,3,66,2.1963394812214476,1.740297126211427,8.0,
planarization,TSFGA,3,67,2.1963394812214476,1.7614636893219042,8.0,
planarization,TSFGA,3,68,2.1963394812214476,1.7698763187454591,8.0,
planarization,TSFGA,3,69,2.1963394812214476,1.7356683804316646,8.0,
planarization,TSFGA,3,70,2.1963394812214476,1.713270534386897,8.0,
planarization,TSFGA,3,71,2.1963394812214476,1.7437087467166088,8.0,
planarization,TSFGA,3,72,2.1963394812214476,1.8048787970123659,8.0,
planarization,TSFGA,3,73,2.1963394812214476,1.7897715578602178,8.0,
planarization,TSFGA,3,74,2.1963394812214476,1.7691395368141838,8.0,
planarization,TSFGA,3,75,2.1963394812214476,1.7748728574239885,8.0,
planarization,TSFGA,3,76,2.1963394812214476,1.7261885999081295,8.0,
planarization,TSFGA,3,77,2.1963394812214476,1.7631384341793457,8.0,
planarization,TSFGA,3,78,2.1963394812214476,1.7567408961979134,8.0,
planarization,TSFGA,3,79,2.1963394812214476,1.7138561386524134,8.0,
planarization,TSFGA,3,80,2.1963394812214476,1.815211313220508,8.0,
planarization,TSFGA,3,81,2.1963394812214476,1.8087389228227964,8.0,
planarization,TSFGA,3,82,2.1963394812214476,1.7425083452259436,8.0,
planarization,TSFGA,3,83,2.1963394812214476,1.7442304919503187,8.0,
planarization,TSFGA,3,84,2.1963394812214476,1.7618611050272392,8.0,
planarization,TSFGA,3,85,2.1963394812214476,1.7627270127227326,8.0,
planarization,TSFGA,3,86,2.1963394812214476,1.7430759605686759,8.0,
planarization,TSFGA,3,87,2.1963394812214476,1.7528004263801606,8.0,
planarization,TSFGA,3,88,2.1963394812214476,1.797189559793006,8.0,
planarization,TSFGA,3,89,2.1963394812214476,1.775016784746623,8.0,
planarization,TSFGA,3,90,2.1963394812214476,1.7817828218926361,8.0,
planarization,TSFGA,3,91,2.1963394812214476,1.8405942170904595,8.0,
planarization,TSFGA,4,0,1.9189204717110744,1.384728628874075,19.0,
planarization,TSFGA,4,1,1.9970349128187255,1.5014821940019005,14.0,
planarization,TSFGA,4,2,1.9970349128187255,1.5956628838305957,14.0,
planarization,TSFGA,4,3,2.0051064991219776,1.676919393151045,15.0,
planarization,TSFGA,4,4,2.0067766220615098,1.7528436644616476,14.0,
planarization,TSFGA,4,5,2.0335129786481265,1.7648377952466396,16.0,
planarization,TSFGA,4,6,2.0335129786481265,1.7814962727570283,16.0,
planarization,TSFGA,4,7,2.0335129786481265,1.7953233578442536,16.0,
planarization,TSFGA,4,8,2.0335129786481265,1.7727508336818545,16.0,
planarization,TSFGA,4,9,2.0335129786481265,1.7293219205350774,16.0,
planarization,TSFGA,4,10,2.0335129786481265,1.8117082789606627,16.0,
planarization,TSFGA,4,11,2.0335129786481265,1.7745714543418032,16.0,
planarization,TSFGA,4,12,2.0335129786481265,1.7748740342935778,16.0,
planarization,TSFGA,4,13,2.0335129786481265,1.7659462683872278,16.0,
planarization,TSFGA,4,14,2.0335129786481265,1.7459796501013707,16.0,
planarization,TSFGA,4,15,2.044277218022228,1.7138866180295722,13.0,
planarization,TSFGA,4,16,2.0444833582923314,1.7301187346271631,11.0,
planarization,TSFGA,4,17,2.0498782277370013,1.7225048005443788,13.0,
planarization,TSFGA,4,18,2.0498782277370013,1.7208996122982936,13.0,
planarization,TSFGA,4,19,2.0747938801269474,1.7569091571647117,11.0,
planarization,TSFGA,4,20,2.0747938801269474,1.7264355595103786,11.0,
planarization,TSFGA,4,21,2.0747938801269474,1.7524386820235989,11.0,
planarization,TSFGA,4,22,2.0747938801269474,1.7617504991050281,11.0,
planarization,TSFGA,4,23,2.0843524812314644,1.7607725034172295,10.0,
planarization,TSFGA,4,24,2.0843524812314644,1.7343110504886752,10.0,
planarization,TSFGA,4,25,2.0843524812314644,1.7308929785104312,10.0,
planarization,TSFGA,4,26,2.0843524812314644,1.6710894067548743,10.0,
planarization,TSFGA,4,27,2.0843524812314644,1.7268184426078843,10.0,
planarization,TSFGA,4,28,2.0843524812314644,1.7315473882777965,10.0,
planarization,TSFGA,4,29,2.0843524812314644,1.7189157039169476,10.0,
planarization,TSFGA,4,30,2.0843524812314644,1.717118797064152,10.0,
planarization,TSFGA,4,31,2.0843524812314644,1.7032140201867,10.0,
planarization,TSFGA,4,32,2.1193674895307932,1.7110023901251747,10.0,
planarization,TSFGA,4,33,2.1193674895307932,1.682989559389418,10.0,
planarization,TSFGA,4,34,2.1193674895307932,1.703577467248883,10.0,
planarization,TSFGA,4,35,2.1227368018268242,1.7449665587061325,9.0,
planarization,TSFGA,4,36,2.1241894089610684,1.7608832872273297,9.0,
planarization,TSFGA,4,37,2.1241894089610684,1.7622178328671665,9.0,
planarization,TSFGA,4,38,2.1241894089610684,1.764739167334617,9.0,
planarization,TSFGA,4,39,2.1241894089610684,1.7653056866614687,9.0,
planarization,TSFGA,4,40,2.1241894089610684,1.7936288599299837,9.0,
planarization,TSFGA,4,41,2.1241894089610684,1.7974511179965738,9.0,
planarization,TSFGA,4,42,2.1241894089610684,1.7754440949027006,9.0,
planarization,TSFGA,4,43,2.1241894089610684,1.764015187550637,9.0,
planarization,TSFGA,4,44,2.1335907349439958,1.7855317212360358,9.0,
planarization,TSFGA,4,45,2.1335907349439958,1.7818879797608524,9.0,
planarization,TSFGA,4,46,2.1335907349439958,1.7799449509382743,9.0,
planarization,TSFGA,4,47,2.1335907349439958,1.7694397165725675,9.0,
planarization,TSFGA,4,48,2.1335907349439958,1.7978037347809575,9.0,
planarization,TSFGA,4,49,2.1335907349439958,1.7648774487558079,9.0,
planarization,TSFGA,4,50,2.1335907349439958,1.7371855708485835,9.0,
planarization,TSFGA,4,51,2.1335907349439958,1.749742336478615,9.0,
planarization,TSFGA,4,52,2.1335907349439958,1.7560617802499459,9.0,
planarization,TSFGA,4,53,2.1335907349439958,1.7961090649927312,9.0,
planarization,TSFGA,4,54,2.1335907349439958,1.8062396305178055,9.0,
planarization,TSFGA,4,55,2.1335907349439958,1.7440854324075328,9.0,
planarization,TSFGA,4,56,2.1335907349439958,1.7341944725028895,9.0,
planarization,TSFGA,4,57,2.1335907349439958,1.7344345933548109,9.0,
planarization,TSFGA,4,58,2.1696398505278895,1.7629981983140577,7.0,
planarization,TSFGA,4,59,2.1696398505278895,1.7549845898842924,7.0,
planarization,TSFGA,4,60,2.1696398505278895,1.8015970267733235,7.0,
planarization,TSFGA,4,61,2.1696398505278895,1.798746654587383,7.0,
planarization,TSFGA,4,62,2.1696398505278895,1.7640805884975777,7.0,
planarization,TSFGA,4,63,2.1696398505278895,1.8021130006467314,7.0,
planarization,TSFGA,4,64,2.1696398505278895,1.7951134625108147,7.0,
planarization,TSFGA,4,65,2.1696398505278895,1.7715554656542725,7.0,
planarization,TSFGA,4,66,2.1696398505278895,1.7564215098872644,7.0,
planarization,TSFGA,4,67,2.1696398505278895,1.8233748657676223,7.0,
planarization,TSFGA,4,68,2.1696398505278895,1.7858296328894325,7.0,
planarization,TSFGA,4,69,2.1696398505278895,1.7852658393736789,7.0,
planarization,TSFGA,4,70,2.1696398505278895,1.7473307222958148,7.0,
planarization,TSFGA,4,71,2.1696398505278895,1.7477354926161623,7.0,
planarization,TSFGA,4,72,2.1696398505278895,1.7795802719325469,7.0,
planarization,TSFGA,4,73,2.1696398505278895,1.8383968078489414,7.0,
planarization,TSFGA,4,74,2.1696398505278895,1.7604558340692111,7.0,
planarization,TSFGA,4,75,2.1696398505278895,1.7495617747216237,7.0,
planarization,TSFGA,4,76,2.1696398505278895,1.7650282709831786,7.0,
planarization,TSFGA,4,77,2.1696398505278895,1.7542411797214825,7.0,
planarization,TSFGA,4,78,2.1696398505278895,1.7378902582500388,7.0,
planarization,TSFGA,4,79,2.1696398505278895,1.7395971697363604,7.0,
planarization,TSFGA,4,80,2.1696398505278895,1.704293089403953,7.0,
planarization,TSFGA,4,81,2.1696398505278895,1.7695078448920012,7.0,
planarization,TSFGA,4,82,2.1696398505278895,1.7751329470504984,7.0,
planarization,TSFGA,4,83,2.1696398505278895,1.7410169257465669,7.0,
planarization,TSFGA,4,84,2.1696398505278895,1.7679835133286042,7.0,
planarization,TSFGA,4,85,2.1696398505278895,1.731007126664356,7.0,
planarization,TSFGA,4,86,2.1696398505278895,1.7347591047353563,7.0,
planarization,TSFGA,4,87,2.1696398505278895,1.7607166898640956,7.0,
planarization,TSFGA,4,88,2.1696398505278895,1.762452073307537,7.0,
planarization,TSFGA,4,89,2.1696398505278895,1.8039218088791977,7.0,
planarization,TSFGA,4,90,2.1696398505278895,1.7794243460421668,7.0,
planarization,TSFGA,4,91,2.1696398505278895,1.763869033831344,7.0,
planarization,TSFGA,4,92,2.1696398505278895,1.741016328315307,7.0,
planarization,TSFGA,4,93,2.1696398505278895,1.758411518109039,7.0,
planarization,TSFGA,4,94,2.1696398505278895,1.791651240600276,7.0,
planarization,TSFGA,4,95,2.1696398505278895,1.7969438829761075,7.0,
planarization,TSFGA,4,96,2.1696398505278895,1.7914560405617643,7.0,
planarization,TSFGA,4,97,2.1696398505278895,1.7717414071732307,7.0,
planarization,TSFGA,4,98,2.1696398505278895,1.7396306026727548,7.0,
planarization,NSGA2,0,0,0.6399928213247942,0.41799108610568664,,5.0
planarization,NSGA2,0,1,0.6399928213247942,0.485347280940503,,6.0
planarization,NSGA2,0,2,0.6484139934787274,0.5220475895012804,,5.0
planarization,NSGA2,0,3,0.6484139934787274,0.501230173217226,,5.0
planarization,NSGA2,0,4,0.6484139934787274,0.46724789514994713,,3.0
planarization,NSGA2,0,5,0.6592409931876858,0.5293668054589016,,2.0
planarization,NSGA2,0,6,0.6592409931876858,0.5753362688371567,,2.0
planarization,NSGA2,0,7,0.6621640077109077,0.5864435767437334,,5.0
planarization,NSGA2,0,8,0.6632277183175896,0.6032900844300683,,5.0
planarization,NSGA2,0,9,0.6668880747534309,0.6005350643947914,,5.0
planarization,NSGA2,0,10,0.6710555226692153,0.6149332585372506,,4.0
planarization,NSGA2,0,11,0.6731630934840575,0.6111791893693372,,5.0
planarization,NSGA2,0,12,0.6747035128619192,0.6212903694788954,,3.0
planarization,NSGA2,0,13,0.6758817168007631,0.6132044605880832,,4.0
planarization,NSGA2,0,14,0.6780566040067515,0.6298050954823471,,4.0
planarization,NSGA2,0,15,0.6780566040067515,0.6236838597774492,,6.0
planarization,NSGA2,0,16,0.6780566040067515,0.6530243063289763,,8.0
planarization,NSGA2,0,17,0.6804781366608981,0.6511823461115603,,9.0
planarization,NSGA2,0,18,0.6804781366608981,0.6398989448807428,,14.0
planarization,NSGA2,0,19,0.6804781366608981,0.6300486655789257,,26.0
planarization,NSGA2,0,20,0.6804781366608981,0.6427147999719818,,43.0
planarization,NSGA2,0,21,0.6804781366608981,0.6569621238737552,,64.0
planarization,NSGA2,0,22,0.6804781366608981,0.6575917967256111,,77.0
planarization,NSGA2,0,23,0.6804781366608981,0.665699296957865,,80.0
planarization,NSGA2,0,24,0.6804781366608981,0.6662307772446608,,80.0
planarization,NSGA2,0,25,0.6804781366608981,0.662648707222411,,80.0
planarization,NSGA2,0,26,0.6804781366608981,0.6588506238679999,,80.0
planarization,NSGA2,0,27,0.6804781366608981,0.6581734242485824,,80.0
planarization,NSGA2,0,28,0.6804781366608981,0.6541693155308269,,80.0
planarization,NSGA2,0,29,0.6804781366608981,0.6542572140120564,,80.0
planarization,NSGA2,0,30,0.6804781366608981,0.6544015223977622,,80.0
planarization,NSGA2,0,31,0.6804781366608981,0.6541157859545,,80.0
planarization,NSGA2,0,32,0.6804781366608981,0.6546515127905856,,80.0
planarization,NSGA2,0,33,0.6804781366608981,0.6509902361764427,,80.0
planarization,NSGA2,0,34,0.6804781366608981,0.65159519074575,,80.0
planarization,NSGA2,0,35,0.6804781366608981,0.6513506113791262,,80.0
planarization,NSGA2,0,36,0.6805953069058682,0.6423146029227855,,80.0
planarization,NSGA2,0,37,0.6805953069058682,0.6423188494720751,,80.0
planarization,NSGA2,0,38,0.6805953069058682,0.6394161626488278,,80.0
planarization,NSGA2,0,39,0.6805953069058682,0.6327967414809021,,80.0
planarization,NSGA2,0,40,0.6805953069058682,0.6365272011024914,,80.0
planarization,NSGA2,0,41,0.6805953069058682,0.6332332029948271,,80.0
planarization,NSGA2,0,42,0.6805953069058682,0.6367686467445453,,80.0
planarization,NSGA2,0,43,0.6805953069058682,0.636549204221539,,80.0
planarization,NSGA2,0,44,0.6805953069058682,0.6331133125012158,,80.0
planarization,NSGA2,0,45,0.6805953069058682,0.6371265339376346,,80.0
planarization,NSGA2,0,46,0.6805953069058682,0.6379749905329026,,80.0
planarization,NSGA2,0,47,0.6805953069058682,0.6369992631701639,,80.0
planarization,NSGA2,0,48,0.6805953069058682,0.6339968178201201,,80.0
planarization,NSGA2,0,49,0.6805953069058682,0.6418763141652544,,80.0
planarization,NSGA2,0,50,0.6805953069058682,0.6421142322095417,,80.0
planarization,NSGA2,0,51,0.6805953069058682,0.6421107046117749,,80.0
planarization,NSGA2,0,52,0.6805953069058682,0.6419628686283023,,80.0
planarization,NSGA2,0,53,0.6805953069058682,0.6418936856208561,,80.0
planarization,NSGA2,0,54,0.6805953069058682,0.6343464271710724,,80.0
planarization,NSGA2,0,55,0.6805953069058682,0.6374685477582852,,80.0
planarization,NSGA2,0,56,0.6805953069058682,0.637599139626121,,80.0
planarization,NSGA2,0,57,0.6805953069058682,0.636831040587444,,80.0
planarization,NSGA2,0,58,0.6805953069058682,0.6369753489731499,,80.0
planarization,NSGA2,0,59,0.6816943965254039,0.6368608311968817,,80.0
planarization,NSGA2,0,60,0.6816943965254039,0.6368458832733676,,80.0
planarization,NSGA2,0,61,0.6816943965254039,0.6367702454409866,,80.0
planarization,NSGA2,0,62,0.6816943965254039,0.6331940853868454,,80.0
planarization,NSGA2,0,63,0.6816943965254039,0.6373371709805365,,80.0
planarization,NSGA2,0,64,0.6816943965254039,0.6341636239556355,,80.0
planarization,NSGA2,0,65,0.6816943965254039,0.6305058749392594,,80.0
planarization,NSGA2,0,66,0.6816943965254039,0.6445469103665863,,80.0
planarization,NSGA2,0,67,0.6816943965254039,0.6415051606792981,,80.0
planarization,NSGA2,0,68,0.6816943965254039,0.6452093528091908,,80.0
planarization,NSGA2,0,69,0.6816943965254039,0.6417227757050765,,80.0
planarization,NSGA2,0,70,0.6816943965254039,0.6419202151090351,,80.0
planarization,NSGA2,0,71,0.6816943965254039,0.6458187213361025,,80.0
planarization,NSGA2,0,72,0.6816943965254039,0.6461974201683287,,80.0
planarization,NSGA2,0,73,0.6816943965254039,0.6461789446470478,,80.0
planarization,NSGA2,0,74,0.6816943965254039,0.6466040865927903,,80.0
planarization,NSGA2,0,75,0.6816943965254039,0.64644907683286,,80.0
planarization,NSGA2,0,76,0.6816943965254039,0.646117045434911,,80.0
planarization,NSGA2,0,77,0.6816943965254039,0.646127243114055,,80.0
planarization,NSGA2,0,78,0.6816943965254039,0.650136704519438,,80.0
planarization,NSGA2,0,79,0.6816943965254039,0.6500900370851608,,80.0
planarization,NSGA2,0,80,0.6816943965254039,0.6494724040594456,,80.0
planarization,NSGA2,0,81,0.6816943965254039,0.6460161257398752,,80.0
planarization,NSGA2,0,82,0.6816943965254039,0.6458241471140237,,80.0
planarization,NSGA2,0,83,0.6816943965254039,0.6416441055522235,,80.0
planarization,NSGA2,0,84,0.6816943965254039,0.645153930524363,,80.0
planarization,NSGA2,0,85,0.6816943965254039,0.6422874978945289,,80.0
planarization,NSGA2,0,86,0.6816943965254039,0.6380965439810766,,80.0
planarization,NSGA2,0,87,0.6816943965254039,0.6388634337164836,,80.0
planarization,NSGA2,0,88,0.6816943965254039,0.6385098762079005,,80.0
planarization,NSGA2,0,89,0.6816943965254039,0.63872579113314,,80.0
planarization,NSGA2,0,90,0.6816943965254039,0.6391002434160764,,80.0
planarization,NSGA2,0,91,0.6816943965254039,0.6461514766111219,,80.0
planarization,NSGA2,0,92,0.6816943965254039,0.6428992678511539,,80.0
planarization,NSGA2,0,93,0.6816943965254039,0.6386094503396695,,80.0
planarization,NSGA2,0,94,0.6816943965254039,0.6387781853765105,,80.0
planarization,NSGA2,0,95,0.6816943965254039,0.6425086449980997,,80.0
planarization,NSGA2,0,96,0.6816943965254039,0.638986418350186,,80.0
planarization,NSGA2,0,97,0.6816943965254039,0.6427413179662439,,80.0
planarization,NSGA2,0,98,0.6816943965254039,0.6389537138569139,,80.0
planarization,NSGA2,0,99,0.6816943965254039,0.639389557176881,,80.0
planarization,NSGA2,0,100,0.6816943965254039,0.639389557176881,,80.0
planarization,NSGA2,0,101,0.6816943965254039,0.639212544297903,,80.0
planarization,NSGA2,0,102,0.6816943965254039,0.6351367218746512,,80.0
planarization,NSGA2,0,103,0.6816943965254039,0.6348961738008747,,80.0
planarization,NSGA2,0,104,0.6816943965254039,0.6422443763268995,,80.0
planarization,NSGA2,0,105,0.6816943965254039,0.6383344802942448,,80.0
planarization,NSGA2,0,106,0.6816943965254039,0.641841969795061,,80.0
planarization,NSGA2,0,107,0.6816943965254039,0.641795005163105,,80.0
planarization,NSGA2,0,108,0.6816943965254039,0.6383763925586042,,80.0
planarization,NSGA2,0,109,0.6816943965254039,0.638325685072439,,80.0
planarization,NSGA2,0,110,0.6816943965254039,0.6378820497820563,,80.0
planarization,NSGA2,0,111,0.6816943965254039,0.6379010377574585,,80.0
planarization,NSGA2,0,112,0.6816943965254039,0.638448489449885,,80.0
planarization,NSGA2,0,113,0.6816943965254039,0.642057871376967,,80.0
planarization,NSGA2,0,114,0.6816943965254039,0.6381479753443122,,80.0
planarization,NSGA2,0,115,0.6816943965254039,0.6383107592512991,,80.0
planarization,NSGA2,0,116,0.6816943965254039,0.6385534275399565,,80.0
planarization,NSGA2,0,117,0.6816943965254039,0.6494287212561316,,80.0
planarization,NSGA2,0,118,0.6816943965254039,0.6459314427777929,,80.0
planarization,NSGA2,0,119,0.6816943965254039,0.6457871343920871,,80.0
planarization,NSGA2,0,120,0.6816943965254039,0.6498330609683105,,80.0
planarization,NSGA2,0,121,0.6816943965254039,0.6462039942166776,,80.0
planarization,NSGA2,0,122,0.6816943965254039,0.6458032701630296,,80.0
planarization,NSGA2,0,123,0.6816943965254039,0.6426989194889083,,80.0
planarization,NSGA2,0,124,0.6816943965254039,0.6425623852502589,,80.0
planarization,NSGA2,0,125,0.6816943965254039,0.6431712279797159,,80.0
planarization,NSGA2,0,126,0.6816943965254039,0.6427967756967793,,80.0
planarization,NSGA2,0,127,0.6816943965254039,0.6497406472696656,,80.0
planarization,NSGA2,0,128,0.6816943965254039,0.6459141632164485,,80.0
planarization,NSGA2,0,129,0.6816943965254039,0.6458964066466906,,80.0
planarization,NSGA2,0,130,0.6816943965254039,0.6423929484387216,,80.0
planarization,NSGA2,0,131,0.6816943965254039,0.6350281814693822,,80.0
planarization,NSGA2,0,132,0.6816943965254039,0.6383150058005888,,80.0
planarization,NSGA2,0,133,0.6816943965254039,0.6414205486011533,,80.0
planarization,NSGA2,0,134,0.6816943965254039,0.6415082071298803,,80.0
planarization,NSGA2,0,135,0.6816943965254039,0.6338493759543556,,80.0
planarization,NSGA2,0,136,0.6816943965254039,0.6450538881432211,,80.0
planarization,NSGA2,0,137,0.6816943965254039,0.6448993820783713,,80.0
planarization,NSGA2,0,138,0.6816943965254039,0.6415791164790106,,80.0
planarization,NSGA2,0,139,0.6816943965254039,0.6451700179592641,,80.0
planarization,NSGA2,0,140,0.6816943965254039,0.6419614309697678,,80.0
planarization,NSGA2,0,141,0.6816943965254039,0.6390597469523888,,80.0
planarization,NSGA2,0,142,0.6816943965254039,0.6425707640509717,,80.0
planarization,NSGA2,0,143,0.6816943965254039,0.6458044794662996,,80.0
planarization,NSGA2,0,144,0.6816943965254039,0.6460239219893058,,80.0
planarization,NSGA2,0,145,0.6816943965254039,0.6457328816858066,,80.0
planarization,NSGA2,0,146,0.6816943965254039,0.6493559973075853,,80.0
planarization,NSGA2,0,147,0.6816943965254039,0.6494860767212999,,80.0
planarization,NSGA2,0,148,0.6816943965254039,0.6458105490327914,,80.0
planarization,NSGA2,0,149,0.6816943965254039,0.642051402867444,,80.0
planarization,NSGA2,0,150,0.6816943965254039,0.63447596649453,,80.0
planarization,NSGA2,0,151,0.6816943965254039,0.6344437523530048,,80.0
planarization,NSGA2,0,152,0.6816943965254039,0.6415004242237833,,80.0
planarization,NSGA2,0,153,0.6816943965254039,0.6410918467213553,,80.0
planarization,NSGA2,0,154,0.6816943965254039,0.6380858737735448,,80.0
planarization,NSGA2,0,155,0.6816943965254039,0.6453714753127364,,80.0
planarization,NSGA2,0,156,0.6816943965254039,0.6531270498714122,,80.0
planarization,NSGA2,0,157,0.6816943965254039,0.6494854409049935,,80.0
planarization,NSGA2,0,158,0.6816943965254039,0.6460675210108707,,80.0
planarization,NSGA2,0,159,0.6816943965254039,0.6457544775883239,,80.0
planarization,NSGA2,0,160,0.6816943965254039,0.6495074661264153,,80.0
planarization,NSGA2,0,161,0.6816943965254039,0.6459290890375885,,80.0
planarization,NSGA2,0,162,0.6816943965254039,0.6454347640843998,,80.0
planarization,NSGA2,0,163,0.6816943965254039,0.6459414949923776,,80.0
planarization,NSGA2,0,164,0.6816943965254039,0.6424197765195702,,80.0
planarization,NSGA2,0,165,0.6816943965254039,0.642895625951478,,80.0
planarization,NSGA2,0,166,0.6816943965254039,0.6389205869632651,,80.0
planarization,NSGA2,0,167,0.6816943965254039,0.6386343147274953,,80.0
planarization,NSGA2,0,168,0.6816943965254039,0.6451871695741307,,80.0
planarization,NSGA2,0,169,0.6816943965254039,0.6490458677688731,,80.0
planarization,NSGA2,0,170,0.6816943965254039,0.6455628139835105,,80.0
planarization,NSGA2,0,171,0.6816943965254039,0.6384399963513057,,80.0
planarization,NSGA2,0,172,0.6816943965254039,0.6347452962923674,,80.0
planarization,NSGA2,0,173,0.6816943965254039,0.6418687276385044,,80.0
planarization,NSGA2,0,174,0.6816943965254039,0.638278545109774,,80.0
planarization,NSGA2,0,175,0.6816943965254039,0.63881650025122,,80.0
planarization,NSGA2,0,176,0.6816943965254039,0.6389989739083054,,80.0
planarization,NSGA2,0,177,0.6816943965254039,0.6426041043605503,,80.0
planarization,NSGA2,0,178,0.6816943965254039,0.6428951446640493,,80.0
planarization,NSGA2,0,179,0.6816943965254039,0.6423835401495162,,80.0
planarization,NSGA2,0,180,0.6816943965254039,0.6425565217356468,,80.0
planarization,NSGA2,0,181,0.6816943965254039,0.6460305699683089,,80.0
planarization,NSGA2,0,182,0.6816943965254039,0.6459511980407594,,80.0
planarization,NSGA2,0,183,0.6816943965254039,0.6467507922694387,,80.0
planarization,NSGA2,0,184,0.6816943965254039,0.6434328799647604,,80.0
planarization,NSGA2,0,185,0.6816943965254039,0.642921906786508,,80.0
planarization,NSGA2,0,186,0.6816943965254039,0.6427768927926127,,80.0
planarization,NSGA2,0,187,0.6816943965254039,0.6392843512153107,,80.0
planarization,NSGA2,0,188,0.6816943965254039,0.6392009392358734,,80.0
planarization,NSGA2,0,189,0.6816943965254039,0.642632584406907,,80.0
planarization,NSGA2,0,190,0.6816943965254039,0.6428567771742834,,80.0
planarization,NSGA2,0,191,0.6816943965254039,0.6427017674143529,,80.0
planarization,NSGA2,0,192,0.6816943965254039,0.6466021847193867,,80.0
planarization,NSGA2,0,193,0.6816943965254039,0.6464704094841481,,80.0
planarization,NSGA2,0,194,0.6816943965254039,0.6502170091556948,,80.0
planarization,NSGA2,0,195,0.6816943965254039,0.6465384491467142,,80.0
planarization,NSGA2,0,196,0.6816943965254039,0.6461384440445891,,80.0
planarization,NSGA2,0,197,0.6816943965254039,0.64621408187697,,80.0
planarization,NSGA2,0,198,0.6816943965254039,0.6530911020802407,,80.0
planarization,NSGA2,0,199,0.6816943965254039,0.653670750090833,,80.0
planarization,NSGA2,0,200,0.6816943965254039,0.6534882764337477,,80.0
planarization,NSGA2,1,0,0.6332892155589143,0.38545215657334525,,6.0
planarization,NSGA2,1,1,0.6333652843231157,0.5175334117136876,,3.0
planarization,NSGA2,1,2,0.6390686170060836,0.5355409083871414,,5.0
planarization,NSGA2,1,3,0.6448121604231225,0.5748297102851722,,4.0
planarization,NSGA2,1,4,0.6489633406331083,0.6054839723019805,,5.0
planarization,NSGA2,1,5,0.6499874513868598,0.5882945085816267,,4.0
planarization,NSGA2,1,6,0.6554189895772368,0.5747310829372431,,1.0
planarization,NSGA2,1,7,0.6555956837419752,0.586311903661076,,3.0
planarization,NSGA2,1,8,0.6595655493875493,0.5954924750525894,,4.0
planarization,NSGA2,1,9,0.6628930010401578,0.608446800864104,,5.0
planarization,NSGA2,1,10,0.6727549382550404,0.6184290158468574,,1.0
planarization,NSGA2,1,11,0.6752907116536997,0.6282371391589526,,3.0
planarization,NSGA2,1,12,0.6752907116536997,0.6426896049913462,,4.0
planarization,NSGA2,1,13,0.6771208371156514,0.6374584757965273,,6.0
planarization,NSGA2,1,14,0.6771208371156514,0.6328158930123828,,10.0
planarization,NSGA2,1,15,0.6771208371156514,0.6378439372216611,,7.0
planarization,NSGA2,1,16,0.6771208371156514,0.6396494693916182,,9.0
planarization,NSGA2,1,17,0.6771208371156514,0.642624210753982,,13.0
planarization,NSGA2,1,18,0.6771208371156514,0.6386505987218148,,21.0
planarization,NSGA2,1,19,0.6771208371156514,0.6513397005491147,,31.0
planarization,NSGA2,1,20,0.6771208371156514,0.6542517155153115,,45.0
planarization,NSGA2,1,21,0.6771208371156514,0.662543349359589,,67.0
planarization,NSGA2,1,22,0.6771208371156514,0.6654791586215691,,80.0
planarization,NSGA2,1,23,0.6771208371156514,0.660813911579676,,80.0
planarization,NSGA2,1,24,0.6771208371156514,0.6606356354114826,,80.0
planarization,NSGA2,1,25,0.6771208371156514,0.6602178112349943,,80.0
planarization,NSGA2,1,26,0.6771208371156514,0.6655059147539758,,80.0
planarization,NSGA2,1,27,0.6771208371156514,0.6650371651039577,,80.0
planarization,NSGA2,1,28,0.6771208371156514,0.6659493574439883,,80.0
planarization,NSGA2,1,29,0.6771208371156514,0.6607105761416301,,80.0
planarization,NSGA2,1,30,0.6771208371156514,0.6601913801830291,,80.0
planarization,NSGA2,1,31,0.6771208371156514,0.6601871156776852,,80.0
planarization,NSGA2,1,32,0.6771208371156514,0.6595677782385492,,80.0
planarization,NSGA2,1,33,0.6771208371156514,0.6590191844343486,,80.0
planarization,NSGA2,1,34,0.6771208371156514,0.6585310957878715,,80.0
planarization,NSGA2,1,35,0.6771208371156514,0.6584020356266836,,80.0
planarization,NSGA2,1,36,0.6771208371156514,0.6580386347466909,,80.0
planarization,NSGA2,1,37,0.6771208371156514,0.658023081090629,,80.0
planarization,NSGA2,1,38,0.6771208371156514,0.6574229455697826,,80.0
planarization,NSGA2,1,39,0.6771208371156514,0.652513028224736,,80.0
planarization,NSGA2,1,40,0.6771208371156514,0.6627592041780387,,80.0
planarization,NSGA2,1,41,0.6771208371156514,0.659268430132709,,80.0
planarization,NSGA2,1,42,0.6771208371156514,0.6584802883202137,,80.0
planarization,NSGA2,1,43,0.6771208371156514,0.6583173159723147,,80.0
planarization,NSGA2,1,44,0.6771208371156514,0.6551222603799637,,80.0
planarization,NSGA2,1,45,0.6771208371156514,0.6523467384306252,,80.0
planarization,NSGA2,1,46,0.6771208371156514,0.6486251903552174,,80.0
planarization,NSGA2,1,47,0.6771208371156514,0.6455458298994634,,80.0
planarization,NSGA2,1,48,0.6771208371156514,0.6420882390401305,,80.0
planarization,NSGA2,1,49,0.6771208371156514,0.6387582863928924,,80.0
planarization,NSGA2,1,50,0.6771208371156514,0.6350361220743685,,80.0
planarization,NSGA2,1,51,0.6771208371156514,0.6387272869701281,,80.0
planarization,NSGA2,1,52,0.6771208371156514,0.6388917189487839,,80.0
planarization,NSGA2,1,53,0.6771208371156514,0.6457794039358901,,80.0
planarization,NSGA2,1,54,0.6771208371156514,0.6454107957664073,,80.0
planarization,NSGA2,1,55,0.6771208371156514,0.6453458890251706,,80.0
planarization,NSGA2,1,56,0.6771208371156514,0.6422975231239423,,80.0
planarization,NSGA2,1,57,0.6771208371156514,0.6353750825624844,,80.0
planarization,NSGA2,1,58,0.6771208371156514,0.6318055819069516,,80.0
planarization,NSGA2,1,59,0.6771208371156514,0.634737391460938,,80.0
planarization,NSGA2,1,60,0.6771208371156514,0.634737391460938,,80.0
planarization,NSGA2,1,61,0.6771208371156514,0.6348215001204643,,80.0
planarization,NSGA2,1,62,0.6771208371156514,0.6380379462625763,,80.0
planarization,NSGA2,1,63,0.6771208371156514,0.6352078505774802,,80.0
planarization,NSGA2,1,64,0.6771208371156514,0.6352078505774802,,80.0
planarization,NSGA2,1,65,0.6771208371156514,0.6323328033907225,,80.0
planarization,NSGA2,1,66,0.6771208371156514,0.6361154728669699,,80.0
planarization,NSGA2,1,67,0.6771208371156514,0.632646113691972,,80.0
planarization,NSGA2,1,68,0.6771208371156514,0.6361796554757307,,80.0
planarization,NSGA2,1,69,0.6771208371156514,0.6360447584208437,,80.0
planarization,NSGA2,1,70,0.6771208371156514,0.6325725992394975,,80.0
planarization,NSGA2,1,71,0.6771208371156514,0.6320041872738912,,80.0
planarization,NSGA2,1,72,0.6771208371156514,0.6427785764475366,,80.0
planarization,NSGA2,1,73,0.6771208371156514,0.6429827526383637,,80.0
planarization,NSGA2,1,74,0.6771208371156514,0.6394292848038395,,80.0
planarization,NSGA2,1,75,0.6771208371156514,0.6393090801943695,,80.0
planarization,NSGA2,1,76,0.6771208371156514,0.6360594508662608,,80.0
planarization,NSGA2,1,77,0.6771208371156514,0.6360793769170263,,80.0
planarization,NSGA2,1,78,0.6771208371156514,0.6324647876816628,,80.0
planarization,NSGA2,1,79,0.6771208371156514,0.6355919045136653,,80.0
planarization,NSGA2,1,80,0.6771208371156514,0.635007938891997,,80.0
planarization,NSGA2,1,81,0.6771208371156514,0.6349881207305912,,80.0
planarization,NSGA2,1,82,0.6771208371156514,0.635033209310422,,80.0
planarization,NSGA2,1,83,0.6771208371156514,0.6355780554558892,,80.0
planarization,NSGA2,1,84,0.6771208371156514,0.6429044760042977,,80.0
planarization,NSGA2,1,85,0.6771208371156514,0.6431336776460208,,80.0
planarization,NSGA2,1,86,0.6771208371156514,0.6434721638374283,,80.0
planarization,NSGA2,1,87,0.6771208371156514,0.6434427659918287,,80.0
planarization,NSGA2,1,88,0.6771208371156514,0.6360138831214834,,80.0
planarization,NSGA2,1,89,0.6771208371156514,0.628127687507516,,80.0
planarization,NSGA2,1,90,0.6771208371156514,0.6313965187539146,,80.0
planarization,NSGA2,1,91,0.6771208371156514,0.6285154975952887,,80.0
planarization,NSGA2,1,92,0.6771208371156514,0.6313477819118558,,80.0
planarization,NSGA2,1,93,0.6771208371156514,0.6313124100943881,,80.0
planarization,NSGA2,1,94,0.6771208371156514,0.6315364044466211,,80.0
planarization,NSGA2,1,95,0.6771208371156514,0.6347860337747298,,80.0
planarization,NSGA2,1,96,0.6771208371156514,0.6351665473380466,,80.0
planarization,NSGA2,1,97,0.6771208371156514,0.6392043184786507,,80.0
planarization,NSGA2,1,98,0.6771208371156514,0.6386808580147058,,80.0
planarization,NSGA2,1,99,0.6771208371156514,0.6315577524464795,,80.0
planarization,NSGA2,1,100,0.6771208371156514,0.6316816053181773,,80.0
planarization,NSGA2,1,101,0.6771208371156514,0.6283516526709394,,80.0
planarization,NSGA2,1,102,0.6771208371156514,0.6325089042885377,,80.0
planarization,NSGA2,1,103,0.6771208371156514,0.6392808941390467,,80.0
planarization,NSGA2,1,104,0.6771208371156514,0.6395316234087,,80.0
planarization,NSGA2,1,105,0.6771208371156514,0.6391630152392171,,80.0
planarization,NSGA2,1,106,0.6771208371156514,0.6357092097202812,,80.0
planarization,NSGA2,1,107,0.6771208371156514,0.6354054892533755,,80.0
planarization,NSGA2,1,108,0.6771208371156514,0.6318048812857187,,80.0
planarization,NSGA2,1,109,0.6771208371156514,0.6319591173370648,,80.0
planarization,NSGA2,1,110,0.6771208371156514,0.6316510143253053,,80.0
planarization,NSGA2,1,111,0.6771208371156514,0.631224184157837,,80.0
planarization,NSGA2,1,112,0.6771208371156514,0.6318471698592009,,80.0
planarization,NSGA2,1,113,0.6771208371156514,0.6355687179346088,,80.0
planarization,NSGA2,1,114,0.6771208371156514,0.6320881774982527,,80.0
planarization,NSGA2,1,115,0.6771208371156514,0.6320999458139175,,80.0
planarization,NSGA2,1,116,0.6771208371156514,0.6320196224947882,,80.0
planarization,NSGA2,1,117,0.6771208371156514,0.6353076658096265,,80.0
planarization,NSGA2,1,118,0.6771208371156514,0.6357007066981322,,80.0
planarization,NSGA2,1,119,0.6771208371156514,0.6352811730551196,,80.0
planarization,NSGA2,1,120,0.6771208371156514,0.6391678873918087,,80.0
planarization,NSGA2,1,121,0.6771208371156514,0.642617320516041,,80.0
planarization,NSGA2,1,122,0.6771208371156514,0.6396536551968841,,80.0
planarization,NSGA2,1,123,0.6771208371156514,0.636364281656604,,80.0
planarization,NSGA2,1,124,0.6771208371156514,0.6356646208983386,,80.0
planarization,NSGA2,1,125,0.6771208371156514,0.6360207175810213,,80.0
planarization,NSGA2,1,126,0.6771208371156514,0.6357363259604247,,80.0
planarization,NSGA2,1,127,0.6771208371156514,0.6317104602136545,,80.0
planarization,NSGA2,1,128,0.6771208371156514,0.6316558864778969,,80.0
planarization,NSGA2,1,129,0.6771208371156514,0.632244945822129,,80.0
planarization,NSGA2,1,130,0.6771208371156514,0.6325458573941767,,80.0
planarization,NSGA2,1,131,0.6771208371156514,0.6325538780511082,,80.0
planarization,NSGA2,1,132,0.6771208371156514,0.6322110194649969,,80.0
planarization,NSGA2,1,133,0.6771208371156514,0.6284584910054845,,80.0
planarization,NSGA2,1,134,0.6771208371156514,0.6325803708056151,,80.0
planarization,NSGA2,1,135,0.6771208371156514,0.6364005958625627,,80.0
planarization,NSGA2,1,136,0.6771208371156514,0.6361994618409974,,80.0
planarization,NSGA2,1,137,0.6771208371156514,0.6398875845674953,,80.0
planarization,NSGA2,1,138,0.6771208371156514,0.6395994367953108,,80.0
planarization,NSGA2,1,139,0.6771208371156514,0.6431984723746126,,80.0
planarization,NSGA2,1,140,0.6771208371156514,0.6391644865744055,,80.0
planarization,NSGA2,1,141,0.6771208371156514,0.6389093849100487,,80.0
planarization,NSGA2,1,142,0.6771208371156514,0.635593655693431,,80.0
planarization,NSGA2,1,143,0.6771208371156514,0.6399550835018565,,80.0
planarization,NSGA2,1,144,0.6771208371156514,0.6360330074978495,,80.0
planarization,NSGA2,1,145,0.6771208371156514,0.6357800944649638,,80.0
planarization,NSGA2,1,146,0.6771208371156514,0.6355647370127782,,80.0
planarization,NSGA2,1,147,0.6771208371156514,0.6354490418761811,,80.0
planarization,NSGA2,1,148,0.6771208371156514,0.6361324058072493,,80.0
planarization,NSGA2,1,149,0.6771208371156514,0.6363291674341109,,80.0
planarization,NSGA2,1,150,0.6771208371156514,0.6397829729530468,,80.0
planarization,NSGA2,1,151,0.6771208371156514,0.6357155516537796,,80.0
planarization,NSGA2,1,152,0.6771208371156514,0.6429681863979908,,80.0
planarization,NSGA2,1,153,0.6771208371156514,0.6397194053257615,,80.0
planarization,NSGA2,1,154,0.6771208371156514,0.6398484654869494,,80.0
planarization,NSGA2,1,155,0.6771208371156514,0.6363310936023687,,80.0
planarization,NSGA2,1,156,0.6771208371156514,0.639796080382663,,80.0
planarization,NSGA2,1,157,0.6771208371156514,0.643352590386449,,80.0
planarization,NSGA2,1,158,0.6771208371156514,0.6397991225519248,,80.0
planarization,NSGA2,1,159,0.6771208371156514,0.6360967763948068,,80.0
planarization,NSGA2,1,160,0.6771208371156514,0.6362348526971248,,80.0
planarization,NSGA2,1,161,0.6771208371156514,0.6363992846757804,,80.0
planarization,NSGA2,1,162,0.6771208371156514,0.6328805724156081,,80.0
planarization,NSGA2,1,163,0.6771208371156514,0.6327264734424314,,80.0
planarization,NSGA2,1,164,0.6771208371156514,0.632142507820763,,80.0
planarization,NSGA2,1,165,0.6771208371156514,0.6326813848626006,,80.0
planarization,NSGA2,1,166,0.6771208371156514,0.6326807787696346,,80.0
planarization,NSGA2,1,167,0.6771208371156514,0.6328164189956569,,80.0
planarization,NSGA2,1,168,0.6771208371156514,0.6326851702029979,,80.0
planarization,NSGA2,1,169,0.6771208371156514,0.6364061121854396,,80.0
planarization,NSGA2,1,170,0.6771208371156514,0.6369059691475816,,80.0
planarization,NSGA2,1,171,0.6771208371156514,0.640045134139826,,80.0
planarization,NSGA2,1,172,0.6771208371156514,0.6433944257835231,,80.0
planarization,NSGA2,1,173,0.6771208371156514,0.6362455706319252,,80.0
planarization,NSGA2,1,174,0.6771208371156514,0.6326420385345162,,80.0
planarization,NSGA2,1,175,0.6771208371156514,0.635323013734105,,80.0
planarization,NSGA2,1,176,0.6771208371156514,0.6390725000243556,,80.0
planarization,NSGA2,1,177,0.6771208371156514,0.6393069223166619,,80.0
planarization,NSGA2,1,178,0.6771208371156514,0.639491896589199,,80.0
planarization,NSGA2,1,179,0.6771208371156514,0.639491896589199,,80.0
planarization,NSGA2,1,180,0.6771208371156514,0.6430298107676612,,80.0
planarization,NSGA2,1,181,0.6771208371156514,0.6430409920290195,,80.0
planarization,NSGA2,1,182,0.6771208371156514,0.643259391650467,,80.0
planarization,NSGA2,1,183,0.6771208371156514,0.6430440341982815,,80.0
planarization,NSGA2,1,184,0.6771208371156514,0.6422205205683184,,80.0
planarization,NSGA2,1,185,0.6771208371156514,0.6425301959684327,,80.0
planarization,NSGA2,1,186,0.6771208371156514,0.646068110146895,,80.0
planarization,NSGA2,1,187,0.6771208371156514,0.6419366081126683,,80.0
planarization,NSGA2,1,188,0.6771208371156514,0.6422329136199533,,80.0
planarization,NSGA2,1,189,0.6771208371156514,0.6427358317900167,,80.0
planarization,NSGA2,1,190,0.6771208371156514,0.6427867572635464,,80.0
planarization,NSGA2,1,191,0.6771208371156514,0.6434895972692429,,80.0
planarization,NSGA2,1,192,0.6771208371156514,0.640167040542966,,80.0
planarization,NSGA2,1,193,0.6771208371156514,0.6435591185680964,,80.0
planarization,NSGA2,1,194,0.6771208371156514,0.6437279229414556,,80.0
planarization,NSGA2,1,195,0.6771208371156514,0.640382378956492,,80.0
planarization,NSGA2,1,196,0.6771208371156514,0.6437852590018981,,80.0
planarization,NSGA2,1,197,0.6771208371156514,0.6360053974920046,,80.0
planarization,NSGA2,1,198,0.6771208371156514,0.6365236081165568,,80.0
planarization,NSGA2,1,199,0.6771208371156514,0.6331347093388577,,80.0
planarization,NSGA2,1,200,0.6771208371156514,0.6329723479521634,,80.0
planarization,NSGA2,2,0,0.6386797154843934,0.4103044194951456,,5.0
planarization,NSGA2,2,1,0.6465337714179094,0.5060170249332974,,5.0
planarization,NSGA2,2,2,0.6465337714179094,0.5589386963239784,,4.0
planarization,NSGA2,2,3,0.6492103438790573,0.5306116656324595,,4.0
planarization,NSGA2,2,4,0.6493899780490409,0.5644335219177046,,3.0
planarization,NSGA2,2,5,0.6536575519070678,0.5906351626557999,,6.0
planarization,NSGA2,2,6,0.6629650196028583,0.5824133599211959,,3.0
planarization,NSGA2,2,7,0.6629650196028583,0.5889676128388837,,4.0
planarization,NSGA2,2,8,0.6629650196028583,0.595530168803846,,5.0
planarization,NSGA2,2,9,0.6633905010184227,0.6208730715596941,,4.0
planarization,NSGA2,2,10,0.6633905010184227,0.6164314239861187,,4.0
planarization,NSGA2,2,11,0.6646876649844236,0.6345598197171309,,8.0
planarization,NSGA2,2,12,0.6646876649844236,0.6481834312573513,,5.0
planarization,NSGA2,2,13,0.6688422729735053,0.6531381187895011,,1.0
planarization,NSGA2,2,14,0.6781140935146347,0.646840779030285,,2.0
planarization,NSGA2,2,15,0.6781140935146347,0.6396987140234993,,3.0
planarization,NSGA2,2,16,0.6781140935146347,0.633665201325082,,5.0
planarization,NSGA2,2,17,0.6781140935146347,0.6526601810253341,,6.0
planarization,NSGA2,2,18,0.6781140935146347,0.6365089940139866,,7.0
planarization,NSGA2,2,19,0.6791794573714555,0.6466902781030281,,12.0
planarization,NSGA2,2,20,0.6791794573714555,0.6521645846271549,,20.0
planarization,NSGA2,2,21,0.6791794573714555,0.6611268076464059,,33.0
planarization,NSGA2,2,22,0.6791794573714555,0.6646305962074708,,50.0
planarization,NSGA2,2,23,0.6791794573714555,0.6680457720813596,,76.0
planarization,NSGA2,2,24,0.6791794573714555,0.6701678429735349,,80.0
planarization,NSGA2,2,25,0.6791794573714555,0.6703143725303125,,80.0
planarization,NSGA2,2,26,0.6791794573714555,0.6668480202356221,,80.0
planarization,NSGA2,2,27,0.6791794573714555,0.6668775941550379,,80.0
planarization,NSGA2,2,28,0.6791794573714555,0.6665698107950923,,80.0
planarization,NSGA2,2,29,0.6791794573714555,0.6664365982865248,,80.0
planarization,NSGA2,2,30,0.6791794573714555,0.6664336584635295,,80.0
planarization,NSGA2,2,31,0.6791794573714555,0.6626675048046285,,80.0
planarization,NSGA2,2,32,0.6791794573714555,0.6626837616758341,,80.0
planarization,NSGA2,2,33,0.6791794573714555,0.6586549854274582,,80.0
planarization,NSGA2,2,34,0.6791794573714555,0.6548474734257465,,80.0
planarization,NSGA2,2,35,0.6791794573714555,0.6550353613253349,,80.0
planarization,NSGA2,2,36,0.6791794573714555,0.6547697989128645,,80.0
planarization,NSGA2,2,37,0.6791794573714555,0.6543421200925618,,80.0
planarization,NSGA2,2,38,0.6791794573714555,0.6548140970786707,,80.0
planarization,NSGA2,2,39,0.6796095660350685,0.655464614076273,,80.0
planarization,NSGA2,2,40,0.6796095660350685,0.6551474828282322,,80.0
planarization,NSGA2,2,41,0.6796095660350685,0.655235534566329,,80.0
planarization,NSGA2,2,42,0.6796095660350685,0.6519290701824465,,80.0
planarization,NSGA2,2,43,0.6806997169035536,0.644463324478431,,80.0
planarization,NSGA2,2,44,0.6806997169035536,0.6445365265435024,,80.0
planarization,NSGA2,2,45,0.6806997169035536,0.6448648457724145,,80.0
planarization,NSGA2,2,46,0.6806997169035536,0.6410691181940977,,80.0
planarization,NSGA2,2,47,0.6806997169035536,0.6375560725041213,,80.0
planarization,NSGA2,2,48,0.6806997169035536,0.6410691181940977,,80.0
planarization,NSGA2,2,49,0.6806997169035536,0.6409654796049461,,80.0
planarization,NSGA2,2,50,0.6806997169035536,0.6342309147137334,,80.0
planarization,NSGA2,2,51,0.6806997169035536,0.6303182314980548,,80.0
planarization,NSGA2,2,52,0.6806997169035536,0.6270063907558772,,80.0
planarization,NSGA2,2,53,0.6806997169035536,0.6235417287794182,,80.0
planarization,NSGA2,2,54,0.6806997169035536,0.6198236757139831,,80.0
planarization,NSGA2,2,55,0.6806997169035536,0.6233500384521699,,80.0
planarization,NSGA2,2,56,0.6806997169035536,0.6203807646151935,,80.0
planarization,NSGA2,2,57,0.6806997169035536,0.6277803359945291,,80.0
planarization,NSGA2,2,58,0.6806997169035536,0.6276057651431509,,80.0
planarization,NSGA2,2,59,0.6806997169035536,0.6314732875883589,,80.0
planarization,NSGA2,2,60,0.6806997169035536,0.634697553162541,,80.0
planarization,NSGA2,2,61,0.6806997169035536,0.6308076756186732,,80.0
planarization,NSGA2,2,62,0.6806997169035536,0.6276347335810041,,80.0
planarization,NSGA2,2,63,0.6806997169035536,0.6315759346613843,,80.0
planarization,NSGA2,2,64,0.6806997169035536,0.6353420883202853,,80.0
planarization,NSGA2,2,65,0.6806997169035536,0.6382585705345216,,80.0
planarization,NSGA2,2,66,0.6806997169035536,0.6350856284968524,,80.0
planarization,NSGA2,2,67,0.6806997169035536,0.6429424526159065,,80.0
planarization,NSGA2,2,68,0.6806997169035536,0.6504167586851286,,80.0
planarization,NSGA2,2,69,0.6806997169035536,0.6464950374190007,,80.0
planarization,NSGA2,2,70,0.6806997169035536,0.6431437221022934,,80.0
planarization,NSGA2,2,71,0.6806997169035536,0.6394170430179221,,80.0
planarization,NSGA2,2,72,0.6806997169035536,0.6436246691154373,,80.0
planarization,NSGA2,2,73,0.6806997169035536,0.6399093624229479,,80.0
planarization,NSGA2,2,74,0.6806997169035536,0.6400748952238768,,80.0
planarization,NSGA2,2,75,0.6806997169035536,0.6392642217836407,,80.0
planarization,NSGA2,2,76,0.6806997169035536,0.6355883896656811,,80.0
planarization,NSGA2,2,77,0.6806997169035536,0.635844849489114,,80.0
planarization,NSGA2,2,78,0.6806997169035536,0.6390311085749936,,80.0
planarization,NSGA2,2,79,0.6806997169035536,0.6355180628850172,,80.0
planarization,NSGA2,2,80,0.6806997169035536,0.6315640213265276,,80.0
planarization,NSGA2,2,81,0.6806997169035536,0.6313689146061829,,80.0
planarization,NSGA2,2,82,0.6806997169035536,0.628305902835169,,80.0
planarization,NSGA2,2,83,0.6806997169035536,0.6318379517692966,,80.0
planarization,NSGA2,2,84,0.6806997169035536,0.6354300111469204,,80.0
planarization,NSGA2,2,85,0.6806997169035536,0.6353875967493954,,80.0
planarization,NSGA2,2,86,0.6806997169035536,0.6355750726174708,,80.0
planarization,NSGA2,2,87,0.6806997169035536,0.6355750726174709,,80.0
planarization,NSGA2,2,88,0.6806997169035536,0.6429718976238609,,80.0
planarization,NSGA2,2,89,0.6806997169035536,0.6393475179538756,,80.0
planarization,NSGA2,2,90,0.6806997169035536,0.6389383658076228,,80.0
planarization,NSGA2,2,91,0.6806997169035536,0.6387023773145684,,80.0
planarization,NSGA2,2,92,0.6806997169035536,0.6421550614175826,,80.0
planarization,NSGA2,2,93,0.6806997169035536,0.6380253929530009,,80.0
planarization,NSGA2,2,94,0.6806997169035536,0.638349433184152,,80.0
planarization,NSGA2,2,95,0.6806997169035536,0.6349039033633058,,80.0
planarization,NSGA2,2,96,0.6806997169035536,0.6349362236556674,,80.0
planarization,NSGA2,2,97,0.6806997169035536,0.6353320587537098,,80.0
planarization,NSGA2,2,98,0.6806997169035536,0.6352573240638233,,80.0
planarization,NSGA2,2,99,0.6806997169035536,0.6354785883104874,,80.0
planarization,NSGA2,2,100,0.6806997169035536,0.6319745806709605,,80.0
planarization,NSGA2,2,101,0.6806997169035536,0.6278254323921262,,80.0
planarization,NSGA2,2,102,0.6806997169035536,0.6276789028353486,,80.0
planarization,NSGA2,2,103,0.6806997169035536,0.6310435352002661,,80.0
planarization,NSGA2,2,104,0.6806997169035536,0.6316006241014764,,80.0
planarization,NSGA2,2,105,0.6806997169035536,0.6358202280724362,,80.0
planarization,NSGA2,2,106,0.6806997169035536,0.6431260615177341,,80.0
planarization,NSGA2,2,107,0.6806997169035536,0.643350072137344,,80.0
planarization,NSGA2,2,108,0.6806997169035536,0.6397946120498427,,80.0
planarization,NSGA2,2,109,0.6806997169035536,0.6435479252306344,,80.0
planarization,NSGA2,2,110,0.6806997169035536,0.643534608182424,,80.0
planarization,NSGA2,2,111,0.6806997169035536,0.6395748804279937,,80.0
planarization,NSGA2,2,112,0.6806997169035536,0.6398869427857002,,80.0
planarization,NSGA2,2,113,0.6806997169035536,0.6394911076876578,,80.0
planarization,NSGA2,2,114,0.6806997169035536,0.6360751517862275,,80.0
planarization,NSGA2,2,115,0.6806997169035536,0.6360751517862275,,80.0
planarization,NSGA2,2,116,0.6806997169035536,0.6320406893419106,,80.0
planarization,NSGA2,2,117,0.6806997169035536,0.6325011650246759,,80.0
planarization,NSGA2,2,118,0.6806997169035536,0.6330815361677986,,80.0
planarization,NSGA2,2,119,0.6806997169035536,0.6326857010697562,,80.0
planarization,NSGA2,2,120,0.6806997169035536,0.6365532235149641,,80.0
planarization,NSGA2,2,121,0.6806997169035536,0.6434148381487022,,80.0
planarization,NSGA2,2,122,0.6806997169035536,0.6430190030506597,,80.0
planarization,NSGA2,2,123,0.6806997169035536,0.6353367497829837,,80.0
planarization,NSGA2,2,124,0.6806997169035536,0.6352620150930973,,80.0
planarization,NSGA2,2,125,0.6806997169035536,0.6425707883613905,,80.0
planarization,NSGA2,2,126,0.6806997169035536,0.6390315851450946,,80.0
planarization,NSGA2,2,127,0.6806997169035536,0.6390449021933049,,80.0
planarization,NSGA2,2,128,0.6806997169035536,0.6424186371472599,,80.0
planarization,NSGA2,2,129,0.6806997169035536,0.6390049510486742,,80.0
planarization,NSGA2,2,130,0.6806997169035536,0.6391395707554215,,80.0
planarization,NSGA2,2,131,0.6806997169035536,0.6387508899395474,,80.0
planarization,NSGA2,2,132,0.6806997169035536,0.6389721541862116,,80.0
planarization,NSGA2,2,133,0.6806997169035536,0.6394750442665019,,80.0
planarization,NSGA2,2,134,0.6806997169035536,0.6388946731233794,,80.0
planarization,NSGA2,2,135,0.6806997169035536,0.635173680234949,,80.0
planarization,NSGA2,2,136,0.6806997169035536,0.6314526873465188,,80.0
planarization,NSGA2,2,137,0.6806997169035536,0.6314850076388803,,80.0
planarization,NSGA2,2,138,0.6806997169035536,0.6274500686244623,,80.0
planarization,NSGA2,2,139,0.6806997169035536,0.6237904933777082,,80.0
planarization,NSGA2,2,140,0.6806997169035536,0.6205590735213581,,80.0
planarization,NSGA2,2,141,0.6806997169035536,0.6240721192113344,,80.0
planarization,NSGA2,2,142,0.6806997169035536,0.6210414277326819,,80.0
planarization,NSGA2,2,143,0.6806997169035536,0.6246334871103058,,80.0
planarization,NSGA2,2,144,0.6806997169035536,0.6355503831773787,,80.0
planarization,NSGA2,2,145,0.6806997169035536,0.6354595850663364,,80.0
planarization,NSGA2,2,146,0.6806997169035536,0.6348158516252091,,80.0
planarization,NSGA2,2,147,0.6806997169035536,0.635185052626831,,80.0
planarization,NSGA2,2,148,0.6806997169035536,0.6348025345769989,,80.0
planarization,NSGA2,2,149,0.6806997169035536,0.6421246248935024,,80.0
planarization,NSGA2,2,150,0.6806997169035536,0.6421569451858637,,80.0
planarization,NSGA2,2,151,0.6806997169035536,0.6356322112613861,,80.0
planarization,NSGA2,2,152,0.6806997169035536,0.6319696961916368,,80.0
planarization,NSGA2,2,153,0.6806997169035536,0.6356583687877055,,80.0
planarization,NSGA2,2,154,0.6806997169035536,0.6392533034497367,,80.0
planarization,NSGA2,2,155,0.6806997169035536,0.6385557832192026,,80.0
planarization,NSGA2,2,156,0.6806997169035536,0.6382570379097062,,80.0
planarization,NSGA2,2,157,0.6806997169035536,0.6346593568747295,,80.0
planarization,NSGA2,2,158,0.6806997169035536,0.6312624042174505,,80.0
planarization,NSGA2,2,159,0.6806997169035536,0.6349276656601455,,80.0
planarization,NSGA2,2,160,0.6806997169035536,0.6350157173982423,,80.0
planarization,NSGA2,2,161,0.6806997169035536,0.6310264157243959,,80.0
planarization,NSGA2,2,162,0.6806997169035536,0.6310982105912872,,80.0
planarization,NSGA2,2,163,0.6806997169035536,0.6319350415578426,,80.0
planarization,NSGA2,2,164,0.6806997169035536,0.6321328946511331,,80.0
planarization,NSGA2,2,165,0.6806997169035536,0.6287135868951944,,80.0
planarization,NSGA2,2,166,0.6806997169035536,0.6324669000759863,,80.0
planarization,NSGA2,2,167,0.6806997169035536,0.6288467994037619,,80.0
planarization,NSGA2,2,168,0.6806997169035536,0.6326395871590834,,80.0
planarization,NSGA2,2,169,0.6806997169035536,0.6326072668667219,,80.0
planarization,NSGA2,2,170,0.6806997169035536,0.629301112320485,,80.0
planarization,NSGA2,2,171,0.6806997169035536,0.6324094137734314,,80.0
planarization,NSGA2,2,172,0.6806997169035536,0.6322115606801411,,80.0
planarization,NSGA2,2,173,0.6806997169035536,0.6358297775840843,,80.0
planarization,NSGA2,2,174,0.6806997169035536,0.6352612554029448,,80.0
planarization,NSGA2,2,175,0.6806997169035536,0.6388490357828076,,80.0
planarization,NSGA2,2,176,0.6806997169035536,0.63499483038581,,80.0
planarization,NSGA2,2,177,0.6806997169035536,0.6383523084685593,,80.0
planarization,NSGA2,2,178,0.6806997169035536,0.6383784659948788,,80.0
planarization,NSGA2,2,179,0.6806997169035536,0.6422593054882969,,80.0
planarization,NSGA2,2,180,0.6806997169035536,0.6463894505229799,,80.0
planarization,NSGA2,2,181,0.6806997169035536,0.6463761334747697,,80.0
planarization,NSGA2,2,182,0.6806997169035536,0.645525985460004,,80.0
planarization,NSGA2,2,183,0.6806997169035536,0.6500519655927294,,80.0
planarization,NSGA2,2,184,0.6806997169035536,0.6462528861599042,,80.0
planarization,NSGA2,2,185,0.6806997169035536,0.6458118902913912,,80.0
planarization,NSGA2,2,186,0.6806997169035536,0.6458308935355423,,80.0
planarization,NSGA2,2,187,0.6806997169035536,0.6422069904356581,,80.0
planarization,NSGA2,2,188,0.6806997169035536,0.6422274617660365,,80.0
planarization,NSGA2,2,189,0.6806997169035536,0.638755774418871,,80.0
planarization,NSGA2,2,190,0.6806997169035536,0.6421850473685116,,80.0
planarization,NSGA2,2,191,0.6806997169035536,0.6385782637444974,,80.0
planarization,NSGA2,2,192,0.6806997169035536,0.6427330982192727,,80.0
planarization,NSGA2,2,193,0.6806997169035536,0.6426613033523815,,80.0
planarization,NSGA2,2,194,0.6806997169035536,0.6394560410223507,,80.0
planarization,NSGA2,2,195,0.6806997169035536,0.6390969341258923,,80.0
planarization,NSGA2,2,196,0.6806997169035536,0.6353303038968903,,80.0
planarization,NSGA2,2,197,0.6806997169035536,0.6349344687988479,,80.0
planarization,NSGA2,2,198,0.6806997169035536,0.6350533082044908,,80.0
planarization,NSGA2,2,199,0.6806997169035536,0.6346574731064484,,80.0
planarization,NSGA2,2,200,0.6806997169035536,0.6347645280886963,,80.0
planarization,NSGA2,3,0,0.6441285855622898,0.40055970900712373,,2.0
planarization,NSGA2,3,1,0.6553488538453,0.5473057834730403,,1.0
planarization,NSGA2,3,2,0.6553488538453,0.573618239808183,,2.0
planarization,NSGA2,3,3,0.6553488538453,0.6022524627579323,,3.0
planarization,NSGA2,3,4,0.6553488538453,0.6203710085725731,,4.0
planarization,NSGA2,3,5,0.6553488538453,0.6300151056730565,,4.0
planarization,NSGA2,3,6,0.6580501062778181,0.6372927090646731,,3.0
planarization,NSGA2,3,7,0.6617177385529018,0.6282078255578469,,2.0
planarization,NSGA2,3,8,0.6685753762829454,0.6230904029872727,,1.0
planarization,NSGA2,3,9,0.6685753762829454,0.6263736808431339,,2.0
planarization,NSGA2,3,10,0.6734917055316028,0.6098477597351761,,4.0
planarization,NSGA2,3,11,0.6734917055316028,0.6171943785626739,,3.0
planarization,NSGA2,3,12,0.6783477249556915,0.6428414940505807,,5.0
planarization,NSGA2,3,13,0.6810555044003508,0.6392889171636091,,5.0
planarization,NSGA2,3,14,0.6831555340868918,0.624243227133181,,4.0
planarization,NSGA2,3,15,0.6831555340868918,0.6246950636989169,,6.0
planarization,NSGA2,3,16,0.6831555340868918,0.6213430202079783,,8.0
planarization,NSGA2,3,17,0.6831555340868918,0.6378333375756317,,9.0
planarization,NSGA2,3,18,0.6831555340868918,0.6408408691725525,,14.0
planarization,NSGA2,3,19,0.6831555340868918,0.6442021309997602,,26.0
planarization,NSGA2,3,20,0.6831555340868918,0.6463490595068229,,34.0
planarization,NSGA2,3,21,0.6831555340868918,0.645195298698455,,51.0
planarization,NSGA2,3,22,0.6831555340868918,0.6488680594241865,,72.0
planarization,NSGA2,3,23,0.6831555340868918,0.6590455462223248,,80.0
planarization,NSGA2,3,24,0.6831555340868918,0.6587471854987557,,80.0
planarization,NSGA2,3,25,0.6831555340868918,0.6541549467921867,,80.0
planarization,NSGA2,3,26,0.6831555340868918,0.6454733809523792,,80.0
planarization,NSGA2,3,27,0.6831555340868918,0.6416518617159043,,80.0
planarization,NSGA2,3,28,0.6831555340868918,0.6335181906506572,,80.0
planarization,NSGA2,3,29,0.6831555340868918,0.6297535255976501,,80.0
planarization,NSGA2,3,30,0.6831555340868918,0.6257774988325513,,80.0
planarization,NSGA2,3,31,0.6831555340868918,0.6254485852821763,,80.0
planarization,NSGA2,3,32,0.6831555340868918,0.6210795792699365,,80.0
planarization,NSGA2,3,33,0.6831555340868918,0.6247385634668979,,80.0
planarization,NSGA2,3,34,0.6831555340868918,0.6276612244919191,,80.0
planarization,NSGA2,3,35,0.6831555340868918,0.634729658834851,,80.0
planarization,NSGA2,3,36,0.6831555340868918,0.6306967778862846,,80.0
planarization,NSGA2,3,37,0.6831555340868918,0.6266566854244197,,80.0
planarization,NSGA2,3,38,0.6831555340868918,0.6265887689084779,,80.0
planarization,NSGA2,3,39,0.6831555340868918,0.6223067619077159,,80.0
planarization,NSGA2,3,40,0.6831555340868918,0.61886675893494,,80.0
planarization,NSGA2,3,41,0.6831555340868918,0.6155137549736418,,80.0
planarization,NSGA2,3,42,0.6831555340868918,0.6155137549736418,,80.0
planarization,NSGA2,3,43,0.6831555340868918,0.6197728286596922,,80.0
planarization,NSGA2,3,44,0.6831555340868918,0.6232315134770362,,80.0
planarization,NSGA2,3,45,0.6831555340868918,0.6195988306367367,,80.0
planarization,NSGA2,3,46,0.6831555340868918,0.6186133814126007,,80.0
planarization,NSGA2,3,47,0.6831555340868918,0.6148716496743051,,80.0
planarization,NSGA2,3,48,0.6831555340868918,0.6216417232936676,,80.0
planarization,NSGA2,3,49,0.6831555340868918,0.618069738108184,,80.0
planarization,NSGA2,3,50,0.6831555340868918,0.6217287223051453,,80.0
planarization,NSGA2,3,51,0.6831555340868918,0.6181265922916516,,80.0
planarization,NSGA2,3,52,0.6831555340868918,0.6180209114356059,,80.0
planarization,NSGA2,3,53,0.6831555340868918,0.6259126679619558,,80.0
planarization,NSGA2,3,54,0.6831555340868918,0.6261053478294791,,80.0
planarization,NSGA2,3,55,0.6831555340868918,0.6298135666978143,,80.0
planarization,NSGA2,3,56,0.6831555340868918,0.6259356012766674,,80.0
planarization,NSGA2,3,57,0.6831555340868918,0.6297045177998182,,80.0
planarization,NSGA2,3,58,0.6831555340868918,0.6257208715226255,,80.0
planarization,NSGA2,3,59,0.6831555340868918,0.6220924401524697,,80.0
planarization,NSGA2,3,60,0.6831555340868918,0.6221637173625343,,80.0
planarization,NSGA2,3,61,0.6831555340868918,0.6182250542865715,,80.0
planarization,NSGA2,3,62,0.6831555340868918,0.6252934886295032,,80.0
planarization,NSGA2,3,63,0.6831555340868918,0.6217966314732596,,80.0
planarization,NSGA2,3,64,0.6831555340868918,0.618681290580715,,80.0
planarization,NSGA2,3,65,0.6831555340868918,0.6188175242635664,,80.0
planarization,NSGA2,3,66,0.6831555340868918,0.6151020938819327,,80.0
planarization,NSGA2,3,67,0.6831555340868918,0.6185378453845651,,80.0
planarization,NSGA2,3,68,0.6831555340868918,0.6145805004640343,,80.0
planarization,NSGA2,3,69,0.6835189086369913,0.6146720416573883,,80.0
planarization,NSGA2,3,70,0.6835189086369913,0.6111450396731346,,80.0
planarization,NSGA2,3,71,0.6835189086369913,0.6184596400251072,,80.0
planarization,NSGA2,3,72,0.6835189086369913,0.6157067255528978,,80.0
planarization,NSGA2,3,73,0.6835189086369913,0.6199136045244199,,80.0
planarization,NSGA2,3,74,0.6835189086369913,0.6237275042488007,,80.0
planarization,NSGA2,3,75,0.6835189086369913,0.6273601870891002,,80.0
planarization,NSGA2,3,76,0.6835189086369913,0.6273415052445321,,80.0
planarization,NSGA2,3,77,0.6835189086369913,0.6235462873647194,,80.0
planarization,NSGA2,3,78,0.6835189086369913,0.6234406065086736,,80.0
planarization,NSGA2,3,79,0.6835189086369913,0.6229797107455909,,80.0
planarization,NSGA2,3,80,0.6835189086369913,0.6194034740899635,,80.0
planarization,NSGA2,3,81,0.6835189086369913,0.6228434770627396,,80.0
planarization,NSGA2,3,82,0.6835189086369913,0.6224623687978361,,80.0
planarization,NSGA2,3,83,0.6835189086369913,0.6222696889303126,,80.0
planarization,NSGA2,3,84,0.6835189086369913,0.6226946858559178,,80.0
planarization,NSGA2,3,85,0.6835189086369913,0.6265508921022791,,80.0
planarization,NSGA2,3,86,0.6835189086369913,0.633702073986545,,80.0
planarization,NSGA2,3,87,0.6835189086369913,0.6382946034048466,,80.0
planarization,NSGA2,3,88,0.6835189086369913,0.6388946928939354,,80.0
planarization,NSGA2,3,89,0.6835189086369913,0.6346008149109357,,80.0
planarization,NSGA2,3,90,0.6835189086369913,0.6343344718658306,,80.0
planarization,NSGA2,3,91,0.6835189086369913,0.6308117213517205,,80.0
planarization,NSGA2,3,92,0.6835189086369913,0.6346767212501017,,80.0
planarization,NSGA2,3,93,0.6835189086369913,0.6341868547989348,,80.0
planarization,NSGA2,3,94,0.6835189086369913,0.6371919726535575,,80.0
planarization,NSGA2,3,95,0.6835189086369913,0.6293566623118797,,80.0
planarization,NSGA2,3,96,0.6835189086369913,0.6297915474300331,,80.0
planarization,NSGA2,3,97,0.6835189086369913,0.6299323232947606,,80.0
planarization,NSGA2,3,98,0.6835189086369913,0.6262168929131269,,80.0
planarization,NSGA2,3,99,0.6835189086369913,0.6266285540048361,,80.0
planarization,NSGA2,3,100,0.6835189086369913,0.6262661275845005,,80.0
planarization,NSGA2,3,101,0.6835189086369913,0.6264896509905624,,80.0
planarization,NSGA2,3,102,0.6835189086369913,0.6230538994879301,,80.0
planarization,NSGA2,3,103,0.6835189086369913,0.6196138965151541,,80.0
planarization,NSGA2,3,104,0.6835189086369913,0.6268448658975994,,80.0
planarization,NSGA2,3,105,0.6835189086369913,0.6227132322423804,,80.0
planarization,NSGA2,3,106,0.6835189086369913,0.6230378943226117,,80.0
planarization,NSGA2,3,107,0.6835189086369913,0.6195414451651635,,80.0
planarization,NSGA2,3,108,0.6835189086369913,0.6238306636792241,,80.0
planarization,NSGA2,3,109,0.6835189086369913,0.6314759634848006,,80.0
planarization,NSGA2,3,110,0.6835189086369913,0.639078152939601,,80.0
planarization,NSGA2,3,111,0.6835189086369913,0.6387676305220615,,80.0
planarization,NSGA2,3,112,0.6835189086369913,0.6392285262851443,,80.0
planarization,NSGA2,3,113,0.6835189086369913,0.6386196431440354,,80.0
planarization,NSGA2,3,114,0.6835189086369913,0.6349042127624018,,80.0
planarization,NSGA2,3,115,0.6835189086369913,0.634960658947074,,80.0
planarization,NSGA2,3,116,0.6835189086369913,0.6392242748150008,,80.0
planarization,NSGA2,3,117,0.6835189086369913,0.6352669298944699,,80.0
planarization,NSGA2,3,118,0.6835189086369913,0.6318761615930675,,80.0
planarization,NSGA2,3,119,0.6835189086369913,0.6318051677469081,,80.0
planarization,NSGA2,3,120,0.6835189086369913,0.6279535036824232,,80.0
planarization,NSGA2,3,121,0.6835189086369913,0.6313977581253427,,80.0
planarization,NSGA2,3,122,0.6835189086369913,0.6347060695971436,,80.0
planarization,NSGA2,3,123,0.6835189086369913,0.6384520528055827,,80.0
planarization,NSGA2,3,124,0.6835189086369913,0.6351394898636383,,80.0
planarization,NSGA2,3,125,0.6835189086369913,0.638711475049122,,80.0
planarization,NSGA2,3,126,0.6835189086369913,0.6383868129688908,,80.0
planarization,NSGA2,3,127,0.6835189086369913,0.6384924938249366,,80.0
planarization,NSGA2,3,128,0.6835189086369913,0.6386897158743363,,80.0
planarization,NSGA2,3,129,0.6835189086369913,0.6385718733243204,,80.0
planarization,NSGA2,3,130,0.6835189086369913,0.6350403291581903,,80.0
planarization,NSGA2,3,131,0.6835189086369913,0.630864003013474,,80.0
planarization,NSGA2,3,132,0.6835189086369913,0.6346664324065854,,80.0
planarization,NSGA2,3,133,0.6835189086369913,0.6349956366686931,,80.0
planarization,NSGA2,3,134,0.6835189086369913,0.6314991875112448,,80.0
planarization,NSGA2,3,135,0.6835189086369913,0.6316830737267486,,80.0
planarization,NSGA2,3,136,0.6835189086369913,0.6313584116465172,,80.0
planarization,NSGA2,3,137,0.6835189086369913,0.6349346483021445,,80.0
planarization,NSGA2,3,138,0.6835189086369913,0.6385443978277323,,80.0
planarization,NSGA2,3,139,0.6835189086369913,0.6390880411321491,,80.0
planarization,NSGA2,3,140,0.6835189086369913,0.6351464180130316,,80.0
planarization,NSGA2,3,141,0.6835189086369913,0.63168465586547,,80.0
planarization,NSGA2,3,142,0.6835189086369913,0.6311699832491373,,80.0
planarization,NSGA2,3,143,0.6835189086369913,0.6311699832491373,,80.0
planarization,NSGA2,3,144,0.6835189086369913,0.6312005360759431,,80.0
planarization,NSGA2,3,145,0.6835189086369913,0.6386806315105839,,80.0
planarization,NSGA2,3,146,0.6835189086369913,0.6386806315105839,,80.0
planarization,NSGA2,3,147,0.6835189086369913,0.6386806315105839,,80.0
planarization,NSGA2,3,148,0.6835189086369913,0.642125176665236,,80.0
planarization,NSGA2,3,149,0.6835189086369913,0.6426425186129909,,80.0
planarization,NSGA2,3,150,0.6835189086369913,0.635070881984996,,80.0
planarization,NSGA2,3,151,0.6835189086369913,0.6422263153394056,,80.0
planarization,NSGA2,3,152,0.6835189086369913,0.6385936324991061,,80.0
planarization,NSGA2,3,153,0.6835189086369913,0.6385534821914849,,80.0
planarization,NSGA2,3,154,0.6835189086369913,0.6384127063267572,,80.0
planarization,NSGA2,3,155,0.6835189086369913,0.6421773713797645,,80.0
planarization,NSGA2,3,156,0.6835189086369913,0.638838507081158,,80.0
planarization,NSGA2,3,157,0.6835189086369913,0.6350219380253549,,80.0
planarization,NSGA2,3,158,0.6835189086369913,0.6315327003812052,,80.0
planarization,NSGA2,3,159,0.6835189086369913,0.6316124878793846,,80.0
planarization,NSGA2,3,160,0.6835189086369913,0.6280027383537967,,80.0
planarization,NSGA2,3,161,0.6835189086369913,0.6279199908124625,,80.0
planarization,NSGA2,3,162,0.6835189086369913,0.6241247729326498,,80.0
planarization,NSGA2,3,163,0.6835189086369913,0.6243437541568353,,80.0
planarization,NSGA2,3,164,0.6835189086369913,0.6246279752177128,,80.0
planarization,NSGA2,3,165,0.6835189086369913,0.6246279752177128,,80.0
planarization,NSGA2,3,166,0.6835189086369913,0.627870756141089,,80.0
planarization,NSGA2,3,167,0.6835189086369913,0.6350754241668721,,80.0
planarization,NSGA2,3,168,0.6835189086369913,0.6350235201640764,,80.0
planarization,NSGA2,3,169,0.6835189086369913,0.634868604636657,,80.0
planarization,NSGA2,3,170,0.6835189086369913,0.6351528256975344,,80.0
planarization,NSGA2,3,171,0.6835189086369913,0.6352802657283659,,80.0
planarization,NSGA2,3,172,0.6835189086369913,0.6353108185551716,,80.0
planarization,NSGA2,3,173,0.6835189086369913,0.6353672647398436,,80.0
planarization,NSGA2,3,174,0.6835189086369913,0.6349510614662585,,80.0
planarization,NSGA2,3,175,0.6835189086369913,0.6309860970336337,,80.0
planarization,NSGA2,3,176,0.6835189086369913,0.6282422669251769,,80.0
planarization,NSGA2,3,177,0.6835189086369913,0.624667612408271,,80.0
planarization,NSGA2,3,178,0.6835189086369913,0.6242655487973774,,80.0
planarization,NSGA2,3,179,0.6835189086369913,0.6274995360687337,,80.0
planarization,NSGA2,3,180,0.6835189086369913,0.6270340981237748,,80.0
planarization,NSGA2,3,181,0.6835189086369913,0.6307495285054083,,80.0
planarization,NSGA2,3,182,0.6835189086369913,0.6344577473737435,,80.0
planarization,NSGA2,3,183,0.6835189086369913,0.638181971407397,,80.0
planarization,NSGA2,3,184,0.6835189086369913,0.6377657681338117,,80.0
planarization,NSGA2,3,185,0.6835189086369913,0.6340503377521781,,80.0
planarization,NSGA2,3,186,0.6835189086369913,0.6344878922017536,,80.0
planarization,NSGA2,3,187,0.6835189086369913,0.6347068734259391,,80.0
planarization,NSGA2,3,188,0.6835189086369913,0.6351185345176482,,80.0
planarization,NSGA2,3,189,0.6835189086369913,0.6382338754101929,,80.0
planarization,NSGA2,3,190,0.6835189086369913,0.635270773365818,,80.0
planarization,NSGA2,3,191,0.6835189086369913,0.6313626631166609,,80.0
planarization,NSGA2,3,192,0.6835189086369913,0.6310872357078032,,80.0
planarization,NSGA2,3,193,0.6835189086369913,0.6271210971352525,,80.0
planarization,NSGA2,3,194,0.6835189086369913,0.6307800813322141,,80.0
planarization,NSGA2,3,195,0.6835189086369913,0.6269803212705248,,80.0
planarization,NSGA2,3,196,0.6835189086369913,0.6344558745232896,,80.0
planarization,NSGA2,3,197,0.6835189086369913,0.6310204137323898,,80.0
planarization,NSGA2,3,198,0.6835189086369913,0.6307308466608404,,80.0
planarization,NSGA2,3,199,0.6835189086369913,0.6342765304896621,,80.0
planarization,NSGA2,3,200,0.6835189086369913,0.637660087277766,,80.0
planarization,NSGA2,4,0,0.6353861617814631,0.3893550551777783,,4.0
planarization,NSGA2,4,1,0.6363163173609205,0.4838379412166637,,6.0
planarization,NSGA2,4,2,0.6459513087758302,0.49801633554250274,,5.0
planarization,NSGA2,4,3,0.6473609678749497,0.5145497260964957,,4.0
planarization,NSGA2,4,4,0.6510410642455321,0.5483901195071323,,4.0
planarization,NSGA2,4,5,0.6535297427349097,0.5645942157613053,,4.0
planarization,NSGA2,4,6,0.6563730706233344,0.5696532504739016,,2.0
planarization,NSGA2,4,7,0.6624817494430788,0.5957080979001942,,2.0
planarization,NSGA2,4,8,0.6638499140184768,0.6068327403307492,,2.0
planarization,NSGA2,4,9,0.6638499140184768,0.6219847741321736,,3.0
planarization,NSGA2,4,10,0.6638499140184768,0.6198197471423141,,3.0
planarization,NSGA2,4,11,0.6660956941971439,0.6118128169561327,,3.0
planarization,NSGA2,4,12,0.6775156045716124,0.6329416128226875,,4.0
planarization,NSGA2,4,13,0.6775156045716124,0.6384627499726001,,6.0
planarization,NSGA2,4,14,0.6789346481433305,0.6453560146266077,,4.0
planarization,NSGA2,4,15,0.6789346481433305,0.6467672996398425,,5.0
planarization,NSGA2,4,16,0.6789346481433305,0.6441465108954596,,7.0
planarization,NSGA2,4,17,0.6791536751622174,0.6356650271098591,,11.0
planarization,NSGA2,4,18,0.6791536751622174,0.6480152951409371,,19.0
planarization,NSGA2,4,19,0.6794351978614577,0.6514753221353458,,32.0
planarization,NSGA2,4,20,0.6794351978614577,0.6553907892237236,,53.0
planarization,NSGA2,4,21,0.6794351978614577,0.6680033317331888,,80.0
planarization,NSGA2,4,22,0.6794351978614577,0.6680584110651113,,80.0
planarization,NSGA2,4,23,0.6799133177200356,0.668397701411335,,80.0
planarization,NSGA2,4,24,0.6799133177200356,0.6681206727105369,,80.0
planarization,NSGA2,4,25,0.6799133177200356,0.6685930520162575,,80.0
planarization,NSGA2,4,26,0.6806052258621749,0.6686052199017748,,80.0
planarization,NSGA2,4,27,0.6807380500329202,0.668497837954708,,80.0
planarization,NSGA2,4,28,0.6808857028300436,0.6687806613384796,,80.0
planarization,NSGA2,4,29,0.6808857028300436,0.668500113603941,,80.0
planarization,NSGA2,4,30,0.6808857028300436,0.6677436675299414,,80.0
planarization,NSGA2,4,31,0.6808857028300436,0.6678977883269486,,80.0
planarization,NSGA2,4,32,0.6808857028300436,0.6681422824109731,,80.0
planarization,NSGA2,4,33,0.6808857028300436,0.6679194386727965,,80.0
planarization,NSGA2,4,34,0.6808857028300436,0.6680394795774586,,80.0
planarization,NSGA2,4,35,0.6808857028300436,0.6681099567679004,,80.0
planarization,NSGA2,4,36,0.6808857028300436,0.6687799998970134,,80.0
planarization,NSGA2,4,37,0.6808857028300436,0.6694439995124984,,80.0
planarization,NSGA2,4,38,0.6808857028300436,0.6655996968078846,,80.0
planarization,NSGA2,4,39,0.6808857028300436,0.6660002854470852,,80.0
planarization,NSGA2,4,40,0.6808857028300436,0.6664061579044948,,80.0
planarization,NSGA2,4,41,0.6808857028300436,0.6669200836526389,,80.0
planarization,NSGA2,4,42,0.6808857028300436,0.6663600903982221,,80.0
planarization,NSGA2,4,43,0.6808857028300436,0.6652680172577613,,80.0
planarization,NSGA2,4,44,0.6808857028300436,0.6660642449897161,,80.0
planarization,NSGA2,4,45,0.6808857028300436,0.6654309075457289,,80.0
planarization,NSGA2,4,46,0.6808857028300436,0.6652478788264962,,80.0
planarization,NSGA2,4,47,0.6808857028300436,0.6620399812912197,,80.0
planarization,NSGA2,4,48,0.6808857028300436,0.6587179869515808,,80.0
planarization,NSGA2,4,49,0.6808857028300436,0.6591546292412955,,80.0
planarization,NSGA2,4,50,0.6808857028300436,0.6588551646144973,,80.0
planarization,NSGA2,4,51,0.6808857028300436,0.6557684101985435,,80.0
planarization,NSGA2,4,52,0.6808857028300436,0.6561229541572644,,80.0
planarization,NSGA2,4,53,0.6808857028300436,0.6559237678840932,,80.0
planarization,NSGA2,4,54,0.6808857028300436,0.6527838077098341,,80.0
planarization,NSGA2,4,55,0.6808857028300436,0.6531003014340792,,80.0
planarization,NSGA2,4,56,0.6808857028300436,0.6492210472936119,,80.0
planarization,NSGA2,4,57,0.6808857028300436,0.6451972349035058,,80.0
planarization,NSGA2,4,58,0.6808857028300436,0.6419409618320255,,80.0
planarization,NSGA2,4,59,0.6808857028300436,0.6421351066216775,,80.0
planarization,NSGA2,4,60,0.6808857028300436,0.6412190469587612,,80.0
planarization,NSGA2,4,61,0.6808857028300436,0.6416194266242613,,80.0
planarization,NSGA2,4,62,0.6808857028300436,0.6452065967246525,,80.0
planarization,NSGA2,4,63,0.6808857028300436,0.6456159882158026,,80.0
planarization,NSGA2,4,64,0.6808857028300436,0.6424795470752841,,80.0
planarization,NSGA2,4,65,0.6808857028300436,0.6417896078495955,,80.0
planarization,NSGA2,4,66,0.6808857028300436,0.6418681023118342,,80.0
planarization,NSGA2,4,67,0.6808857028300436,0.6380301856400896,,80.0
planarization,NSGA2,4,68,0.6808857028300436,0.6383376675386847,,80.0
planarization,NSGA2,4,69,0.6808857028300436,0.6377585484183077,,80.0
planarization,NSGA2,4,70,0.6808857028300436,0.6339087529217844,,80.0
planarization,NSGA2,4,71,0.6808857028300436,0.6336408437074438,,80.0
planarization,NSGA2,4,72,0.6808857028300436,0.6297560967750668,,80.0
planarization,NSGA2,4,73,0.6808857028300436,0.6409733493471829,,80.0
planarization,NSGA2,4,74,0.6808857028300436,0.6405628556413725,,80.0
planarization,NSGA2,4,75,0.6808857028300436,0.6367329562414248,,80.0
planarization,NSGA2,4,76,0.6808857028300436,0.6370260348353538,,80.0
planarization,NSGA2,4,77,0.6808857028300436,0.6375344677915884,,80.0
planarization,NSGA2,4,78,0.6808857028300436,0.6452106436543189,,80.0
planarization,NSGA2,4,79,0.6808857028300436,0.6441681570538712,,80.0
planarization,NSGA2,4,80,0.6808857028300436,0.6437461270425233,,80.0
planarization,NSGA2,4,81,0.6808857028300436,0.6438581506753885,,80.0
planarization,NSGA2,4,82,0.6808857028300436,0.6401158652241369,,80.0
planarization,NSGA2,4,83,0.6808857028300436,0.644568745693072,,80.0
planarization,NSGA2,4,84,0.6808857028300436,0.6442532465226799,,80.0
planarization,NSGA2,4,85,0.6808857028300436,0.6474128938198139,,80.0
planarization,NSGA2,4,86,0.6808857028300436,0.6473280133247059,,80.0
planarization,NSGA2,4,87,0.6808857028300436,0.6438768327092144,,80.0
planarization,NSGA2,4,88,0.6808857028300436,0.644166392269403,,80.0
planarization,NSGA2,4,89,0.6808857028300436,0.6400532116813284,,80.0
planarization,NSGA2,4,90,0.6808857028300436,0.6374785180444988,,80.0
planarization,NSGA2,4,91,0.6808857028300436,0.6337652635258172,,80.0
planarization,NSGA2,4,92,0.6808857028300436,0.6410581964813019,,80.0
planarization,NSGA2,4,93,0.6808857028300436,0.6372768815912588,,80.0
planarization,NSGA2,4,94,0.6808857028300436,0.637255231245411,,80.0
planarization,NSGA2,4,95,0.6808857028300436,0.6377041954208154,,80.0
planarization,NSGA2,4,96,0.6808857028300436,0.6376671472164483,,80.0
planarization,NSGA2,4,97,0.6808857028300436,0.6373551670797968,,80.0
planarization,NSGA2,4,98,0.6808857028300436,0.6341736604631143,,80.0
planarization,NSGA2,4,99,0.6808857028300436,0.6374939159030178,,80.0
planarization,NSGA2,4,100,0.6808857028300436,0.6377653441510991,,80.0
planarization,NSGA2,4,101,0.6808857028300436,0.6378763732301114,,80.0
planarization,NSGA2,4,102,0.6808857028300436,0.6381389986262432,,80.0
planarization,NSGA2,4,103,0.6808857028300436,0.634842943896808,,80.0
planarization,NSGA2,4,104,0.6808857028300436,0.6346435152889474,,80.0
planarization,NSGA2,4,105,0.6808857028300436,0.6382415591250683,,80.0
planarization,NSGA2,4,106,0.6808857028300436,0.6383830414018776,,80.0
planarization,NSGA2,4,107,0.6808857028300436,0.6377464272588396,,80.0
planarization,NSGA2,4,108,0.6808857028300436,0.6371829149706822,,80.0
planarization,NSGA2,4,109,0.6808857028300436,0.6378222625673086,,80.0
planarization,NSGA2,4,110,0.6808857028300436,0.6369807270245003,,80.0
planarization,NSGA2,4,111,0.6808857028300436,0.6370401958053304,,80.0
planarization,NSGA2,4,112,0.6808857028300436,0.6411614195499349,,80.0
planarization,NSGA2,4,113,0.6808857028300436,0.6416763473281877,,80.0
planarization,NSGA2,4,114,0.6808857028300436,0.6420983773395356,,80.0
planarization,NSGA2,4,115,0.6808857028300436,0.6421957886940339,,80.0
planarization,NSGA2,4,116,0.6808857028300436,0.641073262355776,,80.0
planarization,NSGA2,4,117,0.6808857028300436,0.6340610861085304,,80.0
planarization,NSGA2,4,118,0.6808857028300436,0.6338780573892977,,80.0
planarization,NSGA2,4,119,0.6808857028300436,0.6337005214619744,,80.0
planarization,NSGA2,4,120,0.6808857028300436,0.6334109619017859,,80.0
planarization,NSGA2,4,121,0.6808857028300436,0.6337005214619744,,80.0
planarization,NSGA2,4,122,0.6808857028300436,0.6297414616709072,,80.0
planarization,NSGA2,4,123,0.6808857028300436,0.6303500394352283,,80.0
planarization,NSGA2,4,124,0.6808857028300436,0.6305114178086132,,80.0
planarization,NSGA2,4,125,0.6808857028300436,0.634279851843769,,80.0
planarization,NSGA2,4,126,0.6808857028300436,0.634256436713453,,80.0
planarization,NSGA2,4,127,0.6808857028300436,0.6381097512437168,,80.0
planarization,NSGA2,4,128,0.6808857028300436,0.6422155771298022,,80.0
planarization,NSGA2,4,129,0.6808857028300436,0.6423185889370174,,80.0
planarization,NSGA2,4,130,0.6808857028300436,0.6417497928306515,,80.0
planarization,NSGA2,4,131,0.6808857028300436,0.6382039601989827,,80.0
planarization,NSGA2,4,132,0.6808857028300436,0.6380624779221734,,80.0
planarization,NSGA2,4,133,0.6808857028300436,0.641628966345837,,80.0
planarization,NSGA2,4,134,0.6808857028300436,0.6448701840780391,,80.0
planarization,NSGA2,4,135,0.6808857028300436,0.641845557596685,,80.0
planarization,NSGA2,4,136,0.6808857028300436,0.644845800278603,,80.0
planarization,NSGA2,4,137,0.6808857028300436,0.6456797462609885,,80.0
planarization,NSGA2,4,138,0.6808857028300436,0.6420978599788059,,80.0
planarization,NSGA2,4,139,0.6808857028300436,0.6414330901327057,,80.0
planarization,NSGA2,4,140,0.6808857028300436,0.6419400006391613,,80.0
planarization,NSGA2,4,141,0.6808857028300436,0.6454643918986829,,80.0
planarization,NSGA2,4,142,0.6808857028300436,0.6416299942606788,,80.0
planarization,NSGA2,4,143,0.6808857028300436,0.6413981386968521,,80.0
planarization,NSGA2,4,144,0.6808857028300436,0.6409372956966688,,80.0
planarization,NSGA2,4,145,0.6808857028300436,0.6376863064433975,,80.0
planarization,NSGA2,4,146,0.6808857028300436,0.6405683484332819,,80.0
planarization,NSGA2,4,147,0.6808857028300436,0.6414773700287173,,80.0
planarization,NSGA2,4,148,0.6808857028300436,0.6447248402482482,,80.0
planarization,NSGA2,4,149,0.6808857028300436,0.6444460572981778,,80.0
planarization,NSGA2,4,150,0.6808857028300436,0.6404817136889018,,80.0
planarization,NSGA2,4,151,0.6808857028300436,0.6369159849606575,,80.0
planarization,NSGA2,4,152,0.6808857028300436,0.6477617886152919,,80.0
planarization,NSGA2,4,153,0.6808857028300436,0.6513202597671585,,80.0
planarization,NSGA2,4,154,0.6808857028300436,0.6518901580881848,,80.0
planarization,NSGA2,4,155,0.6808857028300436,0.6492432483611781,,80.0
planarization,NSGA2,4,156,0.6808857028300436,0.6458839634824828,,80.0
planarization,NSGA2,4,157,0.6808857028300436,0.6457990829873748,,80.0
planarization,NSGA2,4,158,0.6808857028300436,0.6457990829873748,,80.0
planarization,NSGA2,4,159,0.6808857028300436,0.6460669922017155,,80.0
planarization,NSGA2,4,160,0.6808857028300436,0.645445533582507,,80.0
planarization,NSGA2,4,161,0.6808857028300436,0.6447782572679711,,80.0
planarization,NSGA2,4,162,0.6808857028300436,0.6443507344647137,,80.0
planarization,NSGA2,4,163,0.6808857028300436,0.643878355158993,,80.0
planarization,NSGA2,4,164,0.6808857028300436,0.6483820362306911,,80.0
planarization,NSGA2,4,165,0.6808857028300436,0.6480476201680393,,80.0
planarization,NSGA2,4,166,0.6808857028300436,0.6442766616529959,,80.0
planarization,NSGA2,4,167,0.6808857028300436,0.6404367712230823,,80.0
planarization,NSGA2,4,168,0.6808857028300436,0.6365474030423045,,80.0
planarization,NSGA2,4,169,0.6808857028300436,0.6368629022126966,,80.0
planarization,NSGA2,4,170,0.6808857028300436,0.633126895133507,,80.0
planarization,NSGA2,4,171,0.6808857028300436,0.6331485454793546,,80.0
planarization,NSGA2,4,172,0.6808857028300436,0.6332862997487227,,80.0
planarization,NSGA2,4,173,0.6808857028300436,0.6337317448903868,,80.0
planarization,NSGA2,4,174,0.6808857028300436,0.6340845345998354,,80.0
planarization,NSGA2,4,175,0.6808857028300436,0.6341009011274744,,80.0
planarization,NSGA2,4,176,0.6808857028300436,0.6338528880097094,,80.0
planarization,NSGA2,4,177,0.6808857028300436,0.6375762565687013,,80.0
planarization,NSGA2,4,178,0.6808857028300436,0.6344353171901262,,80.0
planarization,NSGA2,4,179,0.6808857028300436,0.6346618889357443,,80.0
planarization,NSGA2,4,180,0.6808857028300436,0.6306489608165637,,80.0
planarization,NSGA2,4,181,0.6808857028300436,0.6307154676648749,,80.0
planarization,NSGA2,4,182,0.6808857028300436,0.6340349375246263,,80.0
planarization,NSGA2,4,183,0.6808857028300436,0.6340168062125189,,80.0
planarization,NSGA2,4,184,0.6808857028300436,0.6377436938052513,,80.0
planarization,NSGA2,4,185,0.6808857028300436,0.6337848429878846,,80.0
planarization,NSGA2,4,186,0.6808857028300436,0.6338697234829926,,80.0
planarization,NSGA2,4,187,0.6808857028300436,0.6372215189858168,,80.0
planarization,NSGA2,4,188,0.6808857028300436,0.6337488969981782,,80.0
planarization,NSGA2,4,189,0.6808857028300436,0.6337758311622348,,80.0
planarization,NSGA2,4,190,0.6808857028300436,0.637180181517094,,80.0
planarization,NSGA2,4,191,0.6808857028300436,0.6409577350387072,,80.0
planarization,NSGA2,4,192,0.6808857028300436,0.6438821165274232,,80.0
planarization,NSGA2,4,193,0.6808857028300436,0.6404392957029698,,80.0
planarization,NSGA2,4,194,0.6808857028300436,0.6398024392252422,,80.0
planarization,NSGA2,4,195,0.6808857028300436,0.6363452150961225,,80.0
planarization,NSGA2,4,196,0.6808857028300436,0.6332007566838069,,80.0
planarization,NSGA2,4,197,0.6808857028300436,0.6333422389606163,,80.0
planarization,NSGA2,4,198,0.6808857028300436,0.6339961245357909,,80.0
planarization,NSGA2,4,199,0.6808857028300436,0.6338815764230382,,80.0
planarization,NSGA2,4,200,0.6808857028300436,0.6376644137628602,,80.0
