product,operation,n_test,MRA,MAE,RMSE,MAPE,R2,process,method,seed
P01,LITH-01,75,0.5885255995188049,15.817155883757898,29.625139310466444,40.75752602026595,0.5663230332302278,lithography,ALL,0
P01,LITH-02,75,0.693284320048932,8.767769308317764,14.935959643518448,41.131637415347036,0.7403915137842959,lithography,ALL,0
P01,LITH-03,75,0.4458120237193901,13.117753745107057,22.052777899976068,55.232690868443726,-0.21900893487535167,lithography,ALL,0
P01,LITH-04,75,0.7021806533450885,7.280585629143903,12.262179415402866,34.18104447830898,0.7798126234847732,lithography,ALL,0
P01,LITH-05,75,0.6997511293119031,12.678319006173563,21.25253671112606,33.03686916181297,0.7275364556642747,lithography,ALL,0
P02,LITH-01,75,0.6911231667044736,7.6604860662709,14.352001306275914,35.59500705489971,0.7836392170204174,lithography,ALL,0
P02,LITH-02,75,0.5969092094099933,11.393007860411398,28.77466463096286,29.34626157309465,0.3853157934384104,lithography,ALL,0
P02,LITH-03,75,0.5908074496048041,11.500147914742726,22.70875187009569,51.643231063331484,0.4717338916293706,lithography,ALL,0
P02,LITH-04,75,0.5157698459498419,15.171264412574043,29.20069298545371,61.36401994159046,0.27383918338472657,lithography,ALL,0
P02,LITH-05,75,0.6542082041539627,7.888452302690992,15.069829996694198,33.839310224130365,0.5923044805253054,lithography,ALL,0
P03,LITH-01,75,0.723827964249476,8.015025312614275,12.34795969415586,40.547670908058286,0.817434362525988,lithography,ALL,0
P03,LITH-02,75,0.6405174597136163,15.24725145700727,26.73251188854478,55.39746828848128,0.6927448988853124,lithography,ALL,0
P03,LITH-03,75,0.5949639988757478,10.128856966577317,17.297964409681615,45.94014760657154,0.5963768517940883,lithography,ALL,0
P03,LITH-04,75,0.719687414281712,7.187803604951324,13.811050813001275,33.221714786876305,0.8269759003473363,lithography,ALL,0
P03,LITH-05,75,0.6417000067890771,9.645634801820389,19.401897707109207,50.36152895605708,0.602737575279978,lithography,ALL,0
P01,LITH-01,75,0.5843703791474066,15.976883361989627,30.204031619987788,40.58076594806074,0.5492088444182526,lithography,ALL,1
P01,LITH-02,75,0.7003990131411746,8.564388810319691,14.029080204943556,38.62811700752827,0.7709601671664725,lithography,ALL,1
P01,LITH-03,75,0.5472860718651626,10.715840257143942,16.64597233874363,48.01384818725902,0.3054578311264421,lithography,ALL,1
P01,LITH-04,75,0.6801071267905545,7.820202017476396,12.936792515284312,40.42118074062859,0.7549186239310022,lithography,ALL,1
P01,LITH-05,75,0.696678777674789,12.808052230698948,21.16896040437561,33.94344897681225,0.7296751859471415,lithography,ALL,1
P02,LITH-01,75,0.7078550610452085,7.245516636249316,14.000051001356269,32.913156174662966,0.7941206210269083,lithography,ALL,1
P02,LITH-02,75,0.6135869738812487,10.921625466789893,28.983945176392687,28.68482844288323,0.3763419786136851,lithography,ALL,1
P02,LITH-03,75,0.6116806451612582,10.913517400280188,20.219133945008103,47.79154434347882,0.5812148073436293,lithography,ALL,1
P02,LITH-04,75,0.5591307472401051,13.812737494867951,28.350535698522986,51.04752257106938,0.3155069646926091,lithography,ALL,1
P02,LITH-05,75,0.6324814780198003,8.384098078160115,15.651862397271163,35.19154827088972,0.5602040002240671,lithography,ALL,1
P03,LITH-01,75,0.7204983525515841,8.111656826979067,13.318297767234275,38.3816911856328,0.7876139085964514,lithography,ALL,1
P03,LITH-02,75,0.6630889833905238,14.28989286875586,24.741109844920004,49.92416207943363,0.7368169476369749,lithography,ALL,1
P03,LITH-03,75,0.6137284097992556,9.65960970515182,17.398907499420574,45.88552562191322,0.5916523830115112,lithography,ALL,1
P03,LITH-04,75,0.7065986075156474,7.523428108633723,14.414814001606752,34.196437638542626,0.8115174114067571,lithography,ALL,1
P03,LITH-05,75,0.5920183257607784,10.983093246195512,21.65263923009817,51.96879383959011,0.5052215819227384,lithography,ALL,1
P01,LITH-01,75,0.5796389320189148,16.158761108696574,29.786828106323117,44.16808020488361,0.5615762498279353,lithography,ALL,2
P01,LITH-02,75,0.6829789918090956,9.062357249396594,15.040658201387542,42.06953381230624,0.7367391338102355,lithography,ALL,2
P01,LITH-03,75,0.5160186725088469,11.455946615565521,17.531283699218147,50.38970924619268,0.22961517909496532,lithography,ALL,2
P01,LITH-04,75,0.6929044941903779,7.507353539939476,12.484996274096627,38.44636145987699,0.7717378420994564,lithography,ALL,2
P01,LITH-05,75,0.6906915899249464,13.060867423869864,21.473200055721268,34.62023104262957,0.7218491494934356,lithography,ALL,2
P02,LITH-01,75,0.683435356464097,7.8511522376318075,15.075712354301224,36.669550358290145,0.7612687352021659,lithography,ALL,2
P02,LITH-02,75,0.6254016523241933,10.587693936943529,28.189875873402766,28.030936751695005,0.4100464204133665,lithography,ALL,2
P02,LITH-03,75,0.6195726910955952,10.691715474738864,17.965428070925338,51.51536742738615,0.6693706840996363,lithography,ALL,2
P02,LITH-04,75,0.546992781798554,14.193028316503533,28.52774658981758,52.93705827432789,0.30692308985095285,lithography,ALL,2
P02,LITH-05,75,0.6632312916805844,7.682611110297715,14.998929037565771,35.06816363820173,0.5961317306643561,lithography,ALL,2
P03,LITH-01,75,0.7187833839706328,8.161428399793483,13.269243961700909,40.655300788320005,0.7891755435500483,lithography,ALL,2
P03,LITH-02,75,0.6172100449857654,16.235822453766072,27.35915628621125,61.60960487459668,0.67817115607272,lithography,ALL,2
P03,LITH-03,75,0.6110768601118955,9.725917804798506,16.428702775808365,47.44072099746082,0.6359235296286965,lithography,ALL,2
P03,LITH-04,75,0.7171943861092733,7.251730084881516,13.79747521797652,33.8692625077673,0.8273158818169773,lithography,ALL,2
P03,LITH-05,75,0.6449543170808238,9.558026961460998,19.42901051033867,46.44505074912521,0.601626506259292,lithography,ALL,2
P01,LITH-01,75,0.5720693440901432,16.449737539077606,31.30538416191898,41.61816612009015,0.5157343894314421,lithography,ALL,3
P01,LITH-02,75,0.6762735131145194,9.25403995145233,14.830065084118294,42.00732546968368,0.744059663961304,lithography,ALL,3
P01,LITH-03,75,0.47128387104073866,12.514829403736597,19.517691579015057,53.328749332172166,0.04514553429267942,lithography,ALL,3
P01,LITH-04,75,0.7331668137836409,6.523088183376296,10.270094502104328,34.183242235470516,0.8455435801320906,lithography,ALL,3
P01,LITH-05,75,0.7013024918229529,12.612811120118135,20.614984465386392,34.258906571780486,0.7436384578133454,lithography,ALL,3
P02,LITH-01,75,0.7214504364842707,6.908336333649501,13.905066672196408,33.07280339688278,0.796904750526837,lithography,ALL,3
P02,LITH-02,75,0.6215229973373587,10.697320720249964,27.76592952071353,28.208233057083614,0.4276575643989995,lithography,ALL,3
P02,LITH-03,75,0.5846465818632158,11.673295960187357,20.234960740002023,53.58127795702142,0.5805589314295743,lithography,ALL,3
P02,LITH-04,75,0.5612279884750138,13.747029481755543,27.598317687495474,53.64582683009896,0.3513480715266504,lithography,ALL,3
P02,LITH-05,75,0.6387284749594723,8.241587070132613,15.511353018635118,35.5602650892737,0.5680648013233203,lithography,ALL,3
P03,LITH-01,75,0.6902223416308699,8.990322884659568,13.458027563185468,43.98296836246907,0.7831340053719694,lithography,ALL,3
P03,LITH-02,75,0.6481926794579081,14.92171129214759,25.844675261531883,54.65584084110062,0.7128150189250855,lithography,ALL,3
P03,LITH-03,75,0.5898265107523328,10.257331675554106,17.51882968331608,48.17979997093116,0.5860039018101013,lithography,ALL,3
P03,LITH-04,75,0.729687814523887,6.93137233295735,13.231673346433114,32.87348351800439,0.8411882273227962,lithography,ALL,3
P03,LITH-05,75,0.620625191017216,10.212980546455531,20.2980553097019,52.46497212546159,0.5651915944326489,lithography,ALL,3
P01,LITH-01,75,0.5802475783891827,16.135364623993393,30.62028622310847,41.56366407939199,0.5366981374982195,lithography,ALL,4
P01,LITH-02,75,0.7044305579766993,8.449143136933646,14.051419024702273,39.16136008263771,0.7702301758896213,lithography,ALL,4
P01,LITH-03,75,0.48307806039679824,12.235658295344281,20.179370370523838,50.20496414691269,-0.02069386523456629,lithography,ALL,4
P01,LITH-04,75,0.6782039096946391,7.866728662549319,14.177827111705392,36.54854092908447,0.7056415979043114,lithography,ALL,4
P01,LITH-05,75,0.697441759643648,12.775834528181091,20.445977775211322,34.46934605590199,0.7478246568263662,lithography,ALL,4
P02,LITH-01,75,0.6997322138448049,7.446972203937048,13.641060415838133,35.332414125138556,0.8045436075184944,lithography,ALL,4
P02,LITH-02,75,0.6283058270362831,10.505609984406641,28.223300301528507,27.382710120178004,0.4086465879823077,lithography,ALL,4
P02,LITH-03,75,0.5647680813708998,12.231971077229773,21.473060652484484,58.91772296715082,0.5276606577210865,lithography,ALL,4
P02,LITH-04,75,0.5397880672763957,14.418756987298893,27.643271279732453,58.1689157922139,0.34923323375469284,lithography,ALL,4
P02,LITH-05,75,0.6380743425570796,8.256509611146909,15.078336285048728,35.986922633140125,0.5918440965111763,lithography,ALL,4
P03,LITH-01,75,0.6621358867119094,9.805443961293198,15.685920038246907,47.0816645886018,0.7053892259781649,lithography,ALL,4
P03,LITH-02,75,0.625037198373075,15.90383810817365,27.759487178178205,56.4804484514834,0.668683975006513,lithography,ALL,4
P03,LITH-03,75,0.6393455765977663,9.018993518761338,15.450013719914724,43.578759487435725,0.6780089458269999,lithography,ALL,4
P03,LITH-04,75,0.7220953668180125,7.126058643066645,12.615976773432505,33.20364493332176,0.8556240305775776,lithography,ALL,4
P03,LITH-05,75,0.5871494278125073,11.114166682941878,21.418532360006196,52.47961855818946,0.5158627649220913,lithography,ALL,4
P01,LITH-01,75,0.5751518392270867,16.33124582723613,30.162972812400547,43.01663068881981,0.5504336058798824,lithography,FILTER,0
P01,LITH-02,75,0.6809791815221382,9.119523792884815,15.10524993797294,41.46971495998793,0.7344731439915686,lithography,FILTER,0
P01,LITH-03,75,0.4426608595576186,13.192342507862161,20.940421365704275,55.433943667688034,-0.09913519479661059,lithography,FILTER,0
P01,LITH-04,75,0.6717127588841838,8.025413381450294,12.630364105001174,40.383083117935705,0.7663914007269477,lithography,FILTER,0
P01,LITH-05,75,0.6822787526907818,13.416108174508867,21.825964006035445,37.07455488926054,0.7126350995720233,lithography,FILTER,0
P02,LITH-01,75,0.6783602183238409,7.977021259898799,15.48764709743124,37.01764080339576,0.7480441175210685,lithography,FILTER,0
P02,LITH-02,75,0.5890015572791876,11.616510716310932,28.11780866199198,33.04696957653018,0.4130589886996856,lithography,FILTER,0
P02,LITH-03,75,0.5561470829222019,12.474259841375263,23.96123167935383,58.343933317509936,0.4118548831714419,lithography,FILTER,0
P02,LITH-04,75,0.5193735687122906,15.05835729507748,29.403360360476878,64.04904515437104,0.26372436726537174,lithography,FILTER,0
P02,LITH-05,75,0.6379501476908794,8.2593428341731,15.404366216406649,38.373764344450684,0.5740026454659687,lithography,FILTER,0
P03,LITH-01,75,0.6981973047793988,8.75887464505443,13.608303256404612,44.007427354128964,0.7782638058102584,lithography,FILTER,0
P03,LITH-02,75,0.6213756660384682,16.059139960050068,27.392745871898846,59.18067490646954,0.6773804347987801,lithography,FILTER,0
P03,LITH-03,75,0.5942668747208859,10.146290159757537,17.96220628330538,45.897531988871506,0.5647834255099402,lithography,FILTER,0
P03,LITH-04,75,0.7041277871178152,7.586785134566817,14.240727830195938,34.97297095239415,0.8160424892091189,lithography,FILTER,0
P03,LITH-05,75,0.5639106512107928,11.739767454888511,21.959373330717725,59.72249680842885,0.49110409945505407,lithography,FILTER,0
P01,LITH-01,75,0.5707230988354388,16.50148746817776,31.124764887829347,41.83925939233593,0.5213062984771402,lithography,FILTER,1
P01,LITH-02,75,0.6774968022913812,9.219071027457975,14.744536254978076,41.433088888171405,0.7470032995685596,lithography,FILTER,1
P01,LITH-03,75,0.5062044707092982,11.688250974233311,17.983737767590938,51.589970061062594,0.18933727524431632,lithography,FILTER,1
P01,LITH-04,75,0.6749581138996392,7.94607640971765,13.311305709612915,40.79359425266155,0.7405232798553847,lithography,FILTER,1
P01,LITH-05,75,0.6911807750039437,13.040211078117837,21.718183932083512,35.272218351732796,0.7154661990245983,lithography,FILTER,1
P02,LITH-01,75,0.6902117087729356,7.683091228043774,14.879754992198125,35.293262298904374,0.7674345616752759,lithography,FILTER,1
P02,LITH-02,75,0.5949893542726485,11.447270882989029,27.886576479942445,32.71937790981104,0.4226729379329148,lithography,FILTER,1
P02,LITH-03,75,0.5986630132713047,11.27937130473068,20.10344379993943,51.20466665917982,0.5859935195079526,lithography,FILTER,1
P02,LITH-04,75,0.5590204409151436,13.816193468041813,28.286892748963957,56.772767218241235,0.3185766956927959,lithography,FILTER,1
P02,LITH-05,75,0.636821256812037,8.285095908594382,15.84755931624908,37.386802192764264,0.5491376145533229,lithography,FILTER,1
P03,LITH-01,75,0.6764402179154452,9.390305707469684,14.609086491522108,42.445826951296524,0.7444506668033422,lithography,FILTER,1
P03,LITH-02,75,0.6659649606011431,14.167909899346553,23.85221342691225,49.81259040907616,0.7553884621469948,lithography,FILTER,1
P03,LITH-03,75,0.6141671858372462,9.648637100946681,16.551910417576252,47.87414011481725,0.6304422439423738,lithography,FILTER,1
P03,LITH-04,75,0.6904223221313086,7.938222050555134,14.684811024749393,38.979884631930354,0.8043905301909704,lithography,FILTER,1
P03,LITH-05,75,0.5067685263464055,13.27806519054445,24.161866596440827,65.83855871732301,0.3839016690162087,lithography,FILTER,1
P01,LITH-01,75,0.5680988850077746,16.602362757468995,30.166100459296718,44.246146779169806,0.550340368529205,lithography,FILTER,2
P01,LITH-02,75,0.6601930934206817,9.713714560455013,15.421497461962412,44.948927784621176,0.7232384748049281,lithography,FILTER,2
P01,LITH-03,75,0.5076251930068894,11.65462215867318,17.708854062703224,54.759156312074545,0.21393004041468433,lithography,FILTER,2
P01,LITH-04,75,0.6604657928009139,8.30036025967377,14.045780386645575,41.07371729102675,0.7110991418673329,lithography,FILTER,2
P01,LITH-05,75,0.679046193890541,13.552606312142965,22.406340359709624,36.58061958890804,0.6971492111163202,lithography,FILTER,2
P02,LITH-01,75,0.6908099395185325,7.668254445879943,14.958847213524578,37.41178009656842,0.7649556225522443,lithography,FILTER,2
P02,LITH-02,75,0.5976140977466686,11.373084809456302,27.817250760205372,32.2742348008713,0.42553982731246554,lithography,FILTER,2
P02,LITH-03,75,0.5813218997948408,11.766734453920634,20.13936292239264,56.64638849965803,0.5845127747647021,lithography,FILTER,2
P02,LITH-04,75,0.5175847819170907,15.11440121803583,30.18138007921904,60.62314986178517,0.2242448211968152,lithography,FILTER,2
P02,LITH-05,75,0.6269608426486597,8.510038801245349,16.658238457564266,38.538303874075034,0.501830216676071,lithography,FILTER,2
P03,LITH-01,75,0.6822270205506351,9.22236194924628,14.633602773850619,44.09734772589065,0.7435922453654543,lithography,FILTER,2
P03,LITH-02,75,0.6091419651749704,16.57802555924205,27.84174150146112,64.29012135046236,0.6667176165643952,lithography,FILTER,2
P03,LITH-03,75,0.6062833092497755,9.845791571351748,17.502923724941645,46.49397920385322,0.5867553236169109,lithography,FILTER,2
P03,LITH-04,75,0.6981161578605545,7.74093593852107,14.584306564528625,36.410146356476744,0.8070589128933656,lithography,FILTER,2
P03,LITH-05,75,0.5474181026033995,12.183756022659821,22.26176111617637,60.25454730988762,0.476992274129068,lithography,FILTER,2
P01,LITH-01,75,0.5735043686010388,16.39457491812402,30.78931848778927,41.457075682860214,0.5315689158541337,lithography,FILTER,3
P01,LITH-02,75,0.6740640109268843,9.31720074411379,14.644342749623235,41.14899130700939,0.7504299926972604,lithography,FILTER,3
P01,LITH-03,75,0.45675907767411283,12.858634521741335,19.282381265374728,52.33870042663291,0.06803068545133095,lithography,FILTER,3
P01,LITH-04,75,0.6958741061294423,7.43475747037406,11.772457018977676,38.28783394754803,0.7970489458322734,lithography,FILTER,3
P01,LITH-05,75,0.6976911463024755,12.76530391865955,21.47615094040721,36.18395466720131,0.7217726962884838,lithography,FILTER,3
P02,LITH-01,75,0.7138912357215237,7.09581284814667,13.886233890632274,34.57471067804801,0.7974545153580131,lithography,FILTER,3
P02,LITH-02,75,0.6309988848965697,10.42949306462815,26.901690683355707,29.135415346681782,0.462732385196168,lithography,FILTER,3
P02,LITH-03,75,0.568786268290816,12.119041983375325,20.604367103900454,58.53694499306813,0.5651046371626123,lithography,FILTER,3
P02,LITH-04,75,0.5615991131692577,13.735401889340412,27.043225520088285,51.759628737269104,0.37717867485428136,lithography,FILTER,3
P02,LITH-05,75,0.644842817312406,8.102102274388887,15.640809176686181,37.35296261672721,0.5608249417602957,lithography,FILTER,3
P03,LITH-01,75,0.6761544084269662,9.398600429556655,14.455551479874913,43.97331216165992,0.7497938612067,lithography,FILTER,3
P03,LITH-02,75,0.6408030745964096,15.235137261045638,26.952242370849497,58.25101241098668,0.6876731137902525,lithography,FILTER,3
P03,LITH-03,75,0.5843189642420086,10.395060545790344,18.464103423531117,47.713715575292206,0.5401221256449604,lithography,FILTER,3
P03,LITH-04,75,0.7131825222931258,7.354602701629662,13.505879800363227,36.40127411315374,0.8345377550810672,lithography,FILTER,3
P03,LITH-05,75,0.5421012552994942,12.32688850483189,22.382274644428488,60.78143441367775,0.47131436658128023,lithography,FILTER,3
P01,LITH-01,75,0.5722061675126104,16.444478020139897,30.559897672881874,43.19717270509411,0.53852375981369,lithography,FILTER,4
P01,LITH-02,75,0.6852645094413727,8.997023480503215,14.93536943176404,42.4306819077716,0.7404120308392899,lithography,FILTER,4
P01,LITH-03,75,0.5021093132333205,11.785184270545226,18.128425204832467,53.55129549538306,0.17624049297051825,lithography,FILTER,4
P01,LITH-04,75,0.6688952591245709,8.094290868726908,15.146180050729914,38.208916616879605,0.6640587646867662,lithography,FILTER,4
P01,LITH-05,75,0.7075405279630256,12.349403594305857,20.143358581614603,35.726355083740344,0.7552342654991517,lithography,FILTER,4
P02,LITH-01,75,0.6810869229939724,7.909395977324131,14.49317937337089,37.35285115822197,0.7793616767272741,lithography,FILTER,4
P02,LITH-02,75,0.6047472600142,11.171472230650863,28.59349298818847,29.678451380902292,0.3930318008914945,lithography,FILTER,4
P02,LITH-03,75,0.5617461226573262,12.316901685484439,21.246816055957044,57.42780825554,0.5375615520448753,lithography,FILTER,4
P02,LITH-04,75,0.5213686090176428,14.995851307515403,28.868785390620626,63.2455418961261,0.29025307682343016,lithography,FILTER,4
P02,LITH-05,75,0.62542501300478,8.545075256812959,16.04816836170619,37.54370374116778,0.537650729936442,lithography,FILTER,4
P03,LITH-01,75,0.6543425615943028,10.031620727949884,16.21730638482505,48.09856867122658,0.6850902733919557,lithography,FILTER,4
P03,LITH-02,75,0.5961043064148807,17.131010584237636,28.619143723884665,60.06417759775604,0.6478458295963785,lithography,FILTER,4
P03,LITH-03,75,0.5957591389577015,10.108972659661028,17.21439373756443,46.509235116293404,0.6002674340047698,lithography,FILTER,4
P03,LITH-04,75,0.696631608917671,7.779002892297124,13.910584229350768,35.50111374717209,0.8244730152962647,lithography,FILTER,4
P03,LITH-05,75,0.5139765860835642,13.084020219370226,23.099105113169337,66.28102941810616,0.4369079727682317,lithography,FILTER,4
P01,LITH-01,75,0.5891268662189887,15.794043075006254,30.625351863708943,37.39613091623845,0.53654483293155,lithography,GA,0
P01,LITH-02,75,0.733285735312839,7.624289519165442,11.61489876613922,32.906920087593605,0.8430058464494276,lithography,GA,0
P01,LITH-03,75,0.5719689187168585,10.131591733923017,15.108562602763026,44.844375223134875,0.42782802986932156,lithography,GA,0
P01,LITH-04,75,0.7030894399665516,7.258369144921171,13.716132101424659,32.054870414631075,0.7245007614609429,lithography,GA,0
P01,LITH-05,75,0.7136022803151021,12.093439833709784,19.6135831503051,30.262645487565965,0.7679397618199288,lithography,GA,0
P02,LITH-01,75,0.6441647386642391,8.82510686304016,17.099621412814244,36.54930586830015,0.6928669133885637,lithography,GA,0
P02,LITH-02,75,0.6032355957016123,11.214198097372865,27.462957090953637,31.05858575722138,0.4400798328820511,lithography,GA,0
P02,LITH-03,75,0.6387657080125846,10.15230552394097,17.840250214723753,45.75818713919972,0.6739620894255195,lithography,GA,0
P02,LITH-04,75,0.5933356821870088,12.741073312135917,25.885388852312794,43.79334303203073,0.429368316925963,lithography,GA,0
P02,LITH-05,75,0.6695807269159805,7.537763205850181,13.852996508379446,35.059056288742276,0.6554861530693759,lithography,GA,0
P03,LITH-01,75,0.7051105976725038,8.558238047720561,14.083412027404181,42.032572426277106,0.7625105060415807,lithography,GA,0
P03,LITH-02,75,0.6052299078068972,16.74395329069107,28.807499875414564,55.13315088128855,0.6431951886938075,lithography,GA,0
P03,LITH-03,75,0.6296698383296115,9.260957612550902,17.039141615823752,39.170520909760434,0.6083650048053298,lithography,GA,0
P03,LITH-04,75,0.7071276487273079,7.509862380507045,13.806510524340691,34.10188853044511,0.8270896426311597,lithography,GA,0
P03,LITH-05,75,0.5808596291984225,11.283491554719767,21.081936235230373,56.13526862709142,0.5309598081326851,lithography,GA,0
P01,LITH-01,75,0.6602210285159411,13.06116966620844,24.610968063758047,31.83394260768329,0.7007025973930499,lithography,GA,1
P01,LITH-02,75,0.6675096061622918,9.504564849328279,16.468001938405894,32.077343855150644,0.6844018558531046,lithography,GA,1
P01,LITH-03,75,0.4385207331937133,13.290340227841268,21.589458849870326,55.14339803241507,-0.16832533661126203,lithography,GA,1
P01,LITH-04,75,0.7703946096792278,5.61300574969152,10.67093684018355,24.21571663598651,0.8332514050370428,lithography,GA,1
P01,LITH-05,75,0.6729505577905215,13.810000849029924,24.34335498750095,29.650198593677928,0.6425233196859236,lithography,GA,1
P02,LITH-01,75,0.7384875626125338,6.485796818716093,12.383127686731225,34.51372360535282,0.8389301270248654,lithography,GA,1
P02,LITH-02,75,0.6014438906293154,11.264839070693888,28.23366307549862,27.173179515680673,0.40821225275555395,lithography,GA,1
P02,LITH-03,75,0.638739650121479,10.153037867679314,19.0187667914769,49.41677597443776,0.6294635595341823,lithography,GA,1
P02,LITH-04,75,0.725054198005485,8.614241443447865,17.698744684055924,28.729925180410476,0.7332334187367995,lithography,GA,1
P02,LITH-05,75,0.6821370019010232,7.251320388210045,14.612194472533526,31.31678242971662,0.6166900263385461,lithography,GA,1
P03,LITH-01,75,0.755533074652571,7.094884134201883,11.101055908168698,34.948825930061794,0.8524438852940914,lithography,GA,1
P03,LITH-02,75,0.6396263080692156,15.285049156994804,26.59171133103831,37.697502225900195,0.6959730100120505,lithography,GA,1
P03,LITH-03,75,0.6811364988734994,7.973915370010812,17.11612696602776,28.977225817391517,0.6048180809798203,lithography,GA,1
P03,LITH-04,75,0.773321085422465,5.812523598224439,11.998988521102728,25.67923207470334,0.869400225357554,lithography,GA,1
P03,LITH-05,75,0.6728437309745139,8.807228450848159,16.748673596584638,42.01688240010184,0.703960333728096,lithography,GA,1
P01,LITH-01,75,0.6090710550671021,15.027384581508716,29.149974910294542,37.025874870838585,0.5801231554071439,lithography,GA,2
P01,LITH-02,75,0.7101373591242919,8.2860086145691,15.903929855083252,30.865632929072152,0.7056517046872527,lithography,GA,2
P01,LITH-03,75,0.568175392696837,10.221385345993557,15.489564620937786,45.496646516931605,0.3986065367009015,lithography,GA,2
P01,LITH-04,75,0.7229159161038752,6.773684859419662,11.269370023770529,29.409098164740016,0.8140242313542451,lithography,GA,2
P01,LITH-05,75,0.6902838197462965,13.078085941276036,22.829614598883754,33.3446365888203,0.6855989327114851,lithography,GA,2
P02,LITH-01,75,0.6771499276791393,8.007037802482955,14.338939882454296,39.3768826238518,0.7840328476918741,lithography,GA,2
P02,LITH-02,75,0.6432925207269962,10.082024224062295,26.046330418519286,26.67641544607619,0.49635490965978546,lithography,GA,2
P02,LITH-03,75,0.6388093175278553,10.151079900757901,16.960747534834287,45.51168582863749,0.7053162430154947,lithography,GA,2
P02,LITH-04,75,0.575471661746447,13.300765382752648,27.391527157438734,47.93569756150398,0.36103217977315705,lithography,GA,2
P02,LITH-05,75,0.6656509779868296,7.627411477907393,13.511478439360166,35.721113222556205,0.6722633745720457,lithography,GA,2
P03,LITH-01,75,0.7449101216764666,7.403181955763735,11.799217857702402,36.96112377811086,0.8333002028562496,lithography,GA,2
P03,LITH-02,75,0.6211646986174428,16.068088025552903,26.882878007287445,52.8712506616737,0.6892786557459442,lithography,GA,2
P03,LITH-03,75,0.6453206125511775,8.869573999572248,16.38960865534112,36.066664940211034,0.6376541975580557,lithography,GA,2
P03,LITH-04,75,0.7344194037341814,6.810044445036245,12.328277626826226,34.81795066701708,0.8621337497346703,lithography,GA,2
P03,LITH-05,75,0.6159749693148372,10.338167097218987,19.49211095268593,43.91259750517048,0.5990346744407915,lithography,GA,2
P01,LITH-01,75,0.5858392067866006,15.92042134221796,30.03537111732293,38.77264320222332,0.5542292592252895,lithography,GA,3
P01,LITH-02,75,0.7054257563127644,8.420694413907707,13.948544638424574,32.360757162477945,0.7735822788291957,lithography,GA,3
P01,LITH-03,75,0.564691096636483,10.30385941553495,15.102728740880943,45.62686267570411,0.4282698095262609,lithography,GA,3
P01,LITH-04,75,0.7494494286020097,6.125038248800141,10.341945838093423,27.76733555214313,0.8433748130345555,lithography,GA,3
P01,LITH-05,75,0.6968329637707393,12.801541563377219,21.80396176945086,30.170335537555765,0.7132141790258779,lithography,GA,3
P02,LITH-01,75,0.7343270766251198,6.5889814589995765,11.64342601207993,32.85403187127886,0.8575982948796258,lithography,GA,3
P02,LITH-02,75,0.628776660276916,10.492302295576483,27.63138952813691,27.868767998189952,0.43319070441786356,lithography,GA,3
P02,LITH-03,75,0.6528047872667018,9.757744362323498,16.739100822455246,43.40961546151231,0.7129678994118616,lithography,GA,3
P02,LITH-04,75,0.6036491664837906,12.417944742027911,26.73676707582587,40.79424046391071,0.3912145283074818,lithography,GA,3
P02,LITH-05,75,0.6739930612938233,7.437105845839725,14.484746401053028,33.452143319012265,0.6233473524612221,lithography,GA,3
P03,LITH-01,75,0.740978032515887,7.517298484860731,11.792362206677788,33.243173015776456,0.833493860374964,lithography,GA,3
P03,LITH-02,75,0.674089121945447,13.823328126904368,23.741128713564848,46.006388916109536,0.7576615701266164,lithography,GA,3
P03,LITH-03,75,0.6614255869433686,8.466832066469728,15.880060744436594,35.884436556276064,0.6598344052532897,lithography,GA,3
P03,LITH-04,75,0.7437158209045249,6.571664777998101,12.555950250684198,29.92423877620175,0.8569946371241322,lithography,GA,3
P03,LITH-05,75,0.6220461076124426,10.174728682595365,19.51535859482318,43.13605679479164,0.5980776660230654,lithography,GA,3
P01,LITH-01,75,0.6349641652113592,14.032048397804267,26.3939973229146,33.75613678964045,0.6557643137305653,lithography,GA,4
P01,LITH-02,75,0.7170321885050344,8.088913136958675,13.911138463579947,31.750578042024653,0.7747950310914868,lithography,GA,4
P01,LITH-03,75,0.5898666480355738,9.707948465126059,14.41772227962659,44.475441911245426,0.47895696715537883,lithography,GA,4
P01,LITH-04,75,0.7692957421208997,5.639869012415571,9.306287719939801,27.085267913807797,0.8731734919185021,lithography,GA,4
P01,LITH-05,75,0.6689272144565749,13.979890681228914,23.463518151000926,30.854927382703178,0.667896758579277,lithography,GA,4
P02,LITH-01,75,0.7103390421551146,7.183911165621127,13.26825761566156,34.83585174861925,0.8150810561665376,lithography,GA,4
P02,LITH-02,75,0.5952963219788895,11.43859470984953,29.19062669819722,30.14061124329815,0.36741578382371043,lithography,GA,4
P02,LITH-03,75,0.6878136336326386,8.77383859193755,15.319105951402403,43.7424399775117,0.7596007775347493,lithography,GA,4
P02,LITH-04,75,0.6735406565876056,10.228196194390074,19.46912865382544,32.45750533022024,0.6771955414973514,lithography,GA,4
P02,LITH-05,75,0.6727485652149321,7.465496189616389,13.524750427688875,33.52149485140964,0.6716192033222144,lithography,GA,4
P03,LITH-01,75,0.6804829178560542,9.272979048138554,15.170333467222422,40.78345959406358,0.7244382804028651,lithography,GA,4
P03,LITH-02,75,0.6418743565457462,15.189699434635834,26.230402592382955,40.61987480032278,0.7041786754844793,lithography,GA,4
P03,LITH-03,75,0.6180979238002338,9.55033995578011,17.626351815408288,38.484632181173374,0.5809064899496341,lithography,GA,4
P03,LITH-04,75,0.7604884563132093,6.141579168584059,12.369625506885694,29.227744816431724,0.8612074181278735,lithography,GA,4
P03,LITH-05,75,0.6703588853268981,8.8741218756596,16.972663923376718,43.958544305736055,0.6959891444175124,lithography,GA,4
P01,LITH-01,75,0.5969888957312149,15.491825133350194,29.34174472741044,36.538941797707274,0.5745804704029334,lithography,TSFGA,0
P01,LITH-02,75,0.7367495092554168,7.525274135049676,13.077187214642436,28.996748111591756,0.8009870651952711,lithography,TSFGA,0
P01,LITH-03,75,0.4663374304738176,12.631912761818734,19.66578094775522,52.74533336791174,0.03060075668973905,lithography,TSFGA,0
P01,LITH-04,75,0.7169978030585135,6.918360916477953,13.41041622646809,30.42457430727163,0.7366449810554192,lithography,TSFGA,0
P01,LITH-05,75,0.693758043239173,12.93138326212695,22.15420379467771,29.846773059624827,0.7039267679694361,lithography,TSFGA,0
P02,LITH-01,75,0.676817258050932,8.01528837609951,14.572030066136858,35.93468245234582,0.7769543636002785,lithography,TSFGA,0
P02,LITH-02,75,0.6001060455573953,11.302652088942425,28.150524905132578,28.59611143050364,0.4116923333871394,lithography,TSFGA,0
P02,LITH-03,75,0.6066383904668629,11.055227396596953,19.732611701183874,49.78175796750609,0.6011263395234208,lithography,TSFGA,0
P02,LITH-04,75,0.616489447761971,12.015649881260277,25.34478471656522,44.74286645858783,0.4529541752564653,lithography,TSFGA,0
P02,LITH-05,75,0.6663234117723214,7.612071432517966,14.632146133093224,34.807578428768714,0.6156425599080643,lithography,TSFGA,0
P03,LITH-01,75,0.7150110359102444,8.270908945533158,12.565748942175443,40.233876550948125,0.8109375034280133,lithography,TSFGA,0
P03,LITH-02,75,0.6666614772187756,14.138367535468275,24.4303376718722,48.58523486774523,0.7433870885240371,lithography,TSFGA,0
P03,LITH-03,75,0.6577041238244818,8.55989581273665,16.656185420826276,34.33830425924237,0.6257712397951858,lithography,TSFGA,0
P03,LITH-04,75,0.7348732459672439,6.7984069767059285,12.758526291594539,31.352998206829163,0.8523429533602519,lithography,TSFGA,0
P03,LITH-05,75,0.5491073365055089,12.138280907886347,22.81071243963613,53.804009864777356,0.4508806252595986,lithography,TSFGA,0
P01,LITH-01,75,0.569945883332069,16.531363783102083,31.095674484213493,38.527400638482675,0.5222006914424597,lithography,TSFGA,1
P01,LITH-02,75,0.7355542810005535,7.55944090999609,12.042242453942832,30.81289995876958,0.831240839780889,lithography,TSFGA,1
P01,LITH-03,75,0.5390017714613088,10.911931506502299,16.73365665384604,44.40482929743084,0.29812141932116865,lithography,TSFGA,1
P01,LITH-04,75,0.7202145246240665,6.839723927087673,11.76762720955239,31.58308584874714,0.7972154384921336,lithography,TSFGA,1
P01,LITH-05,75,0.7051250020758714,12.451401672416283,20.56929903359064,31.077757395894736,0.7447734584379464,lithography,TSFGA,1
P02,LITH-01,75,0.6536767838515285,8.589197653399781,17.221950078666467,35.04583517001576,0.6884568074918354,lithography,TSFGA,1
P02,LITH-02,75,0.6039217547466715,11.19480441342784,26.960942954890672,31.411030548140317,0.4603630631119564,lithography,TSFGA,1
P02,LITH-03,75,0.6179599522714254,10.737040676793221,18.523976602269443,47.34922561226788,0.6484924428783116,lithography,TSFGA,1
P02,LITH-04,75,0.5775602963372621,13.235327021730582,27.105691601161073,48.63042821384469,0.3742980909413687,lithography,TSFGA,1
P02,LITH-05,75,0.6630903227692956,7.685826994960748,14.429576166433154,33.24172279187513,0.626211115536496,lithography,TSFGA,1
P03,LITH-01,75,0.7228196812418486,8.044287557817528,12.327571066589346,37.24863703579284,0.8180367599794327,lithography,TSFGA,1
P03,LITH-02,75,0.6636888738249855,14.264448850546781,26.178416043927136,46.19276089996249,0.7053501016464999,lithography,TSFGA,1
P03,LITH-03,75,0.6463154068854522,8.844696878785298,16.2137515237776,36.756356332774445,0.645388273174835,lithography,TSFGA,1
P03,LITH-04,75,0.6982656304827181,7.737103146462605,12.673121132187516,36.01242465321797,0.8543131598871524,lithography,TSFGA,1
P03,LITH-05,75,0.5663399412202629,11.674369618709193,21.660606402224726,49.43567374144794,0.5048574036797362,lithography,TSFGA,1
P01,LITH-01,75,0.5937867365628298,15.614916753805128,29.395116237866137,36.69778069932691,0.5730314191721175,lithography,TSFGA,2
P01,LITH-02,75,0.728785107392538,7.752944393784403,11.769025006593461,29.31754726881452,0.8388116710036828,lithography,TSFGA,2
P01,LITH-03,75,0.5601466137337157,10.41142834551687,16.15454964877977,46.29797863159725,0.34586107562760526,lithography,TSFGA,2
P01,LITH-04,75,0.7453412725868307,6.225467525750539,11.179964795985375,27.629903067521916,0.8169633930269343,lithography,TSFGA,2
P01,LITH-05,75,0.7041824111097477,12.4912035505498,21.503628248517764,30.897172021032926,0.72106029414857,lithography,TSFGA,2
P02,LITH-01,75,0.6974822196282303,7.502774541591709,14.087494102639504,35.07118424494701,0.7915407799772721,lithography,TSFGA,2
P02,LITH-02,75,0.6084995682972336,11.06541652617616,26.46742887388079,31.570642631517508,0.47993811859571545,lithography,TSFGA,2
P02,LITH-03,75,0.6058428519234875,11.077585601583479,18.52278513174044,49.37049047146172,0.6485376596732765,lithography,TSFGA,2
P02,LITH-04,75,0.5964158272946907,12.644570243364004,28.161921358513084,46.2306790764298,0.3245844466173752,lithography,TSFGA,2
P02,LITH-05,75,0.685264152667943,7.17998156535621,14.169196072636241,32.091503909344596,0.6395793606717586,lithography,TSFGA,2
P03,LITH-01,75,0.704573726229329,8.573819053940008,14.177597021325278,40.838741677588104,0.7593233890204509,lithography,TSFGA,2
P03,LITH-02,75,0.6446934282323828,15.070130081289117,26.437956752333655,47.823857352576574,0.699478643679098,lithography,TSFGA,2
P03,LITH-03,75,0.6140015999604678,9.652777956714854,18.681346061715942,42.12862858626694,0.5292369171163549,lithography,TSFGA,2
P03,LITH-04,75,0.721801223828243,7.133601087287686,13.116155333377897,32.694729694766764,0.8439491083545297,lithography,TSFGA,2
P03,LITH-05,75,0.6184755797475778,10.270849275636893,19.084918630986042,46.047381705993864,0.6156121131967577,lithography,TSFGA,2
P01,LITH-01,75,0.5735999976797019,16.390898917764172,31.138617893140022,40.28351830081306,0.5208800898196563,lithography,TSFGA,3
P01,LITH-02,75,0.7424834785468133,7.361362984579758,11.647836723682264,28.351590904780544,0.8421141643057989,lithography,TSFGA,3
P01,LITH-03,75,0.5270684506906392,11.1943958866962,17.195901808594154,48.601594858215634,0.2588089017129971,lithography,TSFGA,3
P01,LITH-04,75,0.7337564877267677,6.5086728282812345,9.982975915160193,31.077797352844833,0.8540590627165715,lithography,TSFGA,3
P01,LITH-05,75,0.7184630386102523,11.888189288931429,20.227991343437953,29.560904228325736,0.7531731675238882,lithography,TSFGA,3
P02,LITH-01,75,0.7007736132483839,7.421144350370228,13.454551916985968,34.815326110994846,0.809851855589901,lithography,TSFGA,3
P02,LITH-02,75,0.6226054664790903,10.666725678814386,26.569974516037785,30.274589061070316,0.47590044715341095,lithography,TSFGA,3
P02,LITH-03,75,0.6033509567500234,11.147619044409344,19.58985239379225,46.72769621868903,0.6068769158973958,lithography,TSFGA,3
P02,LITH-04,75,0.6177504247337727,11.976142603786206,26.28035237946273,41.484300811127724,0.4118218828176212,lithography,TSFGA,3
P02,LITH-05,75,0.6680766037730271,7.572076349808762,14.38182660009178,36.0545691096989,0.6286808659562413,lithography,TSFGA,3
P03,LITH-01,75,0.7215624665643324,8.080774262332335,13.267395737901687,36.95994611524962,0.7892342693738384,lithography,TSFGA,3
P03,LITH-02,75,0.6198427689304544,16.124156935964905,26.69807206903809,52.955840653732935,0.6935360698707941,lithography,TSFGA,3
P03,LITH-03,75,0.6054254474298038,9.86724437961438,18.296039074284735,41.73475466478372,0.5484558446237842,lithography,TSFGA,3
P03,LITH-04,75,0.711577900909421,7.39574856504789,12.957680597021277,33.83247886702532,0.8476972683247368,lithography,TSFGA,3
P03,LITH-05,75,0.6021998855046562,10.709000003484933,20.95462778307891,44.167385068411605,0.5366075328017539,lithography,TSFGA,3
P01,LITH-01,75,0.5968755906929082,15.496180601032307,29.35961193945899,37.27553778601475,0.574062207069165,lithography,TSFGA,4
P01,LITH-02,75,0.73034384244215,7.708386419669851,12.793152570272317,30.08241180375134,0.8095382456193913,lithography,TSFGA,4
P01,LITH-03,75,0.5995988172866604,9.47758583528651,14.103590214183532,41.67653989971175,0.5014145007758452,lithography,TSFGA,4
P01,LITH-04,75,0.7139827937972829,6.9920667832915235,13.818293864953441,28.813075322634468,0.7203814797619097,lithography,TSFGA,4
P01,LITH-05,75,0.7123901575088961,12.14462297247237,20.133142256941955,28.85629185613041,0.7554824834984039,lithography,TSFGA,4
P02,LITH-01,75,0.7105411131481065,7.178899582169894,12.330209022473431,34.98073180607693,0.8403038332733932,lithography,TSFGA,4
P02,LITH-02,75,0.6216829011088851,10.692801180313955,26.98602231577149,29.749675258620538,0.45935864393213777,lithography,TSFGA,4
P02,LITH-03,75,0.6331454075149849,10.310261202716829,17.619390362455924,45.16192677671366,0.6819847298121005,lithography,TSFGA,4
P02,LITH-04,75,0.6147085588509301,12.071446358065444,27.335732209759122,44.1317455113467,0.36363260918388096,lithography,TSFGA,4
P02,LITH-05,75,0.6986288823978513,6.875095693917898,13.708941476094877,31.758509836129583,0.6626139844595809,lithography,TSFGA,4
P03,LITH-01,75,0.7247562323947379,7.98808524729974,12.39511790616147,35.758365574103394,0.8160372233218238,lithography,TSFGA,4
P03,LITH-02,75,0.6585320954208209,14.483170730540524,25.61805927700888,44.267956614646344,0.7178292340638697,lithography,TSFGA,4
P03,LITH-03,75,0.6528701326001694,8.680780883576888,17.119654719435204,34.17080366967157,0.6046551646808845,lithography,TSFGA,4
P03,LITH-04,75,0.7309856209871282,6.898093848685549,12.202139300822136,32.22642158285935,0.8649405088686122,lithography,TSFGA,4
P03,LITH-05,75,0.5831005132410221,11.223165711801267,21.060932503829328,51.641355016661585,0.5318939430785339,lithography,TSFGA,4
P01,LITH-01,75,0.5911724206859571,15.715411563945251,30.265817706915815,38.34035509028245,0.5473626597850788,lithography,mRMR,0
P01,LITH-02,75,0.7124039520298011,8.221215827599275,14.71397618157835,31.382615080957766,0.7480509534524411,lithography,mRMR,0
P01,LITH-03,75,0.5053017427319282,11.709618748008257,19.427239021279714,47.69102417082692,0.0539753587152757,lithography,mRMR,0
P01,LITH-04,75,0.7418144922419128,6.3116843098001985,10.685032786323124,29.756566217772708,0.8328105755765394,lithography,mRMR,0
P01,LITH-05,75,0.6951866169476613,12.871060260216774,21.387834553460348,30.672767968389337,0.7240562997605722,lithography,mRMR,0
P02,LITH-01,75,0.6851694135659467,7.808145709349614,14.308777833403765,36.29436305638023,0.7849404685846867,lithography,mRMR,0
P02,LITH-02,75,0.6198726087765678,10.743967506246495,27.446828597033,26.986797913593513,0.4407373015739975,lithography,mRMR,0
P02,LITH-03,75,0.6274482097045271,10.470378041248066,18.919304413199953,47.11944788343527,0.6333290117218474,lithography,mRMR,0
P02,LITH-04,75,0.5964888025639417,12.642283877890629,26.522263961458005,45.63565814600683,0.40094364376883174,lithography,mRMR,0
P02,LITH-05,75,0.6605354635637807,7.744110289199947,14.938442623129113,33.54777955460092,0.5993825343413492,lithography,mRMR,0
P03,LITH-01,75,0.7506167755683679,7.237564262902044,11.259181371653513,34.81636368222968,0.84821031426232,lithography,mRMR,0
P03,LITH-02,75,0.6302190838579387,15.684051325354686,26.644775224844462,51.562073656255215,0.6947584245867295,lithography,mRMR,0
P03,LITH-03,75,0.6118662844274396,9.706176433770029,17.959469452166907,41.81845873806343,0.5649160399016856,lithography,mRMR,0
P03,LITH-04,75,0.7371069758145445,6.7411294505906705,13.2850213007482,30.568904582333246,0.8399050392626066,lithography,mRMR,0
P03,LITH-05,75,0.6457977095679426,9.535322367323431,17.730823722531323,47.24440231963701,0.6682225291060648,lithography,mRMR,0
P01,LITH-01,75,0.5821521866800218,16.062151111321718,30.340920209511985,41.89055195506844,0.5451134970857383,lithography,mRMR,1
P01,LITH-02,75,0.6979651799742828,8.633962324610339,15.062274314619742,34.6490234303416,0.7359818842435595,lithography,mRMR,1
P01,LITH-03,75,0.48569161096939284,12.173794966872642,18.795379935592546,50.88387086833806,0.11451236739838755,lithography,mRMR,1
P01,LITH-04,75,0.7391031950430207,6.377965535799476,10.39065679907439,34.00441366905875,0.8418959171309282,lithography,mRMR,1
P01,LITH-05,75,0.6909262561268454,13.050958400862294,21.662378879228303,32.28472929655729,0.7169265443261773,lithography,mRMR,1
P02,LITH-01,75,0.7270823377666249,6.768658971512053,12.218432243008504,33.2652133636742,0.8431860900301256,lithography,mRMR,1
P02,LITH-02,75,0.6138476549541017,10.914257544769825,28.157369687075605,29.013166644551347,0.4114062053473647,lithography,mRMR,1
P02,LITH-03,75,0.626989773890172,10.483262145979223,18.916928670564452,44.91525712601664,0.6334210934587833,lithography,mRMR,1
P02,LITH-04,75,0.6039192606000754,12.409482507241076,26.251752566952668,46.1773775774623,0.4131013657109954,lithography,mRMR,1
P02,LITH-05,75,0.6546662865784383,7.878002195431114,15.55145735612867,33.21377784495045,0.5658283918439682,lithography,mRMR,1
P03,LITH-01,75,0.7357737129987663,7.668337501361072,11.813700738663995,38.27810184572933,0.8328907223207436,lithography,mRMR,1
P03,LITH-02,75,0.6657868709904458,14.175463470860818,24.364782266899116,44.05285403858397,0.7447624107422959,lithography,mRMR,1
P03,LITH-03,75,0.6374657029264378,9.066004084437647,16.983862067358277,40.56125425425003,0.6109020208057521,lithography,mRMR,1
P03,LITH-04,75,0.7290469180014876,6.947806266247567,13.558524296639495,31.92625772178077,0.8332453323266624,lithography,mRMR,1
P03,LITH-05,75,0.5846963978018737,11.18020361313671,20.96874578798544,51.56707571948898,0.5359829088702943,lithography,mRMR,1
P01,LITH-01,75,0.5985263790677573,15.432723975236032,29.394638311718374,34.84971324451885,0.5730453029607394,lithography,mRMR,2
P01,LITH-02,75,0.694964546367512,8.719738386816053,14.420254017559197,32.42609768107748,0.7580094296224754,lithography,mRMR,2
P01,LITH-03,75,0.6153133213608342,9.105619997891447,13.84623845448684,41.34394765860309,0.5194441207938689,lithography,mRMR,2
P01,LITH-04,75,0.7146344046021798,6.9761373001494364,13.133039808526448,31.149811327250767,0.7474266027290829,lithography,mRMR,2
P01,LITH-05,75,0.6873958328524645,13.200034173892988,21.285363635328576,31.702522041166436,0.7266941046684565,lithography,mRMR,2
P02,LITH-01,75,0.6882447542668255,7.731873868769142,15.018688207477863,35.371916214171165,0.7630713299751607,lithography,mRMR,2
P02,LITH-02,75,0.6348184052663551,10.321537669437223,26.61502780986985,28.794690439417348,0.4741215647316165,lithography,mRMR,2
P02,LITH-03,75,0.5922404282075234,11.459874782023137,19.64253989462889,53.58743829144833,0.6047594393502718,lithography,mRMR,2
P02,LITH-04,75,0.5815974265935946,13.108840948786684,28.28935624278464,49.028126476066404,0.31845800077552866,lithography,mRMR,2
P02,LITH-05,75,0.6674840344168327,7.5855944701300935,13.332373570500053,33.176201117738955,0.6808945801443007,lithography,mRMR,2
P03,LITH-01,75,0.7012365561883794,8.670669925455726,14.000849144757384,38.89912453756031,0.7652868705400686,lithography,mRMR,2
P03,LITH-02,75,0.667839101720466,14.088419249009348,25.019254643238305,44.317143099600756,0.730866165373603,lithography,mRMR,2
P03,LITH-03,75,0.6254916962731659,9.365441666211101,17.377678761451158,38.7918290214141,0.592648240496944,lithography,mRMR,2
P03,LITH-04,75,0.6889175047825422,7.976808728839807,15.608759316443194,36.065242186655524,0.7790011978712855,lithography,mRMR,2
P03,LITH-05,75,0.6302265951108941,9.954505416042107,18.43464490999969,43.31473375361436,0.6413600864428006,lithography,mRMR,2
P01,LITH-01,75,0.5899733398876685,15.761504462753955,30.928482585937427,37.2530103249316,0.5273248393101282,lithography,mRMR,3
P01,LITH-02,75,0.6877082036259148,8.92716807932659,16.10845552569503,35.221315407189905,0.6980323448624086,lithography,mRMR,3
P01,LITH-03,75,0.5132784052586925,11.520809356227197,17.44130233083017,47.708124994759785,0.23750306503927998,lithography,mRMR,3
P01,LITH-04,75,0.7273786151970163,6.664588310623706,10.293499260244015,31.992073310197323,0.8448387892812174,lithography,mRMR,3
P01,LITH-05,75,0.6724611815967488,13.83066526480094,23.372445655358746,32.019285219363006,0.6704698401313406,lithography,mRMR,3
P02,LITH-01,75,0.7301229845802255,6.693247577593258,12.000188688028874,33.20546910533354,0.8487380260275534,lithography,mRMR,3
P02,LITH-02,75,0.6345428848029192,10.329325013824416,27.20438284998968,26.710579778733795,0.45057392117852635,lithography,mRMR,3
P02,LITH-03,75,0.6250573992139216,10.53757055062178,19.019359555175942,47.191220951551664,0.62944046192998,lithography,mRMR,3
P02,LITH-04,75,0.5900469983069478,12.84411004435191,26.259856547813733,47.35479046837398,0.4127389556650196,lithography,mRMR,3
P02,LITH-05,75,0.6710232582698112,7.504855138288925,14.292523666272668,33.31520545834275,0.6332779087358766,lithography,mRMR,3
P03,LITH-01,75,0.7406263447866648,7.52750511582607,11.490372706671986,35.64989832419512,0.8419127432599317,lithography,mRMR,3
P03,LITH-02,75,0.6479506201946142,14.931978100799824,25.134626909217403,50.24761323754109,0.7283783076677557,lithography,mRMR,3
P03,LITH-03,75,0.6215132328002816,9.464932297542008,16.68659294227467,43.4369862625168,0.6244036089902687,lithography,mRMR,3
P03,LITH-04,75,0.7460829778422029,6.510965900969344,13.087481568152825,29.755405119138707,0.8446306610656353,lithography,mRMR,3
P03,LITH-05,75,0.6119107921085597,10.4475770046832,20.529480870203,46.25606667491329,0.5552202535234358,lithography,mRMR,3
P01,LITH-01,75,0.5952826341251007,15.557414160932028,30.07083761122663,36.76626364594404,0.5531758838852792,lithography,mRMR,4
P01,LITH-02,75,0.7312415063022029,7.682725815547448,13.709946114460786,33.61106065672051,0.7812620601296636,lithography,mRMR,4
P01,LITH-03,75,0.47172846045404593,12.504305872568368,19.967343797118815,51.819595775541735,0.000642507142355031,lithography,mRMR,4
P01,LITH-04,75,0.7118972461293398,7.043050739003824,12.925780613323898,31.555847302875918,0.7553356768376046,lithography,mRMR,4
P01,LITH-05,75,0.6922096717206465,12.996764850430562,21.13174507292011,30.593527199653124,0.7306248201618157,lithography,mRMR,4
P02,LITH-01,75,0.6892694465510345,7.706460370185752,13.924663289392052,35.25560166893453,0.7963318968362414,lithography,mRMR,4
P02,LITH-02,75,0.6475103871054693,9.96280992811231,27.156616142591098,26.57540092488976,0.45250164248991254,lithography,mRMR,4
P02,LITH-03,75,0.6492258272194615,9.858329208954913,17.154833263291877,44.25585116266698,0.6985333871239712,lithography,mRMR,4
P02,LITH-04,75,0.5999159947441449,12.534907585184198,27.91298288122846,47.32706608846897,0.3364723991906404,lithography,mRMR,4
P02,LITH-05,75,0.6753949205791199,7.405125618893941,14.323459427464979,31.73314654826366,0.631688671581922,lithography,mRMR,4
P03,LITH-01,75,0.7324697122647214,7.764225737996976,12.699229610369988,37.53699946978347,0.8068995069346211,lithography,mRMR,4
P03,LITH-02,75,0.637452222731129,15.377261774087113,25.971641140814647,50.55686536662593,0.7099864085811758,lithography,mRMR,4
P03,LITH-03,75,0.5957430836450497,10.109374159688072,17.746446701632557,42.05432038008737,0.5751761550740178,lithography,mRMR,4
P03,LITH-04,75,0.7293304534084424,6.940535822735307,13.350411578413368,30.60059504861348,0.8383251520184859,lithography,mRMR,4
P03,LITH-05,75,0.6335335801824984,9.865479541355613,19.18593925027281,47.24979016225237,0.6115320462231222,lithography,mRMR,4
P01,LITH-01,75,0.6041309243856455,15.217284164528595,29.322443465072013,36.49412397101788,0.5751399758680784,lithography,MI,0
P01,LITH-02,75,0.7254328198202116,7.848772830380759,14.247347833234196,30.140700104172897,0.7637778182625663,lithography,MI,0
P01,LITH-03,75,0.5145905880745743,11.489749694552792,18.788705367097204,46.62173296361672,0.1151411600548361,lithography,MI,0
P01,LITH-04,75,0.7372131995528106,6.424168961331514,12.030672289464173,27.48660595176931,0.7880483126493195,lithography,MI,0
P01,LITH-05,75,0.7296590588395868,11.41542575865813,20.894820097844775,26.498332291063676,0.736631321690604,lithography,MI,0
P02,LITH-01,75,0.6909858866697705,7.663890762511148,13.44576259980211,35.61670153441687,0.8101002067019965,lithography,MI,0
P02,LITH-02,75,0.6216225519838083,10.69450689543427,27.10784557913651,26.85318377638266,0.45446638112770965,lithography,MI,0
P02,LITH-03,75,0.6525723633159434,9.764276518908629,17.900327729904912,42.4368010132984,0.6717625094780864,lithography,MI,0
P02,LITH-04,75,0.6258913020939221,11.72108330616062,25.07347576110688,41.414574510530116,0.46460343909434154,lithography,MI,0
P02,LITH-05,75,0.6640504669110827,7.6639234930350755,14.664611396984489,32.70842140820963,0.6139350716470214,lithography,MI,0
P03,LITH-01,75,0.7428734305962574,7.462290512926267,11.469735465301063,36.32120358809171,0.8424800973695468,lithography,MI,0
P03,LITH-02,75,0.662321966061898,14.322425480971527,25.350439213020294,45.209178321907665,0.7236938567287353,lithography,MI,0
P03,LITH-03,75,0.6354385585364346,9.11669749322094,16.486229783990847,37.27834252011854,0.6333693535988778,lithography,MI,0
P03,LITH-04,75,0.754488343022212,6.295434678969489,12.321427813750374,27.97470454351099,0.8622869091168963,lithography,MI,0
P03,LITH-05,75,0.6587187352539251,9.187481180068481,17.177109475482464,43.5979412207286,0.6886210605468528,lithography,MI,0
P01,LITH-01,75,0.5989864980529428,15.415036912066983,29.78596000349544,36.57079002352632,0.5616018041669106,lithography,MI,1
P01,LITH-02,75,0.7166148645889987,8.10084275145777,14.535655459209943,30.303075106568954,0.7541207598312203,lithography,MI,1
P01,LITH-03,75,0.5437726361836863,10.799004068055533,17.15265857603717,45.10957678103276,0.2625320211847917,lithography,MI,1
P01,LITH-04,75,0.7622860481318238,5.811230201320122,9.46199443524703,27.46678074110126,0.8688940321148554,lithography,MI,1
P01,LITH-05,75,0.7168685247797393,11.955519284067366,20.64933585398067,29.871665183353457,0.7427833795920573,lithography,MI,1
P02,LITH-01,75,0.7188843598176367,6.97197786461186,11.997494795848215,33.02696485008126,0.848805931245053,lithography,MI,1
P02,LITH-02,75,0.6266014910979629,10.553781545740605,27.17317320128554,27.07300446035768,0.45183383278994926,lithography,MI,1
P02,LITH-03,75,0.6494718265215192,9.851415524045803,17.51753761978741,41.673870764260165,0.6856508165460495,lithography,MI,1
P02,LITH-04,75,0.6427874756505596,11.191714545366887,24.034424906501197,39.56906316167396,0.5080579300818563,lithography,MI,1
P02,LITH-05,75,0.6539936044411796,7.893347906400498,15.174616741569864,33.20482463074004,0.5866150181936862,lithography,MI,1
P03,LITH-01,75,0.7462719031398275,7.363660528949376,11.29450939896922,34.653853520821336,0.8472562763340502,lithography,MI,1
P03,LITH-02,75,0.669592397694349,14.014054178118686,24.739150796991687,42.97397652582959,0.7368586246517981,lithography,MI,1
P03,LITH-03,75,0.6331829982606216,9.173102966684507,18.22933834755965,35.6091028251778,0.5517421759379086,lithography,MI,1
P03,LITH-04,75,0.7578517805940891,6.209189073399487,13.001773061659598,27.068170887362857,0.8466589917034553,lithography,MI,1
P03,LITH-05,75,0.635752678678024,9.80574017746311,18.583326163471618,44.728774057225145,0.6355516680295625,lithography,MI,1
P01,LITH-01,75,0.6116849395557703,14.92690635401497,28.720167034545813,36.03187875823297,0.5924137946395687,lithography,MI,2
P01,LITH-02,75,0.7240838970324984,7.887333114678216,14.631330435954952,29.582627475938413,0.7508733093401329,lithography,MI,2
P01,LITH-03,75,0.5623110553703646,10.360195526328383,16.2076723602118,44.91485187069589,0.34155185382731645,lithography,MI,2
P01,LITH-04,75,0.748738780103377,6.1424109860135925,11.24440371725769,28.270655936682648,0.8148473447690243,lithography,MI,2
P01,LITH-05,75,0.6896377100655701,13.105368590587767,22.887875235297106,31.590940866126566,0.6839921969754634,lithography,MI,2
P02,LITH-01,75,0.7070970502012641,7.264316141042743,13.335743792030486,34.68121620906382,0.8131951703307414,lithography,MI,2
P02,LITH-02,75,0.6295184197107017,10.471337115381509,26.92154469688163,28.605599947541627,0.46193906296062126,lithography,MI,2
P02,LITH-03,75,0.6768775814757483,9.081190759727788,15.651162353107376,40.667260032409885,0.7490660563941423,lithography,MI,2
P02,LITH-04,75,0.6113737482858013,12.175928271110816,26.824030935238202,43.48521268282941,0.3872341170110969,lithography,MI,2
P02,LITH-05,75,0.6979430936452552,6.890740402466695,13.190399352259934,30.85420317146615,0.6876545949257187,lithography,MI,2
P03,LITH-01,75,0.7504090247235177,7.24359357820063,11.46998398174141,33.77672777323767,0.8424732712819358,lithography,MI,2
P03,LITH-02,75,0.6593850150770644,14.446994619008073,25.783140263537998,46.60801263828019,0.7141809396826604,lithography,MI,2
P03,LITH-03,75,0.648227257634314,8.796886652724123,17.12018517128764,36.10488073531998,0.6046306648118587,lithography,MI,2
P03,LITH-04,75,0.760283302955887,6.146839731671339,11.517142502755675,28.766288097548436,0.8796786675502006,lithography,MI,2
P03,LITH-05,75,0.6760188794954163,8.721751689322979,17.42871792834871,39.486887754015385,0.6794321603899003,lithography,MI,2
P01,LITH-01,75,0.6123538237625982,14.901194315173168,28.89491430411513,34.9702205554491,0.58743880555575,lithography,MI,3
P01,LITH-02,75,0.700624910621358,8.557931308721164,15.142378887354898,33.00588867292596,0.7331662010810069,lithography,MI,3
P01,LITH-03,75,0.5565632080194503,10.496248362804186,16.70220482843118,43.68803649786198,0.3007573783480365,lithography,MI,3
P01,LITH-04,75,0.7565277872845126,5.951998461155079,9.582829159135736,27.847790818930747,0.8655240639923727,lithography,MI,3
P01,LITH-05,75,0.7045734706142852,12.474690658635968,21.831347804727066,29.214736066638082,0.7124933137991251,lithography,MI,3
P02,LITH-01,75,0.7176191504071809,7.00335645314601,11.918190963774627,32.83295709846833,0.8507981206491955,lithography,MI,3
P02,LITH-02,75,0.6434501142351335,10.077569981695875,26.53004603317953,26.228279052993425,0.47747446267771154,lithography,MI,3
P02,LITH-03,75,0.6687928690484989,9.308407478780302,16.97999675582584,40.126570799832436,0.7046469739694821,lithography,MI,3
P02,LITH-04,75,0.6305399877945302,11.575436779720688,25.98917736809993,39.47443721986043,0.4247832014899213,lithography,MI,3
P02,LITH-05,75,0.6825316013000002,7.242318501598235,13.613148133251265,31.773755826728234,0.6673125844422501,lithography,MI,3
P03,LITH-01,75,0.7569418907659243,7.053997674504183,11.008378733193855,32.68545268693074,0.8548973457124629,lithography,MI,3
P03,LITH-02,75,0.6622928526390828,14.323660310563206,24.929743928771163,46.70685278640343,0.7327884662932576,lithography,MI,3
P03,LITH-03,75,0.6284946073631653,9.290346966407805,17.71277805220445,38.16854302016349,0.576786581910318,lithography,MI,3
P03,LITH-04,75,0.765630326600992,6.00973081187895,12.082122532273898,26.399565800801522,0.8675842564524681,lithography,MI,3
P03,LITH-05,75,0.63840948547282,9.734217463069669,18.42098183733243,42.93574382008421,0.6418915105445133,lithography,MI,3
P01,LITH-01,75,0.6194046226964346,14.63016023453266,28.128400968628302,34.527997164348726,0.6090370141995475,lithography,MI,4
P01,LITH-02,75,0.7306146632083216,7.700644741767785,13.623312843854146,32.89985566437609,0.784017739900189,lithography,MI,4
P01,LITH-03,75,0.5096069141762831,11.60771437394273,19.3552944681204,46.94383429365202,0.06096917753581721,lithography,MI,4
P01,LITH-04,75,0.719987883455162,6.845264468546219,12.972276724702134,29.150273842141612,0.7535723171608444,lithography,MI,4
P01,LITH-05,75,0.7034539414382919,12.521963935625928,21.321270564707536,29.396842266740524,0.7257712308044479,lithography,MI,4
P02,LITH-01,75,0.689995653922843,7.688449626571194,13.071217911945316,36.38756196590378,0.8205325369155809,lithography,MI,4
P02,LITH-02,75,0.6397022879047443,10.183499007707814,26.93705340588184,26.53425665997789,0.46131896228372193,lithography,MI,4
P02,LITH-03,75,0.6679213367277197,9.332901450119126,16.80155011827924,41.593509849082636,0.7108222179378705,lithography,MI,4
P02,LITH-04,75,0.615400758057182,12.04975927993455,26.439671648907414,42.30924335705218,0.40466884698997796,lithography,MI,4
P02,LITH-05,75,0.6908979217687746,7.0514599538831835,13.426746726945321,30.92488058347963,0.6763610182908744,lithography,MI,4
P03,LITH-01,75,0.7425541052941296,7.471557926162212,11.67507177743029,35.041229358632656,0.8367896297360716,lithography,MI,4
P03,LITH-02,75,0.6725361926521658,13.889194756785054,23.982718372362804,46.860859302052695,0.7527044054024464,lithography,MI,4
P03,LITH-03,75,0.6388232596665795,9.032055255181133,17.245042676068252,36.645290817553814,0.5988427791082653,lithography,MI,4
P03,LITH-04,75,0.7453747746510357,6.5291257186509695,11.899101776688328,28.473559471862025,0.871565555931497,lithography,MI,4
P03,LITH-05,75,0.6425901600056283,9.621671382877581,18.229366430670375,43.0717851796791,0.6493028652509366,lithography,MI,4
P01,LITH-01,75,0.618338878110639,14.671127663432456,28.548764079732305,32.147238496708766,0.5972642547351753,lithography,DDA,0
P01,LITH-02,75,0.7233985985214373,7.906923046478495,13.788465683338652,30.51424325833807,0.7787493745949182,lithography,DDA,0
P01,LITH-03,75,0.5728680132646339,10.110309964241832,15.30895236384591,42.63686825837787,0.4125495713449028,lithography,DDA,0
P01,LITH-04,75,0.7539156128252819,6.015856501414393,13.954410064710533,24.939767280780252,0.7148456201968214,lithography,DDA,0
P01,LITH-05,75,0.723427696332547,11.678551483415408,21.539590044626795,26.382646197439996,0.7201265391025937,lithography,DDA,0
P02,LITH-01,75,0.6940704540187859,7.587390090882597,13.373931010593521,35.73780388826926,0.8121237984559927,lithography,DDA,0
P02,LITH-02,75,0.6239939807708448,10.627480539482137,27.033977154108555,26.94398315486673,0.45743547019214115,lithography,DDA,0
P02,LITH-03,75,0.6665653331566215,9.371011238837145,16.734347819751356,40.15068882692703,0.7131308795714153,lithography,DDA,0
P02,LITH-04,75,0.6147212864163265,12.071047594670926,25.390633487342186,42.498014582473246,0.4509731708772057,lithography,DDA,0
P02,LITH-05,75,0.6878970280088446,7.119918510665113,13.809699324366045,30.37906617677677,0.6576363259767988,lithography,DDA,0
P03,LITH-01,75,0.7387342717052439,7.582416590116695,11.894002913943256,34.2763102551806,0.8306111916952303,lithography,DDA,0
P03,LITH-02,75,0.6707120243232345,13.966565839088425,24.383686100865287,42.95273587086248,0.7443661961795032,lithography,DDA,0
P03,LITH-03,75,0.6619792500184698,8.45298644761163,16.66437188437752,33.07489606245775,0.6254032848396829,lithography,DDA,0
P03,LITH-04,75,0.7526153329044755,6.3434625933846736,12.02233385103231,29.046583032402072,0.8688915390129156,lithography,DDA,0
P03,LITH-05,75,0.6377142538554225,9.75293348431209,17.852927052363125,46.15147359951068,0.663637223361506,lithography,DDA,0
P01,LITH-01,75,0.6080751700495541,15.065666595034791,28.944592461058644,34.99841774730911,0.5860189779688266,lithography,DDA,1
P01,LITH-02,75,0.7125516436960894,8.216993916091575,14.039526409239944,30.3903628229447,0.7706189491211645,lithography,DDA,1
P01,LITH-03,75,0.5439487145803423,10.794836252898898,17.25185927115958,44.58948338878758,0.2539772091254344,lithography,DDA,1
P01,LITH-04,75,0.7465883723438327,6.194980531970856,11.662940384362296,27.25577139407227,0.800807402059106,lithography,DDA,1
P01,LITH-05,75,0.717614966683137,11.924000002915157,21.373312368105395,27.63708801948911,0.7244309001051383,lithography,DDA,1
P02,LITH-01,75,0.7109748818746273,7.1681416394325135,12.416994931566798,32.927147167628355,0.8380478858770171,lithography,DDA,1
P02,LITH-02,75,0.6226836875348282,10.664514829239861,26.997730219386845,26.87993923590259,0.4588894269499403,lithography,DDA,1
P02,LITH-03,75,0.6474338367342819,9.908692187512253,17.51267386332444,40.95418723987941,0.6858253508502743,lithography,DDA,1
P02,LITH-04,75,0.631988696539453,11.530047736427537,24.42125393616443,41.60887334006739,0.49209508734505814,lithography,DDA,1
P02,LITH-05,75,0.6749247607622617,7.415851244355508,14.494320457291234,32.216821097386955,0.6228492718875043,lithography,DDA,1
P03,LITH-01,75,0.7476549278124119,7.3235225847559695,11.514264091550363,32.94200151801275,0.841254653190922,lithography,DDA,1
P03,LITH-02,75,0.6765719947607841,13.718018461180261,24.05542955613329,42.615454511479236,0.7512026229172335,lithography,DDA,1
P03,LITH-03,75,0.6478155748946713,8.807181726677735,16.97451179054692,33.616822423197895,0.611330330023016,lithography,DDA,1
P03,LITH-04,75,0.7501497090985231,6.406686367784476,12.41248756006688,29.367722887219326,0.8602438898683044,lithography,DDA,1
P03,LITH-05,75,0.6204962519251285,10.216451658421818,19.987764850699104,45.67139675116238,0.5783835657841334,lithography,DDA,1
P01,LITH-01,75,0.6244211801812504,14.437322790345679,27.599821354536942,34.37902388755266,0.6235926490936452,lithography,DDA,2
P01,LITH-02,75,0.7211451394769285,7.971340389116953,13.823343772664073,29.304917309493927,0.7776286467167717,lithography,DDA,2
P01,LITH-03,75,0.5439809122481961,10.79407412687641,16.515722587509845,46.60231973623513,0.31628447630380174,lithography,DDA,2
P01,LITH-04,75,0.7601212370780397,5.864151854748687,10.97964326603671,25.554476919883356,0.823463893401156,lithography,DDA,2
P01,LITH-05,75,0.6991097596195953,12.705401504573423,22.859743193984894,29.02703681252674,0.684768545243298,lithography,DDA,2
P02,LITH-01,75,0.7006690710394119,7.423737112432124,13.23323894938109,35.043569087636946,0.8160558743356392,lithography,DDA,2
P02,LITH-02,75,0.6364167604962201,10.276361559928676,26.81592674255894,27.81948689280561,0.46615259685952326,lithography,DDA,2
P02,LITH-03,75,0.6607016507584537,9.535807041788289,16.079503158769402,41.73126958852173,0.7351429914439942,lithography,DDA,2
P02,LITH-04,75,0.5923283297294448,12.7726343588046,27.75493390878923,43.65004136271565,0.34396518193896497,lithography,DDA,2
P02,LITH-05,75,0.7041567308545094,6.74899042071394,12.881026246421444,31.23239814441614,0.7021345284835245,lithography,DDA,2
P03,LITH-01,75,0.732844594826756,7.753345949911988,12.120963496981174,35.4422818906669,0.8240849815579476,lithography,DDA,2
P03,LITH-02,75,0.6744028719846875,13.810020593973464,24.260469010874726,44.31658684756411,0.7469432362835116,lithography,DDA,2
P03,LITH-03,75,0.6681511741115096,8.29864328756301,16.50991355302442,33.64626871177172,0.6323152092964646,lithography,DDA,2
P03,LITH-04,75,0.7546698385193444,6.290780753120145,11.712768173255721,28.937862979951422,0.8755564915060425,lithography,DDA,2
P03,LITH-05,75,0.6826516705275854,8.543193271166853,18.136624427413174,38.17219617555508,0.6528621355106496,lithography,DDA,2
P01,LITH-01,75,0.6136593693909183,14.851008887617166,28.524169654548835,34.38285648221056,0.5979578600754291,lithography,DDA,3
P01,LITH-02,75,0.6993394812059859,8.594676572536521,15.3309643029441,31.887163714119936,0.726478438797634,lithography,DDA,3
P01,LITH-03,75,0.5995706570272281,9.478252394945763,14.317795939073937,40.78725352885,0.48615442779460694,lithography,DDA,3
P01,LITH-04,75,0.7658219009484811,5.7247916287664316,9.851969365187117,26.263099633638298,0.8578642943714286,lithography,DDA,3
P01,LITH-05,75,0.7001589343563,12.661099016525172,22.608480588524674,28.569562212578543,0.6916601870901746,lithography,DDA,3
P02,LITH-01,75,0.7127333297189427,7.124530193841344,12.083097686506013,32.65959184801599,0.8466406754360608,lithography,DDA,3
P02,LITH-02,75,0.6472659920670916,9.969717539643716,26.48491723865633,26.025057528061264,0.4792506293269784,lithography,DDA,3
P02,LITH-03,75,0.6614801236088454,9.513928459398484,16.50946598372965,41.10563942911577,0.7207891630557117,lithography,DDA,3
P02,LITH-04,75,0.6091786203486065,12.244703142060219,26.734186551754096,40.80507708137286,0.3913320376344116,lithography,DDA,3
P02,LITH-05,75,0.703622001706373,6.761189048415942,13.243927197055514,30.117068221964693,0.6851143988497603,lithography,DDA,3
P03,LITH-01,75,0.7456468715717717,7.381800105701005,11.748545024385662,33.06919137975799,0.8347289437440317,lithography,DDA,3
P03,LITH-02,75,0.6764049349703389,13.72510420902004,24.01744185752576,43.236548861115956,0.7519877909541536,lithography,DDA,3
P03,LITH-03,75,0.6527170528834538,8.6846089940431,17.217756712414435,33.7198220197424,0.6001112365927863,lithography,DDA,3
P03,LITH-04,75,0.7593546651690302,6.170651955496249,11.591952322961765,27.61077293496791,0.8781104919311051,lithography,DDA,3
P03,LITH-05,75,0.6549075126808523,9.290081408326571,18.82370636489485,38.64802574262884,0.6260622185057562,lithography,DDA,3
P01,LITH-01,75,0.6166133923652963,14.737455670660536,28.05418254517544,34.59821750387221,0.611097449515316,lithography,DDA,4
P01,LITH-02,75,0.7413266955641893,7.394430763615551,12.944687315775123,30.74141032730506,0.8049994885269447,lithography,DDA,4
P01,LITH-03,75,0.5504046132214153,10.642023683515246,16.38420196958645,45.57434837793851,0.32713046192622564,lithography,DDA,4
P01,LITH-04,75,0.7428790846530022,6.285658948130007,13.896684540558683,26.095505009313968,0.7171999496619572,lithography,DDA,4
P01,LITH-05,75,0.7126534688278264,12.133504379780632,21.60719309561717,27.245886341883935,0.7183669892737163,lithography,DDA,4
P02,LITH-01,75,0.7100192159310068,7.191843208653507,12.184146308820194,34.093801653148894,0.8440649209344218,lithography,DDA,4
P02,LITH-02,75,0.6421782547632398,10.113517974800395,26.62967773147679,26.892996714128603,0.4735424784939496,lithography,DDA,4
P02,LITH-03,75,0.667325450628768,9.349648524990515,16.245164777516962,41.04987671160914,0.7296574160071966,lithography,DDA,4
P02,LITH-04,75,0.6032176031223829,12.431465919533963,27.00232383611923,42.77520876861909,0.37906122961891475,lithography,DDA,4
P02,LITH-05,75,0.6912979018203935,7.042335319935452,13.292006735655692,30.569757976549138,0.6828239853169209,lithography,DDA,4
P03,LITH-01,75,0.7423695267504831,7.476914738250269,11.633626394199329,33.70627378383112,0.8379463352595976,lithography,DDA,4
P03,LITH-02,75,0.6654803696919356,14.188463552496382,24.8909787911648,45.29163789859971,0.7336188348926218,lithography,DDA,4
P03,LITH-03,75,0.6511960141888521,8.722646065650281,17.133938094972105,34.32832748097392,0.6039951964159904,lithography,DDA,4
P03,LITH-04,75,0.747739381624142,6.468492228071037,12.152397703631364,28.467279276408686,0.8660393951606011,lithography,DDA,4
P03,LITH-05,75,0.6292401300289017,9.981061603890106,19.099298006962922,44.63221851656544,0.6150326671654825,lithography,DDA,4
P01,LITH-01,75,0.6035229044670926,15.24065656830617,29.58972176078068,35.12533497662634,0.5673593553802179,lithography,PFI-SBS,0
P01,LITH-02,75,0.7449464925326335,7.290955307886226,13.116090492377086,29.43746660254629,0.7998012181851506,lithography,PFI-SBS,0
P01,LITH-03,75,0.5600088081476076,10.41469023466033,16.4419188495211,43.69364550215448,0.3223814562221864,lithography,PFI-SBS,0
P01,LITH-04,75,0.7575565127181434,5.926849914922098,10.878826574762092,25.720893059524453,0.8266909700538281,lithography,PFI-SBS,0
P01,LITH-05,75,0.7186845113294331,11.878837374373001,21.68478847514983,27.129638070377958,0.7163405659365744,lithography,PFI-SBS,0
P02,LITH-01,75,0.6931903289757758,7.609218162468997,13.69969469318661,34.65616504033893,0.802859709849067,lithography,PFI-SBS,0
P02,LITH-02,75,0.6239390902966315,10.629031970620657,26.776767237632587,27.28344111369575,0.4677106214022687,lithography,PFI-SBS,0
P02,LITH-03,75,0.6754740625860302,9.1206359422398,16.694979618554473,39.609258616234236,0.7144790333385886,lithography,PFI-SBS,0
P02,LITH-04,75,0.6133972279417707,12.112531259096162,25.370508740727246,40.93868789944848,0.45184314893971256,lithography,PFI-SBS,0
P02,LITH-05,75,0.6984302759758094,6.879626447122879,13.27402859307258,30.039850590418492,0.6836813997678028,lithography,PFI-SBS,0
P03,LITH-01,75,0.7380330443798315,7.602767509237825,11.737025526360918,36.079221584402035,0.8350528827919308,lithography,PFI-SBS,0
P03,LITH-02,75,0.6629899494099043,14.294093339810983,25.307740355050857,46.05827515810805,0.7246238619850732,lithography,PFI-SBS,0
P03,LITH-03,75,0.6362441157975278,9.096552680776234,16.419584763667576,37.74371608671128,0.6363275460029798,lithography,PFI-SBS,0
P03,LITH-04,75,0.7609699053808945,6.129233803014973,12.16927480364579,27.675063612046795,0.8656670511157775,lithography,PFI-SBS,0
P03,LITH-05,75,0.6339525503700258,9.854200631229144,18.122745701495575,46.3736255729215,0.6533932142587089,lithography,PFI-SBS,0
P01,LITH-01,75,0.60516860772261,15.177395415484785,29.48837939169886,34.54697248433555,0.5703177978942621,lithography,PFI-SBS,1
P01,LITH-02,75,0.7434818125856627,7.332824624406357,13.43747329599371,27.473015675440276,0.7898701017566188,lithography,PFI-SBS,1
P01,LITH-03,75,0.59963110728793,9.476821523711356,15.106149077329844,40.80322641748933,0.4280108191045312,lithography,PFI-SBS,1
P01,LITH-04,75,0.7753627312004625,5.491553484895393,9.160891126988945,26.82286642745244,0.8771054770735602,lithography,PFI-SBS,1
P01,LITH-05,75,0.716996088997997,11.950132753056812,21.40106814924308,28.65289433535874,0.7237147170612146,lithography,PFI-SBS,1
P02,LITH-01,75,0.7363329528582194,6.53923351652562,11.6830423091136,31.172157133904783,0.8566276139802647,lithography,PFI-SBS,1
P02,LITH-02,75,0.6411834793164133,10.141634430818772,26.493965662000676,26.154034826159965,0.47889474634443707,lithography,PFI-SBS,1
P02,LITH-03,75,0.674783642562039,9.140039844856135,16.699943759992575,39.68605380037656,0.7143092125641166,lithography,PFI-SBS,1
P02,LITH-04,75,0.6170072595009479,11.999426482650655,24.91078848336076,39.50413841736672,0.47152865615760753,lithography,PFI-SBS,1
P02,LITH-05,75,0.6855665141430005,7.173083876912427,14.14103739467899,29.647764685752843,0.6410104770249003,lithography,PFI-SBS,1
P03,LITH-01,75,0.7522434034597578,7.190356500942134,11.218974698931506,34.669952516256636,0.8492924642245901,lithography,PFI-SBS,1
P03,LITH-02,75,0.6842185420642739,13.39369442190612,23.246304303833877,42.305551962782786,0.7676581720765729,lithography,PFI-SBS,1
P03,LITH-03,75,0.6583091005833188,8.54476697717301,16.752977159514227,34.81161785088629,0.6214091967367119,lithography,PFI-SBS,1
P03,LITH-04,75,0.7757994420036421,5.748973328717658,13.319898473526324,26.04012489351734,0.8390633411016337,lithography,PFI-SBS,1
P03,LITH-05,75,0.6275055784792667,10.027756694902463,19.256093726592532,45.43119699587949,0.6086859419849082,lithography,PFI-SBS,1
P01,LITH-01,75,0.6282233735837743,14.291165737373277,27.61201172329049,32.82822191285552,0.6232600702924342,lithography,PFI-SBS,2
P01,LITH-02,75,0.7381946872498284,7.483962301019932,14.50094312374328,28.27235201747664,0.7552937171158179,lithography,PFI-SBS,2
P01,LITH-03,75,0.5395226526839774,10.899602131088427,17.474975389709357,47.27284882613113,0.23455599273842365,lithography,PFI-SBS,2
P01,LITH-04,75,0.7482743384647421,6.1537648727163905,11.757158801427904,27.573758776926688,0.7975760697875576,lithography,PFI-SBS,2
P01,LITH-05,75,0.7064049953752265,12.397352631905996,22.306612988916026,28.833513605703708,0.6998391014716712,lithography,PFI-SBS,2
P02,LITH-01,75,0.7080802846571908,7.2399308423165785,12.618286801532047,34.35628111115725,0.8327545149051206,lithography,PFI-SBS,2
P02,LITH-02,75,0.6391723600081831,10.198476955187429,27.00360166797011,26.468732945097322,0.45865404061495374,lithography,PFI-SBS,2
P02,LITH-03,75,0.6804326412248718,8.981277618784278,14.89219037928433,39.972967229493754,0.7728130516673541,lithography,PFI-SBS,2
P02,LITH-04,75,0.5973308847358587,12.61590086316011,27.25195858457758,41.826123821690764,0.36752708065418005,lithography,PFI-SBS,2
P02,LITH-05,75,0.7055450548408286,6.717318970788516,12.581413647082584,30.287420025912308,0.7158300735631054,lithography,PFI-SBS,2
P03,LITH-01,75,0.7494081569590889,7.272640619276588,11.56087183462672,33.23122714518374,0.8399669049279412,lithography,PFI-SBS,2
P03,LITH-02,75,0.6755314478273797,13.762152679030718,24.306801247024975,45.67867834979775,0.7459757462045198,lithography,PFI-SBS,2
P03,LITH-03,75,0.6786003967050357,8.037336438868131,15.057714471590966,33.66809497362004,0.6941530299334248,lithography,PFI-SBS,2
P03,LITH-04,75,0.7569574853649927,6.232120681893334,11.780580426493259,28.893421608409575,0.8741113637252601,lithography,PFI-SBS,2
P03,LITH-05,75,0.6782086701934551,8.662801307615123,17.485037110436327,37.137269771174836,0.6773570463561559,lithography,PFI-SBS,2
P01,LITH-01,75,0.6094857053089519,15.01144534566584,29.155331739556047,34.48105997037028,0.5799688214675494,lithography,PFI-SBS,3
P01,LITH-02,75,0.7362281426200312,7.540177912987745,12.820195867507362,29.98896858765398,0.8087321647375291,lithography,PFI-SBS,3
P01,LITH-03,75,0.558982336715852,10.438987043765659,16.381964206998383,43.50849693648342,0.3273142510977203,lithography,PFI-SBS,3
P01,LITH-04,75,0.758284107101425,5.909062913270713,10.088577533870113,26.080211316692893,0.8509551561049764,lithography,PFI-SBS,3
P01,LITH-05,75,0.6904550525894397,13.070855457428657,22.98894332059001,30.0456734602819,0.6811951859200236,lithography,PFI-SBS,3
P02,LITH-01,75,0.7168999013594073,7.021194622651512,12.008318126286674,31.000643275778994,0.8485330140186301,lithography,PFI-SBS,3
P02,LITH-02,75,0.6433186671367536,10.08128521870955,26.353048557263143,26.664555715813766,0.4844233528493672,lithography,PFI-SBS,3
P02,LITH-03,75,0.6810512160334234,8.963892889302263,15.553940661793124,37.95260416669532,0.752173870342364,lithography,PFI-SBS,3
P02,LITH-04,75,0.6227975794925242,11.818011767166997,25.865008872288335,39.05993681597675,0.4302664980842992,lithography,PFI-SBS,3
P02,LITH-05,75,0.7059672137386543,6.707688376975532,12.497967942917828,30.362112195519796,0.719587063569099,lithography,PFI-SBS,3
P03,LITH-01,75,0.7601111358268706,6.962020297734915,11.17086703867419,31.088508937479226,0.8505821796393292,lithography,PFI-SBS,3
P03,LITH-02,75,0.6736281020569284,13.842882028357623,24.007434671679952,43.94648526989386,0.7521944230529006,lithography,PFI-SBS,3
P03,LITH-03,75,0.642856805254719,8.931187168845517,17.187982042897612,36.97659170276504,0.6014930961425771,lithography,PFI-SBS,3
P03,LITH-04,75,0.7533376986971844,6.324939616845388,12.09773963041676,28.524031412058232,0.8672417195925262,lithography,PFI-SBS,3
P03,LITH-05,75,0.6387504568012328,9.725038325547814,19.105298964965492,40.598033545843606,0.6147907173596312,lithography,PFI-SBS,3
P01,LITH-01,75,0.6211458517872741,14.56322705004552,28.115378303227438,34.924102746573716,0.6093989403232792,lithography,PFI-SBS,4
P01,LITH-02,75,0.7434772096786675,7.332956203028907,13.177423443627488,31.182148799233982,0.7979245170578078,lithography,PFI-SBS,4
P01,LITH-03,75,0.5114094404456787,11.565048172702296,18.662603023579674,49.29076641871353,0.12697894467616866,lithography,PFI-SBS,4
P01,LITH-04,75,0.7460087315316662,6.209150613983743,11.781056773605318,26.40833870088365,0.7967523269116701,lithography,PFI-SBS,4
P01,LITH-05,75,0.702943590319534,12.543514039291404,21.553400614864504,28.691874376848546,0.7197675302994356,lithography,PFI-SBS,4
P02,LITH-01,75,0.7131602946274375,7.113940993293621,12.200549020142155,34.18060936581869,0.8436447881335865,lithography,PFI-SBS,4
P02,LITH-02,75,0.6445939314298988,10.045240991316907,27.037885671716285,26.028329011046164,0.45727857309160125,lithography,PFI-SBS,4
P02,LITH-03,75,0.6725199349952877,9.203660191385461,15.701561085232546,40.9142445375321,0.7474473760182634,lithography,PFI-SBS,4
P02,LITH-04,75,0.6068665779109244,12.317141024876445,26.90260346407093,41.50218209828551,0.3836390510640637,lithography,PFI-SBS,4
P02,LITH-05,75,0.6899698455062528,7.072631900176038,13.327155024587515,29.68233045749396,0.6811443391788975,lithography,PFI-SBS,4
P03,LITH-01,75,0.7445053934341808,7.414927920911276,11.687701956627699,33.8544796030792,0.8364363143528916,lithography,PFI-SBS,4
P03,LITH-02,75,0.6827129935001237,13.457551424585708,23.185546211708196,43.89485253292192,0.7688711131012731,lithography,PFI-SBS,4
P03,LITH-03,75,0.657377735834127,8.568057895269408,16.251809183590083,35.0030121192904,0.6437215976619168,lithography,PFI-SBS,4
P03,LITH-04,75,0.7515991656283045,6.369519257205809,11.996780657104807,30.625457981843805,0.8694482827436543,lithography,PFI-SBS,4
P03,LITH-05,75,0.6157220964729601,10.344974574557146,19.60311159561109,46.03097824139182,0.5944549615536234,lithography,PFI-SBS,4
P01,LITH-01,75,0.5781057441969408,16.21769714639633,29.877533568272707,37.381690068519916,0.5589020491639325,lithography,NSGA2,0
P01,LITH-02,75,0.7134620233264956,8.190969819170066,13.323491659366287,29.822163743806318,0.7934197823785136,lithography,NSGA2,0
P01,LITH-03,75,0.5832297198816689,9.86504604369714,15.163688431220846,42.29835820281446,0.4236451043935223,lithography,NSGA2,0
P01,LITH-04,75,0.6511891303241926,8.527140474837879,18.2115132733925,32.69530521007443,0.5143211921562021,lithography,NSGA2,0
P01,LITH-05,75,0.6704921685640451,13.91380887596164,22.159194786020027,33.11999448992638,0.7037933517200832,lithography,NSGA2,0
P02,LITH-01,75,0.6443601443336563,8.820260586963478,18.28142703605934,35.90914962881931,0.6489461010209605,lithography,NSGA2,0
P02,LITH-02,75,0.6100014396990308,11.02296744749352,26.918870410703757,30.810980949771754,0.4620459555980275,lithography,NSGA2,0
P02,LITH-03,75,0.5698441056908341,12.08931200281188,21.789102464966607,53.20424123007588,0.5136545006258881,lithography,NSGA2,0
P02,LITH-04,75,0.6076656095653878,12.29210681252414,25.176255608217343,45.1912469940017,0.4602051050887902,lithography,NSGA2,0
P02,LITH-05,75,0.6723068479977159,7.475572961943396,13.652794459675334,33.5842072221435,0.6653719546206247,lithography,NSGA2,0
P03,LITH-01,75,0.7193677475582545,8.144469083352087,12.702026436626038,38.52366065844001,0.8068144422469397,lithography,NSGA2,0
P03,LITH-02,75,0.6284501597064349,15.75907925668305,27.518409982541392,49.84870817696031,0.6744136133365715,lithography,NSGA2,0
P03,LITH-03,75,0.5957622335061443,10.108895273358414,19.25844999238373,41.60009713754204,0.4997020452274419,lithography,NSGA2,0
P03,LITH-04,75,0.6814818105512221,8.167475550539036,14.549559141723584,37.59595381654302,0.8079771902271404,lithography,NSGA2,0
P03,LITH-05,75,0.577565084173626,11.372182536437522,19.55753414474526,54.88387825029613,0.5963385626911075,lithography,NSGA2,0
P01,LITH-01,75,0.5694241862051591,16.55141792200062,30.700511702205656,39.819810079965784,0.534267245461572,lithography,NSGA2,1
P01,LITH-02,75,0.7333978477978518,7.62108467353991,12.93838801802376,29.23717603554899,0.8051892292865894,lithography,NSGA2,1
P01,LITH-03,75,0.5730433109860564,10.10616062784314,15.555834021369316,42.549350428095295,0.39344961468615924,lithography,NSGA2,1
P01,LITH-04,75,0.6958040138573172,7.436470968153438,12.928013939440984,32.247405857223306,0.7552511229612544,lithography,NSGA2,1
P01,LITH-05,75,0.6921316005446303,13.000061486559286,20.578432105400708,31.815277863886692,0.7445467594310622,lithography,NSGA2,1
P02,LITH-01,75,0.658495748373592,8.469682019348324,16.962288857389872,35.214859150584374,0.6977804717160185,lithography,NSGA2,1
P02,LITH-02,75,0.6030394512291306,11.219741948954017,26.865335462203202,31.66584858584888,0.4641835419271675,lithography,NSGA2,1
P02,LITH-03,75,0.5860605785336701,11.63355630499209,20.949781819974117,51.18878703237667,0.5504011127439854,lithography,NSGA2,1
P02,LITH-04,75,0.584955286128529,13.00363689563411,26.761918034285042,48.03609211078779,0.39006863510682355,lithography,NSGA2,1
P02,LITH-05,75,0.6638595767437367,7.668278217462461,14.579482124258764,32.69180899884124,0.6184043388426079,lithography,NSGA2,1
P03,LITH-01,75,0.7205743872595387,8.10945015856227,12.593624454641835,37.766489282733694,0.8100977509145102,lithography,NSGA2,1
P03,LITH-02,75,0.6387507938956016,15.322183602380198,27.64326151933289,47.009792619265944,0.6714525283340373,lithography,NSGA2,1
P03,LITH-03,75,0.6332459929011391,9.17152764078337,18.047523345520048,37.298903433287975,0.5606392148804564,lithography,NSGA2,1
P03,LITH-04,75,0.6704099570324298,8.451381135555643,14.620305782185097,37.864795398443505,0.806105243904915,lithography,NSGA2,1
P03,LITH-05,75,0.577784630170139,11.36627223628488,19.935411039150715,48.37337559680709,0.5805893471091519,lithography,NSGA2,1
P01,LITH-01,75,0.5819159532100334,16.071231971796628,29.43039760590649,38.40964525369499,0.5720058694996164,lithography,NSGA2,2
P01,LITH-02,75,0.71147931035871,8.24764761897778,14.060478500375153,30.331571287058868,0.7699337979694916,lithography,NSGA2,2
P01,LITH-03,75,0.5806043127780236,9.927190018919072,15.625324033403395,41.86622647290368,0.3880184257717556,lithography,NSGA2,2
P01,LITH-04,75,0.6788859743879809,7.850054694050405,14.449275899559948,31.852156114711445,0.6942621185591888,lithography,NSGA2,2
P01,LITH-05,75,0.6680403217998891,14.017340640657318,22.435350655154103,33.51573345411842,0.6963644797983254,lithography,NSGA2,2
P02,LITH-01,75,0.6537079460502033,8.588424796509882,17.221537526655467,36.74133596485106,0.6884717333545342,lithography,NSGA2,2
P02,LITH-02,75,0.6182162384435216,10.790783361792402,25.97759712196845,31.01416534189077,0.49900952636699814,lithography,NSGA2,2
P02,LITH-03,75,0.5845431727797763,11.676202219732245,20.00119609011218,53.708310392013125,0.5901941495041657,lithography,NSGA2,2
P02,LITH-04,75,0.5727760070648902,13.385222101519185,28.212597294084745,50.09149521331785,0.3221515081980326,lithography,NSGA2,2
P02,LITH-05,75,0.6521656933287547,7.935047535475397,14.663086829104996,33.90393150224889,0.6140153399307189,lithography,NSGA2,2
P03,LITH-01,75,0.7354454113098026,7.6778654260116115,12.268075096024308,34.851898772382874,0.8197889226426361,lithography,NSGA2,2
P03,LITH-02,75,0.6391179528539555,15.306610759932122,26.95622792817902,47.70203157784784,0.6875807364117443,lithography,NSGA2,2
P03,LITH-03,75,0.6097965464072219,9.757934994260657,18.914187024281627,39.37826525174039,0.5174287714948265,lithography,NSGA2,2
P03,LITH-04,75,0.6843103240720922,8.094946521455784,13.90818573453282,38.230729815380485,0.8245335396080176,lithography,NSGA2,2
P03,LITH-05,75,0.5739967466409766,11.468244164519398,21.050426178976405,49.99235704296015,0.532360859498201,lithography,NSGA2,2
P01,LITH-01,75,0.5756592160379284,16.311742164068995,30.18862141119084,38.97193767507511,0.549668717708069,lithography,NSGA2,3
P01,LITH-02,75,0.7110410854676519,8.260174708400054,14.354615381743674,30.59830366420293,0.7602074186972534,lithography,NSGA2,3
P01,LITH-03,75,0.6183052173082781,9.03480114950546,14.69748125768497,39.769383836398426,0.45854033308071207,lithography,NSGA2,3
P01,LITH-04,75,0.6829285919344033,7.751227591166751,14.012661443551394,31.63351580975932,0.7124599506484622,lithography,NSGA2,3
P01,LITH-05,75,0.6556368038579163,14.541092010335209,23.45726768963734,33.99171468574114,0.668073673394799,lithography,NSGA2,3
P02,LITH-01,75,0.6656875881565667,8.291316462240909,16.73312754175288,34.441005673936864,0.7058913101140548,lithography,NSGA2,3
P02,LITH-02,75,0.605643016820061,11.146154449723014,26.58783576697773,32.26356605258055,0.47519557481391184,lithography,NSGA2,3
P02,LITH-03,75,0.5863541311531844,11.625306158351066,19.960564606849655,51.4932483922518,0.5918574606982834,lithography,NSGA2,3
P02,LITH-04,75,0.610831335497435,12.19292243755055,25.87558605316123,44.4460798897654,0.4298004316318016,lithography,NSGA2,3
P02,LITH-05,75,0.6772672660121761,7.36241232199027,13.768247290066691,33.23382637664062,0.6596885605887363,lithography,NSGA2,3
P03,LITH-01,75,0.7347697994644278,7.697472936335621,12.335447525578283,34.82487635886953,0.8178041620320271,lithography,NSGA2,3
P03,LITH-02,75,0.6295409429576675,15.712814293429517,26.674805629897207,50.00737189931952,0.6940699823904866,lithography,NSGA2,3
P03,LITH-03,75,0.595828226165922,10.107244975088934,18.927072677264803,41.57125110689165,0.5167710256946272,lithography,NSGA2,3
P03,LITH-04,75,0.674478960699213,8.347043332992408,14.413009346920582,38.43622871977752,0.8115646023999304,lithography,NSGA2,3
P03,LITH-05,75,0.5863016696123869,11.13698880449798,20.532418377521445,45.869285297864955,0.5550929597800117,lithography,NSGA2,3
P01,LITH-01,75,0.5703531938801158,16.515706686514736,30.29899052025106,39.70845055778686,0.5463698907896004,lithography,NSGA2,4
P01,LITH-02,75,0.7318451781404637,7.665469262453575,12.511508193829187,30.300081367135768,0.8178320583586017,lithography,NSGA2,4
P01,LITH-03,75,0.5743504988856365,10.075219196958336,15.45344762026411,43.170998325577045,0.4014078039778539,lithography,NSGA2,4
P01,LITH-04,75,0.6736870784202922,7.977148543710973,16.120657862203895,32.03569675297256,0.6194404665046126,lithography,NSGA2,4
P01,LITH-05,75,0.6897861365594108,13.09910112842024,20.709254054571286,33.13853204718241,0.7412884823602656,lithography,NSGA2,4
P02,LITH-01,75,0.6596853103943852,8.440179569494687,16.78987179218696,35.73081737921586,0.7038932049329012,lithography,NSGA2,4
P02,LITH-02,75,0.60692264569289,11.109986861311453,27.040427680830305,32.07079046929568,0.45717651868667586,lithography,NSGA2,4
P02,LITH-03,75,0.5960023489660418,11.354147917922802,19.1557444886815,52.41693424555523,0.6241069552351287,lithography,NSGA2,4
P02,LITH-04,75,0.6034044179698052,12.425612881628886,26.69556472890994,45.1393687960678,0.3930894044220823,lithography,NSGA2,4
P02,LITH-05,75,0.6741268653762503,7.4340534104297165,13.93954599393593,32.56666459381105,0.6511678611078118,lithography,NSGA2,4
P03,LITH-01,75,0.7166835375025293,8.222369843588526,12.927813103068821,37.03464377700499,0.799885406364585,lithography,NSGA2,4
P03,LITH-02,75,0.6300567169114812,15.690938028834005,27.930370112225464,50.88784653430971,0.6645923637777402,lithography,NSGA2,4
P03,LITH-03,75,0.6064917418420199,9.840579234897318,18.513212268925756,41.48572471315353,0.5376726046191095,lithography,NSGA2,4
P03,LITH-04,75,0.6889116316181356,7.976959329114092,13.259128163835983,37.29450260403663,0.8405284964466317,lithography,NSGA2,4
P03,LITH-05,75,0.5402666127259206,12.376278101794972,22.26562325371363,54.14398522057563,0.47681078776993013,lithography,NSGA2,4
P01,IMPL-01,75,0.5905229857087044,5.8623762762536975,10.636081882776189,40.04043689494905,0.3509315955835415,implantation,ALL,0
P01,IMPL-02,75,0.45554416344032356,5.076818484994869,9.030651233198455,53.123678678957106,-0.22171171484868268,implantation,ALL,0
P01,IMPL-03,75,0.7003933711255756,4.247039901444827,7.478400329105951,25.74737982516589,0.6842556953673357,implantation,ALL,0
P01,IMPL-04,75,0.6552511938406713,5.047240714517236,11.602344519403982,29.000194975278298,0.5386367552161784,implantation,ALL,0
P01,IMPL-05,75,0.6160580890904348,3.723957372159638,5.9242510840421465,52.55052372092071,0.6247760355838642,implantation,ALL,0
P02,IMPL-01,75,0.5340158631532383,4.748476718566313,9.887163721088346,40.65531825857687,0.2886026012689825,implantation,ALL,0
P02,IMPL-02,75,0.6031651275579352,5.203456487345837,11.774931597200656,42.20539484787446,0.6133666815075556,implantation,ALL,0
P02,IMPL-03,75,0.5402757734622543,3.930246110274403,7.53889829234996,54.57192151058049,0.33599600800399365,implantation,ALL,0
P02,IMPL-04,75,0.4988395277907671,6.044068800996857,13.690358761634801,50.80166261849144,0.38985216324891836,implantation,ALL,0
P02,IMPL-05,75,0.684364335786682,5.535146675869805,8.532863660956961,38.844715246871445,0.751485267601221,implantation,ALL,0
P03,IMPL-01,75,0.6222825058406048,6.600004681775369,12.993045162676442,35.1486866516997,0.5913457113398506,implantation,ALL,0
P03,IMPL-02,75,0.5215205951100306,6.842488401967245,12.056567032673662,57.31726780682883,0.6234242652552482,implantation,ALL,0
P03,IMPL-03,75,0.5490740468514423,7.520442098021355,14.679363796664683,53.117804784702926,0.5073023872208418,implantation,ALL,0
P03,IMPL-04,75,0.6041560157113066,5.964720164671626,11.393114811940084,47.848940939519316,0.5739436615155002,implantation,ALL,0
P03,IMPL-05,75,0.6352713462750725,3.878037968149077,7.483370826095725,38.33314276640916,0.4552957815408777,implantation,ALL,0
P01,IMPL-01,75,0.5738110039786071,6.101637386900588,11.114925292885225,42.80263258423483,0.2911730510551517,implantation,ALL,1
P01,IMPL-02,75,0.5320137236984644,4.363772447117733,8.005456688365358,48.3276614430241,0.03993016903467539,implantation,ALL,1
P01,IMPL-03,75,0.7276369445879973,3.860851705317351,6.842431225829563,25.776130822968042,0.7356745454055659,implantation,ALL,1
P01,IMPL-04,75,0.664129550905523,4.917258523266278,11.318192671335257,28.14815355459674,0.5609584289171712,implantation,ALL,1
P01,IMPL-05,75,0.6345504385063406,3.544595028588517,5.41037512902894,50.629719484819994,0.6870475107513957,implantation,ALL,1
P02,IMPL-01,75,0.5104309733486924,4.988811724184041,10.594976309547086,40.808465646506455,0.18310017806121526,implantation,ALL,1
P02,IMPL-02,75,0.6266806446189135,4.895111686267138,10.59212487064093,40.52882613280851,0.6871409838232097,implantation,ALL,1
P02,IMPL-03,75,0.5244368778122861,4.065655023761842,7.855958862308499,51.30837475165474,0.2789700196093403,implantation,ALL,1
P02,IMPL-04,75,0.49693031807810195,6.0670941501589954,13.492246010550515,52.435415062604754,0.4073832531563273,implantation,ALL,1
P02,IMPL-05,75,0.6830375977416355,5.558413025374675,8.437638367014287,45.75324306966841,0.7570010806576885,implantation,ALL,1
P03,IMPL-01,75,0.6144867142310673,6.73622358059974,13.466048990146462,35.78851065968548,0.5610505135895163,implantation,ALL,1
P03,IMPL-02,75,0.548435456794941,6.457592778378384,11.126346305889136,56.85512580040827,0.6792917379920707,implantation,ALL,1
P03,IMPL-03,75,0.5768074030796957,7.057911391500529,13.103912325613306,65.52077940388837,0.6073840416306002,implantation,ALL,1
P03,IMPL-04,75,0.6082400014278339,5.903181192444035,11.353605120614741,48.19367516261993,0.5768935425386141,implantation,ALL,1
P03,IMPL-05,75,0.6424750360198889,3.8014435408786804,7.5922662206299725,36.802586913829096,0.4393277496449757,implantation,ALL,1
P01,IMPL-01,75,0.5494575449630849,6.4502995471549625,12.709544016712885,43.79273385145286,0.0731977835177251,implantation,ALL,2
P01,IMPL-02,75,0.49533065849633917,4.705826386113406,8.524683098797922,55.014426475059665,-0.08864701179059153,implantation,ALL,2
P01,IMPL-03,75,0.7331770622954772,3.782318392984564,6.692619539172102,25.442241343403264,0.7471223890306508,implantation,ALL,2
P01,IMPL-04,75,0.6561302394502585,5.0343711854242885,11.628121068744816,27.350469039004704,0.5365844867546554,implantation,ALL,2
P01,IMPL-05,75,0.5762688240427902,4.1098843123990205,6.459393688631283,54.5394744717131,0.5539257397377045,implantation,ALL,2
P02,IMPL-01,75,0.5349415102390145,4.73904417936839,9.995170730526986,40.245292729641434,0.2729751505604391,implantation,ALL,2
P02,IMPL-02,75,0.614777913628704,5.051185023287638,11.51250344700234,40.5699967655253,0.6304084462996798,implantation,ALL,2
P02,IMPL-03,75,0.5333597508813994,3.9893721455753566,7.480826943006377,53.723281832593486,0.3461861169486464,implantation,ALL,2
P02,IMPL-04,75,0.48322311330004697,6.232405050243966,13.359299065875577,54.43986576419187,0.41900450891690055,implantation,ALL,2
P02,IMPL-05,75,0.710191454849964,5.082229251006801,7.693368673542015,37.68520317249139,0.7979794188492504,implantation,ALL,2
P03,IMPL-01,75,0.6335311238579311,6.40345320421387,12.95553502682061,34.04805021485694,0.5937018258935842,implantation,ALL,2
P03,IMPL-02,75,0.5637065700665024,6.239208424991605,11.13687453137645,53.597965206839525,0.6786845150467464,implantation,ALL,2
P03,IMPL-03,75,0.5657833712777842,7.241767725947769,13.484071322892829,62.92370479600397,0.5842731518071808,implantation,ALL,2
P03,IMPL-04,75,0.5972234174865427,6.069183059312102,11.821787347002127,48.51313640191893,0.5412792679395438,implantation,ALL,2
P03,IMPL-05,75,0.6152270523839547,4.091162250984059,8.31713822915108,40.16177991798827,0.32715652592815814,implantation,ALL,2
P01,IMPL-01,75,0.5926888396560976,5.83136830668304,10.617636091421963,40.912491912497444,0.35318095745889244,implantation,ALL,3
P01,IMPL-02,75,0.541076282078745,4.279267955078349,7.645960804904686,45.55238439230207,0.12422058482877385,implantation,ALL,3
P01,IMPL-03,75,0.7214824672234613,3.9480938035243254,7.081408509074677,25.629935902128576,0.7168885703474823,implantation,ALL,3
P01,IMPL-04,75,0.6673056365580976,4.870759540435688,11.472002163349039,27.269628145390655,0.5489445664981119,implantation,ALL,3
P01,IMPL-05,75,0.6523460747169207,3.3719902965297917,5.450672722227148,46.98678539627145,0.6823682797062235,implantation,ALL,3
P02,IMPL-01,75,0.5473667040195049,4.6124288319242,9.738284659672432,39.96449940208782,0.30986547849229873,implantation,ALL,3
P02,IMPL-02,75,0.6116630713888074,5.09202807208652,11.458827329213161,42.14071598183568,0.6338467936175909,implantation,ALL,3
P02,IMPL-03,75,0.5353203028180785,3.9726111154222257,7.43560457651351,53.09209622750727,0.3540669684786246,implantation,ALL,3
P02,IMPL-04,75,0.5190099142814589,5.800810981490411,12.796685489007597,48.929462010336024,0.46691015459652274,implantation,ALL,3
P02,IMPL-05,75,0.686717770813696,5.493875648721717,8.067360163598781,42.43836995960264,0.7778606897010013,implantation,ALL,3
P03,IMPL-01,75,0.6344569728570868,6.387275484559544,12.819410012663866,36.17425575444872,0.6021949965538639,implantation,ALL,3
P03,IMPL-02,75,0.5513010550230651,6.416613328813264,11.551698956634159,52.894664475961505,0.6543021115967582,implantation,ALL,3
P03,IMPL-03,75,0.5625255131207323,7.2961015549558415,13.20599951191031,59.034933700939064,0.6012427938874192,implantation,ALL,3
P03,IMPL-04,75,0.603205504074048,5.979042817420028,11.754031374092559,49.26901987335879,0.5465224682780967,implantation,ALL,3
P03,IMPL-05,75,0.6295223476681862,3.9391651503670007,7.677306387036019,38.730496064755265,0.42669734721057195,implantation,ALL,3
P01,IMPL-01,75,0.5742717797365988,6.095040579807525,10.332928418728521,42.392956076292506,0.38740426857683996,implantation,ALL,4
P01,IMPL-02,75,0.49110841222429724,4.7451970319633086,8.735277549105547,49.57716157854934,-0.1430994488558046,implantation,ALL,4
P01,IMPL-03,75,0.689697968412819,4.398651373640048,7.407063534006496,28.711101890533886,0.69025076280545,implantation,ALL,4
P01,IMPL-04,75,0.6332813600482968,5.3688866132902735,11.723293204396489,30.763807859986425,0.5289676529095182,implantation,ALL,4
P01,IMPL-05,75,0.623960639767762,3.647308376523866,5.687189820501826,51.33063931088717,0.6542046873113867,implantation,ALL,4
P02,IMPL-01,75,0.5311106476707221,4.7780814775920115,10.045747516651742,41.12327011013116,0.26559886592704285,implantation,ALL,4
P02,IMPL-02,75,0.6223927428641972,4.951336357414045,11.029870138376271,39.821054318480265,0.6607473179924059,implantation,ALL,4
P02,IMPL-03,75,0.507333767723922,4.211871881647769,7.715858925005863,59.4598050236566,0.3044578093599458,implantation,ALL,4
P02,IMPL-04,75,0.5171665663115248,5.823042028375148,13.105675150202078,53.16088531700321,0.44085529654373445,implantation,ALL,4
P02,IMPL-05,75,0.6667561650321264,5.843932465533791,8.64193289599279,45.50665902319935,0.7450915066462791,implantation,ALL,4
P03,IMPL-01,75,0.6414967692225753,6.264266384665004,12.439083060252706,35.0220072441249,0.6254490520868714,implantation,ALL,4
P03,IMPL-02,75,0.5697871309988696,6.152253443790804,11.102843272631674,52.0765784730386,0.6806452201861686,implantation,ALL,4
P03,IMPL-03,75,0.5983394187409112,6.698805254665436,12.328310616485092,54.370680981039065,0.6524853426642232,implantation,ALL,4
P03,IMPL-04,75,0.6043961121977968,5.9611023040718045,11.718391871246235,48.036152627559254,0.5492682856459521,implantation,ALL,4
P03,IMPL-05,75,0.6311911163865798,3.921421689896054,7.563772907280725,38.71867773697101,0.44352819053600034,implantation,ALL,4
P01,IMPL-01,75,0.5921790505061746,5.8386668258040055,11.461653135266065,41.25800772175862,0.24625985455043076,implantation,FILTER,0
P01,IMPL-02,75,0.4525302120271846,5.104922296580004,8.85820598963591,52.662960404556635,-0.1754986878525968,implantation,FILTER,0
P01,IMPL-03,75,0.7075312773148803,4.145857319094645,7.319327835620405,25.695134812066023,0.6975451830719708,implantation,FILTER,0
P01,IMPL-04,75,0.6550442484951562,5.0502704653239165,11.33042827608533,29.46184986462112,0.5600086584063982,implantation,FILTER,0
P01,IMPL-05,75,0.6796894979170012,3.1067789728563917,4.732610510034179,49.30851724486438,0.7605442985843888,implantation,FILTER,0
P02,IMPL-01,75,0.42444064824558647,5.865071288591323,11.52154316571069,53.77557548033886,0.03397108907994317,implantation,FILTER,0
P02,IMPL-02,75,0.577947656670257,5.53411798308951,12.203724685353285,46.12897788576395,0.5846948715195643,implantation,FILTER,0
P02,IMPL-03,75,0.5350111995470199,3.975253682114654,7.333445452674628,54.76415158199956,0.37169422168786537,implantation,FILTER,0
P02,IMPL-04,75,0.509966317218439,5.909878088511903,12.867002004780321,49.61611255020159,0.46103550701106366,implantation,FILTER,0
P02,IMPL-05,75,0.6942781763744323,5.361292552283492,8.531038930171412,39.42750344962989,0.7515915446997261,implantation,FILTER,0
P03,IMPL-01,75,0.6372875063559793,6.337816471849034,13.081188123546147,30.848677252095687,0.5857824002324278,implantation,FILTER,0
P03,IMPL-02,75,0.49434537404784484,7.231107291387704,12.408906610998592,62.86404274224009,0.601092653947122,implantation,FILTER,0
P03,IMPL-03,75,0.5719515186558364,7.138896744836993,13.626912157149354,57.06599724268463,0.5754186599872697,implantation,FILTER,0
P03,IMPL-04,75,0.6025145493684556,5.9894543725500835,11.868864611540921,50.58815973577704,0.5376185158807216,implantation,FILTER,0
P03,IMPL-05,75,0.6462414894507879,3.7613960994146827,7.3355118826808265,38.599182454056944,0.47660802971485894,implantation,FILTER,0
P01,IMPL-01,75,0.5970884929478052,5.768379610905602,10.86661220135977,40.87328053379574,0.32249038673685926,implantation,FILTER,1
P01,IMPL-02,75,0.5555693767642813,4.144126027921789,6.93213458480965,46.697503661032734,0.2801126040088018,implantation,FILTER,1
P01,IMPL-03,75,0.7134398550898389,4.062100942724357,7.231663193617881,26.201512290881222,0.704746885001925,implantation,FILTER,1
P01,IMPL-04,75,0.6534878901194915,5.073056085519522,11.157696270357741,30.98206102400566,0.5733217074592084,implantation,FILTER,1
P01,IMPL-05,75,0.6611680247014671,3.2864237961080303,5.172460852341603,49.932585667963565,0.7139657236305397,implantation,FILTER,1
P02,IMPL-01,75,0.4637537251097139,5.464462736790114,11.21937886171017,47.95938626487904,0.0839768509594494,implantation,FILTER,1
P02,IMPL-02,75,0.6115355383371813,5.0937003361210555,11.785391745897414,40.59768054009855,0.6126794523205075,implantation,FILTER,1
P02,IMPL-03,75,0.5321896793095662,3.9993752495635317,7.761035913447603,52.12972225429971,0.29628905135682226,implantation,FILTER,1
P02,IMPL-04,75,0.5077794028456402,5.93625259660672,13.273661478981994,50.32885871484647,0.42642938627375615,implantation,FILTER,1
P02,IMPL-05,75,0.7128495830460555,5.0356149703129445,7.88968736968826,37.56055126334887,0.7875375839951353,implantation,FILTER,1
P03,IMPL-01,75,0.6407491519183435,6.2773297925939575,13.095013550403438,30.793507292206986,0.5849063695003642,implantation,FILTER,1
P03,IMPL-02,75,0.533988368750926,6.6641931698959755,11.084216478927098,59.58916230495587,0.681715858693792,implantation,FILTER,1
P03,IMPL-03,75,0.5606580777834551,7.32724622344904,13.355172936126744,71.87136742173334,0.5921832842550905,implantation,FILTER,1
P03,IMPL-04,75,0.59175300676549,6.151613184391638,11.94265446927165,51.0310010557522,0.5318513046469687,implantation,FILTER,1
P03,IMPL-05,75,0.6569091717728877,3.6479701959251916,6.689644810889087,37.085267525142854,0.5647163803008134,implantation,FILTER,1
P01,IMPL-01,75,0.5530975180401967,6.398186996099087,12.35330721591297,45.67835521166097,0.1244244838839168,implantation,FILTER,2
P01,IMPL-02,75,0.4759600800900454,4.886448768893824,8.205587395431431,56.260881279986144,-0.008671962318600679,implantation,FILTER,2
P01,IMPL-03,75,0.7257275744930612,3.8879177652716437,7.165506709625944,25.471050955586268,0.7101242269146695,implantation,FILTER,2
P01,IMPL-04,75,0.6285023830095089,5.438852475544096,12.212029520723256,29.930861513701046,0.4888749461963212,implantation,FILTER,2
P01,IMPL-05,75,0.5700941749301055,4.169773919212738,7.24021273266156,61.70684201961981,0.4395636344044409,implantation,FILTER,2
P02,IMPL-01,75,0.47322624805257896,5.3679357284574865,10.55486644767052,48.812997549076776,0.18927361662850795,implantation,FILTER,2
P02,IMPL-02,75,0.6184144899582146,5.003500789850511,11.251938851251827,41.14115355646311,0.6469491854136872,implantation,FILTER,2
P02,IMPL-03,75,0.5534761363909981,3.817394378605555,6.794126857520062,52.32728011369859,0.4607101766409937,implantation,FILTER,2
P02,IMPL-04,75,0.5075042972696455,5.93957041020347,12.784878819013374,50.1576963079858,0.4678933955064699,implantation,FILTER,2
P02,IMPL-05,75,0.7152375486477371,4.993738397539767,7.9115521484863915,35.02263091646572,0.7863583533118508,implantation,FILTER,2
P03,IMPL-01,75,0.6286455053377523,6.488821516789144,13.151235900153361,32.866352732766664,0.5813343780590083,implantation,FILTER,2
P03,IMPL-02,75,0.5049477377661247,7.0794883292456445,12.853012604966011,56.71129533291768,0.5720284803619242,implantation,FILTER,2
P03,IMPL-03,75,0.5571907878461837,7.385072908802214,13.7499782643365,72.3526185634336,0.567715151389469,implantation,FILTER,2
P03,IMPL-04,75,0.5991443034669999,6.04023845538625,12.422023570396645,49.577064172484974,0.49351477496552676,implantation,FILTER,2
P03,IMPL-05,75,0.6313039229421702,3.9202222554639965,7.5546002064287,40.05761158527114,0.4448770555648076,implantation,FILTER,2
P01,IMPL-01,75,0.5565257748851451,6.349105531461776,12.124211545625357,44.12578232328443,0.1565989536324517,implantation,FILTER,3
P01,IMPL-02,75,0.5341707362407346,4.343659225049697,7.519830355268531,45.345028325152285,0.15287658779636293,implantation,FILTER,3
P01,IMPL-03,75,0.7198114935910991,3.9717805013706515,7.2510387471521165,25.230781467063203,0.7031626419273798,implantation,FILTER,3
P01,IMPL-04,75,0.6522095107820312,5.09177199729456,11.408235710792095,29.52661703794369,0.5539449610197158,implantation,FILTER,3
P01,IMPL-05,75,0.6108310428097552,3.774655920503692,5.979951770876297,52.55020965455303,0.6176870429740396,implantation,FILTER,3
P02,IMPL-01,75,0.4978038852278909,5.117484417573662,10.370125156425585,44.866379468246315,0.21740545338803663,implantation,FILTER,3
P02,IMPL-02,75,0.6167993131920775,5.0246796292258065,11.563348414511001,39.37389567450688,0.6271366353037571,implantation,FILTER,3
P02,IMPL-03,75,0.5796905699935972,3.5932835535668346,6.915758805795452,49.31667886891888,0.44122804749316624,implantation,FILTER,3
P02,IMPL-04,75,0.49469058538505595,6.0941056549429575,12.964961655769207,52.86128395154391,0.4527977293188572,implantation,FILTER,3
P02,IMPL-05,75,0.7121341080184416,5.04816190232912,8.160436828254477,40.79595217454562,0.7727052833178146,implantation,FILTER,3
P03,IMPL-01,75,0.6451012744799064,6.201283462397098,12.651474200757407,33.14805902389574,0.612549314697703,implantation,FILTER,3
P03,IMPL-02,75,0.5099906226373787,7.00737262083402,11.979441603213052,57.68946299156619,0.6282267384405935,implantation,FILTER,3
P03,IMPL-03,75,0.5735673608533813,7.111948090404206,12.630197561677125,64.57320618887698,0.6352575773644535,implantation,FILTER,3
P03,IMPL-04,75,0.5979547682507673,6.058162801776403,11.844777496306238,50.58139180441618,0.5394933598680816,implantation,FILTER,3
P03,IMPL-05,75,0.6511089032559108,3.7096425139747087,7.053461172692396,39.1829507670395,0.5160831263915671,implantation,FILTER,3
P01,IMPL-01,75,0.5609269270550465,6.286095376633748,10.709059808688018,46.084828697747476,0.34199406207794125,implantation,FILTER,4
P01,IMPL-02,75,0.4914314020754892,4.742185289344552,8.671267556158226,50.42182830488049,-0.12640811832156906,implantation,FILTER,4
P01,IMPL-03,75,0.7046487451217416,4.186718328370213,7.130034525800595,27.401293991872755,0.7129871299227375,implantation,FILTER,4
P01,IMPL-04,75,0.6421102616912627,5.239628466370828,11.16787973091521,30.27916699548844,0.5725425063959322,implantation,FILTER,4
P01,IMPL-05,75,0.6463705692067612,3.429948355196068,5.50767256878782,49.91270845042397,0.6756903426451244,implantation,FILTER,4
P02,IMPL-01,75,0.408547706655907,6.027023718214361,12.175749547999995,53.70988636367875,-0.07884793308009774,implantation,FILTER,4
P02,IMPL-02,75,0.6158446298713667,5.037197816168257,11.10574315154969,40.257963262889646,0.6560639165863779,implantation,FILTER,4
P02,IMPL-03,75,0.5311770699176939,4.008032187557872,7.530213161939791,53.1654009964171,0.3375250482292176,implantation,FILTER,4
P02,IMPL-04,75,0.5182970192765616,5.809408599811131,12.74276462908257,52.982225522199364,0.47139320652626504,implantation,FILTER,4
P02,IMPL-05,75,0.7024069548099716,5.218742181594241,8.42294243668509,38.69134858029297,0.7578468114475267,implantation,FILTER,4
P03,IMPL-01,75,0.6502593655446464,6.111154131077481,12.16362320544551,31.549915279097252,0.6418540190745164,implantation,FILTER,4
P03,IMPL-02,75,0.5360949806341211,6.634067594519281,11.657189316524661,55.40780596335677,0.6479594416335352,implantation,FILTER,4
P03,IMPL-03,75,0.6061610160742286,6.568358405357848,11.702394482499207,60.12181474562171,0.6868766472825787,implantation,FILTER,4
P03,IMPL-04,75,0.5948486166782629,6.104967415852669,11.803247198837079,50.49385576866081,0.5427169661615312,implantation,FILTER,4
P03,IMPL-05,75,0.6428496370658299,3.7974605330611384,6.959129839654043,41.44979827919302,0.5289401553988895,implantation,FILTER,4
P01,IMPL-01,75,0.6649687631325869,4.7965553773874126,9.154931181280027,32.63868542043872,0.5191193603258578,implantation,GA,0
P01,IMPL-02,75,0.45526361886409794,5.079434443525954,9.558707967942672,50.81556709356716,-0.36876529543599146,implantation,GA,0
P01,IMPL-03,75,0.7213458390037757,3.9500305614086484,7.2044231861899855,25.859794367827288,0.7069669965691481,implantation,GA,0
P01,IMPL-04,75,0.6728128500244868,4.790132047216029,11.18351624958238,26.13118850229187,0.5713446736027302,implantation,GA,0
P01,IMPL-05,75,0.6459718398405085,3.4338157401331157,5.876895677691374,43.2408659714993,0.6307507538778914,implantation,GA,0
P02,IMPL-01,75,0.523644315419513,4.8541649792919985,10.645229911868494,39.83720962010959,0.17533243683410482,implantation,GA,0
P02,IMPL-02,75,0.6223734871588893,4.951588845871237,10.293764538335253,40.38123827843535,0.7045180536992504,implantation,GA,0
P02,IMPL-03,75,0.5900058898414415,3.505096454936961,7.090345385475818,43.69417191223865,0.4126598307995363,implantation,GA,0
P02,IMPL-04,75,0.5306254138261715,5.66072635331391,13.213460774260774,41.04240437011131,0.4316202755920395,implantation,GA,0
P02,IMPL-05,75,0.7211526194794273,4.890008723223123,7.774308861158331,33.399347122895946,0.79370623239715,implantation,GA,0
P03,IMPL-01,75,0.6423746975048139,6.248926002335258,12.703377391403485,32.502031775028655,0.6093637289921587,implantation,GA,0
P03,IMPL-02,75,0.5905476987363197,5.855367219409998,10.73899351772311,46.554202477538034,0.7012333191052365,implantation,GA,0
P03,IMPL-03,75,0.6266137881168802,6.22725165198338,12.82471517665287,46.14967711078346,0.6239362710973025,implantation,GA,0
P03,IMPL-04,75,0.644398512912844,5.358331678141814,10.14218409452974,42.15420008241555,0.6623668648147785,implantation,GA,0
P03,IMPL-05,75,0.666020698706975,3.551090372973709,7.191230809917529,30.300464344874346,0.4969945832737578,implantation,GA,0
P01,IMPL-01,75,0.6226612446806215,5.402261152861121,9.53534435713174,32.528470093580076,0.47832516423086846,implantation,GA,1
P01,IMPL-02,75,0.5618660717260109,4.085412032718656,7.637761437635529,46.22876652040745,0.126097912470308,implantation,GA,1
P01,IMPL-03,75,0.6776291034125617,4.569732205241832,8.632478414620152,25.973633372286848,0.5792839231690681,implantation,GA,1
P01,IMPL-04,75,0.621350746156045,5.543554890918269,13.251236858777188,26.6808475035091,0.39818319322273765,implantation,GA,1
P01,IMPL-05,75,0.6167860212968399,3.716896959036069,6.812833904363908,46.64441496375185,0.5037742961758411,implantation,GA,1
P02,IMPL-01,75,0.637201928294619,3.6969889333384627,9.651957479373625,30.162992203636545,0.3220469459602474,implantation,GA,1
P02,IMPL-02,75,0.6843319433670222,4.139164955505579,10.075748404113249,30.359951592658074,0.7169017921371613,implantation,GA,1
P02,IMPL-03,75,0.6466691522220043,3.0206743738039807,6.069664146746024,39.28000280542253,0.5695881263305684,implantation,GA,1
P02,IMPL-04,75,0.5880561050297811,4.9681037939303705,12.49931831793454,41.08933597376821,0.49139798770728416,implantation,GA,1
P02,IMPL-05,75,0.6897007327266502,5.44156491964778,8.220198990898309,37.799412370554435,0.7693639516501521,implantation,GA,1
P03,IMPL-01,75,0.6791834023676113,5.605753186193383,10.046797802173408,32.657310285494226,0.7556628584768835,implantation,GA,1
P03,IMPL-02,75,0.6489310932243528,5.020456258626407,9.276881141095256,40.84808842113661,0.777049224916521,implantation,GA,1
P03,IMPL-03,75,0.5497426840468449,7.50929071656394,15.146901962562463,45.10909245249033,0.4754177160294175,implantation,GA,1
P03,IMPL-04,75,0.6928087511129617,4.628868719426726,11.655498386053214,33.731224400975776,0.5540935237090859,implantation,GA,1
P03,IMPL-05,75,0.714418451194661,3.03649323396779,6.534602673400513,27.37941807602156,0.5846592164472821,implantation,GA,1
P01,IMPL-01,75,0.58947012178048,5.877449856209411,10.027161329927178,38.025133602582045,0.4231231254147838,implantation,GA,2
P01,IMPL-02,75,0.4956550894399928,4.702801205922019,8.830781750787397,54.786725449486575,-0.16823147029269725,implantation,GA,2
P01,IMPL-03,75,0.6653029255668614,4.744460545998724,8.137723164317222,30.630529222653756,0.6261271495942862,implantation,GA,2
P01,IMPL-04,75,0.6222335298003948,5.530630635714866,12.479201624919185,29.520597840276373,0.4662657389741669,implantation,GA,2
P01,IMPL-05,75,0.5515428651172354,4.349708135764386,8.251029726832249,54.11375820543892,0.2721532319663609,implantation,GA,2
P02,IMPL-01,75,0.6152514778143632,3.920668657229608,9.145915836542628,33.617177246914906,0.39127207865341374,implantation,GA,2
P02,IMPL-02,75,0.6704260756818552,4.3215042166024435,10.305962335660936,32.81593239297945,0.7038173645914602,implantation,GA,2
P02,IMPL-03,75,0.6105543326521994,3.3294249702353698,6.776059055310201,44.856068943718,0.463574658307942,implantation,GA,2
P02,IMPL-04,75,0.5198267014755518,5.790960408129931,13.454383037714832,47.99572740316537,0.41070467908185093,implantation,GA,2
P02,IMPL-05,75,0.6874586551104358,5.480883126908554,8.028019347214565,40.88938318104177,0.7800219501995186,implantation,GA,2
P03,IMPL-01,75,0.6454947105833193,6.19440880034237,10.589668944327046,36.221097737246644,0.7285443210564667,implantation,GA,2
P03,IMPL-02,75,0.606947341456559,5.620844345566663,10.868136149239984,46.51598962096914,0.6940044275145665,implantation,GA,2
P03,IMPL-03,75,0.6212939262708468,6.315975116896447,11.947649418648355,47.37716760794734,0.6736144434359623,implantation,GA,2
P03,IMPL-04,75,0.6494027474929646,5.282926063572659,11.154603775232099,41.39173964752477,0.5915956310347652,implantation,GA,2
P03,IMPL-05,75,0.6484507724902593,3.7379055306810294,7.374365016734352,33.745325618875974,0.4710489704952463,implantation,GA,2
P01,IMPL-01,75,0.6377696402469772,5.18595816966741,9.05729802329657,33.44409721047218,0.5293214131754904,implantation,GA,3
P01,IMPL-02,75,0.5252489213417938,4.426851344147645,8.779483038705088,45.76205614955741,-0.15469819406956797,implantation,GA,3
P01,IMPL-03,75,0.7240927261493582,3.9110923731720177,7.1171266682416485,24.907484360153315,0.7140253767391341,implantation,GA,3
P01,IMPL-04,75,0.6322254213333547,5.384345918090964,12.903272068497484,26.6228099542911,0.4293744841525392,implantation,GA,3
P01,IMPL-05,75,0.6013102636856575,3.867000555461344,7.172379673370658,46.322664100770474,0.45001582121921957,implantation,GA,3
P02,IMPL-01,75,0.6716157596314971,3.3463047276364732,9.491785903001396,25.831788874953133,0.3443611364046437,implantation,GA,3
P02,IMPL-02,75,0.7051816210054798,3.8657756999210915,9.4574946951437,29.002985363708966,0.7505780306467156,implantation,GA,3
P02,IMPL-03,75,0.6674274127967812,2.8432091279662557,6.418261193988821,34.46462151258029,0.5187289971777057,implantation,GA,3
P02,IMPL-04,75,0.5577265188440363,5.333883051828172,13.157669862283639,38.49532002853442,0.436409857760537,implantation,GA,3
P02,IMPL-05,75,0.7273165743548495,4.781914492414511,7.85785775498822,36.833118325184465,0.7892484136502361,implantation,GA,3
P03,IMPL-01,75,0.6685100820179181,5.7922522638568,10.49282817675785,34.407964686771614,0.7334864541588391,implantation,GA,3
P03,IMPL-02,75,0.6196321231010673,5.439445793409558,10.248607060015166,43.388524248768604,0.7278961501526346,implantation,GA,3
P03,IMPL-03,75,0.6506701593712855,5.8260448776914195,11.234646677635956,39.60506004773923,0.7114076410788368,implantation,GA,3
P03,IMPL-04,75,0.7010145963055734,4.50522007947961,10.812138778070011,33.69081475806336,0.6162880667955478,implantation,GA,3
P03,IMPL-05,75,0.6656101580373273,3.555455514807517,7.365521275257947,30.537597464943016,0.4723169037064914,implantation,GA,3
P01,IMPL-01,75,0.6554506366224092,4.93282392751402,8.94482818927557,33.5305846052416,0.5409382257118116,implantation,GA,4
P01,IMPL-02,75,0.42835243336985096,5.330369771602547,8.983040691808952,61.79540369024063,-0.2088636875913772,implantation,GA,4
P01,IMPL-03,75,0.6860297918060568,4.450649196495279,8.652199093684645,28.915414782441218,0.5773594970072435,implantation,GA,4
P01,IMPL-04,75,0.6198048786380113,5.566186921361513,12.43479834629314,31.224547944600513,0.47005722951177586,implantation,GA,4
P01,IMPL-05,75,0.5649901431002637,4.21927931682731,7.041366593818846,52.611911473812825,0.4699247030076965,implantation,GA,4
P02,IMPL-01,75,0.6478051644711963,3.588939718473247,9.080083558534762,31.02256983685215,0.4000037836865892,implantation,GA,4
P02,IMPL-02,75,0.6441533419632439,4.666002737781114,11.218159216025107,36.11563328627652,0.6490658030697801,implantation,GA,4
P02,IMPL-03,75,0.5362089778504575,3.9650137094390567,7.482071414975157,49.7176817949873,0.3459685686123387,implantation,GA,4
P02,IMPL-04,75,0.5318857262914531,5.6455268001302015,13.152591857196299,44.92457848957132,0.43684479211945093,implantation,GA,4
P02,IMPL-05,75,0.6527741911648764,6.0891274322252045,9.535514774876546,49.26063056358236,0.6896506690744093,implantation,GA,4
P03,IMPL-01,75,0.6215301380593714,6.613151096636584,11.848014862770194,37.93950043989118,0.6601984577895745,implantation,GA,4
P03,IMPL-02,75,0.5415186791351431,6.5565060658312415,12.025823670681834,47.54896837725426,0.6253422977413436,implantation,GA,4
P03,IMPL-03,75,0.5774910031459022,7.046510462633576,13.317479552920018,50.707207874959735,0.5944820637634034,implantation,GA,4
P03,IMPL-04,75,0.6366334089743779,5.475339069641694,11.754697393505504,40.48880270928017,0.5464710759707812,implantation,GA,4
P03,IMPL-05,75,0.6503649153005766,3.7175530894372217,6.9474261932372645,36.835919342557034,0.5305232504394692,implantation,GA,4
P01,IMPL-01,75,0.65902029594855,4.881718040205316,8.279267548200073,37.06283959006777,0.6067117611918771,implantation,TSFGA,0
P01,IMPL-02,75,0.48432782661947493,4.808423101051244,9.320259006079121,47.4607093372405,-0.3013273608070668,implantation,TSFGA,0
P01,IMPL-03,75,0.7447367549093786,3.618455276991048,6.467283149676236,24.28249043930051,0.7638641877103699,implantation,TSFGA,0
P01,IMPL-04,75,0.6757231645727928,4.747524044467869,10.672960979749682,26.59385022232419,0.6095896508042351,implantation,TSFGA,0
P01,IMPL-05,75,0.6823275229889993,3.081192047762601,4.562822682858899,39.746129808288075,0.7774175912263543,implantation,TSFGA,0
P02,IMPL-01,75,0.6883453871828615,3.175826291448712,8.405202194170602,26.901472110706948,0.4858792269286134,implantation,TSFGA,0
P02,IMPL-02,75,0.6674086392147709,4.361070042214447,10.478897414943,32.95393658509669,0.6937940194053446,implantation,TSFGA,0
P02,IMPL-03,75,0.6173813579454173,3.2710597850775414,6.562753701326259,40.399744546916835,0.49681564101809395,implantation,TSFGA,0
P02,IMPL-04,75,0.5372527280486153,5.580799971750536,12.70270061676816,40.5140214549857,0.47471192378729954,implantation,TSFGA,0
P02,IMPL-05,75,0.712363231725698,5.044143873093595,7.972992754247062,33.13302834166418,0.7830272140273679,implantation,TSFGA,0
P03,IMPL-01,75,0.6810352740174062,5.573394712604827,12.030587987602207,25.747576685359384,0.6496453608831196,implantation,TSFGA,0
P03,IMPL-02,75,0.5976916881978932,5.753204692590618,10.103724919228322,45.768941039386576,0.735535106609732,implantation,TSFGA,0
P03,IMPL-03,75,0.6435574371781241,5.944669266107047,12.04415344397882,42.882498893000026,0.6683205608627805,implantation,TSFGA,0
P03,IMPL-04,75,0.6468558597260488,5.321303488577048,10.833159185685966,41.18882914963056,0.6147946302149392,implantation,TSFGA,0
P03,IMPL-05,75,0.7112866363946875,3.069792774816776,6.33795396909962,28.479427312639732,0.6092811472485309,implantation,TSFGA,0
P01,IMPL-01,75,0.5855065977858077,5.9341946018868805,11.316342596149333,43.22788730710776,0.2652505008853895,implantation,TSFGA,1
P01,IMPL-02,75,0.5096772493545898,4.572050544667647,7.818428622594328,47.92581994177495,0.08426555639851563,implantation,TSFGA,1
P01,IMPL-03,75,0.6731491137684573,4.63323779204427,7.857993984774974,30.905419022914487,0.6513886762603052,implantation,TSFGA,1
P01,IMPL-04,75,0.6636178122817049,4.924750552161462,11.002820077447906,28.660994842199717,0.5850846511541898,implantation,TSFGA,1
P01,IMPL-05,75,0.627752170736335,3.610533282945934,6.191127022840366,48.627439152724754,0.5902083703936083,implantation,TSFGA,1
P02,IMPL-01,75,0.6385521497425373,3.6832298917673607,7.9189106469036705,35.48788913023132,0.5436482642464646,implantation,TSFGA,1
P02,IMPL-02,75,0.6132425630529279,5.071317149944522,12.254352604929657,36.46868701032207,0.581241884976305,implantation,TSFGA,1
P02,IMPL-03,75,0.5598467454612742,3.762931158976916,7.756439887840015,44.69770644416054,0.29712226896345106,implantation,TSFGA,1
P02,IMPL-04,75,0.4968477253283434,6.068090230835118,13.20959034698719,48.37905337276834,0.4319532012708356,implantation,TSFGA,1
P02,IMPL-05,75,0.6916803509209275,5.406849333578459,8.988535007476191,35.94855024908466,0.7242342315585181,implantation,TSFGA,1
P03,IMPL-01,75,0.6165061148093587,6.70093780888624,13.818344429580295,31.97414272408439,0.5377827046375538,implantation,TSFGA,1
P03,IMPL-02,75,0.546279321252354,6.488426566191285,10.85613417217797,54.1951137343191,0.6946798927355422,implantation,TSFGA,1
P03,IMPL-03,75,0.6219220872432674,6.305498788824531,12.205662690096926,49.611026212329854,0.6593654321842797,implantation,TSFGA,1
P03,IMPL-04,75,0.5997126020068908,6.031675127673863,11.567881181453785,46.9772148877186,0.5607722999932396,implantation,TSFGA,1
P03,IMPL-05,75,0.6281217102450429,3.954057660322241,6.853699548349446,37.38098742476588,0.5431050797577889,implantation,TSFGA,1
P01,IMPL-01,75,0.6017142459581404,5.702153904062124,10.890314069763678,38.23687904494654,0.3195316437112812,implantation,TSFGA,2
P01,IMPL-02,75,0.48321527714583656,4.818797150430398,8.880261892166997,48.842924718130654,-0.1813596853794912,implantation,TSFGA,2
P01,IMPL-03,75,0.7332463170552879,3.7813366799651105,7.2040074292513925,24.86238021293938,0.707000816622727,implantation,TSFGA,2
P01,IMPL-04,75,0.6416886422687842,5.245801119262283,11.993814781799047,28.051357572521518,0.5069781647574956,implantation,TSFGA,2
P01,IMPL-05,75,0.6703459978304739,3.1974041300489673,5.402665393529349,45.23290906310359,0.6879387841892189,implantation,TSFGA,2
P02,IMPL-01,75,0.6666557093418397,3.3968486870998436,8.590026891991004,27.72614292733942,0.46302029947709,implantation,TSFGA,2
P02,IMPL-02,75,0.6845585066471302,4.136194167776118,9.90532015171089,32.4104868676933,0.7263978377454376,implantation,TSFGA,2
P02,IMPL-03,75,0.6002135886954412,3.417829423095013,6.450680599576942,42.52869729089263,0.513854803229149,implantation,TSFGA,2
P02,IMPL-04,75,0.5446365865991605,5.491749554626476,12.378285685741801,40.80531761135057,0.5012000271647592,implantation,TSFGA,2
P02,IMPL-05,75,0.7164396511184753,4.972657720514421,8.043659312379841,31.43063734856032,0.7791640050001193,implantation,TSFGA,2
P03,IMPL-01,75,0.6599313570642171,5.942151661511376,12.769799834781141,26.730341770801925,0.6052679913514967,implantation,TSFGA,2
P03,IMPL-02,75,0.5520264113333397,6.406240380490673,11.714394282469762,48.86635622181496,0.6444958484728487,implantation,TSFGA,2
P03,IMPL-03,75,0.6464758508879722,5.895996615598166,11.09067302376982,41.83805267458658,0.7187569534040317,implantation,TSFGA,2
P03,IMPL-04,75,0.6583622321561087,5.147921311810796,11.55278254906457,38.76248994029053,0.5619181294730942,implantation,TSFGA,2
P03,IMPL-05,75,0.7185052618312825,2.9930395413237063,5.985574130631485,28.495112112527575,0.651520019809636,implantation,TSFGA,2
P01,IMPL-01,75,0.6297016961432929,5.301464834170766,9.522549460539082,37.21113377132054,0.47972423218098303,implantation,TSFGA,3
P01,IMPL-02,75,0.5353212359590511,4.332931305823341,8.217291498578462,44.35245154092973,-0.011551468592599035,implantation,TSFGA,3
P01,IMPL-03,75,0.7159379414428398,4.026689601999661,7.732628314000531,25.8687369217344,0.6624233674810603,implantation,TSFGA,3
P01,IMPL-04,75,0.6728556402392606,4.789505583801709,11.069598312178309,27.567183423722163,0.5800329653358685,implantation,TSFGA,3
P01,IMPL-05,75,0.62149107355839,3.671261373136401,5.963569045597232,48.0211402862961,0.6197789490135756,implantation,TSFGA,3
P02,IMPL-01,75,0.6516665468749856,3.549591416683514,8.652561443407334,31.35511494673493,0.45517352230594676,implantation,TSFGA,3
P02,IMPL-02,75,0.6628947835306748,4.420257511042005,10.526350199929023,30.71071425622232,0.6910144853287162,implantation,TSFGA,3
P02,IMPL-03,75,0.5981432785429572,3.4355287914427315,6.606315775550346,42.86742536086657,0.49011342283945036,implantation,TSFGA,3
P02,IMPL-04,75,0.5137181129444196,5.864630881773608,13.0897072819469,44.065867610104526,0.4422169829486441,implantation,TSFGA,3
P02,IMPL-05,75,0.702660242003183,5.214300409245609,8.197852117247535,34.518488488051716,0.7706162300896231,implantation,TSFGA,3
P03,IMPL-01,75,0.6532098701855609,6.059598815941832,12.503852537365448,28.695849773441516,0.6215383735182842,implantation,TSFGA,3
P03,IMPL-02,75,0.5570929639929887,6.333786211184105,10.676157895257212,50.2423356640505,0.7047193567527067,implantation,TSFGA,3
P03,IMPL-03,75,0.658495058698146,5.695542958474735,11.010081752574674,42.403437186056195,0.7228294534941446,implantation,TSFGA,3
P03,IMPL-04,75,0.6500919738250048,5.272540552199711,11.210516119584252,40.999371848852036,0.5874911238920173,implantation,TSFGA,3
P03,IMPL-05,75,0.6847838072843887,3.351588505707224,6.633240404378172,31.4371829615378,0.5720257095609103,implantation,TSFGA,3
P01,IMPL-01,75,0.6076679384754184,5.616916431502625,9.496733914746894,40.583374493734446,0.4825413342667727,implantation,TSFGA,4
P01,IMPL-02,75,0.4514951800693663,5.114573528182582,10.29221848901356,48.58807576830365,-0.5868964641241841,implantation,TSFGA,4
P01,IMPL-03,75,0.7058264263737564,4.170024240901984,7.803456351303493,27.78674239826,0.6562108890700398,implantation,TSFGA,4
P01,IMPL-04,75,0.6695332950266125,4.838145856734834,11.0907862339889,27.506255381139795,0.5784237389967027,implantation,TSFGA,4
P01,IMPL-05,75,0.6831772084297894,3.0729507167921146,4.698887714767874,41.21419925168649,0.7639446821422639,implantation,TSFGA,4
P02,IMPL-01,75,0.6835441806328979,3.224751599674446,8.611042153345165,26.53868206595297,0.4603896737930192,implantation,TSFGA,4
P02,IMPL-02,75,0.6526147941574133,4.555052815358293,11.7888343770702,31.369056128327845,0.612453138835122,implantation,TSFGA,4
P02,IMPL-03,75,0.5991723304694531,3.426731283941681,7.033567944712218,41.2303042978833,0.4220286698591462,implantation,TSFGA,4
P02,IMPL-04,75,0.5273617858784387,5.700086185046046,12.84749789790709,42.69641334491902,0.4626682189485881,implantation,TSFGA,4
P02,IMPL-05,75,0.7107805494422885,5.071898590234977,8.095667684637231,32.841746159131716,0.7762990275432581,implantation,TSFGA,4
P03,IMPL-01,75,0.6553930614290281,6.021451066232324,12.378258467725356,29.48146886635803,0.6291030528233365,implantation,TSFGA,4
P03,IMPL-02,75,0.5748548935790831,6.079781972031201,10.371966641882505,52.03472510291456,0.7213062530323844,implantation,TSFGA,4
P03,IMPL-03,75,0.6427441124469828,5.95823371389438,11.563484545520923,43.53078626299599,0.6942662105295543,implantation,TSFGA,4
P03,IMPL-04,75,0.6467998077443002,5.322148100088338,10.801879754066311,39.35084107604291,0.6170158862304878,implantation,TSFGA,4
P03,IMPL-05,75,0.6922174542879342,3.272549019702626,5.989266707270779,31.7982113287636,0.6510899237405665,implantation,TSFGA,4
P01,IMPL-01,75,0.6397896508510346,5.157038201440372,7.97984666989363,36.421780404760575,0.6346440218766303,implantation,mRMR,0
P01,IMPL-02,75,0.501209160211106,4.651011864593751,8.726291011351831,49.104168089566514,-0.14074869988324168,implantation,mRMR,0
P01,IMPL-03,75,0.6814896173551548,4.515007926223463,7.700930944129166,30.07709930287494,0.6651852641563807,implantation,mRMR,0
P01,IMPL-04,75,0.676338480421091,4.7385156094962815,11.192523804384864,27.223533089453266,0.5706538906328911,implantation,mRMR,0
P01,IMPL-05,75,0.5424016996648577,4.43837079412296,8.017454128999114,53.01620680293473,0.3127786837856579,implantation,mRMR,0
P02,IMPL-01,75,0.6866548732194662,3.1930529855845124,8.892888808796272,26.74081880439886,0.42448778487825867,implantation,mRMR,0
P02,IMPL-02,75,0.6686779013305084,4.344426973147372,10.787504406619115,33.78101622878953,0.6754927056011546,implantation,mRMR,0
P02,IMPL-03,75,0.6618509042623499,2.8908834720864705,6.5228855725259045,34.350208505036306,0.5029106692079846,implantation,mRMR,0
P02,IMPL-04,75,0.5392979708161385,5.556134043994586,13.477658002023832,43.305152522753986,0.40866405170500986,implantation,mRMR,0
P02,IMPL-05,75,0.6855722849754515,5.513963467839426,8.47530973166681,37.30813942969174,0.7548264114973517,implantation,mRMR,0
P03,IMPL-01,75,0.6654493063135309,5.845734388172424,10.286720621594819,37.84596238932097,0.7438537189229433,implantation,mRMR,0
P03,IMPL-02,75,0.595207375085177,5.7887315794051615,10.827781271334663,48.25679952099795,0.6962726155685037,implantation,mRMR,0
P03,IMPL-03,75,0.6494122046502564,5.847024764910986,11.457035566718753,34.83279769080224,0.6998692363232799,implantation,mRMR,0
P03,IMPL-04,75,0.6884996641581438,4.69379959843683,10.168779862020536,37.734160613542265,0.6605937978186998,implantation,mRMR,0
P03,IMPL-05,75,0.6645301095511651,3.566939309661588,7.227332342181401,30.030021427937374,0.4919315145218348,implantation,mRMR,0
P01,IMPL-01,75,0.6459074600558463,5.069451112804863,8.440821848802685,34.28251042377492,0.591213454767058,implantation,mRMR,1
P01,IMPL-02,75,0.5153677955908654,4.518988627828639,8.260091337663622,48.27884175028056,-0.022116260973495505,implantation,mRMR,1
P01,IMPL-03,75,0.6667009712480307,4.724642707474006,7.869659632308251,29.863736776136445,0.6503528405190966,implantation,mRMR,1
P01,IMPL-04,75,0.6729776847511404,4.787718810306521,10.919613222399168,26.752798708977,0.5913363686260116,implantation,mRMR,1
P01,IMPL-05,75,0.6110554105532802,3.7724797165289927,7.006878136124092,43.46682144709506,0.47510458054184845,implantation,mRMR,1
P02,IMPL-01,75,0.6665888199237461,3.3975303043898335,9.047042769869428,27.124599313363536,0.4043623954635399,implantation,mRMR,1
P02,IMPL-02,75,0.6908759324189315,4.05335757150293,9.77050403688875,29.212717331574023,0.7337948652212603,implantation,mRMR,1
P02,IMPL-03,75,0.5953649410127678,3.459281183943978,7.1023125549623956,40.80942724107428,0.41067551815626635,implantation,mRMR,1
P02,IMPL-04,75,0.5352259989745141,5.60524262164838,13.534648756757996,40.096491714615325,0.40365250826711196,implantation,mRMR,1
P02,IMPL-05,75,0.6602344959944075,5.958299752846596,9.405972992402058,38.30799329580724,0.6980257012278897,implantation,mRMR,1
P03,IMPL-01,75,0.6685798960646061,5.791032375866121,10.488088621178393,33.337060697624025,0.7337271653306023,implantation,mRMR,1
P03,IMPL-02,75,0.6053119870157295,5.644230710120964,10.215202617820989,48.342949204530406,0.7296670569870987,implantation,mRMR,1
P03,IMPL-03,75,0.6739528822609708,5.437740837629948,9.969402612698268,35.954651083040204,0.7727498067478009,implantation,mRMR,1
P03,IMPL-04,75,0.664867746395958,5.049893872950721,10.908712766836938,37.89829698946581,0.6094028265353263,implantation,mRMR,1
P03,IMPL-05,75,0.6879033398336052,3.3184195579286864,6.532316056807303,29.59230154882217,0.5849498412974814,implantation,mRMR,1
P01,IMPL-01,75,0.6144012644733884,5.520517148482796,9.142163439024372,38.33834103914691,0.5204597262105639,implantation,mRMR,2
P01,IMPL-02,75,0.4438049585447792,5.186281564295166,10.036307039100008,59.175267880560966,-0.5089626026653018,implantation,mRMR,2
P01,IMPL-03,75,0.7050200913760083,4.181454351518138,7.144015476839892,28.200829313451965,0.7118604461626183,implantation,mRMR,2
P01,IMPL-04,75,0.6750140858682496,4.757905199800175,11.184691972934381,27.34655106974494,0.5712545397740352,implantation,mRMR,2
P01,IMPL-05,75,0.5627950467200671,4.240570155663501,7.923993978078722,49.68727188275955,0.32870729463066206,implantation,mRMR,2
P02,IMPL-01,75,0.6730379368254755,3.3318124418239554,8.834058691115475,28.97122556766246,0.43207709844862385,implantation,mRMR,2
P02,IMPL-02,75,0.6883632940939817,4.086304283347726,10.288895655410277,29.014248697392464,0.7047975096276642,implantation,mRMR,2
P02,IMPL-03,75,0.6716095699609568,2.807455286906266,6.625435997992191,34.40753552953591,0.4871576897926767,implantation,mRMR,2
P02,IMPL-04,75,0.5245201108703457,5.734357202437491,13.199532570989762,46.60527609928069,0.43281789309858165,implantation,mRMR,2
P02,IMPL-05,75,0.6916142129072234,5.408009163243511,8.830615881771381,35.8758643053473,0.733838941700215,implantation,mRMR,2
P03,IMPL-01,75,0.6600016105306196,5.940924095369121,10.473727736562166,37.88148291139857,0.734455857780441,implantation,mRMR,2
P03,IMPL-02,75,0.5922595400931407,5.830887054725063,11.132970693009185,50.139712780853195,0.6789097387155398,implantation,mRMR,2
P03,IMPL-03,75,0.6379896185624925,6.037528098513502,11.394426985819944,41.78066460457828,0.7031404871998514,implantation,mRMR,2
P03,IMPL-04,75,0.6619845049644779,5.093339596489678,11.258033774349238,40.44946184807755,0.5839867363722082,implantation,mRMR,2
P03,IMPL-05,75,0.6600372651417344,3.6147102238105457,7.030170504231631,31.39657982821883,0.5192736562816848,implantation,mRMR,2
P01,IMPL-01,75,0.6231221899558145,5.395661918834224,9.085198184066389,36.46922406432292,0.5264171840837603,implantation,mRMR,3
P01,IMPL-02,75,0.5194843097520736,4.480603888821301,8.539896913844567,48.06240236222196,-0.09253624812670602,implantation,mRMR,3
P01,IMPL-03,75,0.6709788543903481,4.664002058542453,8.15793972503267,30.022207053125644,0.6242672161142153,implantation,mRMR,3
P01,IMPL-04,75,0.6762170895916257,4.740292812856815,10.88183201236705,27.094743558230324,0.5941593799856693,implantation,mRMR,3
P01,IMPL-05,75,0.5886330332211323,3.9899604733694862,7.470734515416104,49.09088750029871,0.4033079371255319,implantation,mRMR,3
P02,IMPL-01,75,0.6448568935541865,3.618983221464962,9.341627938673064,31.756091781790165,0.3649411777563939,implantation,mRMR,3
P02,IMPL-02,75,0.6876774101735912,4.095297865774489,9.621191709396882,29.213910655737912,0.7418689618951438,implantation,mRMR,3
P02,IMPL-03,75,0.663272371771235,2.8787311493999947,6.313529813584005,36.3972217773938,0.5343073397780005,implantation,mRMR,3
P02,IMPL-04,75,0.5466780965369569,5.467128645344529,13.237032664560605,43.22776152439747,0.4295905673881154,implantation,mRMR,3
P02,IMPL-05,75,0.6888518295699031,5.456451714832714,8.442307241511218,36.660489871706375,0.7567320846902873,implantation,mRMR,3
P03,IMPL-01,75,0.6760932959944039,5.659747816692934,10.289053270972403,34.106336797965355,0.7437375366661205,implantation,mRMR,3
P03,IMPL-02,75,0.579055313324539,6.019713925009857,10.938909173780228,50.273095964712574,0.6900061808460956,implantation,mRMR,3
P03,IMPL-03,75,0.6294940225764207,6.1792157464639565,11.808872080847937,39.50391294960442,0.6811526388753956,implantation,mRMR,3
P03,IMPL-04,75,0.6710562141607608,4.956643804918316,10.934761342243396,37.65438842419853,0.6075352097358024,implantation,mRMR,3
P03,IMPL-05,75,0.7150976803115691,3.0292712176070236,6.114456830403391,27.345398200262995,0.636351356482868,implantation,mRMR,3
P01,IMPL-01,75,0.6329623644002906,5.254782691907807,9.076096745092862,37.0514422745313,0.5273655676006823,implantation,mRMR,4
P01,IMPL-02,75,0.4861845106862781,4.791110313937594,8.76251986211311,51.70392799578196,-0.15024043122523723,implantation,mRMR,4
P01,IMPL-03,75,0.6710239494166188,4.663362819094887,8.017920225924232,30.777898097608887,0.637054373300666,implantation,mRMR,4
P01,IMPL-04,75,0.6777600743455203,4.717702987068885,10.603703317366593,26.89668940663244,0.6146400167583852,implantation,mRMR,4
P01,IMPL-05,75,0.5764465643664627,4.108160360494156,7.293235246923598,49.579188064680004,0.43132504929931703,implantation,mRMR,4
P02,IMPL-01,75,0.6163134896572133,3.9098465323720095,10.094676107470653,34.561698781881766,0.2584275289463245,implantation,mRMR,4
P02,IMPL-02,75,0.696533556988651,3.9791725506928666,9.108638817068305,29.64604290265195,0.7686393721984652,implantation,mRMR,4
P02,IMPL-03,75,0.6647581376868059,2.8660291307258254,6.519243533183394,33.826594607152025,0.50346561178902,implantation,mRMR,4
P02,IMPL-04,75,0.5426441246073588,5.515778938485769,12.941677478841182,45.581835821253826,0.45476143946418557,implantation,mRMR,4
P02,IMPL-05,75,0.655432366111861,6.042512331684039,9.296635789388532,38.01549919955141,0.7050053356520892,implantation,mRMR,4
P03,IMPL-01,75,0.6793678435905381,5.6025303729701355,10.272401061342201,34.321407627459905,0.7445663559821134,implantation,mRMR,4
P03,IMPL-02,75,0.5978965912431383,5.750274479301835,10.130681061665241,49.79529935770614,0.7341220706835816,implantation,mRMR,4
P03,IMPL-03,75,0.6553877769348897,5.74736550809655,10.76924138963846,33.72926933366994,0.7348227795927798,implantation,mRMR,4
P03,IMPL-04,75,0.6608938839428418,5.1097734680602125,10.783582738244371,38.364657675426066,0.6183122405074201,implantation,mRMR,4
P03,IMPL-05,75,0.706454752548874,3.121168582065204,6.490813725879319,29.039906459164968,0.590207036019996,implantation,mRMR,4
P01,IMPL-01,75,0.6377633794615879,5.18604780370902,8.533788950943018,40.31776845963883,0.5821591263330554,implantation,MI,0
P01,IMPL-02,75,0.4689752220537706,4.951579591290175,9.042501807388229,51.27090471770664,-0.22492022869584272,implantation,MI,0
P01,IMPL-03,75,0.705462839539027,4.175178224979497,7.549995999602528,29.25996873449201,0.6781810978786587,implantation,MI,0
P01,IMPL-04,75,0.6770749849599046,4.727732930547689,10.705419854647191,26.389567243354428,0.6072113885140946,implantation,MI,0
P01,IMPL-05,75,0.581817400586494,4.056067154287869,7.284945765324311,48.87386057674157,0.43261702505644617,implantation,MI,0
P02,IMPL-01,75,0.6840476072635906,3.219621576039893,8.453798486065065,27.884839034540775,0.4799170647992478,implantation,MI,0
P02,IMPL-02,75,0.6404420299326715,4.7146669354188,10.632643737653227,36.323511918495925,0.684742798456714,implantation,MI,0
P02,IMPL-03,75,0.5837888962550752,3.5582463945092915,7.125033307469646,43.95335654770506,0.40689891351900587,implantation,MI,0
P02,IMPL-04,75,0.5023423973008474,6.0018236809328,13.71995105010797,44.43509421935715,0.3872115918572553,implantation,MI,0
P02,IMPL-05,75,0.6871657034999543,5.486020474543172,8.45557568428538,34.57596297196063,0.7559668145305446,implantation,MI,0
P03,IMPL-01,75,0.6185703516168177,6.664868596302264,12.854622492467726,35.4777221381956,0.6000066058432316,implantation,MI,0
P03,IMPL-02,75,0.590839276504306,5.851197515394887,10.533973851288785,46.64897911346909,0.7125320222508865,implantation,MI,0
P03,IMPL-03,75,0.634192848796678,6.100849774686617,12.50191197608478,38.725978388427166,0.6426293646585901,implantation,MI,0
P03,IMPL-04,75,0.6261396110809587,5.633463407469743,10.787104504796904,42.61312018219868,0.6180628920824265,implantation,MI,0
P03,IMPL-05,75,0.6586194555927976,3.629785319244448,7.1676937985268605,31.634855074467914,0.5002818840208301,implantation,MI,0
P01,IMPL-01,75,0.6158426371849387,5.499881388978549,10.009219868089762,38.14848440169935,0.42518567423010445,implantation,MI,1
P01,IMPL-02,75,0.5222222398926024,4.455073857890064,8.203128299441836,44.54171111518852,-0.0080674840808721,implantation,MI,1
P01,IMPL-03,75,0.7242170884334781,3.9093294896708213,6.720512694791933,25.664471219497237,0.7450101359031033,implantation,MI,1
P01,IMPL-04,75,0.6653524085285532,4.899355468425346,11.141240442585245,26.355616654747184,0.5745793446350174,implantation,MI,1
P01,IMPL-05,75,0.6495050010383983,3.3995466454704895,5.45983427862938,42.64441127064213,0.6812996239085485,implantation,MI,1
P02,IMPL-01,75,0.5690138140286898,4.3918402114650865,9.880523679420355,33.90777430306095,0.2895578038577957,implantation,MI,1
P02,IMPL-02,75,0.6325339512985562,4.818360803898406,10.671964618118261,36.64890293853452,0.6824067638079856,implantation,MI,1
P02,IMPL-03,75,0.5571356249259134,3.786108904076047,7.5685111347307945,48.951558165295175,0.3307693387805223,implantation,MI,1
P02,IMPL-04,75,0.5345049513903138,5.6139385612712465,13.141068224899586,40.912986334573894,0.43783117574422414,implantation,MI,1
P02,IMPL-05,75,0.7465881592235956,4.44395823138537,6.898077765259066,33.9335993596744,0.837587781488588,implantation,MI,1
P03,IMPL-01,75,0.6081679472838599,6.8466338530374165,13.737681563864866,34.32179932302912,0.543163226469012,implantation,MI,1
P03,IMPL-02,75,0.6230633448047247,5.390377652812673,9.284459930551643,44.869882656573665,0.7766847948541902,implantation,MI,1
P03,IMPL-03,75,0.6765946708781636,5.393681678488436,11.09492451991614,40.353067755352356,0.7185412887808623,implantation,MI,1
P03,IMPL-04,75,0.6432298782658223,5.3759410872042,10.719824829441771,39.475160504250375,0.6228123536553412,implantation,MI,1
P03,IMPL-05,75,0.6779449124539374,3.424304190482215,7.021886685818128,28.37925565502702,0.5204058915654222,implantation,MI,1
P01,IMPL-01,75,0.6137644308256439,5.529634530748852,10.214703668246734,38.26805710359903,0.4013421675303509,implantation,MI,2
P01,IMPL-02,75,0.5261129808910695,4.418794357341116,7.989214702611559,47.438808020240884,0.04382192003296148,implantation,MI,2
P01,IMPL-03,75,0.7374896862347986,3.721185279812023,6.47558058811056,25.18613131059289,0.7632578807924477,implantation,MI,2
P01,IMPL-04,75,0.6630093279361926,4.933658971590177,10.999081518526795,26.189959704855703,0.5853665646882937,implantation,MI,2
P01,IMPL-05,75,0.6364461967548289,3.5262075519815337,5.393545816102887,43.8368848353582,0.6889913996421759,implantation,MI,2
P02,IMPL-01,75,0.5764001513958896,4.316571874519191,9.794715075491554,33.29724650291347,0.3018440629323096,implantation,MI,2
P02,IMPL-02,75,0.6612109559030394,4.4423365277843425,10.189091428944336,34.04118837442378,0.7104967725021614,implantation,MI,2
P02,IMPL-03,75,0.5489459577505811,3.8561235034864367,7.381085152584724,50.60492404147292,0.36350447721536894,implantation,MI,2
P02,IMPL-04,75,0.5418929301671573,5.524838453613707,12.957532325210092,41.00280676427149,0.4534246778396188,implantation,MI,2
P02,IMPL-05,75,0.7288669526576179,4.754726274219023,7.232226812599963,36.318903553279945,0.8214718921332222,implantation,MI,2
P03,IMPL-01,75,0.6350586908719613,6.376761431658398,12.877396322035928,32.83005841352667,0.5985880576613706,implantation,MI,2
P03,IMPL-02,75,0.5890551748590651,5.876711037378761,10.638870341170989,47.17028566820176,0.7067783494701905,implantation,MI,2
P03,IMPL-03,75,0.6596724539528092,5.675906624000408,11.583927435753546,37.50764521783525,0.6931842517165832,implantation,MI,2
P03,IMPL-04,75,0.643571938152327,5.370786805255905,10.793135698633193,40.8166726592624,0.6176356818524709,implantation,MI,2
P03,IMPL-05,75,0.6686120926174207,3.5235369469609608,7.527873387853346,28.9242447523094,0.44879795808276934,implantation,MI,2
P01,IMPL-01,75,0.6270332455321577,5.339668349902042,9.992563352488384,37.79181158864506,0.4270971992931625,implantation,MI,3
P01,IMPL-02,75,0.5839575555200345,3.879418367566404,7.21924607183599,40.11625720801743,0.21924587266432038,implantation,MI,3
P01,IMPL-03,75,0.7185383612305969,3.989827645237884,7.07250654781792,25.891176028363734,0.7175999155233512,implantation,MI,3
P01,IMPL-04,75,0.6782221970907197,4.710937351646794,11.115299979361186,25.5677530466759,0.5765580761170146,implantation,MI,3
P01,IMPL-05,75,0.6661353443273937,3.238244407468169,4.893088218373362,41.411977591942616,0.7440296007127525,implantation,MI,3
P02,IMPL-01,75,0.5916082695921111,4.161597939834134,9.881931239036646,31.80277541494477,0.2893553730948697,implantation,MI,3
P02,IMPL-02,75,0.6365717395146774,4.765415720825416,10.383712234848304,38.98836527309633,0.6993316050923473,implantation,MI,3
P02,IMPL-03,75,0.5675352319658559,3.6972012225624202,7.153982712772744,48.82372187543151,0.4020695171718508,implantation,MI,3
P02,IMPL-04,75,0.55248522646532,5.397093806665751,13.01910209015568,39.780098885499285,0.44821805888063027,implantation,MI,3
P02,IMPL-05,75,0.7165037412725301,4.971533803152115,7.245678725693216,38.98565212393716,0.8208071513595421,implantation,MI,3
P03,IMPL-01,75,0.6321596911917648,6.427416780583508,13.208146320335699,33.01770336225401,0.577703085960414,implantation,MI,3
P03,IMPL-02,75,0.63134187457804,5.271990647268982,9.948786013232793,40.72519395691164,0.7435839643007722,implantation,MI,3
P03,IMPL-03,75,0.6799130018702528,5.338339297075637,10.368088902855419,40.239013695499295,0.7542104493378439,implantation,MI,3
P03,IMPL-04,75,0.6577805526452276,5.156686268828301,10.52808162817789,39.375198422405646,0.6361850259634537,implantation,MI,3
P03,IMPL-05,75,0.6823109972225858,3.3778810692603054,6.728876831330529,28.90657167019691,0.5595958899576208,implantation,MI,3
P01,IMPL-01,75,0.5881379457666698,5.89652227489614,9.474097454465568,44.01743705535524,0.4850052281785704,implantation,MI,4
P01,IMPL-02,75,0.45644972191169464,5.068374538437604,9.54798330256811,49.77963281930298,-0.36569556786422486,implantation,MI,4
P01,IMPL-03,75,0.6991687017372625,4.264400063927826,7.454379554816765,29.77630904272141,0.6862807920942637,implantation,MI,4
P01,IMPL-04,75,0.6518259387839569,5.097387622848704,11.047497385909342,27.48013087600994,0.5817082555480426,implantation,MI,4
P01,IMPL-05,75,0.6165552603266001,3.7191351726613933,6.215729703623266,45.44844860525705,0.5869449888495091,implantation,MI,4
P02,IMPL-01,75,0.4704833285208825,5.395886657485452,11.723854364465561,45.45399977537377,-0.00025251338251175426,implantation,MI,4
P02,IMPL-02,75,0.6637571592170982,4.408949698468893,10.247955611086736,32.93492691616356,0.7071420874767498,implantation,MI,4
P02,IMPL-03,75,0.5574921174248237,3.7830612003086457,7.498121533851571,49.44619342158035,0.3431595760941899,implantation,MI,4
P02,IMPL-04,75,0.5403032528381297,5.544010195362756,12.929171579633051,43.33154139980683,0.45581468838737427,implantation,MI,4
P02,IMPL-05,75,0.68839823907181,5.46440610726167,8.400565240509005,39.232281460587295,0.7591317570622451,implantation,MI,4
P03,IMPL-01,75,0.6124468639625573,6.77186667770396,13.066048158604248,35.591414747325295,0.5867406634668553,implantation,MI,4
P03,IMPL-02,75,0.6147616653892192,5.509095709508363,10.40022655293298,44.664387678632345,0.7197855019100903,implantation,MI,4
P03,IMPL-03,75,0.6359393083435236,6.07172271334344,12.44677405465453,37.660433981973874,0.6457746790243015,implantation,MI,4
P03,IMPL-04,75,0.6221455141466632,5.693647903051899,10.732633865664779,43.15216746076131,0.6219104178850705,implantation,MI,4
P03,IMPL-05,75,0.6556750254504979,3.6610924616084595,7.7627477921272705,30.951769562421944,0.41386567055374646,implantation,MI,4
P01,IMPL-01,75,0.644823678220778,5.084967336418869,7.757429404853201,34.60118641561552,0.6547268644723445,implantation,DDA,0
P01,IMPL-02,75,0.5231216595128905,4.446687153501149,8.23136032095838,45.94349704720639,-0.015018187687816154,implantation,DDA,0
P01,IMPL-03,75,0.6997332284931286,4.256397678711572,7.671635794597357,27.350251628875032,0.6677277597691034,implantation,DDA,0
P01,IMPL-04,75,0.6745819156648193,4.764232319741953,11.419972858409462,25.19736792072782,0.5530266582866652,implantation,DDA,0
P01,IMPL-05,75,0.5548694156839735,4.317443013997608,7.979227930984873,47.2593406700885,0.3193162285040251,implantation,DDA,0
P02,IMPL-01,75,0.5614465038456498,4.4689526996057545,11.056219150603583,31.95028649799286,0.11042596451004605,implantation,DDA,0
P02,IMPL-02,75,0.6808685911079584,4.184577806118953,10.1287958741039,30.94366795356463,0.7139129964613466,implantation,DDA,0
P02,IMPL-03,75,0.6320075598941464,3.146018358068124,6.875831519891943,41.11408685778462,0.4476614253443718,implantation,DDA,0
P02,IMPL-04,75,0.535234586969511,5.605139049169099,13.926102022457279,40.112177369335136,0.3686581732860216,implantation,DDA,0
P02,IMPL-05,75,0.69074750464143,5.423208197827616,8.093598895462835,36.62939736212109,0.7764133432579865,implantation,DDA,0
P03,IMPL-01,75,0.6689103382359733,5.7852584312863655,9.966175508823579,35.7065922963757,0.7595685768880469,implantation,DDA,0
P03,IMPL-02,75,0.6253449321607802,5.357749843000303,9.622995000120309,45.38692851511889,0.7601026104439388,implantation,DDA,0
P03,IMPL-03,75,0.6576814563846756,5.709112035718009,11.398973372844784,35.91004880257732,0.7029035454927635,implantation,DDA,0
P03,IMPL-04,75,0.6685141269030346,4.994948894115922,10.520426849143902,37.888544847216025,0.6367138802979841,implantation,DDA,0
P03,IMPL-05,75,0.6679908421774388,3.5301424954128695,7.646226778522581,29.175809012515042,0.43132968966580054,implantation,DDA,0
P01,IMPL-01,75,0.6377002921406023,5.186951008531196,8.61386977613235,33.877150870142145,0.5742803187195906,implantation,DDA,1
P01,IMPL-02,75,0.5386920407040932,4.30149998910338,7.842443651450225,45.64544563489155,0.07863139013659537,implantation,DDA,1
P01,IMPL-03,75,0.6993679123970913,4.261576175737288,7.566851528284094,26.568764469374383,0.6767425586235023,implantation,DDA,1
P01,IMPL-04,75,0.6191831776977019,5.575288836269183,13.08327514337378,27.779607180576306,0.4133427692278676,implantation,DDA,1
P01,IMPL-05,75,0.5615631132880643,4.252519014216734,7.681095226746069,48.284019994013974,0.36923156387293765,implantation,DDA,1
P02,IMPL-01,75,0.6687942339509383,3.375056669914235,9.434048056542824,26.2933199686352,0.3523132839302241,implantation,DDA,1
P02,IMPL-02,75,0.6710451823907722,4.313386243499303,9.883889672229984,32.443296589429764,0.7275804512459294,implantation,DDA,1
P02,IMPL-03,75,0.5708605188982717,3.6687728838383555,7.52145674795412,42.58570451046237,0.3390648538239256,implantation,DDA,1
P02,IMPL-04,75,0.5419770319230347,5.523824174102462,13.674809090306432,39.726082364173564,0.3912374023686701,implantation,DDA,1
P02,IMPL-05,75,0.684469405146148,5.533304126431568,8.552610886861066,43.00096684315592,0.7503336834828078,implantation,DDA,1
P03,IMPL-01,75,0.6706837268160384,5.754271322899756,10.465322037276795,32.862078401844634,0.7348819121102936,implantation,DDA,1
P03,IMPL-02,75,0.6747476866150848,4.651266406254373,8.043319248095067,39.30851485945959,0.8323993821658391,implantation,DDA,1
P03,IMPL-03,75,0.6126725361820544,6.459760730730604,12.505838430397562,49.91931335315883,0.642404851828021,implantation,DDA,1
P03,IMPL-04,75,0.683447354421117,4.769929626838707,11.057040378775628,34.58281999550133,0.5987085801356286,implantation,DDA,1
P03,IMPL-05,75,0.675963892811801,3.4453677107441787,6.893219739830378,29.230036497841823,0.5378207412687368,implantation,DDA,1
P01,IMPL-01,75,0.6275773823151973,5.33187808462073,8.811198555267248,34.40740432782759,0.5545519106059655,implantation,DDA,2
P01,IMPL-02,75,0.5161364114565856,4.511821612667951,8.285191443935796,48.9969722484412,-0.028337549637340365,implantation,DDA,2
P01,IMPL-03,75,0.7141246995908106,4.052393006912526,6.940083212078879,25.519581269077342,0.7280760493338737,implantation,DDA,2
P01,IMPL-04,75,0.6220860365049399,5.532789988126356,13.054021507768896,27.182346862032592,0.4159633164658397,implantation,DDA,2
P01,IMPL-05,75,0.5613665723658745,4.2544253182573275,7.8797860522979635,47.01870018784118,0.33617667831942344,implantation,DDA,2
P02,IMPL-01,75,0.6989851715454247,3.067404642853384,8.62792117675679,24.803987117012053,0.458272154953716,implantation,DDA,2
P02,IMPL-02,75,0.7021935622940374,3.9049563127310063,9.541323229444629,29.18249011020675,0.7461368243719935,implantation,DDA,2
P02,IMPL-03,75,0.6522131358301629,2.9732780897849973,6.505914577462239,35.88706217704369,0.5054939204770504,implantation,DDA,2
P02,IMPL-04,75,0.57234082166707,5.157632416274975,13.289331067161589,36.46450714272663,0.42507438407280174,implantation,DDA,2
P02,IMPL-05,75,0.6768675210950869,5.666614610658536,8.581992624607077,37.97281877093378,0.7486153238409764,implantation,DDA,2
P03,IMPL-01,75,0.6866415070302853,5.475434822728739,10.234482727151205,30.489835753451832,0.7464486310302109,implantation,DDA,2
P03,IMPL-02,75,0.6466168134668686,5.053551585693066,9.743583663646717,39.79420907198964,0.7540524848798104,implantation,DDA,2
P03,IMPL-03,75,0.6423813785755741,5.964283308196666,11.623994947756081,35.06897393902621,0.6910580981478545,implantation,DDA,2
P03,IMPL-04,75,0.6793233612612041,4.832071445677011,11.3436621100428,34.62155961212447,0.5776342957705585,implantation,DDA,2
P03,IMPL-05,75,0.6965272848780555,3.226724030374024,7.238231864366023,27.71097318361999,0.4903979253176578,implantation,DDA,2
P01,IMPL-01,75,0.6316175581329144,5.27403593466105,8.706395424073957,34.003563945234255,0.5650854867495532,implantation,DDA,3
P01,IMPL-02,75,0.5474153384692138,4.220158957617857,8.438897201279554,44.714108562895056,-0.06684663416145376,implantation,DDA,3
P01,IMPL-03,75,0.7114010868016685,4.0910012721402635,7.044077585396563,25.553982930216325,0.719865648554727,implantation,DDA,3
P01,IMPL-04,75,0.6121701670149167,5.6779617169785634,13.039648601116673,28.738579851047678,0.4172486956152822,implantation,DDA,3
P01,IMPL-05,75,0.5698490390418163,4.1721515590911595,7.596901336350977,45.9594101032193,0.38298371511544516,implantation,DDA,3
P02,IMPL-01,75,0.5321385447959642,4.767606988908079,11.14511290084571,38.05632308812087,0.096063826939635,implantation,DDA,3
P02,IMPL-02,75,0.7001085048201037,3.9322964146037656,9.188796186734006,29.844563274314336,0.7645494394968984,implantation,DDA,3
P02,IMPL-03,75,0.6357473342843258,3.114046508637866,6.947471265269366,39.5336611418411,0.4360917605519211,implantation,DDA,3
P02,IMPL-04,75,0.5608428211372825,5.296299989097678,13.316034732501175,37.74927209430535,0.42276154439832914,implantation,DDA,3
P02,IMPL-05,75,0.6826919826955498,5.564473905656503,8.34495495158899,41.00387169751425,0.7623102139223594,implantation,DDA,3
P03,IMPL-01,75,0.6866846894263194,5.47468027992783,10.24469513305534,31.688823091939355,0.745942369705918,implantation,DDA,3
P03,IMPL-02,75,0.6361737400354952,5.20289261919376,9.839763992762563,41.19032572766139,0.7491729526082048,implantation,DDA,3
P03,IMPL-03,75,0.6130105116055746,6.45412405227954,12.315491938337544,49.46639248559861,0.6532076415661792,implantation,DDA,3
P03,IMPL-04,75,0.67189939941214,4.943938384926918,11.554634983871923,34.22363962113983,0.5617776294396936,implantation,DDA,3
P03,IMPL-05,75,0.7242638537303152,2.931810356834222,6.861836739560569,24.881205488686494,0.54201952053719,implantation,DDA,3
P01,IMPL-01,75,0.6741421987642195,4.665221677224291,7.861964593677312,33.77113613682128,0.645358714970698,implantation,DDA,4
P01,IMPL-02,75,0.47410423567509086,4.903753726612067,9.671849956371657,50.24802390253872,-0.40135994301206224,implantation,DDA,4
P01,IMPL-03,75,0.691035392501153,4.379692869652179,7.689237823697706,27.20512681295531,0.6662012599522025,implantation,DDA,4
P01,IMPL-04,75,0.6120596298968264,5.679580018283522,13.09217047502556,28.956778751515706,0.4125447603789083,implantation,DDA,4
P01,IMPL-05,75,0.5517951381447557,4.34726127082483,7.507605602726892,45.80737989590839,0.397403570900568,implantation,DDA,4
P02,IMPL-01,75,0.5746819113808699,4.334081102973706,10.778565336167034,31.48574574532533,0.1545445292335066,implantation,DDA,4
P02,IMPL-02,75,0.6944278251079874,4.006783743599431,9.227749891029584,30.622222368772817,0.7625489354314154,implantation,DDA,4
P02,IMPL-03,75,0.5969381979793251,3.4458311921525047,7.354193998483636,46.02873283916719,0.3681338561487846,implantation,DDA,4
P02,IMPL-04,75,0.5775734043115168,5.094526702110162,12.767077918111692,37.714513281125676,0.46937411080499114,implantation,DDA,4
P02,IMPL-05,75,0.7086626911384064,5.109038424796806,7.899960973355808,38.33533434543438,0.7869839053263961,implantation,DDA,4
P03,IMPL-01,75,0.6824113126492647,5.549350654405241,9.925886776549476,32.703091165873516,0.7615085583390632,implantation,DDA,4
P03,IMPL-02,75,0.6379816805001094,5.177038190488694,9.620273261714537,41.22720596361147,0.7602382949374065,implantation,DDA,4
P03,IMPL-03,75,0.6183002361351102,6.3659032107841975,12.415483272551564,41.56989260776325,0.6475534620077352,implantation,DDA,4
P03,IMPL-04,75,0.6832471958409448,4.772945688637474,10.92702221962326,35.45761508727408,0.6080905503049028,implantation,DDA,4
P03,IMPL-05,75,0.6776897064654395,3.4270177105278337,7.363031314826753,28.09575410605171,0.47267361652915363,implantation,DDA,4
P01,IMPL-01,75,0.6511133841427797,4.994919247039364,8.41841518405085,37.795729048680684,0.5933808706802013,implantation,PFI-SBS,0
P01,IMPL-02,75,0.5022963655520591,4.640874138443522,8.959953613498495,47.07839647694164,-0.20265793448072023,implantation,PFI-SBS,0
P01,IMPL-03,75,0.7281080818691497,3.85417315204358,6.442607342715384,27.12730670815858,0.7656626942792402,implantation,PFI-SBS,0
P01,IMPL-04,75,0.6862148909272795,4.593921573695379,10.560356332941923,25.187553369956365,0.6177842108335414,implantation,PFI-SBS,0
P01,IMPL-05,75,0.611960511092928,3.7637008993918317,6.930695757400477,45.10607006215664,0.48645639714560174,implantation,PFI-SBS,0
P02,IMPL-01,75,0.6748387706317551,3.3134615652018664,8.46190048601706,28.074783045825225,0.4789197069597645,implantation,PFI-SBS,0
P02,IMPL-02,75,0.6642874334776444,4.4019965317168595,10.342608336169027,31.402527896172167,0.7017072838731806,implantation,PFI-SBS,0
P02,IMPL-03,75,0.617297151346854,3.271779678955998,6.954493954872533,37.75081794602265,0.43495115733298617,implantation,PFI-SBS,0
P02,IMPL-04,75,0.5215082752254456,5.770680382066612,13.669388401778557,39.56773376038542,0.3917199331836084,implantation,PFI-SBS,0
P02,IMPL-05,75,0.7268393662117675,4.790283055813269,7.23166241123819,32.13359050404067,0.8214997556331104,implantation,PFI-SBS,0
P03,IMPL-01,75,0.6400455239147931,6.2896245583632675,12.609263710108962,33.48817742916588,0.6151303895428486,implantation,PFI-SBS,0
P03,IMPL-02,75,0.615055135074913,5.504898950149093,9.724136832302765,46.952441706097005,0.7550332588970723,implantation,PFI-SBS,0
P03,IMPL-03,75,0.6658246524995397,5.573301633927955,11.90948771059694,34.667654427831465,0.6756961145808815,implantation,PFI-SBS,0
P03,IMPL-04,75,0.6552901569137454,5.1942124514334935,10.45760778336311,38.59109188063861,0.6410394005966735,implantation,PFI-SBS,0
P03,IMPL-05,75,0.6874188535874901,3.323570938381777,6.843529379068724,26.86346384839325,0.5444600417147725,implantation,PFI-SBS,0
P01,IMPL-01,75,0.6459663877276007,5.068607460602541,9.023494950885034,36.46483703403916,0.532828130621003,implantation,PFI-SBS,1
P01,IMPL-02,75,0.5472923671712919,4.221305612528121,8.118121774629994,42.10015103381168,0.012716857889173871,implantation,PFI-SBS,1
P01,IMPL-03,75,0.7375011969132168,3.7210221114912203,6.389248005629572,24.50997476092595,0.7695283038384007,implantation,PFI-SBS,1
P01,IMPL-04,75,0.66143242784231,4.956745329582935,11.56480339295871,25.805529681339156,0.5416175450033195,implantation,PFI-SBS,1
P01,IMPL-05,75,0.6549588921692491,3.3466478670183717,5.699990601442633,41.624143199394375,0.6526462967051705,implantation,PFI-SBS,1
P02,IMPL-01,75,0.6843595327699701,3.216442989285861,8.873333916082876,25.705748354353457,0.4270160310676908,implantation,PFI-SBS,1
P02,IMPL-02,75,0.6902463899213678,4.0616123828123545,9.650007674790595,31.250473591174217,0.7403204148284701,implantation,PFI-SBS,1
P02,IMPL-03,75,0.5684081632377291,3.68973841216921,7.532782842209806,41.98752043186614,0.33707283280343026,implantation,PFI-SBS,1
P02,IMPL-04,75,0.5254203790482916,5.723499836167426,13.295810092033587,39.34756500347457,0.4245136537589316,implantation,PFI-SBS,1
P02,IMPL-05,75,0.7153565324199238,4.99165183792128,7.7608045289123595,36.433044674866636,0.7944222934759029,implantation,PFI-SBS,1
P03,IMPL-01,75,0.6289368351096427,6.483730998377504,13.497869421756644,31.22909627066414,0.558973577009324,implantation,PFI-SBS,1
P03,IMPL-02,75,0.6113917964292255,5.557286476005843,9.384867162375832,45.56897349155972,0.7718285714167241,implantation,PFI-SBS,1
P03,IMPL-03,75,0.6640070000530662,5.603616034513205,11.376215776646347,38.82905287083705,0.704088643779842,implantation,PFI-SBS,1
P03,IMPL-04,75,0.6642421640221201,5.059320374168364,10.71941647355543,36.92572488168478,0.6228410899200432,implantation,PFI-SBS,1
P03,IMPL-05,75,0.6693203113094874,3.516006694129059,7.0370797764395085,29.618561079335542,0.5183282734238803,implantation,PFI-SBS,1
P01,IMPL-01,75,0.6267038646320158,5.344384010873108,9.73998505663308,36.90370648647179,0.4556932678979464,implantation,PFI-SBS,2
P01,IMPL-02,75,0.5365626666132906,4.321355494398293,8.01296126111365,47.35544752089795,0.03812932462826513,implantation,PFI-SBS,2
P01,IMPL-03,75,0.7572253455297957,3.4414246723045556,6.32859308097553,23.256709287685883,0.7738833981821569,implantation,PFI-SBS,2
P01,IMPL-04,75,0.6376414319958328,5.305053665188177,12.075347196661477,27.501753568381154,0.5002523832687609,implantation,PFI-SBS,2
P01,IMPL-05,75,0.620172503166863,3.6840505472033995,6.242203459950018,44.53635072620383,0.5834189652230086,implantation,PFI-SBS,2
P02,IMPL-01,75,0.7017335890955634,3.0393976878569204,8.523036696251115,25.003838675622138,0.47136302263476004,implantation,PFI-SBS,2
P02,IMPL-02,75,0.6875588246647029,4.096852806074299,9.817287852841403,31.117203345118472,0.7312394374225396,implantation,PFI-SBS,2
P02,IMPL-03,75,0.578473274823534,3.6036903786393966,7.0003165405203065,43.328688670194914,0.42748050618939515,implantation,PFI-SBS,2
P02,IMPL-04,75,0.544884974318162,5.488753962303821,12.830103169974503,39.46688406130704,0.4641222628032493,implantation,PFI-SBS,2
P02,IMPL-05,75,0.7224728223657199,4.866856977568055,7.42153594685463,35.59160853164347,0.8120033470325321,implantation,PFI-SBS,2
P03,IMPL-01,75,0.6426616129327694,6.2439126174720725,12.797068136007116,30.712540570889228,0.6035803903416397,implantation,PFI-SBS,2
P03,IMPL-02,75,0.6198873515755707,5.435795901985194,10.362840672657661,43.10473953217562,0.721796465108538,implantation,PFI-SBS,2
P03,IMPL-03,75,0.6531808523132019,5.784172102873837,11.41343191962322,40.05032151358886,0.7021493885840494,implantation,PFI-SBS,2
P03,IMPL-04,75,0.6614676625426524,5.101127564825133,10.9856958373971,38.64839925204414,0.6038704652799125,implantation,PFI-SBS,2
P03,IMPL-05,75,0.6694295084355398,3.5148456375558537,7.0992961080155315,29.77936015579294,0.509773496472985,implantation,PFI-SBS,2
P01,IMPL-01,75,0.6472341648957225,5.0504570234972075,8.84437347427791,35.64736371592721,0.5511912953936534,implantation,PFI-SBS,3
P01,IMPL-02,75,0.5755822796403645,3.957514243388977,7.326298595114115,40.843358500105026,0.19591894756517503,implantation,PFI-SBS,3
P01,IMPL-03,75,0.7357932255596851,3.7452332663519283,6.678600112989046,24.185956246894865,0.7481807147910016,implantation,PFI-SBS,3
P01,IMPL-04,75,0.6650295697359406,4.904081939029996,11.499905059434143,26.107885225160242,0.5467477296035381,implantation,PFI-SBS,3
P01,IMPL-05,75,0.6934105167431825,2.973695066777342,4.637728473231642,40.57577991605178,0.7700495357090952,implantation,PFI-SBS,3
P02,IMPL-01,75,0.7060151533169094,2.9957676446505492,8.99192494538231,22.661065605886765,0.4115979624792928,implantation,PFI-SBS,3
P02,IMPL-02,75,0.6844912046302365,4.137076658556887,9.885328822941958,31.892090254956983,0.7275011137901082,implantation,PFI-SBS,3
P02,IMPL-03,75,0.6152206219946228,3.289532216104064,6.869167771343255,39.73762075846686,0.4487315102660627,implantation,PFI-SBS,3
P02,IMPL-04,75,0.5416213516146695,5.5281137307896495,13.05936441766589,40.97649142619796,0.44479994644152876,implantation,PFI-SBS,3
P02,IMPL-05,75,0.7171858239565274,4.959572456165532,7.494411723587281,37.35203306279239,0.8082931534121982,implantation,PFI-SBS,3
P03,IMPL-01,75,0.6640329486862327,5.870482955860665,12.777729527166725,28.161963630099358,0.6047776038281771,implantation,PFI-SBS,3
P03,IMPL-02,75,0.6038572147016875,5.665034662359252,11.10422931443301,41.097272183954296,0.6805654808451369,implantation,PFI-SBS,3
P03,IMPL-03,75,0.6562351854908807,5.733232617908706,10.983785779860668,39.41691618855426,0.724151835211096,implantation,PFI-SBS,3
P03,IMPL-04,75,0.6714593895279111,4.950568612828024,10.404328396223303,37.58032059224468,0.6446877457311493,implantation,PFI-SBS,3
P03,IMPL-05,75,0.709015019943491,3.093946113900071,6.649482239911001,27.11130131421594,0.5699273088805947,implantation,PFI-SBS,3
P01,IMPL-01,75,0.6172194881495388,5.48016937060121,9.065865275462308,39.047464191195026,0.5284305670852399,implantation,PFI-SBS,4
P01,IMPL-02,75,0.5045715867394361,4.61965867117162,9.107856504208902,46.02784513179751,-0.24269044055642275,implantation,PFI-SBS,4
P01,IMPL-03,75,0.7521886342078623,3.5128220043217833,6.3458644136195455,23.508687085726613,0.7726475266348011,implantation,PFI-SBS,4
P01,IMPL-04,75,0.6398353823170315,5.272933480320401,11.957914515773496,28.20873233686687,0.5099252046841838,implantation,PFI-SBS,4
P01,IMPL-05,75,0.6662289520479807,3.2373364806405265,5.166547682322266,42.669514368348814,0.7146193399911085,implantation,PFI-SBS,4
P02,IMPL-01,75,0.6842657396503544,3.2173987609734356,8.88542002791102,27.330371562456584,0.425454078218392,implantation,PFI-SBS,4
P02,IMPL-02,75,0.6948171088151174,4.001679300991306,9.416186996824766,29.976758321008152,0.7527520835808357,implantation,PFI-SBS,4
P02,IMPL-03,75,0.6015746714939967,3.406193337663816,6.998973582197837,40.04031003899447,0.4277001522764198,implantation,PFI-SBS,4
P02,IMPL-04,75,0.5367356189527217,5.587036383292382,13.18430436422578,39.92233280611855,0.43412584609337246,implantation,PFI-SBS,4
P02,IMPL-05,75,0.7098749811450995,5.087779093987464,7.729346405414713,40.850937572441346,0.7960855184180559,implantation,PFI-SBS,4
P03,IMPL-01,75,0.644148750249028,6.2179272887501575,12.601161491033217,30.846232863921475,0.6156248349162075,implantation,PFI-SBS,4
P03,IMPL-02,75,0.6331889686832926,5.245576302443757,9.978788987135498,39.54291018412129,0.7420350629500276,implantation,PFI-SBS,4
P03,IMPL-03,75,0.659097760249024,5.685491236935715,11.41047848039863,39.79065286722119,0.7023035174854535,implantation,PFI-SBS,4
P03,IMPL-04,75,0.6630972055348521,5.076573022301925,10.373227616658038,38.180682196750325,0.6468087806565336,implantation,PFI-SBS,4
P03,IMPL-05,75,0.6730532135140365,3.4763159916498783,7.335420206774666,29.31390080518723,0.4766211118648408,implantation,PFI-SBS,4
P01,IMPL-01,75,0.6530009173936044,4.967895922740133,8.356520912892465,38.05390795947785,0.5993380195364049,implantation,NSGA2,0
P01,IMPL-02,75,0.4018367149320018,5.5776175380307755,10.304407909835124,55.31287888679285,-0.5906575197822403,implantation,NSGA2,0
P01,IMPL-03,75,0.6951696903719925,4.321087597506237,7.893725176044204,30.124845465111523,0.6482111177098461,implantation,NSGA2,0
P01,IMPL-04,75,0.662209464609315,4.945369244917709,11.08726789403801,28.419845481714244,0.5786911705933475,implantation,NSGA2,0
P01,IMPL-05,75,0.6627311062074316,3.2712630420147004,5.0228388434121465,42.71382947704387,0.7302744156905754,implantation,NSGA2,0
P02,IMPL-01,75,0.6412423292383432,3.655816394837957,8.667332599843004,33.775815403490945,0.45331174149445863,implantation,NSGA2,0
P02,IMPL-02,75,0.6383711007133618,4.741821782004579,10.934266362865246,36.780878371700034,0.6666029215872518,implantation,NSGA2,0
P02,IMPL-03,75,0.6072690431953846,3.3575113649986257,6.31173540971115,45.84401776895853,0.5345720164285128,implantation,NSGA2,0
P02,IMPL-04,75,0.49974227059533627,6.03318159036676,13.178667227521931,44.84161623352701,0.4346096377184703,implantation,NSGA2,0
P02,IMPL-05,75,0.6850801303045125,5.522594141111571,9.087432870061939,33.47342026285433,0.7181325295627974,implantation,NSGA2,0
P03,IMPL-01,75,0.6553328779008059,6.0225026764282354,12.599316107463443,29.06988173445638,0.6157374067099175,implantation,NSGA2,0
P03,IMPL-02,75,0.5798103854664052,6.008916025830568,10.183063077571346,46.47890084448172,0.7313654488726944,implantation,NSGA2,0
P03,IMPL-03,75,0.655750456787223,5.74131681471231,11.863113512418156,36.06556752413999,0.678216802672112,implantation,NSGA2,0
P03,IMPL-04,75,0.6329918209330283,5.530211833871514,10.862881338394665,43.40467951125291,0.6126780105464029,implantation,NSGA2,0
P03,IMPL-05,75,0.6633579825603675,3.5794021445043738,6.514048767329163,33.39864550314931,0.5872679288530375,implantation,NSGA2,0
P01,IMPL-01,75,0.6171105259275198,5.481729354490603,9.359099966358139,40.77019495260345,0.4974314624692674,implantation,NSGA2,1
P01,IMPL-02,75,0.5257926696300315,4.421781123249009,8.022882074976632,45.65298908508813,0.03574607406486274,implantation,NSGA2,1
P01,IMPL-03,75,0.6892071773945468,4.40560852624279,8.3114258339887,29.737651026963313,0.6099958991572667,implantation,NSGA2,1
P01,IMPL-04,75,0.6617921371993255,4.951479061274866,10.963708481574995,28.697344884984382,0.5880291978409498,implantation,NSGA2,1
P01,IMPL-05,75,0.6351381632495546,3.5388945259132365,5.863700146157312,45.296818582808825,0.632407060280502,implantation,NSGA2,1
P02,IMPL-01,75,0.6498287562564967,3.5683188910231896,9.017084927582731,31.871516528276395,0.40830058257240776,implantation,NSGA2,1
P02,IMPL-02,75,0.6571402489913445,4.495713253870415,11.091773078969846,31.571261573477372,0.6569286565613288,implantation,NSGA2,1
P02,IMPL-03,75,0.5665701339285016,3.705451979403998,7.276698947203336,47.66242031529278,0.3813803128549521,implantation,NSGA2,1
P02,IMPL-04,75,0.5012493941119099,6.015005459704228,13.02158157035009,44.96655008971083,0.44800786578664253,implantation,NSGA2,1
P02,IMPL-05,75,0.6819751153028488,5.577045254891189,9.004632579615306,35.61212565227598,0.7232456089645771,implantation,NSGA2,1
P03,IMPL-01,75,0.6306431116009263,6.453916565620192,13.450926089583565,30.010795872964323,0.5620358749180809,implantation,NSGA2,1
P03,IMPL-02,75,0.5734078269813727,6.100475728774995,10.32806385605687,50.02761995463516,0.7236605869876778,implantation,NSGA2,1
P03,IMPL-03,75,0.6653052564204197,5.581964005458553,11.542673598067903,33.804596785801536,0.6953656861016625,implantation,NSGA2,1
P03,IMPL-04,75,0.625633438568293,5.641090597759183,11.300992482377277,44.14442963106123,0.5808058097989559,implantation,NSGA2,1
P03,IMPL-05,75,0.6530724205986087,3.688765089817504,6.521937870724429,34.83214264405679,0.5862676115978869,implantation,NSGA2,1
P01,IMPL-01,75,0.6103718407937135,5.5782053628691015,9.840989737531027,40.99132891602462,0.4443456962394089,implantation,NSGA2,2
P01,IMPL-02,75,0.43904628960326286,5.230654122772852,9.654316654165315,54.56914755144786,-0.39628372768602893,implantation,NSGA2,2
P01,IMPL-03,75,0.6971974728845334,4.2923429957109835,8.066688193139338,29.04739054078544,0.6326258059727321,implantation,NSGA2,2
P01,IMPL-04,75,0.6589970261434139,4.992400445398452,11.19807822275241,28.384362844466292,0.5702276490287964,implantation,NSGA2,2
P01,IMPL-05,75,0.6310930089647445,3.5781295812494847,6.1081416789256995,46.65927435380147,0.6011203700112381,implantation,NSGA2,2
P02,IMPL-01,75,0.6433934438559401,3.6338960828081395,8.692648992006708,31.923364780693795,0.45011343635250056,implantation,NSGA2,2
P02,IMPL-02,75,0.6703292653913758,4.322773631588422,10.701013144331432,30.582965289812858,0.6806754666013031,implantation,NSGA2,2
P02,IMPL-03,75,0.6096021642443918,3.3375651898824725,6.470802447139511,45.22969134599785,0.5108171713740157,implantation,NSGA2,2
P02,IMPL-04,75,0.5016776713437682,6.0098403734717865,12.964471173965151,45.48100957724862,0.45283913132022136,implantation,NSGA2,2
P02,IMPL-05,75,0.6838762424384571,5.5437061277323645,8.595753789898746,34.902038471942895,0.7478084903349347,implantation,NSGA2,2
P03,IMPL-01,75,0.6417930179573714,6.259089915301369,12.999655450950165,29.807909537677237,0.5909297950130136,implantation,NSGA2,2
P03,IMPL-02,75,0.5526904426373767,6.396744409608791,11.100796239131553,49.17863382788521,0.6807629683435532,implantation,NSGA2,2
P03,IMPL-03,75,0.6670163230100496,5.553427219932411,11.20020819432284,34.30989020421887,0.7131742209262883,implantation,NSGA2,2
P03,IMPL-04,75,0.6323943508500243,5.5392147289345415,11.208555354596195,43.49851339186843,0.5876354102422292,implantation,NSGA2,2
P03,IMPL-05,75,0.649115542944985,3.7308372484465493,6.664631556006004,34.873139833705416,0.5679654331372651,implantation,NSGA2,2
P01,IMPL-01,75,0.6293979743314426,5.305813140625654,8.812449104678612,39.791769402283016,0.5544254591650795,implantation,NSGA2,3
P01,IMPL-02,75,0.515130126801468,4.52120478793254,8.495022755876466,46.94300170136273,-0.08108462622019541,implantation,NSGA2,3
P01,IMPL-03,75,0.692480228741136,4.359211756849987,8.00021871613114,30.297204833671916,0.6386551858196827,implantation,NSGA2,3
P01,IMPL-04,75,0.6630997426896191,4.932335268602569,10.983116291890719,28.93799447746944,0.5865693764825446,implantation,NSGA2,3
P01,IMPL-05,75,0.6443723788445717,3.449329348827698,5.5256499836296475,44.13365706140973,0.6735697502032223,implantation,NSGA2,3
P02,IMPL-01,75,0.6454806782519884,3.612626723720309,8.61037577383229,32.71915632177227,0.4604731878082503,implantation,NSGA2,3
P02,IMPL-02,75,0.66825013033878,4.350036076319959,10.482265773873626,31.98634228361327,0.6935971327715569,implantation,NSGA2,3
P02,IMPL-03,75,0.6078440878818165,3.3525952282983598,6.514305439737454,44.64105696762679,0.5042175409261496,implantation,NSGA2,3
P02,IMPL-04,75,0.5018477110486121,6.007789669691323,13.085765833530383,44.77995559515813,0.44255284103168746,implantation,NSGA2,3
P02,IMPL-05,75,0.6787421988054345,5.633739314000852,9.134649694964239,35.532633042274114,0.7151958448916789,implantation,NSGA2,3
P03,IMPL-01,75,0.6401312571760662,6.2881265077446535,13.202870396729583,30.648018674850736,0.5780403870806374,implantation,NSGA2,3
P03,IMPL-02,75,0.5654272373130778,6.2146020457869575,10.457567364263294,49.38890933386136,0.7166871038812923,implantation,NSGA2,3
P03,IMPL-03,75,0.6729672272384801,5.454179371436901,10.726983394227148,36.49519569966142,0.7368997823694425,implantation,NSGA2,3
P03,IMPL-04,75,0.6302266029071135,5.571879138096245,10.919300047781356,43.253356464068446,0.608644282634587,implantation,NSGA2,3
P03,IMPL-05,75,0.6497485783699286,3.724106394185325,6.673565656251441,34.49443736729506,0.5668063511378948,implantation,NSGA2,3
P01,IMPL-01,75,0.6044939365951215,5.662357793714475,9.387718676867316,41.59027458716915,0.49435320625922363,implantation,NSGA2,4
P01,IMPL-02,75,0.45941105756167,5.0407613464052305,9.923793912698903,51.229745827029525,-0.4753194625466173,implantation,NSGA2,4
P01,IMPL-03,75,0.70184098681349,4.226519388892659,7.66818798192845,29.76271029666601,0.6680263544984517,implantation,NSGA2,4
P01,IMPL-04,75,0.6597639767524613,4.981172025543625,11.249267540400071,28.95872710974084,0.56628946673742,implantation,NSGA2,4
P01,IMPL-05,75,0.6558450378665487,3.3380528980699467,5.074737688638983,43.77796517631148,0.7246717010618211,implantation,NSGA2,4
P02,IMPL-01,75,0.6550920860137512,3.5146844497660625,8.794251893919999,30.787064101293943,0.437183756186323,implantation,NSGA2,4
P02,IMPL-02,75,0.6694139966196623,4.3347749993072675,10.927822350724242,30.56350505805952,0.6669957749667572,implantation,NSGA2,4
P02,IMPL-03,75,0.5930270651250128,3.479268008835398,6.921726907208557,45.44495730204734,0.4402632230408635,implantation,NSGA2,4
P02,IMPL-04,75,0.5110014322095398,5.897394449896956,12.84112931830344,44.8285979725408,0.46320080390571217,implantation,NSGA2,4
P02,IMPL-05,75,0.675076040846894,5.698030914533404,9.12152301795932,37.169084371372264,0.7160137954656423,implantation,NSGA2,4
P03,IMPL-01,75,0.6418752804182822,6.257652511327392,13.141051221680543,29.654887296956854,0.5819825792942145,implantation,NSGA2,4
P03,IMPL-02,75,0.576131969531974,6.061519164255606,10.402769146750794,47.44819977808487,0.7196484743679348,implantation,NSGA2,4
P03,IMPL-03,75,0.6542764269856368,5.765900353752777,11.395793511778479,37.400587601791074,0.7030692786070152,implantation,NSGA2,4
P03,IMPL-04,75,0.634439773283503,5.508393564742376,11.033512372896324,41.94635426052954,0.6004145595481742,implantation,NSGA2,4
P03,IMPL-05,75,0.6593722791025178,3.6217807982829218,6.321268559856032,35.189029831405286,0.6113356659692026,implantation,NSGA2,4
P01,ETCH-01,75,0.7014331828310811,3.3697008730110296,5.131261857045243,38.04322758862804,0.7567125258723205,etching,ALL,0
P01,ETCH-02,75,0.6190504236949225,2.900293229737727,4.614629244353849,44.4408901346645,0.5686763997260562,etching,ALL,0
P01,ETCH-03,75,0.6469394544746772,3.5361063808509825,6.033125767818896,35.5686617921431,0.6798658465898806,etching,ALL,0
P01,ETCH-04,75,0.6384131496880934,5.719717741798176,11.26367978332094,33.870031461887464,0.5203614561872336,etching,ALL,0
P01,ETCH-05,75,0.6933923618280838,3.013686332589222,5.214121703514625,31.723601670712963,0.7089923386440069,etching,ALL,0
P02,ETCH-01,75,0.689757511486405,3.7066749410630284,7.5351507353154545,34.41332807563577,0.626943110615295,etching,ALL,0
P02,ETCH-02,75,0.6918175998237026,3.142678214252877,5.269986919697089,40.070937212513634,0.7659568808797674,etching,ALL,0
P02,ETCH-03,75,0.599619595918039,5.6860710444479965,9.173069642991305,42.37592044821575,0.5659456692597535,etching,ALL,0
P02,ETCH-04,75,0.629053918208679,6.209395303863243,9.35109175994456,37.50381610674211,0.4582614444596862,etching,ALL,0
P02,ETCH-05,75,0.6506338426640101,4.044945746961661,8.313734439517367,29.521533305655627,0.5381095397023099,etching,ALL,0
P03,ETCH-01,75,0.6676755973491326,3.6838890087653566,5.973933312707199,36.2033312507655,0.7048875423447168,etching,ALL,0
P03,ETCH-02,75,0.7283206364254894,3.408175502982192,5.567720290771355,30.030846239795807,0.7609884839194314,etching,ALL,0
P03,ETCH-03,75,0.5699038458546377,4.482307274013182,8.533758696132242,41.736008899852415,0.4104296725168288,etching,ALL,0
P03,ETCH-04,75,0.5773434945166395,6.418412298414697,11.116688570061742,46.08542476821243,0.512985550665823,etching,ALL,0
P03,ETCH-05,75,0.590466396190212,2.7535279128671597,3.854692823098931,47.20667073124679,0.49741868203295825,etching,ALL,0
P01,ETCH-01,75,0.6678248436197947,3.749013118941727,5.569356377558481,41.13210550579381,0.7133965518347364,etching,ALL,1
P01,ETCH-02,75,0.5989585278274121,3.053259378492462,5.027636584981546,49.32066549093199,0.48801486800770855,etching,ALL,1
P01,ETCH-03,75,0.6766100324780031,3.2389383128501006,5.735226510873472,31.152312337226608,0.7107000215091175,etching,ALL,1
P01,ETCH-04,75,0.6391192845003602,5.70854783390374,11.043697913315556,35.12909212795989,0.5389133775688059,etching,ALL,1
P01,ETCH-05,75,0.7424011875541713,2.53197221369913,4.606571469117245,26.213273411353256,0.7728578553827691,etching,ALL,1
P02,ETCH-01,75,0.7000935201188245,3.5831837185294586,7.26074222792101,33.857912170441004,0.6536196769090203,etching,ALL,1
P02,ETCH-02,75,0.7095690339995557,2.961658644594505,4.9769153505018116,38.395312492778814,0.7912640219874397,etching,ALL,1
P02,ETCH-03,75,0.6313549353530861,5.235376173251426,8.548747049720474,42.11424254832547,0.6230188404249303,etching,ALL,1
P02,ETCH-04,75,0.6329101766802383,6.144844053912977,9.732830457250547,38.18641893241278,0.413127952806307,etching,ALL,1
P02,ETCH-05,75,0.6618959807162403,3.9145532162041574,8.13187580400997,27.925323699179334,0.5580957576127854,etching,ALL,1
P03,ETCH-01,75,0.6784493767456374,3.5644592973597105,5.861192668237791,33.771680472528985,0.7159212176782477,etching,ALL,1
P03,ETCH-02,75,0.7530984625322619,3.097341515287377,5.277555630005316,28.7136182788634,0.78525174281901,etching,ALL,1
P03,ETCH-03,75,0.5647176729137422,4.536355701261871,8.605162749703386,42.545409430027796,0.40052223695551026,etching,ALL,1
P03,ETCH-04,75,0.5682807986667681,6.556037338476684,10.864840001233407,50.377919337834896,0.5348022147553311,etching,ALL,1
P03,ETCH-05,75,0.6354893508792847,2.4508129187791647,3.4592931905998814,44.05279542586699,0.5952363212804834,etching,ALL,1
P01,ETCH-01,75,0.648294593319378,3.9694364804909923,5.956244115685338,42.764216168778034,0.6721943978589214,etching,ALL,2
P01,ETCH-02,75,0.5943783127692923,3.08813004786727,4.890858463729116,45.56444992353664,0.5154933039039394,etching,ALL,2
P01,ETCH-03,75,0.6728418166531236,3.2766791824875,5.590948491647884,31.2914012414708,0.7250724676741744,etching,ALL,2
P01,ETCH-04,75,0.6427627776571836,5.650913679251193,10.694208346786693,37.94051130177954,0.5676347647642881,etching,ALL,2
P01,ETCH-05,75,0.7012744202565353,2.9362125556796754,5.260396766124167,31.181804079600695,0.7038040613797634,etching,ALL,2
P02,ETCH-01,75,0.6950739064866925,3.6431564068391276,7.309175156829366,36.24837539341581,0.6489831904253337,etching,ALL,2
P02,ETCH-02,75,0.7315256641451815,2.737756750204713,4.832152695865543,36.78028901958933,0.8032303551081528,etching,ALL,2
P02,ETCH-03,75,0.6077295494648389,5.570896146865254,8.719150418691916,43.72598994764213,0.6078402182634058,etching,ALL,2
P02,ETCH-04,75,0.6092050117708163,6.541653042850282,10.258308559871018,40.716231951322825,0.3480464952944423,etching,ALL,2
P02,ETCH-05,75,0.6530363820915142,4.017129252904842,8.091415994011735,29.021571211792235,0.5624821705644498,etching,ALL,2
P03,ETCH-01,75,0.6694135772235112,3.6646231200565893,6.298943967285125,33.06569951953531,0.6719029749632781,etching,ALL,2
P03,ETCH-02,75,0.7338586288162812,3.3387022468847634,5.631857021416506,29.327307459177444,0.7554502351656627,etching,ALL,2
P03,ETCH-03,75,0.5573158774915081,4.613494548336108,9.014251265563237,43.48899684267073,0.34216917502900135,etching,ALL,2
P03,ETCH-04,75,0.5854133602617937,6.295864260295614,10.758488121600713,47.056299844078794,0.5438649371396018,etching,ALL,2
P03,ETCH-05,75,0.6050716709508885,2.655328323494035,3.7418491259240283,47.888888928273104,0.5264134767052084,etching,ALL,2
P01,ETCH-01,75,0.7182283065264508,3.1801468444848253,4.892791574761723,34.2690824937914,0.778800151475631,etching,ALL,3
P01,ETCH-02,75,0.6099869522714721,2.9692963903720444,4.471181078018278,42.89244704066351,0.5950754474349108,etching,ALL,3
P01,ETCH-03,75,0.6738693448625112,3.26638789079895,5.7539474894560465,30.27424584859663,0.7088082677538055,etching,ALL,3
P01,ETCH-04,75,0.6395312345702171,5.702031451681148,10.944813378776301,36.143470858129376,0.5471334886358956,etching,ALL,3
P01,ETCH-05,75,0.7168466406085838,2.783151177552095,5.105377665303906,27.83456666237919,0.7210040857590917,etching,ALL,3
P02,ETCH-01,75,0.7015325471954517,3.5659906975799407,7.632479072047145,34.36371547090151,0.6172436362902364,etching,ALL,3
P02,ETCH-02,75,0.6846908864695957,3.215352600539583,5.497191144283195,37.899023877916704,0.7453413225894507,etching,ALL,3
P02,ETCH-03,75,0.6038070828744866,5.626601729543198,9.117560577798697,42.28977424756684,0.5711829673783528,etching,ALL,3
P02,ETCH-04,75,0.6264767772743087,6.252534961082415,9.502877492955948,38.25367499391206,0.4405318478317449,etching,ALL,3
P02,ETCH-05,75,0.6445244977870717,4.115679468754091,8.232711083500186,30.66082184521102,0.5470685830573914,etching,ALL,3
P03,ETCH-01,75,0.676475219123511,3.5863432682860403,6.246392324553873,32.29638297668078,0.6773547183607644,etching,ALL,3
P03,ETCH-02,75,0.7479165930586015,3.1623472645920607,5.400816387600943,28.609067170159836,0.7751034290160892,etching,ALL,3
P03,ETCH-03,75,0.5678925647604521,4.503268121469414,9.050886834023656,42.40408252038609,0.336811219291527,etching,ALL,3
P03,ETCH-04,75,0.5834028738707708,6.3263952716737055,10.646434883591011,51.25597877394284,0.5533170532739625,etching,ALL,3
P03,ETCH-05,75,0.6036473215627016,2.6649050365196887,3.9290081148502685,45.01593506140711,0.4778531744657195,etching,ALL,3
P01,ETCH-01,75,0.6854750473248084,3.549808440412574,5.527321880109281,38.82307655884084,0.7177064821367407,etching,ALL,4
P01,ETCH-02,75,0.6114891818315564,2.957859427336455,4.336441776729444,45.91075720170073,0.6191125764384529,etching,ALL,4
P01,ETCH-03,75,0.6636903383035019,3.3683365522968827,5.871304641994058,32.27032216299652,0.6968088770061776,etching,ALL,4
P01,ETCH-04,75,0.6284457583026282,5.877385713677447,11.021719868438124,37.919292338293275,0.5407467668823849,etching,ALL,4
P01,ETCH-05,75,0.7055980380285249,2.8937151545566193,4.908630348454723,30.57018707959261,0.74209322469741,etching,ALL,4
P02,ETCH-01,75,0.6727701728613986,3.909634060873929,7.987645911235461,33.72600034604916,0.5807927501656251,etching,ALL,4
P02,ETCH-02,75,0.7163147506070291,2.8928694580293306,4.99167130736748,39.99429693507308,0.7900244328312077,etching,ALL,4
P02,ETCH-03,75,0.6010263795466761,5.6660923652343165,9.089340138271929,43.36395102401274,0.5738333862167538,etching,ALL,4
P02,ETCH-04,75,0.5984008864626231,6.722507048982593,10.370135982203953,39.58400806493413,0.3337549264941507,etching,ALL,4
P02,ETCH-05,75,0.6281504522686222,4.305257435565319,8.485354917467566,33.02884533421823,0.5188430966154551,etching,ALL,4
P03,ETCH-01,75,0.7075688179269217,3.2416638948751664,5.728147230972785,28.059236352403033,0.7286716669543583,etching,ALL,4
P03,ETCH-02,75,0.7106569948707714,3.6297631482423283,6.335375705156732,33.202246114198545,0.6905369810717641,etching,ALL,4
P03,ETCH-03,75,0.5654256829916368,4.528977075129936,8.650475991071103,43.36788246682922,0.39419212967579553,etching,ALL,4
P03,ETCH-04,75,0.598273652651931,6.100569362980196,10.40227211305461,44.61448929246717,0.5735703551097449,etching,ALL,4
P03,ETCH-05,75,0.5946027027820113,2.7257171653467047,3.871967855747408,48.62563532285901,0.49290389251995637,etching,ALL,4
P01,ETCH-01,75,0.699274336179569,3.3940661642221475,5.113866195645428,38.19164688480012,0.7583592836758157,etching,FILTER,0
P01,ETCH-02,75,0.5834536104931156,3.1713033653330998,5.148618037926707,47.39033897687876,0.46307831878761774,etching,FILTER,0
P01,ETCH-03,75,0.6801453542484868,3.203530012405859,5.855883663368731,28.883186470229266,0.6983994480998592,etching,FILTER,0
P01,ETCH-04,75,0.6496312662894425,5.542265324767667,10.686677888324171,35.43178674596007,0.5682434609847151,etching,FILTER,0
P01,ETCH-05,75,0.7051331976280107,2.8982841312795,4.838498614771509,30.85859064673971,0.749410230209754,etching,FILTER,0
P02,ETCH-01,75,0.6789305157980456,3.8360323150233664,7.937212190561396,35.889155058175064,0.586069758204075,etching,FILTER,0
P02,ETCH-02,75,0.6959762445471892,3.100270594071313,5.588366627704023,41.74015084252023,0.736823817002974,etching,FILTER,0
P02,ETCH-03,75,0.6152864509946456,5.463575512447833,8.854651459918474,44.15627798015546,0.5955566916614747,etching,FILTER,0
P02,ETCH-04,75,0.6181811946411913,6.39139760008413,9.590433186771055,39.84309386392646,0.43017492497807885,etching,FILTER,0
P02,ETCH-05,75,0.6527631399014173,4.020292838763159,8.06239788782583,30.17401845062758,0.5656146688140747,etching,FILTER,0
P03,ETCH-01,75,0.723219339057567,3.0681744300187286,4.919229205272043,31.5289348589184,0.7998936274840815,etching,FILTER,0
P03,ETCH-02,75,0.7112076918206403,3.622854740369843,5.968625775028658,31.320017993571735,0.7253290634325299,etching,FILTER,0
P03,ETCH-03,75,0.5575918359524575,4.610618608607475,8.393453186972446,46.43188481551106,0.42965682876157585,etching,FILTER,0
P03,ETCH-04,75,0.5755050401336415,6.446330851823486,11.215804668512348,46.34653636760572,0.5042624200049831,etching,FILTER,0
P03,ETCH-05,75,0.684642724908558,2.120326760519814,2.9256217544707512,38.47103432857106,0.7104902836823094,etching,FILTER,0
P01,ETCH-01,75,0.6967483580075804,3.4225749949491107,5.1801057574922496,38.171747817632394,0.7520588299651294,etching,FILTER,1
P01,ETCH-02,75,0.590557880199096,3.117216245640427,5.007253430211509,45.932362062245915,0.4921578554086873,etching,FILTER,1
P01,ETCH-03,75,0.7123028263436391,2.8814542559700564,5.623045556770549,24.87102217343668,0.7219067447856335,etching,FILTER,1
P01,ETCH-04,75,0.6332411158912642,5.801530931197585,10.939404009360194,38.32894258953055,0.5475810279032156,etching,FILTER,1
P01,ETCH-05,75,0.7170852823729075,2.780805536628682,4.9092360618077295,29.8514057119123,0.7420295706004499,etching,FILTER,1
P02,ETCH-01,75,0.6939220165775105,3.656918807604042,8.02895453971343,33.460138016605356,0.5764456235137319,etching,FILTER,1
P02,ETCH-02,75,0.726039914132441,2.793697475710175,4.8426867558554925,37.934496452978316,0.8023715070125829,etching,FILTER,1
P02,ETCH-03,75,0.6239863474821721,5.340022438913064,8.587919683946769,42.618898248173096,0.6195560688770346,etching,FILTER,1
P02,ETCH-04,75,0.6267743824497803,6.247553244682946,9.758803070904815,38.53612525713515,0.4099915704582018,etching,FILTER,1
P02,ETCH-05,75,0.65184908449805,4.030875731349352,8.308978106152194,28.673537446416127,0.5386378886873793,etching,FILTER,1
P03,ETCH-01,75,0.6940330180551516,3.3917112100127422,5.872651732450189,30.578546669155465,0.7148093418721324,etching,FILTER,1
P03,ETCH-02,75,0.7398538781523807,3.2634927732879198,5.350234157252423,32.0766019146629,0.7792963133973853,etching,FILTER,1
P03,ETCH-03,75,0.5466934145572757,4.724198032706149,8.79083056366956,44.5664991628117,0.3743740996324425,etching,FILTER,1
P03,ETCH-04,75,0.5942108555516354,6.16226652494551,10.807996469414748,45.43944772858774,0.5396571984537504,etching,FILTER,1
P03,ETCH-05,75,0.6958862381033937,2.0447302108529173,2.8341569272188893,37.446065996911415,0.7283094222450589,etching,FILTER,1
P01,ETCH-01,75,0.6519961354496981,3.9276599365793157,5.797489353111671,43.356162555032846,0.6894358560970966,etching,FILTER,2
P01,ETCH-02,75,0.57269794168415,3.2531897759455175,5.085131668934779,48.365410718315175,0.47623798499234327,etching,FILTER,2
P01,ETCH-03,75,0.6925815527446753,3.078974262936687,5.980001373332911,26.544872780785024,0.6854788760032711,etching,FILTER,2
P01,ETCH-04,75,0.6226554714390082,5.9689786642379525,11.120081559974555,41.08216393897266,0.5325131164353512,etching,FILTER,2
P01,ETCH-05,75,0.6927020609473081,3.0204713896809885,5.383662647416704,33.116488264867016,0.6897600145108176,etching,FILTER,2
P02,ETCH-01,75,0.6745856866658797,3.887942900657719,7.8319316057700625,39.549872354979904,0.5969778197021711,etching,FILTER,2
P02,ETCH-02,75,0.7190279757459477,2.8652014486635635,5.123593140806561,38.380254555505786,0.7787791412063418,etching,FILTER,2
P02,ETCH-03,75,0.6086450738621749,5.557894169962527,8.693457785165464,44.07736648699002,0.6101479597776598,etching,FILTER,2
P02,ETCH-04,75,0.5908045944370248,6.849664019620334,10.799843858267202,42.375852454140464,0.2773964990630261,etching,FILTER,2
P02,ETCH-05,75,0.6339676753142316,4.237905887273148,8.331691685256907,32.70214222226432,0.5361120647591713,etching,FILTER,2
P03,ETCH-01,75,0.6766648837632978,3.5842407940882737,5.899145567113783,34.73212590620054,0.7122303237167658,etching,FILTER,2
P03,ETCH-02,75,0.7086399196060436,3.65506704477119,6.115262612431103,31.83535462181509,0.711667078598043,etching,FILTER,2
P03,ETCH-03,75,0.5574787492582871,4.611797157420314,8.43060318639097,44.972479743762065,0.42459689971276815,etching,FILTER,2
P03,ETCH-04,75,0.5872188434873845,6.268446403030031,10.795603116989936,45.93859641541956,0.540712328249112,etching,FILTER,2
P03,ETCH-05,75,0.7121499303583607,1.93538013512352,2.9747665382515103,37.22895896871794,0.7006821853399972,etching,FILTER,2
P01,ETCH-01,75,0.7147862580885038,3.2189946767264566,4.831901648681652,36.67447874262735,0.7842714794648707,etching,FILTER,3
P01,ETCH-02,75,0.592213426186669,3.104612034695114,4.884593533978924,44.14705658404826,0.5167337635670983,etching,FILTER,3
P01,ETCH-03,75,0.6837079870733686,3.167848175892665,6.3985486809203955,27.532064980093114,0.6399107066924317,etching,FILTER,3
P01,ETCH-04,75,0.6323646622190822,5.815395007322918,11.233667124748031,37.202585708284005,0.522914094350792,etching,FILTER,3
P01,ETCH-05,75,0.7006190503672375,2.9426542715154045,5.399142073545961,28.296049112832716,0.6879734089098835,etching,FILTER,3
P02,ETCH-01,75,0.678595460012807,3.8400354510507766,7.921251296015011,37.251306098615416,0.587732824302318,etching,FILTER,3
P02,ETCH-02,75,0.6941475495923684,3.1189186407856693,5.4680700755275256,36.37629986190682,0.7480322568906524,etching,FILTER,3
P02,ETCH-03,75,0.6220381606620683,5.367689948496525,8.940863967116497,41.78692560429495,0.5876427005368674,etching,FILTER,3
P02,ETCH-04,75,0.6264397970037261,6.25315398667606,9.339555806766379,39.50345689428288,0.4595972490799868,etching,FILTER,3
P02,ETCH-05,75,0.654314780051436,4.002328018491238,8.084746864549267,30.369604020072327,0.5632030976714462,etching,FILTER,3
P03,ETCH-01,75,0.6861602995709793,3.4789820238970153,5.9550558356108905,31.27329611905667,0.706749691215064,etching,FILTER,3
P03,ETCH-02,75,0.7417863685623654,3.2392499806502975,5.43126172914217,31.417045276908627,0.7725607201230257,etching,FILTER,3
P03,ETCH-03,75,0.5192694745584683,5.010000462125712,9.055197962414775,46.738131297806085,0.33617928720430734,etching,FILTER,3
P03,ETCH-04,75,0.5973318409536152,6.114871605365767,10.584250170436965,45.98632185654724,0.5585198710011405,etching,FILTER,3
P03,ETCH-05,75,0.6797492814366353,2.1532281709648413,3.300641474382382,37.974087109690764,0.6315118760863312,etching,FILTER,3
P01,ETCH-01,75,0.6892333699039722,3.507391057944714,5.252591087745253,39.44245475579724,0.7450713897803716,etching,FILTER,4
P01,ETCH-02,75,0.5453171319895617,3.461648800239997,5.059528172719623,53.3049358357768,0.4814989614241426,etching,FILTER,4
P01,ETCH-03,75,0.6806710825298121,3.198264538385186,6.332228218732586,28.10280436386995,0.6473366170644159,etching,FILTER,4
P01,ETCH-04,75,0.625518470162016,5.92369066613568,11.223531467668758,37.36313116318476,0.5237746143600264,etching,FILTER,4
P01,ETCH-05,75,0.7137979307687503,2.8131173428802554,5.083318128876648,30.361126112205223,0.7234098721971278,etching,FILTER,4
P02,ETCH-01,75,0.6616478768396824,4.042519585833139,8.295362377192909,36.014988080979336,0.5478714820537238,etching,FILTER,4
P02,ETCH-02,75,0.7209254782340297,2.8458517397659264,4.956637598880782,40.69723637206217,0.7929614884910299,etching,FILTER,4
P02,ETCH-03,75,0.6072235433655881,5.578082279353082,9.020056917891294,42.57180242015986,0.5803055093210123,etching,FILTER,4
P02,ETCH-04,75,0.6023619089007981,6.656202118607465,10.388784762432893,41.00659155446747,0.33135653370438867,etching,FILTER,4
P02,ETCH-05,75,0.6328219612952577,4.251170912951712,8.54956467332873,33.243889120702114,0.5115335943813049,etching,FILTER,4
P03,ETCH-01,75,0.6886524064095348,3.4513564721229297,5.885891551870773,31.822411424740853,0.713521974830756,etching,FILTER,4
P03,ETCH-02,75,0.724050139365074,3.461748226634696,6.135405649729572,32.24825969876313,0.7097644731112057,etching,FILTER,4
P03,ETCH-03,75,0.567580478552921,4.506520571566103,8.513008143012193,41.64780254361009,0.4132933664509325,etching,FILTER,4
P03,ETCH-04,75,0.5908218615678396,6.213731391527826,10.528169401728977,44.799947739584155,0.5631858516594181,etching,FILTER,4
P03,ETCH-05,75,0.6753345734283881,2.182910769937874,3.191247522231116,39.100146308739674,0.6555328819033435,etching,FILTER,4
P01,ETCH-01,75,0.7379206123388827,2.957894483298251,4.541827820862112,31.286338001750693,0.8093956859952233,etching,GA,0
P01,ETCH-02,75,0.6457710826254794,2.696860148272997,4.284538130294555,42.075941849735585,0.6281758292891086,etching,GA,0
P01,ETCH-03,75,0.6983365663622104,3.0213344596996214,5.6506414376292184,27.218706377850875,0.7191704840051922,etching,GA,0
P01,ETCH-04,75,0.6442169945401477,5.627910325841807,10.446785917776547,32.62756663923753,0.5874098315833846,etching,GA,0
P01,ETCH-05,75,0.7292352258510858,2.66138216276809,4.899725615451583,26.64839929725511,0.7430281119026624,etching,GA,0
P02,ETCH-01,75,0.7337992902875512,3.1804782920347434,6.803421112464382,28.2324034982746,0.6958793692958416,etching,GA,0
P02,ETCH-02,75,0.7162610281333142,2.8934172908960454,4.97642159181462,37.414051301095746,0.7913054372347071,etching,GA,0
P02,ETCH-03,75,0.6421814631187359,5.081621380527926,8.171761877056602,41.53749351219652,0.6555341934398222,etching,GA,0
P02,ETCH-04,75,0.639090275047485,6.04139324080914,9.040128683678548,35.60112476579871,0.49369253193224427,etching,GA,0
P02,ETCH-05,75,0.6716480322334157,3.8016443998226865,7.543631603105982,27.938429786976194,0.6197163627109804,etching,GA,0
P03,ETCH-01,75,0.721884081012482,3.082976058779413,4.751620141135337,32.02841125646436,0.8132974578025691,etching,GA,0
P03,ETCH-02,75,0.7328853427226105,3.350911970060634,5.308530837334437,29.13243870746286,0.7827235297777911,etching,GA,0
P03,ETCH-03,75,0.6295080327732997,3.8611338968225906,7.397749868921407,35.424345722318634,0.5569485248868165,etching,GA,0
P03,ETCH-04,75,0.5905124231495282,6.218430487185705,10.727612001051641,44.017629524256,0.5464793326625914,etching,GA,0
P03,ETCH-05,75,0.6896236842781089,2.0868369307980865,3.322726116818239,35.55636350143987,0.6265642596768721,etching,GA,0
P01,ETCH-01,75,0.7391162514551177,2.9444001967864857,4.428086931021361,34.77031499136488,0.8188227472854184,etching,GA,1
P01,ETCH-02,75,0.6500891169364669,2.663985546339058,3.980917244593529,41.47859887112087,0.6790067553454813,etching,GA,1
P01,ETCH-03,75,0.7427614779858359,2.576393172852332,4.730182838907074,23.81846029782902,0.8032099627895541,etching,GA,1
P01,ETCH-04,75,0.6625163527410538,5.338444147315246,9.911844507260831,32.33787398305139,0.6285824286570496,etching,GA,1
P01,ETCH-05,75,0.7250436740137791,2.7025814706514355,4.840701873192343,26.993029538513348,0.7491819611660957,etching,GA,1
P02,ETCH-01,75,0.7011666739962359,3.570362029906589,6.919969371722832,30.633462222860295,0.685370441987648,etching,GA,1
P02,ETCH-02,75,0.7466493043838653,2.5835340085065464,4.483835990463309,30.550625655381914,0.8305754893122254,etching,GA,1
P02,ETCH-03,75,0.6095977640168473,5.544364377176503,9.169435863898148,43.954103445526385,0.5662894898584863,etching,GA,1
P02,ETCH-04,75,0.6518174421109573,5.828348770804829,9.14783923488248,34.16863319675396,0.48155563857340944,etching,GA,1
P02,ETCH-05,75,0.65605715927233,3.982154829786037,7.490107648339513,30.418879362590655,0.6250936334730608,etching,GA,1
P03,ETCH-01,75,0.7385800850140323,2.897897186626198,4.989121709572277,26.873621335966437,0.7941670019760051,etching,GA,1
P03,ETCH-02,75,0.713091584384693,3.5992216001762776,5.98044854047613,30.854350574074484,0.7242398390762248,etching,GA,1
P03,ETCH-03,75,0.6104755882475674,4.05948318155279,7.43607489039685,39.19176576187096,0.55234606033822,etching,GA,1
P03,ETCH-04,75,0.5931559049099104,6.178286882103683,10.905519558967166,44.60454984839813,0.5313121555636431,etching,GA,1
P03,ETCH-05,75,0.6599407637932251,2.286412128853154,3.497177834084489,38.90333859415321,0.5863221910294664,etching,GA,1
P01,ETCH-01,75,0.7457707982089489,2.869295293239248,4.107130627800556,32.89009786148711,0.8441350641345254,etching,GA,2
P01,ETCH-02,75,0.6388222733320069,2.749763697199528,4.466731055926558,36.09757110529843,0.5958810629870388,etching,GA,2
P01,ETCH-03,75,0.7219731885244907,2.784599963282184,5.270216181044271,23.883570620003592,0.7557108875061102,etching,GA,2
P01,ETCH-04,75,0.6219199183398658,5.980613921735759,10.59999128209962,38.267589238924444,0.5752195689984125,etching,GA,2
P01,ETCH-05,75,0.7279472969574923,2.6740413832855943,4.742784696335175,25.341323436139003,0.7592263731386395,etching,GA,2
P02,ETCH-01,75,0.6907539776951527,3.6947694914153106,6.465316399439096,30.691277402309275,0.7253556038111214,etching,GA,2
P02,ETCH-02,75,0.7051537077396082,3.0066837649064304,5.29457030596558,34.83837913571027,0.7637682636803829,etching,GA,2
P02,ETCH-03,75,0.5912371714895029,5.805115484034544,9.396235564265382,54.531569904947695,0.5445690883615972,etching,GA,2
P02,ETCH-04,75,0.7006139324805876,5.011527370015256,7.667785125098729,30.155406370846467,0.63574545754319,etching,GA,2
P02,ETCH-05,75,0.6597516787055454,3.939379848996813,7.759702144770496,28.272071073117694,0.5976196175481536,etching,GA,2
P03,ETCH-01,75,0.7087364769367279,3.2287201382388835,5.728612557919391,27.770038607731014,0.7286275823636936,etching,GA,2
P03,ETCH-02,75,0.7260486460309434,3.43667727030019,5.43049523392554,27.297482920845972,0.7726249110338741,etching,GA,2
P03,ETCH-03,75,0.6420247896730549,3.7306887627331897,7.385333593119115,32.4073347117349,0.5584344991266663,etching,GA,2
P03,ETCH-04,75,0.6186118631334984,5.791715675437044,10.102822794690022,39.51955131954993,0.5977681661331744,etching,GA,2
P03,ETCH-05,75,0.5978332061106995,2.703996649605378,4.466256474859082,40.48977232345659,0.32529472116401337,etching,GA,2
P01,ETCH-01,75,0.6646756762402368,3.7845554212269477,5.589046719302643,43.30977451983821,0.711366408538032,etching,GA,3
P01,ETCH-02,75,0.6697693935148017,2.514153189329689,3.5560134795829508,39.23567295173155,0.7438723936978331,etching,GA,3
P01,ETCH-03,75,0.6554587918005086,3.45078027047048,6.640441765598769,30.02645801153017,0.6121701819813545,etching,GA,3
P01,ETCH-04,75,0.6202365502422214,6.00724207584526,11.28690970349802,40.77459527975451,0.5183810279878075,etching,GA,3
P01,ETCH-05,75,0.7359032821284144,2.5958409708143098,5.035885373763841,28.557870121779438,0.728547548948346,etching,GA,3
P02,ETCH-01,75,0.6676979034288003,3.9702358633227526,8.39256020684266,28.742102348662467,0.5372141126452346,etching,GA,3
P02,ETCH-02,75,0.6915623799657686,3.145280808972481,5.264752607407418,38.790017910253596,0.7664215675715695,etching,GA,3
P02,ETCH-03,75,0.6427643732334603,5.07334308246174,7.967067666309264,47.08882720365034,0.6725750847644442,etching,GA,3
P02,ETCH-04,75,0.7313619222625247,4.4968260893515,6.693201376066398,24.935453682620125,0.7224553300115628,etching,GA,3
P02,ETCH-05,75,0.6059654469017222,4.562114435652086,8.621921231998575,34.99754947727353,0.503230643329365,etching,GA,3
P03,ETCH-01,75,0.6958929548607942,3.3710934019292864,5.992311275424399,27.875811006290174,0.7030690057534565,etching,GA,3
P03,ETCH-02,75,0.6957398794251408,3.816896049203399,6.4130324789051665,33.41546211209771,0.682903909887644,etching,GA,3
P03,ETCH-03,75,0.5559815255806957,4.627400683553273,8.820660128508486,39.90257935300849,0.37012107462510624,etching,GA,3
P03,ETCH-04,75,0.6967286808396413,4.605442810892512,8.865774897907903,33.372852802333206,0.6902406895571652,etching,GA,3
P03,ETCH-05,75,0.6614251630687487,2.276431666197659,3.5873087134730977,39.00436103716218,0.5647244276517133,etching,GA,3
P01,ETCH-01,75,0.7468976235415841,2.8565776565537107,4.582843362877225,29.35203787387064,0.8059375897867254,etching,GA,4
P01,ETCH-02,75,0.6408364001988323,2.7344294932023865,4.353034796876962,37.28955000347552,0.616192133999499,etching,GA,4
P01,ETCH-03,75,0.6641116546809192,3.364116824124408,6.3806350710244555,29.457822636420296,0.6419241225225227,etching,GA,4
P01,ETCH-04,75,0.6603798658686388,5.372239905813459,9.878079717196664,40.25338341980007,0.6311085934038547,etching,GA,4
P01,ETCH-05,75,0.7536614187670483,2.4212939373509896,4.573381454325442,24.414051421199094,0.7761191497102352,etching,GA,4
P02,ETCH-01,75,0.6838096932566917,3.7777375118014964,7.539019928974603,30.09523934301896,0.6265598933468064,etching,GA,4
P02,ETCH-02,75,0.7338783849211503,2.7137649702632625,4.8089040791042805,31.4446579725683,0.8051192098539534,etching,GA,4
P02,ETCH-03,75,0.6562108388134953,4.882380793085678,7.688592307254631,46.76502579654171,0.6950642256483481,etching,GA,4
P02,ETCH-04,75,0.7239924239537598,4.62018668119087,6.7441233708594615,26.36599701293801,0.7182161356446057,etching,GA,4
P02,ETCH-05,75,0.6455839966705372,4.103412638059144,8.108717625178699,29.305306544089905,0.5606091077464322,etching,GA,4
P03,ETCH-01,75,0.6993240130247249,3.3330593684435845,6.1476548046894735,27.888089730301797,0.6874742907129545,etching,GA,4
P03,ETCH-02,75,0.7155590574724959,3.568267532773173,5.629008567301961,27.24424256806193,0.755697547063855,etching,GA,4
P03,ETCH-03,75,0.6223551861974197,3.9356782886474266,7.861249251771843,33.94780152463602,0.4996913245077076,etching,GA,4
P03,ETCH-04,75,0.6279615435029737,5.649732521998869,9.99099269217941,38.932970477373416,0.6066236460224991,etching,GA,4
P03,ETCH-05,75,0.6151193469262068,2.587772069257243,4.082770984805843,40.4532656580894,0.4361847352513364,etching,GA,4
P01,ETCH-01,75,0.7279854266459537,3.0700255105183616,4.675083525417902,35.368271219434384,0.7980470775118675,etching,TSFGA,0
P01,ETCH-02,75,0.6560531757366606,2.6185792237287737,4.204538524964472,42.11561592688995,0.6419313771808647,etching,TSFGA,0
P01,ETCH-03,75,0.6987989830201584,3.0167030883512638,6.206420108497818,24.43539928229873,0.6612107743075111,etching,TSFGA,0
P01,ETCH-04,75,0.6528475918989655,5.491388268159221,10.723981468119122,30.34579912503334,0.5652239679136306,etching,TSFGA,0
P01,ETCH-05,75,0.7148215791672237,2.803055769704031,5.129922254434705,28.595647940757356,0.7183150385011754,etching,TSFGA,0
P02,ETCH-01,75,0.688259042772058,3.7245781510973734,7.968014038487927,31.279747688876192,0.5828508558776566,etching,TSFGA,0
P02,ETCH-02,75,0.7356815132097857,2.6953776386474546,4.462822813523487,31.88192309550496,0.8321597600307857,etching,TSFGA,0
P02,ETCH-03,75,0.6188527999136091,5.4129273960171265,8.9880492121943,41.1578455931008,0.5832787995174848,etching,TSFGA,0
P02,ETCH-04,75,0.6553831846440896,5.768660568052837,8.89451098872661,34.83045354167032,0.5098722859943108,etching,TSFGA,0
P02,ETCH-05,75,0.6990398019554709,3.4845037148638265,6.854600746002771,26.486680933725747,0.6860134648560325,etching,TSFGA,0
P03,ETCH-01,75,0.7201836618978692,3.1018255782147874,4.889626559313065,28.988684787682445,0.8022947575285619,etching,TSFGA,0
P03,ETCH-02,75,0.7353343229844168,3.3201898922930826,5.080854175990054,29.66683279556711,0.8009613261877908,etching,TSFGA,0
P03,ETCH-03,75,0.5831118075139929,4.344658652768812,7.931762311539692,41.91416867015718,0.49067583287427907,etching,TSFGA,0
P03,ETCH-04,75,0.610256198104175,5.9186038280855175,9.60096914932527,41.627514406740104,0.6367370407796902,etching,TSFGA,0
P03,ETCH-05,75,0.7078104430722667,1.9645569822946303,2.877618647571529,33.64628894719705,0.719912795683731,etching,TSFGA,0
P01,ETCH-01,75,0.7204045950694258,3.155584699660011,4.866239906084631,32.2356752294503,0.7811944038817152,etching,TSFGA,1
P01,ETCH-02,75,0.6450980321510719,2.701984300800293,4.097124748209601,40.59800925643598,0.659992913735882,etching,TSFGA,1
P01,ETCH-03,75,0.7402865067045783,2.6011814474159936,4.8789239183983515,22.8744742572258,0.7906392125118887,etching,TSFGA,1
P01,ETCH-04,75,0.6338222070541057,5.792339011107461,11.204093921911353,31.48807438871351,0.5254226940493525,etching,TSFGA,1
P01,ETCH-05,75,0.7465195549480383,2.491492245223853,4.7472739986802095,24.73376780846717,0.7587703468820188,etching,TSFGA,1
P02,ETCH-01,75,0.7221443330820514,3.319727877156915,7.143110252190023,29.032304008943687,0.6647522417144737,etching,TSFGA,1
P02,ETCH-02,75,0.7426954034628386,2.6238537616096345,4.126434707612451,32.682571065816035,0.8565083075009432,etching,TSFGA,1
P02,ETCH-03,75,0.5920713783367151,5.793268352280207,9.237274783766761,43.145844954445,0.5598482448043001,etching,TSFGA,1
P02,ETCH-04,75,0.6696780003257509,5.529374683337031,8.518701100488007,33.97238175327732,0.5504149423996374,etching,TSFGA,1
P02,ETCH-05,75,0.6866740714334173,3.6276735898873866,7.497192224903309,25.550265151308775,0.6243840818599733,etching,TSFGA,1
P03,ETCH-01,75,0.738230815526564,2.901768915622679,5.209431133800625,24.271051252243073,0.7755873134822706,etching,TSFGA,1
P03,ETCH-02,75,0.7534643288827518,3.0927517786334797,5.085270165169976,28.104887399727787,0.8006151896653579,etching,TSFGA,1
P03,ETCH-03,75,0.6449431230062812,3.700274943401306,7.318545718145262,31.60024197953124,0.566384816316353,etching,TSFGA,1
P03,ETCH-04,75,0.6703627942318662,5.005832083662416,9.355308557700273,36.107078742956084,0.6550888769675347,etching,TSFGA,1
P03,ETCH-05,75,0.7056024772814771,1.9794023951717108,3.1708947012921387,32.17821207125829,0.6599126869084868,etching,TSFGA,1
P01,ETCH-01,75,0.7398613583602163,2.935990731151942,4.341959482333313,35.1373440633883,0.8258020955158433,etching,TSFGA,2
P01,ETCH-02,75,0.6542473937571527,2.632327230224402,4.000156621361093,40.37038750820035,0.6758966011326886,etching,TSFGA,2
P01,ETCH-03,75,0.7222039465823908,2.7822887873342754,5.625048840145856,23.39017357902477,0.7217085607850484,etching,TSFGA,2
P01,ETCH-04,75,0.6610371992406348,5.361841957583766,9.533967242638377,33.60305197759516,0.6563623060819272,etching,TSFGA,2
P01,ETCH-05,75,0.7203347437488619,2.7488661583555953,5.285295781511779,25.850443030389687,0.7009934592289382,etching,TSFGA,2
P02,ETCH-01,75,0.7052969651297913,3.521014673529341,7.230517662587072,31.635849817712042,0.6564974555498273,etching,TSFGA,2
P02,ETCH-02,75,0.7565218551480408,2.482859050468932,4.865855828275728,29.084701849712204,0.8004759384836428,etching,TSFGA,2
P02,ETCH-03,75,0.5811846996299587,5.947877388920333,9.60156849379274,47.18747034575148,0.5244468300542044,etching,TSFGA,2
P02,ETCH-04,75,0.6287835693071164,6.213920768026823,9.379291424033898,37.354182985287835,0.45498912492125765,etching,TSFGA,2
P02,ETCH-05,75,0.6548599773084931,3.9960157490287225,8.080177849750038,28.663679238008825,0.5636966610718721,etching,TSFGA,2
P03,ETCH-01,75,0.7219048763670683,3.082745537705478,5.28930060403435,28.729243777925177,0.7686533037797386,etching,TSFGA,2
P03,ETCH-02,75,0.7263093307380544,3.433407021058259,5.118185115002837,30.081075222192244,0.7980257579010631,etching,TSFGA,2
P03,ETCH-03,75,0.637508908828594,3.7777516470733796,7.101238048585366,35.446306718778544,0.5917529608414109,etching,TSFGA,2
P03,ETCH-04,75,0.5968185369743537,6.122666579607437,10.3401617016232,43.3565395915183,0.5786474477419409,etching,TSFGA,2
P03,ETCH-05,75,0.6707693592959731,2.2136053073943383,3.596314667235529,34.8269164733187,0.5625361619236801,etching,TSFGA,2
P01,ETCH-01,75,0.7404317695182778,2.9295529260551763,4.520813673773586,31.049351336171082,0.8111553832701226,etching,TSFGA,3
P01,ETCH-02,75,0.6845135782783094,2.4019009073810724,3.769837993219319,36.52193590404667,0.7121442111316848,etching,TSFGA,3
P01,ETCH-03,75,0.7066068626066132,2.938502640364365,5.204292865648414,25.6606767400587,0.7617841208589601,etching,TSFGA,3
P01,ETCH-04,75,0.6473459076185393,5.578415993756491,10.535172513029158,32.139347564339246,0.5803987356106486,etching,TSFGA,3
P01,ETCH-05,75,0.7395701533508179,2.559798816899911,4.941254173065303,24.64130136196984,0.7386536233722016,etching,TSFGA,3
P02,ETCH-01,75,0.7186512402460448,3.3614621984101603,7.341394282295648,29.199155490518873,0.645881778667933,etching,TSFGA,3
P02,ETCH-02,75,0.718503371149321,2.8705510839314194,4.883840245058762,32.917607496170305,0.7989983134537479,etching,TSFGA,3
P02,ETCH-03,75,0.6410726608872092,5.09736822577416,8.46574268141968,39.09279309296252,0.6303039248660248,etching,TSFGA,3
P02,ETCH-04,75,0.6494630740617023,5.867759355324316,9.517058806042108,36.41627770204845,0.4388607933426246,etching,TSFGA,3
P02,ETCH-05,75,0.68241733649794,3.676957876621098,7.054092814800374,27.472134279770245,0.6674713755062949,etching,TSFGA,3
P03,ETCH-01,75,0.7292872912376258,3.000909847088548,4.910069697740274,28.257182589208814,0.800638121940642,etching,TSFGA,3
P03,ETCH-02,75,0.7553071571350493,3.0696337838655,4.768348259079841,26.5088310330876,0.824692723842025,etching,TSFGA,3
P03,ETCH-03,75,0.5814511925671972,4.361964983884811,8.266057313538573,38.78083252416129,0.44683878063319515,etching,TSFGA,3
P03,ETCH-04,75,0.6500735015727327,5.313942910870882,9.408562465444021,38.08523694133649,0.6511509751049126,etching,TSFGA,3
P03,ETCH-05,75,0.7052463638323998,1.981796748926957,3.0275036734632352,33.242465454508626,0.6899754056245841,etching,TSFGA,3
P01,ETCH-01,75,0.7265449033081209,3.0862836225052055,4.620962966569521,36.214050455934725,0.8026957821439259,etching,TSFGA,4
P01,ETCH-02,75,0.6638734952003758,2.5590405839565764,3.972561362192398,40.43816659484793,0.6803528606326055,etching,TSFGA,4
P01,ETCH-03,75,0.7044049982583418,2.960555590404721,6.073501000792159,24.614808484323543,0.6755666683911188,etching,TSFGA,4
P01,ETCH-04,75,0.6607708260016658,5.366055550361149,10.503084609416563,31.43724098860285,0.5829508761616908,etching,TSFGA,4
P01,ETCH-05,75,0.7223567900045129,2.7289912028559478,4.957485643772587,27.167089228538,0.7369338157216221,etching,TSFGA,4
P02,ETCH-01,75,0.6841732372102383,3.7733940085339652,8.06788573704278,30.335303319427382,0.572328161785626,etching,TSFGA,4
P02,ETCH-02,75,0.7418607587866791,2.632365018705782,4.971408400510556,29.528899365956914,0.7917256985690474,etching,TSFGA,4
P02,ETCH-03,75,0.5981147811828533,5.7074419292509555,9.400009171656455,41.40355910401408,0.5442032051207714,etching,TSFGA,4
P02,ETCH-04,75,0.6702853339825607,5.5192083143104,8.513112697396966,33.3546823687455,0.5510046187806514,etching,TSFGA,4
P02,ETCH-05,75,0.6807988646060845,3.6956964718114786,7.14196064852017,29.31199555855133,0.6591356339269505,etching,TSFGA,4
P03,ETCH-01,75,0.7286321543799376,3.0081721830771877,4.912472069180394,28.02669784183276,0.800442988886146,etching,TSFGA,4
P03,ETCH-02,75,0.7164287716946516,3.5573571026707667,5.91667191108075,30.252351611476136,0.730089994843389,etching,TSFGA,4
P03,ETCH-03,75,0.5924928164104957,4.246893155428036,7.959271041888825,38.416830852263885,0.4871368571275507,etching,TSFGA,4
P03,ETCH-04,75,0.6336568562408625,5.563244168345401,9.247050617154603,39.45890025734202,0.6630251893643335,etching,TSFGA,4
P03,ETCH-05,75,0.6695576624262565,2.2217522362950692,3.380424345319552,36.56022086893479,0.6134824376150072,etching,TSFGA,4
P01,ETCH-01,75,0.7231871182806304,3.124180436510885,4.854490454006313,31.776681961720676,0.7822497329588584,etching,mRMR,0
P01,ETCH-02,75,0.669186088663685,2.518594079189642,4.4217339321449005,33.31982039457798,0.6039821092851333,etching,mRMR,0
P01,ETCH-03,75,0.7352566886082419,2.651557996397164,4.844054493947181,23.409156436919083,0.7936211006824213,etching,mRMR,0
P01,ETCH-04,75,0.5891180329309962,6.499486568171057,11.769458986146544,40.91368075386873,0.4763194009986793,etching,mRMR,0
P01,ETCH-05,75,0.7507142498663891,2.450262043588344,4.517948874387775,23.572337537774597,0.781513443862051,etching,mRMR,0
P02,ETCH-01,75,0.7038119254825034,3.5387574374990995,6.305345874089231,27.368447157820814,0.7387784485471585,etching,mRMR,0
P02,ETCH-02,75,0.7133166342247783,2.9234426349301015,6.061485878255344,27.204746381007936,0.6903757281771588,etching,mRMR,0
P02,ETCH-03,75,0.5606495888352027,6.239510290266552,10.312823553423657,52.36415918084284,0.4513822094087445,etching,mRMR,0
P02,ETCH-04,75,0.6833609364446664,5.300331263146246,8.007841070120595,30.470934925327388,0.602720643673275,etching,mRMR,0
P02,ETCH-05,75,0.6767916624734669,3.7420916789120877,7.339120575912321,27.608604492956307,0.6400561626443333,etching,mRMR,0
P03,ETCH-01,75,0.7420906000836024,2.858982355886305,5.177512461693245,23.994596039877194,0.7783288838098479,etching,mRMR,0
P03,ETCH-02,75,0.7265877278254116,3.4299145727517386,5.6002617873729355,26.367800244245704,0.7581864316064046,etching,mRMR,0
P03,ETCH-03,75,0.6674670796767759,3.465538376122924,7.061327265569466,28.152241661287757,0.5963289720022533,etching,mRMR,0
P03,ETCH-04,75,0.631199108899642,5.600567232243932,9.429823086192297,37.035676884966335,0.6495725986650087,etching,mRMR,0
P03,ETCH-05,75,0.6346535800303107,2.4564322827092604,4.331718284918634,35.05484923594451,0.3653311269689048,etching,mRMR,0
P01,ETCH-01,75,0.7087691220111736,3.286905601607751,5.003591529078233,33.00148451884401,0.7686683312814289,etching,mRMR,1
P01,ETCH-02,75,0.654472338300252,2.6306146541356052,4.678602029389887,34.67453337168859,0.5566345945396234,etching,mRMR,1
P01,ETCH-03,75,0.7272336650112419,2.7319132365808474,5.021121807179721,23.638159366853387,0.7782575888223718,etching,mRMR,1
P01,ETCH-04,75,0.6004112778190267,6.32084574344853,11.478786611970227,39.54315782969588,0.5018668433550989,etching,mRMR,1
P01,ETCH-05,75,0.7550247145166932,2.407893926208155,4.461102697762775,23.25274717889096,0.7869769800142703,etching,mRMR,1
P02,ETCH-01,75,0.7036805811304532,3.5403266965026843,6.582176024894073,26.9586565880647,0.7153375647870948,etching,mRMR,1
P02,ETCH-02,75,0.7131412050469228,2.9252315672477014,6.102336198473027,26.583229118090053,0.686188348634023,etching,mRMR,1
P02,ETCH-03,75,0.5509067076721511,6.377875489726676,10.267436072979912,54.97771671909466,0.45620059594084106,etching,mRMR,1
P02,ETCH-04,75,0.6865908466995845,5.246264673543959,7.888946227005271,29.69351953554757,0.6144301204503235,etching,mRMR,1
P02,ETCH-05,75,0.6849393213744974,3.6477584484964054,7.3460115509052635,26.22928811822628,0.639379915835277,etching,mRMR,1
P03,ETCH-01,75,0.7442250305330769,2.8353217254599152,5.090841865498133,24.39251725182457,0.7856882333845873,etching,mRMR,1
P03,ETCH-02,75,0.7358313657629744,3.3139545676827558,5.434740072005027,26.227860956309236,0.7722693089698843,etching,mRMR,1
P03,ETCH-03,75,0.6684548971394653,3.4552436981637396,7.174606660515772,28.18656030507416,0.5832735238240068,etching,mRMR,1
P03,ETCH-04,75,0.6370589161496473,5.511580884153157,9.183437015994564,38.19831069054427,0.6676455702196944,etching,mRMR,1
P03,ETCH-05,75,0.6282299848690017,2.499621775373794,4.434512505337975,35.45291966971348,0.33485158840264795,etching,mRMR,1
P01,ETCH-01,75,0.7170946045421696,3.1929420928060925,5.103390933618817,32.870713807712725,0.7593482251977118,etching,mRMR,2
P01,ETCH-02,75,0.6768992355407899,2.4598713792338747,4.1753497200278025,33.55897092753791,0.6468856980985798,etching,mRMR,2
P01,ETCH-03,75,0.7403817258987662,2.6002277718937226,4.579755010851517,23.944049539490603,0.8155274527895092,etching,mRMR,2
P01,ETCH-04,75,0.5906499209405855,6.475254583464371,11.724070862635289,40.64430613708495,0.4803506904906403,etching,mRMR,2
P01,ETCH-05,75,0.754095175651066,2.417030484552407,4.672259275907563,22.840220136929183,0.7663337628876686,etching,mRMR,2
P02,ETCH-01,75,0.6928434544526585,3.6698051121838002,6.4979832522071685,29.199696826187,0.7225732392642972,etching,mRMR,2
P02,ETCH-02,75,0.7217252784777086,2.8376958074345358,5.816875973192982,26.312429697973556,0.7148611388787579,etching,mRMR,2
P02,ETCH-03,75,0.5381925650824997,6.558437568432208,10.78150903712263,53.81838152883945,0.40038316906208804,etching,mRMR,2
P02,ETCH-04,75,0.6844060953963645,5.282835984438556,7.922438860807893,29.56890295073266,0.6111492859344523,etching,mRMR,2
P02,ETCH-05,75,0.6657612579170076,3.8698012096180263,7.764024541081143,27.323987413190864,0.597171215829712,etching,mRMR,2
P03,ETCH-01,75,0.7330042632925415,2.959706395311406,5.403605166125581,25.041839857238607,0.7585462144016311,etching,mRMR,2
P03,ETCH-02,75,0.7221685620970051,3.4853523217990374,5.687373804910719,27.00143423036932,0.7506051075456545,etching,mRMR,2
P03,ETCH-03,75,0.6754785481334701,3.382045736179831,6.888899658087105,28.536570597877176,0.6158024253878778,etching,mRMR,2
P03,ETCH-04,75,0.6125976814882609,5.883046335052815,9.641523377799906,40.32954012092133,0.6336617340524854,etching,mRMR,2
P03,ETCH-05,75,0.6238803133524196,2.5288670969329865,4.506997993656303,35.74687368471315,0.3129291554637801,etching,mRMR,2
P01,ETCH-01,75,0.7161719700612437,3.2033551797168425,4.925902425919128,32.10793760121072,0.7757961823557114,etching,mRMR,3
P01,ETCH-02,75,0.6708147322946576,2.506194684649346,4.417228907769541,34.15217925939262,0.6047886532518562,etching,mRMR,3
P01,ETCH-03,75,0.7242827988620745,2.7614678745922467,4.996458930363714,24.514428444773955,0.7804305593536477,etching,mRMR,3
P01,ETCH-04,75,0.5861211550734601,6.546892317127262,11.924423782641325,41.87618236658773,0.462438336547646,etching,mRMR,3
P01,ETCH-05,75,0.7638425565384882,2.3212222107138585,4.451532278223057,23.01360912611275,0.7878899977027477,etching,mRMR,3
P02,ETCH-01,75,0.69598963951554,3.632215530600688,6.465489514114926,28.049884092284692,0.7253408959115517,etching,mRMR,3
P02,ETCH-02,75,0.7145608589591697,2.910754700887894,6.047278516222641,26.719882459572062,0.6918254680349174,etching,mRMR,3
P02,ETCH-03,75,0.5545802693333197,6.325704773131641,10.073417517720372,53.99875004426518,0.4765582229237665,etching,mRMR,3
P02,ETCH-04,75,0.6892583869459182,5.201611790843424,7.854961809391677,30.525288118691822,0.617744921626801,etching,mRMR,3
P02,ETCH-05,75,0.6761222291913377,3.749842347517401,7.3163394437934866,27.29090846159411,0.6422872750673232,etching,mRMR,3
P03,ETCH-01,75,0.7326088804576497,2.964089300894307,5.192436434646045,25.37745026379129,0.7770491257546177,etching,mRMR,3
P03,ETCH-02,75,0.7239850621002162,3.4625646108346997,5.680310140760354,26.740932321140825,0.7512242150108404,etching,mRMR,3
P03,ETCH-03,75,0.662937346751235,3.512745621865063,7.070284033757981,28.575964213883093,0.5953042692124844,etching,mRMR,3
P03,ETCH-04,75,0.6216610565511689,5.745410980541032,9.44305905483604,39.58039050049243,0.6485881684713963,etching,mRMR,3
P03,ETCH-05,75,0.6309876244496142,2.4810805922127397,4.3494889159077585,35.56245462634014,0.36011305864731225,etching,mRMR,3
P01,ETCH-01,75,0.7136512316927507,3.2318048726917232,4.943216771876691,32.38598131423366,0.7742172777968677,etching,mRMR,4
P01,ETCH-02,75,0.6579980263666911,2.6037724422910866,4.4897669986468625,35.18145049902741,0.5917020490503506,etching,mRMR,4
P01,ETCH-03,75,0.7339734269544609,2.6644106070322167,4.797455085725338,24.192304232638694,0.7975726980748221,etching,mRMR,4
P01,ETCH-04,75,0.587353928064179,6.527391847072717,11.78823470069643,41.381989939853675,0.47464722213536914,etching,mRMR,4
P01,ETCH-05,75,0.7709728843077752,2.2511372921733335,4.164047693223922,22.531888012940627,0.8144019174045389,etching,mRMR,4
P02,ETCH-01,75,0.6899447147530222,3.7044382981693365,6.563509866830068,28.724851912180615,0.7169498035760348,etching,mRMR,4
P02,ETCH-02,75,0.6902103176707941,3.1590684124057034,6.550811060388643,28.853942981746666,0.6383679193921543,etching,mRMR,4
P02,ETCH-03,75,0.549369765081819,6.399702643780093,10.52074264736772,53.72028810072986,0.4290376033062038,etching,mRMR,4
P02,ETCH-04,75,0.6921767833995891,5.152759738958349,7.644446142264235,30.1299746160471,0.6379594977968475,etching,mRMR,4
P02,ETCH-05,75,0.677626224262969,3.7324291598324937,7.396492094423488,27.38769505718378,0.6344066466954484,etching,mRMR,4
P03,ETCH-01,75,0.7405159996783235,2.876437147288724,5.135288047892687,24.419646347282992,0.781929750540089,etching,mRMR,4
P03,ETCH-02,75,0.7301522699890017,3.385197943849731,5.415930586455699,26.55580478801293,0.7738429204223772,etching,mRMR,4
P03,ETCH-03,75,0.642853884340441,3.7220482366028063,7.361492988087172,29.29090615442868,0.5612807340742756,etching,mRMR,4
P03,ETCH-04,75,0.6252439073570932,5.691002226912999,9.490381460616959,39.059664246362615,0.6450572529836418,etching,mRMR,4
P03,ETCH-05,75,0.6217537269097613,2.5431653500543687,4.483353937235434,35.99920095172365,0.3201190988396194,etching,mRMR,4
P01,ETCH-01,75,0.7489122538153146,2.8338400279834746,4.48717440667506,29.875942254640602,0.8139553039068246,etching,MI,0
P01,ETCH-02,75,0.6926174036692168,2.3402038446249165,3.7332970351941506,35.87218938796482,0.7176975258329326,etching,MI,0
P01,ETCH-03,75,0.6962639664928998,3.042092750921076,5.408916800684369,30.309663224034704,0.7426833705399307,etching,MI,0
P01,ETCH-04,75,0.6542248551960814,5.469602195715362,10.386618234787695,28.670775726389103,0.5921487257688816,etching,MI,0
P01,ETCH-05,75,0.734756361164954,2.607114206056422,4.791166342155719,25.02185135851167,0.754289003407987,etching,MI,0
P02,ETCH-01,75,0.7075256315697097,3.494387301874309,7.661405716974836,29.59498193040754,0.6143368904832658,etching,MI,0
P02,ETCH-02,75,0.7089083268405896,2.9683961805254855,5.361630196938552,35.291509212478054,0.7577462459584879,etching,MI,0
P02,ETCH-03,75,0.6321363823180868,5.224278320021945,8.638622318362476,38.63839830854921,0.6150505652389857,etching,MI,0
P02,ETCH-04,75,0.6704567223050903,5.516339385651245,8.784094791141014,33.55738924999736,0.5219656160742873,etching,MI,0
P02,ETCH-05,75,0.6673732926936211,3.851137143060068,7.549908039722772,27.294607903329904,0.6190832938623062,etching,MI,0
P03,ETCH-01,75,0.7116419428782442,3.196512410001307,5.396876149014539,28.775282596225573,0.7591471965127532,etching,MI,0
P03,ETCH-02,75,0.7383370844662123,3.2825207149624793,5.4263503995036295,26.495689262029952,0.7729718673973095,etching,MI,0
P03,ETCH-03,75,0.6508202114926938,3.639026043082697,7.3071269996035895,33.73797853211122,0.5677368518946369,etching,MI,0
P03,ETCH-04,75,0.6043942388560609,6.00762285616808,10.745267508231484,40.81960240489503,0.5449852953181737,etching,MI,0
P03,ETCH-05,75,0.6481746586203903,2.365522362342514,3.596593668913475,38.30388286188491,0.5624682825023322,etching,MI,0
P01,ETCH-01,75,0.6838257003873842,3.5684233885425662,5.496932035955176,36.213812225886386,0.7208021123302621,etching,MI,1
P01,ETCH-02,75,0.6602321457190041,2.586763363833022,4.206440046466391,37.61953423354482,0.6416074276459298,etching,MI,1
P01,ETCH-03,75,0.7082102754007222,2.922443530151553,5.303786917662295,27.774020041883883,0.7525887821403965,etching,MI,1
P01,ETCH-04,75,0.64817540141297,5.565294746762513,10.811850816908143,30.07955982915155,0.558069908324129,etching,MI,1
P01,ETCH-05,75,0.7429995646303333,2.5260906876324083,4.773190948762311,23.832597225003852,0.7561292511361666,etching,MI,1
P02,ETCH-01,75,0.7086019703799293,3.4815275607245737,7.787153963327926,29.476974744867857,0.6015730576427614,etching,MI,1
P02,ETCH-02,75,0.7381930284862332,2.6697665578734067,4.640245911867416,32.702365001634575,0.8185492379825667,etching,MI,1
P02,ETCH-03,75,0.6542817444557674,4.909777157786983,8.150943195231994,36.51651123416697,0.6572871052767677,etching,MI,1
P02,ETCH-04,75,0.7010807485475257,5.003713173731485,8.070793235864114,31.1085846868067,0.5964498149120749,etching,MI,1
P02,ETCH-05,75,0.6674579567861646,3.8501569059825402,7.4686715572856,27.531723514171137,0.6272364670440809,etching,MI,1
P03,ETCH-01,75,0.7403895344718604,2.877839041884379,4.955718152325833,25.340165923909424,0.7969139934736993,etching,MI,1
P03,ETCH-02,75,0.7590525745585003,3.022648102866039,5.0933464172848115,27.972581136246617,0.799981374492839,etching,MI,1
P03,ETCH-03,75,0.6330400919151953,3.8243240480681355,7.407974792227501,35.41689468565865,0.5557229365235512,etching,MI,1
P03,ETCH-04,75,0.611079620060315,5.906099438488982,10.483819377786467,42.83006518010155,0.566858268641137,etching,MI,1
P03,ETCH-05,75,0.6593516865599286,2.290372830953365,3.5461253128759433,38.644891047417694,0.5746612527056392,etching,MI,1
P01,ETCH-01,75,0.6921690984169302,3.4742576808774266,5.47802365559468,34.02292733098431,0.7227195819820218,etching,MI,2
P01,ETCH-02,75,0.6592099758232275,2.594545476250936,4.139813544077282,37.17011356956319,0.6528707933423568,etching,MI,2
P01,ETCH-03,75,0.7065540625540769,2.939031463550782,5.0656839512345915,26.67477010251527,0.7743042231445343,etching,MI,2
P01,ETCH-04,75,0.6584825950803073,5.402251653695483,10.239519550322278,30.258194191440136,0.6036191686970862,etching,MI,2
P01,ETCH-05,75,0.7219469970531189,2.7330191110456155,5.3485749370284825,24.48930375277527,0.6937907788073729,etching,MI,2
P02,ETCH-01,75,0.7075332376782411,3.4942964265979177,7.3582463210505935,31.20175950778179,0.6442541686975738,etching,MI,2
P02,ETCH-02,75,0.7220070214035331,2.8348227447466527,4.994134760575082,32.58663892054828,0.7898171304705266,etching,MI,2
P02,ETCH-03,75,0.6331870342154966,5.209357306728714,8.435370796898747,39.61857293184555,0.6329518260263519,etching,MI,2
P02,ETCH-04,75,0.6342500439484158,6.1224155503346545,9.741133141052778,38.27986816347183,0.41212625214458687,etching,MI,2
P02,ETCH-05,75,0.6705654403865681,3.814178599815018,7.592474776637946,26.410212072481816,0.6147759328048,etching,MI,2
P03,ETCH-01,75,0.7350035310923398,2.9375440725493522,4.993548599898703,26.922238849830528,0.7938015651641976,etching,MI,2
P03,ETCH-02,75,0.7485899726672791,3.1538998217818768,5.04047281179788,27.366372869313288,0.8041125732260733,etching,MI,2
P03,ETCH-03,75,0.6489241823304133,3.658785776397956,7.344752181116525,32.39846508267935,0.563273852442773,etching,MI,2
P03,ETCH-04,75,0.6134404538005006,5.870248093209934,10.215899728213364,40.934624098142855,0.5887137304064143,etching,MI,2
P03,ETCH-05,75,0.6206237286262651,2.550762972779716,3.993175983449178,41.46744196446932,0.46065868304101565,etching,MI,2
P01,ETCH-01,75,0.7430625305387715,2.899861489506736,4.482528931922829,29.486380400925977,0.8143403206154562,etching,MI,3
P01,ETCH-02,75,0.6997212390946433,2.286120031251579,3.645055584937083,34.70009102013139,0.730885000476716,etching,MI,3
P01,ETCH-03,75,0.7218132336301273,2.786202004432846,5.163839215601475,24.681245527583883,0.7654730939377484,etching,MI,3
P01,ETCH-04,75,0.6590970904855573,5.3925313326477715,10.146185178384046,31.383440543780722,0.6108123469723155,etching,MI,3
P01,ETCH-05,75,0.7244805237151026,2.7081167481430017,5.300668846296651,24.767393621353833,0.6992515200351772,etching,MI,3
P02,ETCH-01,75,0.7238712341109874,3.299095433160216,7.207889965989243,29.89902254899246,0.6586440540488749,etching,MI,3
P02,ETCH-02,75,0.7260638184795463,2.7934537120467384,5.013247830544581,32.62803977781621,0.7882052688445074,etching,MI,3
P02,ETCH-03,75,0.6304214383136801,5.248633391715989,8.690384055781252,39.49279312295721,0.6104235895353152,etching,MI,3
P02,ETCH-04,75,0.7045054421761293,4.946386037582936,8.158996447490697,30.977126409489912,0.587581065195208,etching,MI,3
P02,ETCH-05,75,0.6703051764336581,3.8171919242235366,7.464107453117574,27.168366844594242,0.6276919193262316,etching,MI,3
P03,ETCH-01,75,0.7313193202235884,2.9783843593808497,5.078537018069907,26.768126761572,0.7867229882181596,etching,MI,3
P03,ETCH-02,75,0.7478765478747809,3.1628496252156806,5.163555178734569,26.71110438427457,0.7944290925805872,etching,MI,3
P03,ETCH-03,75,0.6231267359178535,3.9276374752366783,7.648161695735889,35.996550744447795,0.5264465301157977,etching,MI,3
P03,ETCH-04,75,0.6022327527905353,6.040446930956556,10.267237196439224,43.0790879530646,0.5845697100190574,etching,MI,3
P03,ETCH-05,75,0.6301574260844982,2.486662489156721,3.7864184988324636,38.95076901313608,0.5150644566471597,etching,MI,3
P01,ETCH-01,75,0.7044941146815218,3.335154419301065,5.253389885945167,34.524750027421724,0.7449938463372361,etching,MI,4
P01,ETCH-02,75,0.6882842274482277,2.3731937268526124,3.6855996174175845,35.10702846196958,0.7248649611595928,etching,MI,4
P01,ETCH-03,75,0.7172574147684436,2.831831175834117,5.30777464048717,26.209114083750006,0.7522166034413452,etching,MI,4
P01,ETCH-04,75,0.6214498495873222,5.9880496472923435,11.174737812400036,33.62436726586333,0.5279063383347575,etching,MI,4
P01,ETCH-05,75,0.730136045460597,2.652527889725518,4.714288272007365,26.937501940099907,0.7621109970825077,etching,MI,4
P02,ETCH-01,75,0.6859029152278541,3.7527283859923153,7.915212890775764,30.710946732450573,0.5883611309489611,etching,MI,4
P02,ETCH-02,75,0.7233772818510691,2.820849566350157,4.791856624988695,34.27284739073324,0.8064984566322031,etching,MI,4
P02,ETCH-03,75,0.631207990869523,5.237463030561654,8.574805835075653,39.64719279804819,0.620717066000111,etching,MI,4
P02,ETCH-04,75,0.6816738827524684,5.32857144086456,8.474540583944165,32.15814694197467,0.5550641130445435,etching,MI,4
P02,ETCH-05,75,0.6663932066135606,3.862484535868309,7.62357310456959,28.21829500580871,0.6116137599828346,etching,MI,4
P03,ETCH-01,75,0.7159711172459016,3.1485225610981664,5.462765469420886,26.46199178057197,0.7532302543545966,etching,MI,4
P03,ETCH-02,75,0.7489339621192836,3.149584527428338,4.994164026762632,26.773058037989568,0.8076954267611143,etching,MI,4
P03,ETCH-03,75,0.6326507620412505,3.828381503846696,7.457355420966292,36.19978123353246,0.5497802054560148,etching,MI,4
P03,ETCH-04,75,0.6178584637676572,5.803156710160509,9.780825906548552,39.88395373401163,0.62299941366344,etching,MI,4
P03,ETCH-05,75,0.6206360124737207,2.5506803814696704,3.814789751630929,42.16137841836561,0.5077700841904412,etching,MI,4
P01,ETCH-01,75,0.7594194789016173,2.715252818989631,4.190002807873949,29.533297531235114,0.8377816343926623,etching,DDA,0
P01,ETCH-02,75,0.6749336178455536,2.4748362671044437,3.9614431892875963,35.907459943758546,0.6821395763696081,etching,DDA,0
P01,ETCH-03,75,0.7222807634534938,2.781519421763677,5.267199861665788,25.191078112100474,0.7559904369954232,etching,DDA,0
P01,ETCH-04,75,0.6618220729750655,5.349426527597798,10.20885826794258,29.910697131026488,0.6059894651183719,etching,DDA,0
P01,ETCH-05,75,0.7432509546018176,2.5236197429236285,4.910376877581899,23.615096359517867,0.7419096615449533,etching,DDA,0
P02,ETCH-01,75,0.7190980979164567,3.356123290328698,7.093374446927372,29.364416016731404,0.6694044922580913,etching,DDA,0
P02,ETCH-02,75,0.7200776606701977,2.854497326879245,5.026805039954936,37.19320146967549,0.7870582168431302,etching,DDA,0
P02,ETCH-03,75,0.6264001034199231,5.305743069578093,8.968700795573561,40.21894880430057,0.5850710053197452,etching,DDA,0
P02,ETCH-04,75,0.6804241804430242,5.349490641881638,8.605273639768459,33.139276509911646,0.5412305624292939,etching,DDA,0
P02,ETCH-05,75,0.6871940411679726,3.621653403552293,7.324431597366085,25.693111159487508,0.6414955493324637,etching,DDA,0
P03,ETCH-01,75,0.724162830340745,3.057715621877526,4.891320730741972,29.992581549420315,0.80215773086786,etching,DDA,0
P03,ETCH-02,75,0.7301344414654439,3.385421599914161,5.549470527542601,27.488770565897845,0.7625527704386672,etching,DDA,0
P03,ETCH-03,75,0.6409369651818018,3.7420256779392376,7.290346804786166,33.93500117885356,0.5697198833546399,etching,DDA,0
P03,ETCH-04,75,0.5926713858698958,6.185644731621909,11.09988269287975,43.16228583188545,0.5144569453664541,etching,DDA,0
P03,ETCH-05,75,0.7008286514321332,2.0114995481404816,3.281535995842249,32.36781728952448,0.6357654530779228,etching,DDA,0
P01,ETCH-01,75,0.6944715977986264,3.4482710884952605,5.197760164336639,34.85586151526974,0.7503659249967496,etching,DDA,1
P01,ETCH-02,75,0.6876204912980706,2.3782469663949786,3.8157049922696684,35.415440961492465,0.7050970111843042,etching,DDA,1
P01,ETCH-03,75,0.7062094446523572,2.9424830119513916,5.374937244300657,27.11618825417577,0.7459062121152363,etching,DDA,1
P01,ETCH-04,75,0.6406947379479093,5.683626714599895,10.769613358887318,32.585900893483185,0.5615160423501989,etching,DDA,1
P01,ETCH-05,75,0.7394869607929966,2.5606165273652275,4.700322288114557,24.556679687822385,0.7635183920436508,etching,DDA,1
P02,ETCH-01,75,0.7196222690594315,3.3498606663734773,6.700804498853525,29.565130337042373,0.7049843397187766,etching,DDA,1
P02,ETCH-02,75,0.7483774420670637,2.5659113907155566,4.45673279829391,31.380176194924175,0.8326175206196048,etching,DDA,1
P02,ETCH-03,75,0.6511318683264986,4.954510664396278,8.433990544072223,37.02816446780145,0.6330719340437811,etching,DDA,1
P02,ETCH-04,75,0.6936068027109705,5.128822149016311,8.440940614255933,31.53624529916058,0.5585852940505157,etching,DDA,1
P02,ETCH-05,75,0.6821180086192945,3.6804234814149526,7.142417716692419,26.81488553880741,0.6590920035442562,etching,DDA,1
P03,ETCH-01,75,0.7391700867108032,2.8913568882052876,4.951306463077086,25.47504647178757,0.7972754157845716,etching,DDA,1
P03,ETCH-02,75,0.7540083161820966,3.085927542286755,5.142978466118144,27.479326745606482,0.7960642238567744,etching,DDA,1
P03,ETCH-03,75,0.6142166644391783,4.020495032357139,7.660115101096636,35.929735396928834,0.5249651283612228,etching,DDA,1
P03,ETCH-04,75,0.6143102651379178,5.857039239890633,10.264938485863443,42.60810609210151,0.5847557088581744,etching,DDA,1
P03,ETCH-05,75,0.70278303615944,1.9983591053317395,3.1201453207701206,33.809003748108864,0.6707115984534199,etching,DDA,1
P01,ETCH-01,75,0.6917859701593005,3.478581763628657,5.2888839159028525,36.07808330018691,0.7415363558299446,etching,DDA,2
P01,ETCH-02,75,0.6813781308198745,2.425772090344705,3.8626941430906507,37.35580662105085,0.6977890223707632,etching,DDA,2
P01,ETCH-03,75,0.7289598293750544,2.7146246981173014,4.923463057613984,25.729322146674516,0.7867993036703513,etching,DDA,2
P01,ETCH-04,75,0.6504669071685643,5.529046840859963,10.244044648091439,32.24670559436923,0.603268750234867,etching,DDA,2
P01,ETCH-05,75,0.728156565966187,2.671984450995524,5.289868488416819,24.321937193169976,0.7004758493187555,etching,DDA,2
P02,ETCH-01,75,0.7129761276683624,3.429266571950971,6.917646152952887,31.397259196706223,0.6855816656376994,etching,DDA,2
P02,ETCH-02,75,0.7289070797172595,2.764459664547337,4.930361644521757,35.52677004663736,0.7951507608940062,etching,DDA,2
P02,ETCH-03,75,0.6200830079355617,5.395456385595648,8.731716268482812,41.27382940198766,0.6067090594672744,etching,DDA,2
P02,ETCH-04,75,0.6424440973413875,5.985252444547905,9.728160691176633,37.88336219674728,0.41369097457783266,etching,DDA,2
P02,ETCH-05,75,0.6706558125839508,3.8131322745549125,7.7995304504590255,26.757171626925853,0.5934784128171935,etching,DDA,2
P03,ETCH-01,75,0.7293527475660495,3.0001842493084547,5.1435734403758255,27.262191653839047,0.7812255037078468,etching,DDA,2
P03,ETCH-02,75,0.761111954038227,2.9968135065176,4.871130241221735,26.463847465810503,0.8170537585631774,etching,DDA,2
P03,ETCH-03,75,0.647472308681697,3.6739166808570305,7.21894849394669,32.578598293270936,0.5781065456926471,etching,DDA,2
P03,ETCH-04,75,0.6158660000946499,5.833414030649044,10.043453070317302,43.032027851265234,0.6024817449922271,etching,DDA,2
P03,ETCH-05,75,0.6825367159441977,2.1344866595224077,3.5140513731203917,35.025881041576255,0.5823206512737094,etching,DDA,2
P01,ETCH-01,75,0.7450952892146241,2.876919259189273,4.373108509038861,29.312285703303825,0.823293754069875,etching,DDA,3
P01,ETCH-02,75,0.6945423205084598,2.3255488256305026,3.778696887976104,35.0701040226816,0.7107897336097166,etching,DDA,3
P01,ETCH-03,75,0.7092951842487922,2.911577538046448,5.917218922257872,23.125365115452908,0.6920483564108111,etching,DDA,3
P01,ETCH-04,75,0.6710912021091551,5.202803932463218,9.94572672867225,30.751014934557038,0.6260388129953003,etching,DDA,3
P01,ETCH-05,75,0.7369822855827677,2.5852353055980433,5.0255157541423126,24.402556135467794,0.7296643180376171,etching,DDA,3
P02,ETCH-01,75,0.7221833179039865,3.31926209936084,7.355805095777213,28.512313584728506,0.644490179185345,etching,DDA,3
P02,ETCH-02,75,0.7373495277055478,2.678368124756035,4.772050477435353,30.37255015208246,0.8080947479884438,etching,DDA,3
P02,ETCH-03,75,0.6393296055440238,5.122122525471923,8.597156255542169,37.952571420948374,0.6187372705082874,etching,DDA,3
P02,ETCH-04,75,0.6729838497117224,5.474036922244091,8.973504152257494,33.900498492793325,0.5011278676463808,etching,DDA,3
P02,ETCH-05,75,0.6710158185323112,3.8089641417832523,7.569683408508683,27.317870173440063,0.617085220895481,etching,DDA,3
P03,ETCH-01,75,0.7196366303723665,3.1078895428474556,5.2852033377312715,27.69571982027686,0.7690115824863846,etching,DDA,3
P03,ETCH-02,75,0.7470151274133011,3.173656011376025,5.192561997285271,27.57229282965691,0.7921129725515836,etching,DDA,3
P03,ETCH-03,75,0.6180215659370238,3.9808417187984864,7.692123439591571,34.484635137021115,0.5209868997007642,etching,DDA,3
P03,ETCH-04,75,0.6063482009630128,5.977950215962166,10.26052097134213,44.89131837913232,0.5851130325738363,etching,DDA,3
P03,ETCH-05,75,0.6921592518083808,2.0697888646452385,3.2992168126799495,33.1757595018532,0.6318299097927806,etching,DDA,3
P01,ETCH-01,75,0.7406886802273924,2.9266533665897336,4.8537835848952655,28.569133957693797,0.7823131421808276,etching,DDA,4
P01,ETCH-02,75,0.6606044747902977,2.583928701316315,4.091500091719419,36.12105222785609,0.6609258169135324,etching,DDA,4
P01,ETCH-03,75,0.683783015985634,3.167096717768067,6.270549983671978,27.35137777777266,0.6541733006824466,etching,DDA,4
P01,ETCH-04,75,0.6401688156359683,5.691945952912412,10.370929967091651,39.98043153182685,0.5933798575184643,etching,DDA,4
P01,ETCH-05,75,0.7673503343637952,2.286743806480629,4.711526496772329,21.51354765162894,0.7623896408458151,etching,DDA,4
P02,ETCH-01,75,0.708669022477947,3.4807264443698824,7.241817347696834,26.199044178979243,0.655422981022826,etching,DDA,4
P02,ETCH-02,75,0.731591537355512,2.737085010667056,5.076525395982368,30.437054981924405,0.7828249505390192,etching,DDA,4
P02,ETCH-03,75,0.7054698979742556,4.182819807794767,7.056577894101868,39.189298049254504,0.7431361474662685,etching,DDA,4
P02,ETCH-04,75,0.7379044746873173,4.387308031887179,6.632327930072011,25.716515903873994,0.7274808090329201,etching,DDA,4
P02,ETCH-05,75,0.6685913373035974,3.837034677033301,7.770895117235715,26.702661500579655,0.5964579541927841,etching,DDA,4
P03,ETCH-01,75,0.7119051045230691,3.1935952053567918,5.942157221500926,24.783169180642926,0.7080186721330272,etching,DDA,4
P03,ETCH-02,75,0.7359409169820581,3.3125802646209013,5.2105472740853696,25.518532787696785,0.7906703779766567,etching,DDA,4
P03,ETCH-03,75,0.6336479306735143,3.8179893713648427,7.808308582560716,29.95613611993137,0.5064071757742777,etching,DDA,4
P03,ETCH-04,75,0.6312971904483171,5.599077777308077,9.517275189714844,39.740354937674546,0.6430427376732648,etching,DDA,4
P03,ETCH-05,75,0.6514000445667629,2.3438362536801547,3.843638175773815,35.84307048773835,0.5002971954790987,etching,DDA,4
P01,ETCH-01,75,0.7430485587536613,2.900019178619445,4.623845996410402,32.483409221830044,0.8024495081961114,etching,PFI-SBS,0
P01,ETCH-02,75,0.68148994544738,2.4249208091586625,3.696631103846378,36.26923984767145,0.7232154652497427,etching,PFI-SBS,0
P01,ETCH-03,75,0.7469338045724805,2.534604899274281,4.686929128483269,23.5245655273859,0.8067924805662954,etching,PFI-SBS,0
P01,ETCH-04,75,0.6546309047690749,5.463179149786848,10.576013873567039,29.353014857167082,0.5771391204704626,etching,PFI-SBS,0
P01,ETCH-05,75,0.7335609555010788,2.6188640037216078,4.773437907073066,26.29226639263434,0.7561040154115409,etching,PFI-SBS,0
P02,ETCH-01,75,0.6981944578652224,3.605873088063179,7.235696284852526,31.623686477896435,0.6560052343737703,etching,PFI-SBS,0
P02,ETCH-02,75,0.7483190144153973,2.5665072044540986,4.9356138986899625,26.31758465015748,0.794714081627884,etching,PFI-SBS,0
P02,ETCH-03,75,0.5907994453415195,5.811331927072391,9.795053532877622,39.69373354476671,0.5050875944727236,etching,PFI-SBS,0
P02,ETCH-04,75,0.6933982171850732,5.1323137345823495,8.039714803773693,30.950683754007425,0.5995517552798426,etching,PFI-SBS,0
P02,ETCH-05,75,0.6867941563940014,3.6262832515836068,7.077316815838885,26.365528978344255,0.6652782210206323,etching,PFI-SBS,0
P03,ETCH-01,75,0.7386706011093448,2.896893795824986,4.739503743444851,27.273824416093834,0.8142484084184581,etching,PFI-SBS,0
P03,ETCH-02,75,0.7151267760348854,3.5736904363999846,5.545855298907201,29.341768125405483,0.7628620418931655,etching,PFI-SBS,0
P03,ETCH-03,75,0.6231232284980324,3.9276740283033034,7.379988860288784,37.034630592554066,0.5590733858122416,etching,PFI-SBS,0
P03,ETCH-04,75,0.6231724691565914,5.722458845346687,9.758444997474562,36.86604098590616,0.6247227777771298,etching,PFI-SBS,0
P03,ETCH-05,75,0.6497740749787864,2.3547685742621947,3.471625804993148,38.38147009252065,0.5923451570241232,etching,PFI-SBS,0
P01,ETCH-01,75,0.7513627347073927,2.8061832787183323,4.2949595976999815,32.49720626569107,0.8295529225370956,etching,PFI-SBS,1
P01,ETCH-02,75,0.6628190219081184,2.567068632655662,4.0549680003865385,38.13433006869722,0.6669538203214669,etching,PFI-SBS,1
P01,ETCH-03,75,0.736818550368624,2.6359150439152415,5.0027056661131155,22.698716852829293,0.7798811904112967,etching,PFI-SBS,1
P01,ETCH-04,75,0.6653185271547496,5.294118291173622,10.492049610164875,28.308059900972943,0.5838267558365893,etching,PFI-SBS,1
P01,ETCH-05,75,0.7348679223727321,2.60601765644294,5.023335659029099,25.40688151361394,0.7298988132396267,etching,PFI-SBS,1
P02,ETCH-01,75,0.7207781208178229,3.336050930740747,7.22905091490947,28.292097504719056,0.6566368039285799,etching,PFI-SBS,1
P02,ETCH-02,75,0.7252766613224289,2.8014807169874842,5.6833544420077144,28.49605207978415,0.7278011499738875,etching,PFI-SBS,1
P02,ETCH-03,75,0.5873394425892213,5.860469750160073,9.748615596253334,42.22962412598191,0.5097691882614258,etching,PFI-SBS,1
P02,ETCH-04,75,0.7084771229020548,4.879902694427207,7.3821979871170464,30.198060878282025,0.6623735321399866,etching,PFI-SBS,1
P02,ETCH-05,75,0.6810306585225991,3.6930127722112456,7.263398965024435,27.361033802598506,0.6474453101660873,etching,PFI-SBS,1
P03,ETCH-01,75,0.7360091536838096,2.926396525206663,5.072160387725593,25.545963989094144,0.7872582348282654,etching,PFI-SBS,1
P03,ETCH-02,75,0.7308548871014999,3.376383721086229,5.453548033600018,28.785993874778093,0.7706903700084184,etching,PFI-SBS,1
P03,ETCH-03,75,0.6587529527738145,3.556353869419839,6.995332146624207,31.294644178391035,0.6038391259415019,etching,PFI-SBS,1
P03,ETCH-04,75,0.6445090239508133,5.398444417743315,9.142555855736102,37.4845356855883,0.6705980143936415,etching,PFI-SBS,1
P03,ETCH-05,75,0.7060533415002026,1.9763709779702283,3.2024703820555405,31.472303985822947,0.6531058035331367,etching,PFI-SBS,1
P01,ETCH-01,75,0.759022241843692,2.719736137241725,4.218532663044001,32.04784452081488,0.8355650140171782,etching,PFI-SBS,2
P01,ETCH-02,75,0.6736357849984351,2.484717091376091,3.852995791326723,36.42202328904131,0.6993046841266001,etching,PFI-SBS,2
P01,ETCH-03,75,0.7444191992231989,2.559790132044163,4.698367094037927,23.35520907155128,0.805848323994335,etching,PFI-SBS,2
P01,ETCH-04,75,0.6369647226282054,5.74262950959337,10.954472727165143,30.439473254282596,0.5463337809446905,etching,PFI-SBS,2
P01,ETCH-05,75,0.7390844781663173,2.5645725814229814,4.980297762972334,24.947052702069435,0.7345072209675952,etching,PFI-SBS,2
P02,ETCH-01,75,0.6983950730327113,3.603476204200844,7.32526487735195,31.733663913262028,0.6474360996891115,etching,PFI-SBS,2
P02,ETCH-02,75,0.7443451508955882,2.607030525393173,4.7004835502348925,27.14364555711679,0.8138076312226097,etching,PFI-SBS,2
P02,ETCH-03,75,0.5860400984560739,5.878922608933726,9.624602203401455,42.753983361432915,0.5221624340420163,etching,PFI-SBS,2
P02,ETCH-04,75,0.6577840024743309,5.728472444516011,8.602807051445618,35.98164989816707,0.5414935251673785,etching,PFI-SBS,2
P02,ETCH-05,75,0.6829735382927615,3.6705181971124383,7.484420400059889,26.120197926962994,0.6256627510885884,etching,PFI-SBS,2
P03,ETCH-01,75,0.7405940201288725,2.8755722734547713,4.917920623384623,26.3606045034853,0.8000000753583862,etching,PFI-SBS,2
P03,ETCH-02,75,0.7405610071133473,3.254621950084762,5.392310314675326,26.70646266901113,0.7758112776289867,etching,PFI-SBS,2
P03,ETCH-03,75,0.651183700705273,3.6352378893736583,7.2370420229280805,33.021232773040495,0.5759890329329697,etching,PFI-SBS,2
P03,ETCH-04,75,0.6288970176819036,5.635526520442056,9.265736134554153,38.6745005787833,0.661661963257542,etching,PFI-SBS,2
P03,ETCH-05,75,0.6515422856259385,2.3428798859409703,3.5693282272973876,37.918555627972516,0.5690769118864129,etching,PFI-SBS,2
P01,ETCH-01,75,0.7424070559580425,2.907259341980306,4.469142497146763,30.242605190453475,0.8154475572656978,etching,PFI-SBS,3
P01,ETCH-02,75,0.6790233146566256,2.4437000729448966,3.7991709861896785,35.92306087032382,0.7076471893384724,etching,PFI-SBS,3
P01,ETCH-03,75,0.7464858184141954,2.5390917407889217,4.582077642610133,23.226850835741157,0.8153402941125277,etching,PFI-SBS,3
P01,ETCH-04,75,0.6626932419632386,5.335646046605581,10.13848596796476,30.445360969417017,0.6114027759246851,etching,PFI-SBS,3
P01,ETCH-05,75,0.7330638616045154,2.6237500042499002,5.02396263219661,24.434531627604798,0.7298313852291032,etching,PFI-SBS,3
P02,ETCH-01,75,0.7044224831082895,3.5314626963357627,7.372049724257081,32.133678608053934,0.6429182229399923,etching,PFI-SBS,3
P02,ETCH-02,75,0.7496817646676439,2.5526106109862257,4.385204329456032,29.181365008889358,0.8379472254027484,etching,PFI-SBS,3
P02,ETCH-03,75,0.637495944601673,5.148163576141081,8.662200758147936,37.510310513147296,0.6129463190898019,etching,PFI-SBS,3
P02,ETCH-04,75,0.6906026042608597,5.179110470321416,8.417059378216132,31.65640873383942,0.5610794750048542,etching,PFI-SBS,3
P02,ETCH-05,75,0.6849495842833209,3.6476396249969762,7.104690176742824,25.840300589390125,0.662683966900246,etching,PFI-SBS,3
P03,ETCH-01,75,0.7361522867395429,2.9248098638402364,4.921718689545076,27.47437621678764,0.7996910397617533,etching,PFI-SBS,3
P03,ETCH-02,75,0.7387574598050268,3.2772471714994964,5.4434248371544545,27.317240492166288,0.7715408959071995,etching,PFI-SBS,3
P03,ETCH-03,75,0.6270767715898167,3.8864716255670064,7.597691880724734,36.37443306817104,0.5326758173712436,etching,PFI-SBS,3
P03,ETCH-04,75,0.6274392347934723,5.657664241021624,9.786413815355688,41.05928089306147,0.6225685202617628,etching,PFI-SBS,3
P03,ETCH-05,75,0.6387691137832152,2.428761202828272,3.7150399999307173,38.2341902363256,0.5331753516081263,etching,PFI-SBS,3
P01,ETCH-01,75,0.7567154835003651,2.745770797345753,4.397468148975208,33.53492380913741,0.8213196483498862,etching,PFI-SBS,4
P01,ETCH-02,75,0.677687603600479,2.4538692763617957,3.8191277475161236,36.669539550877175,0.7045677074407213,etching,PFI-SBS,4
P01,ETCH-03,75,0.7455533968964294,2.5484304837337306,4.8721180060924825,23.877733737190347,0.7912229056989133,etching,PFI-SBS,4
P01,ETCH-04,75,0.648416269556265,5.56148460324803,10.44253442566491,30.897508373196082,0.5877455840196508,etching,PFI-SBS,4
P01,ETCH-05,75,0.7382724702316026,2.572553912969039,4.727518142221538,25.524088721209022,0.7607739313125554,etching,PFI-SBS,4
P02,ETCH-01,75,0.696122394545329,3.630629417284694,7.268662038774287,30.586130568450297,0.6528636212071147,etching,PFI-SBS,4
P02,ETCH-02,75,0.7480227286467956,2.569528567223825,5.203530315103442,26.5762815709338,0.7718224141566971,etching,PFI-SBS,4
P02,ETCH-03,75,0.6249022092827354,5.327015670320481,8.966391997912114,39.08371356298232,0.5852846067783976,etching,PFI-SBS,4
P02,ETCH-04,75,0.6636567765350029,5.630166039722926,8.854267310113007,32.60962018950442,0.5142974690914635,etching,PFI-SBS,4
P02,ETCH-05,75,0.6751365796184076,3.7612541541973026,7.461432354999526,27.157135716739916,0.6279587381464551,etching,PFI-SBS,4
P03,ETCH-01,75,0.7335985164931733,2.9531189680362244,5.021113101175687,26.464091604955907,0.7915188421106369,etching,PFI-SBS,4
P03,ETCH-02,75,0.7181321650163504,3.5359882974933172,5.87439489424094,28.793613823663,0.7339334466799696,etching,PFI-SBS,4
P03,ETCH-03,75,0.637386795436858,3.7790242688784286,7.33131131704061,35.276184015639814,0.5648708037427733,etching,PFI-SBS,4
P03,ETCH-04,75,0.6244976492144333,5.702334815855792,10.05587164485676,39.14189201823566,0.6014980868684583,etching,PFI-SBS,4
P03,ETCH-05,75,0.6095811500796333,2.625008524244404,3.8929029953685275,41.58848729666558,0.48740548545671525,etching,PFI-SBS,4
P01,ETCH-01,75,0.7350177933256559,2.9906564353993432,4.5550427347004625,34.080471113326475,0.8082849067811109,etching,NSGA2,0
P01,ETCH-02,75,0.6604851354622354,2.584837270499087,3.965275904843568,36.815828296770974,0.6815242158192079,etching,NSGA2,0
P01,ETCH-03,75,0.7465068462948532,2.5388811343535327,4.766427619106279,21.78335300465754,0.8001826217666101,etching,NSGA2,0
P01,ETCH-04,75,0.635164748325709,5.771102184813414,10.715591327943669,32.473877908495425,0.5659040147571788,etching,NSGA2,0
P01,ETCH-05,75,0.7292741499162971,2.6609995730712526,4.803192839121646,26.41220759074761,0.7530539173648124,etching,NSGA2,0
P02,ETCH-01,75,0.72434386524763,3.2934485922038013,7.145286908310314,27.98915297030427,0.6645478964812335,etching,NSGA2,0
P02,ETCH-02,75,0.7430184316319063,2.620559694236097,5.022294843626593,28.599851697951973,0.7874401605975815,etching,NSGA2,0
P02,ETCH-03,75,0.5634841739450569,6.199254443197507,10.052376218021976,49.451262533917614,0.47874266378596164,etching,NSGA2,0
P02,ETCH-04,75,0.6716187919006242,5.496887099069798,7.94131124124262,31.888109284235284,0.609294483528127,etching,NSGA2,0
P02,ETCH-05,75,0.682857864144111,3.671857467232891,7.035062856177017,28.32168087406444,0.6692630928938771,etching,NSGA2,0
P03,ETCH-01,75,0.7206546719635873,3.0966043281643065,4.816336298729413,30.746887721820652,0.8081771187948861,etching,NSGA2,0
P03,ETCH-02,75,0.7214781877907639,3.4940129604558052,5.584738687675714,29.432304900039448,0.7595251168059947,etching,NSGA2,0
P03,ETCH-03,75,0.6505379332026808,3.641967845794546,6.978126723468976,34.99785724783601,0.6057854904652518,etching,NSGA2,0
P03,ETCH-04,75,0.642192414441962,5.433624179013598,9.633377051061977,37.48056166787114,0.6342805264031002,etching,NSGA2,0
P03,ETCH-05,75,0.6867748118227919,2.1059915245919503,3.17955542742064,33.8114068550826,0.6580523756874888,etching,NSGA2,0
P01,ETCH-01,75,0.7400224284638395,2.9341728530838376,4.414701121925202,34.94925707140549,0.8199164649746256,etching,NSGA2,1
P01,ETCH-02,75,0.6466685009932907,2.690027809878897,4.153662496505771,38.89673606014401,0.6505444001870304,etching,NSGA2,1
P01,ETCH-03,75,0.7452680283479693,2.55128861545616,4.868410480338675,21.464755263563642,0.7915405301655944,etching,NSGA2,1
P01,ETCH-04,75,0.6354248827196132,5.766987280450099,10.949326823999732,31.47779602795283,0.5467599035277908,etching,NSGA2,1
P01,ETCH-05,75,0.7351438554408489,2.603305474446916,4.972930827896215,25.27559034014529,0.7352920822686123,etching,NSGA2,1
P02,ETCH-01,75,0.7182522806973881,3.36622883552872,7.307341955816915,28.510203828358595,0.6491592441280618,etching,NSGA2,1
P02,ETCH-02,75,0.7518387153263104,2.53061518931279,4.875231043283042,28.842763083232914,0.7997063377807451,etching,NSGA2,1
P02,ETCH-03,75,0.5496878989104154,6.395184611597201,10.38325072207865,50.40701032811064,0.44386350665559704,etching,NSGA2,1
P02,ETCH-04,75,0.6871360688298969,5.237138010932574,7.551049097227791,29.274382202707127,0.6467520124932435,etching,NSGA2,1
P02,ETCH-05,75,0.6661658074285735,3.8651173534634364,7.400650610292438,29.74776328467393,0.6339954374014115,etching,NSGA2,1
P03,ETCH-01,75,0.730082731064143,2.9920922218685315,5.212314479234974,26.7307871518297,0.7753388263260043,etching,NSGA2,1
P03,ETCH-02,75,0.7311494852082787,3.3726880335023863,5.502813271444527,28.853805218629464,0.7665286684077647,etching,NSGA2,1
P03,ETCH-03,75,0.6445215941345139,3.704667965542791,7.125601781123606,32.81264091831551,0.5889468348507174,etching,NSGA2,1
P03,ETCH-04,75,0.6557875373063646,5.227170231992129,9.455013265588732,37.35583564133178,0.647697882801622,etching,NSGA2,1
P03,ETCH-05,75,0.6761177728997083,2.177644873353171,3.384016811318497,34.544536010597135,0.612660476296597,etching,NSGA2,1
P01,ETCH-01,75,0.7402320585637727,2.931806914573147,4.386167949473135,34.97926558322134,0.8222367803338236,etching,NSGA2,2
P01,ETCH-02,75,0.6560622086498114,2.618510453218224,4.008819305888497,38.648595360895634,0.674491333379075,etching,NSGA2,2
P01,ETCH-03,75,0.7490351842988467,2.513558361072347,4.7125628040090515,21.774334212273214,0.8046733265885475,etching,NSGA2,2
P01,ETCH-04,75,0.6322347114697098,5.817450617492658,10.76685786488111,33.454951910815566,0.5617403930873723,etching,NSGA2,2
P01,ETCH-05,75,0.7250970026787829,2.7020572962707354,5.070549354295096,26.506390707656855,0.7247976591694402,etching,NSGA2,2
P02,ETCH-01,75,0.7005555900356275,3.5776630595448093,7.345381328455411,31.479260066011637,0.6454970372873554,etching,NSGA2,2
P02,ETCH-02,75,0.7500820226179422,2.5485289958785358,4.696454214076926,28.791406962047894,0.8141267090706814,etching,NSGA2,2
P02,ETCH-03,75,0.5586689027719632,6.267639343430758,10.002090171340994,50.72320476438463,0.4839446993527491,etching,NSGA2,2
P02,ETCH-04,75,0.6547465401722851,5.779317580992194,8.193785052873896,35.156136367927274,0.5840565956596013,etching,NSGA2,2
P02,ETCH-05,75,0.6606830305942937,3.9285966984763294,7.5003660908885,29.931783222508475,0.624065987593736,etching,NSGA2,2
P03,ETCH-01,75,0.7171628097395821,3.1353123880134355,5.1073422154441595,30.109058845152916,0.7842967346867611,etching,NSGA2,2
P03,ETCH-02,75,0.7389691706813792,3.274591291372991,5.358314745135485,27.58865254008558,0.778629141736844,etching,NSGA2,2
P03,ETCH-03,75,0.6659604609191525,3.4812398143975325,6.881204696240498,32.51313904460504,0.6166602501989145,etching,NSGA2,2
P03,ETCH-04,75,0.6443892981446042,5.40026255984462,9.514704034539776,37.285561543411184,0.6432355803766945,etching,NSGA2,2
P03,ETCH-05,75,0.6592900336805876,2.2907873584123934,3.5126977170123315,36.982442217329705,0.582642379810471,etching,NSGA2,2
P01,ETCH-01,75,0.7563770715008344,2.749590201059363,3.9458615570480142,33.03834393764636,0.856135022923984,etching,NSGA2,3
P01,ETCH-02,75,0.6603418513547117,2.5859281390886006,3.9507179596107003,38.322126498690466,0.6838584000124635,etching,NSGA2,3
P01,ETCH-03,75,0.7400469918300385,2.6035803279675114,5.046692048074984,21.912349068463953,0.7759933759853409,etching,NSGA2,3
P01,ETCH-04,75,0.6355609694174233,5.764834609524108,10.634191084926687,33.25434057277771,0.5724741247419869,etching,NSGA2,3
P01,ETCH-05,75,0.7325691782386894,2.628612311358222,5.025782420784125,25.014182707195538,0.7296356278793829,etching,NSGA2,3
P02,ETCH-01,75,0.7106030536016565,3.457619278308147,7.496834402698661,29.34191674176431,0.6307274619417901,etching,NSGA2,3
P02,ETCH-02,75,0.7573296420000378,2.4746216750053147,5.0036786964176905,27.391471111430732,0.7890130318014579,etching,NSGA2,3
P02,ETCH-03,75,0.564370308720602,6.18666984805415,10.230548489691982,49.9010067806335,0.46010096836297676,etching,NSGA2,3
P02,ETCH-04,75,0.6757186975046718,5.428257355142814,7.889596123834057,31.549070160369407,0.6143665908086484,etching,NSGA2,3
P02,ETCH-05,75,0.6670502261118062,3.85487759349769,7.261461705896916,29.730279199463457,0.647633348496965,etching,NSGA2,3
P03,ETCH-01,75,0.7150678871653399,3.1585350649637434,5.238546871912237,28.89876888486486,0.7730717988004905,etching,NSGA2,3
P03,ETCH-02,75,0.7210570514191207,3.499296050957655,5.426747568457235,29.855310237716242,0.7729386326007841,etching,NSGA2,3
P03,ETCH-03,75,0.6444130229970846,3.7057994548489788,7.090315825233294,33.02182147464654,0.5930078226575228,etching,NSGA2,3
P03,ETCH-04,75,0.6452697506807641,5.386892110524799,9.338359795891776,38.22509348675479,0.6563374773913125,etching,NSGA2,3
P03,ETCH-05,75,0.6615336435431025,2.2757022901187347,3.5718752364369513,35.58028791500717,0.5684616943578458,etching,NSGA2,3
P01,ETCH-01,75,0.7451580647992236,2.8762107580094205,4.365628510432372,33.97306742319397,0.8238977327106903,etching,NSGA2,4
P01,ETCH-02,75,0.650899308882291,2.6578172911120728,4.10836201775771,39.102105929397446,0.6581252669646096,etching,NSGA2,4
P01,ETCH-03,75,0.7379951405695615,2.6241308098230642,4.966810636375898,22.480163003966506,0.7830286173449216,etching,NSGA2,4
P01,ETCH-04,75,0.6181209039300222,6.040708170469046,10.97522204823976,33.816773557663495,0.5446135372956635,etching,NSGA2,4
P01,ETCH-05,75,0.7344837155806473,2.6097940749467243,4.836031978977157,25.83218335002752,0.7496656632231118,etching,NSGA2,4
P02,ETCH-01,75,0.7110814025021821,3.4519041233944594,7.411969780592705,28.496568015172457,0.6390405172131293,etching,NSGA2,4
P02,ETCH-02,75,0.7577193396707635,2.470647747943828,5.0157534952080285,27.316132598126476,0.7879935022562297,etching,NSGA2,4
P02,ETCH-03,75,0.5598577464170263,6.250755776308962,10.18004347815699,49.52985928179221,0.4654184351700599,etching,NSGA2,4
P02,ETCH-04,75,0.6729306292903761,5.474927797362064,8.048493522289162,31.455329272226095,0.5986767636203665,etching,NSGA2,4
P02,ETCH-05,75,0.6746936552703924,3.766382312492288,7.12991140177195,29.83202879203537,0.660284812548809,etching,NSGA2,4
P03,ETCH-01,75,0.7194730466628966,3.109702904203174,5.211113367070962,28.42943266765159,0.7754423550668607,etching,NSGA2,4
P03,ETCH-02,75,0.7315585899839336,3.3675558775071894,5.563436722825715,28.897701159714657,0.7613561131007933,etching,NSGA2,4
P03,ETCH-03,75,0.6230499829293932,3.9284373672495736,7.440163047642536,35.12757189948235,0.5518537084486357,etching,NSGA2,4
P03,ETCH-04,75,0.6462561682653333,5.371912488363462,9.850150323360625,35.12213897393654,0.6176362742054043,etching,NSGA2,4
P03,ETCH-05,75,0.637174821448744,2.4394805391742964,3.773056532411213,37.38714323943576,0.5184810146910928,etching,NSGA2,4
P01,META-01,75,0.43753510291875763,11.094748037598443,23.200528696938115,59.04229760073984,0.21292644809188743,metalization,ALL,0
P01,META-02,75,0.6168836109655633,11.997109614254043,22.8819702397556,36.072376684853054,0.6087536500639639,metalization,ALL,0
P01,META-03,75,0.6663117587057272,6.969904812878204,13.310582652745227,48.451725917488936,0.7442594507422584,metalization,ALL,0
P01,META-04,75,0.5629498984654,10.54112384801486,23.131240643118076,53.366042203330444,0.5981827080249054,metalization,ALL,0
P01,META-05,75,0.5854262027257469,10.5213481139697,17.888589636609517,58.69802421881308,0.7084070270406865,metalization,ALL,0
P02,META-01,75,0.5355426743083058,9.92441889429968,19.215374094159486,79.17306580573387,0.4667483406735147,metalization,ALL,0
P02,META-02,75,0.5832201650396003,13.056018809685437,23.28925417258317,52.446139434815855,0.7056874648413404,metalization,ALL,0
P02,META-03,75,0.627498340406799,10.939750001720395,20.651220178388662,47.50766841781889,0.7325690549502533,metalization,ALL,0
P02,META-04,75,0.5160030942858642,9.850993168833426,17.57967208243466,68.14231591702661,0.5910389130734719,metalization,ALL,0
P02,META-05,75,0.5318289740726022,8.555293980709395,20.22088458789529,53.44792619738896,0.4565052663591106,metalization,ALL,0
P03,META-01,75,0.569330401916732,8.340240196935122,13.380604046645377,52.07801078149556,0.5966594519901872,metalization,ALL,0
P03,META-02,75,0.5570317742793224,8.799672902877209,17.51608135875901,50.10485475018386,0.4221182808167069,metalization,ALL,0
P03,META-03,75,0.5744116266805043,11.8446358407022,20.50790266829722,58.798129618988746,0.6030014160374984,metalization,ALL,0
P03,META-04,75,0.564969840965194,9.859482933526513,15.204614788145173,57.24470827148361,0.5874253369204889,metalization,ALL,0
P03,META-05,75,0.6671698844951992,5.732712021138717,10.733930426716002,36.39978138854887,0.6139656939444887,metalization,ALL,0
P01,META-01,75,0.42532385284932106,11.335617722884663,24.205352481804596,55.088363680939445,0.1432731499145654,metalization,ALL,1
P01,META-02,75,0.613080539848595,12.116200998405118,23.10339885531538,37.24408554191976,0.6011448374717827,metalization,ALL,1
P01,META-03,75,0.6993814699494951,6.279162044525261,12.646832078077113,37.920481381097304,0.7691292229057752,metalization,ALL,1
P01,META-04,75,0.5206776556337144,11.560679604797771,24.529152588599167,56.470419190011256,0.5481483644759254,metalization,ALL,1
P01,META-05,75,0.5567047368294334,11.25026186352516,19.04214474368452,65.70804436764284,0.669587419457029,metalization,ALL,1
P02,META-01,75,0.5244397685546536,10.161663268643597,19.684329246576805,80.06866061677673,0.44040249589505753,metalization,ALL,1
P02,META-02,75,0.5938615428203069,12.72266768083566,22.233861057121484,53.64541404301188,0.7317576327992752,metalization,ALL,1
P02,META-03,75,0.6157370056549478,11.285160709453374,21.23401751266019,48.79503527747965,0.717261748885076,metalization,ALL,1
P02,META-04,75,0.5411171964707538,9.33983525409491,17.738658941123663,65.10492114708744,0.5836083478960279,metalization,ALL,1
P02,META-05,75,0.5478296085479691,8.262900551313646,19.52464764786765,50.32443806596108,0.4932876964467616,metalization,ALL,1
P03,META-01,75,0.5813430590966882,8.107606069218265,13.1756266495435,48.455258553325784,0.6089223425346413,metalization,ALL,1
P03,META-02,75,0.5822260174730737,8.299183056726596,16.54882732811625,43.341589483405464,0.4841784315286439,metalization,ALL,1
P03,META-03,75,0.5563409796738606,12.347563661615403,20.473825472269347,63.508088251781366,0.6043196745459564,metalization,ALL,1
P03,META-04,75,0.5180509727706283,10.922847784485475,16.690805212899452,64.13563620496261,0.5028284280234221,metalization,ALL,1
P03,META-05,75,0.6447928994198918,6.118136312277437,11.525974569164111,37.498183476715106,0.5548937800287506,metalization,ALL,1
P01,META-01,75,0.5104435874850486,9.656611595193407,19.93653752923439,53.828795748767114,0.41880880699513334,metalization,ALL,2
P01,META-02,75,0.6325372023283975,11.50692475969857,22.1886668372978,34.6972800016302,0.6321033064843016,metalization,ALL,2
P01,META-03,75,0.6730998717932137,6.8281182701599965,13.41837421118922,44.119326561480754,0.7401006106542178,metalization,ALL,2
P01,META-04,75,0.530236252374724,11.330137724801805,22.850340893688273,63.17461153645301,0.6078825805190035,metalization,ALL,2
P01,META-05,75,0.5685654214934491,10.949252988770883,18.454040467629657,66.1254110001293,0.6896814137075589,metalization,ALL,2
P02,META-01,75,0.5225890016269732,10.201210036990206,19.703476873678078,82.24353141334146,0.43931328674709935,metalization,ALL,2
P02,META-02,75,0.6110132533553301,12.185374278949219,21.900347277123988,46.59987126599084,0.7397446886570842,metalization,ALL,2
P02,META-03,75,0.623334192667802,11.062044048100228,21.10191941865283,44.367837176068264,0.720768669636002,metalization,ALL,2
P02,META-04,75,0.48797724231514705,10.421415155120535,19.769901784595945,69.97458920978345,0.48278695462680343,metalization,ALL,2
P02,META-05,75,0.5538367217005031,8.153127378372174,19.218312173501502,52.63157604261684,0.509063268899463,metalization,ALL,2
P03,META-01,75,0.5903157137489738,7.933843873471767,13.734717753908093,48.59629600184874,0.5750283848082247,metalization,ALL,2
P03,META-02,75,0.5741764658424635,8.459089382398036,17.058002822590865,47.27337052492791,0.45194844725967154,metalization,ALL,2
P03,META-03,75,0.5629501581183136,12.16362228354116,20.430079837839475,56.06386957121988,0.606008737964856,metalization,ALL,2
P03,META-04,75,0.5691716921994134,9.764252569211266,15.194499603261107,57.05135875654731,0.5879741019996239,metalization,ALL,2
P03,META-05,75,0.6684677193398582,5.7103579339668125,10.634855639178175,37.60533951849204,0.6210590433018237,metalization,ALL,2
P01,META-01,75,0.4590547618262526,10.670267870617938,21.518583461591916,55.05429229479736,0.3229091992200569,metalization,ALL,3
P01,META-02,75,0.629770456526997,11.593564103783628,22.88721908128849,34.944311254206816,0.6085741353103193,metalization,ALL,3
P01,META-03,75,0.6813912188183084,6.654932966083048,12.929928489869171,38.55344296911237,0.758677560743954,metalization,ALL,3
P01,META-04,75,0.5440822768552047,10.996188234025086,23.585128808936563,54.90019746890863,0.5822588347462421,metalization,ALL,3
P01,META-05,75,0.5499783139465653,11.420969798222757,19.370789434748165,67.8172194038567,0.6580839470796039,metalization,ALL,3
P02,META-01,75,0.5254469668284875,10.14014168414871,19.807137099458572,80.81114849241638,0.4333982090109503,metalization,ALL,3
P02,META-02,75,0.5810295659862215,13.12464137739702,23.3351807279528,55.022630884316115,0.7045255479838597,metalization,ALL,3
P02,META-03,75,0.626625514077137,10.965383449506504,21.25956262050231,42.95042000239565,0.7165810558798729,metalization,ALL,3
P02,META-04,75,0.5482419850182351,9.19482142759728,17.715256279214607,65.30371935897344,0.5847063164630069,metalization,ALL,3
P02,META-05,75,0.5966947312912994,7.369945910123465,18.274331282344566,46.677521803978884,0.5561072757195494,metalization,ALL,3
P03,META-01,75,0.5733801503948353,8.261813776322022,13.263929218483618,47.88917976007232,0.603662800392784,metalization,ALL,3
P03,META-02,75,0.6168581781899882,7.611206654507424,16.740210235050014,46.90059285896683,0.47217875788331787,metalization,ALL,3
P03,META-03,75,0.5814248976813672,11.649448081202445,19.802377505796702,61.96555178128155,0.6298471193769367,metalization,ALL,3
P03,META-04,75,0.5965828652237015,9.14300830141031,15.480250812133656,50.202224538551285,0.5723310739350763,metalization,ALL,3
P03,META-05,75,0.6702090758344044,5.680364568449898,10.41134034426352,34.8294981806849,0.6368202406241895,metalization,ALL,3
P01,META-01,75,0.44501220928310337,10.947260413760544,21.782078208535513,59.36744351070969,0.30622574208831255,metalization,ALL,4
P01,META-02,75,0.634491680573692,11.445721192274666,21.402701822371316,36.85315317863926,0.657704911095116,metalization,ALL,4
P01,META-03,75,0.6740445655374603,6.808386003151784,14.155954418763766,38.20669461131425,0.7107430706117794,metalization,ALL,4
P01,META-04,75,0.5223557144576558,11.520206840175796,25.097890831457004,58.75866713335309,0.526951989040984,metalization,ALL,4
P01,META-05,75,0.5782498602385157,10.703474427763915,18.746269732661112,65.6723500064569,0.6797754868273196,metalization,ALL,4
P02,META-01,75,0.536952442965823,9.894295277064408,18.926407242773653,77.23882372658916,0.48266615833501925,metalization,ALL,4
P02,META-02,75,0.5842163346026199,13.024812864816116,23.655267568925375,52.58191514444657,0.6963639536081436,metalization,ALL,4
P02,META-03,75,0.611575500237749,11.407377155266474,22.39829102213059,47.502232864632155,0.6854063217531216,metalization,ALL,4
P02,META-04,75,0.5228853750140343,9.7109152062705,17.35070640799816,68.69706869867719,0.6016225301384913,metalization,ALL,4
P02,META-05,75,0.5644394350385546,7.9593748294600895,19.333410588153676,49.83356261453829,0.50316522268355,metalization,ALL,4
P03,META-01,75,0.6017811177125418,7.711807715273852,12.488903230183952,47.15922662681809,0.6486264663841697,metalization,ALL,4
P03,META-02,75,0.5710922958697172,8.520357178508895,17.453850517710016,44.46769369656579,0.4262171636620119,metalization,ALL,4
P03,META-03,75,0.5862573994561568,11.514953749800771,18.98100242003531,58.27369721458938,0.6599171342365591,metalization,ALL,4
P03,META-04,75,0.5847281952821354,9.411681434856469,16.14323059155114,52.473857652531834,0.5349147021295113,metalization,ALL,4
P03,META-05,75,0.6472847589356172,6.075216178745884,10.867383950814036,38.235407961479304,0.604306996250983,metalization,ALL,4
P01,META-01,75,0.5030183703231513,9.80307569270988,21.117127462425092,52.635209060119514,0.3479374798943641,metalization,FILTER,0
P01,META-02,75,0.5994876327509455,12.541856493952746,23.280235927943103,39.18263275165543,0.5950156689640211,metalization,FILTER,0
P01,META-03,75,0.6127981573361111,8.087668826059614,15.225548450622203,52.816613695706906,0.6653804184756718,metalization,FILTER,0
P01,META-04,75,0.5389835856039792,11.119162546931644,24.40494729508438,55.42574618804269,0.5527127516726192,metalization,FILTER,0
P01,META-05,75,0.5659476550849456,11.015688522917056,18.219932896368547,64.99423958808883,0.6975048630618859,metalization,FILTER,0
P02,META-01,75,0.5336480454716065,9.964902893979566,19.61036266483169,81.42612581643675,0.44460012405421,metalization,FILTER,0
P02,META-02,75,0.5799868175451993,13.157306449259362,23.767775800965126,50.14113725010703,0.6934688019410071,metalization,FILTER,0
P02,META-03,75,0.619132792762324,11.185432128232208,21.6758544383402,47.52199975457573,0.7053729097202539,metalization,FILTER,0
P02,META-04,75,0.44055424453366887,11.386635431687482,19.760662191426114,78.89300399836759,0.4832702874690983,metalization,FILTER,0
P02,META-05,75,0.5392895448761181,8.418960519317716,21.453323864248627,53.760466262949194,0.3882355765828165,metalization,FILTER,0
P03,META-01,75,0.6205407444518347,7.348513455110406,11.38009766214093,44.67413615155465,0.7082489528995537,metalization,FILTER,0
P03,META-02,75,0.5612519608629766,8.715837857000384,17.464151623259408,54.05334293068263,0.425539680863096,metalization,FILTER,0
P03,META-03,75,0.5382050459685073,12.852308489805914,22.668021860953157,69.20179316001696,0.5149642965955069,metalization,FILTER,0
P03,META-04,75,0.5612092746617483,9.944712057345146,15.517101920368843,58.533162898855586,0.5702924981146176,metalization,FILTER,0
P03,META-05,75,0.6385143716466892,6.226278544496722,11.640882716294628,40.01500551175434,0.5459745719820486,metalization,FILTER,0
P01,META-01,75,0.4762373767990721,10.331336881786891,22.426320239620654,50.605922137001926,0.2645797327070456,metalization,FILTER,1
P01,META-02,75,0.6093171337303356,12.23405029176869,22.87119871532017,38.7126574926466,0.609121916226711,metalization,FILTER,1
P01,META-03,75,0.642774061017271,7.461547885964998,14.945676428180022,46.12281085404227,0.6775691325247917,metalization,FILTER,1
P01,META-04,75,0.5314436969643471,11.30101561062281,24.2497156469955,56.95961914473985,0.5583847423140464,metalization,FILTER,1
P01,META-05,75,0.5478841102229492,11.474117986898944,19.08338620193053,65.50429046733728,0.668154655115502,metalization,FILTER,1
P02,META-01,75,0.49351337797465267,10.822491374966523,20.913184047594736,88.76726011415661,0.36835240535209823,metalization,FILTER,1
P02,META-02,75,0.5399091525589577,14.412776853575734,24.580234143149088,58.65331161603843,0.6721541962240873,metalization,FILTER,1
P02,META-03,75,0.5926175902250019,11.964139228007449,22.446773273385446,52.661719598435205,0.6840429394457359,metalization,FILTER,1
P02,META-04,75,0.4781408872485078,10.621618638704197,19.336581714561333,73.86032938624318,0.5052112092888235,metalization,FILTER,1
P02,META-05,75,0.5834257704152903,7.612421105780689,20.050609370927493,50.472492262960266,0.4656200050555376,metalization,FILTER,1
P03,META-01,75,0.5978313421150003,7.788298085975895,13.17050163700744,43.49485492888995,0.6092265236019445,metalization,FILTER,1
P03,META-02,75,0.6000812246137274,7.944484969306788,16.14276595253852,47.9838065425162,0.5091814716250973,metalization,FILTER,1
P03,META-03,75,0.5182058856841327,13.408909152649723,21.959777202234886,69.20994151879381,0.544799928433821,metalization,FILTER,1
P03,META-04,75,0.5482407884424879,10.238628618983444,16.14858576623322,60.815452137521454,0.5346060865643574,metalization,FILTER,1
P03,META-05,75,0.6074151205863352,6.7619363533813015,12.3792326842421,41.46461133985695,0.48655278623654796,metalization,FILTER,1
P01,META-01,75,0.5312273338773977,9.246647469970577,19.80788667388006,51.344326334613854,0.42628548096414476,metalization,FILTER,2
P01,META-02,75,0.6107330415956355,12.189711802604865,22.62244808648575,37.557008225326086,0.6175781777338376,metalization,FILTER,2
P01,META-03,75,0.6484204241251414,7.343609617453767,14.112941278866616,45.830160381416306,0.7124982255104246,metalization,FILTER,2
P01,META-04,75,0.5461628337169758,10.946007699858047,22.951696835663242,61.89729583263783,0.6043962802992333,metalization,FILTER,2
P01,META-05,75,0.5465404688613869,11.508217871161467,19.614266120641453,70.36051965274689,0.6494346584489668,metalization,FILTER,2
P02,META-01,75,0.5257446486824693,10.133780885744363,19.321096673438696,83.02729553816448,0.4608643196426522,metalization,FILTER,2
P02,META-02,75,0.5714899759414753,13.423477973156812,24.458179067799968,48.08538463544616,0.6754020005076043,metalization,FILTER,2
P02,META-03,75,0.6077264310442672,11.520417872352132,21.959945459011685,44.69545046226759,0.6975993368588689,metalization,FILTER,2
P02,META-04,75,0.4483474241543268,11.228017559754358,20.551843040987816,75.01758903710959,0.44106411184219985,metalization,FILTER,2
P02,META-05,75,0.5883317434596173,7.522770018183991,20.504169760322934,48.154528411049654,0.4411703802309146,metalization,FILTER,2
P03,META-01,75,0.5843293806946235,8.04977370876625,13.30089351894556,50.39674445109269,0.6014506743981075,metalization,FILTER,2
P03,META-02,75,0.6043384168375846,7.859914797273188,16.213610449555627,47.47917109273703,0.5048639845232985,metalization,FILTER,2
P03,META-03,75,0.540053359563039,12.800867701431246,20.772321306944978,60.53714718618409,0.5926980157511716,metalization,FILTER,2
P03,META-04,75,0.5884018281752422,9.328422561738362,14.907286243399541,52.69082720595202,0.6034034867729561,metalization,FILTER,2
P03,META-05,75,0.6475707666170654,6.070289942815914,11.461773271647738,38.52187906505197,0.5598385783035201,metalization,FILTER,2
P01,META-01,75,0.4892689960701103,10.074285227391474,20.379884103916865,56.571916942503755,0.3926724597587491,metalization,FILTER,3
P01,META-02,75,0.6269180360046273,11.682886311478956,22.055044931404307,36.29569726424365,0.6365209704975509,metalization,FILTER,3
P01,META-03,75,0.6272396582173094,7.786022336789762,15.419834033940111,43.62303902825241,0.6567861071410617,metalization,FILTER,3
P01,META-04,75,0.5425782060528149,11.032464616408948,23.663311836555845,53.92684796798832,0.5794846796790887,metalization,FILTER,3
P01,META-05,75,0.5413101937162992,11.640955506523664,19.150219332490867,71.04071493534103,0.6658262319548764,metalization,FILTER,3
P02,META-01,75,0.5106424174478408,10.456481940761245,20.034255656055763,83.95113063681896,0.42032983187998485,metalization,FILTER,3
P02,META-02,75,0.5579276524998842,13.848330461457444,24.122827310551394,59.83755112384023,0.6842422534581667,metalization,FILTER,3
P02,META-03,75,0.6226073745542151,11.083389479065678,21.700163084167055,44.0005253953313,0.7047117130365312,metalization,FILTER,3
P02,META-04,75,0.5044344567137231,10.086454528917375,17.50431738543926,73.42801299854703,0.5945373959016684,metalization,FILTER,3
P02,META-05,75,0.5593141467033715,8.053033655006873,20.953537902118036,52.01259027932982,0.41640741751357635,metalization,FILTER,3
P03,META-01,75,0.6129135709881203,7.496219397192644,11.84126171871467,46.89382584661189,0.6841241632272652,metalization,FILTER,3
P03,META-02,75,0.5994309177696392,7.9574034749291,16.949394874588236,45.97517637629947,0.45890509571281635,metalization,FILTER,3
P03,META-03,75,0.5478420231167065,12.584099835431097,20.492016909325294,63.08256496898716,0.6036162211018369,metalization,FILTER,3
P03,META-04,75,0.6242770818732175,8.515349159296806,14.76084810895798,49.40995005149753,0.6111569572022528,metalization,FILTER,3
P03,META-05,75,0.6393802725675579,6.2113641470701255,11.10010086173109,39.66821628391561,0.5871786029184015,metalization,FILTER,3
P01,META-01,75,0.5146098105932527,9.574431896702338,18.217497747327688,56.434691705045466,0.5147148470920664,metalization,FILTER,4
P01,META-02,75,0.6144758685563111,12.072506935886478,21.392968419736686,40.689231141587285,0.6580161744451986,metalization,FILTER,4
P01,META-03,75,0.618883073374505,7.960570294156117,15.419268922430296,47.40458599591395,0.656811263127398,metalization,FILTER,4
P01,META-04,75,0.5543169672258978,10.749339787211444,23.563158936305356,57.63578263397964,0.5830367355736072,metalization,FILTER,4
P01,META-05,75,0.5595852926419127,11.17715707334286,19.07942400178254,69.90315265451913,0.6682924400100376,metalization,FILTER,4
P02,META-01,75,0.5177905422295916,10.303742430113696,19.84250254943249,82.11930392724565,0.4313730787627976,metalization,FILTER,4
P02,META-02,75,0.5541072096975016,13.968009411601406,24.845810356941268,54.07501968077785,0.6650315294111517,metalization,FILTER,4
P02,META-03,75,0.6037108754839153,11.63834801525738,23.18529843437148,46.65557248511604,0.6629102044412016,metalization,FILTER,4
P02,META-04,75,0.5036290646117029,10.102847014079085,17.929026538475295,71.2994959617399,0.5746231343377519,metalization,FILTER,4
P02,META-05,75,0.5363030373715,8.473535553360009,19.97119440355039,53.2061106561887,0.46984468739763907,metalization,FILTER,4
P03,META-01,75,0.6096531055921615,7.559360758173584,12.293123191522522,46.71490147677711,0.6595566050271293,metalization,FILTER,4
P03,META-02,75,0.5907889333728872,8.129078623410605,17.477304813572268,44.83368485145112,0.4246740411827721,metalization,FILTER,4
P03,META-03,75,0.5463475313093078,12.62569333829745,20.59554608413499,64.24998431787643,0.5996009063173013,metalization,FILTER,4
P03,META-04,75,0.5791951083777905,9.537082800187424,15.757549101168566,58.05614512437328,0.556872147195297,metalization,FILTER,4
P03,META-05,75,0.6550005613265273,5.942318129385136,11.108596695656878,38.31074880489655,0.5865464277202574,metalization,FILTER,4
P01,META-01,75,0.5210219676550368,9.44795064009918,21.24148492631903,49.307394718316395,0.3402349545349762,metalization,GA,0
P01,META-02,75,0.604602333035617,12.381692059030224,25.105156879554755,34.10123785098993,0.5290342282093699,metalization,GA,0
P01,META-03,75,0.6805479979166762,6.6725457216234,13.832525239299363,38.16733635624905,0.72380971186286,metalization,GA,0
P01,META-04,75,0.5898222367058852,9.892995305122222,21.35772920364506,46.61450066652456,0.6574366315538607,metalization,GA,0
P01,META-05,75,0.6030900219603658,10.07306317070611,18.20042184327622,51.871526971123124,0.6981523779121699,metalization,GA,0
P02,META-01,75,0.5145875960086844,10.372182259208557,20.41317892660241,78.11373522669699,0.39819497154504613,metalization,GA,0
P02,META-02,75,0.6288745432089757,11.625852640104576,21.544315209224255,44.18496557527184,0.7481378030569059,metalization,GA,0
P02,META-03,75,0.6229207416699309,11.074186411598987,20.58894731166814,43.35242958902582,0.7341794762434091,metalization,GA,0
P02,META-04,75,0.6001266077918446,8.13879181568028,13.950319292403758,57.001738589979624,0.7424694577335341,metalization,GA,0
P02,META-05,75,0.6133028443350734,7.0664514995650975,18.569130264712484,42.77494237299107,0.5416701264754422,metalization,GA,0
P03,META-01,75,0.585983552229252,8.01773943472616,13.452279595900526,44.11251902469536,0.592326749964089,metalization,GA,0
P03,META-02,75,0.5993601567626541,7.958809159760635,16.335013494671912,42.2099120603067,0.49742134026015805,metalization,GA,0
P03,META-03,75,0.5013644638927237,13.877626158715941,23.47780329708138,63.13689753635203,0.4796909476000716,metalization,GA,0
P03,META-04,75,0.6036546160383334,8.982734800782884,14.507569444015363,46.57391663891444,0.6243866439417829,metalization,GA,0
P03,META-05,75,0.662316018555068,5.816315680566538,10.65077175542709,37.039865236992945,0.6199239490948723,metalization,GA,0
P01,META-01,75,0.49912874821168274,9.879799373622511,22.505993601249447,46.17800983392652,0.2593450365237524,metalization,GA,1
P01,META-02,75,0.6053454238144307,12.358422520629013,23.856978613068076,33.69210552727451,0.5747010127817609,metalization,GA,1
P01,META-03,75,0.6707306831775015,6.877604638247828,13.091887261444635,38.82723554087294,0.7525941445143715,metalization,GA,1
P01,META-04,75,0.5417675105367677,11.05201761916007,23.643512392163206,56.204374966732615,0.580188088105364,metalization,GA,1
P01,META-05,75,0.5870328483505607,10.48057352081983,18.005731255008893,58.733070227368685,0.7045755889571168,metalization,GA,1
P02,META-01,75,0.5078970788294175,10.51514371429524,21.02761113440009,81.43214915569352,0.36142133943275023,metalization,GA,1
P02,META-02,75,0.6221817293688344,11.835511304120581,22.69827201759728,40.100861259281466,0.7204347478203015,metalization,GA,1
P02,META-03,75,0.6502162543956838,10.272562908190672,19.701566271333583,40.317428397925276,0.7565993505620956,metalization,GA,1
P02,META-04,75,0.5706419404003009,8.738905687546588,15.580670077726898,57.117952092966654,0.6787577125994633,metalization,GA,1
P02,META-05,75,0.6651767087487535,6.118515520196493,17.240886760792204,36.66919508145464,0.6048934420401035,metalization,GA,1
P03,META-01,75,0.6119345578236639,7.515178722354829,11.751100434343911,43.00244386778011,0.6889161097316545,metalization,GA,1
P03,META-02,75,0.5755069346354019,8.432659292144281,16.849953769448483,40.561642865624634,0.4652356147889446,metalization,GA,1
P03,META-03,75,0.598309822943878,11.179520321259211,19.46773277867075,47.47447518587576,0.6422519994453504,metalization,GA,1
P03,META-04,75,0.5815149517169478,9.484506087203608,15.828082076926382,51.633716782061775,0.5528962652813612,metalization,GA,1
P03,META-05,75,0.679288202979865,5.52398442463602,10.144357334217819,34.86302576443749,0.6552078045665631,metalization,GA,1
P01,META-01,75,0.5940011466345962,8.008419734311719,16.7277696399811,43.70385551546192,0.5908376787812357,metalization,GA,2
P01,META-02,75,0.6390390922473508,11.303321133515707,21.236054910787633,33.17000646314238,0.66301455344334,metalization,GA,2
P01,META-03,75,0.6734676431100565,6.8204364559571395,13.375081305713897,36.807564775020005,0.7417749786772646,metalization,GA,2
P01,META-04,75,0.604154516947653,9.54731790904691,20.54036771519468,47.13153864204804,0.6831547526665316,metalization,GA,2
P01,META-05,75,0.5933705601166798,10.319730572771117,17.8751310128168,54.21788110106435,0.7088456266073777,metalization,GA,2
P02,META-01,75,0.5187039907473938,10.284224069162997,20.309748915707843,80.08969996650983,0.4042780034296486,metalization,GA,2
P02,META-02,75,0.6557565205676577,10.783749513714508,19.80263674248382,38.81928924522966,0.7872137112131338,metalization,GA,2
P02,META-03,75,0.6358494886734176,10.694490760824987,21.129935416602827,37.46385672370444,0.7200267335783175,metalization,GA,2
P02,META-04,75,0.5796738692811317,8.555075029424563,15.50189561784663,54.83952930501207,0.6819978448812898,metalization,GA,2
P02,META-05,75,0.6535412231406659,6.331140809829304,19.57696238150298,37.148779450493784,0.49056866833433443,metalization,GA,2
P03,META-01,75,0.6596881597175737,6.590394359036434,11.418865609037825,39.11189380294742,0.7062577828735238,metalization,GA,2
P03,META-02,75,0.6361715064203286,7.227542632519388,15.711553092344738,40.602404845090696,0.5350531782975874,metalization,GA,2
P03,META-03,75,0.6209445666524405,10.549568204653148,17.781441436968326,47.893333653657805,0.7015439478313421,metalization,GA,2
P03,META-04,75,0.6498718239855561,7.935272312200732,15.375981128375614,40.246769151642745,0.5780729347003579,metalization,GA,2
P03,META-05,75,0.665664176858046,5.7586465380881116,10.412294060160157,32.89645672951072,0.6367537004549553,metalization,GA,2
P01,META-01,75,0.4216147026592153,11.408781554096853,23.610543309073346,53.40651386648635,0.184861291045348,metalization,GA,3
P01,META-02,75,0.6355018961887251,11.414086765206356,21.148148709424927,35.28653661502132,0.6657986673971723,metalization,GA,3
P01,META-03,75,0.6570597415339001,7.163156090671602,15.66329743906148,37.54616897653418,0.6458625542031298,metalization,GA,3
P01,META-04,75,0.548703791674908,10.88472284388132,24.07359430730142,49.18529805539544,0.5647761927187722,metalization,GA,3
P01,META-05,75,0.5881533281690206,10.452137188610212,17.8346135339622,55.62878951657883,0.7101640472931423,metalization,GA,3
P02,META-01,75,0.5140656102907104,10.383335931753827,20.48498422900365,82.82457454256897,0.39395371203640017,metalization,GA,3
P02,META-02,75,0.6439584480220608,11.153335189777705,19.988206129156392,41.65106239645259,0.7832070089681041,metalization,GA,3
P02,META-03,75,0.6364337519812999,10.677331925800221,20.595549403522295,39.45909244392233,0.734008971859258,metalization,GA,3
P02,META-04,75,0.6260545641847897,7.611069182966655,13.694493383812178,50.13334446359774,0.7518282244845007,metalization,GA,3
P02,META-05,75,0.6158528099664418,7.0198537726471475,17.116007778870856,40.995993712296595,0.6105963753193338,metalization,GA,3
P03,META-01,75,0.6338744618430503,7.090296004294924,11.935321838446065,39.15437176294933,0.6790859629941635,metalization,GA,3
P03,META-02,75,0.6116416765551899,7.714833744258315,16.057164342559805,38.525320098627056,0.5143730798654815,metalization,GA,3
P03,META-03,75,0.5995146415798274,11.145988770842074,19.561590702895455,45.78627142468397,0.638794131282336,metalization,GA,3
P03,META-04,75,0.6182052836745212,8.652959827138051,15.841857863669526,42.847753962059,0.5521176635571541,metalization,GA,3
P03,META-05,75,0.6768120210121229,5.566634525909076,9.880696322483514,35.367022176971254,0.6728978094114064,metalization,GA,3
P01,META-01,75,0.4595536225061486,10.660427730232232,22.11944550793999,57.96570305877143,0.2845685507260022,metalization,GA,4
P01,META-02,75,0.5994341273425416,12.543531990663277,23.509963815112005,37.47556029773721,0.5869835139102467,metalization,GA,4
P01,META-03,75,0.6859549800654443,6.559607516921694,13.759222557140632,32.166369395413085,0.7267291853662787,metalization,GA,4
P01,META-04,75,0.5103538893575587,11.809676455531374,23.110975452219137,53.19431245776367,0.5988864607782024,metalization,GA,4
P01,META-05,75,0.49402257974310837,12.841054141223019,21.973897262741396,66.56746665802508,0.5600138253719477,metalization,GA,4
P02,META-01,75,0.5294474493195852,10.054660280745633,19.91055285981322,75.53137747291606,0.42746615306314173,metalization,GA,4
P02,META-02,75,0.6230980855519292,11.806805588154274,21.762486721563242,51.426126396139516,0.7430109395646762,metalization,GA,4
P02,META-03,75,0.5596517190168235,12.93229166523478,24.005118036723434,51.61697036732241,0.6386501185899681,metalization,GA,4
P02,META-04,75,0.6571662314737654,6.977840295929644,12.765551893942401,42.0258757277973,0.7843548785069022,metalization,GA,4
P02,META-05,75,0.6147823286025458,7.039415604246742,16.56013031246216,40.59702380646017,0.6354790115498664,metalization,GA,4
P03,META-01,75,0.5553991950136354,8.610028480858897,15.283698394310687,42.96658510257757,0.4737678679995141,metalization,GA,4
P03,META-02,75,0.5456616673873702,9.02554287663695,17.12015432330768,49.95539843117189,0.447947477116173,metalization,GA,4
P03,META-03,75,0.557495567873502,12.315430084600466,20.15496533076148,52.02378945845704,0.616548383083946,metalization,GA,4
P03,META-04,75,0.5992491253560691,9.082580430547877,16.75360510596258,42.08858000451281,0.49908012962340387,metalization,GA,4
P03,META-05,75,0.6840253407204873,5.442391307888559,9.616828007234071,35.17081480963509,0.6901353405731555,metalization,GA,4
P01,META-01,75,0.5683175606384927,8.515034310274494,17.792365281716087,44.616728398047776,0.5371002696337368,metalization,TSFGA,0
P01,META-02,75,0.6384384543007671,11.322129828444702,20.6377307980563,35.98542171148898,0.6817361204958172,metalization,TSFGA,0
P01,META-03,75,0.637117810851937,7.579692670142266,15.516311409457304,39.39224716179593,0.6524778943861743,metalization,TSFGA,0
P01,META-04,75,0.5914197985650728,9.854464030667804,21.961280139852875,48.20484718904971,0.6378019793399705,metalization,TSFGA,0
P01,META-05,75,0.6259768434107962,9.492225169642209,16.126979439480202,52.725202607559766,0.763009511941754,metalization,TSFGA,0
P02,META-01,75,0.561709093292956,9.365300782467369,18.2895871923687,71.91293872287626,0.5168941079920593,metalization,TSFGA,0
P02,META-02,75,0.6246764920923265,11.757360524472837,20.874197922588273,44.1524851126936,0.7635620461412258,metalization,TSFGA,0
P02,META-03,75,0.6534874350814717,10.176493808922611,20.373774503748443,37.36909840054583,0.739706564740076,metalization,TSFGA,0
P02,META-04,75,0.5466009196869965,9.228222722474955,15.4548149342105,57.80418586866391,0.6839265152741912,metalization,TSFGA,0
P02,META-05,75,0.624996939274744,6.852755190937228,19.65485255612783,38.523730237490284,0.4865068909538379,metalization,TSFGA,0
P03,META-01,75,0.6508936199226598,6.760707226806832,11.73083697889587,40.044164215391916,0.6899880433144981,metalization,TSFGA,0
P03,META-02,75,0.6076796432837623,7.7935405110070075,16.331646381038723,46.10737892367163,0.49762851058763,metalization,TSFGA,0
P03,META-03,75,0.6337564161273623,10.192999038318291,18.272934002487865,46.37707543999048,0.6848168193687824,metalization,TSFGA,0
P03,META-04,75,0.6581911907126928,7.746722960942096,13.213525516569108,40.56288825357874,0.6884059717707611,metalization,TSFGA,0
P03,META-05,75,0.6534254551785756,5.969447975899284,10.773037869841502,33.048775289978686,0.6111476551569264,metalization,TSFGA,0
P01,META-01,75,0.5083420269139083,9.698065355496574,21.5946878379666,46.78264795581104,0.31811142105041545,metalization,TSFGA,1
P01,META-02,75,0.6238441702889339,11.779142971298736,21.32574071276266,35.52449413711873,0.6601621752735438,metalization,TSFGA,1
P01,META-03,75,0.6280058154622392,7.770019246455666,16.572664959689945,39.77291732177902,0.6035484121486432,metalization,TSFGA,1
P01,META-04,75,0.5184043241390021,11.615509631719657,25.705303024523797,56.84800568131278,0.503777760236273,metalization,TSFGA,1
P01,META-05,75,0.6363361521808161,9.229319278082992,16.324454201494298,49.335201863598485,0.7571700835409133,metalization,TSFGA,1
P02,META-01,75,0.5563555721420075,9.479693609369997,18.737382973646472,79.2988598305992,0.49294812324433246,metalization,TSFGA,1
P02,META-02,75,0.6480306175383107,11.025770664479984,20.308438394563996,40.51922143730134,0.7762048563848484,metalization,TSFGA,1
P02,META-03,75,0.5757156224430502,12.460521720030737,24.842123459863135,46.114441820640664,0.6130118590255826,metalization,TSFGA,1
P02,META-04,75,0.5475193543872225,9.209529433631307,15.274985764545123,59.61876720347031,0.6912392585868414,metalization,TSFGA,1
P02,META-05,75,0.6528766927563652,6.343284348156016,18.011563652823575,39.21123509408797,0.5687810142003551,metalization,TSFGA,1
P03,META-01,75,0.5791478648166855,8.15011765502707,13.25820455419411,43.6406656596496,0.6040048419932532,metalization,TSFGA,1
P03,META-02,75,0.5914286060994034,8.116371367152945,17.206273263394472,40.260060567232394,0.44237956550068436,metalization,TSFGA,1
P03,META-03,75,0.5188872737925471,13.389945302797807,21.953939067188994,58.16280839036746,0.5450419314566834,metalization,TSFGA,1
P03,META-04,75,0.6150048431346997,8.725494312912893,15.249890642600622,44.4210855249563,0.5849645731925489,metalization,TSFGA,1
P03,META-05,75,0.625054632370245,6.458110958563087,11.276688524751227,37.93379553990942,0.5739392584349676,metalization,TSFGA,1
P01,META-01,75,0.5661340210931647,8.558105124491098,18.36183208824454,43.513037184658224,0.5069947106938264,metalization,TSFGA,2
P01,META-02,75,0.64597021565302,11.086276262484983,21.573722665080826,32.30876709941345,0.6522127560527016,metalization,TSFGA,2
P01,META-03,75,0.6914105126426873,6.445655216356786,13.69937935170516,35.59682239299718,0.7291010982236077,metalization,TSFGA,2
P01,META-04,75,0.5973878651690094,9.71052142778451,20.67254065067428,51.89369433737219,0.6790639684854005,metalization,TSFGA,2
P01,META-05,75,0.6150843454132424,9.76866271590413,16.41503879689074,53.64135842849764,0.7544676741005588,metalization,TSFGA,2
P02,META-01,75,0.5311977645886936,10.017259940678114,19.09926340821614,72.05540561059827,0.47317331563307397,metalization,TSFGA,2
P02,META-02,75,0.6560876714817627,10.773375901076049,19.67490714869389,39.06270691865748,0.789949857130501,metalization,TSFGA,2
P02,META-03,75,0.6311234735673725,10.833285910948478,20.729095629274443,38.46752695089535,0.7305482955865233,metalization,TSFGA,2
P02,META-04,75,0.5974565538290748,8.193136550196408,15.00693802154154,53.90841554643302,0.7019805392257037,metalization,TSFGA,2
P02,META-05,75,0.6555154913263205,6.295063300138098,18.808017628191983,37.06153375574138,0.5298016663336443,metalization,TSFGA,2
P03,META-01,75,0.6514900531612209,6.749156849224633,12.385838157304816,37.64012383733692,0.654401978963788,metalization,TSFGA,2
P03,META-02,75,0.6228935292258582,7.491312919729288,16.516925963914883,36.89444907498584,0.48616522500347414,metalization,TSFGA,2
P03,META-03,75,0.6372142966365105,10.0967620685626,17.200552645394634,41.63093540259118,0.720725512098007,metalization,TSFGA,2
P03,META-04,75,0.6112671332758266,8.81020542040437,16.897009048175846,46.53865527011834,0.49046809443660433,metalization,TSFGA,2
P03,META-05,75,0.6563975037108094,5.9182570002199855,10.530707633574353,35.21563437900515,0.6284447003546876,metalization,TSFGA,2
P01,META-01,75,0.5207459811464661,9.453394536758791,20.166915349786784,49.59904449996076,0.4052992226363916,metalization,TSFGA,3
P01,META-02,75,0.5903336143799455,12.828510275808872,24.106571331339115,38.51873339712202,0.5657554700182821,metalization,TSFGA,3
P01,META-03,75,0.6254287985945313,7.823846621970722,16.270217866018566,39.721589544885724,0.617886662099286,metalization,TSFGA,3
P01,META-04,75,0.5679439679881537,10.420672885619249,23.152560244942897,47.96885079556314,0.5974416727619604,metalization,TSFGA,3
P01,META-05,75,0.5961463668131406,10.249284180011681,17.38180559508437,56.55414486991429,0.7246946650171397,metalization,TSFGA,3
P02,META-01,75,0.5421902554482416,9.782374886772576,19.143948035473723,79.1830729409317,0.4707053050259906,metalization,TSFGA,3
P02,META-02,75,0.6380740694529059,11.337668861509918,19.53778594416516,46.1776889775625,0.792867478211057,metalization,TSFGA,3
P02,META-03,75,0.6291180664507066,10.892181359983402,21.299653483303047,40.157698408557074,0.715511116313833,metalization,TSFGA,3
P02,META-04,75,0.6035069457604265,8.069990371200557,13.42436264419016,56.509962631216226,0.7615222870852252,metalization,TSFGA,3
P02,META-05,75,0.6276782461641774,6.803757351640864,19.43750273473228,40.11708941844249,0.4978008488463057,metalization,TSFGA,3
P03,META-01,75,0.6775472798912208,6.244539084791263,10.574008262910192,32.74571878225098,0.7481164902976822,metalization,TSFGA,3
P03,META-02,75,0.6127235005412278,7.693343044332529,16.618545366695102,36.468527493547406,0.479823099391401,metalization,TSFGA,3
P03,META-03,75,0.5924535385703399,11.342507752619515,19.353912754114795,48.52150447188638,0.6464229887610982,metalization,TSFGA,3
P03,META-04,75,0.6332286119062174,8.312472517858597,14.854861783926747,44.113694347801655,0.6061880042240408,metalization,TSFGA,3
P03,META-05,75,0.6390127406948852,6.21769456696445,10.757506199253866,37.481973875362385,0.6122680768906223,metalization,TSFGA,3
P01,META-01,75,0.5385267838934422,9.102664158014028,19.333855738253245,47.77396256865163,0.4534165180510906,metalization,TSFGA,4
P01,META-02,75,0.6481097999658951,11.01927618557574,20.59937362983712,35.72249127734335,0.6829180679397348,metalization,TSFGA,4
P01,META-03,75,0.6825852000271122,6.629993713379838,14.249640428573185,36.139390554213776,0.7069017187372937,metalization,TSFGA,4
P01,META-04,75,0.5949277866072706,9.7698555698064,21.192487479830938,50.32962917128645,0.6627168545216593,metalization,TSFGA,4
P01,META-05,75,0.5903069018601821,10.397482266753663,17.60083709775145,57.84579877819257,0.7177125974422005,metalization,TSFGA,4
P02,META-01,75,0.5137958064977931,10.389101038066217,19.717322759813044,76.52994199791446,0.4385250063750038,metalization,TSFGA,4
P02,META-02,75,0.6529284649192939,10.872341006494823,19.877403063595928,40.352970827062265,0.7856038971792962,metalization,TSFGA,4
P02,META-03,75,0.6384146264515005,10.619156959512955,20.963511541033196,35.60341933182561,0.7244196237666647,metalization,TSFGA,4
P02,META-04,75,0.5746972184202735,8.656366903515467,15.466030897962062,56.10174460405734,0.683467583201927,metalization,TSFGA,4
P02,META-05,75,0.6549596530249252,6.305220614048661,18.245859471891492,37.261344979867594,0.5574893874736145,metalization,TSFGA,4
P03,META-01,75,0.6599742546941615,6.5848539149593535,11.640138270242332,35.096411351559254,0.6947633182864543,metalization,TSFGA,4
P03,META-02,75,0.6106468389613868,7.734596438078419,17.083841961584106,35.73314498151705,0.45028683353646193,metalization,TSFGA,4
P03,META-03,75,0.639259506869389,10.03984141014053,17.269013718139142,46.29237512369336,0.7184979696821878,metalization,TSFGA,4
P03,META-04,75,0.6209910516441148,8.589823441803498,16.03903731413988,43.11727082165685,0.5408989290732584,metalization,TSFGA,4
P03,META-05,75,0.6604542539914503,5.848382971346982,10.608897380567653,33.95093371388188,0.6229066739074269,metalization,TSFGA,4
P01,META-01,75,0.4585547049477521,10.680131606293214,22.994066469981444,50.55313954224771,0.22687250163886652,metalization,mRMR,0
P01,META-02,75,0.6308893380433509,11.558526855100817,22.36671869100689,33.63021197060026,0.626175279506114,metalization,mRMR,0
P01,META-03,75,0.6920632693170432,6.4320207776106555,13.246233875264009,35.68837394321124,0.7467261816423507,metalization,mRMR,0
P01,META-04,75,0.5599059849052697,10.614539389407765,23.466375021736226,49.37266125481954,0.5864549919123321,metalization,mRMR,0
P01,META-05,75,0.6016138102212991,10.110527520114504,17.528802287712335,53.91558131190328,0.720018500035549,metalization,mRMR,0
P02,META-01,75,0.5227708446804487,10.197324455827241,19.682469708733418,72.98364859373646,0.44050821893713754,metalization,mRMR,0
P02,META-02,75,0.6191283072380451,11.931162613107936,22.00079330752921,47.83326167559357,0.7373518898680207,metalization,mRMR,0
P02,META-03,75,0.6301031711282266,10.863250485126725,20.8528325196425,42.425344972321696,0.727321852221811,metalization,mRMR,0
P02,META-04,75,0.5989902023647413,8.161921554666735,15.176143890302088,54.39885956998115,0.6952222083353056,metalization,mRMR,0
P02,META-05,75,0.612386505480554,7.083196551804995,17.771000723688772,43.066344402035696,0.580222836638778,metalization,mRMR,0
P03,META-01,75,0.6337785404405223,7.092153594291226,11.686096251666553,42.093304437024045,0.6923482688339382,metalization,mRMR,0
P03,META-02,75,0.5758318798253836,8.426204175914329,17.08730492091092,43.13808852437933,0.4500639530768914,metalization,mRMR,0
P03,META-03,75,0.607540592601098,10.922616909480396,19.874771963364875,49.12093386735492,0.6271357277881238,metalization,mRMR,0
P03,META-04,75,0.6042963953532646,8.968189574271017,14.73282628633881,48.83128656828832,0.6126319060921182,metalization,mRMR,0
P03,META-05,75,0.6671612887870135,5.732860074807393,10.432741806010185,35.02534778898435,0.6353256076389708,metalization,mRMR,0
P01,META-01,75,0.42752559283684466,11.292187900805738,24.45796250298502,51.96704686415606,0.12529802898456188,metalization,mRMR,1
P01,META-02,75,0.6093299905266546,12.23364768723612,22.43196795687053,37.86660492901053,0.6239910192791354,metalization,mRMR,1
P01,META-03,75,0.6902800966086886,6.469266753057517,13.909944249477517,36.72059706467629,0.7207094513273873,metalization,mRMR,1
P01,META-04,75,0.5440546496745249,10.996854568461565,22.050787848872186,54.45027744937635,0.6348435378437824,metalization,mRMR,1
P01,META-05,75,0.5858840087226505,10.509729588405,17.083596076161005,56.45339754017116,0.7340601376088591,metalization,mRMR,1
P02,META-01,75,0.5233261726149229,10.18545833435479,19.13047381149541,74.18858328929667,0.4714501174786462,metalization,mRMR,1
P02,META-02,75,0.613764513943885,12.099188463366437,21.724095051397935,46.76958254513375,0.7439168596231864,metalization,mRMR,1
P02,META-03,75,0.6352218528902536,10.712923372823134,21.343930570708018,39.416013441315805,0.7143271128626427,metalization,mRMR,1
P02,META-04,75,0.6471217272765808,7.182280326563282,13.035076570147917,49.94913897289815,0.775152729431685,metalization,mRMR,1
P02,META-05,75,0.6472244289749541,6.446573051703396,17.424822918128154,38.45508915592047,0.5964180022267993,metalization,mRMR,1
P03,META-01,75,0.6333346191032354,7.100750464369807,11.282245887426628,44.40430679683382,0.7132446255280734,metalization,mRMR,1
P03,META-02,75,0.5665126083043369,8.61133379992944,17.157489697245623,40.542606547854135,0.44553703604658934,metalization,mRMR,1
P03,META-03,75,0.5730150972223881,11.883502933670883,21.496119877516005,49.2989983125624,0.5638191311437875,metalization,mRMR,1
P03,META-04,75,0.5861622198907107,9.379180834930535,16.02756943061023,49.26334337805635,0.5415552072903632,metalization,mRMR,1
P03,META-05,75,0.6432334306256771,6.144996818844357,11.343487817121723,35.71655887900651,0.5688766283305258,metalization,mRMR,1
P01,META-01,75,0.5064775331310992,9.734842919474843,21.83019631582127,46.878075604505185,0.3031571664786137,metalization,mRMR,2
P01,META-02,75,0.623455863597048,11.791302612806751,22.239825799880155,36.78386910857155,0.630404879919243,metalization,mRMR,2
P01,META-03,75,0.7120119464616543,6.015343281569787,13.210861855224385,35.67310197648797,0.7480770327761332,metalization,mRMR,2
P01,META-04,75,0.5744661365806221,10.263366007873566,20.74646182032465,49.82708571456195,0.6767646494528867,metalization,mRMR,2
P01,META-05,75,0.6006834200132043,10.134139623256466,16.570442256917527,57.438035585239874,0.7497966903441717,metalization,mRMR,2
P02,META-01,75,0.5154701368812822,10.353324325817244,19.749791704063153,75.16352466436499,0.4366742976587391,metalization,mRMR,2
P02,META-02,75,0.6446964163611115,11.130217640157017,20.359060149540632,41.635525208389154,0.7750877815828404,metalization,mRMR,2
P02,META-03,75,0.631078000874831,10.834621367786042,20.706540985833282,40.480426997689115,0.7311343395630014,metalization,mRMR,2
P02,META-04,75,0.620255183073361,7.729106432869833,14.627907716085993,51.043466495200796,0.7168445856517696,metalization,mRMR,2
P02,META-05,75,0.6164212693214282,7.009465823310984,18.84866945060995,40.82568580621129,0.5277668877003553,metalization,mRMR,2
P03,META-01,75,0.667676386627639,6.435696345816834,11.236809962767245,39.530558629169334,0.7155496205614086,metalization,mRMR,2
P03,META-02,75,0.5887666980038406,8.169250827074396,16.799388771205287,41.14233484228732,0.4684403461350569,metalization,mRMR,2
P03,META-03,75,0.5581480156682646,12.297271678453804,20.982247178232104,47.80737402761115,0.5844239984113286,metalization,mRMR,2
P03,META-04,75,0.5864866167253384,9.37182873533864,16.135924082426392,52.52099064172865,0.5353356068478501,metalization,mRMR,2
P03,META-05,75,0.6299793242631857,6.37328738311155,11.1398458397595,37.71857671243813,0.5842170168904387,metalization,mRMR,2
P01,META-01,75,0.46609998615006465,10.531299218268838,22.89041539914576,48.768486811208284,0.23382689385746813,metalization,mRMR,3
P01,META-02,75,0.6086939784317769,12.253564106989058,23.40760668660181,36.127938651572435,0.5905720479912693,metalization,mRMR,3
P01,META-03,75,0.6896190808410025,6.483073703409479,14.677418491061408,35.3201868078099,0.6890397942183863,metalization,mRMR,3
P01,META-04,75,0.557487563142653,10.672868819436415,22.693392419545603,51.59150249913732,0.6132506298036595,metalization,mRMR,3
P01,META-05,75,0.5589496439079384,11.193289018131265,17.833731676131666,63.24650476435841,0.7101927092862795,metalization,mRMR,3
P02,META-01,75,0.5265919915192281,10.115675056007358,19.321082526677408,76.50376798592785,0.4608651091445224,metalization,mRMR,3
P02,META-02,75,0.6240959587516469,11.775546275269253,20.588130102055366,48.19989904129518,0.7699981091729122,metalization,mRMR,3
P02,META-03,75,0.6414084871923932,10.53123228266427,21.099947516240906,39.440293433384404,0.7208208536289619,metalization,mRMR,3
P02,META-04,75,0.5917846409606334,8.30857938518477,14.422744402482966,55.21575678531821,0.7247316618611228,metalization,mRMR,3
P02,META-05,75,0.6392020300534533,6.593173284103529,16.978187793712422,40.46949789205105,0.6168421697517812,metalization,mRMR,3
P03,META-01,75,0.6349964548704548,7.06856776670981,11.89899531384193,40.63204717479204,0.681036467732292,metalization,mRMR,3
P03,META-02,75,0.5964384349031713,8.016849884092062,16.667617242293684,41.717412427572995,0.4767465673907101,metalization,mRMR,3
P03,META-03,75,0.5705049343149329,11.95336378374003,21.008449059493046,47.26997052502884,0.5833854374055462,metalization,mRMR,3
P03,META-04,75,0.6169824531205018,8.68067394471716,15.188561428046729,46.239544402376815,0.588296087447534,metalization,mRMR,3
P03,META-05,75,0.6664556916845092,5.745013377057317,9.658139941625102,35.601633869683994,0.6874673914431388,metalization,mRMR,3
P01,META-01,75,0.4561385637756762,10.727790540506806,23.277005065149286,50.180082973104426,0.20772900328626454,metalization,mRMR,4
P01,META-02,75,0.6137797810710595,12.094304588246697,22.472479762178722,39.41501018692685,0.6226316594798051,metalization,mRMR,4
P01,META-03,75,0.6989064714522943,6.289083563782007,13.18313084071064,36.35470308661354,0.7491335493414042,metalization,mRMR,4
P01,META-04,75,0.5589352467444205,10.637952428648747,22.897845993390494,50.86037983385665,0.606250487566762,metalization,mRMR,4
P01,META-05,75,0.6069258693858568,9.975714311851513,16.59650673609207,55.51967220564584,0.7490089566450822,metalization,mRMR,4
P02,META-01,75,0.5147289983680325,10.369160805634275,19.62511145366552,74.72886362920403,0.4437643867454586,metalization,mRMR,4
P02,META-02,75,0.6332089973304789,11.490071803813784,20.67370510524775,46.0026504230049,0.7680821199472369,metalization,mRMR,4
P02,META-03,75,0.6514832362757648,10.235353771887942,21.148452334685278,36.0201891185764,0.7195358173965403,metalization,mRMR,4
P02,META-04,75,0.6032352607001901,8.07552009182659,14.542548206134455,51.901257132812795,0.7201395868504357,metalization,mRMR,4
P02,META-05,75,0.6357767919620015,6.655765621526047,17.6748719861699,40.35843617180006,0.5847519579320095,metalization,mRMR,4
P03,META-01,75,0.6509280148456268,6.760041143293214,11.090685866703963,39.677894915201925,0.7228995352750903,metalization,mRMR,4
P03,META-02,75,0.6043940932467375,7.858808771692784,16.436299780165978,38.99535693401108,0.4911694760205131,metalization,mRMR,4
P03,META-03,75,0.5864660947154929,11.509145509953344,19.65737357006348,48.52759019774255,0.6352481991764564,metalization,mRMR,4
P03,META-04,75,0.6175777681954686,8.667181779404464,16.830277453994462,43.78074998727647,0.4944847501896843,metalization,mRMR,4
P03,META-05,75,0.6663461557779149,5.7469000386880635,10.108464503622207,35.48431310214039,0.6576433800884682,metalization,mRMR,4
P01,META-01,75,0.4379111022960339,11.087331364353902,23.564442182856656,51.09362553450952,0.1880414063415199,metalization,MI,0
P01,META-02,75,0.6433681151064473,11.16775981781714,21.015693282420358,33.443202343675296,0.6699719077705836,metalization,MI,0
P01,META-03,75,0.6844199799745202,6.5916697930151,13.41882407400084,33.338309224066556,0.7400831836503057,metalization,MI,0
P01,META-04,75,0.5987309109491307,9.678128775655837,21.72236591377836,42.207490693446864,0.6456397338918747,metalization,MI,0
P01,META-05,75,0.6158071365801799,9.750319208593606,16.237483224672356,51.65265588119116,0.7597506166532526,metalization,MI,0
P02,META-01,75,0.5474729493515524,9.669495480448775,19.188049521708507,70.56192094088112,0.46826384732143855,metalization,MI,0
P02,META-02,75,0.6436948320043123,11.161593208514587,20.279205234140846,41.22364871277648,0.7768486804511018,metalization,MI,0
P02,META-03,75,0.6390714992366059,10.599865705724088,19.798425080905407,42.04654207944804,0.7542002063584322,metalization,MI,0
P02,META-04,75,0.6307258529229416,7.515992472959002,14.542646482898215,47.924676448139,0.7201358043127053,metalization,MI,0
P02,META-05,75,0.6067440856304465,7.1863053686836915,18.264914390987276,42.380499843336466,0.5565646399294356,metalization,MI,0
P03,META-01,75,0.6442779299556198,6.888825031358477,11.800437458925543,37.41140605439033,0.6862984531406437,metalization,MI,0
P03,META-02,75,0.5962341129721134,8.020908789575108,16.75603746821901,40.01908852065081,0.47118021617752304,metalization,MI,0
P03,META-03,75,0.6261423867658606,10.404906624900073,19.57905500652091,44.40276236326402,0.6381488846868997,metalization,MI,0
P03,META-04,75,0.5863191095082078,9.375625103278294,15.468134704844557,48.63694786368356,0.5730002691375955,metalization,MI,0
P03,META-05,75,0.6873739365933244,5.384714628646257,10.176845067358629,32.24358356414729,0.6529958451234562,metalization,MI,0
P01,META-01,75,0.448056657166206,10.887207986752385,23.223770424439355,49.565903883667985,0.21134871579341252,metalization,MI,1
P01,META-02,75,0.6842546376207064,9.887417586607759,18.798241497817667,31.146505592354934,0.7359428599176668,metalization,MI,1
P01,META-03,75,0.7049446210171724,6.16296186542702,12.450267365442528,30.719345449990737,0.776250117344945,metalization,MI,1
P01,META-04,75,0.5791669620481024,10.149987740103757,21.822984613285538,44.909789204489336,0.6423493144732015,metalization,MI,1
P01,META-05,75,0.6160977315233092,9.742944283846974,16.815740343274914,51.736552012477574,0.7423341657517094,metalization,MI,1
P02,META-01,75,0.5508175273226027,9.598029296209099,19.403406667739645,71.57598694548952,0.4562609806718486,metalization,MI,1
P02,META-02,75,0.644289244079531,11.142972693355796,20.523781632454426,38.603855332488315,0.7714336101522316,metalization,MI,1
P02,META-03,75,0.6320769344675766,10.80528436084521,20.186983237740222,43.01472675726981,0.7444575408902323,metalization,MI,1
P02,META-04,75,0.6647016830056895,6.8244680724945965,12.682535113876959,44.16241786879757,0.7871505199654597,metalization,MI,1
P02,META-05,75,0.610339387910144,7.120605301296144,18.553764014909373,41.60724789202966,0.542428363098204,metalization,MI,1
P03,META-01,75,0.6309040706685325,7.147819860133813,11.490340112955918,40.14899816565058,0.7025690124499042,metalization,MI,1
P03,META-02,75,0.5859699269162562,8.224809373547854,16.910440235773383,37.66891039669166,0.4613894244867789,metalization,MI,1
P03,META-03,75,0.6193884302418021,10.592877350903326,18.063427043861502,44.683947310910504,0.6920028050418133,metalization,MI,1
P03,META-04,75,0.6097245444114427,8.845166510494273,15.689900989829775,47.29788163472464,0.5606687295324295,metalization,MI,1
P03,META-05,75,0.6646671343325972,5.775819736680907,10.860902152325346,35.05246965668097,0.6047788738331747,metalization,MI,1
P01,META-01,75,0.5151275843434139,9.564218691703537,21.243906854472247,44.721130239258144,0.34008449474940383,metalization,MI,2
P01,META-02,75,0.6729338039023215,10.241924172417116,19.505112325516883,31.511497934226757,0.7157107895345354,metalization,MI,2
P01,META-03,75,0.7115729557949715,6.024512688165157,11.785970474607097,29.749594796627914,0.7994899440901235,metalization,MI,2
P01,META-04,75,0.5825930467129301,10.067354690394065,21.53544904242872,46.202631025095286,0.6517119028952278,metalization,MI,2
P01,META-05,75,0.6029159774712033,10.077480195298198,16.92040521410367,54.45152245871571,0.7391166457569551,metalization,MI,2
P02,META-01,75,0.5463803890165497,9.692841062124582,19.398176540966933,76.00776373854472,0.456554067425033,metalization,MI,2
P02,META-02,75,0.6509150105114403,10.935414352219137,19.588291860023794,38.628199392637185,0.7917952032534654,metalization,MI,2
P02,META-03,75,0.6530558949708618,10.189167419372945,19.705137648394683,37.09601658034083,0.7565110982604759,metalization,MI,2
P02,META-04,75,0.629930701741636,7.532176520341855,13.398325954331057,46.28754382575288,0.7624464499731032,metalization,MI,2
P02,META-05,75,0.649720677621536,6.400956941697119,18.29776083314403,37.62876629692853,0.5549683148422664,metalization,MI,2
P03,META-01,75,0.6645992152420518,6.495288080634323,11.315741043469913,37.169552397079045,0.7115394377794331,metalization,MI,2
P03,META-02,75,0.6047833283134051,7.8510765212284745,16.84389317328279,37.52868147291704,0.4656202340189577,metalization,MI,2
P03,META-03,75,0.5972584122036795,11.208782345593947,19.368396331216854,43.32597289288573,0.6458935892384703,metalization,MI,2
P03,META-04,75,0.6146147128821503,8.734336188555254,15.77986341269519,42.38438022187876,0.5556162292643037,metalization,MI,2
P03,META-05,75,0.6643349731565312,5.781540926796473,10.40654070253508,34.37094839705658,0.6371550161434115,metalization,MI,2
P01,META-01,75,0.4701135771829493,10.452130222182337,22.62312837505881,47.2936901315704,0.2516153428585023,metalization,MI,3
P01,META-02,75,0.6611908264105351,10.609649992034862,20.093053491669956,32.263550288955535,0.6983138679698506,metalization,MI,3
P01,META-03,75,0.7073728724876482,6.11224182343422,12.528099914380263,31.454558390864428,0.7734438388962925,metalization,MI,3
P01,META-04,75,0.5762682682068067,10.219900756188839,21.845235230250946,45.499743719986476,0.6416196246075513,metalization,MI,3
P01,META-05,75,0.5947159764692436,10.285585641526978,17.713268157495715,57.30068422646792,0.7140946740873073,metalization,MI,3
P02,META-01,75,0.5769943954509318,9.038687909442324,17.506353144919117,65.39108097567504,0.5573852346721359,metalization,MI,3
P02,META-02,75,0.6687965934876627,10.375257012297226,19.201777939015933,37.40800268886629,0.7999306854651754,metalization,MI,3
P02,META-03,75,0.651656130380686,10.23027616153132,19.79879576341675,39.18345776095217,0.7541910021376546,metalization,MI,3
P02,META-04,75,0.6555233746151528,7.01127805451962,12.899552145539877,47.49266161804554,0.7798038548853612,metalization,MI,3
P02,META-05,75,0.642019429516804,6.541688507525759,17.949251796875597,38.12567009121955,0.5717594981042378,metalization,MI,3
P03,META-01,75,0.6469633749207413,6.836819372857285,11.226666382112361,40.19830080953592,0.7160629411676402,metalization,MI,3
P03,META-02,75,0.606927032021068,7.808491319101551,16.43023748153736,37.08114958834795,0.4915447568024427,metalization,MI,3
P03,META-03,75,0.610798375836018,10.831948887314754,18.503703515143048,49.4423915500749,0.6768056315320742,metalization,MI,3
P03,META-04,75,0.6462095671650054,8.018273359071877,14.70052960957063,41.92315186335735,0.6143283883774779,metalization,MI,3
P03,META-05,75,0.6836080490908266,5.449578796731171,9.460794852718116,33.35044854814306,0.7001088843201391,metalization,MI,3
P01,META-01,75,0.5086782112316586,9.691434043357834,21.160276477583093,46.485144066392394,0.3452700147412704,metalization,MI,4
P01,META-02,75,0.6780355098842781,10.082166647975303,19.862252765791148,31.408645552010338,0.7052047545269713,metalization,MI,4
P01,META-03,75,0.7258907180472263,5.725450786419476,12.077565442034128,29.156459733878737,0.789445630126646,metalization,MI,4
P01,META-04,75,0.5525456990029024,10.79206065065728,24.086897228109038,44.650484412174016,0.5642950557969209,metalization,MI,4
P01,META-05,75,0.592912410004103,10.331357831547644,18.09702197042063,57.03186198364626,0.7015723368936244,metalization,MI,4
P02,META-01,75,0.5544593876513262,9.520210849911674,18.833144670445538,71.86910254594709,0.48775206925727443,metalization,MI,4
P02,META-02,75,0.6280344649190976,11.652168879601383,21.588890739372513,40.69689703928802,0.7470945111117504,metalization,MI,4
P02,META-03,75,0.6332217977250909,10.771661644004057,21.2200238758621,38.923080464482304,0.7176342862699463,metalization,MI,4
P02,META-04,75,0.6274711594518582,7.582236621985085,13.765347779220606,46.750733482408094,0.7492535325996393,metalization,MI,4
P02,META-05,75,0.6491744878348806,6.410937939954842,18.143517508425354,37.37139100211323,0.5624395949789687,metalization,MI,4
P03,META-01,75,0.6685849975444969,6.418100413051023,10.769736498445358,35.060720803088,0.7387053002198727,metalization,MI,4
P03,META-02,75,0.5909823813616117,8.125235731470159,16.84717785666741,40.437764313231845,0.465411797707296,metalization,MI,4
P03,META-03,75,0.609956213777887,10.855387269382419,18.613905690404923,46.86334067758756,0.6729444819685899,metalization,MI,4
P03,META-04,75,0.6351338099089596,8.269293288090475,16.198019029946444,38.32253680616026,0.5317524431904843,metalization,MI,4
P03,META-05,75,0.6749731140938939,5.59830811343855,10.02585452974851,34.076995852591445,0.663216235556984,metalization,MI,4
P01,META-01,75,0.5436229151839329,9.00214180910316,19.487793831406584,43.10614089590153,0.44467796266645543,metalization,DDA,0
P01,META-02,75,0.665239217378101,10.48287653209061,19.756351110691273,33.22172048011742,0.7083399554691194,metalization,DDA,0
P01,META-03,75,0.6760748220418568,6.765979071081045,13.576104516402783,34.64215758178308,0.7339545682869675,metalization,DDA,0
P01,META-04,75,0.6019227916043248,9.601144445538205,20.96137856982031,45.182664622235926,0.670033042733504,metalization,DDA,0
P01,META-05,75,0.6285713484848257,9.426379978154463,15.968654755589366,50.81583583897864,0.7676399218844672,metalization,DDA,0
P02,META-01,75,0.5522301935850137,9.567843763609021,19.280567712245237,69.6961758466673,0.463123786787359,metalization,DDA,0
P02,META-02,75,0.6542072507551697,10.832281842096092,19.673839172072036,39.00868353310153,0.7899726600389873,metalization,DDA,0
P02,META-03,75,0.6667788954884817,9.786145872837583,18.470066290687605,36.84847591211711,0.7860771709933533,metalization,DDA,0
P02,META-04,75,0.6059203010309566,8.020870333441472,14.730145530945503,47.175950600627125,0.7128726769314895,metalization,DDA,0
P02,META-05,75,0.6470712523418711,6.449372180770395,17.473066101503363,36.7275379270555,0.5941801564470544,metalization,DDA,0
P03,META-01,75,0.6884076850865116,6.034219182091154,10.019572852864181,35.02007726438722,0.7738384041525818,metalization,DDA,0
P03,META-02,75,0.6126091015827138,7.695615607818806,16.42729657002698,37.47502014735403,0.4917267612381305,metalization,DDA,0
P03,META-03,75,0.6269793480812063,10.38161298575364,18.456503466743904,44.83782216483094,0.6784523649584091,metalization,DDA,0
P03,META-04,75,0.6028926845143334,9.000003145750188,15.498662757066294,42.6974372750761,0.5713131447631384,metalization,DDA,0
P03,META-05,75,0.6868490934276288,5.393754600046176,10.348461373521367,32.873207065283076,0.6411938196129761,metalization,DDA,0
P01,META-01,75,0.5499539257751527,8.877261185090093,20.1238402840509,42.96647186653394,0.4078369847927982,metalization,DDA,1
P01,META-02,75,0.6741886802358048,10.202628309968958,19.01534179063826,31.948482892507457,0.7298084653137504,metalization,DDA,1
P01,META-03,75,0.683041169520697,6.620469661961258,13.446242760874982,34.61471434002559,0.739019922274994,metalization,DDA,1
P01,META-04,75,0.5939141654542841,9.794302895344321,20.55747264090035,46.825910012404314,0.6826268292063169,metalization,DDA,1
P01,META-05,75,0.6274221391756754,9.455545427772561,16.350425589548248,56.22399683917698,0.7563968084678727,metalization,DDA,1
P02,META-01,75,0.536160603770756,9.911215117562273,19.347098389827742,69.89884114960691,0.45941223997173775,metalization,DDA,1
P02,META-02,75,0.652173175747258,10.896001147436596,20.53887624332998,36.84204422013078,0.7710972794014287,metalization,DDA,1
P02,META-03,75,0.656935285931352,10.075236202762948,19.158969326750267,37.966667349016845,0.7698216305953947,metalization,DDA,1
P02,META-04,75,0.6341947439674829,7.445388670373151,14.262107451328294,47.23096176322963,0.7308292559550209,metalization,DDA,1
P02,META-05,75,0.6669917680700619,6.085347371750183,17.256864806136004,35.820751256606655,0.6041607702353806,metalization,DDA,1
P03,META-01,75,0.6453151048415713,6.868739360780469,11.742403613136343,35.752148318601684,0.6893763968103432,metalization,DDA,1
P03,META-02,75,0.6045442903188085,7.8558250698639585,16.620325728205625,36.05823961136612,0.4797116392702844,metalization,DDA,1
P03,META-03,75,0.638771978341413,10.053409914916141,16.919519623435257,44.08721627838957,0.7297768704274767,metalization,DDA,1
P03,META-04,75,0.6000753116370218,9.06385582176434,16.24072489955037,48.854050607585584,0.5292801310050337,metalization,DDA,1
P03,META-05,75,0.6970866641399042,5.217421263741841,10.193561275364418,31.9770320488801,0.651854949778824,metalization,DDA,1
P01,META-01,75,0.5231622536526926,9.405733011949202,20.774901389883407,44.31991963359272,0.3689009919568861,metalization,DDA,2
P01,META-02,75,0.6743771903287326,10.19672520503015,19.504949296620396,30.60801067164789,0.7157155418437555,metalization,DDA,2
P01,META-03,75,0.7262505467892485,5.717934872549978,11.144797346479123,29.331007853095265,0.8207125822776301,metalization,DDA,2
P01,META-04,75,0.6033760020992891,9.566094752720684,21.014156161649645,42.41086064935568,0.6683693367584647,metalization,DDA,2
P01,META-05,75,0.6515804316596351,8.842439132261338,15.176006753172738,48.81851656841002,0.7901350688824164,metalization,DDA,2
P02,META-01,75,0.5504501398435326,9.605879548615778,19.86307408463312,74.40396733510862,0.43019342994070975,metalization,DDA,2
P02,META-02,75,0.6588556671502862,10.686665843434216,19.85565434459825,37.01616221835167,0.7860728004532924,metalization,DDA,2
P02,META-03,75,0.6790803734955223,9.424872062149994,18.310587944415083,34.94303728098978,0.7897554223044783,metalization,DDA,2
P02,META-04,75,0.6283734719797919,7.5638714745143325,14.472506354464972,43.339721116771464,0.7228289005064155,metalization,DDA,2
P02,META-05,75,0.6550926363466898,6.302790494820387,17.770786288081585,34.685746588926456,0.5802329671462514,metalization,DDA,2
P03,META-01,75,0.6839959287807318,6.119656156152723,11.300359225315038,35.2139633894734,0.7123231305471127,metalization,DDA,2
P03,META-02,75,0.6179420082781053,7.589676102869752,16.669868532009886,35.6582728638417,0.4766052064978621,metalization,DDA,2
P03,META-03,75,0.6319634371732226,10.242899797157598,17.677275487993906,39.02535382037682,0.7050304926621882,metalization,DDA,2
P03,META-04,75,0.629717891906482,8.392039148362048,16.183204612719358,37.39482766330534,0.5326085531279126,metalization,DDA,2
P03,META-05,75,0.6657716265002711,5.756795810563902,10.32799595497297,35.14501380639791,0.6426115874166999,metalization,DDA,2
P01,META-01,75,0.5392982695762374,9.087446427432717,20.131246385014165,41.23615543318726,0.4074010415506698,metalization,DDA,3
P01,META-02,75,0.6625025335830608,10.56857449857906,19.477462371995284,32.83870922652264,0.7165162206279738,metalization,DDA,3
P01,META-03,75,0.6936666668948501,6.398529850716833,13.25838078922483,31.855123082235092,0.7462614599869982,metalization,DDA,3
P01,META-04,75,0.6516542349329368,8.401681726214411,18.581671716163402,39.20676247455218,0.7407013025901512,metalization,DDA,3
P01,META-05,75,0.6556847638477425,8.738276476516157,15.640522528606784,46.293528464027375,0.7770911213536889,metalization,DDA,3
P02,META-01,75,0.5382606703645078,9.866341370439699,20.05387212788345,71.56885310986912,0.41919411207126767,metalization,DDA,3
P02,META-02,75,0.673075044804707,10.241230516324933,18.794245368401434,35.488475768075645,0.8083329832188226,metalization,DDA,3
P02,META-03,75,0.6726833294357698,9.612742534566436,19.62461808556748,31.987662886282074,0.7584969319871716,metalization,DDA,3
P02,META-04,75,0.6217310913701514,7.6990666487764745,14.438343296469549,51.19269875037118,0.7241359078874433,metalization,DDA,3
P02,META-05,75,0.6678523959749099,6.069620373866471,17.782081303511333,32.45417430705713,0.5796991942674967,metalization,DDA,3
P03,META-01,75,0.7140649851543441,5.53734629781296,9.727467104121011,32.97222248086905,0.7868329933407319,metalization,DDA,3
P03,META-02,75,0.6467690896884325,7.017019030812744,15.32901330824085,34.297625508497816,0.5574183014718858,metalization,DDA,3
P03,META-03,75,0.6605193037428607,9.448155716169442,15.733105602118503,37.685275075387985,0.7663448391531538,metalization,DDA,3
P03,META-04,75,0.6277824391733097,8.435904068517695,16.37467194741631,37.033041774183665,0.5214834902478549,metalization,DDA,3
P03,META-05,75,0.7054354738746198,5.073620208191885,8.987041917540648,31.621631453655702,0.7293912196782016,metalization,DDA,3
P01,META-01,75,0.5046278216440625,9.771328899306505,22.298571389405467,44.99515582292423,0.27293433637673425,metalization,DDA,4
P01,META-02,75,0.6629472190645489,10.554649381779113,20.160295310071437,32.953017451442875,0.6962912915859689,metalization,DDA,4
P01,META-03,75,0.7314715073282968,5.608882189579141,11.215316884691351,29.911619969170527,0.8184364948593048,metalization,DDA,4
P01,META-04,75,0.5779561018847756,10.179192233820695,22.56415427883214,44.332725839089825,0.617643136967998,metalization,DDA,4
P01,META-05,75,0.6231709327291497,9.563435562707111,16.99773383657033,52.79304905465175,0.7367266499400524,metalization,DDA,4
P02,META-01,75,0.5458279668953614,9.70464509283717,19.465860327105272,72.06749360128475,0.45275508677366105,metalization,DDA,4
P02,META-02,75,0.6581290047317577,10.709429224502065,19.69818851506444,39.66205517006738,0.789452457308445,metalization,DDA,4
P02,META-03,75,0.6577171983117974,10.052272745433216,19.989194608625876,37.6654016676664,0.7494405325826599,metalization,DDA,4
P02,META-04,75,0.5947789118314134,8.24763572718727,15.475346309736265,49.06024671877734,0.683086164359202,metalization,DDA,4
P02,META-05,75,0.6342601035042622,6.683481381183333,17.07946213047343,38.695183426501245,0.6122574887401144,metalization,DDA,4
P03,META-01,75,0.6782361645490291,6.231198316044928,10.664759164602952,36.61945964310873,0.743774381478479,metalization,DDA,4
P03,META-02,75,0.5959720037570264,8.026115653687862,17.282223947135467,36.51269004201379,0.43744588516017113,metalization,DDA,4
P03,META-03,75,0.641480681710717,9.978023445216218,16.97845916077091,43.847698254131615,0.7278909342634508,metalization,DDA,4
P03,META-04,75,0.61402831521034,8.747626250674859,16.735563267785857,40.81839417576978,0.5001584227986062,metalization,DDA,4
P03,META-05,75,0.6647710815051582,5.774029336179439,10.227215768638954,35.013548834077966,0.6495523223760185,metalization,DDA,4
P01,META-01,75,0.43806486646875387,11.084298331070599,24.759015828422655,47.080120296078526,0.10363206928392221,metalization,PFI-SBS,0
P01,META-02,75,0.656199344061262,10.765955915236859,19.862673113109093,33.38752346323755,0.7051922768182775,metalization,PFI-SBS,0
P01,META-03,75,0.6732466774451157,6.825051870769415,15.014464998737871,32.72833749125331,0.6745942788799311,metalization,PFI-SBS,0
P01,META-04,75,0.6075740571834511,9.464842703109992,21.250719007005618,41.78245633089438,0.660860772622907,metalization,PFI-SBS,0
P01,META-05,75,0.6489990373127831,8.907951590408075,14.986194345254614,49.99767936863085,0.7953519685043482,metalization,PFI-SBS,0
P02,META-01,75,0.568841479558845,9.212897568860575,17.829636135223495,65.48906285715145,0.5408871078875652,metalization,PFI-SBS,0
P02,META-02,75,0.6754495049833962,10.166848326604166,18.780380385482577,37.02313816454412,0.8086156739706484,metalization,PFI-SBS,0
P02,META-03,75,0.6352011227061789,10.713532183617469,20.265812716286163,37.215912959384035,0.7424578750739134,metalization,PFI-SBS,0
P02,META-04,75,0.6735145617133852,6.645095834940369,11.997444058585994,41.45416990910083,0.8095250299575334,metalization,PFI-SBS,0
P02,META-05,75,0.6314337998158845,6.735128872364438,17.66514633898783,37.81977355046989,0.5852088149706424,metalization,PFI-SBS,0
P03,META-01,75,0.6595355286802165,6.5933501736997675,11.032167323789192,37.00496599408896,0.7258159889760749,metalization,PFI-SBS,0
P03,META-02,75,0.624749624665095,7.454441126689879,15.703864211593315,38.06262139302262,0.5355081359843199,metalization,PFI-SBS,0
P03,META-03,75,0.597313800601347,11.207240819929009,20.45772753624187,45.14218306501909,0.6049416523439948,metalization,PFI-SBS,0
P03,META-04,75,0.6345828497585242,8.281780197532164,14.626489272736654,40.789532982098805,0.6182035338895876,metalization,PFI-SBS,0
P03,META-05,75,0.6848341192343138,5.428460794714833,10.207717509355296,32.421453423439345,0.6508873105375218,metalization,PFI-SBS,0
P01,META-01,75,0.518285376927309,9.501930514689972,22.511687852943197,40.18345544336198,0.2589702022118151,metalization,PFI-SBS,1
P01,META-02,75,0.6735796986028411,10.221698283514456,18.017250070580655,33.861991994535416,0.757428106207171,metalization,PFI-SBS,1
P01,META-03,75,0.6598871536411408,7.104098590839389,14.662732722270302,33.908814550694814,0.6896617571397592,metalization,PFI-SBS,1
P01,META-04,75,0.6152948665654607,9.27862604827589,19.890523578546954,41.98223813217719,0.7028859431428096,metalization,PFI-SBS,1
P01,META-05,75,0.6619280552704587,8.579829794966956,14.929874178318107,48.95771877847913,0.7968872686939522,metalization,PFI-SBS,1
P02,META-01,75,0.5485056679067095,9.647428584365196,18.935427080505324,68.4528274065076,0.482172944894518,metalization,PFI-SBS,1
P02,META-02,75,0.6739353909626796,10.214279366871175,18.37849688706864,35.959694299459684,0.8167189448347922,metalization,PFI-SBS,1
P02,META-03,75,0.6311056213057917,10.833810201978139,20.750590669618255,37.336777133924585,0.7299891898441518,metalization,PFI-SBS,1
P02,META-04,75,0.6485304119575678,7.153608773076867,12.554750962102606,42.05129304196703,0.7914180844471985,metalization,PFI-SBS,1
P02,META-05,75,0.6504322845479154,6.387953133010272,17.67395716381083,35.71332559054149,0.584794941933569,metalization,PFI-SBS,1
P03,META-01,75,0.6411409721552909,6.949574574996647,11.057054731019125,40.00081923515113,0.7245775331505218,metalization,PFI-SBS,1
P03,META-02,75,0.6194590605456113,7.559539485939945,15.8073215810004,37.7890230251033,0.5293678128498187,metalization,PFI-SBS,1
P03,META-03,75,0.6207460978512478,10.555091829881754,18.567099363261317,43.07994227803619,0.6745872345238958,metalization,PFI-SBS,1
P03,META-04,75,0.6353934139879098,8.263409645467716,15.80867307826676,39.98647564077544,0.5539921043348746,metalization,PFI-SBS,1
P03,META-05,75,0.6596074699516694,5.86296809696519,10.589661643869182,35.41952753453674,0.6242729029516322,metalization,PFI-SBS,1
P01,META-01,75,0.5101016825242313,9.663355748317905,22.24260050363304,44.502700128571085,0.2765797211456579,metalization,PFI-SBS,2
P01,META-02,75,0.6609028091305983,10.618669117755141,19.421610326528647,32.98621531376789,0.7181396813934193,metalization,PFI-SBS,2
P01,META-03,75,0.6815633568805166,6.651337436604362,13.60403055207773,31.686778094388846,0.7328589321208279,metalization,PFI-SBS,2
P01,META-04,75,0.6426754126054217,8.618240143273066,18.628459482607568,40.88494524280741,0.7393938550162533,metalization,PFI-SBS,2
P01,META-05,75,0.6538640380975227,8.784484147054147,14.832791169314472,50.13159606321861,0.7995202022555818,metalization,PFI-SBS,2
P02,META-01,75,0.5523736796255854,9.564777786406493,18.242612763083677,67.82432482234948,0.5193725106493272,metalization,PFI-SBS,2
P02,META-02,75,0.6864529052388397,9.822156504555679,18.16288543755146,34.99065054268139,0.8209941246878713,metalization,PFI-SBS,2
P02,META-03,75,0.6453001203440034,10.416941533400182,20.301716631430352,34.94163954325107,0.7415445180083167,metalization,PFI-SBS,2
P02,META-04,75,0.6160467671814398,7.814762096601312,13.266444197362773,45.02269018336189,0.7670999853037512,metalization,PFI-SBS,2
P02,META-05,75,0.6454262708418259,6.479432350123759,19.127141061928487,35.214704014902686,0.5137101992648373,metalization,PFI-SBS,2
P03,META-01,75,0.6689258614912166,6.4114993267362,10.853204948132841,37.93254647624203,0.7346393920603151,metalization,PFI-SBS,2
P03,META-02,75,0.6050115985345275,7.8465418770650555,16.919786242141992,38.36468957612203,0.4607939049323817,metalization,PFI-SBS,2
P03,META-03,75,0.6195275644073064,10.589005079885807,18.392921793661404,41.74089106428602,0.6806639779519168,metalization,PFI-SBS,2
P03,META-04,75,0.6465996458035363,8.009432653204811,15.269234670065549,38.12642522703436,0.5839109854900215,metalization,PFI-SBS,2
P03,META-05,75,0.6873560264318151,5.38502311574944,10.249452209332162,33.22607725651124,0.6480267496701886,metalization,PFI-SBS,2
P01,META-01,75,0.49317998939900176,9.997139994353914,22.703361808364757,43.59753643957116,0.2462976037921717,metalization,PFI-SBS,3
P01,META-02,75,0.6559493666946354,10.773783838954921,18.90775591392905,34.96390403300736,0.7328572203747269,metalization,PFI-SBS,3
P01,META-03,75,0.6871940759654593,6.533725932231642,14.489246653606884,33.51310180590773,0.6969620135481717,metalization,PFI-SBS,3
P01,META-04,75,0.6459368136669158,8.539579064402377,19.01590787356331,37.8904307912206,0.7284405638262252,metalization,PFI-SBS,3
P01,META-05,75,0.6290952107983717,9.413085028495692,15.93021010064698,53.55358749865153,0.7687573923322323,metalization,PFI-SBS,3
P02,META-01,75,0.5679708997769857,9.231499920375242,17.685379449644415,64.62385221776991,0.5482862690508299,metalization,PFI-SBS,3
P02,META-02,75,0.6738254103273076,10.21772461331467,18.527251602263004,37.64170985990937,0.8137400007136547,metalization,PFI-SBS,3
P02,META-03,75,0.6376330998643589,10.642109086739353,21.152958117826003,34.46072925756367,0.7194162960825934,metalization,PFI-SBS,3
P02,META-04,75,0.6348339627341597,7.432378381196545,12.35842923442849,47.42065780045954,0.7978903746723272,metalization,PFI-SBS,3
P02,META-05,75,0.6499602033739761,6.396579880506678,18.33711510883272,36.42620941160487,0.5530519345842635,metalization,PFI-SBS,3
P03,META-01,75,0.6891285122577306,6.020259822584006,10.045982216309216,34.962871478399585,0.7726446096996543,metalization,PFI-SBS,3
P03,META-02,75,0.627124672769622,7.407260211141289,15.854205724186855,37.15074421687944,0.5265719047449193,metalization,PFI-SBS,3
P03,META-03,75,0.6486221120602029,9.779268857040712,17.382162844822325,40.098530548084625,0.7147969989191245,metalization,PFI-SBS,3
P03,META-04,75,0.6459596723223425,8.02393695246935,15.33662013570406,39.819842398970465,0.5802303529812269,metalization,PFI-SBS,3
P03,META-05,75,0.7010697086866376,5.14881675264116,9.410844409625685,32.51871251447609,0.703267212974242,metalization,PFI-SBS,3
P01,META-01,75,0.5212839841828167,9.44278230448839,21.75278958073357,45.46204427704099,0.30809021385126745,metalization,PFI-SBS,4
P01,META-02,75,0.6615763755299513,10.597576702612365,19.689391123645237,33.78832848862355,0.7103136455542369,metalization,PFI-SBS,4
P01,META-03,75,0.6922804375908226,6.427484680711499,13.238166112547564,31.28703276393594,0.7470346060329867,metalization,PFI-SBS,4
P01,META-04,75,0.6065922371845087,9.488523022984007,20.823614912565628,43.21587190552098,0.6743560480663559,metalization,PFI-SBS,4
P01,META-05,75,0.6509108741947963,8.859431636891859,14.926757388222097,48.02059477861396,0.7969720642739209,metalization,PFI-SBS,4
P02,META-01,75,0.5267710432288488,10.11184911964739,19.97236492929703,75.52783795226954,0.42390578632519427,metalization,PFI-SBS,4
P02,META-02,75,0.6720627146073392,10.272942708206052,18.4264427103041,38.227893916495454,0.8157614102091669,metalization,PFI-SBS,4
P02,META-03,75,0.6615412507786405,9.93996672771933,20.423335680399873,32.39175897233485,0.7384386465427384,metalization,PFI-SBS,4
P02,META-04,75,0.639208144661369,7.343348811429784,13.16171690111895,46.031618420831286,0.7707625666879533,metalization,PFI-SBS,4
P02,META-05,75,0.6708993707454061,6.013940369189201,17.505877949587468,34.19607068577505,0.5926545854406974,metalization,PFI-SBS,4
P03,META-01,75,0.7081011674204605,5.652840107017749,9.409720941541714,32.501068981493425,0.8005316784852614,metalization,PFI-SBS,4
P03,META-02,75,0.6235369932658424,7.478530348095817,16.223337789279935,35.3320470774013,0.5042696935686247,metalization,PFI-SBS,4
P03,META-03,75,0.6588624732177815,9.49426730062429,15.980771626116953,40.45590592363678,0.7589306743523815,metalization,PFI-SBS,4
P03,META-04,75,0.6392903505253338,8.17508983939033,16.7553733144281,37.68682179144305,0.498974387905054,metalization,PFI-SBS,4
P03,META-05,75,0.684719275811138,5.430438873746505,9.873684024614015,33.06222340161203,0.6733619313700538,metalization,PFI-SBS,4
P01,META-01,75,0.47680871248488843,10.320067155423674,23.346805947806402,47.46664023793835,0.20297030423994833,metalization,NSGA2,0
P01,META-02,75,0.6057726619017286,12.34504376077586,24.18617051262988,37.00574050181065,0.5628830104111557,metalization,NSGA2,0
P01,META-03,75,0.6202557669517994,7.931898191315809,15.94862587590861,40.830844993867885,0.6328428404111333,metalization,NSGA2,0
P01,META-04,75,0.5505619707291158,10.839905795507653,23.77199864919612,45.61139450017204,0.5756129112940905,metalization,NSGA2,0
P01,META-05,75,0.6462395718536305,8.977983263647216,16.037391328937616,46.171210638809626,0.7656352432813383,metalization,NSGA2,0
P02,META-01,75,0.5274429859456022,10.097491199930861,19.191074808391317,80.60956605999772,0.46809616158412526,metalization,NSGA2,0
P02,META-02,75,0.6565789284341659,10.757986816785126,19.548985995213904,41.48339073883223,0.792629932384188,metalization,NSGA2,0
P02,META-03,75,0.5788038177399839,12.369826595230924,24.006240151001997,43.3930549543814,0.6386163353494267,metalization,NSGA2,0
P02,META-04,75,0.5481203531626799,9.19729705205694,15.790302097786764,52.70489549799689,0.6700551722893582,metalization,NSGA2,0
P02,META-05,75,0.6519020796593772,6.361094296017837,17.64023406419883,35.88866151185373,0.5863779086707115,metalization,NSGA2,0
P03,META-01,75,0.5927137737861026,7.887403639925357,12.378540072555433,41.316392933970896,0.6548091311545399,metalization,NSGA2,0
P03,META-02,75,0.5851299780669972,8.241495164309939,17.35501152976096,39.782477318789276,0.4326972853929797,metalization,NSGA2,0
P03,META-03,75,0.5863400144267397,11.512654475894596,20.327012508316418,48.14746540689507,0.6099739889304393,metalization,NSGA2,0
P03,META-04,75,0.647446062033298,7.990249554749042,13.788813835346462,38.237048467105936,0.6606830718580301,metalization,NSGA2,0
P03,META-05,75,0.6308401745293432,6.358459978861435,10.734827918580146,38.03239593112411,0.6139011365792901,metalization,NSGA2,0
P01,META-01,75,0.4790448717322392,10.275958405615382,22.833830507318584,46.08299418997613,0.237610157416138,metalization,NSGA2,1
P01,META-02,75,0.6057644516901832,12.345300859690669,23.926180528554735,38.33108520713844,0.5722301055460272,metalization,NSGA2,1
P01,META-03,75,0.6509736340300447,7.2902795092801895,15.570782394251417,39.31791476638213,0.6500336151911211,metalization,NSGA2,1
P01,META-04,75,0.5370325189372651,11.166219933023887,24.048716027733953,46.24650437298839,0.5656752711564781,metalization,NSGA2,1
P01,META-05,75,0.6473756607289876,8.949150793711512,15.98440110214483,44.909414163645685,0.7671814454110717,metalization,NSGA2,1
P02,META-01,75,0.5519033901882255,9.574826824541422,18.43566330563098,78.07949028892305,0.5091463062476986,metalization,NSGA2,1
P02,META-02,75,0.6600634942908004,10.64882952664864,19.7683891525612,40.290312721522994,0.7879490795438081,metalization,NSGA2,1
P02,META-03,75,0.586577159562296,12.141536562088843,23.142298685062894,45.06141796378509,0.6641593870338609,metalization,NSGA2,1
P02,META-04,75,0.5317706841164815,9.53006876234121,17.439914268543692,54.36040046923859,0.5975155202601885,metalization,NSGA2,1
P02,META-05,75,0.660655591580668,6.20113380358467,16.89361523124698,37.15540544025332,0.6206498708037492,metalization,NSGA2,1
P03,META-01,75,0.6167958071689348,7.421036978017181,11.979894559327736,37.92804492913918,0.6766845663137615,metalization,NSGA2,1
P03,META-02,75,0.5918423173719631,8.108152890830324,17.09010781649709,38.85769017900785,0.449883522078829,metalization,NSGA2,1
P03,META-03,75,0.5404694884696831,12.789286333915152,22.968250571308115,50.147782338789504,0.5020310116121838,metalization,NSGA2,1
P03,META-04,75,0.6400681390319933,8.15746211324758,15.007849680823066,40.06670664120024,0.5980346178561002,metalization,NSGA2,1
P03,META-05,75,0.6050810145931161,6.8021393183853665,10.934339353297444,41.192525154353625,0.5994161411351197,metalization,NSGA2,1
P01,META-01,75,0.48146759674489537,10.228169603648734,22.326611169023057,48.906480519274695,0.27110466052107784,metalization,NSGA2,2
P01,META-02,75,0.596578342316721,12.632959556202467,24.096046326018328,37.780966207875075,0.5661345723132165,metalization,NSGA2,2
P01,META-03,75,0.6260736194282135,7.810377942898625,15.275799109992047,39.88575863943205,0.6631680052177165,metalization,NSGA2,2
P01,META-04,75,0.54413160809312,10.99499842377996,23.77110711341917,49.18743789417492,0.5756447427932907,metalization,NSGA2,2
P01,META-05,75,0.6264257707577907,9.480831972757445,16.22069075642423,48.874116236467316,0.7602472815550199,metalization,NSGA2,2
P02,META-01,75,0.5461124982720017,9.698565290852896,18.939746783125578,78.77320882176686,0.48193665616203496,metalization,NSGA2,2
P02,META-02,75,0.651732197742545,10.909815196584965,20.193610745923987,42.10083888582303,0.7787284595666124,metalization,NSGA2,2
P02,META-03,75,0.5863286474010506,12.148834948140012,23.109145994871824,44.455023902476285,0.6651209202748645,metalization,NSGA2,2
P02,META-04,75,0.5309788179171571,9.546185949100217,16.742769360456816,55.81549055866057,0.629050289832776,metalization,NSGA2,2
P02,META-05,75,0.6654468496446503,6.113579002016985,18.303261790115673,34.97454520408261,0.5547006899491074,metalization,NSGA2,2
P03,META-01,75,0.6008703769214394,7.729444894653931,13.0374548321424,39.72733024242262,0.6170817381849847,metalization,NSGA2,2
P03,META-02,75,0.6014827766498647,7.916642792919747,17.16714787212963,38.077914770052594,0.4449126314751741,metalization,NSGA2,2
P03,META-03,75,0.5650511341040714,12.105149597205154,21.46313382743168,48.096813794980505,0.5651567534569117,metalization,NSGA2,2
P03,META-04,75,0.6412802247029032,8.129991516696705,15.42513693152748,38.24198927534954,0.5753708871458516,metalization,NSGA2,2
P03,META-05,75,0.62274530167631,6.497887190379809,10.644377724622057,38.92728947344099,0.6203801580083866,metalization,NSGA2,2
P01,META-01,75,0.4717572278003467,10.41970883987653,22.967155005014124,47.23808363809392,0.22868112633817494,metalization,NSGA2,3
P01,META-02,75,0.599571351003894,12.539234896218783,23.94588252335321,38.8950371960939,0.5715253219130854,metalization,NSGA2,3
P01,META-03,75,0.6239134404894544,7.855498626574908,16.02883563465734,40.20049080797219,0.6291404973737666,metalization,NSGA2,3
P01,META-04,75,0.5524450225949716,10.79448884477243,23.633119596768537,44.562296635388094,0.5805570739246393,metalization,NSGA2,3
P01,META-05,75,0.6258811267571489,9.49465433482329,16.2568184588079,50.31744606878584,0.7591781087392415,metalization,NSGA2,3
P02,META-01,75,0.5426233146109307,9.773121376710828,18.277192597773315,78.21415834150675,0.517548674183956,metalization,NSGA2,3
P02,META-02,75,0.6532687777374777,10.861680388627343,19.473193848492986,45.11570904207812,0.794234778267566,metalization,NSGA2,3
P02,META-03,75,0.5901340091640059,12.037077845102402,23.826479218466474,41.909334790549885,0.6440082202053892,metalization,NSGA2,3
P02,META-04,75,0.5506564765433155,9.145678263170064,16.17528895155023,53.841420882173296,0.6537701226916359,metalization,NSGA2,3
P02,META-05,75,0.6637122486226528,6.145276866388304,18.023856685525704,35.9233958094312,0.5681921926877278,metalization,NSGA2,3
P03,META-01,75,0.6563421000347389,6.655193317663477,11.204167104585697,35.945180044615164,0.7171998730080913,metalization,NSGA2,3
P03,META-02,75,0.6043032757577829,7.86061288347837,16.844931108347122,36.97163703080435,0.46555437411589085,metalization,NSGA2,3
P03,META-03,75,0.5781297542586937,11.741155882287394,20.883873425149662,48.89496009407492,0.5883116597283469,metalization,NSGA2,3
P03,META-04,75,0.6294632238006017,8.39781092255171,14.879968400395011,39.892429791626185,0.6048556939983233,metalization,NSGA2,3
P03,META-05,75,0.6193479021360315,6.556404470751588,10.387352043729226,40.90836173371441,0.638491884886989,metalization,NSGA2,3
P01,META-01,75,0.48066852139654015,10.243931546658976,22.25654087050715,49.737656031776474,0.2756726415660964,metalization,NSGA2,4
P01,META-02,75,0.6081411813769273,12.270874686884063,24.19084004686809,37.02476040274348,0.5627142090058329,metalization,NSGA2,4
P01,META-03,75,0.626531121894057,7.800821871560243,15.60601493840309,40.802980409903796,0.6484480614556358,metalization,NSGA2,4
P01,META-04,75,0.5419366693442478,11.047937711768746,24.38834895988568,45.177412903894535,0.5533209643354162,metalization,NSGA2,4
P01,META-05,75,0.6098264456760655,9.902101427773784,17.151056151313217,51.114340537686566,0.7319556925503998,metalization,NSGA2,4
P02,META-01,75,0.5444711121634195,9.733638057300482,18.67984430980102,79.33723107994227,0.4960574466938189,metalization,NSGA2,4
P02,META-02,75,0.6501263460930322,10.960120004022672,20.19166937366951,43.19230349232716,0.7787710027042116,metalization,NSGA2,4
P02,META-03,75,0.58478523582229,12.194162361821443,24.11130303058106,43.48837736145745,0.6354462352957941,metalization,NSGA2,4
P02,META-04,75,0.5288890930074123,9.588719001621001,16.689492985580202,55.57039173980372,0.6314072968690468,metalization,NSGA2,4
P02,META-05,75,0.6586356716027351,6.238045547950937,17.727329495607332,36.78562657186625,0.5822834588149637,metalization,NSGA2,4
P03,META-01,75,0.6268669031270829,7.226002641460417,12.242996008599926,37.78006202983371,0.6623273695393119,metalization,NSGA2,4
P03,META-02,75,0.5907953957552889,8.128950246592572,17.436422022016533,37.72769729552907,0.4273624901743065,metalization,NSGA2,4
P03,META-03,75,0.5677346933528018,12.0304629185954,20.690363077500745,53.081854937626126,0.5959057357076807,metalization,NSGA2,4
P03,META-04,75,0.6273973533898902,8.444631616782374,16.617609221415346,41.185613356269634,0.5071794669418547,metalization,NSGA2,4
P03,META-05,75,0.6145213507139997,6.639537661135398,10.701991284099519,40.13192922521674,0.6162595901606975,metalization,NSGA2,4
P01,DEPO-01,75,0.5935061008742208,8.140995623105677,16.788676609206643,45.455792954714724,0.5209041126018814,deposition,ALL,0
P01,DEPO-02,75,0.6602517402375728,7.257553761736746,11.550529841774171,46.90466038699576,0.6561172534049047,deposition,ALL,0
P01,DEPO-03,75,0.6021312985024261,10.837830986554398,17.983353511288698,45.50189870513087,0.6659595177886009,deposition,ALL,0
P01,DEPO-04,75,0.6085191883433602,7.1697063933790846,10.365030874519867,43.99629978324674,0.5692660646896025,deposition,ALL,0
P01,DEPO-05,75,0.6743947342334671,9.19743735977528,20.740588039417815,44.04169910324099,0.6714759957612838,deposition,ALL,0
P02,DEPO-01,75,0.6928488801079375,10.757836729524172,16.44418260135282,41.752588352258165,0.7706504836764267,deposition,ALL,0
P02,DEPO-02,75,0.5983479169134174,11.283669683937617,30.71336866485254,34.751452203206185,0.471017495615084,deposition,ALL,0
P02,DEPO-03,75,0.6321212644183652,10.43794408013316,20.71621549435026,49.166260264597675,0.6521679163514349,deposition,ALL,0
P02,DEPO-04,75,0.6918676086887341,6.894959327218097,10.397825859747213,37.83300341638807,0.7824070731986154,deposition,ALL,0
P02,DEPO-05,75,0.5365901508131325,10.54663841931172,20.15249637239033,60.1797583761455,0.47743351394646416,deposition,ALL,0
P03,DEPO-01,75,0.6806810948748581,7.33995227761544,12.346837840884866,37.75437760633049,0.6971010406864331,deposition,ALL,0
P03,DEPO-02,75,0.5077375701779254,9.908778698061607,16.914818116041033,50.591087207870636,0.3648421720585625,deposition,ALL,0
P03,DEPO-03,75,0.5902241353640963,9.418327956844587,17.588991800472854,47.19942578237078,0.6217827742993404,deposition,ALL,0
P03,DEPO-04,75,0.6475586379693803,9.12289332499441,16.40961008867995,38.95909262093225,0.6863742201271021,deposition,ALL,0
P03,DEPO-05,75,0.6084310454681217,12.622359728025964,22.038848201980482,46.46399323044008,0.6738147264718934,deposition,ALL,0
P01,DEPO-01,75,0.5832664612280087,8.346068470991638,17.388441006519336,46.084249615368314,0.486061907690031,deposition,ALL,1
P01,DEPO-02,75,0.6983684588414977,6.443321086395257,11.131582233191429,40.4448776261322,0.680610693255256,deposition,ALL,1
P01,DEPO-03,75,0.5695886448341577,11.724283675552396,18.725087940540142,53.420295011976336,0.6378358394027086,deposition,ALL,1
P01,DEPO-04,75,0.6334597870889731,6.712936189178219,10.238727932551718,41.017883123704515,0.5796995116532584,deposition,ALL,1
P01,DEPO-05,75,0.670992330612142,9.293545738447046,21.223039351462226,39.2581741489199,0.6560145005317688,deposition,ALL,1
P02,DEPO-01,75,0.6744950495174833,11.400671803421472,18.225502499520623,47.76581172182664,0.7182705356121359,deposition,ALL,1
P02,DEPO-02,75,0.6079881812632794,11.0128443523378,29.72036544782257,34.84790242199869,0.5046699301263244,deposition,ALL,1
P02,DEPO-03,75,0.6306591750523989,10.479428421482725,19.647525879996376,56.03021512777314,0.6871295567960645,deposition,ALL,1
P02,DEPO-04,75,0.7088973258646075,6.513891933485183,11.251820533686178,34.79954241801964,0.7451965596403122,deposition,ALL,1
P02,DEPO-05,75,0.5268216642458983,10.768957163527661,20.198516410388166,56.384219503251984,0.47504413373373366,deposition,ALL,1
P03,DEPO-01,75,0.6777558974069153,7.4071916720662205,12.230793118261548,42.01410773635697,0.7027680210299361,deposition,ALL,1
P03,DEPO-02,75,0.5034247778961859,9.995591141387642,17.192390655459427,51.02590701316192,0.3438252231419947,deposition,ALL,1
P03,DEPO-03,75,0.5746578781270127,9.776104313072215,18.850963321882677,49.52509597681282,0.5655632974935,deposition,ALL,1
P03,DEPO-04,75,0.629884566743354,9.580384084547719,17.019204290704895,36.96892159070065,0.6626398870918023,deposition,ALL,1
P03,DEPO-05,75,0.5900356897385788,13.215340337586495,23.225573561887305,43.20954794398628,0.6377407711899978,deposition,ALL,1
P01,DEPO-01,75,0.6001161659877985,8.00861353502561,17.06864013977526,39.43155793157977,0.5047923329465012,deposition,ALL,2
P01,DEPO-02,75,0.672702961918,6.991576208803311,12.17641532014416,43.679213661867664,0.6178397789244837,deposition,ALL,2
P01,DEPO-03,75,0.6068975343398042,10.708000069336906,18.117040024146185,41.30490394672439,0.6609746083815968,deposition,ALL,2
P01,DEPO-04,75,0.5910397362287023,7.489830741361544,11.540383864474776,46.22541948723377,0.4660404006304045,deposition,ALL,2
P01,DEPO-05,75,0.6766162413639885,9.134686001534304,20.52389301807968,38.49534201442374,0.6783048886043297,deposition,ALL,2
P02,DEPO-01,75,0.6982134449188386,10.569945139283819,16.09487649385031,38.995926062545195,0.7802906475616349,deposition,ALL,2
P02,DEPO-02,75,0.6054864127219686,11.083126895450448,30.28049390773161,33.86539065912,0.4858233952321004,deposition,ALL,2
P02,DEPO-03,75,0.5983791853002973,11.39531916305275,21.582194444254718,58.24773231889073,0.6224799686934657,deposition,ALL,2
P02,DEPO-04,75,0.6978448347326194,6.761209252171473,11.442374436013687,36.45556422188413,0.7364930919160383,deposition,ALL,2
P02,DEPO-05,75,0.5479528707573748,10.288036883496064,19.072519537290454,56.57183033705299,0.5319416609929194,deposition,ALL,2
P03,DEPO-01,75,0.6861565424230738,7.214092132608556,12.663086723768865,38.967145668457206,0.6813855598102769,deposition,ALL,2
P03,DEPO-02,75,0.5082918761072877,9.897621042200972,16.470660676919337,48.40246330929246,0.39776078593884456,deposition,ALL,2
P03,DEPO-03,75,0.594897503113266,9.310914822194187,17.44143680607442,48.38522457383138,0.6281019259332571,deposition,ALL,2
P03,DEPO-04,75,0.623894879490262,9.735426266728622,17.342530385382297,39.72381820741201,0.649699982705442,deposition,ALL,2
P03,DEPO-05,75,0.5804042777960299,13.525812209323615,23.023945417880753,49.55593056619861,0.6440032307619994,deposition,ALL,2
P01,DEPO-01,75,0.5837266638155258,8.336851832663791,17.397407222816575,44.5896021553283,0.48553175456613673,deposition,ALL,3
P01,DEPO-02,75,0.6438122319239319,7.608727349752167,12.779317264993347,44.29367250602749,0.5790583700882438,deposition,ALL,3
P01,DEPO-03,75,0.5962143764862868,10.999006270084283,18.671474673922578,46.921364455575265,0.639906751633069,deposition,ALL,3
P01,DEPO-04,75,0.6023673400618874,7.282373335516362,11.308001167576707,43.868097006103554,0.48732802435309575,deposition,ALL,3
P01,DEPO-05,75,0.6714678825463894,9.28011272741676,20.271984263926875,41.46712095139608,0.686153349767854,deposition,ALL,3
P02,DEPO-01,75,0.6902639850844161,10.8483715732056,16.809004510852457,41.149385481164586,0.7603611456383066,deposition,ALL,3
P02,DEPO-02,75,0.5933185381763438,11.424960743474646,30.399871440061514,36.170468255129634,0.4817612337199745,deposition,ALL,3
P02,DEPO-03,75,0.650576785969083,9.914299511192487,19.472419650581806,46.84028637665374,0.6926815462973822,deposition,ALL,3
P02,DEPO-04,75,0.7096408073041165,6.497255336910115,10.639128065754136,35.08323132140557,0.772190533132961,deposition,ALL,3
P02,DEPO-05,75,0.5227469717885174,10.86169215414838,20.4004623911572,62.19260492118688,0.46449457792303894,deposition,ALL,3
P03,DEPO-01,75,0.6826533343477066,7.294617838036725,12.524267864059901,37.89324529218108,0.6883328801005467,deposition,ALL,3
P03,DEPO-02,75,0.49626232138116133,10.139764639591677,17.374498146760377,48.44352210318461,0.3298507612203454,deposition,ALL,3
P03,DEPO-03,75,0.5829763603144476,9.584911516946843,18.12053224279398,47.28838765808674,0.5985778697174473,deposition,ALL,3
P03,DEPO-04,75,0.6515014456073316,9.020834323534537,16.359666489903503,36.79977076563905,0.6882803913882468,deposition,ALL,3
P03,DEPO-05,75,0.5963363565914649,13.012236177710863,21.585958153969447,46.397779439412304,0.6870829522247099,deposition,ALL,3
P01,DEPO-01,75,0.5886370818743172,8.238509171162075,17.688312925920453,44.663776524158024,0.4681828464797594,deposition,ALL,4
P01,DEPO-02,75,0.6781641163602656,6.874917415632143,11.064166018562231,40.50424273784351,0.6844676141153612,deposition,ALL,4
P01,DEPO-03,75,0.5731193972321336,11.628106978062489,19.485932943003895,48.83995931782598,0.6078067217152989,deposition,ALL,4
P01,DEPO-04,75,0.5707665032071174,7.861121297836655,11.891344840660642,49.58821481082069,0.43306948192338224,deposition,ALL,4
P01,DEPO-05,75,0.6885956147288661,8.796302235309147,19.63815569349671,39.577590077657014,0.7054721449955139,deposition,ALL,4
P02,DEPO-01,75,0.6653515884248598,11.720917621218808,18.75276988087659,48.00819172395699,0.701733762436384,deposition,ALL,4
P02,DEPO-02,75,0.5789079342274968,11.829799910883585,30.729849146159765,37.23261533957296,0.47044965004040384,deposition,ALL,4
P02,DEPO-03,75,0.6203556787788688,10.77177290223378,20.392335644943888,53.70650168933714,0.6629589959860137,deposition,ALL,4
P02,DEPO-04,75,0.713093696221702,6.419991377263289,10.05226684090422,35.107615029527004,0.7966296146332134,deposition,ALL,4
P02,DEPO-05,75,0.5300453571886052,10.695589875583142,20.34015129545024,57.62773460390513,0.46765619039013506,deposition,ALL,4
P03,DEPO-01,75,0.651615096458346,8.008071320535356,14.392576239950246,38.11013826840586,0.5884113691406432,deposition,ALL,4
P03,DEPO-02,75,0.4951832306347278,10.16148571914959,15.881730644949998,55.414441522684,0.4400585177085984,deposition,ALL,4
P03,DEPO-03,75,0.5519758469064682,10.29743030417784,19.7107067481792,50.62143424982119,0.5250325969621027,deposition,ALL,4
P03,DEPO-04,75,0.6341194148242519,9.470765658756275,17.3077727475103,41.99895737462997,0.6511027076595612,deposition,ALL,4
P03,DEPO-05,75,0.5669613390339486,13.959149957102081,23.347649923496295,51.87228350638108,0.6339226084297158,deposition,ALL,4
P01,DEPO-01,75,0.592257421197945,8.166003368120018,16.98641317235677,48.079580094078345,0.5095520962195408,deposition,FILTER,0
P01,DEPO-02,75,0.5849705952585371,8.865676662241068,13.769509118179743,53.68508120501839,0.5112987051039493,deposition,FILTER,0
P01,DEPO-03,75,0.6085927547819288,10.661822743582093,17.905510850386037,45.23827467731666,0.6688451111348244,deposition,FILTER,0
P01,DEPO-04,75,0.6116861098907453,7.111706366329145,11.107063014794509,44.12878662242342,0.5053860506456913,deposition,FILTER,0
P01,DEPO-05,75,0.659618097508262,9.61483598614049,20.938000033688038,44.863146643446115,0.6651923526485085,deposition,FILTER,0
P02,DEPO-01,75,0.699234959353886,10.53416703268615,16.478832715901678,41.2359119078099,0.7696829245227882,deposition,FILTER,0
P02,DEPO-02,75,0.6016367670977681,11.191275543130509,30.6961533767194,35.16379938249869,0.47161033413715925,deposition,FILTER,0
P02,DEPO-03,75,0.6224947252420656,10.71108103502826,21.14100729914178,56.11191002181225,0.6377568758836651,deposition,FILTER,0
P02,DEPO-04,75,0.6818330255739761,7.119499311954575,10.965175939955476,39.0166712294978,0.7580136308055802,deposition,FILTER,0
P02,DEPO-05,75,0.5061500111406166,11.239418573041064,21.632955865822403,64.96692631108277,0.39783490350404094,deposition,FILTER,0
P03,DEPO-01,75,0.6712115139495352,7.557622672212492,12.401365790395833,41.639821407683655,0.6944197176463653,deposition,FILTER,0
P03,DEPO-02,75,0.5591940566308233,8.873008129452785,13.641815330803478,49.48677147623578,0.5868656338166741,deposition,FILTER,0
P03,DEPO-03,75,0.5396441581814646,10.580863026056184,20.143553353163103,51.014945912585354,0.5039430049553159,deposition,FILTER,0
P03,DEPO-04,75,0.6253004045982095,9.699044454016493,17.63902350357314,39.13295442751527,0.6376199267723032,deposition,FILTER,0
P03,DEPO-05,75,0.6127275477217681,12.483860502308149,22.767875629497162,45.20772560359397,0.6518779090480846,deposition,FILTER,0
P01,DEPO-01,75,0.5818065923423074,8.375305776236226,17.445099346633288,46.05954542115882,0.4827072286169557,deposition,FILTER,1
P01,DEPO-02,75,0.6632127037693514,7.194302953525243,12.323132044603229,41.689702283912325,0.6085748038109833,deposition,FILTER,1
P01,DEPO-03,75,0.5909966969907414,11.14113438496712,17.82286273677614,53.37956545739576,0.6718951398713001,deposition,FILTER,1
P01,DEPO-04,75,0.6456962979230163,6.488832766105622,10.274247814266117,41.762834030709655,0.5767782660873781,deposition,FILTER,1
P01,DEPO-05,75,0.6603937584528548,9.59292573559979,21.68113729470621,39.061662833468155,0.6410044245463002,deposition,FILTER,1
P02,DEPO-01,75,0.6721731463576119,11.48199546945414,18.1058293703254,50.415294432337234,0.7219581985049349,deposition,FILTER,1
P02,DEPO-02,75,0.5899747616640593,11.51889793750482,30.638299616353407,37.722808536616384,0.4736001939979725,deposition,FILTER,1
P02,DEPO-03,75,0.6337670979349221,10.391246305705213,19.1705396053999,56.51635699495883,0.7021363731886344,deposition,FILTER,1
P02,DEPO-04,75,0.698516997203771,6.746168532563414,12.300300192521767,35.29461031241181,0.6954973225022616,deposition,FILTER,1
P02,DEPO-05,75,0.5247747800015697,10.815541732347246,20.017379411292374,60.93067224204569,0.4844173527707183,deposition,FILTER,1
P03,DEPO-01,75,0.687839548564537,7.175406090025413,11.29938215602343,39.4098395678729,0.74631447541027,deposition,FILTER,1
P03,DEPO-02,75,0.5290856289549722,9.479062397893369,15.512189154167952,51.03377756905074,0.4658131729933399,deposition,FILTER,1
P03,DEPO-03,75,0.5588452198054199,10.13954397556824,19.599135146347788,49.46895484595068,0.530394443466727,deposition,FILTER,1
P03,DEPO-04,75,0.6291896447345016,9.598372039535253,17.39437550958004,40.08603737737331,0.6476024232398084,deposition,FILTER,1
P03,DEPO-05,75,0.6139954369202543,12.44298965855675,22.024447893945577,40.02786385753153,0.6742408498150027,deposition,FILTER,1
P01,DEPO-01,75,0.5908868923922286,8.19345142830659,17.29692504913432,41.56984639198005,0.4914574192237223,deposition,FILTER,2
P01,DEPO-02,75,0.6525551815923281,7.421964282006323,11.976349222909239,47.35898905028187,0.6302948704046922,deposition,FILTER,2
P01,DEPO-03,75,0.6007001213349861,10.876815848128448,18.909888881071108,43.11552352645083,0.630652050386556,deposition,FILTER,2
P01,DEPO-04,75,0.6211323035220044,6.938705716349558,11.521541726740683,45.84854521208434,0.46778258306012244,deposition,FILTER,2
P01,DEPO-05,75,0.6687022540986955,9.358233989823846,19.860979238134334,40.01332680446553,0.6987505298970208,deposition,FILTER,2
P02,DEPO-01,75,0.7119154133370118,10.090039550244772,15.24385816184897,42.1947544123699,0.8029107006526935,deposition,FILTER,2
P02,DEPO-02,75,0.6152997876517523,10.807438343454454,29.8987474859105,34.79002034392574,0.49870613062543423,deposition,FILTER,2
P02,DEPO-03,75,0.5692675088363832,12.22131431204889,23.039509613540137,65.79476540428276,0.569775379152069,deposition,FILTER,2
P02,DEPO-04,75,0.7270072496940734,6.108653173315213,10.358895895461288,34.260215510040545,0.7840333799441623,deposition,FILTER,2
P02,DEPO-05,75,0.5075641572736728,11.20723434570196,20.894427275694277,61.44501563635815,0.43824778548798893,deposition,FILTER,2
P03,DEPO-01,75,0.6776862089053459,7.408793551152013,12.859133996586676,39.31609435924949,0.6714437475422346,deposition,FILTER,2
P03,DEPO-02,75,0.5195908465095929,9.67018341858859,16.09254884299628,50.22209085864308,0.42509423672975777,deposition,FILTER,2
P03,DEPO-03,75,0.5542692615894846,10.24471824012086,18.952655989259114,53.077313436099324,0.5608634644344583,deposition,FILTER,2
P03,DEPO-04,75,0.6540552125692267,8.954730437668154,16.29448600217707,37.25278124224687,0.6907593612849589,deposition,FILTER,2
P03,DEPO-05,75,0.5936863316144207,13.097660642958608,23.528438157557265,48.14965674540825,0.6282313528796737,deposition,FILTER,2
P01,DEPO-01,75,0.5779651055715735,8.452240576620733,18.159536773968195,44.719157886585684,0.439469759464994,deposition,FILTER,3
P01,DEPO-02,75,0.6362992920033207,7.769215487117939,13.118123934315157,43.27651878115943,0.5564423917137563,deposition,FILTER,3
P01,DEPO-03,75,0.5868030616855267,11.255367825511934,19.2166845623942,45.22453049055078,0.6185701637561202,deposition,FILTER,3
P01,DEPO-04,75,0.6278919331632323,6.8149076695168205,10.728876279913548,42.86769370752253,0.538495050254512,deposition,FILTER,3
P01,DEPO-05,75,0.6493753211848088,9.904165746835144,21.050839839632633,42.62582567078223,0.6615739142542025,deposition,FILTER,3
P02,DEPO-01,75,0.6960583479813878,10.64542648865198,15.851799022766562,46.046074150473665,0.786876979693295,deposition,FILTER,3
P02,DEPO-02,75,0.6113348418207627,10.918826136411443,29.546423594369042,35.18044980123124,0.5104509158234287,deposition,FILTER,3
P02,DEPO-03,75,0.6285157347308621,10.540244957072723,20.694419874809736,55.190997091685865,0.6528994425943804,deposition,FILTER,3
P02,DEPO-04,75,0.7177846842089679,6.315022953661259,10.535893317600822,34.044220198288876,0.7765900952580004,deposition,FILTER,3
P02,DEPO-05,75,0.4820691472051888,11.787469429528555,22.432205498475767,67.48022994327407,0.35251785042582295,deposition,FILTER,3
P03,DEPO-01,75,0.6468558525694054,8.117468611023579,14.754733372455869,40.08054636471807,0.5674373427734688,deposition,FILTER,3
P03,DEPO-02,75,0.5478236723507879,9.10188324710804,15.479332977695186,45.959480981536885,0.4680736855294477,deposition,FILTER,3
P03,DEPO-03,75,0.5645737058934597,10.007879899351064,19.349754564331054,48.86486412131721,0.5422689925779497,deposition,FILTER,3
P03,DEPO-04,75,0.6530464284955078,8.980842666492453,17.34617303933343,36.04935920032376,0.6495528120535721,deposition,FILTER,3
P03,DEPO-05,75,0.5745525518076595,13.71444460624934,23.294792673800597,49.273075333882296,0.6355782732090157,deposition,FILTER,3
P01,DEPO-01,75,0.5810025582003211,8.391408449473916,17.470689103812866,49.53052508517013,0.4811885092400744,deposition,FILTER,4
P01,DEPO-02,75,0.6225068685735362,8.063843205347588,13.536074993582714,44.10984176474642,0.5277281310358175,deposition,FILTER,4
P01,DEPO-03,75,0.5746034280254777,11.58768239865585,20.32013623556223,49.06628442003703,0.5735079212384256,deposition,FILTER,4
P01,DEPO-04,75,0.6237366702943719,6.891008499672374,10.307870003512495,45.72215650135948,0.5740037711481168,deposition,FILTER,4
P01,DEPO-05,75,0.6630861156161605,9.516874181883816,20.66804877340789,43.151463918800864,0.6737699728038047,deposition,FILTER,4
P02,DEPO-01,75,0.6696759194614634,11.569459774434646,18.365148366599296,49.1807652429637,0.7139367096305187,deposition,FILTER,4
P02,DEPO-02,75,0.59446791171535,11.392671227488721,30.117684989907314,37.819257219023456,0.49133767043150567,deposition,FILTER,4
P02,DEPO-03,75,0.6126763388128682,10.989661334982452,20.787838602040527,56.77741831145677,0.6497586074801212,deposition,FILTER,4
P02,DEPO-04,75,0.7191668303581468,6.284095203929059,10.894877133663401,34.05184016170984,0.7611064808008092,deposition,FILTER,4
P02,DEPO-05,75,0.4863163784052249,11.690807669256088,22.710350012757107,62.05216884155609,0.3363616032092769,deposition,FILTER,4
P03,DEPO-01,75,0.6885673893364923,7.158675741630409,12.383295416677418,37.318238287692154,0.6953096078251193,deposition,FILTER,4
P03,DEPO-02,75,0.5348135592000269,9.363764561296954,14.980389381464898,53.8328149027817,0.5018120778361568,deposition,FILTER,4
P03,DEPO-03,75,0.540876996679373,10.552527347229804,20.530884647563365,54.13566536027575,0.48468268222608646,deposition,FILTER,4
P03,DEPO-04,75,0.6278756961907535,9.632383406220711,17.94717392766296,44.079088324377416,0.6248479069404402,deposition,FILTER,4
P03,DEPO-05,75,0.590110945210657,13.212914451598651,22.85355093680297,50.05608131975215,0.6492530191296564,deposition,FILTER,4
P01,DEPO-01,75,0.6330790571534882,7.34845417400712,16.67097723731598,33.975840849854336,0.5275981032998587,deposition,GA,0
P01,DEPO-02,75,0.6947845117028015,6.519879798002783,12.55422531303309,30.991799823262074,0.5937565130016568,deposition,GA,0
P01,DEPO-03,75,0.6372496037898439,9.881218275359334,17.105998972307585,38.78438352984869,0.6977581339275134,deposition,GA,0
P01,DEPO-04,75,0.6512269142198506,6.387543267764852,10.146266777477123,37.180870126258,0.5872563095343186,deposition,GA,0
P01,DEPO-05,75,0.7176162891436773,7.976549414542284,17.743382910221843,32.473184005160945,0.7595649232049548,deposition,GA,0
P02,DEPO-01,75,0.6893259857669353,10.881224598496244,16.372390132645144,38.07368486531999,0.7726487131360837,deposition,GA,0
P02,DEPO-02,75,0.6391424360041271,10.137623397317396,29.136288597216762,30.607698734595555,0.5239474857819902,deposition,GA,0
P02,DEPO-03,75,0.6499438008070955,9.932259406900878,19.993172111241485,45.8724653150464,0.6760244710250425,deposition,GA,0
P02,DEPO-04,75,0.7484831539611186,5.628095170937186,9.452682624422186,29.71290745030753,0.820166810197774,deposition,GA,0
P02,DEPO-05,75,0.623752628828385,8.562927583275119,15.229199351132953,44.23791713451058,0.701573082167572,deposition,GA,0
P03,DEPO-01,75,0.6037080208713789,9.109276551182901,18.18373432175959,36.631410437568114,0.3430195483798373,deposition,GA,0
P03,DEPO-02,75,0.6702919410812994,6.636712438066218,11.425744390010165,35.625168988384665,0.7101882438382958,deposition,GA,0
P03,DEPO-03,75,0.5973902060338084,9.253622298083444,18.28895893029108,40.58425582237954,0.5910809142906357,deposition,GA,0
P03,DEPO-04,75,0.6796166581743331,8.29307614106555,15.334132369838919,33.74673206977394,0.7261368201806464,deposition,GA,0
P03,DEPO-05,75,0.6521653752296483,11.212568588240492,21.557274789482967,34.55452376129162,0.6879140064083471,deposition,GA,0
P01,DEPO-01,75,0.5972053762696878,8.06690893971897,18.459140197182943,37.38602660396107,0.420821472823511,deposition,GA,1
P01,DEPO-02,75,0.7006729587600269,6.3940933668350795,13.053670302932783,30.008264671318535,0.5607903709555613,deposition,GA,1
P01,DEPO-03,75,0.654836231108299,9.40216351738637,15.64339582089936,38.769652602173856,0.7472333298020666,deposition,GA,1
P01,DEPO-04,75,0.6885213872013687,5.704520209133265,9.44243799655305,32.60123479999446,0.6425328216475327,deposition,GA,1
P01,DEPO-05,75,0.6693721775209229,9.339310528321228,20.21107818185563,35.99192988760805,0.6880363873965871,deposition,GA,1
P02,DEPO-01,75,0.6878338036982143,10.933487637848549,18.59047015587292,36.78854174682019,0.706874234785904,deposition,GA,1
P02,DEPO-02,75,0.6247160770462432,10.542905172459058,29.52166674113064,32.123845373820636,0.5112709553293686,deposition,GA,1
P02,DEPO-03,75,0.6491340911021837,9.955233566055927,19.27394521136772,46.53892997801529,0.6989143628637557,deposition,GA,1
P02,DEPO-04,75,0.7157791258622566,6.359900556986543,10.820402477737728,31.564698151613886,0.7643613506376661,deposition,GA,1
P02,DEPO-05,75,0.5735237380059579,9.706075383514484,17.10090614252248,52.63960631332277,0.6237105025236034,deposition,GA,1
P03,DEPO-01,75,0.6115917918239144,8.928058021272863,15.696463511613574,40.89147240275959,0.5104580401373199,deposition,GA,1
P03,DEPO-02,75,0.5983754466502343,8.084323681352387,13.154586695269998,42.82594323221451,0.6158494976155287,deposition,GA,1
P03,DEPO-03,75,0.5837178019204138,9.567870151633526,18.741840695915236,41.93162795804588,0.5705783899143175,deposition,GA,1
P03,DEPO-04,75,0.6526923489878912,8.990007962977353,16.707832591990623,36.29964500801405,0.6748711852837261,deposition,GA,1
P03,DEPO-05,75,0.6554013417880458,11.108256094884668,20.331575310269624,36.46949419842142,0.7223941449998496,deposition,GA,1
P01,DEPO-01,75,0.66301819740896,6.748852531021761,16.108676661305996,32.20199301863055,0.5589282485119651,deposition,GA,2
P01,DEPO-02,75,0.7211279293581162,5.9571432293592155,11.10837933589694,27.592540739797805,0.6819407887545976,deposition,GA,2
P01,DEPO-03,75,0.6711579924815589,8.95756335029496,17.873055669519264,28.5054737707007,0.6700445129697279,deposition,GA,2
P01,DEPO-04,75,0.6653269084068041,6.129311406946408,9.689736806836896,36.94727631234071,0.6235633927490213,deposition,GA,2
P01,DEPO-05,75,0.6958452829214267,8.59151940133606,17.955642366711263,33.76825650599466,0.7537779911537311,deposition,GA,2
P02,DEPO-01,75,0.6884187002309232,10.913001886714845,17.171193950417514,38.4607971340247,0.7499227214446602,deposition,GA,2
P02,DEPO-02,75,0.6276915067509539,10.459315998222174,29.138408620233385,30.343807062273516,0.523878205921497,deposition,GA,2
P02,DEPO-03,75,0.6332739288803748,10.405239153118039,20.26368771165625,42.66736402479045,0.6671981237816422,deposition,GA,2
P02,DEPO-04,75,0.753645783621337,5.512573004062046,10.22576919905347,28.564304538616938,0.7895486737780282,deposition,GA,2
P02,DEPO-05,75,0.5709735989713823,9.76411341262378,18.511595190560108,49.1164783611476,0.5590680800256036,deposition,GA,2
P03,DEPO-01,75,0.612103371574676,8.916298708258456,16.600626057201303,40.73392124856361,0.4524355727372604,deposition,GA,2
P03,DEPO-02,75,0.6696775607049158,6.649079335918279,10.916323272187329,36.34169026025779,0.735454872500169,deposition,GA,2
P03,DEPO-03,75,0.6176797345443792,8.787285819794038,16.0270704181932,41.2940844049753,0.6859724853883593,deposition,GA,2
P03,DEPO-04,75,0.7047517851961507,7.642457038900398,13.936827508316851,32.711579227773626,0.7737737062841464,deposition,GA,2
P03,DEPO-05,75,0.6241813721682132,12.114642537626736,22.163438554073682,40.833305654255994,0.6701163108622772,deposition,GA,2
P01,DEPO-01,75,0.6181185357888201,7.648073772754051,17.582802640055192,37.039721349610886,0.47450847248467776,deposition,GA,3
P01,DEPO-02,75,0.6947644178628574,6.520309033825142,11.78074254776524,28.77614019730658,0.642272848658651,deposition,GA,3
P01,DEPO-03,75,0.5852761090442778,11.296961583925293,18.7894295883281,43.53924691699894,0.6353426843819864,deposition,GA,3
P01,DEPO-04,75,0.6890911015084225,5.694086276771681,9.003508903366768,31.84223096779891,0.6749939200135151,deposition,GA,3
P01,DEPO-05,75,0.6743458199457116,9.198819051488927,20.50619648121,33.9027388357046,0.6788594067041842,deposition,GA,3
P02,DEPO-01,75,0.7053441520489097,10.320195168981527,16.340730641441194,36.936328476873435,0.7735271269469239,deposition,GA,3
P02,DEPO-02,75,0.6387236146590414,10.149389405545744,28.554664657798245,30.368673971818694,0.5427638794878344,deposition,GA,3
P02,DEPO-03,75,0.6676879419477795,9.428799067765972,19.07234330832298,45.298060901556845,0.7051800219509878,deposition,GA,3
P02,DEPO-04,75,0.7245233546598593,6.164234331664403,9.930037169194057,32.70730140006397,0.8015452753716522,deposition,GA,3
P02,DEPO-05,75,0.5873837597372652,9.390638329381103,18.068249575630077,49.163682949144885,0.5799354696786932,deposition,GA,3
P03,DEPO-01,75,0.6019992085802385,9.148555781028245,17.35971385372791,39.619734029151665,0.40121430411988657,deposition,GA,3
P03,DEPO-02,75,0.5960123713843568,8.13189015898284,14.278422545622334,39.899681190763644,0.547407398286461,deposition,GA,3
P03,DEPO-03,75,0.6058020904457762,9.060282736229611,17.7166734115482,39.46255139231496,0.616271752050081,deposition,GA,3
P03,DEPO-04,75,0.7068784396080019,7.587408899185283,14.933660707126963,30.23645423750191,0.7402546446468433,deposition,GA,3
P03,DEPO-05,75,0.6025792822271391,12.810993325802439,22.659000052363485,44.00945708018493,0.65519937573654,deposition,GA,3
P01,DEPO-01,75,0.6578981023266737,6.851394467676706,15.916977595822228,31.64042768497799,0.5693636105816018,deposition,GA,4
P01,DEPO-02,75,0.6832311540013084,6.7666775732314,12.750056217935558,29.59682992253292,0.5809838393649426,deposition,GA,4
P01,DEPO-03,75,0.6512111064520304,9.500910888521494,18.688505575632853,33.702850297528855,0.6392495448771006,deposition,GA,4
P01,DEPO-04,75,0.6775771563918398,5.904956397240785,9.108268448071641,36.75299533512465,0.6673867598204329,deposition,GA,4
P01,DEPO-05,75,0.6967109170710284,8.567067659596866,17.49245711787672,29.459246398460547,0.7663172726653388,deposition,GA,4
P02,DEPO-01,75,0.679025323756778,11.242000883961932,18.706253108318204,44.1382023913906,0.7032116427628131,deposition,GA,4
P02,DEPO-02,75,0.5982640613951178,11.28602544906249,30.212662323450893,36.34892148241759,0.4881244375609687,deposition,GA,4
P02,DEPO-03,75,0.6933610426280671,8.700367757810561,16.26461601573638,50.07663846524172,0.7855942502490963,deposition,GA,4
P02,DEPO-04,75,0.6966998782645603,6.786829500160033,11.832872070516368,34.540880358967826,0.7182006202456858,deposition,GA,4
P02,DEPO-05,75,0.5538152753035706,10.154615763671044,19.969908929879242,47.2913816799122,0.48685982390931737,deposition,GA,4
P03,DEPO-01,75,0.6672109801244304,7.649580044262692,14.540888544504448,33.71145605508919,0.579885004155624,deposition,GA,4
P03,DEPO-02,75,0.7228930422041775,5.577901855082367,9.606308650290327,32.41938858748058,0.7951386344673324,deposition,GA,4
P03,DEPO-03,75,0.6803556300387943,7.346736998599267,13.971317816710181,39.351885031141805,0.7613649918157219,deposition,GA,4
P03,DEPO-04,75,0.6172902624855101,9.906385815970067,16.89988425568604,40.73650048040536,0.667353704721917,deposition,GA,4
P03,DEPO-05,75,0.6678865276180053,10.70579184179953,17.622893169134382,34.113494042317996,0.7914352161728534,deposition,GA,4
P01,DEPO-01,75,0.6275320384733822,7.459546259012941,17.28878379188555,37.11903485344132,0.49193602471208453,deposition,TSFGA,0
P01,DEPO-02,75,0.6952393528627469,6.510163680034548,11.864283314028565,33.16858891598899,0.6371813595203366,deposition,TSFGA,0
P01,DEPO-03,75,0.6570454692796674,9.341984493954238,17.646802607325313,33.66739967407307,0.6783453794614084,deposition,TSFGA,0
P01,DEPO-04,75,0.6385618711012369,6.619494969907508,11.001765220484772,36.54906123991669,0.5147197302420099,deposition,TSFGA,0
P01,DEPO-05,75,0.6478867440627851,9.946213883872412,19.94982387074657,38.52198988206526,0.6960493275934831,deposition,TSFGA,0
P02,DEPO-01,75,0.6879951597370079,10.927836211536729,17.305149057672008,38.971605701588786,0.7460057201367588,deposition,TSFGA,0
P02,DEPO-02,75,0.6144399312132981,10.831594413933571,30.28250282472154,35.5087448699198,0.4857551683144875,deposition,TSFGA,0
P02,DEPO-03,75,0.6135311461530679,10.965407605823073,21.292272608602655,48.44959568533195,0.6325545836966384,deposition,TSFGA,0
P02,DEPO-04,75,0.7059152054426331,6.580621688610504,11.199238178459066,32.623665940607815,0.7475725055798682,deposition,TSFGA,0
P02,DEPO-05,75,0.5042216931200998,11.283304720380228,20.852157833466094,58.15648613523049,0.44051833681118513,deposition,TSFGA,0
P03,DEPO-01,75,0.5832359197399783,9.579853904779013,17.93277486325415,42.66628734932778,0.3610287984449071,deposition,TSFGA,0
P03,DEPO-02,75,0.6860789466806878,6.31893489642864,9.6046048352213,38.61727813179732,0.7952112981595462,deposition,TSFGA,0
P03,DEPO-03,75,0.5297636247088724,10.807958159431445,20.155795691984522,48.36619093871513,0.5033398598083201,deposition,TSFGA,0
P03,DEPO-04,75,0.6265975256947023,9.66546866335241,16.86433690216307,39.588834724958986,0.6687516148137863,deposition,TSFGA,0
P03,DEPO-05,75,0.648240231927675,11.339096930613268,20.98731932867669,37.52145157301941,0.7041984103394217,deposition,TSFGA,0
P01,DEPO-01,75,0.6042985678256738,7.92485110924397,18.27760469783641,37.4250772618096,0.432157261789864,deposition,TSFGA,1
P01,DEPO-02,75,0.7182396242818561,6.018841939415637,11.05500882371708,28.549268281738733,0.6849896951901244,deposition,TSFGA,1
P01,DEPO-03,75,0.6485272824832162,9.574017494952683,15.604572882322662,40.453131852444635,0.7484863784567009,deposition,TSFGA,1
P01,DEPO-04,75,0.6735012982720794,5.979602983100488,9.24773675396376,36.300331512231566,0.6571226429952179,deposition,TSFGA,1
P01,DEPO-05,75,0.6777946357202669,9.101399659400162,20.782092373832075,33.39281104989785,0.6701598505399866,deposition,TSFGA,1
P02,DEPO-01,75,0.6937108486158303,10.727646650851623,18.638168254138986,38.361146858221325,0.7053681429167238,deposition,TSFGA,1
P02,DEPO-02,75,0.6444918189133385,9.987342414590781,28.46902832562925,30.125870879206435,0.5455022978649217,deposition,TSFGA,1
P02,DEPO-03,75,0.6749334941892793,9.223218636467367,18.83035320351026,45.41118752860325,0.7126139185173825,deposition,TSFGA,1
P02,DEPO-04,75,0.7072365281413533,6.551054961701217,13.295152794786967,33.06751589716126,0.6442488111374517,deposition,TSFGA,1
P02,DEPO-05,75,0.5523802146804639,10.187275979089973,19.068734269924413,50.336138454186354,0.532127430905273,deposition,TSFGA,1
P03,DEPO-01,75,0.6356527492097929,8.374986229620333,14.66849309086462,39.365889022130915,0.5724791559963904,deposition,TSFGA,1
P03,DEPO-02,75,0.6414417022130461,7.217440551798288,11.962432458632057,37.3940763019982,0.6823228426638823,deposition,TSFGA,1
P03,DEPO-03,75,0.5824274712127115,9.597527236949484,18.54858211532494,43.12936186325372,0.5793887874517549,deposition,TSFGA,1
P03,DEPO-04,75,0.6575305166313816,8.864772698178415,16.421893318547912,33.01701682276696,0.685904522268599,deposition,TSFGA,1
P03,DEPO-05,75,0.651160486798248,11.244961511941074,20.59349262625662,36.73684065769193,0.7151956752615066,deposition,TSFGA,1
P01,DEPO-01,75,0.6527450571899704,6.954596306606609,16.744276206921576,32.55525747237951,0.5234348566169725,deposition,TSFGA,2
P01,DEPO-02,75,0.7086489783033991,6.223713125060877,10.764220540467448,30.942634128694703,0.7013436534486728,deposition,TSFGA,2
P01,DEPO-03,75,0.6292206418045196,10.099924930763203,18.53046529789414,36.099402548614975,0.6453251548100716,deposition,TSFGA,2
P01,DEPO-04,75,0.6769621310018423,5.916220171452594,9.582317644701776,37.111971324413645,0.6318633845510438,deposition,TSFGA,2
P01,DEPO-05,75,0.6683955270502274,9.366898170386754,20.576902992397347,36.16153700231989,0.6766409672181566,deposition,TSFGA,2
P02,DEPO-01,75,0.724988348847118,9.632165570027007,15.198840996962604,32.812369250700954,0.8040730442922253,deposition,TSFGA,2
P02,DEPO-02,75,0.6297222384410444,10.40226636105461,29.260524959647494,32.2339641764244,0.5198790798381989,deposition,TSFGA,2
P02,DEPO-03,75,0.6103551030563523,11.055522518790783,21.972055538282735,45.026067107549764,0.6087177252786524,deposition,TSFGA,2
P02,DEPO-04,75,0.7479847754255385,5.639247194642841,9.98193662648756,29.5359770677119,0.799465402343537,deposition,TSFGA,2
P02,DEPO-05,75,0.5328203579469692,10.632434270101008,20.591488455182905,55.941994455120714,0.45441888170798905,deposition,TSFGA,2
P03,DEPO-01,75,0.5889082937935719,9.449467152895835,17.793874161397635,38.68334784536621,0.37088893696861414,deposition,TSFGA,2
P03,DEPO-02,75,0.7002332193175924,6.034022730286265,9.17886768822341,35.538528287086166,0.8129639983960422,deposition,TSFGA,2
P03,DEPO-03,75,0.5996195445107046,9.202382967722013,16.121123355070342,46.62965845541602,0.6822760054763138,deposition,TSFGA,2
P03,DEPO-04,75,0.6752049672814642,8.407272117288672,15.484871744739841,34.554207093006525,0.7207260318917554,deposition,TSFGA,2
P03,DEPO-05,75,0.6266005499150262,12.036659512126633,22.183525509676358,40.34672155720169,0.6695180858376955,deposition,TSFGA,2
P01,DEPO-01,75,0.584501846700744,8.321326973645636,17.916773619515507,41.96010208344065,0.4543563211906896,deposition,TSFGA,3
P01,DEPO-02,75,0.67553887067678,6.930996765969323,11.909980326777262,32.58984899896774,0.6343810795174496,deposition,TSFGA,3
P01,DEPO-03,75,0.6596078713815237,9.272185384863773,17.124050410300466,38.91665541827916,0.6971199041420992,deposition,TSFGA,3
P01,DEPO-04,75,0.5996849609844286,7.3314992948187845,11.923146264855411,43.476436892087136,0.43003310442665,deposition,TSFGA,3
P01,DEPO-05,75,0.6722560893372935,9.257848091834706,20.04727089189317,35.17713632503501,0.6930727172159392,deposition,TSFGA,3
P02,DEPO-01,75,0.6780111119012722,11.27752322083153,16.995690324749727,40.78412469758953,0.7550085851418125,deposition,TSFGA,3
P02,DEPO-02,75,0.6298167910445419,10.399610081178196,29.00997154616058,33.249812354451315,0.5280662806982115,deposition,TSFGA,3
P02,DEPO-03,75,0.6212917006307481,10.74521484708484,20.585884694700955,45.40427364336774,0.6565307433711306,deposition,TSFGA,3
P02,DEPO-04,75,0.7092458320802103,6.506093544709376,10.929025624787204,33.148513048568894,0.7596065762212398,deposition,TSFGA,3
P02,DEPO-05,75,0.5206933486421397,10.90843009209333,19.933347744505088,55.1679000474953,0.4887370321835969,deposition,TSFGA,3
P03,DEPO-01,75,0.6181595376058994,8.777090008300418,17.166526601633066,37.07637115435226,0.41446729955911943,deposition,TSFGA,3
P03,DEPO-02,75,0.6536626740958916,6.971443907475624,12.280110016655778,36.688188980472574,0.6652261662742048,deposition,TSFGA,3
P03,DEPO-03,75,0.595877192801368,9.288397540004613,17.66114604745039,42.38695308460345,0.6186733346643697,deposition,TSFGA,3
P03,DEPO-04,75,0.6687394173950312,8.574631934426801,17.01699482031316,35.12773265823346,0.6627274750640946,deposition,TSFGA,3
P03,DEPO-05,75,0.6573718122602605,11.044737302483258,20.271395217261112,36.7704511232788,0.7240351020914211,deposition,TSFGA,3
P01,DEPO-01,75,0.6472929274943604,7.06378801670121,18.66899041362289,31.73925196287149,0.4075779958647405,deposition,TSFGA,4
P01,DEPO-02,75,0.6930965081288518,6.555938192228288,11.883182416897087,29.239492050867806,0.6360245415342642,deposition,TSFGA,4
P01,DEPO-03,75,0.684567255536741,8.592298814282701,17.291326785761484,30.27470105525148,0.6911736306224421,deposition,TSFGA,4
P01,DEPO-04,75,0.6665693840660911,6.106556305258763,9.437970405092337,38.27812838301119,0.6428710053894855,deposition,TSFGA,4
P01,DEPO-05,75,0.7116968414267517,8.143757243484233,17.919251266572587,30.492896698723886,0.7547750270255831,deposition,TSFGA,4
P02,DEPO-01,75,0.6989070921893006,10.545650440029162,17.689433198203066,35.09858173660557,0.7345998999089458,deposition,TSFGA,4
P02,DEPO-02,75,0.6473707648630609,9.90646377234663,28.67691850878317,29.481210280961662,0.5388402796242049,deposition,TSFGA,4
P02,DEPO-03,75,0.6521442519989378,9.869825283180194,19.47462383794516,41.36497144020036,0.6926119683196179,deposition,TSFGA,4
P02,DEPO-04,75,0.7376705329237006,5.870045009304908,10.308046035684727,29.49252591282958,0.7861484544637184,deposition,TSFGA,4
P02,DEPO-05,75,0.5588110984588731,10.040916970867539,18.683773882497928,48.9660127668792,0.5508276072920959,deposition,TSFGA,4
P03,DEPO-01,75,0.6285211120194898,8.538916005771785,16.283054219853103,37.24438123202586,0.47318512315580574,deposition,TSFGA,4
P03,DEPO-02,75,0.6930844356981907,6.1779210059897025,9.811954306411982,36.214367457426896,0.7862736718485646,deposition,TSFGA,4
P03,DEPO-03,75,0.637065602315573,8.341719167010922,16.215922776650892,37.38654212808994,0.6785283000678644,deposition,TSFGA,4
P03,DEPO-04,75,0.6644693187667297,8.685162815503737,15.161358860759645,36.57519069372201,0.7322734230396285,deposition,TSFGA,4
P03,DEPO-05,75,0.6285427461334814,11.974052150005548,21.10834469083343,43.23532217726837,0.7007770381728582,deposition,TSFGA,4
P01,DEPO-01,75,0.6084475217360201,7.8417585568164005,16.95809358985137,37.39543036410984,0.5111860729395072,deposition,mRMR,0
P01,DEPO-02,75,0.6435287150213782,7.614783713849761,11.908280840015077,47.09386494422699,0.6344854155727104,deposition,mRMR,0
P01,DEPO-03,75,0.6255697896308295,10.199373112201995,17.68026527645543,40.745243920966175,0.6771243506522677,deposition,mRMR,0
P01,DEPO-04,75,0.6713201764689875,6.019548754312595,9.171763191203075,38.4008155030768,0.6627332289157517,deposition,mRMR,0
P01,DEPO-05,75,0.6826216423594197,8.965050233065453,19.241649191735764,40.70450151758061,0.7172454763375542,deposition,mRMR,0
P02,DEPO-01,75,0.7002657215859127,10.498065025950831,16.3841106146103,40.73380735799713,0.7723230892764515,deposition,mRMR,0
P02,DEPO-02,75,0.601668952468746,11.19037135487888,30.692695612232246,34.96558778402096,0.47172936821259104,deposition,mRMR,0
P02,DEPO-03,75,0.6339285384130041,10.386665702045626,19.942473280920108,50.172963806239544,0.6776654667344741,deposition,mRMR,0
P02,DEPO-04,75,0.6737741657132941,7.299829301692726,10.656214563518391,38.07316960443992,0.7714582190592878,deposition,mRMR,0
P02,DEPO-05,75,0.5589984976948252,10.036651994658873,18.844726572232055,52.48169630006313,0.5430554192338108,deposition,mRMR,0
P03,DEPO-01,75,0.6443281842545754,8.175570290901325,14.093440333619663,40.146967842677014,0.6053425231930201,deposition,mRMR,0
P03,DEPO-02,75,0.5496028290062193,9.066070500695066,15.361262106213374,44.35020486500477,0.476157428729298,deposition,mRMR,0
P03,DEPO-03,75,0.5913682830524962,9.392030756129778,17.654283362657488,44.83691411830663,0.6189696253200463,deposition,mRMR,0
P03,DEPO-04,75,0.6468980591669563,9.139992311085443,16.71198907316685,39.35896148996549,0.6747093977045625,deposition,mRMR,0
P03,DEPO-05,75,0.5989093529463556,12.929294756552599,22.51160539010177,44.55746226995754,0.6596705771155957,deposition,mRMR,0
P01,DEPO-01,75,0.6122166169274927,7.766273567932588,17.86411489959185,37.153938188640055,0.45755898191705235,deposition,mRMR,1
P01,DEPO-02,75,0.7161842620903529,6.062747687792702,10.414350065169517,37.128750181554736,0.7204426484019442,deposition,mRMR,1
P01,DEPO-03,75,0.5837180804613005,11.339401842208925,18.52630879385509,49.92426118974047,0.6454842487200971,deposition,mRMR,1
P01,DEPO-04,75,0.6869761346560699,5.7328204647869985,8.602439814958897,35.53563853394837,0.7033043530393688,deposition,mRMR,1
P01,DEPO-05,75,0.6616372119213785,9.557801655650964,20.93606726984646,36.777735933119274,0.6652541612497987,deposition,mRMR,1
P02,DEPO-01,75,0.6870865137763962,10.959661148045628,18.548865892189742,41.47294493109013,0.7081847595227628,deposition,mRMR,1
P02,DEPO-02,75,0.6078332868450992,11.017195823484666,30.079083941939864,34.634009756232366,0.4926407132265693,deposition,mRMR,1
P02,DEPO-03,75,0.6465543365126397,10.028429789543953,18.586997963224487,50.00054341121404,0.7199940235178468,deposition,mRMR,1
P02,DEPO-04,75,0.6992664953445074,6.72939730259239,11.467840437414758,34.734085046137395,0.7353188715314705,deposition,mRMR,1
P02,DEPO-05,75,0.5530486436677413,10.172063357152458,19.014922690442546,52.068486183428185,0.5347643586789367,deposition,mRMR,1
P03,DEPO-01,75,0.6669108225829291,7.65647954815997,12.896886957406565,40.824804836748015,0.6695117076930731,deposition,mRMR,1
P03,DEPO-02,75,0.5224621809180758,9.612386163510498,17.136524247275002,44.94680700076725,0.34808275412150347,deposition,mRMR,1
P03,DEPO-03,75,0.5760785472550407,9.7434515169447,19.031434157698314,45.046910922551405,0.5572052680247723,deposition,mRMR,1
P03,DEPO-04,75,0.6430334332995129,9.240027588802471,16.846067742410586,35.5985724752392,0.6694689097578292,deposition,mRMR,1
P03,DEPO-05,75,0.5806428447527205,13.518121921542319,23.71576394679756,41.473086784797374,0.6222879844593708,deposition,mRMR,1
P01,DEPO-01,75,0.6175983974071343,7.658490766214029,16.5998187423578,35.49340744417673,0.531622302410306,deposition,mRMR,2
P01,DEPO-02,75,0.7064659863055169,6.270345245552529,10.305544443023651,34.18888892706551,0.7262535758128112,deposition,mRMR,2
P01,DEPO-03,75,0.6503478937535581,9.524424558474113,17.614535959349002,32.63303772588313,0.6795205756775342,deposition,mRMR,2
P01,DEPO-04,75,0.6705461333940549,6.033724829915408,9.61730514999305,37.706336844346296,0.6291701538135663,deposition,mRMR,2
P01,DEPO-05,75,0.6839883214017868,8.926445375574904,19.15585608608689,35.46547459764335,0.7197613010271622,deposition,mRMR,2
P02,DEPO-01,75,0.7026771147944832,10.413607009201288,16.260027061504886,35.091574676581665,0.7757586107621603,deposition,mRMR,2
P02,DEPO-02,75,0.6141913023599137,10.838579180037424,30.090018020637807,33.379870518859356,0.49227178479309097,deposition,mRMR,2
P02,DEPO-03,75,0.6220031376290294,10.725029011682158,20.659332895151003,51.18351286585329,0.6540754490627606,deposition,mRMR,2
P02,DEPO-04,75,0.6970469580204379,6.779063030721706,12.341996173348564,33.05213820343629,0.6934293961616116,deposition,mRMR,2
P02,DEPO-05,75,0.5617368639429823,9.974330145588045,18.485602680522103,51.124485541324624,0.5603054537880124,deposition,mRMR,2
P03,DEPO-01,75,0.6334590944480014,8.425410181997355,15.772966009108616,38.92594628534974,0.5056744850902948,deposition,mRMR,2
P03,DEPO-02,75,0.6076197124087417,7.898245325422957,13.379361709907156,39.6249411166087,0.6026092256664122,deposition,mRMR,2
P03,DEPO-03,75,0.5997234522546764,9.19999474212251,16.590429390691327,45.152251291950066,0.6635080609547307,deposition,mRMR,2
P03,DEPO-04,75,0.6217516489322532,9.790903477572803,17.556200454373144,38.66359504268686,0.6410150080763843,deposition,mRMR,2
P03,DEPO-05,75,0.617863534623881,12.318300200638165,21.306286983654807,44.01058337232664,0.6951388332154789,deposition,mRMR,2
P01,DEPO-01,75,0.5816469165194733,8.378503659839406,17.76504438529502,41.40436140021304,0.4635588196904399,deposition,mRMR,3
P01,DEPO-02,75,0.6606109078497102,7.249881380261166,12.385989619897915,36.01262907083678,0.6045714727525129,deposition,mRMR,3
P01,DEPO-03,75,0.6318344650676145,10.028725123772805,18.102718100547616,39.42639937672298,0.6615104107600762,deposition,mRMR,3
P01,DEPO-04,75,0.6730014777010735,5.988756858940067,9.377266342549168,35.69611640707313,0.6474502657087919,deposition,mRMR,3
P01,DEPO-05,75,0.6573002600081197,9.680308407685978,20.514813530810418,38.61647187142066,0.6785894526097263,deposition,mRMR,3
P02,DEPO-01,75,0.7222379540750662,9.728496971683198,15.99385825103287,34.73458636543091,0.783039969833847,deposition,mRMR,3
P02,DEPO-02,75,0.6033578712896441,11.142924315760968,30.192063940860717,34.71050084722845,0.4888221724565568,deposition,mRMR,3
P02,DEPO-03,75,0.6381329344269538,10.267372994314211,19.933083918072867,48.84586023928492,0.6779689199092822,deposition,mRMR,3
P02,DEPO-04,75,0.7054065063179462,6.5920046521463425,10.35676468835815,36.03561212398486,0.7841222354075493,deposition,mRMR,3
P02,DEPO-05,75,0.5315982162454798,10.660248712641213,20.64754115603337,56.69502500488422,0.4514445539021241,deposition,mRMR,3
P03,DEPO-01,75,0.6386023303496328,8.307186345373282,14.651231828617467,39.612146347385874,0.5734847408765793,deposition,mRMR,3
P03,DEPO-02,75,0.6218580291979185,7.611641429716671,12.742336949180054,38.27703500162025,0.6395498914911888,deposition,mRMR,3
P03,DEPO-03,75,0.5910322386770028,9.399754432435754,17.969657891544934,44.47861463517393,0.6052346465494955,deposition,mRMR,3
P03,DEPO-04,75,0.6397349017167875,9.325409598408127,17.167919409762746,37.70134655328615,0.656718370955125,deposition,mRMR,3
P03,DEPO-05,75,0.5972994769589006,12.981189661896819,21.732686510265424,44.45858724093128,0.682814450362857,deposition,mRMR,3
P01,DEPO-01,75,0.5933183238251563,8.14475629980425,17.87197119124929,39.70224785145535,0.45708176690270574,deposition,mRMR,4
P01,DEPO-02,75,0.6557676024225705,7.353341952940941,11.794875816271876,38.92717727640897,0.6414140086328195,deposition,mRMR,4
P01,DEPO-03,75,0.5908832542485194,11.144224533205035,19.34581815759406,45.52177046803501,0.6134266229087344,deposition,mRMR,4
P01,DEPO-04,75,0.6341468204799302,6.700353637111963,10.41883403043748,41.61610642305479,0.5647827218515383,deposition,mRMR,4
P01,DEPO-05,75,0.6652999425441217,9.454339767867593,19.867441990861227,39.467177844005626,0.6985544451449734,deposition,mRMR,4
P02,DEPO-01,75,0.6982946813944617,10.567099866437207,18.221681540532614,37.82848940380376,0.7183886518493167,deposition,mRMR,4
P02,DEPO-02,75,0.5914908506253405,11.476306232467222,30.247181316197967,36.35949606774036,0.486954098939419,deposition,mRMR,4
P02,DEPO-03,75,0.6285600725301069,10.538986946145773,19.615794105823685,50.68483776648773,0.6881393447200064,deposition,mRMR,4
P02,DEPO-04,75,0.7033716537351216,6.637537761261407,10.527750858955983,35.584630171450215,0.7769352777546754,deposition,mRMR,4
P02,DEPO-05,75,0.5672048036297929,9.849886560980197,18.37123960887264,51.334855448253194,0.5657290554602037,deposition,mRMR,4
P03,DEPO-01,75,0.6562612152766178,7.901274354070492,14.186531258626095,37.16218658947148,0.6001116690879672,deposition,mRMR,4
P03,DEPO-02,75,0.5573257061361818,8.910616263773555,15.406973260568723,43.44446151791648,0.4730351492958449,deposition,mRMR,4
P03,DEPO-03,75,0.5687927646936657,9.910908645358692,19.56560391499963,46.29190771799913,0.5319999206994066,deposition,mRMR,4
P03,DEPO-04,75,0.6146390429120052,9.975012248494524,17.649211306739517,43.71288625058297,0.637201204838747,deposition,mRMR,4
P03,DEPO-05,75,0.5920867497602049,13.149223713382494,22.513647631935598,47.28879876847773,0.6596088252769979,deposition,mRMR,4
P01,DEPO-01,75,0.6420045650043353,7.169699903637964,16.04020506399626,34.616603214758456,0.5626699216472039,deposition,MI,0
P01,DEPO-02,75,0.7156976177899457,6.073143170540776,10.333995154756364,31.23694570535146,0.7247400155594128,deposition,MI,0
P01,DEPO-03,75,0.656905586742437,9.34579485473599,15.869356545125518,37.14811111629632,0.739878425378478,deposition,MI,0
P01,DEPO-04,75,0.665635752924064,6.1236551284162095,9.061231132126464,36.79761960854494,0.6708132807351018,deposition,MI,0
P01,DEPO-05,75,0.6831403001627647,8.950399601890327,19.23431144615542,38.05174631862299,0.7174610904078376,deposition,MI,0
P02,DEPO-01,75,0.6884364039797393,10.912381820477322,16.93880848741676,35.8389981915532,0.7566457345016798,deposition,MI,0
P02,DEPO-02,75,0.6320114100076903,10.33795633529949,29.630789458116723,29.503913520692688,0.5076512405074325,deposition,MI,0
P02,DEPO-03,75,0.6535200705041564,9.830788733271488,19.495000953965047,49.010636730279295,0.6919683657922213,deposition,MI,0
P02,DEPO-04,75,0.7087409259586475,6.517391633681538,10.297086180478354,34.40030496848608,0.7866029607733334,deposition,MI,0
P02,DEPO-05,75,0.6070417898053226,8.943245733976518,16.441343336843694,45.875768246054065,0.6521768791996942,deposition,MI,0
P03,DEPO-01,75,0.6480161494491277,8.090797707458723,14.392841521354383,36.46379890089602,0.5883961963440074,deposition,MI,0
P03,DEPO-02,75,0.5539273725228884,8.979021516086796,15.539856032273374,42.81738298872887,0.4639059680812222,deposition,MI,0
P03,DEPO-03,75,0.6245413199991905,8.629578478550924,16.105590347073104,38.96676433538073,0.6828879766963482,deposition,MI,0
P03,DEPO-04,75,0.6779478691823683,8.336272501072518,15.388912243240922,33.27320798051529,0.7241766196323615,deposition,MI,0
P03,DEPO-05,75,0.654803776880766,11.127518804895853,19.877628912800517,35.069757953241385,0.7346520602562115,deposition,MI,0
P01,DEPO-01,75,0.6175732916503975,7.658993567993216,17.43093708006103,36.462961501534124,0.4835467841012233,deposition,MI,1
P01,DEPO-02,75,0.6955049945552447,6.504489158357793,10.894680532345431,34.858122528360234,0.6940604852685994,deposition,MI,1
P01,DEPO-03,75,0.6088228064860621,10.655556200176738,17.71200322815611,45.21364402294393,0.6759641181331816,deposition,MI,1
P01,DEPO-04,75,0.7040057141706,5.420935229326282,8.100209367036186,33.817320314645535,0.7369366312301407,deposition,MI,1
P01,DEPO-05,75,0.658427227956636,9.648474717624019,20.100112059058386,38.10560241517102,0.6914525694761875,deposition,MI,1
P02,DEPO-01,75,0.7204177057153269,9.792250392696738,16.59605924516735,35.5859213665518,0.7663944264743808,deposition,MI,1
P02,DEPO-02,75,0.6311198984979054,10.363001696246055,29.706800723351833,30.621395403452762,0.5051219758868479,deposition,MI,1
P02,DEPO-03,75,0.6613916395646076,9.607446121348046,18.106104616896104,47.345576549858734,0.734295537056987,deposition,MI,1
P02,DEPO-04,75,0.7093778967987774,6.503138383587867,11.71963302702286,31.50199724177172,0.7235683790532564,deposition,MI,1
P02,DEPO-05,75,0.5457578009777115,10.337993972910303,19.67801533189492,52.166716171892894,0.501750995743961,deposition,MI,1
P03,DEPO-01,75,0.6672072468969062,7.649665857258504,12.762036452158899,37.56460715599518,0.6763867804884482,deposition,MI,1
P03,DEPO-02,75,0.551381761446064,9.030262267530501,16.125118009424703,40.847563178795745,0.4227648171571142,deposition,MI,1
P03,DEPO-03,75,0.6010513248363669,9.16947479075745,18.43013113430007,39.660246806110656,0.5847436690012902,deposition,MI,1
P03,DEPO-04,75,0.654843191407448,8.934333720205629,16.541595463256876,34.18907481554395,0.6813088364308837,deposition,MI,1
P03,DEPO-05,75,0.6364590891364954,11.718866114549948,21.301534867246232,37.59083565155406,0.6952748094362442,deposition,MI,1
P01,DEPO-01,75,0.6431984627493835,7.145789295538369,15.92988184739841,34.56148538765041,0.5686650743322164,deposition,MI,2
P01,DEPO-02,75,0.7184942465358292,6.0134028101661245,11.299887208479932,28.084455099665938,0.6708796085591229,deposition,MI,2
P01,DEPO-03,75,0.6328428691095593,10.00125648265673,17.70297293403691,39.70439462548214,0.6762944470461549,deposition,MI,2
P01,DEPO-04,75,0.656697647614661,6.287350484289049,9.74729160701505,37.730388770121124,0.6190782186164148,deposition,MI,2
P01,DEPO-05,75,0.6793604153976874,9.057170766269756,19.501616524090355,35.4264231366334,0.709553463867008,deposition,MI,2
P02,DEPO-01,75,0.6974999145911042,10.594936234123482,16.79367111352981,37.77555055731737,0.7607981497228461,deposition,MI,2
P02,DEPO-02,75,0.6367496276051932,10.204844907493657,28.86761796318225,29.554520938118145,0.5326865281981947,deposition,MI,2
P02,DEPO-03,75,0.6452721309904508,10.06481022756706,19.671940613291973,49.44487589854488,0.6863515051975727,deposition,MI,2
P02,DEPO-04,75,0.69686841918211,6.7830581252437785,11.706038766900795,33.338971845285506,0.7242093042191797,deposition,MI,2
P02,DEPO-05,75,0.6319776752357715,8.375735639485024,15.473410813542191,41.777524628880386,0.6919253510121529,deposition,MI,2
P03,DEPO-01,75,0.6237691938363301,8.648144905569799,16.286072315941727,38.795624425380154,0.4729898127121349,deposition,MI,2
P03,DEPO-02,75,0.5435088763573237,9.188736023262365,16.327126288097798,40.58653460030953,0.4082115368216028,deposition,MI,2
P03,DEPO-03,75,0.6166790048416493,8.810286687707135,16.41744352449989,40.66211992370381,0.6704885776617981,deposition,MI,2
P03,DEPO-04,75,0.6448421215532012,9.19320995678136,16.366588907112984,36.14481181744712,0.6880165339653928,deposition,MI,2
P03,DEPO-05,75,0.6531835842515716,11.179746270729646,20.19592121776754,36.83493789928033,0.7260862091660263,deposition,MI,2
P01,DEPO-01,75,0.5931893127928649,8.14734004891211,17.554597147810775,39.55487273862141,0.47619305705717496,deposition,MI,3
P01,DEPO-02,75,0.703306386490546,6.33783923518697,10.898284323909529,31.478696654373888,0.6938580516881034,deposition,MI,3
P01,DEPO-03,75,0.619953058327015,10.35237128556548,18.319201375110435,41.09246123069121,0.6533662766400703,deposition,MI,3
P01,DEPO-04,75,0.6950534021827897,5.584890770909308,8.354319747634191,34.30871440720656,0.7201727045039186,deposition,MI,3
P01,DEPO-05,75,0.6811281259482256,9.007237891196274,19.25261719127248,37.321526380519465,0.7169230366826984,deposition,MI,3
P02,DEPO-01,75,0.6943862678927861,10.703990379280755,17.283288418374518,37.390796077474704,0.7466470287147091,deposition,MI,3
P02,DEPO-02,75,0.622198401744658,10.613634586473752,30.090595999126123,30.823634517842223,0.49225227940067173,deposition,MI,3
P02,DEPO-03,75,0.6573202191475787,9.722965868833507,19.42273919893147,47.42262985612357,0.6942476837784275,deposition,MI,3
P02,DEPO-04,75,0.7212309760676855,6.237906613848816,10.669666367983725,32.50678910953105,0.770880858357301,deposition,MI,3
P02,DEPO-05,75,0.5736433767585782,9.703352552597021,18.98670442715572,50.41578738390188,0.5361441592607019,deposition,MI,3
P03,DEPO-01,75,0.655793751030258,7.9120196159535245,14.577494172222714,36.727139595600406,0.5777671239025097,deposition,MI,3
P03,DEPO-02,75,0.5508958232819144,9.040043744721926,15.959800410935362,40.87808508639726,0.434539982597562,deposition,MI,3
P03,DEPO-03,75,0.6195109651956007,8.74519663805769,17.05375466407384,38.98967717563174,0.6444510228385312,deposition,MI,3
P03,DEPO-04,75,0.6478892113736454,9.114336480571225,16.838055988952302,35.65872058715365,0.6697832268955977,deposition,MI,3
P03,DEPO-05,75,0.6226948599225124,12.162560770388021,20.321264658229957,40.395984084600464,0.7226756353969289,deposition,MI,3
P01,DEPO-01,75,0.6248519918339581,7.513220491290949,17.23953566512306,35.03251503297132,0.49482640291033186,deposition,MI,4
P01,DEPO-02,75,0.6826683693602686,6.778699532641824,11.544095260741896,32.381320649735365,0.6565002877922003,deposition,MI,4
P01,DEPO-03,75,0.6340633449159185,9.96801106661191,17.54030716403981,37.87812963955244,0.6822159265932046,deposition,MI,4
P01,DEPO-04,75,0.6686835105065304,6.067837508819453,9.17282641599729,38.56777443058311,0.662655029954359,deposition,MI,4
P01,DEPO-05,75,0.6889743422098711,8.785604244062695,18.400105939642636,35.37090980088165,0.7414374490508906,deposition,MI,4
P02,DEPO-01,75,0.6887902239382437,10.89998942761684,18.274172056655008,36.63242980401304,0.7167638604329452,deposition,MI,4
P02,DEPO-02,75,0.6053430787198228,11.087153598168532,29.388396191184896,34.065951983626995,0.5156735639469281,deposition,MI,4
P02,DEPO-03,75,0.6553188956381926,9.779750077478235,18.633510764940148,49.76299252977297,0.7185908751245047,deposition,MI,4
P02,DEPO-04,75,0.7112759304031183,6.460666819829406,10.41440808656513,33.21279180571673,0.781712494844511,deposition,MI,4
P02,DEPO-05,75,0.5793188391866232,9.574186005541517,17.911582080118436,47.52250609074193,0.5871885398321177,deposition,MI,4
P03,DEPO-01,75,0.6484304450370852,8.081274594997707,15.133634766208681,35.10124993997677,0.5449356754675501,deposition,MI,4
P03,DEPO-02,75,0.5791419437247514,8.471475965442025,15.2156894251654,39.35340786731587,0.486038887339448,deposition,MI,4
P03,DEPO-03,75,0.6406980561952639,8.25823049703413,16.744151066020926,36.58855621122719,0.6572435162283935,deposition,MI,4
P03,DEPO-04,75,0.6414392458647322,9.281292898367035,16.23482703730483,35.26484730794899,0.6930196599899134,deposition,MI,4
P03,DEPO-05,75,0.6430776247785955,11.505515345086561,20.608745472306,39.11471485925626,0.7147736307499202,deposition,MI,4
P01,DEPO-01,75,0.6507616801130405,6.994318093666587,16.099010918654205,33.24202201003897,0.5594574051985934,deposition,DDA,0
P01,DEPO-02,75,0.7272019474815425,5.827392710220854,9.810925655867699,29.825077181228288,0.7519001261909687,deposition,DDA,0
P01,DEPO-03,75,0.6978732300582706,8.229847828736618,14.952011607703053,30.712247854795972,0.7690824240723874,deposition,DDA,0
P01,DEPO-04,75,0.6684632175733979,6.071872024954262,10.368732270991186,35.68362703386936,0.5689583759318491,deposition,DDA,0
P01,DEPO-05,75,0.6897266086121283,8.76435482385957,18.50496872832765,37.322774052617326,0.7384819388122751,deposition,DDA,0
P02,DEPO-01,75,0.7137351105495165,10.026305432927616,15.516844406114542,35.01042501954509,0.7957885646726244,deposition,DDA,0
P02,DEPO-02,75,0.6320211473080981,10.337682783919973,29.722092502750648,29.812966532259743,0.5046123610432509,deposition,DDA,0
P02,DEPO-03,75,0.651949099956522,9.875362396116715,19.67362027361912,42.23201254898718,0.6862979420606402,deposition,DDA,0
P02,DEPO-04,75,0.7077866925489038,6.538744145570524,10.53203555072354,33.64089723040708,0.776753670479757,deposition,DDA,0
P02,DEPO-05,75,0.6010150246494552,9.080407499201344,17.1872346722543,45.22550045544237,0.619901755463949,deposition,DDA,0
P03,DEPO-01,75,0.6269428869329188,8.575193522175732,17.0740317181443,36.26602781124281,0.4207601127559967,deposition,DDA,0
P03,DEPO-02,75,0.5867771436625271,8.317786587753345,14.796689199707469,39.14233313782703,0.5139554320556492,deposition,DDA,0
P03,DEPO-03,75,0.6232766942582053,8.658644758435045,16.558964298286764,38.99057809607609,0.6647832189924038,deposition,DDA,0
P03,DEPO-04,75,0.671410559637583,8.505489806515692,15.848609640011643,33.04755683758297,0.7074517073633253,deposition,DDA,0
P03,DEPO-05,75,0.651743053144935,11.226182285681638,20.624584857909255,37.48246357740642,0.7143350260232995,deposition,DDA,0
P01,DEPO-01,75,0.6563684133371344,6.882030084583466,16.97485205344159,32.95353609442916,0.5102194763083219,deposition,DDA,1
P01,DEPO-02,75,0.725314740621736,5.867706397932285,10.527849259181647,28.041009443978343,0.7143160185857967,deposition,DDA,1
P01,DEPO-03,75,0.6289806281169397,10.106462835782267,16.644591466174063,43.16921697160268,0.7138432340643026,deposition,DDA,1
P01,DEPO-04,75,0.7264860655057715,5.0092227931250575,8.001002342312438,30.022453304135738,0.7433408900390565,deposition,DDA,1
P01,DEPO-05,75,0.6708414225536479,9.297808468694415,18.831574614198185,36.176192955603334,0.7291690784343794,deposition,DDA,1
P02,DEPO-01,75,0.7108623809077799,10.12692156112122,16.836288411081306,35.51969628469527,0.7595825642575076,deposition,DDA,1
P02,DEPO-02,75,0.640901256548438,10.0882125990394,28.997094586899056,29.03548076290368,0.5284851520177749,deposition,DDA,1
P02,DEPO-03,75,0.6690824235859718,9.389232982661296,17.862241941160562,44.924703222958875,0.7414046367926836,deposition,DDA,1
P02,DEPO-04,75,0.708727718746321,6.517687166362894,11.601106638011798,30.964066137529688,0.7291314816418868,deposition,DDA,1
P02,DEPO-05,75,0.5686226806765547,9.817617422632193,18.717172729584824,48.030654919274454,0.5492203036829271,deposition,DDA,1
P03,DEPO-01,75,0.6364250343138841,8.357234271569112,15.33024065676502,39.031391681823315,0.533035099828781,deposition,DDA,1
P03,DEPO-02,75,0.6362015404928326,7.32292006776788,12.562077864771863,36.195292169823986,0.6496759504006511,deposition,DDA,1
P03,DEPO-03,75,0.6011121628748282,9.168076483419394,17.987879204556716,39.39421411133172,0.604433653001995,deposition,DDA,1
P03,DEPO-04,75,0.682794754273917,8.21081158640024,14.879138166839235,32.73806708743693,0.7421478340411423,deposition,DDA,1
P03,DEPO-05,75,0.6339020054836224,11.801294584293679,21.536855931376603,38.34867055103528,0.6885049365443119,deposition,DDA,1
P01,DEPO-01,75,0.6430309593108912,7.14914394554063,16.131197910918807,34.11213449649296,0.5576940774952233,deposition,DDA,2
P01,DEPO-02,75,0.7123367328656585,6.144936924663553,11.958400834947406,27.197324224691993,0.631402159234675,deposition,DDA,2
P01,DEPO-03,75,0.6456098707463289,9.653486966171611,17.064787949354887,37.503326789566756,0.6992126754180293,deposition,DDA,2
P01,DEPO-04,75,0.6215899051397866,6.930325052094904,11.694497549112942,38.383569950282,0.4516838683104931,deposition,DDA,2
P01,DEPO-05,75,0.6919886299805739,8.700459051800191,18.709736613837634,35.50995122290896,0.7326622279655746,deposition,DDA,2
P02,DEPO-01,75,0.7015750346845013,10.452206894138085,17.18086973521211,36.31911323059886,0.749640810277367,deposition,DDA,2
P02,DEPO-02,75,0.6435647816850485,10.013385804652033,28.283546112685254,29.796748847213834,0.5514053176453643,deposition,DDA,2
P02,DEPO-03,75,0.6422264360587981,10.151226729275082,19.90221139524299,49.471987372502454,0.6789656761418645,deposition,DDA,2
P02,DEPO-04,75,0.7536989380355024,5.5113835882977,9.630488874024604,29.9756828883325,0.8133378077347276,deposition,DDA,2
P02,DEPO-05,75,0.5785198622230229,9.592369738915414,18.19252934654636,48.72042277478671,0.5741368927497059,deposition,DDA,2
P03,DEPO-01,75,0.6038947003832101,9.104985484521777,17.741069807723026,38.88701508328337,0.3746172439045643,deposition,DDA,2
P03,DEPO-02,75,0.5604068251557268,8.848596242221037,15.496171797581102,39.738300618718405,0.4669157695844237,deposition,DDA,2
P03,DEPO-03,75,0.6316259307215982,8.466745103067716,16.08592102100988,38.76967411985318,0.6836620645600243,deposition,DDA,2
P03,DEPO-04,75,0.663629873954072,8.706891722218806,15.707960793473717,33.406228210783816,0.712621120039519,deposition,DDA,2
P03,DEPO-05,75,0.6351664357098805,11.76053524169999,21.253452437899195,38.90550365017849,0.6966489255422827,deposition,DDA,2
P01,DEPO-01,75,0.608409202640414,7.842525986758846,17.265422702724322,36.68338395220346,0.49330811764298554,deposition,DDA,3
P01,DEPO-02,75,0.70814992130187,6.234373762502554,11.407292878394243,28.39389701839635,0.6645932812970031,deposition,DDA,3
P01,DEPO-03,75,0.627281071872096,10.152758267577802,17.798875750676142,40.77008253404796,0.6727777085955933,deposition,DDA,3
P01,DEPO-04,75,0.6788831380833162,5.881038225508714,9.17314334721761,33.81855029235359,0.6626317182737068,deposition,DDA,3
P01,DEPO-05,75,0.6890587792168328,8.783219134962728,19.313762381331205,35.269995102378765,0.715122109524313,deposition,DDA,3
P02,DEPO-01,75,0.6936338317962205,10.730344132049417,17.886910478442466,34.79465520851255,0.7286411974996578,deposition,DDA,3
P02,DEPO-02,75,0.6269417906333725,10.48037788084084,29.08669757186063,30.87848265954898,0.5255666241594832,deposition,DDA,3
P02,DEPO-03,75,0.6596033749707935,9.65818513946825,19.29225944198279,46.806960394262816,0.6983419038757586,deposition,DDA,3
P02,DEPO-04,75,0.706724211458212,6.56251887394323,10.696432581371687,33.20712345543404,0.7697298675216432,deposition,DDA,3
P02,DEPO-05,75,0.6051267341842259,8.986830045410592,17.144860548368854,44.788170701239935,0.6217736651458712,deposition,DDA,3
P03,DEPO-01,75,0.6274105043917295,8.564444738509115,16.905522443767516,36.807788082494895,0.43213711326064164,deposition,DDA,3
P03,DEPO-02,75,0.5631243871874252,8.793894280139373,15.522581963618535,39.90564300613397,0.46509714747236397,deposition,DDA,3
P03,DEPO-03,75,0.6302779936503323,8.497726218594496,16.344935882155646,37.75932075797543,0.673392724900031,deposition,DDA,3
P03,DEPO-04,75,0.6591775867517564,8.822138527999323,16.784684660322718,32.73537422492979,0.6718732753543031,deposition,DDA,3
P03,DEPO-05,75,0.644368035806651,11.4639185024242,20.185180794221555,36.74906791928375,0.7263774727152792,deposition,DDA,3
P01,DEPO-01,75,0.62739351515921,7.4623205139200826,17.6663474592092,33.77177736438382,0.4695028546544906,deposition,DDA,4
P01,DEPO-02,75,0.7021610044297222,6.362306385923728,11.35364764856871,29.300918486234096,0.6677405069900504,deposition,DDA,4
P01,DEPO-03,75,0.6280356763979985,10.132203053552079,18.010410419847762,38.69510898314466,0.664953598405557,deposition,DDA,4
P01,DEPO-04,75,0.6565143457398048,6.290707534200418,9.571940057456482,38.71511132459268,0.6326603318593729,deposition,DDA,4
P01,DEPO-05,75,0.7187813464087762,7.943639807902256,18.01288860001476,33.73437644775009,0.7522054768893245,deposition,DDA,4
P02,DEPO-01,75,0.7110333770170416,10.12093249546042,17.183714051952812,35.076102847405025,0.7495579087956457,deposition,DDA,4
P02,DEPO-02,75,0.5934564456754963,11.421086488284889,29.556412847431822,35.53467334185322,0.5101198397909136,deposition,DDA,4
P02,DEPO-03,75,0.6540178616008248,9.816664743140889,18.869325004847376,44.58635216144099,0.7114231237389241,deposition,DDA,4
P02,DEPO-04,75,0.7255842470447684,6.140495153146441,10.432140429138379,31.580308530369113,0.7809685170590248,deposition,DDA,4
P02,DEPO-05,75,0.6089461659790296,8.89990447363498,16.675418988280878,44.309430742975366,0.6422024520635603,deposition,DDA,4
P03,DEPO-01,75,0.6352940031578698,8.383232465150504,16.220009310205054,35.95812477381548,0.4772566810639053,deposition,DDA,4
P03,DEPO-02,75,0.5672948421966135,8.709946951940456,14.889584278683182,41.544700058772996,0.5078334030527087,deposition,DDA,4
P03,DEPO-03,75,0.6202802994120111,8.727514186298327,16.523638940134706,41.30335912103958,0.6662119341816886,deposition,DDA,4
P03,DEPO-04,75,0.6631678301278903,8.71885165936535,16.230052884431892,35.34134974725051,0.6932001800015661,deposition,DDA,4
P03,DEPO-05,75,0.6187880926424907,12.288496755382207,21.683443860883024,44.1859820046964,0.6842502012270136,deposition,DDA,4
P01,DEPO-01,75,0.6372111859013374,7.2656985849990265,16.38400460387593,34.19666250081007,0.5437218854462572,deposition,PFI-SBS,0
P01,DEPO-02,75,0.713654192515595,6.11679392771334,10.426574496882637,31.40092794556374,0.7197859707535592,deposition,PFI-SBS,0
P01,DEPO-03,75,0.697701902009851,8.234514756356305,15.02928645300898,30.333373824607335,0.7666894041451949,deposition,PFI-SBS,0
P01,DEPO-04,75,0.6442268487186019,6.515744734820135,10.221997042609438,37.88089849057112,0.5810719977349027,deposition,PFI-SBS,0
P01,DEPO-05,75,0.6895425775786889,8.769553185434983,18.215642776833626,37.087288281090856,0.7465957009484079,deposition,PFI-SBS,0
P02,DEPO-01,75,0.7174045188513833,9.897785975081215,15.078133080361223,33.39028116008025,0.8071727571898866,deposition,PFI-SBS,0
P02,DEPO-02,75,0.6288629416961432,10.42640670798232,29.495113208547924,31.435159072179726,0.5121497435338381,deposition,PFI-SBS,0
P02,DEPO-03,75,0.6360143330850009,10.327484765385831,20.477229058959168,43.49668223229175,0.6601469474669477,deposition,PFI-SBS,0
P02,DEPO-04,75,0.6980751642415115,6.756055257848087,10.967776913636804,34.203654266650275,0.7578988173582087,deposition,PFI-SBS,0
P02,DEPO-05,75,0.5688576993341308,9.812268686933988,18.021801481084122,46.99419417163791,0.5820924155628664,deposition,PFI-SBS,0
P03,DEPO-01,75,0.6083425964555625,9.002744920675218,18.478309355207333,36.38746830921246,0.32156107119499056,deposition,PFI-SBS,0
P03,DEPO-02,75,0.6586886567140019,6.870275614942799,10.783215603900176,37.40373435622335,0.7418669766998598,deposition,PFI-SBS,0
P03,DEPO-03,75,0.6170715343771493,8.801264751040925,16.361956137963368,40.11190864731491,0.6727121674822039,deposition,PFI-SBS,0
P03,DEPO-04,75,0.6827804195653171,8.211182638244578,15.330603420180836,35.306726982357794,0.7262628577214276,deposition,PFI-SBS,0
P03,DEPO-05,75,0.6563036310586972,11.07917049036703,20.12528759980343,35.358208544809635,0.7279988417856242,deposition,PFI-SBS,0
P01,DEPO-01,75,0.6514956676432604,6.979618268444646,16.43593403815154,33.70382454546558,0.540824936298576,deposition,PFI-SBS,1
P01,DEPO-02,75,0.7215495986661735,5.948135713985804,11.214697224676822,27.446053266775756,0.6758233875181462,deposition,PFI-SBS,1
P01,DEPO-03,75,0.6778396677095984,8.775556405400906,14.962407336631546,32.80534824491605,0.7687612109663307,deposition,PFI-SBS,1
P01,DEPO-04,75,0.6925765084257193,5.6302534054932085,8.82795138633224,32.582298684808784,0.6875448015197295,deposition,PFI-SBS,1
P01,DEPO-05,75,0.66470993118009,9.471005937407147,19.857779140215037,36.19611141924193,0.6988475996463495,deposition,PFI-SBS,1
P02,DEPO-01,75,0.6809115986318615,11.175934912461377,18.538902258770783,40.211352606974785,0.7084981759006556,deposition,PFI-SBS,1
P02,DEPO-02,75,0.6351564957802944,10.249600988769231,29.110209389076584,29.564943076756485,0.5247993112533422,deposition,PFI-SBS,1
P02,DEPO-03,75,0.6765748734573851,9.176647243892337,17.748742320725484,41.816227217072985,0.7446805107612862,deposition,PFI-SBS,1
P02,DEPO-04,75,0.7041972536698603,6.619063630884027,11.71356825010383,32.29531803529207,0.7238544054717797,deposition,PFI-SBS,1
P02,DEPO-05,75,0.5749682106120632,9.67320096293425,18.153880750707746,46.6758774808563,0.5759443960237214,deposition,PFI-SBS,1
P03,DEPO-01,75,0.6447660327678268,8.165505784414206,14.58937256341859,38.64192228181867,0.5770787352640203,deposition,PFI-SBS,1
P03,DEPO-02,75,0.5741559004460386,8.571840316720223,15.15414121194339,39.195143536723634,0.4901884737250646,deposition,PFI-SBS,1
P03,DEPO-03,75,0.6118281970828168,8.921778120636903,17.45353582448797,38.84812363582775,0.6275857801169158,deposition,PFI-SBS,1
P03,DEPO-04,75,0.6825008396922904,8.218419522538586,14.64796330702034,32.52839611125333,0.7500980083383268,deposition,PFI-SBS,1
P03,DEPO-05,75,0.627709228724364,12.000920869947937,21.73107172527568,37.345083939797505,0.6828615837382914,deposition,PFI-SBS,1
P01,DEPO-01,75,0.6383603885469241,7.242683101303201,15.745993010180998,33.79374790907044,0.578565947582659,deposition,PFI-SBS,2
P01,DEPO-02,75,0.7278756238219213,5.813001930819283,10.999925617637677,26.76685979871164,0.6881210447751323,deposition,PFI-SBS,2
P01,DEPO-03,75,0.6854482361817671,8.568301150487386,16.026040004700665,29.44967603573689,0.7347165335775141,deposition,PFI-SBS,2
P01,DEPO-04,75,0.6546128674609151,6.3255318233279905,10.741972528182025,36.75653802242347,0.5373676866708185,deposition,PFI-SBS,2
P01,DEPO-05,75,0.6752032668095191,9.174598577656479,19.562003071471953,34.58288765110255,0.7077519497970551,deposition,PFI-SBS,2
P02,DEPO-01,75,0.6931564272440132,10.747065022497035,17.009303297153046,37.87958272049852,0.7546159683146789,deposition,PFI-SBS,2
P02,DEPO-02,75,0.635784915397213,10.2319467061729,28.985797471711784,29.6383545984881,0.5288524798475251,deposition,PFI-SBS,2
P02,DEPO-03,75,0.6583948777513433,9.692474227631152,19.131835252286127,44.81162693674129,0.7033379023452062,deposition,PFI-SBS,2
P02,DEPO-04,75,0.7014786013708891,6.6798978617368245,11.805574492332795,32.05571573258715,0.7194993020202692,deposition,PFI-SBS,2
P02,DEPO-05,75,0.6302330539727565,8.415441074472971,15.83750780618555,41.62830084168443,0.677256477915892,deposition,PFI-SBS,2
P03,DEPO-01,75,0.6338052199309316,8.417454046341126,16.651666052561307,36.180131760327754,0.44906333250197494,deposition,PFI-SBS,2
P03,DEPO-02,75,0.5821354323914197,8.411219860291174,14.951034978363246,38.0124629499893,0.5037625853538876,deposition,PFI-SBS,2
P03,DEPO-03,75,0.6521696366628102,7.994566586221123,14.663939997963027,37.81646739805294,0.7371180536404859,deposition,PFI-SBS,2
P03,DEPO-04,75,0.6645410333490935,8.68330649398409,15.745492505363176,34.45056869769284,0.7112461857647168,deposition,PFI-SBS,2
P03,DEPO-05,75,0.6527683437342303,11.193131691414488,20.188626297235412,37.58343585756573,0.7262840529223422,deposition,PFI-SBS,2
P01,DEPO-01,75,0.6279938440795906,7.450297516468578,17.260675124396943,35.81373153640352,0.49358673563052036,deposition,PFI-SBS,3
P01,DEPO-02,75,0.7108703837395213,6.176260433498764,11.523963624381615,27.640401997173715,0.6576972948256384,deposition,PFI-SBS,3
P01,DEPO-03,75,0.6732546490980151,8.900451016601801,16.78090551556386,31.843290241342924,0.7091369706516666,deposition,PFI-SBS,3
P01,DEPO-04,75,0.6924742688555467,5.632125854098849,8.703848601250762,32.593492498232145,0.6962680034126545,deposition,PFI-SBS,3
P01,DEPO-05,75,0.6943803613641999,8.632899334881845,18.74148351252639,34.271604726306734,0.7317542145730733,deposition,PFI-SBS,3
P02,DEPO-01,75,0.7065940021994472,10.276419701515936,16.838779225722778,33.28309453140368,0.7595114227385222,deposition,PFI-SBS,3
P02,DEPO-02,75,0.6184719507341917,10.718322310168224,29.391225639245473,31.963788475457356,0.5155802997582578,deposition,PFI-SBS,3
P02,DEPO-03,75,0.6563184452070958,9.751389529568236,19.742219066722626,43.1341608006104,0.6841064694232392,deposition,PFI-SBS,3
P02,DEPO-04,75,0.7069260520671558,6.558002364713786,10.79258935505679,33.477595354029475,0.7655711805980117,deposition,PFI-SBS,3
P02,DEPO-05,75,0.6028558896272771,9.038511675593087,17.88822661968023,47.58966417928313,0.5882643929671224,deposition,PFI-SBS,3
P03,DEPO-01,75,0.6333018677537634,8.429024238083453,16.910907832195754,36.59005303250707,0.4317752611699801,deposition,PFI-SBS,3
P03,DEPO-02,75,0.6521694977191765,7.0015001404475194,11.867431498714183,35.60518934825611,0.6873485425065429,deposition,PFI-SBS,3
P03,DEPO-03,75,0.6277557946999759,8.555696682296581,16.269861654794287,38.49861408224838,0.6763861263862503,deposition,PFI-SBS,3
P03,DEPO-04,75,0.6745805138555345,8.423436003270616,15.377148051336388,32.4850143894143,0.7245981697528554,deposition,PFI-SBS,3
P03,DEPO-05,75,0.638346166004139,11.658035543632217,20.560600254889913,40.006898636712585,0.7161047399343305,deposition,PFI-SBS,3
P01,DEPO-01,75,0.6349447209333008,7.311089872357561,17.706447934733315,32.753155422457276,0.4670917924215652,deposition,PFI-SBS,4
P01,DEPO-02,75,0.7110592008261396,6.172227005459353,11.183768701815568,29.96724830645715,0.6776089869003438,deposition,PFI-SBS,4
P01,DEPO-03,75,0.6543713063736634,9.414827935764805,17.9756238671162,31.744125187509464,0.6662466120907429,deposition,PFI-SBS,4
P01,DEPO-04,75,0.6669109023398249,6.100301628968801,9.521407052012874,36.9260864540367,0.6365286758391092,deposition,PFI-SBS,4
P01,DEPO-05,75,0.6874055782146669,8.82991743581712,18.4507830750231,34.973739763699776,0.74001123403712,deposition,PFI-SBS,4
P02,DEPO-01,75,0.6956695644464906,10.659043465835785,17.956921749874997,35.204076887374605,0.7265127857496814,deposition,PFI-SBS,4
P02,DEPO-02,75,0.6024705971687739,11.167850635131872,29.52607446628618,33.77045971978123,0.5111250052962468,deposition,PFI-SBS,4
P02,DEPO-03,75,0.6604595679610934,9.63389209480389,18.693914817649848,44.3782341999777,0.7167634360173989,deposition,PFI-SBS,4
P02,DEPO-04,75,0.7309433055309557,6.020577574416078,9.975527702708414,31.547139443537386,0.7997228270123796,deposition,PFI-SBS,4
P02,DEPO-05,75,0.6065030698225071,8.955506338445721,17.401508137179984,44.32262534201317,0.6103652992349997,deposition,PFI-SBS,4
P03,DEPO-01,75,0.645055891330675,8.158843015676071,15.897283280037554,34.77750526782592,0.4978515587283332,deposition,PFI-SBS,4
P03,DEPO-02,75,0.5873606900968826,8.30604034808975,14.367549256741723,40.20768507153487,0.5417395471993895,deposition,PFI-SBS,4
P03,DEPO-03,75,0.637085012232144,8.341273047618207,15.80296912711442,39.30535167628803,0.6946929765955758,deposition,PFI-SBS,4
P03,DEPO-04,75,0.6579113881512548,8.854913894358365,15.413551687212857,35.846049085859875,0.7232926617123314,deposition,PFI-SBS,4
P03,DEPO-05,75,0.6168392946698854,12.351316927315601,21.85430942875367,43.97887030922604,0.6792543772162072,deposition,PFI-SBS,4
P01,DEPO-01,75,0.6152246452849294,7.706030730968158,17.959372152306415,35.77556120833793,0.451758615554402,deposition,NSGA2,0
P01,DEPO-02,75,0.6952512458833355,6.509909626529251,11.76528417292482,30.975837502242797,0.6432110326980951,deposition,NSGA2,0
P01,DEPO-03,75,0.6352825454332527,9.934800389079715,19.086598150210815,33.28506440610676,0.62371682603045,deposition,NSGA2,0
P01,DEPO-04,75,0.6135878280932251,7.07687768316323,11.503666889593095,38.53120891232753,0.46943269556812184,deposition,NSGA2,0
P01,DEPO-05,75,0.6681745735841014,9.373139487336392,19.82802360595167,33.32782654480276,0.6997494363337128,deposition,NSGA2,0
P02,DEPO-01,75,0.6933799070283997,10.7392377385411,16.56947454413096,37.04929446897648,0.7671422377676675,deposition,NSGA2,0
P02,DEPO-02,75,0.6395533168969469,10.126080461355526,29.341162974106666,30.687441451829528,0.5172291379277761,deposition,NSGA2,0
P02,DEPO-03,75,0.6273990410700196,10.571929272742894,20.22526522098582,45.890041918757696,0.6684589953678882,deposition,NSGA2,0
P02,DEPO-04,75,0.7080698285215299,6.532408521434995,10.056626550700095,33.754165811177415,0.7964531712211683,deposition,NSGA2,0
P02,DEPO-05,75,0.5932417530989779,9.2573176026915,16.897247227611796,49.12496012738229,0.6326197824488304,deposition,NSGA2,0
P03,DEPO-01,75,0.5835260935551628,9.57318388956387,18.413876535295394,39.6159181170586,0.3262841785771541,deposition,NSGA2,0
P03,DEPO-02,75,0.6744128086425484,6.553763258452418,10.522140745850567,38.66468668420234,0.7542150967623897,deposition,NSGA2,0
P03,DEPO-03,75,0.5687941805018502,9.910876104286961,19.125691206373943,45.77970558651731,0.5528083446429523,deposition,NSGA2,0
P03,DEPO-04,75,0.6478233813244858,9.116040481805936,17.453182083738067,40.27648200252375,0.6452156373872118,deposition,NSGA2,0
P03,DEPO-05,75,0.6780895715525381,10.376893216482074,19.427455884596625,34.26198006459992,0.7465347503638488,deposition,NSGA2,0
P01,DEPO-01,75,0.6190610875791515,7.629196958080718,18.3937039599257,35.968550951336105,0.4249204815663066,deposition,NSGA2,1
P01,DEPO-02,75,0.6846679500597161,6.735985364106217,12.502023743240908,31.845920241875746,0.5971278812651515,deposition,NSGA2,1
P01,DEPO-03,75,0.6529296305302965,9.454098778304056,17.910170271941897,31.74627881437187,0.6686727406282251,deposition,NSGA2,1
P01,DEPO-04,75,0.6290290005986543,6.794083048184936,11.031078182699815,35.887190263795944,0.5121303361979765,deposition,NSGA2,1
P01,DEPO-05,75,0.6532175496663881,9.795633546970143,21.16309159534424,34.26119910971056,0.6579550364430933,deposition,NSGA2,1
P02,DEPO-01,75,0.6979386875105198,10.579568400107224,18.083546446179476,33.948501345109584,0.7226421519189372,deposition,NSGA2,1
P02,DEPO-02,75,0.6475680603675422,9.90092112138965,28.49646506813469,30.28200367133766,0.5446258404622586,deposition,NSGA2,1
P02,DEPO-03,75,0.6370181438226677,10.299003313936245,19.732571371644777,44.076970411320225,0.6844151378442629,deposition,NSGA2,1
P02,DEPO-04,75,0.7247928735228897,6.158203412322867,10.56553819333453,31.939020822708148,0.7753311082535224,deposition,NSGA2,1
P02,DEPO-05,75,0.58415545424303,9.46411059332741,17.382163026426166,47.24149299101006,0.6112311249643512,deposition,NSGA2,1
P03,DEPO-01,75,0.5938538131171758,9.335788083975526,16.446778856808766,41.125243283194905,0.46253770969148866,deposition,NSGA2,1
P03,DEPO-02,75,0.6772660115152789,6.496330974097955,10.40177215753554,38.464929877585234,0.7598062714482744,deposition,NSGA2,1
P03,DEPO-03,75,0.585612453443521,9.524323298466822,18.047392835455703,44.293326673644295,0.6018118282213132,deposition,NSGA2,1
P03,DEPO-04,75,0.6408798510496916,9.295772751681548,17.416573834847654,38.796803028183575,0.6467024050048953,deposition,NSGA2,1
P03,DEPO-05,75,0.6604325488660439,10.94607340683014,19.749471384829864,36.70209239642111,0.7380625989289299,deposition,NSGA2,1
P01,DEPO-01,75,0.6331223551993308,7.347587028885259,18.169602861246723,34.09967229681229,0.4388481676028456,deposition,NSGA2,2
P01,DEPO-02,75,0.6974634328946614,6.4626538549266535,11.764252351227846,31.418198310963792,0.6432736111193458,deposition,NSGA2,2
P01,DEPO-03,75,0.6306614376050208,10.060678060342898,19.62404986144277,32.55448338416345,0.6022272607454128,deposition,NSGA2,2
P01,DEPO-04,75,0.6081267965209235,7.176892784318984,12.443384261602889,38.57768478271264,0.37920971168377826,deposition,NSGA2,2
P01,DEPO-05,75,0.6635355611106171,9.504178604703373,20.85852329113119,32.74080153543192,0.667729263428162,deposition,NSGA2,2
P02,DEPO-01,75,0.7082938129836742,10.216884555122123,16.425905867333906,33.038228681034504,0.7711600171403095,deposition,NSGA2,2
P02,DEPO-02,75,0.6480646193643373,9.886971218141628,28.72791608207197,30.16478506932915,0.5371986152130381,deposition,NSGA2,2
P02,DEPO-03,75,0.6100318020507847,11.064695644309522,21.29802079670651,48.08931552536824,0.6323561614320654,deposition,NSGA2,2
P02,DEPO-04,75,0.7342636113399372,5.94628037570409,9.697474324587825,30.781348279457386,0.8107320966086412,deposition,NSGA2,2
P02,DEPO-05,75,0.630273197973171,8.414527446379353,15.349325222414778,43.08634738811267,0.6968466119292054,deposition,NSGA2,2
P03,DEPO-01,75,0.5653183509961881,9.991712073523436,18.404660506286046,41.4775393447397,0.3269583908500121,deposition,NSGA2,2
P03,DEPO-02,75,0.6749932729077539,6.542079059948515,10.665785300414889,37.63078373150343,0.7474585528171359,deposition,NSGA2,2
P03,DEPO-03,75,0.5906172605581825,9.409292329504039,17.32682897837129,48.067225797011105,0.6329733587967425,deposition,NSGA2,2
P03,DEPO-04,75,0.6190297038180306,9.861360630417948,18.826224402520175,41.739315861094454,0.587198095150842,deposition,NSGA2,2
P03,DEPO-05,75,0.6837020349753781,10.195973530527489,18.963229884317162,33.33807587209959,0.7585033101412015,deposition,NSGA2,2
P01,DEPO-01,75,0.6098493617670008,7.813683415760035,18.322634743514843,37.471744242165414,0.4293558572397297,deposition,NSGA2,3
P01,DEPO-02,75,0.6888571072915571,6.6464984191319765,11.63858797019219,30.49130448021956,0.6508539276304581,deposition,NSGA2,3
P01,DEPO-03,75,0.6517156719036944,9.487166668214126,18.561443518510885,32.40113484732818,0.6441383114878207,deposition,NSGA2,3
P01,DEPO-04,75,0.6233971281745948,6.897226984038657,11.392563747896778,37.32016968064285,0.4796317103150062,deposition,NSGA2,3
P01,DEPO-05,75,0.6612709140753013,9.568148544502359,20.87072078350032,34.626192961152164,0.6673405441769682,deposition,NSGA2,3
P02,DEPO-01,75,0.6934217363783954,10.737772683431047,17.62811499319774,35.8056439792302,0.7364366633505788,deposition,NSGA2,3
P02,DEPO-02,75,0.6496471021819148,9.8425143009589,28.375633966811307,30.046654581175776,0.5484794205940478,deposition,NSGA2,3
P02,DEPO-03,75,0.6200409308424184,10.780703348715857,20.360730309229307,44.08897301029408,0.6640029214554772,deposition,NSGA2,3
P02,DEPO-04,75,0.7186716268817301,6.295176180564002,9.460852048881328,34.5320082789374,0.8198558363583413,deposition,NSGA2,3
P02,DEPO-05,75,0.6083338015151437,8.913841135949719,16.828979052115223,44.601343655479646,0.6355823611482003,deposition,NSGA2,3
P03,DEPO-01,75,0.5778476433287668,9.70371031002816,18.57239187498001,40.35648066971642,0.31463492482951994,deposition,NSGA2,3
P03,DEPO-02,75,0.6516092907610638,7.012776578454498,11.486739674822322,39.38467556976699,0.7070857178365306,deposition,NSGA2,3
P03,DEPO-03,75,0.5869175630903312,9.494326532590382,18.051017545576286,44.24202539318895,0.6016518647684161,deposition,NSGA2,3
P03,DEPO-04,75,0.6395260735679167,9.330815084626964,18.28952922167721,37.955821573765625,0.6103988016153924,deposition,NSGA2,3
P03,DEPO-05,75,0.6754593190299167,10.46168030987094,19.275711089744572,36.24327912744425,0.7504788408408164,deposition,NSGA2,3
P01,DEPO-01,75,0.6089977382310893,7.830739178449955,19.349815825431502,36.002943627268046,0.3635809264921327,deposition,NSGA2,4
P01,DEPO-02,75,0.6778234728796191,6.882194092710948,12.229582133097164,30.77304233916775,0.6144951821772493,deposition,NSGA2,4
P01,DEPO-03,75,0.6469161041858367,9.61790553643591,18.903816673350423,31.986611405835262,0.630889217024211,deposition,NSGA2,4
P01,DEPO-04,75,0.6139589440510698,7.070080945299158,11.474199912325004,38.032683932787236,0.47214734144598747,deposition,NSGA2,4
P01,DEPO-05,75,0.6658520729817113,9.438743628467938,20.483273836429472,33.672009905144,0.6795769729600948,deposition,NSGA2,4
P02,DEPO-01,75,0.69018798460366,10.851033457569317,18.184537994664225,35.191171070811436,0.7195355693818195,deposition,NSGA2,4
P02,DEPO-02,75,0.6409859472764144,10.085833370249063,28.999232995679794,31.162818180217617,0.5284156051418496,deposition,NSGA2,4
P02,DEPO-03,75,0.6177827206373195,10.844776287872673,20.07647696676605,46.95461052491306,0.6733190512951784,deposition,NSGA2,4
P02,DEPO-04,75,0.7152686695878443,6.37132283958208,10.188519469764762,32.90280707327582,0.7910791164524791,deposition,NSGA2,4
P02,DEPO-05,75,0.594311141675846,9.232979633462405,16.434478783210135,45.80573312869773,0.652467263260841,deposition,NSGA2,4
P03,DEPO-01,75,0.5971616336740881,9.259753609846484,17.519715567309227,38.76212503622814,0.39012561269004264,deposition,NSGA2,4
P03,DEPO-02,75,0.6754864814842246,6.53215123621027,10.617913976919876,38.594993629267215,0.7497204327055562,deposition,NSGA2,4
P03,DEPO-03,75,0.5936632305947003,9.339283460689531,17.990036522677265,43.57266182501636,0.6043387653711425,deposition,NSGA2,4
P03,DEPO-04,75,0.6370186166720317,9.395720241179482,17.318780399866053,38.29098417116109,0.650658772851815,deposition,NSGA2,4
P03,DEPO-05,75,0.6543540430481543,11.142016129444665,20.09619963886525,36.76323238836338,0.7287845439799733,deposition,NSGA2,4
P01,PLAN-01,75,0.696434723151248,3.9314936217763843,6.93303113578042,30.466347740491408,0.5668299420321465,planarization,ALL,0
P01,PLAN-02,75,0.5649807360567886,8.637017294037156,16.84364766136094,55.8498153745668,0.2929722843634237,planarization,ALL,0
P01,PLAN-03,75,0.5756480488693558,5.661823605159458,10.205503836041915,40.464178014391926,0.21653349362613428,planarization,ALL,0
P01,PLAN-04,75,0.6642451144647653,5.060279246845516,7.580920599517159,39.49795904648361,0.7692697873034711,planarization,ALL,0
P01,PLAN-05,75,0.49289272652753335,11.329055776640752,23.447367610673748,63.36629017128242,0.3970872861047475,planarization,ALL,0
P02,PLAN-01,75,0.6602560603715879,5.227250044160622,8.98946655265038,31.23390334078648,0.5844598034051592,planarization,ALL,0
P02,PLAN-02,75,0.5869117997937867,9.675958154993483,21.00407582278895,42.97946065392823,0.5103628006095334,planarization,ALL,0
P02,PLAN-03,75,0.6636236927845014,7.200783985462906,12.395984305626664,43.19151267630117,0.7631644937672281,planarization,ALL,0
P02,PLAN-04,75,0.6250322152888361,5.986111398069348,10.888697603378684,44.71712800874998,0.6579731119858347,planarization,ALL,0
P02,PLAN-05,75,0.5977852014727716,8.640705333137177,15.351607043293814,43.670363014923026,0.6497418020599401,planarization,ALL,0
P03,PLAN-01,75,0.6936657980647458,7.792253076682991,13.756838964810656,40.51034021709846,0.7667618733845133,planarization,ALL,0
P03,PLAN-02,75,0.60818521230834,5.655655130835108,9.648834426877356,38.599828603597736,0.268775303746678,planarization,ALL,0
P03,PLAN-03,75,0.6366232694061948,8.633927083915715,15.57267161218746,46.101866077458766,0.7155413636797525,planarization,ALL,0
P03,PLAN-04,75,0.7608385453990176,3.694321659639837,5.80311751738427,31.666687430453266,0.8947116923659679,planarization,ALL,0
P03,PLAN-05,75,0.6304572070265074,7.608511847096891,18.396479622991514,30.570419423937167,0.4713382196099859,planarization,ALL,0
P01,PLAN-01,75,0.6859069245022953,4.067839826023998,7.098852979090183,31.94371555441984,0.5458613217144217,planarization,ALL,1
P01,PLAN-02,75,0.5719809708356257,8.498032302202336,16.15550484166203,54.16443162772969,0.34956304237218283,planarization,ALL,1
P01,PLAN-03,75,0.5917762234760768,5.446636943584867,9.546459640232502,40.60279512114467,0.3144546081078141,planarization,ALL,1
P01,PLAN-04,75,0.6598525906644541,5.126480508496723,7.307582382572906,40.42828477361487,0.7856082789267622,planarization,ALL,1
P01,PLAN-05,75,0.4736540050530499,11.758859410028224,24.154504807434915,60.14625009878498,0.36017304233073266,planarization,ALL,1
P02,PLAN-01,75,0.6916141899970778,4.744778496179758,7.5812200665394185,30.258762869292738,0.7044551431101823,planarization,ALL,1
P02,PLAN-02,75,0.5755582891662625,9.941896745564112,21.588089859102045,46.44288606631843,0.48275573427410223,planarization,ALL,1
P02,PLAN-03,75,0.6319837558419337,7.8780978935769435,13.78593519212066,43.380308688821174,0.7070744582888728,planarization,ALL,1
P02,PLAN-04,75,0.6187408817010376,6.086548356214932,10.410816470370163,47.98213107037634,0.6873359450028392,planarization,ALL,1
P02,PLAN-05,75,0.6017273593282718,8.556016692811617,15.026060856126254,42.03043772813542,0.6644394439547738,planarization,ALL,1
P03,PLAN-01,75,0.6961150029725545,7.729952411730364,13.206082928207294,44.59920468691043,0.7850634480091566,planarization,ALL,1
P03,PLAN-02,75,0.6117841152619279,5.603706724102551,10.35670021632341,41.82710012908097,0.15755035129178052,planarization,ALL,1
P03,PLAN-03,75,0.6041952526238414,9.404425326654895,16.300502164543957,47.35100750667202,0.688330115371887,planarization,ALL,1
P03,PLAN-04,75,0.7783201773050391,3.424283281156079,5.298343999972529,30.03738045146449,0.9122316936583148,planarization,ALL,1
P03,PLAN-05,75,0.6463828044063724,7.2806199259426085,17.287744196395316,29.86042979228062,0.5331416592024829,planarization,ALL,1
P01,PLAN-01,75,0.7148761510086625,3.692657491536106,7.0949441311069315,27.148962407195782,0.5463613096232356,planarization,ALL,2
P01,PLAN-02,75,0.5818724900489247,8.301642786632016,15.984888113182562,53.21458760453868,0.36322890134598107,planarization,ALL,2
P01,PLAN-03,75,0.5319656041258892,6.244647122573873,11.68667907429629,45.40259754767964,-0.027386300833738497,planarization,ALL,2
P01,PLAN-04,75,0.682760274003468,4.78123080525285,6.700942478593072,37.20284402398989,0.8197263091756628,planarization,ALL,2
P01,PLAN-05,75,0.5065454411128512,11.024046613627792,22.867849997296116,59.629129183130345,0.4265217822668307,planarization,ALL,2
P02,PLAN-01,75,0.710109453421907,4.460213106551493,6.970220386750054,28.04040292717461,0.7501736636680497,planarization,ALL,2
P02,PLAN-02,75,0.5702223318796924,10.066883369234098,22.096859192618798,45.026045673279,0.45808852547556167,planarization,ALL,2
P02,PLAN-03,75,0.6662355417778913,7.144872317486835,12.302774847223152,40.87418346561613,0.7667127902140304,planarization,ALL,2
P02,PLAN-04,75,0.6568471680613953,5.4782068281672816,9.88347859300111,44.21104617957055,0.7182084103774542,planarization,ALL,2
P02,PLAN-05,75,0.5966447039399554,8.665206428448238,15.370614449720835,43.97368656093204,0.648873929223523,planarization,ALL,2
P03,PLAN-01,75,0.6881221624643633,7.9332670780259456,13.51997508477472,46.5082052408236,0.7747244700849705,planarization,ALL,2
P03,PLAN-02,75,0.6025912237761207,5.736401623662674,10.734196464955398,39.83235898213957,0.0950174142424619,planarization,ALL,2
P03,PLAN-03,75,0.6344037670776643,8.686663045395138,16.06604159078013,44.876211637131505,0.6972315298176837,planarization,ALL,2
P03,PLAN-04,75,0.7660802814532066,3.6133526796199864,5.926657578240472,30.09194714650484,0.8901811008202878,planarization,ALL,2
P03,PLAN-05,75,0.6341562793779905,7.532351693673075,17.69683284455061,30.12273319039175,0.5107852256680516,planarization,ALL,2
P01,PLAN-01,75,0.6986370095665559,3.9029716673388166,7.026925967190337,29.932549044210262,0.5550175487400962,planarization,ALL,3
P01,PLAN-02,75,0.5399507599617,9.133970772471706,16.614475569052768,56.233506127210084,0.3120808218383455,planarization,ALL,3
P01,PLAN-03,75,0.5235471862986165,6.356968031304357,11.815251792864037,45.36502311016019,-0.0501165347744954,planarization,ALL,3
P01,PLAN-04,75,0.6937581360885373,4.61547818134083,7.232940031098518,34.617409566349835,0.7899656635177493,planarization,ALL,3
P01,PLAN-05,75,0.4765170877821424,11.694896565029142,24.237045485230528,67.25526616885395,0.3557927426531333,planarization,ALL,3
P02,PLAN-01,75,0.660525322199665,5.2231072214681955,9.710077040747585,31.42423133731245,0.5151688104968168,planarization,ALL,3
P02,PLAN-02,75,0.5996250510219885,9.378169724250144,20.79117173890866,44.105310824609575,0.5202387338267835,planarization,ALL,3
P02,PLAN-03,75,0.661983238914081,7.23590106626089,12.186990571240944,41.88307147262016,0.7710831680607357,planarization,ALL,3
P02,PLAN-04,75,0.604107761513001,6.320156391674295,11.000598756957778,47.829120538254834,0.6509070939770603,planarization,ALL,3
P02,PLAN-05,75,0.6064092000797356,8.455437583096604,15.686838123702652,44.459745186147615,0.6342776948128407,planarization,ALL,3
P03,PLAN-01,75,0.6857696179009241,7.993108984338346,13.94577384039334,40.67573291665521,0.7603113478108072,planarization,ALL,3
P03,PLAN-02,75,0.6111119925247155,5.613408487605815,11.33299641468629,37.189636987454705,-0.008766486314391697,planarization,ALL,3
P03,PLAN-03,75,0.6254600438516946,8.899168271212874,16.719146347706143,42.091286457199885,0.6721153607856655,planarization,ALL,3
P03,PLAN-04,75,0.7956996052720335,3.1558236446409134,5.366957385960777,26.631610679019197,0.9099437812248979,planarization,ALL,3
P03,PLAN-05,75,0.6302621214792445,7.612528460939105,17.48919809687063,32.531356574866486,0.522197672872782,planarization,ALL,3
P01,PLAN-01,75,0.7085320878486276,3.774819865667752,6.848345203773228,28.663859921379153,0.5773475261005525,planarization,ALL,4
P01,PLAN-02,75,0.5861126916614574,8.217456412158196,15.710697685584323,50.5026127994393,0.38488674498009257,planarization,ALL,4
P01,PLAN-03,75,0.5949026776943861,5.40492290822693,9.943712370782384,41.125517730951714,0.2562129008161287,planarization,ALL,4
P01,PLAN-04,75,0.6839598680974497,4.763151303330674,7.3134746952185,37.985101211063025,0.785262399185532,planarization,ALL,4
P01,PLAN-05,75,0.5074621137065343,11.003567643031213,23.092955216699735,59.60966262403649,0.41517586921857397,planarization,ALL,4
P02,PLAN-01,75,0.7312224534149191,4.135371608962036,6.877833512356695,26.59973418392026,0.75675242632903,planarization,ALL,4
P02,PLAN-02,75,0.5883711422538047,9.641775293875954,21.996094257369993,41.999956268282524,0.46301964887216696,planarization,ALL,4
P02,PLAN-03,75,0.6227883488637611,8.074943324981893,14.216781992961794,45.41120910645166,0.6884789598652945,planarization,ALL,4
P02,PLAN-04,75,0.6115037919658146,6.202083682499668,10.119783856258342,47.27683436284666,0.7045725482007958,planarization,ALL,4
P02,PLAN-05,75,0.598068835313579,8.634612080353099,15.16001223468631,44.04204913499935,0.6584299981164428,planarization,ALL,4
P03,PLAN-01,75,0.6842329960692337,8.032196184265887,13.762923057414579,42.795263052857926,0.7665555242141551,planarization,ALL,4
P03,PLAN-02,75,0.635084321453079,5.267379625600585,8.512540129787386,39.15772364278278,0.4308595049669983,planarization,ALL,4
P03,PLAN-03,75,0.6219895871658128,8.98162723859041,15.708865432506814,50.416745329042776,0.7105440298810766,planarization,ALL,4
P03,PLAN-04,75,0.7843268229382008,3.3314987599154278,5.263325047498125,29.425978336277563,0.9133880538159942,planarization,ALL,4
P03,PLAN-05,75,0.6352682082512657,7.509458204295646,17.43300396265229,32.355876222643346,0.5252631711190542,planarization,ALL,4
P01,PLAN-01,75,0.7124534885914768,3.7240335498908577,6.88567626456881,29.079348634415215,0.5727271196558795,planarization,FILTER,0
P01,PLAN-02,75,0.5599377517090959,8.737142384199293,16.473180944875672,58.66340456990886,0.32373162297330893,planarization,FILTER,0
P01,PLAN-03,75,0.5589908492315209,5.884068668140945,10.71586779028794,42.54721873571588,0.13621386683169368,planarization,FILTER,0
P01,PLAN-04,75,0.6855243023219366,4.739573168267632,7.227640637119028,38.00114856158861,0.7902733245628591,planarization,FILTER,0
P01,PLAN-05,75,0.4707454586386407,11.823837938796219,23.577163951295404,65.49824148328378,0.3903937873986887,planarization,FILTER,0
P02,PLAN-01,75,0.6451454586517681,5.459739529016809,10.123428525872342,33.17756889926729,0.47301234572396744,planarization,FILTER,0
P02,PLAN-02,75,0.5728913093621167,10.004366661122692,21.5430674980505,43.77938759480068,0.4849109295617293,planarization,FILTER,0
P02,PLAN-03,75,0.6524566849724872,7.4398353374559445,12.811617533183277,46.434908900873126,0.7470162027758276,planarization,FILTER,0
P02,PLAN-04,75,0.6290538851793037,5.921908111941331,10.979147604221364,42.99352565099353,0.6522672279447682,planarization,FILTER,0
P02,PLAN-05,75,0.6289869839484572,7.9704032725758935,14.333808737548749,40.11744893945527,0.694645848491412,planarization,FILTER,0
P03,PLAN-01,75,0.6562868656663937,8.743064638513577,14.690566022538079,47.24507333178704,0.7340259318002443,planarization,FILTER,0
P03,PLAN-02,75,0.6425313930892317,5.159884783058174,9.28073942336771,37.22597856092469,0.3235023365580356,planarization,FILTER,0
P03,PLAN-03,75,0.6249912520930843,8.91030688720176,16.20419524640666,43.82771943637015,0.69200206306149,planarization,FILTER,0
P03,PLAN-04,75,0.7786418363971304,3.4193146203285423,5.525675333352534,31.322393273303195,0.9045385246618843,planarization,FILTER,0
P03,PLAN-05,75,0.620160555786285,7.82050946803893,18.116788893466975,30.470664220878156,0.4872910316916347,planarization,FILTER,0
P01,PLAN-01,75,0.7014006893969793,3.867179070310813,7.0983499621659645,29.00443841467069,0.5459256789699696,planarization,FILTER,1
P01,PLAN-02,75,0.5735170824163633,8.467533831472236,15.79362058538819,53.88618782604896,0.3783763294369018,planarization,FILTER,1
P01,PLAN-03,75,0.5853539941470463,5.532324141477964,9.974341361284822,40.63805932712228,0.25162376282114807,planarization,FILTER,1
P01,PLAN-04,75,0.6872288558921853,4.713883245564302,7.428958715923004,34.98005214902223,0.7784271926614352,planarization,FILTER,1
P01,PLAN-05,75,0.4513538368524198,12.257057449357125,24.34221608147422,65.68363123630266,0.35018986031381394,planarization,FILTER,1
P02,PLAN-01,75,0.7001022533967771,4.614182407168003,7.8967570738131485,29.382644948029906,0.6793415009242205,planarization,FILTER,1
P02,PLAN-02,75,0.5667703110827546,10.147741667206937,21.53307939740149,47.149359861523735,0.48538844455218166,planarization,FILTER,1
P02,PLAN-03,75,0.6325630518579706,7.8656969444445535,14.077226262947125,44.43378101520249,0.6945648894818122,planarization,FILTER,1
P02,PLAN-04,75,0.6233115379864608,6.01358086726677,10.399811371510358,47.406107592809136,0.6879966194440452,planarization,FILTER,1
P02,PLAN-05,75,0.6131835742960021,8.309904968102087,14.270762258272798,41.134727900261126,0.6973261083147175,planarization,FILTER,1
P03,PLAN-01,75,0.6664809445976638,8.48375685500683,14.058368533974198,52.18363121305272,0.7564253510189657,planarization,FILTER,1
P03,PLAN-02,75,0.6188078099682188,5.502323120800895,10.235235298221058,40.66338448900203,0.17719522195832038,planarization,FILTER,1
P03,PLAN-03,75,0.6091945294196823,9.285641189715065,16.332986943350267,44.970538182768365,0.6870866425521125,planarization,FILTER,1
P03,PLAN-04,75,0.7834548312019783,3.3449683968329986,5.179441965010172,29.935041195349115,0.9161267722442782,planarization,FILTER,1
P03,PLAN-05,75,0.6463313534167682,7.281679249710767,17.027535243273988,29.325097062724982,0.5470898616437883,planarization,FILTER,1
P01,PLAN-01,75,0.7002629813133807,3.881913601613417,7.3500557316743995,29.11733058929566,0.5131519976802734,planarization,FILTER,2
P01,PLAN-02,75,0.5917355410324607,8.105818488773126,15.521594735305591,52.94490556477888,0.3996053384072795,planarization,FILTER,2
P01,PLAN-03,75,0.547929791742976,6.031648421738894,10.906022500151035,43.35551747325948,0.1052858352297279,planarization,FILTER,2
P01,PLAN-04,75,0.7096707112896099,4.375654198063582,6.5849945469151345,33.847656527955614,0.8259109682725236,planarization,FILTER,2
P01,PLAN-05,75,0.497538817818589,11.22525953838271,23.32968535742678,60.936647534225465,0.4031241319992609,planarization,FILTER,2
P02,PLAN-01,75,0.6896809008971425,4.774523796549398,8.029760281000838,29.952301756190337,0.6684489867971432,planarization,FILTER,2
P02,PLAN-02,75,0.5481201811782339,10.584592384441779,22.84350182636899,46.99900069495592,0.4208479321077211,planarization,FILTER,2
P02,PLAN-03,75,0.651804341433195,7.453800009788667,12.97118568740009,43.86944660093474,0.7406751534412319,planarization,FILTER,2
P02,PLAN-04,75,0.642445670139467,5.708117168134578,10.317846889377543,42.72520851169702,0.6928952505896219,planarization,FILTER,2
P02,PLAN-05,75,0.5625726852167865,9.39716923779799,16.775312322474694,46.85087934646127,0.5817635806847997,planarization,FILTER,2
P03,PLAN-01,75,0.6738220068983436,8.29702153476765,13.811013111428633,47.60320926686544,0.7649212825885127,planarization,FILTER,2
P03,PLAN-02,75,0.6035714297704511,5.722252828784946,11.122076491721105,39.46597789686016,0.028432680804113986,planarization,FILTER,2
P03,PLAN-03,75,0.6383546791587178,8.592788330943737,16.099219042044076,42.908035565468325,0.6959797643476937,planarization,FILTER,2
P03,PLAN-04,75,0.7760028457237399,3.460079050451948,5.642791213716749,28.705503934520856,0.9004490572734902,planarization,FILTER,2
P03,PLAN-05,75,0.6150574717679693,7.925576799748121,18.084038307437662,30.893043472673494,0.4891430532454494,planarization,FILTER,2
P01,PLAN-01,75,0.7171102809517055,3.663723129502107,6.680827839665787,27.777554829402483,0.5977716393733099,planarization,FILTER,3
P01,PLAN-02,75,0.5736851788550899,8.464196388814669,15.583178169021053,53.22818691195065,0.39483163890438466,planarization,FILTER,3
P01,PLAN-03,75,0.5164520174868475,6.451633777871638,11.900587563568818,46.74805907207939,-0.06534026745335009,planarization,FILTER,3
P01,PLAN-04,75,0.7010894000192063,4.504986139914917,7.125001416193552,34.1608873266564,0.7961876575348679,planarization,FILTER,3
P01,PLAN-05,75,0.484947056773509,11.50656641499092,24.06240124219212,61.605135116300204,0.36504318897488464,planarization,FILTER,3
P02,PLAN-01,75,0.6551688276600334,5.305521454815403,10.282246363513593,31.08686933274517,0.45634772473023977,planarization,FILTER,3
P02,PLAN-02,75,0.5926084188110587,9.54252358288867,21.061118084669303,44.40992700519399,0.507699704232301,planarization,FILTER,3
P02,PLAN-03,75,0.6612400275783826,7.251810939129796,12.672596573133186,43.07470594617227,0.7524767517328039,planarization,FILTER,3
P02,PLAN-04,75,0.6197702037902671,6.070115913370896,10.708542164136398,45.94361322064234,0.6691972759854021,planarization,FILTER,3
P02,PLAN-05,75,0.5573482013080505,9.509405849027619,17.147980311960875,49.42895335089453,0.5629747086879723,planarization,FILTER,3
P03,PLAN-01,75,0.678269152227897,8.18389906376132,14.079622617090903,41.766315233143445,0.7556882997457561,planarization,FILTER,3
P03,PLAN-02,75,0.6043875870640596,5.710471996794506,11.490628818834145,38.19433224666688,-0.03702382581829289,planarization,FILTER,3
P03,PLAN-03,75,0.6270849133280011,8.860560943340266,17.120605463164903,41.72769327198875,0.6561800196456238,planarization,FILTER,3
P03,PLAN-04,75,0.779228161184213,3.410257674408401,5.494837874546206,28.752295818048385,0.9056010463801629,planarization,FILTER,3
P03,PLAN-05,75,0.6385357650487355,7.442182519104854,17.23277730216809,30.20061193876146,0.5361057193592145,planarization,FILTER,3
P01,PLAN-01,75,0.7033849045589551,3.8414813708422852,7.384328032963767,28.076833427946436,0.5086012016327925,planarization,FILTER,4
P01,PLAN-02,75,0.5760003592794951,8.418230025892832,15.942576279556539,52.56550640197752,0.3665954928084688,planarization,FILTER,4
P01,PLAN-03,75,0.5785560947837005,5.623023635090141,10.222947842302943,43.088121255614034,0.21385288617877507,planarization,FILTER,4
P01,PLAN-04,75,0.6862677469869222,4.728368453842085,7.293566510942536,35.886877480957494,0.7864298927005681,planarization,FILTER,4
P01,PLAN-05,75,0.48612207839610777,11.480315784803688,23.667824226076714,60.65929348849895,0.3856965876066901,planarization,FILTER,4
P02,PLAN-01,75,0.7213542882858767,4.287201739215396,7.440600929313233,27.203061685866963,0.7153172034413048,planarization,FILTER,4
P02,PLAN-02,75,0.5674930782352552,10.130811954085356,22.337915599636897,44.903717608257935,0.4462005222875781,planarization,FILTER,4
P02,PLAN-03,75,0.6147495626020114,8.247029057937759,13.820910269302015,49.19082206834325,0.7055862619137848,planarization,FILTER,4
P02,PLAN-04,75,0.6133834473197084,6.172076234401019,10.227229291568449,47.909005707198254,0.6982659231647949,planarization,FILTER,4
P02,PLAN-05,75,0.6114731502136487,8.34664968894387,15.384173016282348,44.1511340704785,0.6482541926506658,planarization,FILTER,4
P03,PLAN-01,75,0.6678937838132113,8.447818325601176,14.42606633095102,47.497357660803566,0.7435172940735326,planarization,FILTER,4
P03,PLAN-02,75,0.6590132868842695,4.92197669450195,8.15158026345937,39.49630283536273,0.47810304738642084,planarization,FILTER,4
P03,PLAN-03,75,0.6320193315891705,8.743317862312875,15.388968671438224,46.57627889400251,0.7222130088733123,planarization,FILTER,4
P03,PLAN-04,75,0.7859811590772007,3.3059442664422667,5.517894616321766,29.72558576171444,0.9048071744619441,planarization,FILTER,4
P03,PLAN-05,75,0.6289329535966582,7.639894681506051,17.323400888051623,31.247445171566184,0.5312138436479634,planarization,FILTER,4
P01,PLAN-01,75,0.7153088040818638,3.6870541734774984,6.963354576791004,26.573380990875357,0.5630324884829849,planarization,GA,0
P01,PLAN-02,75,0.6385249241206317,7.176846499701357,14.027016330943702,42.395885807586716,0.5096629076274752,planarization,GA,0
P01,PLAN-03,75,0.6539422496397626,4.617200261522447,8.827429449529644,32.50072637133158,0.41383478164523324,planarization,GA,0
P01,PLAN-04,75,0.7405829336579283,3.909765289031282,5.735734442067449,31.12896953909136,0.8679195189387228,planarization,GA,0
P01,PLAN-05,75,0.5605279412691191,9.81804782949463,21.0050891232886,46.216279924294504,0.5161449095724499,planarization,GA,0
P02,PLAN-01,75,0.7253775712066732,4.225300102799433,6.960429506498222,25.083912158452147,0.7508750193435472,planarization,GA,0
P02,PLAN-02,75,0.6317864675734846,8.624837819339172,19.496031468369043,34.809100658925615,0.5781484154031967,planarization,GA,0
P02,PLAN-03,75,0.7145382855722762,6.110858873294714,11.839930363944452,32.752488252937155,0.78393567117507,planarization,GA,0
P02,PLAN-04,75,0.6805782186371523,5.0993563825239985,10.192248951179046,31.82763751524842,0.7003264441747297,planarization,GA,0
P02,PLAN-05,75,0.6205050155940355,8.152619813249968,14.89998535026294,33.45079303485867,0.670046832886986,planarization,GA,0
P03,PLAN-01,75,0.733337624024715,6.783116956911621,12.269826680555713,33.213355149522776,0.8144593415225667,planarization,GA,0
P03,PLAN-02,75,0.6642791445974994,4.845966609814915,10.677865417496234,32.09570408795429,0.10449084880260628,planarization,GA,0
P03,PLAN-03,75,0.6480451739026991,8.362539616641422,15.058965226652315,40.07744560517834,0.733999083160082,planarization,GA,0
P03,PLAN-04,75,0.7601568838248024,3.7048512707862855,6.815092903629409,24.722608841381987,0.8547885121574477,planarization,GA,0
P03,PLAN-05,75,0.6640004771610093,6.917889886497497,16.87131422702405,25.859243084616086,0.5553622875092181,planarization,GA,0
P01,PLAN-01,75,0.7111505977271473,3.74090737411791,7.273909564663119,26.724883151433232,0.5231871812867235,planarization,GA,1
P01,PLAN-02,75,0.5634328284377228,8.667749967239391,19.06482695803525,51.56816030830016,0.094205086238346,planarization,GA,1
P01,PLAN-03,75,0.5851633712838388,5.534867485567028,10.301542239338428,38.809785515514314,0.20171856469376226,planarization,GA,1
P01,PLAN-04,75,0.681873292766062,4.79459880953619,7.553801226806006,38.38014339501646,0.7709176258334132,planarization,GA,1
P01,PLAN-05,75,0.532161249070551,10.451775356050858,21.094006658869894,63.11381820806318,0.5120397840346123,planarization,GA,1
P02,PLAN-01,75,0.6679351704950138,5.109100390701916,9.259658462454661,30.681978060407427,0.5591050385859946,planarization,GA,1
P02,PLAN-02,75,0.6334811217221452,8.58514314246038,21.328061767547503,32.50970031731882,0.4951410844481531,planarization,GA,1
P02,PLAN-03,75,0.6355198702763916,7.802400540213421,12.841687582162129,43.873060711841816,0.7458272564784152,planarization,GA,1
P02,PLAN-04,75,0.6066213715350139,6.2800282787627735,12.587169438325898,39.539937099062215,0.5429491385982468,planarization,GA,1
P02,PLAN-05,75,0.6027815560735643,8.533369581187236,16.195829062420234,36.25696080564833,0.6101594713251604,planarization,GA,1
P03,PLAN-01,75,0.6417839613845245,9.111976434184111,15.438142081338578,47.96654449061816,0.7062672951694162,planarization,GA,1
P03,PLAN-02,75,0.7450626703325273,3.679895863731164,5.399383766225476,30.720825820783084,0.7710242260455891,planarization,GA,1
P03,PLAN-03,75,0.6566419553873231,8.158277818222716,14.383462152097776,39.71836630910852,0.7573279591875017,planarization,GA,1
P03,PLAN-04,75,0.765756483100091,3.6183543855648934,6.986665244883784,26.527058601587584,0.8473849776541313,planarization,GA,1
P03,PLAN-05,75,0.6685417095242077,6.824390511343149,15.839383048552754,29.113542770913252,0.60809122289487,planarization,GA,1
P01,PLAN-01,75,0.6942816090108054,3.9593787428876643,7.560293453291927,29.82365321359208,0.48490250950090996,planarization,GA,2
P01,PLAN-02,75,0.5973736765258388,7.993877069625333,16.127375832826388,48.92825321872518,0.3518260751926652,planarization,GA,2
P01,PLAN-03,75,0.6540962530767337,4.615145504162675,8.404654556402148,32.77923199218153,0.4686370488450359,planarization,GA,2
P01,PLAN-04,75,0.7100552040847027,4.369859372744903,6.366021885495342,34.357708573804416,0.8372965263180248,planarization,GA,2
P01,PLAN-05,75,0.5265190203574552,10.577825852935904,22.26656651171651,53.364584282688035,0.45628318286446157,planarization,GA,2
P02,PLAN-01,75,0.6976592200775594,4.651770556760116,7.375837140179052,27.836447407571463,0.7202514546860235,planarization,GA,2
P02,PLAN-02,75,0.6168590242027592,8.974490308430049,20.85020417176707,39.897426845178664,0.5175104911176813,planarization,GA,2
P02,PLAN-03,75,0.6508344297133162,7.474562841860967,13.147213294958634,40.715150429447,0.7335889745017764,planarization,GA,2
P02,PLAN-04,75,0.6810353355189989,5.092058815404253,9.70839168136737,34.72760762151262,0.7281039151777262,planarization,GA,2
P02,PLAN-05,75,0.6028391835623423,8.532131580617783,15.174062046784563,41.22581985637363,0.6577965925429646,planarization,GA,2
P03,PLAN-01,75,0.690865357588367,7.86348815517006,13.864565003164257,38.16225253449286,0.7630947233738196,planarization,GA,2
P03,PLAN-02,75,0.6180225093280036,5.5136585520674055,12.210867526022186,35.124943329298915,-0.17110054225957327,planarization,GA,2
P03,PLAN-03,75,0.6441336363811302,8.45547878116095,14.5430033873089,43.71535423154939,0.7519146704272283,planarization,GA,2
P03,PLAN-04,75,0.759205978717715,3.719539880785068,6.63077461130623,25.572933278506245,0.8625369593937751,planarization,GA,2
P03,PLAN-05,75,0.6656896823143841,6.883110863158378,16.27389003305068,27.594171578026256,0.5862945703591864,planarization,GA,2
P01,PLAN-01,75,0.7272434960015455,3.532487203080972,6.594704538163524,24.685596612147005,0.6080751386344423,planarization,GA,3
P01,PLAN-02,75,0.5802819337419792,8.333222221082123,15.70901451940461,47.52438440113485,0.3850185382826923,planarization,GA,3
P01,PLAN-03,75,0.5818832551260154,5.578631721929199,10.861843881109886,42.57352444981428,0.11251985237201567,planarization,GA,3
P01,PLAN-04,75,0.7462651825319918,3.824126129955464,5.592096218521565,31.449539155755456,0.874451987735299,planarization,GA,3
P01,PLAN-05,75,0.5666355821776778,9.681599767839069,19.252884508955084,59.59193536012853,0.5935025096913009,planarization,GA,3
P02,PLAN-01,75,0.6575758389538962,5.268487534781683,9.969565142645505,30.10825183336301,0.48890970994131755,planarization,GA,3
P02,PLAN-02,75,0.6436852583324018,8.346126877170327,21.555960133341,32.39132917933747,0.48429422605220085,planarization,GA,3
P02,PLAN-03,75,0.6233097518293584,8.063781688314537,13.59504499758974,43.28996544866842,0.7151304199040087,planarization,GA,3
P02,PLAN-04,75,0.5766713167997333,6.758160991315045,12.603633669791854,52.9185177615429,0.5417526960431709,planarization,GA,3
P02,PLAN-05,75,0.5684001217107283,9.27197950888673,16.59783465974762,43.71589189279786,0.5905663937713406,planarization,GA,3
P03,PLAN-01,75,0.6433644570035797,9.071773212433282,15.196167641264257,43.5089018496427,0.7154029531024693,planarization,GA,3
P03,PLAN-02,75,0.7119010790410406,4.158567240682732,6.516520962293592,30.24991737941591,0.666471664570686,planarization,GA,3
P03,PLAN-03,75,0.6539453357805476,8.22235021223625,15.898897724159646,38.15464812269229,0.7034984938417919,planarization,GA,3
P03,PLAN-04,75,0.7488771802154925,3.8790886010773002,7.08131200461678,26.579557509059754,0.8432220887415863,planarization,GA,3
P03,PLAN-05,75,0.6705808558918467,6.782406552810752,15.788281451912583,27.067163999361682,0.6106159245200986,planarization,GA,3
P01,PLAN-01,75,0.7242561652112149,3.571176318220358,6.919529212163962,24.828827843537415,0.5685154772284668,planarization,GA,4
P01,PLAN-02,75,0.6065704292040532,7.811281680146006,14.310392206192695,44.15505269168179,0.48965106181335616,planarization,GA,4
P01,PLAN-03,75,0.5514023342410368,5.985316778787671,11.210875440858462,41.14199069894375,0.054567366049361854,planarization,GA,4
P01,PLAN-04,75,0.7002725107102303,4.517297764243456,7.339273359546208,34.163496565703525,0.7837447308451048,planarization,GA,4
P01,PLAN-05,75,0.54610463434306,10.140272449800346,20.620974018504473,56.70380517721851,0.5336793932245428,planarization,GA,4
P02,PLAN-01,75,0.6655787221998466,5.14535635591044,8.56154561083336,30.16538399554883,0.6230796822595535,planarization,GA,4
P02,PLAN-02,75,0.6489351249555,8.223156795383831,20.526908141544776,29.1100120203412,0.5323571182172282,planarization,GA,4
P02,PLAN-03,75,0.5424846429648156,9.793999117576691,16.600766611820347,52.12021160151183,0.575242491687675,planarization,GA,4
P02,PLAN-04,75,0.603341607071779,6.332387537976139,12.238967949484687,43.62384323275947,0.5678863652905373,planarization,GA,4
P02,PLAN-05,75,0.5424124031700803,9.8302688085656,17.518672341836897,47.15491424264436,0.543875922091475,planarization,GA,4
P03,PLAN-01,75,0.6117875851024592,9.874997193526767,16.365238412464617,47.73691734607729,0.6699293483526308,planarization,GA,4
P03,PLAN-02,75,0.7644867314823292,3.3995190261167973,5.426735730674522,26.334242212867938,0.7686984789756142,planarization,GA,4
P03,PLAN-03,75,0.6361266751538354,8.64572629449851,15.232179689030636,39.18341857821948,0.7278445840737996,planarization,GA,4
P03,PLAN-04,75,0.7283080341534302,4.196819741925866,7.920810276535419,25.92295112404146,0.8038462405754624,planarization,GA,4
P03,PLAN-05,75,0.6483054293908179,7.241035024681316,16.819753424685914,29.431416382277003,0.558075869243714,planarization,GA,4
P01,PLAN-01,75,0.7226279563047251,3.5922633575459173,6.619568171188439,26.635615400838986,0.6051142642650753,planarization,TSFGA,0
P01,PLAN-02,75,0.6037593029828838,7.867094716028323,16.211004575500542,43.29930296484682,0.34508641539255325,planarization,TSFGA,0
P01,PLAN-03,75,0.6565582549810647,4.582296779275825,8.647185496808529,32.08709666385579,0.43752777059920056,planarization,TSFGA,0
P01,PLAN-04,75,0.7461996299897771,3.8251140952338196,6.175380228622741,27.48817722330935,0.8468954926213241,planarization,TSFGA,0
P01,PLAN-05,75,0.5451498754932054,10.161602288335647,21.47132960387573,48.89773260789304,0.4944266945572533,planarization,TSFGA,0
P02,PLAN-01,75,0.7123720489802883,4.425401145680603,7.711729168458061,27.668239475008882,0.6941920741461778,planarization,TSFGA,0
P02,PLAN-02,75,0.6283765496626508,8.704709921715176,19.769242653853212,35.33320950367988,0.5662421828786709,planarization,TSFGA,0
P02,PLAN-03,75,0.6961286181337591,6.5049533312734225,11.864277789050542,36.25428293963445,0.7830461357106847,planarization,TSFGA,0
P02,PLAN-04,75,0.6802647904754071,5.104360054753985,10.051171390075314,32.991671921827134,0.7085649833516683,planarization,TSFGA,0
P02,PLAN-05,75,0.6283629134878237,7.983810061627896,14.728304392714874,35.71492894979242,0.6776066158707166,planarization,TSFGA,0
P03,PLAN-01,75,0.714426733137087,7.264155139298715,12.88037399986862,33.16023601219166,0.7955349022225046,planarization,TSFGA,0
P03,PLAN-02,75,0.6516200587699761,5.028694332098985,10.795783730453062,33.21746790530861,0.08460297969875563,planarization,TSFGA,0
P03,PLAN-03,75,0.6533482610933943,8.23653686448586,14.933313081614076,37.02427269349464,0.7384195917312573,planarization,TSFGA,0
P03,PLAN-04,75,0.8023824301186313,3.0525941981585976,5.346123839212115,21.9115349765243,0.9106415877454861,planarization,TSFGA,0
P03,PLAN-05,75,0.6539050915970708,7.125743650999805,16.43675681806655,28.250985536480915,0.5779725241564837,planarization,TSFGA,0
P01,PLAN-01,75,0.7241285030961941,3.572829678565641,6.933198009518714,25.208892846112423,0.5668090895145685,planarization,TSFGA,1
P01,PLAN-02,75,0.5921028790516163,8.098525237445715,14.476868080600807,43.96442523468184,0.47770799721171964,planarization,TSFGA,1
P01,PLAN-03,75,0.6565666378105778,4.5821849331964355,8.580419007894964,34.444791205648215,0.4461801382660061,planarization,TSFGA,1
P01,PLAN-04,75,0.7421829265553792,3.88565123677806,5.987373928011808,28.992465840691057,0.8560759623496149,planarization,TSFGA,1
P01,PLAN-05,75,0.5179891271385046,10.768388365251216,22.385929388229133,46.3817044662028,0.4504382265059267,planarization,TSFGA,1
P02,PLAN-01,75,0.710481037753313,4.4544959649451545,6.9181916368179746,27.116817359673128,0.7538893682906455,planarization,TSFGA,1
P02,PLAN-02,75,0.6394354309410033,8.445672572217026,20.607682844922017,33.875392767224746,0.5286694672763002,planarization,TSFGA,1
P02,PLAN-03,75,0.6805143612076332,6.839206632729995,12.506844619328799,35.863504545457445,0.7589093957857683,planarization,TSFGA,1
P02,PLAN-04,75,0.6803962757279427,5.102260980110847,9.732300460337475,34.8821253443069,0.7267630735174921,planarization,TSFGA,1
P02,PLAN-05,75,0.5926346302128562,8.751354092748244,16.097919095817385,35.96236252291494,0.614858693462667,planarization,TSFGA,1
P03,PLAN-01,75,0.6748559591496341,8.270720790154861,13.669783445446392,39.64310169881954,0.7697044709799307,planarization,TSFGA,1
P03,PLAN-02,75,0.6420960051256233,5.166169395705881,10.96840295128903,35.30796116650304,0.05509545786791792,planarization,TSFGA,1
P03,PLAN-03,75,0.6301021970745362,8.788869484681102,16.379913806795752,40.57753664623797,0.6852859753430515,planarization,TSFGA,1
P03,PLAN-04,75,0.7831945139187229,3.348989512106418,6.30694114025938,23.88633509948136,0.8756359175348917,planarization,TSFGA,1
P03,PLAN-05,75,0.6435128297209687,7.3397097981034465,16.1088745448568,29.711344191668214,0.5946418910334632,planarization,TSFGA,1
P01,PLAN-01,75,0.7237224119632534,3.578088991210321,6.6385094910348625,26.95925549777243,0.6028511685390808,planarization,TSFGA,2
P01,PLAN-02,75,0.6199657542965678,7.545326436153867,14.143276868352443,48.09455260104309,0.501501072163271,planarization,TSFGA,2
P01,PLAN-03,75,0.6201646898357904,5.067870006090057,9.160311678688187,37.19598214374059,0.36879266674416644,planarization,TSFGA,2
P01,PLAN-04,75,0.7272411448553342,4.110844051849397,6.6947217637756395,29.251834627058955,0.8200608623200141,planarization,TSFGA,2
P01,PLAN-05,75,0.5188791721779824,10.748504268880602,22.624925712231,50.93851985294023,0.4386411405978655,planarization,TSFGA,2
P02,PLAN-01,75,0.7184384694139432,4.332064097448332,6.62659665861275,28.067124566584408,0.774198785486949,planarization,TSFGA,2
P02,PLAN-02,75,0.6060836682222261,9.226886512244995,21.15349435368591,37.39311418998925,0.5033716721192617,planarization,TSFGA,2
P02,PLAN-03,75,0.6438223443426785,7.624670060944143,12.649162839679795,42.65831323701074,0.7533913284487491,planarization,TSFGA,2
P02,PLAN-04,75,0.6713653613195236,5.2464335247385625,9.691235895511069,37.2838222648417,0.7290640061462557,planarization,TSFGA,2
P02,PLAN-05,75,0.5761554907013571,9.105372366526113,16.773731552043312,39.41626640681213,0.5818423994396716,planarization,TSFGA,2
P03,PLAN-01,75,0.6775027335263377,8.2033945312851,13.667722960795004,42.0892695082816,0.7697738919245755,planarization,TSFGA,2
P03,PLAN-02,75,0.6209697224700976,5.471116969533094,11.78455783237404,37.51403844538868,-0.09075629178178857,planarization,TSFGA,2
P03,PLAN-03,75,0.6472241184461809,8.38204811112274,16.44482142051534,40.5105902096456,0.6827868401679571,planarization,TSFGA,2
P03,PLAN-04,75,0.7878360582100532,3.2772916808725006,5.761373913209236,23.614209336300597,0.8962209865429419,planarization,TSFGA,2
P03,PLAN-05,75,0.6399756416443703,7.412536918258214,16.698610217119462,29.062582239452517,0.5644188054505603,planarization,TSFGA,2
P01,PLAN-01,75,0.7237707149202043,3.577463416476818,6.763945372961281,26.113534857007693,0.5877009719249668,planarization,TSFGA,3
P01,PLAN-02,75,0.6138760876939532,7.666232704269316,15.512247318517629,38.747207928891775,0.4003282601641316,planarization,TSFGA,3
P01,PLAN-03,75,0.6063000644609848,5.25285575439312,9.476814319556107,36.63762529782714,0.3244207883904915,planarization,TSFGA,3
P01,PLAN-04,75,0.7410021662807145,3.903446887625732,6.702930876002311,27.31242479840139,0.8196193066386509,planarization,TSFGA,3
P01,PLAN-05,75,0.5418855749549947,10.234528560159504,21.751375933647232,48.1467183388005,0.4811525026884903,planarization,TSFGA,3
P02,PLAN-01,75,0.6795493598072511,4.930406190411889,8.78680328105718,28.609499850324777,0.6029849171124616,planarization,TSFGA,3
P02,PLAN-02,75,0.6488953564079869,8.22408831267585,20.064277997149468,34.23111352088718,0.5531988076537735,planarization,TSFGA,3
P02,PLAN-03,75,0.6723694443969948,7.013564294892567,12.668595013545028,37.94179884892132,0.7526330452978184,planarization,TSFGA,3
P02,PLAN-04,75,0.6772224423526481,5.152929119930001,10.569595652240814,31.330856391703076,0.6777261095851548,planarization,TSFGA,3
P02,PLAN-05,75,0.6040033419633506,8.507122183298137,15.197961533884975,35.89589509436457,0.6567177875998819,planarization,TSFGA,3
P03,PLAN-01,75,0.715019694876128,7.249071913507381,13.491400033867304,32.46717420016327,0.7756757228767907,planarization,TSFGA,3
P03,PLAN-02,75,0.6623186868387747,4.874264860238893,11.736802873278513,33.07123859553593,-0.08193398689929876,planarization,TSFGA,3
P03,PLAN-03,75,0.6506274119139253,8.30118495954544,14.922663438176356,38.01060244989587,0.7387925491243195,planarization,TSFGA,3
P03,PLAN-04,75,0.782458263107803,3.3603623619757523,6.044619965187604,23.477297999192373,0.8857659914565293,planarization,TSFGA,3
P03,PLAN-05,75,0.6723302354751569,6.746388598901851,16.187787714244784,25.786491053703823,0.590660676370273,planarization,TSFGA,3
P01,PLAN-01,75,0.7153675890576174,3.6862928454375106,7.137110928461239,26.325580403361393,0.5409531393073732,planarization,TSFGA,4
P01,PLAN-02,75,0.61377524372502,7.668234894001742,13.63937827645211,45.398515782460905,0.5363894707367043,planarization,TSFGA,4
P01,PLAN-03,75,0.6362706573220847,4.852979638189388,9.154664416346941,36.86924458099456,0.3695706958670336,planarization,TSFGA,4
P01,PLAN-04,75,0.7202426584574306,4.216320686752823,6.510282804302897,31.246118576368552,0.8298389018729981,planarization,TSFGA,4
P01,PLAN-05,75,0.5500052207334218,10.053131201607593,21.893585467692912,50.216367832202735,0.47434592063209124,planarization,TSFGA,4
P02,PLAN-01,75,0.6723307285704756,5.041470983775042,8.880269877548,30.158428539860125,0.5944937725445428,planarization,TSFGA,4
P02,PLAN-02,75,0.6437468747799595,8.34468360629517,20.597738664611168,33.746422138300304,0.5291242360137899,planarization,TSFGA,4
P02,PLAN-03,75,0.6426736944370288,7.649259128806781,12.71319495348463,45.82363215772341,0.750888262798221,planarization,TSFGA,4
P02,PLAN-04,75,0.6559992299175307,5.491743596910644,10.005219130748591,39.44784597163035,0.711223675306788,planarization,TSFGA,4
P02,PLAN-05,75,0.6035185278195141,8.517537354926747,15.138637072356262,37.106585530167365,0.6593925259757081,planarization,TSFGA,4
P03,PLAN-01,75,0.6950906543110533,7.756008868889743,12.859448961222256,39.230965659189394,0.7961986973522497,planarization,TSFGA,4
P03,PLAN-02,75,0.7013752266060403,4.31050278063808,8.58571394664289,30.006382566017383,0.42103278413955814,planarization,TSFGA,4
P03,PLAN-03,75,0.6370716124573563,8.623274334616157,15.274882810786949,40.21349438608473,0.7263164801560567,planarization,TSFGA,4
P03,PLAN-04,75,0.7758658388167028,3.4621953930918274,5.738381060644636,24.413845841468937,0.8970476692550924,planarization,TSFGA,4
P03,PLAN-05,75,0.6476760282861882,7.253993755989854,16.567545259866066,30.184873105608133,0.5712295982764715,planarization,TSFGA,4
P01,PLAN-01,75,0.719237501106611,3.6361733630797373,6.633637795028437,26.679972288973392,0.6034338530868124,planarization,mRMR,0
P01,PLAN-02,75,0.5540027898522092,8.854977092788365,18.54024845509195,53.82573754571091,0.14336613005473497,planarization,mRMR,0
P01,PLAN-03,75,0.5960848735492412,5.38914971717854,10.354002057202948,35.207084972445415,0.19356748843390137,planarization,mRMR,0
P01,PLAN-04,75,0.6918370336363089,4.6444317879416035,7.645322392541944,31.151462556088553,0.7653329153864524,planarization,mRMR,0
P01,PLAN-05,75,0.5455144810671639,10.153456799008376,21.8443875752633,56.66340629003265,0.47670570004779245,planarization,mRMR,0
P02,PLAN-01,75,0.6704154267398116,5.0709395346780255,8.621018457692019,29.616630201978516,0.6178249341936026,planarization,mRMR,0
P02,PLAN-02,75,0.6588142791949259,7.991752744191631,19.207309636140135,29.817805674031423,0.5905505183809343,planarization,mRMR,0
P02,PLAN-03,75,0.5857580257306683,8.867648851719437,15.750638217431526,45.940744175443065,0.6176323966429801,planarization,mRMR,0
P02,PLAN-04,75,0.6198542851323352,6.0687736106434595,12.448415739694724,38.52763597904701,0.5529701300255802,planarization,mRMR,0
P02,PLAN-05,75,0.5817961598229519,8.984194926163667,16.166838437092686,39.851525716364655,0.6115538557174502,planarization,mRMR,0
P03,PLAN-01,75,0.6365874685167432,9.244160131861747,15.648517716139972,42.95203058968866,0.6982073564968891,planarization,mRMR,0
P03,PLAN-02,75,0.7449550305929431,3.6814495908098364,6.1722573290140526,26.056369501133485,0.700780983714334,planarization,mRMR,0
P03,PLAN-03,75,0.6366545393471159,8.63318410186128,15.372940858625926,38.55076479214889,0.7227913451369987,planarization,mRMR,0
P03,PLAN-04,75,0.7262546008754672,4.228539080010928,8.190656377835866,25.39624970676957,0.7902534495923021,planarization,mRMR,0
P03,PLAN-05,75,0.6565237244333051,7.071828652962989,16.25746811253791,28.58733954657267,0.5871290862431691,planarization,mRMR,0
P01,PLAN-01,75,0.7164996199006586,3.6716318404461927,6.486086210613977,26.738030361892655,0.6208792439580844,planarization,mRMR,1
P01,PLAN-02,75,0.5668316699117403,8.600268237063386,18.459964038376533,52.67800325075823,0.1507689914294822,planarization,mRMR,1
P01,PLAN-03,75,0.5902227317988963,5.467364068380323,10.210455501625708,37.19114416797512,0.21577304017915577,planarization,mRMR,1
P01,PLAN-04,75,0.6886743516040781,4.692097674400878,7.418856270272565,30.67939324541305,0.7790294049875794,planarization,mRMR,1
P01,PLAN-05,75,0.5429041683190119,10.211772623421211,21.363878599168107,56.64225762983504,0.49947420957923516,planarization,mRMR,1
P02,PLAN-01,75,0.6673974209775091,5.117374125303915,8.728559786880112,29.429730514055464,0.6082307175470607,planarization,mRMR,1
P02,PLAN-02,75,0.6613625795067652,7.932062713899296,19.901138114585216,28.74222477608623,0.5604350272010792,planarization,mRMR,1
P02,PLAN-03,75,0.5801326786404286,8.988070261822253,16.080279313120688,45.78547195668436,0.601459966529651,planarization,mRMR,1
P02,PLAN-04,75,0.6211922754316996,6.047413485032399,11.411453224033526,40.95372991256619,0.6243440397164361,planarization,mRMR,1
P02,PLAN-05,75,0.5828162727426601,8.962280030993224,16.208041240096097,39.19319370787749,0.6095713450017524,planarization,mRMR,1
P03,PLAN-01,75,0.6234804589746162,9.577564416416102,16.09978963117233,49.85880362288105,0.6805501856427851,planarization,mRMR,1
P03,PLAN-02,75,0.7456978438609916,3.6707274440132815,5.72157601011699,27.586059939841263,0.742881996950095,planarization,mRMR,1
P03,PLAN-03,75,0.6412393394130969,8.524248041483046,15.183923889214983,38.34624322753369,0.7295662384441177,planarization,mRMR,1
P03,PLAN-04,75,0.7335476886964434,4.115882914962762,8.334639538486527,25.129774068607002,0.7828143844452962,planarization,mRMR,1
P03,PLAN-05,75,0.6608395713997075,6.982969734866094,15.691266933724792,28.534947185837893,0.615386532069474,planarization,mRMR,1
P01,PLAN-01,75,0.7201990151092529,3.623720732766163,6.536546531988587,26.207265915099104,0.6149573458155612,planarization,mRMR,2
P01,PLAN-02,75,0.5901443458409228,8.137410607850631,16.267176118342093,46.98222517066429,0.3405399678080019,planarization,mRMR,2
P01,PLAN-03,75,0.5694101218040107,5.7450517901877864,10.47739998481945,39.48886848312,0.17423098693270578,planarization,mRMR,2
P01,PLAN-04,75,0.7002515437799325,4.517613764179204,7.347388945776376,30.736195839930275,0.7832662070083689,planarization,mRMR,2
P01,PLAN-05,75,0.5531421586058745,9.98305028188124,22.07857008934831,57.16667251997769,0.46542561697211393,planarization,mRMR,2
P02,PLAN-01,75,0.6552191780210244,5.304746771602504,9.040121374086908,29.11014051870811,0.5797635471253211,planarization,mRMR,2
P02,PLAN-02,75,0.6599802182708213,7.964442407793728,19.377965892832695,29.7618958180228,0.5832423074846175,planarization,mRMR,2
P02,PLAN-03,75,0.5760851187778211,9.074716091548286,15.887178787935738,47.288698022851364,0.6109742554663511,planarization,mRMR,2
P02,PLAN-04,75,0.6368580755683939,5.797319400735589,11.564160190833595,39.46159267933636,0.6142227853135777,planarization,mRMR,2
P02,PLAN-05,75,0.5957441569937414,8.684552710159862,15.979583380529306,38.53904917511339,0.6205002248140523,planarization,mRMR,2
P03,PLAN-01,75,0.6383413095081862,9.199547506907539,15.035345028114078,47.608312884945214,0.7213949175808316,planarization,mRMR,2
P03,PLAN-02,75,0.7605340794311632,3.4565736283314923,5.362746805062724,25.08170668445554,0.7741210665860704,planarization,mRMR,2
P03,PLAN-03,75,0.6426999965093034,8.489542443128848,14.880657667577896,38.581830846986236,0.7402610238998637,planarization,mRMR,2
P03,PLAN-04,75,0.7580028947538842,3.738123891964298,7.376304251582609,23.452492664521603,0.8298879579921572,planarization,mRMR,2
P03,PLAN-05,75,0.6461064827924214,7.286309108124835,16.395295584907466,29.795006752953658,0.5800989425190686,planarization,mRMR,2
P01,PLAN-01,75,0.7172321488914103,3.6621448098977636,6.603289561150686,26.56270054527672,0.6070540545186336,planarization,mRMR,3
P01,PLAN-02,75,0.5878376296668595,8.183208918728239,16.08880172529089,47.177906499861706,0.3549230240908122,planarization,mRMR,3
P01,PLAN-03,75,0.6059001316932913,5.258191770354803,9.42898472417608,36.359533256257606,0.3312228925595224,planarization,mRMR,3
P01,PLAN-04,75,0.6863600281952054,4.726977651494102,7.554319795048005,32.1732908875218,0.7708861717566884,planarization,mRMR,3
P01,PLAN-05,75,0.5348808384424213,10.391018231680501,22.186515847236056,59.918950223231434,0.460185594507431,planarization,mRMR,3
P02,PLAN-01,75,0.6694030245811573,5.0865162046675545,8.437696166544203,28.840935341249267,0.6339057019404515,planarization,mRMR,3
P02,PLAN-02,75,0.6604952127022721,7.952379452312829,19.676295264228756,28.83827608070743,0.5703113200543718,planarization,mRMR,3
P02,PLAN-03,75,0.5653092761267272,9.305393798412327,16.349756121119608,48.542744857604085,0.5879904007889263,planarization,mRMR,3
P02,PLAN-04,75,0.617033831470032,6.11380027827744,11.925933495950346,40.847764862295804,0.5897079126623097,planarization,mRMR,3
P02,PLAN-05,75,0.5699447138576231,9.238797324516424,16.27641434583447,40.27523413170826,0.6062703754473728,planarization,mRMR,3
P03,PLAN-01,75,0.626044790849504,9.51233525553398,15.623768914240724,45.43735237135655,0.6991611976474892,planarization,mRMR,3
P03,PLAN-02,75,0.7699003226153398,3.3213764816558426,4.996364516866352,24.86436527017089,0.8039308014654574,planarization,mRMR,3
P03,PLAN-03,75,0.6446612939569846,8.442941497808333,14.96235353472203,38.458821203933795,0.7374012242973599,planarization,mRMR,3
P03,PLAN-04,75,0.7360101228528206,4.0778457494231946,7.820320524510008,24.768358726429547,0.8087917964906226,planarization,mRMR,3
P03,PLAN-05,75,0.6584614861996796,7.031932100691789,15.822859480992042,29.24586799103003,0.6089084710680632,planarization,mRMR,3
P01,PLAN-01,75,0.7176265618489985,3.657036742060754,6.710172149419871,26.274513224818413,0.5942304509473286,planarization,mRMR,4
P01,PLAN-02,75,0.572043675717639,8.496787338598978,17.120327446144813,49.186861698828636,0.26955372984385706,planarization,mRMR,4
P01,PLAN-03,75,0.5507645843809991,5.9938258175752335,11.646524692167896,39.27234849510454,-0.0203384150785324,planarization,mRMR,4
P01,PLAN-04,75,0.6830698082246991,4.776565706803464,7.931943701536677,31.514512453321565,0.7474078691645479,planarization,mRMR,4
P01,PLAN-05,75,0.5348968644074199,10.390660202796198,22.4613390074493,58.90619717106751,0.44672946419560844,planarization,mRMR,4
P02,PLAN-01,75,0.6353109341423805,5.611052069667927,9.765524098943128,30.339092071842366,0.5096159779117395,planarization,mRMR,4
P02,PLAN-02,75,0.6653860067918782,7.8378200944514935,19.04214683095012,28.0096543945143,0.5975619187806722,planarization,mRMR,4
P02,PLAN-03,75,0.6010698831832979,8.539868994555032,15.420449900028286,46.082849241570635,0.6334958758132455,planarization,mRMR,4
P02,PLAN-04,75,0.6251050861506481,5.9849480632062875,11.5577950626475,42.569941355150306,0.6146473463020081,planarization,mRMR,4
P02,PLAN-05,75,0.577515983331489,9.076145157661795,16.428722101001835,39.77734111979406,0.5988671904662473,planarization,mRMR,4
P03,PLAN-01,75,0.6419513692229462,9.107718064613357,15.216039718743396,43.90409083776359,0.7146581294626828,planarization,mRMR,4
P03,PLAN-02,75,0.758056639048473,3.4923342704814413,5.53374956768782,25.833337700966965,0.7594861197871163,planarization,mRMR,4
P03,PLAN-03,75,0.6315259877042037,8.75503984330802,15.336567531158854,39.4607695661455,0.7241015788484151,planarization,mRMR,4
P03,PLAN-04,75,0.7347828226177213,4.096803828805062,8.086578585474236,24.587646508080383,0.7955500366920331,planarization,mRMR,4
P03,PLAN-05,75,0.6544407865760954,7.114714233915135,16.639708650167837,29.23716741582162,0.5674862661787234,planarization,mRMR,4
P01,PLAN-01,75,0.7066407543050536,3.799314649262247,6.806125910838951,28.129438813981672,0.5825426746091206,planarization,MI,0
P01,PLAN-02,75,0.6206647922809814,7.5314475032858335,14.899929386064896,44.471254727681405,0.44673580851786976,planarization,MI,0
P01,PLAN-03,75,0.6576807280709716,4.567320426228177,8.69079550505033,32.80192814514658,0.43184007656471135,planarization,MI,0
P01,PLAN-04,75,0.7199325252444642,4.220994812816039,5.945708698087684,33.64041302029831,0.8580720839808794,planarization,MI,0
P01,PLAN-05,75,0.5528895227472828,9.988694306100347,21.554152127343933,50.553229736040194,0.49051882141206005,planarization,MI,0
P02,PLAN-01,75,0.7225326549118678,4.269071564459411,6.87685984566235,26.228693924548512,0.7568212925777282,planarization,MI,0
P02,PLAN-02,75,0.6381658980990127,8.475409433859063,20.100742909104405,35.507257494821516,0.5515732947661189,planarization,MI,0
P02,PLAN-03,75,0.7016910253553897,6.38587927051777,11.708025851257709,33.0625867128943,0.7887230484075123,planarization,MI,0
P02,PLAN-04,75,0.6789127409460988,5.12594462662429,10.042884629676665,32.79964931890612,0.7090453366373723,planarization,MI,0
P02,PLAN-05,75,0.6091678828399847,8.396173317022354,15.229595889774025,34.981586982744695,0.6552872255316519,planarization,MI,0
P03,PLAN-01,75,0.7281686486194029,6.914600690203195,12.653685961960552,35.64362287381246,0.8026685344358686,planarization,MI,0
P03,PLAN-02,75,0.6626997742296886,4.868764049842184,10.167967936890992,32.39958758025539,0.18797485285287108,planarization,MI,0
P03,PLAN-03,75,0.6484187240427931,8.353663966661061,15.06685543154179,40.49666583455154,0.7337202656529258,planarization,MI,0
P03,PLAN-04,75,0.7679539330179692,3.584410425652393,6.149492451277099,26.696351364732728,0.8817677485810147,planarization,MI,0
P03,PLAN-05,75,0.6545997285610197,7.111441779416517,17.377058737531854,27.702904598144904,0.5283052908159649,planarization,MI,0
P01,PLAN-01,75,0.7077780648321257,3.784585266740045,6.914139440976844,28.70650593334935,0.5691874007209548,planarization,MI,1
P01,PLAN-02,75,0.6390109051674289,7.167197670204211,14.324107688247352,42.39515357429134,0.48867232748543055,planarization,MI,1
P01,PLAN-03,75,0.6437565067573885,4.753101320381383,8.729334972045367,33.85659516219468,0.42678987581681027,planarization,MI,1
P01,PLAN-04,75,0.731895905540591,4.040690526437283,5.713343752833295,30.96794770358716,0.8689487160398709,planarization,MI,1
P01,PLAN-05,75,0.5582823506912078,9.868215559755036,21.80007977849451,48.97338316535724,0.47882638233975705,planarization,MI,1
P02,PLAN-01,75,0.7136199691381819,4.406200830562127,7.021010921865086,26.22893914751871,0.746519534253737,planarization,MI,1
P02,PLAN-02,75,0.6291917467222341,8.685615179641538,20.304492553346662,36.74728494916461,0.5424363341796319,planarization,MI,1
P02,PLAN-03,75,0.6982372105874857,6.459814840699131,11.91832367863046,33.86788252716675,0.7810650338558563,planarization,MI,1
P02,PLAN-04,75,0.6649164910241141,5.349385451688122,10.194197267639124,34.41034562492608,0.7002118640210212,planarization,MI,1
P02,PLAN-05,75,0.6146773429367396,8.277814615614421,15.094236468897563,34.8951418987252,0.6613875536240257,planarization,MI,1
P03,PLAN-01,75,0.7080481296977679,7.426408299282075,12.78746751539186,39.11996624616631,0.7984738888733468,planarization,MI,1
P03,PLAN-02,75,0.6531735832407177,5.0062699649749405,10.822340717947325,33.695893775691026,0.08009379562517649,planarization,MI,1
P03,PLAN-03,75,0.6340213368902556,8.695749687644847,15.150522045283315,43.263891536807456,0.7307547389803075,planarization,MI,1
P03,PLAN-04,75,0.7853535661930723,3.315638679737836,5.56828112016226,25.29054186633997,0.9030607355550565,planarization,MI,1
P03,PLAN-05,75,0.6723571247340658,6.745834976293432,16.556378706626063,27.03002722844847,0.5718073874324879,planarization,MI,1
P01,PLAN-01,75,0.7091210223753497,3.767192536351675,6.891972311012176,27.315722817419896,0.57194539258059,planarization,MI,2
P01,PLAN-02,75,0.6197558152257889,7.5494946363585544,14.575271237569048,43.771846514211056,0.4705835480466335,planarization,MI,2
P01,PLAN-03,75,0.6322080483256121,4.907184115047513,9.562630738369108,35.24775278123682,0.3121301000206257,planarization,MI,2
P01,PLAN-04,75,0.7319206045088336,4.040318279653093,5.650659181693263,31.531190596269028,0.8718086273589827,planarization,MI,2
P01,PLAN-05,75,0.5739514485497373,9.518159283903646,21.38352042606796,47.946799916840206,0.49855342543586545,planarization,MI,2
P02,PLAN-01,75,0.7196092979382931,4.3140499028101384,6.651218820609333,26.597615442094202,0.7725176682058696,planarization,MI,2
P02,PLAN-02,75,0.6468292189596698,8.272484416661392,19.43306241695943,35.301775064370474,0.5808690404789947,planarization,MI,2
P02,PLAN-03,75,0.6797397950945238,6.855787715116954,11.99711884163564,37.871280812904004,0.7781605915353038,planarization,MI,2
P02,PLAN-04,75,0.6758622542564274,5.174643618610406,10.28150684422375,32.85333205495514,0.6950547218724827,planarization,MI,2
P02,PLAN-05,75,0.5990839135606179,8.61280534411451,16.03311451095324,36.844228930969805,0.617953339968866,planarization,MI,2
P03,PLAN-01,75,0.7257612504484702,6.975837913098132,12.293016327747042,36.39480367483525,0.8137573449185371,planarization,MI,2
P03,PLAN-02,75,0.6399123973813696,5.197688707203226,11.250995940811478,34.875807498379196,0.005778664310322368,planarization,MI,2
P03,PLAN-03,75,0.6526120986512778,8.254028278525398,15.071852956209936,38.70834146317561,0.733543591728689,planarization,MI,2
P03,PLAN-04,75,0.7865516531607927,3.2971318570461676,5.843039405200682,24.525366081854123,0.8932580715895118,planarization,MI,2
P03,PLAN-05,75,0.671764609009297,6.7580342749868825,16.288738447630887,26.624415990386886,0.5855392903222412,planarization,MI,2
P01,PLAN-01,75,0.7013345838092209,3.8680352080724627,7.140508021401625,27.513859593891098,0.5405160448052031,planarization,MI,3
P01,PLAN-02,75,0.6130694620549333,7.682247718250255,15.405054428243188,41.53886450018968,0.4085873408307137,planarization,MI,3
P01,PLAN-03,75,0.6308999399131556,4.924637267007861,9.147021441357047,35.373759553183845,0.3706229122738417,planarization,MI,3
P01,PLAN-04,75,0.73055493479915,4.060900765233135,6.07369455833729,29.614108092279913,0.8518961098454726,planarization,MI,3
P01,PLAN-05,75,0.5613821429882226,9.798964492641739,21.79854964748876,48.47599756360688,0.4788995413312076,planarization,MI,3
P02,PLAN-01,75,0.6850842414623415,4.845247319270172,8.152283606134128,27.989084144032216,0.6582537492694851,planarization,MI,3
P02,PLAN-02,75,0.64317255397103,8.358136191268478,19.802990279034614,34.87748467082074,0.5647600026212101,planarization,MI,3
P02,PLAN-03,75,0.7009107760617739,6.40258201235071,11.61062322484237,34.416532246837065,0.792223780137884,planarization,MI,3
P02,PLAN-04,75,0.6570323678085841,5.475250237327298,10.47971970495142,35.77712527925355,0.6831835604037435,planarization,MI,3
P02,PLAN-05,75,0.6068279316512819,8.44644205101608,15.786130834941947,36.02370483530035,0.6296332297379561,planarization,MI,3
P03,PLAN-01,75,0.7153784370975509,7.2399465525096245,12.749172611991108,36.60901078100394,0.7996791106552157,planarization,MI,3
P03,PLAN-02,75,0.647571799331901,5.0871289802570825,11.312940594528234,33.132175191951475,-0.0051992501326691976,planarization,MI,3
P03,PLAN-03,75,0.6558830796048839,8.176308907226742,14.834680000058638,37.132097719193254,0.741863606701591,planarization,MI,3
P03,PLAN-04,75,0.7847660979998207,3.3247132878275876,5.834903652771657,24.727242149525747,0.8935551160734375,planarization,MI,3
P03,PLAN-05,75,0.6658183481878697,6.880461763131678,16.288392955984726,27.977629735465147,0.5855568719409434,planarization,MI,3
P01,PLAN-01,75,0.7146851436865829,3.6951312397732705,7.05175120113524,26.508706934613084,0.5518678622449433,planarization,MI,4
P01,PLAN-02,75,0.6387102297206013,7.173167380627152,14.031808731446674,40.62611302432074,0.5093277981360751,planarization,MI,4
P01,PLAN-03,75,0.6456146142775057,4.728309924959982,8.555042064976353,34.32291616632335,0.4494511841173153,planarization,MI,4
P01,PLAN-04,75,0.7232678218613833,4.170727391611533,6.282380454192567,30.885267330284577,0.8415438728766214,planarization,MI,4
P01,PLAN-05,75,0.571566590365112,9.57143832919911,21.620996259447733,46.551057331718425,0.48735389668827145,planarization,MI,4
P02,PLAN-01,75,0.7211429237722387,4.290453762384542,6.864500422650329,26.328874328302447,0.7576946120060214,planarization,MI,4
P02,PLAN-02,75,0.6482051754096385,8.240254745065004,20.3156859738118,34.93231820289129,0.5419317055385913,planarization,MI,4
P02,PLAN-03,75,0.6597734036218355,7.283206855169255,13.117951296066519,38.59832447076219,0.7347735667677152,planarization,MI,4
P02,PLAN-04,75,0.6608652390891866,5.414060995489305,9.57607376817672,36.83918214609365,0.7354648779796793,planarization,MI,4
P02,PLAN-05,75,0.6205210514583039,8.15227531777538,14.999396542687283,34.56334810567612,0.6656293170823162,planarization,MI,4
P03,PLAN-01,75,0.716815441158142,7.203393339575494,12.500628208899034,36.31847070577814,0.8074134670784013,planarization,MI,4
P03,PLAN-02,75,0.6979365741468166,4.360138049737398,8.13026296697762,30.1553255098986,0.48082911634151004,planarization,MI,4
P03,PLAN-03,75,0.6699832286955081,7.8412856410923055,13.996461451432797,39.29568220758437,0.7702109247535552,planarization,MI,4
P03,PLAN-04,75,0.799845573220177,3.091780970136558,5.165158064001403,23.314012404122515,0.9165887466860867,planarization,MI,4
P03,PLAN-05,75,0.6841264667042775,6.503516144711423,15.927924810418757,26.2487283098653,0.6036974557382686,planarization,MI,4
P01,PLAN-01,75,0.7070733377539853,3.7937122329120774,6.820496803257206,28.296748549591292,0.5807779209222643,planarization,DDA,0
P01,PLAN-02,75,0.6315140954801842,7.316041825591523,14.552101315827635,42.70857653419537,0.4722654087360003,planarization,DDA,0
P01,PLAN-03,75,0.6459178668650567,4.724263843272485,8.972187356993846,33.54572004462748,0.3944525185807497,planarization,DDA,0
P01,PLAN-04,75,0.7197694350176416,4.223452802634527,6.111233839732749,33.44514507259076,0.8500597004470712,planarization,DDA,0
P01,PLAN-05,75,0.5575766951247618,9.883980293746369,21.54012316913757,50.4818561465064,0.49118181794975446,planarization,DDA,0
P02,PLAN-01,75,0.7267031593362392,4.204904799747403,6.562526185498947,26.5123667520356,0.7785440782619559,planarization,DDA,0
P02,PLAN-02,75,0.6380021936861744,8.479243958901463,20.221330241736467,35.74687900605945,0.5461767996000666,planarization,DDA,0
P02,PLAN-03,75,0.7028951642129322,6.36010235455885,11.941065562373858,32.55635335585471,0.7802287176084767,planarization,DDA,0
P02,PLAN-04,75,0.6746459203065867,5.194061581480493,10.13647769346722,33.280613129416714,0.70359705590181,planarization,DDA,0
P02,PLAN-05,75,0.6177213059337681,8.212421727539182,14.859826418770512,34.70629004958513,0.6718230373114633,planarization,DDA,0
P03,PLAN-01,75,0.7189556078557906,7.148953709821414,12.656139996977,36.46893438057676,0.8025919867349174,planarization,DDA,0
P03,PLAN-02,75,0.6753131276072541,4.6866964531413595,9.496761436793483,31.57498041942228,0.2916429842205813,planarization,DDA,0
P03,PLAN-03,75,0.6568958032116098,8.1522463268784,14.716413670598584,40.714614261727974,0.7459630751606733,planarization,DDA,0
P03,PLAN-04,75,0.7724320471961927,3.5152370957336863,6.070532276179455,27.045645382446637,0.8847844866348615,planarization,DDA,0
P03,PLAN-05,75,0.6578501995079062,7.044517874585272,17.50796905098715,27.062490671033583,0.5211714830420962,planarization,DDA,0
P01,PLAN-01,75,0.7090397474011716,3.7682451338223353,6.960502056999348,27.590793466379697,0.5633904203265987,planarization,DDA,1
P01,PLAN-02,75,0.6196121356440649,7.552347298608272,15.436870888629288,44.41121772645528,0.406141898161681,planarization,DDA,1
P01,PLAN-03,75,0.6420387203258162,4.776020512200781,9.313724093073876,32.9086832627076,0.3474733236209435,planarization,DDA,1
P01,PLAN-04,75,0.7303520190056599,4.0639589800883495,5.805597624062245,31.47681137592786,0.8646823536917712,planarization,DDA,1
P01,PLAN-05,75,0.5517851220656906,10.013367225571297,21.8737941987158,48.53598972949871,0.4752958480979419,planarization,DDA,1
P02,PLAN-01,75,0.7217938476629986,4.280438743601743,7.202184439181405,24.790152376438478,0.7332688870748281,planarization,DDA,1
P02,PLAN-02,75,0.6362916691628085,8.519310374991093,20.27908213446025,35.921888460600634,0.5435808699565654,planarization,DDA,1
P02,PLAN-03,75,0.6923126400132279,6.586641706910399,11.977378435295712,34.262688349977154,0.7788900328773187,planarization,DDA,1
P02,PLAN-04,75,0.6663964632406827,5.325758679160846,10.154837961857332,34.47798577485888,0.7025223302684791,planarization,DDA,1
P02,PLAN-05,75,0.6276296483346425,7.999562659848789,15.304629890707462,32.9590770756413,0.6518821587376293,planarization,DDA,1
P03,PLAN-01,75,0.7292675623435991,6.886647514246085,12.187018917940863,35.9874153235246,0.8169552791585024,planarization,DDA,1
P03,PLAN-02,75,0.6580663141234122,4.935645783882821,10.482493642765053,33.685099913490845,0.1369611260671596,planarization,DDA,1
P03,PLAN-03,75,0.6399862161550371,8.554022581034785,15.359065966483884,42.46526022351051,0.7232915102654317,planarization,DDA,1
P03,PLAN-04,75,0.771842010003337,3.524351387103076,6.093969690107641,24.938896541650404,0.8838931096073754,planarization,DDA,1
P03,PLAN-05,75,0.6676559731567311,6.842626926106172,16.667862635063024,26.76323795707735,0.5660214224164357,planarization,DDA,1
P01,PLAN-01,75,0.7032017300062618,3.8438536763742643,7.17213685309764,27.32561711371919,0.5364364674353121,planarization,DDA,2
P01,PLAN-02,75,0.6131497680486033,7.680653296316257,14.850036411261135,45.24636206391676,0.4504348569013342,planarization,DDA,2
P01,PLAN-03,75,0.650133378546879,4.668019295593668,8.562403627024377,33.06010339006902,0.44850328859898436,planarization,DDA,2
P01,PLAN-04,75,0.7324019008876893,4.033064493684728,5.640044750511504,30.75752774940095,0.8722897749497266,planarization,DDA,2
P01,PLAN-05,75,0.5598909964833383,9.83227752680372,21.516513079473338,48.86328896415785,0.49229663599976436,planarization,DDA,2
P02,PLAN-01,75,0.7006798265772557,4.60529595157305,7.279110881815694,28.048499972772827,0.7275405540415745,planarization,DDA,2
P02,PLAN-02,75,0.6480558358428579,8.24375279559836,19.973313257173803,34.55342168670795,0.5572409190160595,planarization,DDA,2
P02,PLAN-03,75,0.6755588406457738,6.945289113380483,12.274104481915336,37.76230166116615,0.7677988275116064,planarization,DDA,2
P02,PLAN-04,75,0.693841147957083,4.8876225333481775,9.60950457318647,32.15308270264968,0.7336146292917369,planarization,DDA,2
P02,PLAN-05,75,0.6060604923149152,8.462928806826369,15.753551046403336,35.5884859930133,0.6311603955329632,planarization,DDA,2
P03,PLAN-01,75,0.7327899491325004,6.797048216747842,12.461647730997521,34.17408888507367,0.8086126724809306,planarization,DDA,2
P03,PLAN-02,75,0.6372817129119042,5.235661352914211,11.746201673648981,34.43211914155278,-0.08366750040775828,planarization,DDA,2
P03,PLAN-03,75,0.6529941722504995,8.244950108905186,14.573149043330838,38.72419728070998,0.7508851105810654,planarization,DDA,2
P03,PLAN-04,75,0.7763498265239118,3.454719245763968,5.97263550260819,24.31816483406602,0.8884705816843367,planarization,DDA,2
P03,PLAN-05,75,0.661658728910886,6.966104111325475,16.910643525801063,27.787321862123747,0.5532868508459745,planarization,DDA,2
P01,PLAN-01,75,0.7056022982717318,3.8127637608137426,7.020201730118812,27.43855023131366,0.555868770417919,planarization,DDA,3
P01,PLAN-02,75,0.6176767319914845,7.590773447066059,15.229826664638257,41.882266401503045,0.4219650964879529,planarization,DDA,3
P01,PLAN-03,75,0.6184922710597085,5.090183889834208,9.175107187467004,34.95161341612402,0.36675199912142153,planarization,DDA,3
P01,PLAN-04,75,0.7292494743938951,4.080575815339285,6.030546050439624,29.679243107734248,0.8539929431240613,planarization,DDA,3
P01,PLAN-05,75,0.5558104409689183,9.923439384345196,22.086714463653085,49.94588934909165,0.4650311551147883,planarization,DDA,3
P02,PLAN-01,75,0.7031013844682157,4.568038219746243,7.638145967343929,27.3473410566835,0.7000001024403011,planarization,DDA,3
P02,PLAN-02,75,0.6672395084834406,7.794404657266858,19.223894137324223,33.40683023957636,0.5898431369550292,planarization,DDA,3
P02,PLAN-03,75,0.6955706753531984,6.516897173193576,11.67483654682986,35.581790526989735,0.7899191845171443,planarization,DDA,3
P02,PLAN-04,75,0.6597523822672857,5.431827014805157,10.434183869980238,35.08370334735362,0.6859308015401917,planarization,DDA,3
P02,PLAN-05,75,0.6164923864724365,8.238822374612353,15.395615893948458,37.7466914599765,0.6477307350494779,planarization,DDA,3
P03,PLAN-01,75,0.7177398953923462,7.179877906740302,12.64703609983038,35.356398033554086,0.8028758862285523,planarization,DDA,3
P03,PLAN-02,75,0.6386416644496614,5.216031116553004,11.693722360191135,33.63258903298478,-0.07400597973478162,planarization,DDA,3
P03,PLAN-03,75,0.652556389643452,8.255351939263663,15.097549064748549,36.76305262442337,0.7326342503934742,planarization,DDA,3
P03,PLAN-04,75,0.7745870256885752,3.4819491909843663,6.2392724594471325,23.994149970068516,0.8782902651723616,planarization,DDA,3
P03,PLAN-05,75,0.667500206531965,6.845834003155028,16.30634633157428,28.055581353961266,0.5846427542900292,planarization,DDA,3
P01,PLAN-01,75,0.7168590711686864,3.6669765637219878,6.938910611601564,25.839219369589067,0.566094940925191,planarization,DDA,4
P01,PLAN-02,75,0.6382111392600318,7.1830764887897525,13.945012536650884,41.08725559424124,0.51537930034782,planarization,DDA,4
P01,PLAN-03,75,0.6318893622948247,4.9114361140943865,9.035843527246987,35.185940310446604,0.3858295209311542,planarization,DDA,4
P01,PLAN-04,75,0.7290049285519153,4.084261451207545,5.988453200569313,31.02772919866804,0.8560240707303148,planarization,DDA,4
P01,PLAN-05,75,0.583363015981891,9.307899684086896,21.130938503286146,45.744443392471304,0.5103296255915115,planarization,DDA,4
P02,PLAN-01,75,0.7247533885434458,4.234903685007517,6.846954692661373,25.766988367332445,0.7589316988468476,planarization,DDA,4
P02,PLAN-02,75,0.6574673288232957,8.02330299284613,20.45906207736631,35.04981270210678,0.535443339980305,planarization,DDA,4
P02,PLAN-03,75,0.6636987882516059,7.1991764220724175,12.904390675564791,39.36347271801606,0.7433390590977516,planarization,DDA,4
P02,PLAN-04,75,0.6639300664134606,5.365133064805652,9.3672243091672,37.1091684430034,0.746877812425603,planarization,DDA,4
P02,PLAN-05,75,0.6360837445327558,7.817944891498709,14.457571017229363,34.3759884553679,0.6893500506677794,planarization,DDA,4
P03,PLAN-01,75,0.7164395626114601,7.212954598956054,12.745310882601855,36.200438777431984,0.7998004468280944,planarization,DDA,4
P03,PLAN-02,75,0.7084661918139505,4.208148160494824,7.87649321530442,30.326038469874906,0.5127330568775192,planarization,DDA,4
P03,PLAN-03,75,0.6779211560410454,7.652678391016622,13.996710940568823,38.94955589054106,0.7702027326274229,planarization,DDA,4
P03,PLAN-04,75,0.7854497131487195,3.3141534998565363,5.909987633106778,23.873020668752364,0.890798008554387,planarization,DDA,4
P03,PLAN-05,75,0.6920977472620651,6.339395551065288,15.66349228152177,25.12429530874526,0.6167469130960037,planarization,DDA,4
P01,PLAN-01,75,0.7037316312623755,3.83699089078097,6.980672385213319,27.847446383864273,0.5608563162085176,planarization,PFI-SBS,0
P01,PLAN-02,75,0.6396639210167561,7.154232476127987,13.74759439481319,41.76305727951422,0.5290036268697569,planarization,PFI-SBS,0
P01,PLAN-03,75,0.657006003490212,4.576322792184424,8.56245064968972,31.577328987592995,0.4484972312072434,planarization,PFI-SBS,0
P01,PLAN-04,75,0.724018605114445,4.1594120747598025,5.880047542885487,32.654398582886664,0.861189523327053,planarization,PFI-SBS,0
P01,PLAN-05,75,0.5601482827258886,9.826529610445796,21.36401080132623,48.19372262612474,0.4994680149368047,planarization,PFI-SBS,0
P02,PLAN-01,75,0.7153314795473835,4.379867784351309,7.11490398817955,26.242470697068253,0.7396945344415451,planarization,PFI-SBS,0
P02,PLAN-02,75,0.6612245448428761,7.9352959644038235,19.540239003122768,32.393935292920325,0.576233137201309,planarization,PFI-SBS,0
P02,PLAN-03,75,0.7016789917025718,6.3861368740785425,11.692881036482792,32.64670710224762,0.7892692858063957,planarization,PFI-SBS,0
P02,PLAN-04,75,0.6842164853132207,5.041273873821004,9.715351794349484,32.882450844955244,0.7277139214714994,planarization,PFI-SBS,0
P02,PLAN-05,75,0.6201538770364186,8.16016325724701,14.744056875335419,32.162129129760366,0.6769166230694333,planarization,PFI-SBS,0
P03,PLAN-01,75,0.7140977296211921,7.272524033933317,12.721256396557807,36.39720765313302,0.8005554151486052,planarization,PFI-SBS,0
P03,PLAN-02,75,0.6733482900899943,4.715057923241086,8.977296610326837,31.951749505381503,0.3670166422521849,planarization,PFI-SBS,0
P03,PLAN-03,75,0.6486696641970384,8.34770156232482,14.87644591002618,38.971171136529215,0.7404080339049275,planarization,PFI-SBS,0
P03,PLAN-04,75,0.8112196426161808,2.9160859736413713,5.545379834611592,22.54399275660555,0.9038564814734488,planarization,PFI-SBS,0
P03,PLAN-05,75,0.6680165427572785,6.835203163203387,16.526960900932988,27.234088375907326,0.5733276831946554,planarization,PFI-SBS,0
P01,PLAN-01,75,0.7029670465130099,3.8468930775417305,7.0392856713967635,28.890994896754936,0.5534508072198435,planarization,PFI-SBS,1
P01,PLAN-02,75,0.6258641296416754,7.428218128350132,15.083621161929173,44.01020909784374,0.4330100322937014,planarization,PFI-SBS,1
P01,PLAN-03,75,0.635232950086942,4.866825021257667,9.028796582646075,33.91882072016419,0.3867871155688376,planarization,PFI-SBS,1
P01,PLAN-04,75,0.7158990620819587,4.28178454608114,6.31813170352083,32.55845099907911,0.8397352834355434,planarization,PFI-SBS,1
P01,PLAN-05,75,0.5494241170438725,10.066113378072615,21.899163810123397,49.726370778162305,0.47407802006169697,planarization,PFI-SBS,1
P02,PLAN-01,75,0.7205248033999732,4.299964071079834,7.163155844094907,25.00806786455544,0.7361518830451945,planarization,PFI-SBS,1
P02,PLAN-02,75,0.6378235182086933,8.483429158194419,20.130680304516385,36.24667011820872,0.5502365556390282,planarization,PFI-SBS,1
P02,PLAN-03,75,0.6853807317813796,6.735032579614207,12.479676186001488,33.98538189383094,0.7599556932193626,planarization,PFI-SBS,1
P02,PLAN-04,75,0.6662575111972827,5.327976956156087,10.12482819651124,33.826382929169974,0.7042779553473963,planarization,PFI-SBS,1
P02,PLAN-05,75,0.627180904064256,8.009202949128403,14.92200757119899,33.90404532766645,0.6690707686585995,planarization,PFI-SBS,1
P03,PLAN-01,75,0.7151171044124403,7.246594097598376,13.026194988442208,37.87739254150507,0.79087912517125,planarization,PFI-SBS,1
P03,PLAN-02,75,0.6585760699810563,4.928287706999753,10.516980891105247,33.41580297626363,0.13127301438732009,planarization,PFI-SBS,1
P03,PLAN-03,75,0.634029701842305,8.695550934175037,15.261663910345312,44.08285718285418,0.7267899672294633,planarization,PFI-SBS,1
P03,PLAN-04,75,0.7932485866947943,3.1936844739839274,5.461613477966776,24.98815103011809,0.9067391568825509,planarization,PFI-SBS,1
P03,PLAN-05,75,0.6616618804246424,6.966039224848975,17.194753814515646,26.914507640088956,0.5381505921473442,planarization,PFI-SBS,1
P01,PLAN-01,75,0.7176398205691243,3.656865027515043,6.841462589563823,25.959978339333084,0.5781966340473186,planarization,PFI-SBS,2
P01,PLAN-02,75,0.6207730677531785,7.529297766013489,14.224152529721103,41.66153516735637,0.49578362749910365,planarization,PFI-SBS,2
P01,PLAN-03,75,0.6382068287717504,4.827146691768038,8.877352261903393,34.05065004225036,0.4071860140299459,planarization,PFI-SBS,2
P01,PLAN-04,75,0.733322849494338,4.019184555305851,5.6441366439095155,31.002414747166203,0.8721043983378612,planarization,PFI-SBS,2
P01,PLAN-05,75,0.57898120482145,9.4057917586758,21.35196933425722,45.89951668187196,0.5000320888762011,planarization,PFI-SBS,2
P02,PLAN-01,75,0.7193139662715672,4.318593832187139,6.812568229913819,26.40726668089433,0.7613469830101649,planarization,PFI-SBS,2
P02,PLAN-02,75,0.6356159904884704,8.535137112660806,19.997265403177025,35.97674787314464,0.5561783623104275,planarization,PFI-SBS,2
P02,PLAN-03,75,0.6780377210456368,6.892223894747899,11.947907916525336,35.814435037026456,0.7799767830099116,planarization,PFI-SBS,2
P02,PLAN-04,75,0.6870189856598459,4.996533818936158,9.797437692357164,33.0406786062574,0.7230933436633118,planarization,PFI-SBS,2
P02,PLAN-05,75,0.5973412070257832,8.650243582848583,16.01913987757165,34.76527650123662,0.6186190416024288,planarization,PFI-SBS,2
P03,PLAN-01,75,0.7370860045101704,6.687769035635299,11.947853613524124,35.6389370462259,0.8240691409570176,planarization,PFI-SBS,2
P03,PLAN-02,75,0.6523936780984944,5.017527514862648,10.503473857920884,34.455765771409794,0.13350300593397568,planarization,PFI-SBS,2
P03,PLAN-03,75,0.652147407483253,8.265069463399042,14.82382304960914,38.637656632725914,0.7422413092851861,planarization,PFI-SBS,2
P03,PLAN-04,75,0.8042471392766697,3.023790077348397,5.54593821752931,22.745354703374776,0.903837118471147,planarization,PFI-SBS,2
P03,PLAN-05,75,0.677134003218663,6.6474838861537675,15.981938241038932,26.266387571567545,0.6010050830951829,planarization,PFI-SBS,2
P01,PLAN-01,75,0.7061533021224752,3.805627674146456,7.03101479935252,27.23178323250155,0.5544995447307558,planarization,PFI-SBS,3
P01,PLAN-02,75,0.6073264428124521,7.796271534270904,15.597166695583605,41.20285201594067,0.3937446702296624,planarization,PFI-SBS,3
P01,PLAN-03,75,0.6371236568723936,4.84159867722936,8.972961609472536,34.642169662672586,0.3943480029594649,planarization,PFI-SBS,3
P01,PLAN-04,75,0.712485839418551,4.333226417972213,6.3801927835474315,32.116010056422276,0.8365713574143641,planarization,PFI-SBS,3
P01,PLAN-05,75,0.5589858802583112,9.852498321759903,22.1152244142135,48.66709020049544,0.46364916784927057,planarization,PFI-SBS,3
P02,PLAN-01,75,0.6848137553285109,4.849408978949981,8.273141719769908,27.91837636984943,0.6480458204083408,planarization,PFI-SBS,3
P02,PLAN-02,75,0.651849581611715,8.154890113750218,19.612569801622787,34.280153969680235,0.573090071686938,planarization,PFI-SBS,3
P02,PLAN-03,75,0.7056243479938116,6.301678909027204,11.248487614263926,34.57523041408908,0.8049827421192224,planarization,PFI-SBS,3
P02,PLAN-04,75,0.665199670207521,5.34486468428728,10.014885245481638,34.93704954888092,0.710665427972164,planarization,PFI-SBS,3
P02,PLAN-05,75,0.6053414672784588,8.478375487281482,15.752677008554306,36.316907390218866,0.6312013222840742,planarization,PFI-SBS,3
P03,PLAN-01,75,0.7179306027103995,7.175026866025752,12.818220502125625,34.977083203198774,0.7975034102179506,planarization,PFI-SBS,3
P03,PLAN-02,75,0.6592650152028792,4.918343119145828,11.176970659294279,32.37076826800687,0.01881846973589818,planarization,PFI-SBS,3
P03,PLAN-03,75,0.6613393203387367,8.04666718643908,14.679650998612757,36.28704404376006,0.747230695316388,planarization,PFI-SBS,3
P03,PLAN-04,75,0.7959455834200218,3.152024025670428,5.660222658751709,23.001326887683465,0.8998330510985455,planarization,PFI-SBS,3
P03,PLAN-05,75,0.6678685172221741,6.838250859056017,16.190815381425324,27.524745715624764,0.5905075412838217,planarization,PFI-SBS,3
P01,PLAN-01,75,0.7071115551125029,3.793217277419101,7.181188230712941,27.344588040923302,0.5352656765497408,planarization,PFI-SBS,4
P01,PLAN-02,75,0.6294369157496247,7.357282843501958,14.03505674632288,41.98319051463238,0.5091006150132587,planarization,PFI-SBS,4
P01,PLAN-03,75,0.6520411466251285,4.642565314977289,8.484962233931586,32.92784540817459,0.4584340368627483,planarization,PFI-SBS,4
P01,PLAN-04,75,0.7192639219023482,4.23107156750298,6.16323933492023,31.385245787424893,0.8474969125309398,planarization,PFI-SBS,4
P01,PLAN-05,75,0.5777015679648844,9.434379550806264,21.409677855561043,46.29501473483783,0.49732588426576074,planarization,PFI-SBS,4
P02,PLAN-01,75,0.7242765923831306,4.242239600264135,6.909174479311294,25.28288967924077,0.7545305104226339,planarization,PFI-SBS,4
P02,PLAN-02,75,0.6475799861285483,8.254898846057865,20.413989008932166,34.403611333214215,0.537488001543925,planarization,PFI-SBS,4
P02,PLAN-03,75,0.655254885631946,7.379934452451477,12.9657238271714,38.29758731151087,0.7408934986094189,planarization,PFI-SBS,4
P02,PLAN-04,75,0.6698125238373233,5.2712235427896035,9.437319527681806,35.10946735274656,0.7430753969246531,planarization,PFI-SBS,4
P02,PLAN-05,75,0.6296357584570639,7.956465771079061,14.638707791506878,35.00397678796742,0.6815171125122682,planarization,PFI-SBS,4
P03,PLAN-01,75,0.7223316518557001,7.063076948169861,12.276412552228257,35.46982489071658,0.8142601088943134,planarization,PFI-SBS,4
P03,PLAN-02,75,0.7112598184559575,4.167823524090499,7.271994548216101,29.466334973041487,0.5846557217994515,planarization,PFI-SBS,4
P03,PLAN-03,75,0.6514413538527768,8.281845484122503,14.471124899538944,40.373661800584955,0.7543609232012802,planarization,PFI-SBS,4
P03,PLAN-04,75,0.8092110558565739,2.947112568556767,5.045256129300574,22.430544093376824,0.9204163503789115,planarization,PFI-SBS,4
P03,PLAN-05,75,0.6902562549206246,6.377310013375458,15.66981081716958,25.58945899232719,0.6164376478727029,planarization,PFI-SBS,4
P01,PLAN-01,75,0.7105753050179419,3.7483580273690813,6.835859241854655,28.26255118156204,0.5788872884221354,planarization,NSGA2,0
P01,PLAN-02,75,0.6009346065458567,7.923177179494111,14.38476954611489,44.49701273269056,0.48433226424806375,planarization,NSGA2,0
P01,PLAN-03,75,0.6359331129429007,4.857483250647774,8.979718817219915,36.12116232291835,0.3934354709534973,planarization,NSGA2,0
P01,PLAN-04,75,0.7386957718482213,3.9382073643442777,6.02787662589029,30.235434419314483,0.8541221747246983,planarization,NSGA2,0
P01,PLAN-05,75,0.5354899398621997,10.377410570502526,22.252241724721387,44.8740269629932,0.45698253830857205,planarization,NSGA2,0
P02,PLAN-01,75,0.6751070624240866,4.998754721419443,8.024505524839062,29.44824896588646,0.6688827854674735,planarization,NSGA2,0
P02,PLAN-02,75,0.6390799880715602,8.45399827682322,20.02407601018277,33.575945068083904,0.5549874890655007,planarization,NSGA2,0
P02,PLAN-03,75,0.6869590507481522,6.701245616334988,12.646362278228517,34.630364109411985,0.7535005161147936,planarization,NSGA2,0
P02,PLAN-04,75,0.6798246859716652,5.111386030567402,9.64230959195126,33.94831112930192,0.7317927469504478,planarization,NSGA2,0
P02,PLAN-05,75,0.5845295111459626,8.925474850620555,16.40490251799544,37.107659859390296,0.600029531584809,planarization,NSGA2,0
P03,PLAN-01,75,0.6710619361727641,8.367229723952496,13.68753483719471,38.892894115264006,0.7691059654479399,planarization,NSGA2,0
P03,PLAN-02,75,0.6186129736389232,5.505135488072549,11.12469717781525,36.64431609701522,0.027974767582388038,planarization,NSGA2,0
P03,PLAN-03,75,0.6210564582763676,9.00379862743581,16.709141329352857,40.642116559178184,0.6725076667340859,planarization,NSGA2,0
P03,PLAN-04,75,0.7661588520210827,3.612139001808906,7.0441070148217335,23.792212995989352,0.8448651734112971,planarization,NSGA2,0
P03,PLAN-05,75,0.6505274477405519,7.195285917244032,15.85634262087433,29.784165734973495,0.6072515230705937,planarization,NSGA2,0
P01,PLAN-01,75,0.7136288113156369,3.708811868934685,6.809257441230771,27.58301387180201,0.5821584380957878,planarization,NSGA2,1
P01,PLAN-02,75,0.6029037098603868,7.884081946728597,14.313522062324672,43.71612325317481,0.48942779841049555,planarization,NSGA2,1
P01,PLAN-03,75,0.6301621807914333,4.934480657615965,9.377691782230938,36.58895017375487,0.3384792922760358,planarization,NSGA2,1
P01,PLAN-04,75,0.7468919579872139,3.8146797779733146,5.824154704218825,29.80628472544674,0.8638159093298408,planarization,NSGA2,1
P01,PLAN-05,75,0.5282411069501395,10.539353490023158,22.147210414755197,46.97349987915801,0.46209656099933694,planarization,NSGA2,1
P02,PLAN-01,75,0.6875419408292912,4.807433520035158,7.384846896967908,29.02055877547138,0.7195675985456149,planarization,NSGA2,1
P02,PLAN-02,75,0.6305310501826316,8.654244048166044,20.813149251109365,34.1784088414683,0.5192239250405395,planarization,NSGA2,1
P02,PLAN-03,75,0.6818239898642924,6.811171504049744,12.630138694991956,35.72416955694245,0.7541325618603746,planarization,NSGA2,1
P02,PLAN-04,75,0.6798040157676327,5.111716016632884,9.891324057247084,33.989893679001064,0.7177608628309711,planarization,NSGA2,1
P02,PLAN-05,75,0.5948924939174418,8.702848828831682,16.051906866554102,35.37507870967023,0.6170572240891037,planarization,NSGA2,1
P03,PLAN-01,75,0.6520058957822386,8.851960088451115,14.462233725657855,42.570042424038306,0.7422296333482113,planarization,NSGA2,1
P03,PLAN-02,75,0.6471724195125506,5.092893832925784,10.997541626834128,34.61135812329809,0.05006831955881008,planarization,NSGA2,1
P03,PLAN-03,75,0.6143121510834306,9.164045147459785,17.203546754192114,40.965609342590135,0.6528406577825074,planarization,NSGA2,1
P03,PLAN-04,75,0.7574550205678491,3.7465868923069063,7.401760904098869,24.796757776722096,0.8287117712340558,planarization,NSGA2,1
P03,PLAN-05,75,0.6439565433934176,7.330574182965665,16.261420082501164,29.767628297581776,0.5869283352092465,planarization,NSGA2,1
P01,PLAN-01,75,0.7147394227451,3.6944282681601424,6.671672151861583,27.87834530867021,0.5988733453104161,planarization,NSGA2,2
P01,PLAN-02,75,0.6189831393161963,7.5648356011088165,13.809049918766656,45.16833365351643,0.5247832484029422,planarization,NSGA2,2
P01,PLAN-03,75,0.626307291265215,4.9859136826242665,9.403812745915845,37.38927893189535,0.334788912097156,planarization,NSGA2,2
P01,PLAN-04,75,0.7447532025485314,3.8469137088160186,6.032556680959962,29.00774479267394,0.8538955671382358,planarization,NSGA2,2
P01,PLAN-05,75,0.5160211633896448,10.812353759248765,22.794764126264646,47.226420375849685,0.4301816084105141,planarization,NSGA2,2
P02,PLAN-01,75,0.6963847720135089,4.671379026322149,7.30665734590867,29.009435371057368,0.7254745062305169,planarization,NSGA2,2
P02,PLAN-02,75,0.6194585306881568,8.913600851980348,20.788191921209087,34.69121672483716,0.5203762439858377,planarization,NSGA2,2
P02,PLAN-03,75,0.6660683981587647,7.148450349203285,12.522132727127945,38.20398590828156,0.7583196272240997,planarization,NSGA2,2
P02,PLAN-04,75,0.6821128590373967,5.07485686878866,9.44901918819747,34.374297887142916,0.7424379714595718,planarization,NSGA2,2
P02,PLAN-05,75,0.5732346943469114,9.168119288641554,16.708230220607827,37.48801689906325,0.5851018293209199,planarization,NSGA2,2
P03,PLAN-01,75,0.6609863583889752,8.62352318217262,14.335983110572775,41.190568083821674,0.7467104929607435,planarization,NSGA2,2
P03,PLAN-02,75,0.6249429541115259,5.413765310982309,11.9742365364298,35.37813981330535,-0.12615147096565105,planarization,NSGA2,2
P03,PLAN-03,75,0.6286863794481629,8.822509685390306,16.587333577643,40.219219049984495,0.6772650271766406,planarization,NSGA2,2
P03,PLAN-04,75,0.7750819006913945,3.474304867843833,6.701338489210434,22.736109368653228,0.8595956626423191,planarization,NSGA2,2
P03,PLAN-05,75,0.6358836556724727,7.496786765196966,16.04064276218899,30.246283588022056,0.5980685401973311,planarization,NSGA2,2
P01,PLAN-01,75,0.7220831661431155,3.599318970321558,6.724205240185435,26.320347440204856,0.5925314915252067,planarization,NSGA2,3
P01,PLAN-02,75,0.610694669913352,7.729397632050991,14.448187375820455,41.73084327243095,0.47977541458575823,planarization,NSGA2,3
P01,PLAN-03,75,0.6178364806259484,5.09893363105257,9.010712667939808,37.344768332005856,0.38924108248318723,planarization,NSGA2,3
P01,PLAN-04,75,0.7341180219669468,4.007200233009572,6.291640033342296,29.563353727867163,0.8410764327591659,planarization,NSGA2,3
P01,PLAN-05,75,0.5296335241083758,10.50824612384008,22.464604633971028,45.6377176393463,0.44656857385178605,planarization,NSGA2,3
P02,PLAN-01,75,0.6738794329696797,5.017642846772849,7.8857891207785045,29.92989972132312,0.6802316194714735,planarization,NSGA2,3
P02,PLAN-02,75,0.6362451868357324,8.52039915228251,20.79785333674517,33.31037879631236,0.5199303253387029,planarization,NSGA2,3
P02,PLAN-03,75,0.6834365880943223,6.776650726989348,12.599842185061185,36.228225210136685,0.7553106948035766,planarization,NSGA2,3
P02,PLAN-04,75,0.6748476500816658,5.190841099734678,9.76069065930054,34.03785364073038,0.7251666236095727,planarization,NSGA2,3
P02,PLAN-05,75,0.5745979478033603,9.138832769461533,16.273429845488998,37.61040732905776,0.606414753495458,planarization,NSGA2,3
P03,PLAN-01,75,0.6592104633760667,8.668696797429359,14.383884048353721,40.306898030669544,0.7450150285417725,planarization,NSGA2,3
P03,PLAN-02,75,0.6380337954040594,5.224805409393988,12.035848372158732,35.06851064075555,-0.13777020973801668,planarization,NSGA2,3
P03,PLAN-03,75,0.5948859749888231,9.625616221771736,17.652966923329313,42.54774255167409,0.6344655718558896,planarization,NSGA2,3
P03,PLAN-04,75,0.7736567421757568,3.4963192596760146,6.745337943406364,23.2483609072143,0.8577458844378625,planarization,NSGA2,3
P03,PLAN-05,75,0.6481755669180203,7.243708761475976,15.95742555539517,29.567521766492472,0.602228080748267,planarization,NSGA2,3
P01,PLAN-01,75,0.7132199859975168,3.714106592189252,6.860695881682617,27.34295559943778,0.575821682565127,planarization,NSGA2,4
P01,PLAN-02,75,0.6299825964968471,7.346448716277195,13.181969431168389,41.26671718453767,0.5669632620677942,planarization,NSGA2,4
P01,PLAN-03,75,0.6303253968261571,4.932302983174553,8.871823689070771,36.423794641152526,0.40792416086890126,planarization,NSGA2,4
P01,PLAN-04,75,0.739971893563972,3.9189744878833213,5.980999118937826,29.004023342496755,0.8563822735449199,planarization,NSGA2,4
P01,PLAN-05,75,0.5439454767587095,10.18850921938198,22.409594677029975,44.9666241478478,0.44927567370221744,planarization,NSGA2,4
P02,PLAN-01,75,0.701283053392259,4.596014792948663,7.207103997219248,27.66824538676666,0.7329043734025945,planarization,NSGA2,4
P02,PLAN-02,75,0.6435399415686812,8.34953069970575,20.57073494945246,32.75207703429163,0.5303580666052623,planarization,NSGA2,4
P02,PLAN-03,75,0.6677625466020739,7.112183832454344,12.680185027601254,38.40932093853525,0.7521802250873323,planarization,NSGA2,4
P02,PLAN-04,75,0.6769332862797822,5.1575453043975195,9.119525578956274,35.64604701497642,0.7600875053160684,planarization,NSGA2,4
P02,PLAN-05,75,0.5879660358197965,8.851648633421728,16.36202183740686,36.06188103661204,0.6021177598353842,planarization,NSGA2,4
P03,PLAN-01,75,0.66327153853365,8.565394831173538,14.00031425868406,41.265120505794414,0.7584328887883125,planarization,NSGA2,4
P03,PLAN-02,75,0.6716195699768528,4.7400111539123095,9.037470129145994,33.36492592173309,0.35850261188787036,planarization,NSGA2,4
P03,PLAN-03,75,0.6335212130579398,8.70763276197954,16.21481778566327,38.263341592863455,0.6915981192059404,planarization,NSGA2,4
P03,PLAN-04,75,0.7390586308061003,4.030755515003206,8.355104138765325,24.317093256438703,0.7817465342110598,planarization,NSGA2,4
P03,PLAN-05,75,0.6514407429780972,7.176482093256973,15.754746048434036,30.037441561177808,0.612268325246458,planarization,NSGA2,4
