process,method,seed,gen,best,mean,n_selected,n_front
lithography,TSFGA,0,0,2.117619864844929,1.7607192147721542,15.0,
lithography,TSFGA,0,1,2.117619864844929,1.8491929592677885,15.0,
lithography,TSFGA,0,2,2.123047143754394,1.9130876982157141,14.0,
lithography,TSFGA,0,3,2.135377174091359,1.9019178446321277,14.0,
lithography,TSFGA,0,4,2.1509872509983436,1.9203917194651479,12.0,
lithography,TSFGA,0,5,2.1509872509983436,1.886542019686018,12.0,
lithography,TSFGA,0,6,2.1509872509983436,1.9133816447541214,12.0,
lithography,TSFGA,0,7,2.1509872509983436,1.931675753669833,12.0,
lithography,TSFGA,0,8,2.1509872509983436,1.9177068798137047,12.0,
lithography,TSFGA,0,9,2.1509872509983436,1.9233159332068417,12.0,
lithography,TSFGA,0,10,2.1509872509983436,1.89327052386652,12.0,
lithography,TSFGA,0,11,2.1509872509983436,1.906975655798321,12.0,
lithography,TSFGA,0,12,2.1654341789776077,1.9353628969747543,11.0,
lithography,TSFGA,0,13,2.1654341789776077,1.9007727740204068,11.0,
lithography,TSFGA,0,14,2.1654341789776077,1.934695233280549,11.0,
lithography,TSFGA,0,15,2.1654341789776077,1.920883800939766,11.0,
lithography,TSFGA,0,16,2.1654341789776077,1.8909400232108535,11.0,
lithography,TSFGA,0,17,2.1812194091348553,1.9318327734603813,13.0,
lithography,TSFGA,0,18,2.1996317360101054,1.9136342817333496,12.0,
lithography,TSFGA,0,19,2.1996317360101054,1.8889232313964655,12.0,
lithography,TSFGA,0,20,2.1996317360101054,1.9108480526317309,12.0,
lithography,TSFGA,0,21,2.2045724784523504,1.9472709703385038,10.0,
lithography,TSFGA,0,22,2.236430992441509,1.943738951043807,11.0,
lithography,TSFGA,0,23,2.236430992441509,1.968545043334839,11.0,
lithography,TSFGA,0,24,2.236430992441509,1.9450306626869243,11.0,
lithography,TSFGA,0,25,2.236430992441509,1.9681481250810164,11.0,
lithography,TSFGA,0,26,2.236430992441509,1.938807220592085,11.0,
lithography,TSFGA,0,27,2.236430992441509,1.9384630215521923,11.0,
lithography,TSFGA,0,28,2.236430992441509,1.9533179626964192,11.0,
lithography,TSFGA,0,29,2.236430992441509,1.9847884023317743,11.0,
lithography,TSFGA,0,30,2.236430992441509,1.974311798607533,11.0,
lithography,TSFGA,0,31,2.236430992441509,1.961578921561097,11.0,
lithography,TSFGA,0,32,2.236430992441509,1.984430477849902,11.0,
lithography,TSFGA,0,33,2.236430992441509,1.9435110991058404,11.0,
lithography,TSFGA,0,34,2.236430992441509,1.9741828271054878,11.0,
lithography,TSFGA,0,35,2.236430992441509,1.9814153652328035,11.0,
lithography,TSFGA,0,36,2.236430992441509,1.9588386671968032,11.0,
lithography,TSFGA,0,37,2.236430992441509,1.9486677431684325,11.0,
lithography,TSFGA,0,38,2.236430992441509,1.9414380864127825,11.0,
lithography,TSFGA,0,39,2.236430992441509,1.950341141175027,11.0,
lithography,TSFGA,0,40,2.2637575481639334,1.9613420062640994,10.0,
lithography,TSFGA,0,41,2.2637575481639334,1.9615579752105945,10.0,
lithography,TSFGA,0,42,2.2637575481639334,1.962470657618784,10.0,
lithography,TSFGA,0,43,2.2637575481639334,1.9444869934643716,10.0,
lithography,TSFGA,0,44,2.2637575481639334,1.9499400980884887,10.0,
lithography,TSFGA,0,45,2.2637575481639334,1.9767512184649938,10.0,
lithography,TSFGA,0,46,2.2637575481639334,1.9580029195478743,10.0,
lithography,TSFGA,0,47,2.2637575481639334,1.9664437215138684,10.0,
lithography,TSFGA,0,48,2.2637575481639334,1.9220693039422698,10.0,
lithography,TSFGA,0,49,2.2637575481639334,1.9659856730952043,10.0,
lithography,TSFGA,0,50,2.2637575481639334,1.9445535890688028,10.0,
lithography,TSFGA,0,51,2.2637575481639334,1.9460043284791695,10.0,
lithography,TSFGA,0,52,2.2637575481639334,1.9610244981495994,10.0,
lithography,TSFGA,0,53,2.2637575481639334,1.9835330349945566,10.0,
lithography,TSFGA,0,54,2.2637575481639334,1.990221768003395,10.0,
lithography,TSFGA,0,55,2.2637575481639334,1.9422871139665823,10.0,
lithography,TSFGA,0,56,2.2637575481639334,1.9315139105383026,10.0,
lithography,TSFGA,0,57,2.2637575481639334,1.9465376105867567,10.0,
lithography,TSFGA,0,58,2.2637575481639334,1.972717395884235,10.0,
lithography,TSFGA,0,59,2.2637575481639334,1.9734957436234601,10.0,
lithography,TSFGA,0,60,2.2637575481639334,1.9752874381314727,10.0,
lithography,TSFGA,0,61,2.2637575481639334,1.9538927689896954,10.0,
lithography,TSFGA,0,62,2.2637575481639334,1.9489642221315768,10.0,
lithography,TSFGA,0,63,2.2637575481639334,1.97481816981155,10.0,
lithography,TSFGA,0,64,2.2637575481639334,1.9654259679457753,10.0,
lithography,TSFGA,0,65,2.2637575481639334,1.9685649897715969,10.0,
lithography,TSFGA,0,66,2.2637575481639334,1.9744381682878085,10.0,
lithography,TSFGA,0,67,2.2637575481639334,1.9829018273585608,10.0,
lithography,TSFGA,0,68,2.2637575481639334,1.9830420292339739,10.0,
lithography,TSFGA,0,69,2.2937060707270644,1.9496961612865067,9.0,
lithography,TSFGA,0,70,2.2937060707270644,1.9756149588035448,9.0,
lithography,TSFGA,0,71,2.316881504603244,1.9962887980282258,8.0,
lithography,TSFGA,0,72,2.316881504603244,1.9929624880524401,8.0,
lithography,TSFGA,0,73,2.316881504603244,1.9635038185072453,8.0,
lithography,TSFGA,0,74,2.316881504603244,1.9765817918862267,8.0,
lithography,TSFGA,0,75,2.316881504603244,1.9856783887067355,8.0,
lithography,TSFGA,0,76,2.316881504603244,2.0113466679952308,8.0,
lithography,TSFGA,0,77,2.316881504603244,2.01046628731219,8.0,
lithography,TSFGA,0,78,2.316881504603244,2.0281570094835493,8.0,
lithography,TSFGA,0,79,2.316881504603244,2.0104436785839246,8.0,
lithography,TSFGA,0,80,2.316881504603244,2.0047289085920026,8.0,
lithography,TSFGA,0,81,2.316881504603244,2.0204112529399416,8.0,
lithography,TSFGA,0,82,2.316881504603244,2.002821107461216,8.0,
lithography,TSFGA,0,83,2.316881504603244,1.9939582085520438,8.0,
lithography,TSFGA,0,84,2.316881504603244,2.009752939887096,8.0,
lithography,TSFGA,0,85,2.316881504603244,2.015548798324306,8.0,
lithography,TSFGA,0,86,2.316881504603244,1.9886033278497206,8.0,
lithography,TSFGA,0,87,2.316881504603244,1.9744152473556233,8.0,
lithography,TSFGA,0,88,2.316881504603244,1.9844773137295397,8.0,
lithography,TSFGA,0,89,2.316881504603244,1.9530332529285155,8.0,
lithography,TSFGA,0,90,2.316881504603244,1.979376096036183,8.0,
lithography,TSFGA,0,91,2.316881504603244,1.9596690543447188,8.0,
lithography,TSFGA,0,92,2.316881504603244,1.9724136933013696,8.0,
lithography,TSFGA,0,93,2.316881504603244,1.9876247601060435,8.0,
lithography,TSFGA,0,94,2.316881504603244,1.9763181575107442,8.0,
lithography,TSFGA,0,95,2.316881504603244,1.9874879808892743,8.0,
lithography,TSFGA,0,96,2.316881504603244,2.005783248625167,8.0,
lithography,TSFGA,0,97,2.316881504603244,2.008336913818149,8.0,
lithography,TSFGA,0,98,2.316881504603244,1.9917471613260163,8.0,
lithography,TSFGA,0,99,2.316881504603244,1.9777262687119042,8.0,
lithography,TSFGA,0,100,2.316881504603244,1.9949235803900436,8.0,
lithography,TSFGA,0,101,2.316881504603244,2.0365079307823164,8.0,
lithography,TSFGA,0,102,2.316881504603244,1.9981143048384709,8.0,
lithography,TSFGA,0,103,2.316881504603244,1.9814781964668982,8.0,
lithography,TSFGA,0,104,2.316881504603244,2.0127272142326547,8.0,
lithography,TSFGA,0,105,2.316881504603244,1.988105940180325,8.0,
lithography,TSFGA,0,106,2.316881504603244,2.01328496772497,8.0,
lithography,TSFGA,0,107,2.316881504603244,1.9928537574672358,8.0,
lithography,TSFGA,0,108,2.316881504603244,1.9997845755213763,8.0,
lithography,TSFGA,0,109,2.316881504603244,2.0136285274753924,8.0,
lithography,TSFGA,0,110,2.316881504603244,2.0056630057083646,8.0,
lithography,TSFGA,0,111,2.316881504603244,1.9947262442182416,8.0,
lithography,TSFGA,1,0,2.1005101728361804,1.7541063280754863,18.0,
lithography,TSFGA,1,1,2.1005101728361804,1.833719369052064,18.0,
lithography,TSFGA,1,2,2.151933513507523,1.8735784610106918,16.0,
lithography,TSFGA,1,3,2.2189550087195427,1.8808709035525588,13.0,
lithography,TSFGA,1,4,2.2189550087195427,1.9042890782621889,13.0,
lithography,TSFGA,1,5,2.2189550087195427,1.9233752968212738,13.0,
lithography,TSFGA,1,6,2.2189550087195427,1.9249766675081363,13.0,
lithography,TSFGA,1,7,2.2189550087195427,1.9110630849011288,13.0,
lithography,TSFGA,1,8,2.2189550087195427,1.932796470904424,13.0,
lithography,TSFGA,1,9,2.2189550087195427,1.916215696210342,13.0,
lithography,TSFGA,1,10,2.2189550087195427,1.9124097607629076,13.0,
lithography,TSFGA,1,11,2.2189550087195427,1.9127944608155694,13.0,
lithography,TSFGA,1,12,2.2189550087195427,1.9440326335478162,13.0,
lithography,TSFGA,1,13,2.2189550087195427,1.9379370062061647,13.0,
lithography,TSFGA,1,14,2.2189550087195427,1.9431898797320564,13.0,
lithography,TSFGA,1,15,2.2189550087195427,1.9717624549383679,13.0,
lithography,TSFGA,1,16,2.2189550087195427,1.9326560506713384,13.0,
lithography,TSFGA,1,17,2.2189550087195427,1.9606642069793545,13.0,
lithography,TSFGA,1,18,2.2189550087195427,1.929612244592611,13.0,
lithography,TSFGA,1,19,2.2189550087195427,1.9347307774606755,13.0,
lithography,TSFGA,1,20,2.2728763287486187,1.974858968978399,10.0,
lithography,TSFGA,1,21,2.2728763287486187,1.957088839091575,10.0,
lithography,TSFGA,1,22,2.2728763287486187,1.9998487159136065,10.0,
lithography,TSFGA,1,23,2.2728763287486187,1.9721991677092732,10.0,
lithography,TSFGA,1,24,2.2728763287486187,1.9602766784537806,10.0,
lithography,TSFGA,1,25,2.2728763287486187,1.9609074959626915,10.0,
lithography,TSFGA,1,26,2.2728763287486187,1.940616817577326,10.0,
lithography,TSFGA,1,27,2.2728763287486187,1.9536261707910867,10.0,
lithography,TSFGA,1,28,2.2728763287486187,1.915073315619921,10.0,
lithography,TSFGA,1,29,2.2728763287486187,1.993540117198961,10.0,
lithography,TSFGA,1,30,2.2728763287486187,2.000055039648309,10.0,
lithography,TSFGA,1,31,2.2728763287486187,1.9639875480502522,10.0,
lithography,TSFGA,1,32,2.2728763287486187,1.9941933926840474,10.0,
lithography,TSFGA,1,33,2.2728763287486187,1.9761858472843463,10.0,
lithography,TSFGA,1,34,2.2728763287486187,1.94347159110989,10.0,
lithography,TSFGA,1,35,2.2728763287486187,1.976519200948524,10.0,
lithography,TSFGA,1,36,2.2728763287486187,1.997293428669377,10.0,
lithography,TSFGA,1,37,2.2728763287486187,1.9811701194737186,10.0,
lithography,TSFGA,1,38,2.2728763287486187,1.9764629069049668,10.0,
lithography,TSFGA,1,39,2.2728763287486187,1.9724827824982178,10.0,
lithography,TSFGA,1,40,2.2728763287486187,1.9758184701706565,10.0,
lithography,TSFGA,1,41,2.2728763287486187,1.9638316677575094,10.0,
lithography,TSFGA,1,42,2.2728763287486187,1.9485172455087487,10.0,
lithography,TSFGA,1,43,2.2728763287486187,1.9700406540995743,10.0,
lithography,TSFGA,1,44,2.2728763287486187,1.9690140947581463,10.0,
lithography,TSFGA,1,45,2.2728763287486187,1.9705245432577905,10.0,
lithography,TSFGA,1,46,2.2728763287486187,1.9955315109658922,10.0,
lithography,TSFGA,1,47,2.2728763287486187,1.9798281928831591,10.0,
lithography,TSFGA,1,48,2.2728763287486187,1.9741776412705103,10.0,
lithography,TSFGA,1,49,2.2728763287486187,1.9698410675763558,10.0,
lithography,TSFGA,1,50,2.2728763287486187,1.9483942218195491,10.0,
lithography,TSFGA,1,51,2.2728763287486187,1.9932860653618598,10.0,
lithography,TSFGA,1,52,2.2728763287486187,1.997155839753813,10.0,
lithography,TSFGA,1,53,2.2728763287486187,1.9619683160823675,10.0,
lithography,TSFGA,1,54,2.2728763287486187,1.984690185016238,10.0,
lithography,TSFGA,1,55,2.2728763287486187,1.9756506778160543,10.0,
lithography,TSFGA,1,56,2.2728763287486187,1.9776370908729461,10.0,
lithography,TSFGA,1,57,2.2728763287486187,1.9439008620115068,10.0,
lithography,TSFGA,1,58,2.2728763287486187,1.96222657977983,10.0,
lithography,TSFGA,1,59,2.2728763287486187,1.9741898437692984,10.0,
lithography,TSFGA,1,60,2.2728763287486187,2.00219726828447,10.0,
lithography,TSFGA,2,0,2.0744258132264486,1.7512157271780642,18.0,
lithography,TSFGA,2,1,2.094060881846978,1.8032111160515236,15.0,
lithography,TSFGA,2,2,2.094060881846978,1.8641932059655169,15.0,
lithography,TSFGA,2,3,2.1120210365516168,1.9003072417533045,16.0,
lithography,TSFGA,2,4,2.1239507475920347,1.9175550198023963,16.0,
lithography,TSFGA,2,5,2.1239507475920347,1.9187401231370924,16.0,
lithography,TSFGA,2,6,2.1239507475920347,1.9235677923330363,16.0,
lithography,TSFGA,2,7,2.1239507475920347,1.9336525531088438,16.0,
lithography,TSFGA,2,8,2.1429155027863063,1.924648449180389,14.0,
lithography,TSFGA,2,9,2.1429155027863063,1.925870209186177,14.0,
lithography,TSFGA,2,10,2.1429155027863063,1.9253963529752123,14.0,
lithography,TSFGA,2,11,2.1429155027863063,1.9218830784294645,14.0,
lithography,TSFGA,2,12,2.1668659981836322,1.920393985838239,13.0,
lithography,TSFGA,2,13,2.1668659981836322,1.9416257420057395,13.0,
lithography,TSFGA,2,14,2.1668659981836322,1.962269101648414,13.0,
lithography,TSFGA,2,15,2.1668659981836322,1.9313851789054923,13.0,
lithography,TSFGA,2,16,2.177337057530826,1.958784452249119,12.0,
lithography,TSFGA,2,17,2.177337057530826,1.9542645157559355,12.0,
lithography,TSFGA,2,18,2.177337057530826,1.9508378051447437,12.0,
lithography,TSFGA,2,19,2.177337057530826,1.9729617930199095,12.0,
lithography,TSFGA,2,20,2.177337057530826,1.9531797973675566,12.0,
lithography,TSFGA,2,21,2.177337057530826,1.9308415684697657,12.0,
lithography,TSFGA,2,22,2.1777772914210454,1.9429173928950678,12.0,
lithography,TSFGA,2,23,2.204944941024622,1.9543327200282525,9.0,
lithography,TSFGA,2,24,2.204944941024622,1.954265247911271,9.0,
lithography,TSFGA,2,25,2.204944941024622,1.950508670879789,9.0,
lithography,TSFGA,2,26,2.204944941024622,1.9234745228295467,9.0,
lithography,TSFGA,2,27,2.204944941024622,1.9558971049879141,9.0,
lithography,TSFGA,2,28,2.204944941024622,1.9408966308334676,9.0,
lithography,TSFGA,2,29,2.2152567545621613,1.9826714831900318,8.0,
lithography,TSFGA,2,30,2.2152567545621613,1.9367019223508148,8.0,
lithography,TSFGA,2,31,2.2152567545621613,1.9449370899169778,8.0,
lithography,TSFGA,2,32,2.2180266624004092,1.9734351357929782,10.0,
lithography,TSFGA,2,33,2.2180266624004092,1.9630360289769677,10.0,
lithography,TSFGA,2,34,2.2180266624004092,1.9437137417760013,10.0,
lithography,TSFGA,2,35,2.2180266624004092,1.9855291871182161,10.0,
lithography,TSFGA,2,36,2.2598054795416616,2.0082393092711373,7.0,
lithography,TSFGA,2,37,2.2598054795416616,2.0045107909588085,7.0,
lithography,TSFGA,2,38,2.2598054795416616,1.9562381073251331,7.0,
lithography,TSFGA,2,39,2.2598054795416616,1.960280100924901,7.0,
lithography,TSFGA,2,40,2.2598054795416616,1.9591972672582976,7.0,
lithography,TSFGA,2,41,2.2598054795416616,1.9476553688620875,7.0,
lithography,TSFGA,2,42,2.2598054795416616,1.968704808736175,7.0,
lithography,TSFGA,2,43,2.2598054795416616,1.991303955264377,7.0,
lithography,TSFGA,2,44,2.2598054795416616,1.9754486182595639,7.0,
lithography,TSFGA,2,45,2.2598054795416616,1.9774158169626852,7.0,
lithography,TSFGA,2,46,2.2598054795416616,1.9717448135563689,7.0,
lithography,TSFGA,2,47,2.2598054795416616,1.9906171954018865,7.0,
lithography,TSFGA,2,48,2.2598054795416616,1.980172317122102,7.0,
lithography,TSFGA,2,49,2.2598054795416616,1.9519556964354596,7.0,
lithography,TSFGA,2,50,2.2598054795416616,1.955274497820394,7.0,
lithography,TSFGA,2,51,2.2598054795416616,1.9595453325913432,7.0,
lithography,TSFGA,2,52,2.276714097050206,1.961771314780308,6.0,
lithography,TSFGA,2,53,2.276714097050206,1.9547964195178777,6.0,
lithography,TSFGA,2,54,2.276714097050206,1.9506035993696151,6.0,
lithography,TSFGA,2,55,2.276714097050206,1.9530800413189162,6.0,
lithography,TSFGA,2,56,2.276714097050206,1.9942777428589715,6.0,
lithography,TSFGA,2,57,2.276714097050206,1.962973487679885,6.0,
lithography,TSFGA,2,58,2.315296036780427,1.994667363897841,8.0,
lithography,TSFGA,2,59,2.315296036780427,1.9834164610539404,8.0,
lithography,TSFGA,2,60,2.315296036780427,2.007062359233102,8.0,
lithography,TSFGA,2,61,2.315296036780427,2.0068090032611288,8.0,
lithography,TSFGA,2,62,2.315296036780427,2.0096842516057185,8.0,
lithography,TSFGA,2,63,2.315296036780427,2.0094054436413953,8.0,
lithography,TSFGA,2,64,2.315296036780427,1.9886114369548327,8.0,
lithography,TSFGA,2,65,2.315296036780427,1.9609496752533524,8.0,
lithography,TSFGA,2,66,2.315296036780427,1.9715682916551516,8.0,
lithography,TSFGA,2,67,2.315296036780427,1.9927527476465385,8.0,
lithography,TSFGA,2,68,2.315296036780427,2.0070399442282216,8.0,
lithography,TSFGA,2,69,2.315296036780427,1.9968277319446237,8.0,
lithography,TSFGA,2,70,2.315296036780427,1.9916198453389533,8.0,
lithography,TSFGA,2,71,2.315296036780427,1.9808815477385664,8.0,
lithography,TSFGA,2,72,2.315296036780427,1.9526209347959043,8.0,
lithography,TSFGA,2,73,2.315296036780427,1.9471969301522745,8.0,
lithography,TSFGA,2,74,2.315296036780427,1.9910525582289733,8.0,
lithography,TSFGA,2,75,2.315296036780427,1.9862672590331598,8.0,
lithography,TSFGA,2,76,2.315296036780427,2.0058198326194328,8.0,
lithography,TSFGA,2,77,2.315296036780427,1.9830555644484904,8.0,
lithography,TSFGA,2,78,2.315296036780427,1.9857288457217266,8.0,
lithography,TSFGA,2,79,2.315296036780427,1.9854503638150292,8.0,
lithography,TSFGA,2,80,2.315296036780427,1.9901682893477584,8.0,
lithography,TSFGA,2,81,2.315296036780427,1.969082948189665,8.0,
lithography,TSFGA,2,82,2.315296036780427,2.004020560298122,8.0,
lithography,TSFGA,2,83,2.315296036780427,1.9808288572777673,8.0,
lithography,TSFGA,2,84,2.315296036780427,1.9582054336193864,8.0,
lithography,TSFGA,2,85,2.315296036780427,2.001292055533444,8.0,
lithography,TSFGA,2,86,2.315296036780427,2.021835644518532,8.0,
lithography,TSFGA,2,87,2.315296036780427,1.9878039225821247,8.0,
lithography,TSFGA,2,88,2.315296036780427,1.9838993225034849,8.0,
lithography,TSFGA,2,89,2.315296036780427,2.0000427882652323,8.0,
lithography,TSFGA,2,90,2.315296036780427,2.001841601846362,8.0,
lithography,TSFGA,2,91,2.315296036780427,1.978883383481889,8.0,
lithography,TSFGA,2,92,2.315296036780427,1.9634061049389628,8.0,
lithography,TSFGA,2,93,2.315296036780427,1.9689028864536937,8.0,
lithography,TSFGA,2,94,2.315296036780427,1.9858658676939847,8.0,
lithography,TSFGA,2,95,2.315296036780427,1.9647477823830317,8.0,
lithography,TSFGA,2,96,2.315296036780427,1.9940289196584815,8.0,
lithography,TSFGA,2,97,2.315296036780427,1.980888792505811,8.0,
lithography,TSFGA,2,98,2.315296036780427,1.9746956012395267,8.0,
lithography,TSFGA,3,0,2.0028939006926416,1.73384931062309,21.0,
lithography,TSFGA,3,1,2.0464672612640054,1.837561507977852,19.0,
lithography,TSFGA,3,2,2.0607674766452755,1.8786802655353376,18.0,
lithography,TSFGA,3,3,2.1089973804736113,1.8751749904759358,16.0,
lithography,TSFGA,3,4,2.136873087433282,1.9043808252210304,15.0,
lithography,TSFGA,3,5,2.136873087433282,1.9387821555984945,15.0,
lithography,TSFGA,3,6,2.1478601126125785,1.9434901089166658,14.0,
lithography,TSFGA,3,7,2.1478601126125785,1.9436544631640686,14.0,
lithography,TSFGA,3,8,2.1478601126125785,1.9300570138987319,14.0,
lithography,TSFGA,3,9,2.1478601126125785,1.905291250422367,14.0,
lithography,TSFGA,3,10,2.1726211949407706,1.9225396501456704,14.0,
lithography,TSFGA,3,11,2.1726211949407706,1.931015661425154,14.0,
lithography,TSFGA,3,12,2.1726211949407706,1.9099741753721466,14.0,
lithography,TSFGA,3,13,2.1881618837779193,1.927981518460761,13.0,
lithography,TSFGA,3,14,2.1881618837779193,1.9320326904776757,13.0,
lithography,TSFGA,3,15,2.1881618837779193,1.9434887146366666,13.0,
lithography,TSFGA,3,16,2.1881618837779193,1.954896751455395,13.0,
lithography,TSFGA,3,17,2.1881618837779193,1.9546895781275004,13.0,
lithography,TSFGA,3,18,2.1881618837779193,1.9498832960712242,13.0,
lithography,TSFGA,3,19,2.1881618837779193,1.9370644801333554,13.0,
lithography,TSFGA,3,20,2.214456791202817,1.9422192505587652,11.0,
lithography,TSFGA,3,21,2.214456791202817,1.929650597537091,11.0,
lithography,TSFGA,3,22,2.214456791202817,1.9618588222655053,11.0,
lithography,TSFGA,3,23,2.214456791202817,1.9639150227762472,11.0,
lithography,TSFGA,3,24,2.214456791202817,1.9461455816803732,11.0,
lithography,TSFGA,3,25,2.214456791202817,1.9168079744374829,11.0,
lithography,TSFGA,3,26,2.214456791202817,1.9120952484058384,11.0,
lithography,TSFGA,3,27,2.214456791202817,1.901513125875148,11.0,
lithography,TSFGA,3,28,2.214456791202817,1.8894525676358473,11.0,
lithography,TSFGA,3,29,2.214456791202817,1.9213210259808933,11.0,
lithography,TSFGA,3,30,2.214456791202817,1.9426145644629595,11.0,
lithography,TSFGA,3,31,2.2231329862472737,1.9099588032555463,11.0,
lithography,TSFGA,3,32,2.2231329862472737,1.9161956256300754,11.0,
lithography,TSFGA,3,33,2.2526755812687207,1.9563361854541277,10.0,
lithography,TSFGA,3,34,2.2526755812687207,1.9442008932988948,10.0,
lithography,TSFGA,3,35,2.2526755812687207,1.9677690073345935,10.0,
lithography,TSFGA,3,36,2.2526755812687207,1.9613633368369499,10.0,
lithography,TSFGA,3,37,2.2526755812687207,1.9712612074895695,10.0,
lithography,TSFGA,3,38,2.2526755812687207,1.9578088791581834,10.0,
lithography,TSFGA,3,39,2.2526755812687207,1.9457421277745346,10.0,
lithography,TSFGA,3,40,2.2526755812687207,1.9192117802837871,10.0,
lithography,TSFGA,3,41,2.2526755812687207,1.9546437491423745,10.0,
lithography,TSFGA,3,42,2.2526755812687207,1.957688306582559,10.0,
lithography,TSFGA,3,43,2.2526755812687207,1.9335442117191897,10.0,
lithography,TSFGA,3,44,2.2526755812687207,1.944440189590442,10.0,
lithography,TSFGA,3,45,2.2526755812687207,1.9347970379578705,10.0,
lithography,TSFGA,3,46,2.2526755812687207,1.9487657369719096,10.0,
lithography,TSFGA,3,47,2.2526755812687207,1.9447974197521418,10.0,
lithography,TSFGA,3,48,2.2526755812687207,1.9447524391262643,10.0,
lithography,TSFGA,3,49,2.2526755812687207,1.9422248246629856,10.0,
lithography,TSFGA,3,50,2.2526755812687207,1.9382340769990052,10.0,
lithography,TSFGA,3,51,2.2526755812687207,1.972407897487485,10.0,
lithography,TSFGA,3,52,2.2526755812687207,1.958353617052055,10.0,
lithography,TSFGA,3,53,2.2577761197892725,1.9644104395859334,9.0,
lithography,TSFGA,3,54,2.2577761197892725,1.973587427337121,9.0,
lithography,TSFGA,3,55,2.2577761197892725,1.9899253069806366,9.0,
lithography,TSFGA,3,56,2.2577761197892725,1.992461770631533,9.0,
lithography,TSFGA,3,57,2.2577761197892725,1.9876212597292444,9.0,
lithography,TSFGA,3,58,2.2577761197892725,1.9587017698772022,9.0,
lithography,TSFGA,3,59,2.2577761197892725,1.9485141028600093,9.0,
lithography,TSFGA,3,60,2.2577761197892725,1.9522138294015214,9.0,
lithography,TSFGA,3,61,2.2593135808238696,1.9544207277193446,9.0,
lithography,TSFGA,3,62,2.2593135808238696,1.9584669164961945,9.0,
lithography,TSFGA,3,63,2.2593135808238696,1.98445609251509,9.0,
lithography,TSFGA,3,64,2.2593135808238696,1.945566691842901,9.0,
lithography,TSFGA,3,65,2.2593135808238696,1.9518719669738616,9.0,
lithography,TSFGA,3,66,2.2901684536949656,1.9368894432494366,7.0,
lithography,TSFGA,3,67,2.2901684536949656,1.937751480471166,7.0,
lithography,TSFGA,3,68,2.2901684536949656,1.9517063089750653,7.0,
lithography,TSFGA,3,69,2.2901684536949656,1.9415052420734018,7.0,
lithography,TSFGA,3,70,2.2901684536949656,1.937372784638617,7.0,
lithography,TSFGA,3,71,2.2901684536949656,1.936197291741782,7.0,
lithography,TSFGA,3,72,2.2901684536949656,1.9728954424052922,7.0,
lithography,TSFGA,3,73,2.2901684536949656,1.9585228227620284,7.0,
lithography,TSFGA,3,74,2.2901684536949656,1.9640285050822222,7.0,
lithography,TSFGA,3,75,2.2901684536949656,1.9893276648948899,7.0,
lithography,TSFGA,3,76,2.2901684536949656,1.9892192086053808,7.0,
lithography,TSFGA,3,77,2.2901684536949656,1.9562476214433488,7.0,
lithography,TSFGA,3,78,2.2901684536949656,1.9441291359182729,7.0,
lithography,TSFGA,3,79,2.2901684536949656,1.959598178644533,7.0,
lithography,TSFGA,3,80,2.2901684536949656,1.949248275679117,7.0,
lithography,TSFGA,3,81,2.2901684536949656,1.9470337176678534,7.0,
lithography,TSFGA,3,82,2.2901684536949656,1.9772264623694824,7.0,
lithography,TSFGA,3,83,2.2901684536949656,1.9768185361448836,7.0,
lithography,TSFGA,3,84,2.2901684536949656,1.983965661537787,7.0,
lithography,TSFGA,3,85,2.2901684536949656,1.973387442850197,7.0,
lithography,TSFGA,3,86,2.2901684536949656,1.9690750844029423,7.0,
lithography,TSFGA,3,87,2.2901684536949656,2.0054159699579803,7.0,
lithography,TSFGA,3,88,2.308127398502238,2.0227041447982006,6.0,
lithography,TSFGA,3,89,2.3233257058706323,1.9875565558377126,5.0,
lithography,TSFGA,3,90,2.3233257058706323,2.012665192834517,5.0,
lithography,TSFGA,3,91,2.3233257058706323,1.9807588039599469,5.0,
lithography,TSFGA,3,92,2.3233257058706323,1.9655198459833123,5.0,
lithography,TSFGA,3,93,2.3233257058706323,1.9446229451252321,5.0,
lithography,TSFGA,3,94,2.3233257058706323,1.943689404487931,5.0,
lithography,TSFGA,3,95,2.3233257058706323,1.9531601756671577,5.0,
lithography,TSFGA,3,96,2.3233257058706323,1.97587794611657,5.0,
lithography,TSFGA,3,97,2.3233257058706323,1.997748340405264,5.0,
lithography,TSFGA,3,98,2.3233257058706323,2.005594003299559,5.0,
lithography,TSFGA,3,99,2.3233257058706323,2.008443159692902,5.0,
lithography,TSFGA,3,100,2.3233257058706323,1.9859624023549494,5.0,
lithography,TSFGA,3,101,2.3233257058706323,1.9776060641415243,5.0,
lithography,TSFGA,3,102,2.3233257058706323,1.9779692912654467,5.0,
lithography,TSFGA,3,103,2.3233257058706323,1.9828838407812444,5.0,
lithography,TSFGA,3,104,2.3233257058706323,1.962004438657154,5.0,
lithography,TSFGA,3,105,2.3233257058706323,1.9666255528401408,5.0,
lithography,TSFGA,3,106,2.3233257058706323,1.9856871317119313,5.0,
lithography,TSFGA,3,107,2.3233257058706323,1.992648108053666,5.0,
lithography,TSFGA,3,108,2.3233257058706323,1.9869460561549679,5.0,
lithography,TSFGA,3,109,2.3233257058706323,1.9666433151192693,5.0,
lithography,TSFGA,3,110,2.3233257058706323,1.9859131436902864,5.0,
lithography,TSFGA,3,111,2.3233257058706323,1.9742128050609238,5.0,
lithography,TSFGA,3,112,2.3233257058706323,2.0052191080044492,5.0,
lithography,TSFGA,3,113,2.3233257058706323,1.9826347574304903,5.0,
lithography,TSFGA,3,114,2.3233257058706323,1.973511911001652,5.0,
lithography,TSFGA,3,115,2.3233257058706323,1.991006802578596,5.0,
lithography,TSFGA,3,116,2.3233257058706323,2.0018819612764935,5.0,
lithography,TSFGA,3,117,2.3233257058706323,2.007231465147777,5.0,
lithography,TSFGA,3,118,2.3233257058706323,2.013919820453125,5.0,
lithography,TSFGA,3,119,2.3233257058706323,2.0142997424744267,5.0,
lithography,TSFGA,3,120,2.3233257058706323,2.0089045344795133,5.0,
lithography,TSFGA,3,121,2.3233257058706323,1.993159434442027,5.0,
lithography,TSFGA,3,122,2.3233257058706323,1.9924017564540257,5.0,
lithography,TSFGA,3,123,2.3233257058706323,1.9826630617740548,5.0,
lithography,TSFGA,3,124,2.3233257058706323,1.9823303280855527,5.0,
lithography,TSFGA,3,125,2.3233257058706323,1.9660946920047166,5.0,
lithography,TSFGA,3,126,2.3233257058706323,1.9604689031069764,5.0,
lithography,TSFGA,3,127,2.3233257058706323,1.998069769814408,5.0,
lithography,TSFGA,3,128,2.3233257058706323,1.9935873509836426,5.0,
lithography,TSFGA,3,129,2.3233257058706323,1.9978575729071308,5.0,
lithography,TSFGA,4,0,2.071636750992109,1.794148917776268,16.0,
lithography,TSFGA,4,1,2.071636750992109,1.8513173474336333,16.0,
lithography,TSFGA,4,2,2.112724439797044,1.893381310818705,14.0,
lithography,TSFGA,4,3,2.112724439797044,1.8895715215901903,14.0,
lithography,TSFGA,4,4,2.112724439797044,1.9147590661299958,14.0,
lithography,TSFGA,4,5,2.112724439797044,1.8997396628107086,14.0,
lithography,TSFGA,4,6,2.112724439797044,1.889230693118419,14.0,
lithography,TSFGA,4,7,2.112724439797044,1.9035177837161572,14.0,
lithography,TSFGA,4,8,2.112724439797044,1.8984446100611279,14.0,
lithography,TSFGA,4,9,2.112724439797044,1.9128411303612842,14.0,
lithography,TSFGA,4,10,2.112724439797044,1.9242068841350417,14.0,
lithography,TSFGA,4,11,2.1509421130591626,1.925243125562703,14.0,
lithography,TSFGA,4,12,2.1509421130591626,1.9304324731847573,14.0,
lithography,TSFGA,4,13,2.1509421130591626,1.9204621964645754,14.0,
lithography,TSFGA,4,14,2.1794783258296198,1.9352628243853167,12.0,
lithography,TSFGA,4,15,2.1794783258296198,1.9317887837672192,12.0,
lithography,TSFGA,4,16,2.1794783258296198,1.9573586336073017,12.0,
lithography,TSFGA,4,17,2.1794783258296198,1.92783637991715,12.0,
lithography,TSFGA,4,18,2.1794783258296198,1.9261281333059663,12.0,
lithography,TSFGA,4,19,2.1794783258296198,1.9254295978660168,12.0,
lithography,TSFGA,4,20,2.1794783258296198,1.9456638665396588,12.0,
lithography,TSFGA,4,21,2.1794783258296198,1.9579142626560901,12.0,
lithography,TSFGA,4,22,2.1886090352917,1.9336020432267926,12.0,
lithography,TSFGA,4,23,2.1886090352917,1.945408602495253,12.0,
lithography,TSFGA,4,24,2.1908378324859887,1.9593356245189348,12.0,
lithography,TSFGA,4,25,2.1908378324859887,1.9585661397019785,12.0,
lithography,TSFGA,4,26,2.2244611201612674,1.9554898314803082,9.0,
lithography,TSFGA,4,27,2.2244611201612674,1.9677780837295522,9.0,
lithography,TSFGA,4,28,2.2828399249559133,1.9782027398441884,8.0,
lithography,TSFGA,4,29,2.2828399249559133,1.9748628796143635,8.0,
lithography,TSFGA,4,30,2.2828399249559133,1.9952769585955916,8.0,
lithography,TSFGA,4,31,2.2828399249559133,1.999615324661098,8.0,
lithography,TSFGA,4,32,2.2828399249559133,1.9730931824707043,8.0,
lithography,TSFGA,4,33,2.2828399249559133,1.996019708292117,8.0,
lithography,TSFGA,4,34,2.2828399249559133,1.9691943883436693,8.0,
lithography,TSFGA,4,35,2.2828399249559133,1.9756073878271123,8.0,
lithography,TSFGA,4,36,2.2828399249559133,1.9458468431149292,8.0,
lithography,TSFGA,4,37,2.2828399249559133,1.9674273276745091,8.0,
lithography,TSFGA,4,38,2.2828399249559133,1.988413062720688,8.0,
lithography,TSFGA,4,39,2.2828399249559133,1.9574671687982836,8.0,
lithography,TSFGA,4,40,2.2828399249559133,1.9476186044194066,8.0,
lithography,TSFGA,4,41,2.2828399249559133,1.9498944057722511,8.0,
lithography,TSFGA,4,42,2.2828399249559133,1.9766966037908396,8.0,
lithography,TSFGA,4,43,2.2828399249559133,1.9753591697604527,8.0,
lithography,TSFGA,4,44,2.2828399249559133,1.964034200098494,8.0,
lithography,TSFGA,4,45,2.2828399249559133,1.946189405892622,8.0,
lithography,TSFGA,4,46,2.2828399249559133,1.951674018758117,8.0,
lithography,TSFGA,4,47,2.2828399249559133,1.9465820854143001,8.0,
lithography,TSFGA,4,48,2.2828399249559133,1.9383954403713368,8.0,
lithography,TSFGA,4,49,2.2828399249559133,1.9562789761614532,8.0,
lithography,TSFGA,4,50,2.2828399249559133,1.9606885839829267,8.0,
lithography,TSFGA,4,51,2.2828399249559133,1.9517217733294658,8.0,
lithography,TSFGA,4,52,2.2828399249559133,1.9719206575131296,8.0,
lithography,TSFGA,4,53,2.2828399249559133,1.9683940199623808,8.0,
lithography,TSFGA,4,54,2.2828399249559133,1.970740130195826,8.0,
lithography,TSFGA,4,55,2.2828399249559133,1.9786340966104956,8.0,
lithography,TSFGA,4,56,2.2828399249559133,1.9709687646478202,8.0,
lithography,TSFGA,4,57,2.2828399249559133,1.9857412982888334,8.0,
lithography,TSFGA,4,58,2.2828399249559133,1.9506318819975825,8.0,
lithography,TSFGA,4,59,2.2902197900864243,1.9554699198246666,8.0,
lithography,TSFGA,4,60,2.2902197900864243,1.9944550396926186,8.0,
lithography,TSFGA,4,61,2.2902197900864243,2.0001811669817187,8.0,
lithography,TSFGA,4,62,2.2902197900864243,1.977964710959317,8.0,
lithography,TSFGA,4,63,2.2902197900864243,1.966957652400501,8.0,
lithography,TSFGA,4,64,2.2902197900864243,1.9822508269206707,8.0,
lithography,TSFGA,4,65,2.2902197900864243,1.9714094168104181,8.0,
lithography,TSFGA,4,66,2.2902197900864243,1.9362354206221446,8.0,
lithography,TSFGA,4,67,2.2902197900864243,1.978599441850395,8.0,
lithography,TSFGA,4,68,2.2902197900864243,1.9709159942957335,8.0,
lithography,TSFGA,4,69,2.2902197900864243,1.9930313669430877,8.0,
lithography,TSFGA,4,70,2.2902197900864243,1.9673795257644606,8.0,
lithography,TSFGA,4,71,2.2902197900864243,1.9430277402449962,8.0,
lithography,TSFGA,4,72,2.2902197900864243,1.9570059378738816,8.0,
lithography,TSFGA,4,73,2.2902197900864243,1.977946900200778,8.0,
lithography,TSFGA,4,74,2.2902197900864243,1.977050578307352,8.0,
lithography,TSFGA,4,75,2.2902197900864243,1.9481255008224907,8.0,
lithography,TSFGA,4,76,2.2902197900864243,1.958232327042758,8.0,
lithography,TSFGA,4,77,2.2902197900864243,2.001939614887383,8.0,
lithography,TSFGA,4,78,2.2902197900864243,1.982149008357542,8.0,
lithography,TSFGA,4,79,2.2902197900864243,2.0082545023708835,8.0,
lithography,TSFGA,4,80,2.2902197900864243,2.0089189817401176,8.0,
lithography,TSFGA,4,81,2.2902197900864243,1.9811744655150292,8.0,
lithography,TSFGA,4,82,2.2902197900864243,1.9773895492722322,8.0,
lithography,TSFGA,4,83,2.2902197900864243,1.9659134343651274,8.0,
lithography,TSFGA,4,84,2.2902197900864243,1.9685338255829699,8.0,
lithography,TSFGA,4,85,2.2902197900864243,1.9427791243636023,8.0,
lithography,TSFGA,4,86,2.2902197900864243,1.9410540890765708,8.0,
lithography,TSFGA,4,87,2.2902197900864243,1.9362420116246688,8.0,
lithography,TSFGA,4,88,2.2902197900864243,1.9332038218170762,8.0,
lithography,TSFGA,4,89,2.2902197900864243,1.9481466709724529,8.0,
lithography,TSFGA,4,90,2.2902197900864243,1.9605136658991653,8.0,
lithography,TSFGA,4,91,2.2902197900864243,1.9428446860400903,8.0,
lithography,TSFGA,4,92,2.2902197900864243,1.947378958864178,8.0,
lithography,TSFGA,4,93,2.2902197900864243,1.971500176315401,8.0,
lithography,TSFGA,4,94,2.2902197900864243,1.9733520945115672,8.0,
lithography,TSFGA,4,95,2.2902197900864243,1.9933999408678198,8.0,
lithography,TSFGA,4,96,2.2902197900864243,1.9793160660794562,8.0,
lithography,TSFGA,4,97,2.2902197900864243,1.9924940152094046,8.0,
lithography,TSFGA,4,98,2.2902197900864243,1.9818852162207066,8.0,
lithography,TSFGA,4,99,2.2902197900864243,1.9792910874926064,8.0,
lithography,NSGA2,0,0,0.7027070878931749,0.5874197925712622,,3.0
lithography,NSGA2,0,1,0.7075341228440775,0.6576320223582635,,2.0
lithography,NSGA2,0,2,0.7122822934664891,0.6566608064217693,,2.0
lithography,NSGA2,0,3,0.720152634452548,0.677055948372679,,6.0
lithography,NSGA2,0,4,0.720152634452548,0.6715420418506834,,5.0
lithography,NSGA2,0,5,0.720152634452548,0.6732202756792367,,8.0
lithography,NSGA2,0,6,0.730059444854481,0.668487225314762,,5.0
lithography,NSGA2,0,7,0.730059444854481,0.679094478985407,,5.0
lithography,NSGA2,0,8,0.730059444854481,0.6912722646271867,,7.0
lithography,NSGA2,0,9,0.7352603360446834,0.6995640509977111,,3.0
lithography,NSGA2,0,10,0.7360121966935291,0.6968922114725455,,6.0
lithography,NSGA2,0,11,0.7388970722259677,0.7047489414558603,,5.0
lithography,NSGA2,0,12,0.7388970722259677,0.6970466933351414,,4.0
lithography,NSGA2,0,13,0.7413090282115982,0.703429270772666,,5.0
lithography,NSGA2,0,14,0.7413090282115982,0.6936673216586715,,4.0
lithography,NSGA2,0,15,0.7413090282115982,0.7067384392244287,,7.0
lithography,NSGA2,0,16,0.7414063714961233,0.7049401824180516,,9.0
lithography,NSGA2,0,17,0.7414063714961233,0.7121054198608329,,15.0
lithography,NSGA2,0,18,0.7429405244030878,0.7059771733077188,,5.0
lithography,NSGA2,0,19,0.7429405244030878,0.7220141393273882,,8.0
lithography,NSGA2,0,20,0.7429405244030878,0.7262304860093327,,11.0
lithography,NSGA2,0,21,0.7429405244030878,0.721427618218189,,25.0
lithography,NSGA2,0,22,0.7429405244030878,0.7190170685707125,,42.0
lithography,NSGA2,0,23,0.7429405244030878,0.7162801291333525,,62.0
lithography,NSGA2,0,24,0.7437036976880694,0.7264714244725052,,80.0
lithography,NSGA2,0,25,0.7437036976880694,0.726484802419775,,80.0
lithography,NSGA2,0,26,0.7437036976880694,0.7258288809921234,,80.0
lithography,NSGA2,0,27,0.7437036976880694,0.7249568779427266,,80.0
lithography,NSGA2,0,28,0.7441688346071758,0.7240811494387561,,80.0
lithography,NSGA2,0,29,0.7441688346071758,0.7234290662923122,,80.0
lithography,NSGA2,0,30,0.7441688346071758,0.7234482584510709,,80.0
lithography,NSGA2,0,31,0.7441688346071758,0.7234674506098294,,80.0
lithography,NSGA2,0,32,0.7441688346071758,0.7247946473426835,,80.0
lithography,NSGA2,0,33,0.7441688346071758,0.7248291933789932,,80.0
lithography,NSGA2,0,34,0.7441688346071758,0.7244085457318459,,80.0
lithography,NSGA2,0,35,0.7441688346071758,0.7217313540706909,,80.0
lithography,NSGA2,0,36,0.7441688346071758,0.7210754326430394,,80.0
lithography,NSGA2,0,37,0.7441688346071758,0.7212953525459924,,80.0
lithography,NSGA2,0,38,0.7441688346071758,0.7217697383882081,,80.0
lithography,NSGA2,0,39,0.7441688346071758,0.7201691158018521,,80.0
lithography,NSGA2,0,40,0.7441688346071758,0.7201844696794032,,80.0
lithography,NSGA2,0,41,0.7441688346071758,0.7152353801266894,,80.0
lithography,NSGA2,0,42,0.7441688346071758,0.7123382685625815,,80.0
lithography,NSGA2,0,43,0.7441688346071758,0.7105369182320309,,80.0
lithography,NSGA2,0,44,0.7441688346071758,0.706039184081567,,80.0
lithography,NSGA2,0,45,0.7441688346071758,0.7024172912617074,,80.0
lithography,NSGA2,0,46,0.7441688346071758,0.698996126186042,,80.0
lithography,NSGA2,0,47,0.7441688346071758,0.6983402047583906,,80.0
lithography,NSGA2,0,48,0.7441688346071758,0.6954277393167316,,80.0
lithography,NSGA2,0,49,0.7441688346071758,0.6940470366333285,,80.0
lithography,NSGA2,0,50,0.7441688346071758,0.6940470366333285,,80.0
lithography,NSGA2,0,51,0.7441688346071758,0.6911345711916693,,80.0
lithography,NSGA2,0,52,0.7441688346071758,0.6886772994334674,,80.0
lithography,NSGA2,0,53,0.7441688346071758,0.6936609350224908,,80.0
lithography,NSGA2,0,54,0.7441688346071758,0.6925383043150386,,80.0
lithography,NSGA2,0,55,0.7441688346071758,0.6907177618257295,,80.0
lithography,NSGA2,0,56,0.744421585949288,0.6927347471331137,,80.0
lithography,NSGA2,0,57,0.744421585949288,0.6947937227947033,,80.0
lithography,NSGA2,0,58,0.744421585949288,0.6920819850972386,,80.0
lithography,NSGA2,0,59,0.744421585949288,0.6894047934360836,,80.0
lithography,NSGA2,0,60,0.744421585949288,0.6871636032996271,,80.0
lithography,NSGA2,0,61,0.744421585949288,0.6869436833966741,,80.0
lithography,NSGA2,0,62,0.744421585949288,0.6882893933988556,,80.0
lithography,NSGA2,0,63,0.744421585949288,0.6883047472764068,,80.0
lithography,NSGA2,0,64,0.744421585949288,0.6887561026786564,,80.0
lithography,NSGA2,0,65,0.744421585949288,0.6889606687040583,,80.0
lithography,NSGA2,0,66,0.744421585949288,0.6936968360268029,,80.0
lithography,NSGA2,0,67,0.744421585949288,0.6961918132130909,,80.0
lithography,NSGA2,0,68,0.744421585949288,0.6982354349971295,,80.0
lithography,NSGA2,0,69,0.744421585949288,0.6986899497911555,,80.0
lithography,NSGA2,0,70,0.744421585949288,0.6968540534242953,,80.0
lithography,NSGA2,0,71,0.744421585949288,0.6991105974383028,,80.0
lithography,NSGA2,0,72,0.744421585949288,0.6961827781190927,,80.0
lithography,NSGA2,0,73,0.744421585949288,0.6957467765943941,,80.0
lithography,NSGA2,0,74,0.744421585949288,0.6961705836333179,,80.0
lithography,NSGA2,0,75,0.744421585949288,0.6952220441934058,,80.0
lithography,NSGA2,0,76,0.744421585949288,0.6997536454907485,,80.0
lithography,NSGA2,0,77,0.744421585949288,0.6966059062685852,,80.0
lithography,NSGA2,0,78,0.744421585949288,0.6961699047438868,,80.0
lithography,NSGA2,0,79,0.744421585949288,0.6914368968129188,,80.0
lithography,NSGA2,0,80,0.744421585949288,0.691440056204695,,80.0
lithography,NSGA2,0,81,0.744421585949288,0.6970674187355952,,80.0
lithography,NSGA2,0,82,0.744421585949288,0.6968474988326422,,80.0
lithography,NSGA2,0,83,0.744421585949288,0.701159859116463,,80.0
lithography,NSGA2,0,84,0.744421585949288,0.7040723245581221,,80.0
lithography,NSGA2,0,85,0.744421585949288,0.7009092314584079,,80.0
lithography,NSGA2,0,86,0.744421585949288,0.6988719284579221,,80.0
lithography,NSGA2,0,87,0.744421585949288,0.7031301039017628,,80.0
lithography,NSGA2,0,88,0.744421585949288,0.7001806119214488,,80.0
lithography,NSGA2,0,89,0.744421585949288,0.7022395875830384,,80.0
lithography,NSGA2,0,90,0.744421585949288,0.697271305871566,,80.0
lithography,NSGA2,0,91,0.744421585949288,0.696853817616195,,80.0
lithography,NSGA2,0,92,0.744421585949288,0.6970737375191481,,80.0
lithography,NSGA2,0,93,0.744421585949288,0.6952870621767175,,80.0
lithography,NSGA2,0,94,0.744421585949288,0.6975589600682761,,80.0
lithography,NSGA2,0,95,0.744421585949288,0.6975558006764998,,80.0
lithography,NSGA2,0,96,0.744421585949288,0.6982302353734788,,80.0
lithography,NSGA2,0,97,0.744421585949288,0.7007066992904394,,80.0
lithography,NSGA2,0,98,0.744421585949288,0.7027625155602526,,80.0
lithography,NSGA2,0,99,0.744421585949288,0.7023233546437777,,80.0
lithography,NSGA2,0,100,0.744421585949288,0.7007380859349727,,80.0
lithography,NSGA2,0,101,0.744421585949288,0.7005366793013472,,80.0
lithography,NSGA2,0,102,0.744421585949288,0.700301405520843,,80.0
lithography,NSGA2,0,103,0.744421585949288,0.6996454840931916,,80.0
lithography,NSGA2,0,104,0.744421585949288,0.696479231601701,,80.0
lithography,NSGA2,0,105,0.744421585949288,0.6955419747608921,,80.0
lithography,NSGA2,0,106,0.744421585949288,0.6977831648973487,,80.0
lithography,NSGA2,0,107,0.744421585949288,0.6993652742143771,,80.0
lithography,NSGA2,0,108,0.744421585949288,0.6996037073866577,,80.0
lithography,NSGA2,0,109,0.744421585949288,0.7004980619865897,,80.0
lithography,NSGA2,0,110,0.744421585949288,0.7004827081090386,,80.0
lithography,NSGA2,0,111,0.744421585949288,0.6990796538751004,,80.0
lithography,NSGA2,0,112,0.744421585949288,0.7015746310613885,,80.0
lithography,NSGA2,0,113,0.744421585949288,0.6999893623525836,,80.0
lithography,NSGA2,0,114,0.744421585949288,0.7001869307050015,,80.0
lithography,NSGA2,0,115,0.744421585949288,0.7006574782660098,,80.0
lithography,NSGA2,0,116,0.744421585949288,0.7002214767413112,,80.0
lithography,NSGA2,0,117,0.744421585949288,0.7024780207553187,,80.0
lithography,NSGA2,0,118,0.744421585949288,0.7031371015747466,,80.0
lithography,NSGA2,0,119,0.744421585949288,0.7006452837802349,,80.0
lithography,NSGA2,0,120,0.744421585949288,0.6999893623525836,,80.0
lithography,NSGA2,0,121,0.744421585949288,0.7027164539275993,,80.0
lithography,NSGA2,0,122,0.744421585949288,0.7027132945358229,,80.0
lithography,NSGA2,0,123,0.744421585949288,0.7027132945358229,,80.0
lithography,NSGA2,0,124,0.744421585949288,0.6980141537517334,,80.0
lithography,NSGA2,0,125,0.744421585949288,0.6973428784465308,,80.0
lithography,NSGA2,0,126,0.744421585949288,0.6973460378383072,,80.0
lithography,NSGA2,0,127,0.744421585949288,0.7002585032799662,,80.0
lithography,NSGA2,0,128,0.744421585949288,0.7004784231829193,,80.0
lithography,NSGA2,0,129,0.744421585949288,0.6979834459966311,,80.0
lithography,NSGA2,0,130,0.744421585949288,0.6995298837430071,,80.0
lithography,NSGA2,0,131,0.744421585949288,0.7013319129629887,,80.0
lithography,NSGA2,0,132,0.744421585949288,0.7056474326385859,,80.0
lithography,NSGA2,0,133,0.744421585949288,0.70766441794597,,80.0
lithography,NSGA2,0,134,0.744421585949288,0.7099394752293051,,80.0
lithography,NSGA2,0,135,0.744421585949288,0.7101747490098091,,80.0
lithography,NSGA2,0,136,0.744421585949288,0.7095003143128302,,80.0
lithography,NSGA2,0,137,0.744421585949288,0.7088042069547473,,80.0
lithography,NSGA2,0,138,0.744421585949288,0.7060491239350748,,80.0
lithography,NSGA2,0,139,0.744421585949288,0.7085441011213629,,80.0
lithography,NSGA2,0,140,0.744421585949288,0.7089871003190453,,80.0
lithography,NSGA2,0,141,0.744421585949288,0.7089871003190453,,80.0
lithography,NSGA2,0,142,0.744421585949288,0.711478918113557,,80.0
lithography,NSGA2,0,143,0.744421585949288,0.7112436443330529,,80.0
lithography,NSGA2,0,144,0.744421585949288,0.7114789181135569,,80.0
lithography,NSGA2,0,145,0.744421585949288,0.7083650460382724,,80.0
lithography,NSGA2,0,146,0.744421585949288,0.7074770102218932,,80.0
lithography,NSGA2,0,147,0.744421585949288,0.7088297178970587,,80.0
lithography,NSGA2,0,148,0.744421585949288,0.7063347407107706,,80.0
lithography,NSGA2,0,149,0.744421585949288,0.7052179857055403,,80.0
lithography,NSGA2,0,150,0.744421585949288,0.7018534859722007,,80.0
lithography,NSGA2,0,151,0.744421585949288,0.698209241601806,,80.0
lithography,NSGA2,0,152,0.744421585949288,0.6979554545519744,,80.0
lithography,NSGA2,0,153,0.744421585949288,0.6999920786630289,,80.0
lithography,NSGA2,0,154,0.744421585949288,0.6998098641881622,,80.0
lithography,NSGA2,0,155,0.744421585949288,0.6977355346490214,,80.0
lithography,NSGA2,0,156,0.744421585949288,0.6979586139437508,,80.0
lithography,NSGA2,0,157,0.744421585949288,0.699794510310611,,80.0
lithography,NSGA2,0,158,0.744421585949288,0.6973212057854268,,80.0
lithography,NSGA2,0,159,0.744421585949288,0.6977450128243505,,80.0
lithography,NSGA2,0,160,0.744421585949288,0.6973365596629779,,80.0
lithography,NSGA2,0,161,0.744421585949288,0.700742370861092,,80.0
lithography,NSGA2,0,162,0.744421585949288,0.7007608841304196,,80.0
lithography,NSGA2,0,163,0.744421585949288,0.6985043401164119,,80.0
lithography,NSGA2,0,164,0.744421585949288,0.7004874582769175,,80.0
lithography,NSGA2,0,165,0.744421585949288,0.6996301302156406,,80.0
lithography,NSGA2,0,166,0.744421585949288,0.6977788799712291,,80.0
lithography,NSGA2,0,167,0.744421585949288,0.6966716031413281,,80.0
lithography,NSGA2,0,168,0.744421585949288,0.6988911206166807,,80.0
lithography,NSGA2,0,169,0.744421585949288,0.6972936574221011,,80.0
lithography,NSGA2,0,170,0.744421585949288,0.6972968168138773,,80.0
lithography,NSGA2,0,171,0.744421585949288,0.6995502014361087,,80.0
lithography,NSGA2,0,172,0.744421585949288,0.7043017226364043,,80.0
lithography,NSGA2,0,173,0.744421585949288,0.7043170765139555,,80.0
lithography,NSGA2,0,174,0.744421585949288,0.7040786433416748,,80.0
lithography,NSGA2,0,175,0.744421585949288,0.7026941023770642,,80.0
lithography,NSGA2,0,176,0.744421585949288,0.6982148814959277,,80.0
lithography,NSGA2,0,177,0.744421585949288,0.7011241875458103,,80.0
lithography,NSGA2,0,178,0.744421585949288,0.7011395414233614,,80.0
lithography,NSGA2,0,179,0.744421585949288,0.7008920731570827,,80.0
lithography,NSGA2,0,180,0.744421585949288,0.7008920731570826,,80.0
lithography,NSGA2,0,181,0.744421585949288,0.7033870503433708,,80.0
lithography,NSGA2,0,182,0.744421585949288,0.7022192698899368,,80.0
lithography,NSGA2,0,183,0.744421585949288,0.7042750861597499,,80.0
lithography,NSGA2,0,184,0.744421585949288,0.7042750861597499,,80.0
lithography,NSGA2,0,185,0.744421585949288,0.704092871684883,,80.0
lithography,NSGA2,0,186,0.744421585949288,0.7059102547824156,,80.0
lithography,NSGA2,0,187,0.744421585949288,0.7065846894793948,,80.0
lithography,NSGA2,0,188,0.744421585949288,0.7074912385651013,,80.0
lithography,NSGA2,0,189,0.744421585949288,0.7081841865314078,,80.0
lithography,NSGA2,0,190,0.744421585949288,0.7057045632226708,,80.0
lithography,NSGA2,0,191,0.744421585949288,0.710004729020717,,80.0
lithography,NSGA2,0,192,0.744421585949288,0.7066000433569458,,80.0
lithography,NSGA2,0,193,0.744421585949288,0.7090918611514574,,80.0
lithography,NSGA2,0,194,0.744421585949288,0.7054896071352683,,80.0
lithography,NSGA2,0,195,0.744421585949288,0.7036537107684081,,80.0
lithography,NSGA2,0,196,0.744421585949288,0.7079538765664543,,80.0
lithography,NSGA2,0,197,0.744421585949288,0.7054742532577174,,80.0
lithography,NSGA2,0,198,0.744421585949288,0.7045798986577853,,80.0
lithography,NSGA2,0,199,0.744421585949288,0.7052511739629879,,80.0
lithography,NSGA2,0,200,0.744421585949288,0.7045984119271129,,80.0
lithography,NSGA2,1,0,0.7169217530847568,0.5833031640377431,,2.0
lithography,NSGA2,1,1,0.7169217530847568,0.659357238519166,,4.0
lithography,NSGA2,1,2,0.7169217530847568,0.678755979541784,,5.0
lithography,NSGA2,1,3,0.7216143407020146,0.6814917008529193,,3.0
lithography,NSGA2,1,4,0.7216143407020146,0.6843186182970797,,3.0
lithography,NSGA2,1,5,0.7216143407020146,0.685056360963301,,5.0
lithography,NSGA2,1,6,0.7287550974838268,0.6955660688281198,,3.0
lithography,NSGA2,1,7,0.7303754371151443,0.6900474664889468,,4.0
lithography,NSGA2,1,8,0.7303754371151443,0.6987687619844261,,5.0
lithography,NSGA2,1,9,0.7366174066712242,0.6838140872477154,,2.0
lithography,NSGA2,1,10,0.738846996734462,0.6924945989900262,,2.0
lithography,NSGA2,1,11,0.7453608741388794,0.7006045964948809,,2.0
lithography,NSGA2,1,12,0.7453608741388794,0.7098033517287169,,4.0
lithography,NSGA2,1,13,0.7453608741388794,0.7197514328406049,,6.0
lithography,NSGA2,1,14,0.7473224394584782,0.7240311467483016,,8.0
lithography,NSGA2,1,15,0.7473224394584782,0.7228628441033289,,3.0
lithography,NSGA2,1,16,0.7477559472651356,0.7222358598204202,,5.0
lithography,NSGA2,1,17,0.74930372741619,0.7266899317566629,,9.0
lithography,NSGA2,1,18,0.7498748101127215,0.7354674379890203,,19.0
lithography,NSGA2,1,19,0.7498748101127215,0.737850732548296,,29.0
lithography,NSGA2,1,20,0.7498748101127215,0.7382339807750135,,58.0
lithography,NSGA2,1,21,0.7498748101127215,0.7396948121102582,,78.0
lithography,NSGA2,1,22,0.7498748101127215,0.7400169600353064,,80.0
lithography,NSGA2,1,23,0.7498748101127215,0.7389304133419887,,80.0
lithography,NSGA2,1,24,0.7498748101127215,0.7384767982718389,,80.0
lithography,NSGA2,1,25,0.7498748101127215,0.7369930914484398,,80.0
lithography,NSGA2,1,26,0.7498748101127215,0.7363986868493171,,80.0
lithography,NSGA2,1,27,0.7498748101127215,0.7364372138733624,,80.0
lithography,NSGA2,1,28,0.7498748101127215,0.7355685107571079,,80.0
lithography,NSGA2,1,29,0.7498748101127215,0.7353712662880667,,80.0
lithography,NSGA2,1,30,0.7498748101127215,0.7354097933121119,,80.0
lithography,NSGA2,1,31,0.7498748101127215,0.7352125488430705,,80.0
lithography,NSGA2,1,32,0.7498748101127215,0.7341645291737982,,80.0
lithography,NSGA2,1,33,0.7498748101127215,0.7344208997749064,,80.0
lithography,NSGA2,1,34,0.7498748101127215,0.7335701245746754,,80.0
lithography,NSGA2,1,35,0.7498748101127215,0.7342801102459336,,80.0
lithography,NSGA2,1,36,0.7498748101127215,0.7333908080216572,,80.0
lithography,NSGA2,1,37,0.7498748101127215,0.7322657343042944,,80.0
lithography,NSGA2,1,38,0.7498748101127215,0.728848643282703,,80.0
lithography,NSGA2,1,39,0.7498748101127215,0.7288871703067483,,80.0
lithography,NSGA2,1,40,0.7498748101127215,0.721758090638412,,80.0
lithography,NSGA2,1,41,0.7498748101127215,0.7176310139455624,,80.0
lithography,NSGA2,1,42,0.7498748101127215,0.7137011817217542,,80.0
lithography,NSGA2,1,43,0.7498748101127215,0.7284382576559848,,80.0
lithography,NSGA2,1,44,0.7498748101127215,0.7285153117040751,,80.0
lithography,NSGA2,1,45,0.7498748101127215,0.7280616966339253,,80.0
lithography,NSGA2,1,46,0.7498748101127215,0.7276466085878208,,80.0
lithography,NSGA2,1,47,0.7498748101127215,0.7274493641187795,,80.0
lithography,NSGA2,1,48,0.7498748101127215,0.7274878911428246,,80.0
lithography,NSGA2,1,49,0.7498748101127215,0.7251826483419592,,80.0
lithography,NSGA2,1,50,0.7498748101127215,0.7218339952206367,,80.0
lithography,NSGA2,1,51,0.7498748101127215,0.7186009231714496,,80.0
lithography,NSGA2,1,52,0.7498748101127215,0.7174592811119924,,80.0
lithography,NSGA2,1,53,0.7498748101127215,0.7127896693781943,,80.0
lithography,NSGA2,1,54,0.7498748101127215,0.709338753751944,,80.0
lithography,NSGA2,1,55,0.7498748101127215,0.7069949839270334,,80.0
lithography,NSGA2,1,56,0.7498748101127215,0.7051433561963177,,80.0
lithography,NSGA2,1,57,0.7498748101127215,0.7074871260212284,,80.0
lithography,NSGA2,1,58,0.7498748101127215,0.7070335109510786,,80.0
lithography,NSGA2,1,59,0.7498748101127215,0.7072513545281419,,80.0
lithography,NSGA2,1,60,0.7498748101127215,0.7037233848538013,,80.0
lithography,NSGA2,1,61,0.7498748101127215,0.7032146744175117,,80.0
lithography,NSGA2,1,62,0.7498748101127215,0.7032532014415569,,80.0
lithography,NSGA2,1,63,0.7498748101127215,0.7025432157702987,,80.0
lithography,NSGA2,1,64,0.7498748101127215,0.7027995863714073,,80.0
lithography,NSGA2,1,65,0.7498748101127215,0.7002764999934785,,80.0
lithography,NSGA2,1,66,0.7498748101127215,0.7002764999934785,,80.0
lithography,NSGA2,1,67,0.7498748101127215,0.699134857934021,,80.0
lithography,NSGA2,1,68,0.7498748101127215,0.6977753722975004,,80.0
lithography,NSGA2,1,69,0.7498748101127215,0.6996064009201941,,80.0
lithography,NSGA2,1,70,0.7498748101127215,0.6970833145422654,,80.0
lithography,NSGA2,1,71,0.7498748101127215,0.6942268035151378,,80.0
lithography,NSGA2,1,72,0.7498748101127215,0.6891035767111899,,80.0
lithography,NSGA2,1,73,0.7498748101127215,0.6892828932642081,,80.0
lithography,NSGA2,1,74,0.7498748101127215,0.6883205677577687,,80.0
lithography,NSGA2,1,75,0.7498748101127215,0.6866867836041164,,80.0
lithography,NSGA2,1,76,0.7498748101127215,0.6901376992303667,,80.0
lithography,NSGA2,1,77,0.7498748101127215,0.689722611184262,,80.0
lithography,NSGA2,1,78,0.7498748101127215,0.6900175088094157,,80.0
lithography,NSGA2,1,79,0.7498748101127215,0.6919076635641765,,80.0
lithography,NSGA2,1,80,0.7498748101127215,0.6900945628575061,,80.0
lithography,NSGA2,1,81,0.7498748101127215,0.6896203486793343,,80.0
lithography,NSGA2,1,82,0.7498748101127215,0.6916898199871133,,80.0
lithography,NSGA2,1,83,0.7498748101127215,0.6910183613399002,,80.0
lithography,NSGA2,1,84,0.7498748101127215,0.6906032732937957,,80.0
lithography,NSGA2,1,85,0.7498748101127215,0.6924549010245113,,80.0
lithography,NSGA2,1,86,0.7498748101127215,0.6924549010245113,,80.0
lithography,NSGA2,1,87,0.7498748101127215,0.6913132589650539,,80.0
lithography,NSGA2,1,88,0.7498748101127215,0.6894616312343382,,80.0
lithography,NSGA2,1,89,0.7498748101127215,0.6894616312343382,,80.0
lithography,NSGA2,1,90,0.7498748101127215,0.6885338019860167,,80.0
lithography,NSGA2,1,91,0.7498748101127215,0.6884952749619715,,80.0
lithography,NSGA2,1,92,0.7498748101127215,0.6919806868463395,,80.0
lithography,NSGA2,1,93,0.7498748101127215,0.6949573882944181,,80.0
lithography,NSGA2,1,94,0.7498748101127215,0.6929085160946611,,80.0
lithography,NSGA2,1,95,0.7498748101127215,0.6951958309795033,,80.0
lithography,NSGA2,1,96,0.7498748101127215,0.690821116870859,,80.0
lithography,NSGA2,1,97,0.7498748101127215,0.6890080161641885,,80.0
lithography,NSGA2,1,98,0.7498748101127215,0.6883365575169754,,80.0
lithography,NSGA2,1,99,0.7498748101127215,0.6857749441150015,,80.0
lithography,NSGA2,1,100,0.7498748101127215,0.6838847893602406,,80.0
lithography,NSGA2,1,101,0.7498748101127215,0.6852277066546668,,80.0
lithography,NSGA2,1,102,0.7498748101127215,0.6847534924764951,,80.0
lithography,NSGA2,1,103,0.7498748101127215,0.6872765788544237,,80.0
lithography,NSGA2,1,104,0.7498748101127215,0.6861349367949663,,80.0
lithography,NSGA2,1,105,0.7498748101127215,0.6858785661938579,,80.0
lithography,NSGA2,1,106,0.7498748101127215,0.688658023172895,,80.0
lithography,NSGA2,1,107,0.7498748101127215,0.6882223360187684,,80.0
lithography,NSGA2,1,108,0.7498748101127215,0.690527578819634,,80.0
lithography,NSGA2,1,109,0.7498748101127215,0.6850277909936267,,80.0
lithography,NSGA2,1,110,0.7498748101127215,0.6820510895455482,,80.0
lithography,NSGA2,1,111,0.7498748101127215,0.6797458467446827,,80.0
lithography,NSGA2,1,112,0.7498748101127215,0.6797073197206376,,80.0
lithography,NSGA2,1,113,0.7498748101127215,0.6789973340493793,,80.0
lithography,NSGA2,1,114,0.7498748101127215,0.6764357206474054,,80.0
lithography,NSGA2,1,115,0.7498748101127215,0.6770686522705733,,80.0
lithography,NSGA2,1,116,0.7498748101127215,0.681661209956281,,80.0
lithography,NSGA2,1,117,0.7498748101127215,0.6791381235783522,,80.0
lithography,NSGA2,1,118,0.7498748101127215,0.6839664527571464,,80.0
lithography,NSGA2,1,119,0.7498748101127215,0.6871995248063334,,80.0
lithography,NSGA2,1,120,0.7498748101127215,0.6840049797811915,,80.0
lithography,NSGA2,1,121,0.7498748101127215,0.6814048393551725,,80.0
lithography,NSGA2,1,122,0.7498748101127215,0.6839664527571463,,80.0
lithography,NSGA2,1,123,0.7498748101127215,0.691100024736806,,80.0
lithography,NSGA2,1,124,0.7498748101127215,0.6901336684644391,,80.0
lithography,NSGA2,1,125,0.7498748101127215,0.6880847962646823,,80.0
lithography,NSGA2,1,126,0.7498748101127215,0.6903900390655477,,80.0
lithography,NSGA2,1,127,0.7498748101127215,0.6889740984889586,,80.0
lithography,NSGA2,1,128,0.7498748101127215,0.6873788413593516,,80.0
lithography,NSGA2,1,129,0.7498748101127215,0.6880888270306096,,80.0
lithography,NSGA2,1,130,0.7498748101127215,0.6855272136286359,,80.0
lithography,NSGA2,1,131,0.7498748101127215,0.6859808286987856,,80.0
lithography,NSGA2,1,132,0.7498748101127215,0.6859808286987856,,80.0
lithography,NSGA2,1,133,0.7498748101127215,0.6885424421007595,,80.0
lithography,NSGA2,1,134,0.7498748101127215,0.686057882746876,,80.0
lithography,NSGA2,1,135,0.7498748101127215,0.6858606382778346,,80.0
lithography,NSGA2,1,136,0.7498748101127215,0.6849713360535583,,80.0
lithography,NSGA2,1,137,0.7498748101127215,0.6854634781477532,,80.0
lithography,NSGA2,1,138,0.7498748101127215,0.6835733233929925,,80.0
lithography,NSGA2,1,139,0.7498748101127215,0.6879095104775915,,80.0
lithography,NSGA2,1,140,0.7498748101127215,0.6879095104775915,,80.0
lithography,NSGA2,1,141,0.7498748101127215,0.6858400391698127,,80.0
lithography,NSGA2,1,142,0.7498748101127215,0.6842833090642507,,80.0
lithography,NSGA2,1,143,0.7498748101127215,0.6815244511932355,,80.0
lithography,NSGA2,1,144,0.7498748101127215,0.6782913791440486,,80.0
lithography,NSGA2,1,145,0.7498748101127215,0.6783299061680936,,80.0
lithography,NSGA2,1,146,0.7498748101127215,0.683196762370933,,80.0
lithography,NSGA2,1,147,0.7498748101127215,0.6859170932179031,,80.0
lithography,NSGA2,1,148,0.7498748101127215,0.6870421669352659,,80.0
lithography,NSGA2,1,149,0.7498748101127215,0.6863321812640076,,80.0
lithography,NSGA2,1,150,0.7498748101127215,0.6833554798159291,,80.0
lithography,NSGA2,1,151,0.7498748101127215,0.6807553393899101,,80.0
lithography,NSGA2,1,152,0.7498748101127215,0.6851300534985544,,80.0
lithography,NSGA2,1,153,0.7498748101127215,0.6883631255477414,,80.0
lithography,NSGA2,1,154,0.7498748101127215,0.69088621192567,,80.0
lithography,NSGA2,1,155,0.7498748101127215,0.6899583826773485,,80.0
lithography,NSGA2,1,156,0.7498748101127215,0.692263625478214,,80.0
lithography,NSGA2,1,157,0.7498748101127215,0.6897405391002853,,80.0
lithography,NSGA2,1,158,0.7498748101127215,0.6869996091452932,,80.0
lithography,NSGA2,1,159,0.7498748101127215,0.6879274383936147,,80.0
lithography,NSGA2,1,160,0.7498748101127215,0.6849122099214912,,80.0
lithography,NSGA2,1,161,0.7498748101127215,0.687473823323465,,80.0
lithography,NSGA2,1,162,0.7498748101127215,0.6851685805225995,,80.0
lithography,NSGA2,1,163,0.7498748101127215,0.6828633377217341,,80.0
lithography,NSGA2,1,164,0.7498748101127215,0.6868063954421794,,80.0
lithography,NSGA2,1,165,0.7498748101127215,0.686588551865116,,80.0
lithography,NSGA2,1,166,0.7498748101127215,0.6832146902869562,,80.0
lithography,NSGA2,1,167,0.7498748101127215,0.6849892639695815,,80.0
lithography,NSGA2,1,168,0.7498748101127215,0.6884401795958317,,80.0
lithography,NSGA2,1,169,0.7498748101127215,0.6894065358681984,,80.0
lithography,NSGA2,1,170,0.7498748101127215,0.6912966906229594,,80.0
lithography,NSGA2,1,171,0.7498748101127215,0.6878457749967091,,80.0
lithography,NSGA2,1,172,0.7498748101127215,0.6852841615947352,,80.0
lithography,NSGA2,1,173,0.7498748101127215,0.6901124907735292,,80.0
lithography,NSGA2,1,174,0.7498748101127215,0.6903688613746379,,80.0
lithography,NSGA2,1,175,0.7498748101127215,0.6938157462349606,,80.0
lithography,NSGA2,1,176,0.7498748101127215,0.6961595160598713,,80.0
lithography,NSGA2,1,177,0.7498748101127215,0.6954880574126582,,80.0
lithography,NSGA2,1,178,0.7498748101127215,0.6932213416358379,,80.0
lithography,NSGA2,1,179,0.7498748101127215,0.6911133433040137,,80.0
lithography,NSGA2,1,180,0.7498748101127215,0.6910748162799687,,80.0
lithography,NSGA2,1,181,0.7498748101127215,0.6912926598570318,,80.0
lithography,NSGA2,1,182,0.7498748101127215,0.6862670862091964,,80.0
lithography,NSGA2,1,183,0.7498748101127215,0.6892823146813201,,80.0
lithography,NSGA2,1,184,0.7498748101127215,0.6851254441497391,,80.0
lithography,NSGA2,1,185,0.7498748101127215,0.6895386852824286,,80.0
lithography,NSGA2,1,186,0.7498748101127215,0.6904665145307501,,80.0
lithography,NSGA2,1,187,0.7498748101127215,0.6913352176470045,,80.0
lithography,NSGA2,1,188,0.7498748101127215,0.6931868453777201,,80.0
lithography,NSGA2,1,189,0.7498748101127215,0.6934611438948519,,80.0
lithography,NSGA2,1,190,0.7498748101127215,0.6913146185389825,,80.0
lithography,NSGA2,1,191,0.7498748101127215,0.6940940755180197,,80.0
lithography,NSGA2,1,192,0.7498748101127215,0.6914939350920006,,80.0
lithography,NSGA2,1,193,0.7498748101127215,0.6902712082185254,,80.0
lithography,NSGA2,1,194,0.7498748101127215,0.6904890517955887,,80.0
lithography,NSGA2,1,195,0.7498748101127215,0.6902712082185254,,80.0
lithography,NSGA2,1,196,0.7498748101127215,0.6916526525369967,,80.0
lithography,NSGA2,1,197,0.7498748101127215,0.6939964223619073,,80.0
lithography,NSGA2,1,198,0.7498748101127215,0.691178438358825,,80.0
lithography,NSGA2,1,199,0.7498748101127215,0.6930300660895405,,80.0
lithography,NSGA2,1,200,0.7498748101127215,0.6949202208443014,,80.0
lithography,NSGA2,2,0,0.7038795732798908,0.5798902709964393,,3.0
lithography,NSGA2,2,1,0.7038795732798908,0.6342648396727106,,4.0
lithography,NSGA2,2,2,0.712379625466698,0.6609174074168446,,3.0
lithography,NSGA2,2,3,0.712379625466698,0.646506616361993,,5.0
lithography,NSGA2,2,4,0.7193021103564203,0.6503629880778655,,2.0
lithography,NSGA2,2,5,0.7218262436104572,0.6692567595501913,,3.0
lithography,NSGA2,2,6,0.7218262436104572,0.6745257244717168,,4.0
lithography,NSGA2,2,7,0.7280438511171707,0.6802891364414441,,3.0
lithography,NSGA2,2,8,0.737499031018501,0.6847804198181493,,1.0
lithography,NSGA2,2,9,0.737499031018501,0.7106689454706295,,1.0
lithography,NSGA2,2,10,0.7404643854484121,0.7127565484790178,,3.0
lithography,NSGA2,2,11,0.7404643854484121,0.7202983583117201,,3.0
lithography,NSGA2,2,12,0.7450440651236899,0.7202560723458914,,2.0
lithography,NSGA2,2,13,0.7458439187399744,0.7259531947754005,,3.0
lithography,NSGA2,2,14,0.7458439187399744,0.724432228223374,,7.0
lithography,NSGA2,2,15,0.7458439187399744,0.728022177525002,,16.0
lithography,NSGA2,2,16,0.7472801235443296,0.7212343761549389,,20.0
lithography,NSGA2,2,17,0.7472801235443296,0.7253144486885338,,33.0
lithography,NSGA2,2,18,0.7472801235443296,0.7237116668316212,,55.0
lithography,NSGA2,2,19,0.7472801235443296,0.7200063830586352,,80.0
lithography,NSGA2,2,20,0.7473624340490274,0.7202071269702942,,80.0
lithography,NSGA2,2,21,0.7473624340490274,0.7204068420006443,,80.0
lithography,NSGA2,2,22,0.7473624340490274,0.7201948856280989,,80.0
lithography,NSGA2,2,23,0.7473624340490274,0.7208062720613448,,80.0
lithography,NSGA2,2,24,0.7473624340490274,0.7200179386337296,,80.0
lithography,NSGA2,2,25,0.7477484828897092,0.7191017004058529,,80.0
lithography,NSGA2,2,26,0.7477484828897092,0.7173170613665938,,80.0
lithography,NSGA2,2,27,0.7477484828897092,0.7142789130478291,,80.0
lithography,NSGA2,2,28,0.7477484828897092,0.7119498721949042,,80.0
lithography,NSGA2,2,29,0.7477484828897092,0.713796272836837,,80.0
lithography,NSGA2,2,30,0.7477484828897092,0.71410196605346,,80.0
lithography,NSGA2,2,31,0.7477484828897092,0.7116267146191798,,80.0
lithography,NSGA2,2,32,0.7477484828897092,0.7094362586688424,,80.0
lithography,NSGA2,2,33,0.7477484828897092,0.7069668617263796,,80.0
lithography,NSGA2,2,34,0.7477484828897092,0.7070747102159529,,80.0
lithography,NSGA2,2,35,0.7477484828897092,0.7096034660992279,,80.0
lithography,NSGA2,2,36,0.7477484828897092,0.7063573455964344,,80.0
lithography,NSGA2,2,37,0.7477484828897092,0.7026553371071461,,80.0
lithography,NSGA2,2,38,0.7477484828897092,0.7010553698573743,,80.0
lithography,NSGA2,2,39,0.7477484828897092,0.7000381665130501,,80.0
lithography,NSGA2,2,40,0.7477484828897092,0.7014519980194068,,80.0
lithography,NSGA2,2,41,0.7477484828897092,0.6986501556358237,,80.0
lithography,NSGA2,2,42,0.7477484828897092,0.6995988112902898,,80.0
lithography,NSGA2,2,43,0.7477484828897092,0.6988814466707713,,80.0
lithography,NSGA2,2,44,0.7477484828897092,0.6995779135576095,,80.0
lithography,NSGA2,2,45,0.7477484828897092,0.6986409668867779,,80.0
lithography,NSGA2,2,46,0.7477484828897092,0.7008698840452473,,80.0
lithography,NSGA2,2,47,0.7477484828897092,0.7004640671341689,,80.0
lithography,NSGA2,2,48,0.7477484828897092,0.7019697651813026,,80.0
lithography,NSGA2,2,49,0.7477484828897092,0.7011464223755113,,80.0
lithography,NSGA2,2,50,0.7477484828897092,0.7008407291588883,,80.0
lithography,NSGA2,2,51,0.7477484828897092,0.699035192386949,,80.0
lithography,NSGA2,2,52,0.7477484828897092,0.6975085966071352,,80.0
lithography,NSGA2,2,53,0.7477484828897092,0.6936195136664983,,80.0
lithography,NSGA2,2,54,0.7477484828897092,0.6950808960136826,,80.0
lithography,NSGA2,2,55,0.7477484828897092,0.6979945710753558,,80.0
lithography,NSGA2,2,56,0.7477484828897092,0.7008081224425735,,80.0
lithography,NSGA2,2,57,0.7477484828897092,0.7004023055314952,,80.0
lithography,NSGA2,2,58,0.7477484828897092,0.7018102825460348,,80.0
lithography,NSGA2,2,59,0.7477484828897092,0.7044182643910851,,80.0
lithography,NSGA2,2,60,0.7477484828897092,0.7011662893964742,,80.0
lithography,NSGA2,2,61,0.7477484828897092,0.6996931980656554,,80.0
lithography,NSGA2,2,62,0.7477484828897092,0.6984931932351446,,80.0
lithography,NSGA2,2,63,0.7477484828897092,0.7025008949410558,,80.0
lithography,NSGA2,2,64,0.7477484828897092,0.7025276471655534,,80.0
lithography,NSGA2,2,65,0.7477484828897092,0.7000047457740954,,80.0
lithography,NSGA2,2,66,0.7477484828897092,0.7008013363553893,,80.0
lithography,NSGA2,2,67,0.7477484828897092,0.7001840954303262,,80.0
lithography,NSGA2,2,68,0.7477484828897092,0.6982399737557994,,80.0
lithography,NSGA2,2,69,0.7477484828897092,0.6953262986941262,,80.0
lithography,NSGA2,2,70,0.7477484828897092,0.6968528944739402,,80.0
lithography,NSGA2,2,71,0.7477484828897092,0.6991027093650898,,80.0
lithography,NSGA2,2,72,0.7477484828897092,0.7009467073451611,,80.0
lithography,NSGA2,2,73,0.7477484828897092,0.7005943948830776,,80.0
lithography,NSGA2,2,74,0.7477484828897092,0.699394390052567,,80.0
lithography,NSGA2,2,75,0.7477484828897092,0.7015848460029044,,80.0
lithography,NSGA2,2,76,0.7477484828897092,0.7034905064692991,,80.0
lithography,NSGA2,2,77,0.7477484828897092,0.7013734219889198,,80.0
lithography,NSGA2,2,78,0.7477484828897092,0.6991562138140848,,80.0
lithography,NSGA2,2,79,0.7477484828897092,0.6994351548062102,,80.0
lithography,NSGA2,2,80,0.7477484828897092,0.6994084025817127,,80.0
lithography,NSGA2,2,81,0.7477484828897092,0.699108563856907,,80.0
lithography,NSGA2,2,82,0.7477484828897092,0.7008932028961661,,80.0
lithography,NSGA2,2,83,0.7477484828897092,0.700893202896166,,80.0
lithography,NSGA2,2,84,0.7477484828897092,0.7038068779578392,,80.0
lithography,NSGA2,2,85,0.7477484828897092,0.7017759046427695,,80.0
lithography,NSGA2,2,86,0.7477484828897092,0.7011586637177065,,80.0
lithography,NSGA2,2,87,0.7477484828897092,0.6993414179621327,,80.0
lithography,NSGA2,2,88,0.7477484828897092,0.6967066838925848,,80.0
lithography,NSGA2,2,89,0.7477484828897092,0.695180088112771,,80.0
lithography,NSGA2,2,90,0.7477484828897092,0.6919607198344749,,80.0
lithography,NSGA2,2,91,0.7477484828897092,0.6912701074394538,,80.0
lithography,NSGA2,2,92,0.7477484828897092,0.6956370068109831,,80.0
lithography,NSGA2,2,93,0.7477484828897092,0.69551013089203,,80.0
lithography,NSGA2,2,94,0.7477484828897092,0.6925312423977272,,80.0
lithography,NSGA2,2,95,0.7477484828897092,0.69281603788167,,80.0
lithography,NSGA2,2,96,0.7477484828897092,0.6928427901061674,,80.0
lithography,NSGA2,2,97,0.7477484828897092,0.692125425486649,,80.0
lithography,NSGA2,2,98,0.7477484828897092,0.6953832549730771,,80.0
lithography,NSGA2,2,99,0.7477484828897092,0.6925429513813619,,80.0
lithography,NSGA2,2,100,0.7477484828897092,0.6922255491811045,,80.0
lithography,NSGA2,2,101,0.7477484828897092,0.6941429186311338,,80.0
lithography,NSGA2,2,102,0.7477484828897092,0.6966775290062259,,80.0
lithography,NSGA2,2,103,0.7477484828897092,0.6966775290062259,,80.0
lithography,NSGA2,2,104,0.7477484828897092,0.6962984643196451,,80.0
lithography,NSGA2,2,105,0.7477484828897092,0.6977122958260019,,80.0
lithography,NSGA2,2,106,0.7477484828897092,0.7024699688677465,,80.0
lithography,NSGA2,2,107,0.7477484828897092,0.7046813225507641,,80.0
lithography,NSGA2,2,108,0.7477484828897092,0.7028757857788248,,80.0
lithography,NSGA2,2,109,0.7477484828897092,0.7025433403377044,,80.0
lithography,NSGA2,2,110,0.7477484828897092,0.7006993423576331,,80.0
lithography,NSGA2,2,111,0.7477484828897092,0.7010376422905708,,80.0
lithography,NSGA2,2,112,0.7477484828897092,0.7006318253794923,,80.0
lithography,NSGA2,2,113,0.7477484828897092,0.699258857743129,,80.0
lithography,NSGA2,2,114,0.7477484828897092,0.6999820768544648,,80.0
lithography,NSGA2,2,115,0.7477484828897092,0.6977205529796806,,80.0
lithography,NSGA2,2,116,0.7477484828897092,0.7006283735495366,,80.0
lithography,NSGA2,2,117,0.7477484828897092,0.7008280885798868,,80.0
lithography,NSGA2,2,118,0.7477484828897092,0.6975435068689612,,80.0
lithography,NSGA2,2,119,0.7477484828897092,0.6990701026487749,,80.0
lithography,NSGA2,2,120,0.7477484828897092,0.6964679752955419,,80.0
lithography,NSGA2,2,121,0.7477484828897092,0.6991294615895873,,80.0
lithography,NSGA2,2,122,0.7477484828897092,0.7019430129568051,,80.0
lithography,NSGA2,2,123,0.7477484828897092,0.6980062800589903,,80.0
lithography,NSGA2,2,124,0.7477484828897092,0.7012582550536013,,80.0
lithography,NSGA2,2,125,0.7477484828897092,0.7103885828423419,,80.0
lithography,NSGA2,2,126,0.7477484828897092,0.7102558524315716,,80.0
lithography,NSGA2,2,127,0.7477484828897092,0.7080001830486047,,80.0
lithography,NSGA2,2,128,0.7477484828897092,0.7088561325707108,,80.0
lithography,NSGA2,2,129,0.7477484828897092,0.7125197789682173,,80.0
lithography,NSGA2,2,130,0.7477484828897092,0.7107351399289582,,80.0
lithography,NSGA2,2,131,0.7477484828897092,0.7129640570874276,,80.0
lithography,NSGA2,2,132,0.7477484828897092,0.7132371435877358,,80.0
lithography,NSGA2,2,133,0.7477484828897092,0.713948653715437,,80.0
lithography,NSGA2,2,134,0.7477484828897092,0.7164774095987122,,80.0
lithography,NSGA2,2,135,0.7477484828897092,0.7167622050826548,,80.0
lithography,NSGA2,2,136,0.7477484828897092,0.7174795697021734,,80.0
lithography,NSGA2,2,137,0.7477484828897092,0.7152565070355212,,80.0
lithography,NSGA2,2,138,0.7477484828897092,0.7178178696351111,,80.0
lithography,NSGA2,2,139,0.7477484828897092,0.7174120527240326,,80.0
lithography,NSGA2,2,140,0.7477484828897092,0.7174446594403474,,80.0
lithography,NSGA2,2,141,0.7477484828897092,0.7156332681765909,,80.0
lithography,NSGA2,2,142,0.7477484828897092,0.7131580167423108,,80.0
lithography,NSGA2,2,143,0.7477484828897092,0.7118384544385922,,80.0
lithography,NSGA2,2,144,0.7477484828897092,0.709688763241898,,80.0
lithography,NSGA2,2,145,0.7477484828897092,0.7122175191251732,,80.0
lithography,NSGA2,2,146,0.7477484828897092,0.7099677042340233,,80.0
lithography,NSGA2,2,147,0.7477484828897092,0.7070005247233551,,80.0
lithography,NSGA2,2,148,0.7477484828897092,0.7033368783258487,,80.0
lithography,NSGA2,2,149,0.7477484828897092,0.7012197938454692,,80.0
lithography,NSGA2,2,150,0.7477484828897092,0.7066680792822349,,80.0
lithography,NSGA2,2,151,0.7477484828897092,0.7096026520765882,,80.0
lithography,NSGA2,2,152,0.7477484828897092,0.7085737397486296,,80.0
lithography,NSGA2,2,153,0.7477484828897092,0.7124837204219467,,80.0
lithography,NSGA2,2,154,0.7477484828897092,0.7099549645386716,,80.0
lithography,NSGA2,2,155,0.7477484828897092,0.7084818732078528,,80.0
lithography,NSGA2,2,156,0.7477484828897092,0.7065436060251432,,80.0
lithography,NSGA2,2,157,0.7477484828897092,0.7033242377468472,,80.0
lithography,NSGA2,2,158,0.7477484828897092,0.7058529936301221,,80.0
lithography,NSGA2,2,159,0.7477484828897092,0.7055205481890019,,80.0
lithography,NSGA2,2,160,0.7477484828897092,0.7048299357939808,,80.0
lithography,NSGA2,2,161,0.7477484828897092,0.7043856576747703,,80.0
lithography,NSGA2,2,162,0.7477484828897092,0.702773981441364,,80.0
lithography,NSGA2,2,163,0.7477484828897092,0.7006510424691673,,80.0
lithography,NSGA2,2,164,0.7477484828897092,0.7035973242471553,,80.0
lithography,NSGA2,2,165,0.7477484828897092,0.7006777946936648,,80.0
lithography,NSGA2,2,166,0.7477484828897092,0.7003045844989012,,80.0
lithography,NSGA2,2,167,0.7477484828897092,0.7003313367233988,,80.0
lithography,NSGA2,2,168,0.7477484828897092,0.7003045844989012,,80.0
lithography,NSGA2,2,169,0.7477484828897092,0.700298730007084,,80.0
lithography,NSGA2,2,170,0.7477484828897092,0.7024891859574214,,80.0
lithography,NSGA2,2,171,0.7477484828897092,0.7028741051358194,,80.0
lithography,NSGA2,2,172,0.7477484828897092,0.7050704155779741,,80.0
lithography,NSGA2,2,173,0.7477484828897092,0.7025149074702016,,80.0
lithography,NSGA2,2,174,0.7477484828897092,0.702268573194391,,80.0
lithography,NSGA2,2,175,0.7477484828897092,0.6993222914164029,,80.0
lithography,NSGA2,2,176,0.7477484828897092,0.7015453540830551,,80.0
lithography,NSGA2,2,177,0.7477484828897092,0.6993105824327684,,80.0
lithography,NSGA2,2,178,0.7477484828897092,0.6990374959324603,,80.0
lithography,NSGA2,2,179,0.7477484828897092,0.6990316414406431,,80.0
lithography,NSGA2,2,180,0.7477484828897092,0.6963969073710953,,80.0
lithography,NSGA2,2,181,0.7477484828897092,0.696775972057676,,80.0
lithography,NSGA2,2,182,0.7477484828897092,0.6965296377818654,,80.0
lithography,NSGA2,2,183,0.7477484828897092,0.6965087400491852,,80.0
lithography,NSGA2,2,184,0.7477484828897092,0.6954798277212264,,80.0
lithography,NSGA2,2,185,0.7477484828897092,0.6918872492481667,,80.0
lithography,NSGA2,2,186,0.7477484828897092,0.6941370641393164,,80.0
lithography,NSGA2,2,187,0.7477484828897092,0.6962600031115131,,80.0
lithography,NSGA2,2,188,0.7477484828897092,0.6969773677310317,,80.0
lithography,NSGA2,2,189,0.7477484828897092,0.6995061236143068,,80.0
lithography,NSGA2,2,190,0.7477484828897092,0.6998176713227469,,80.0
lithography,NSGA2,2,191,0.7477484828897092,0.6972830609476546,,80.0
lithography,NSGA2,2,192,0.7477484828897092,0.6982584688266182,,80.0
lithography,NSGA2,2,193,0.7477484828897092,0.6971376899578827,,80.0
lithography,NSGA2,2,194,0.7477484828897092,0.6996187958839801,,80.0
lithography,NSGA2,2,195,0.7477484828897092,0.7018686107751297,,80.0
lithography,NSGA2,2,196,0.7477484828897092,0.701451084880417,,80.0
lithography,NSGA2,2,197,0.7477484828897092,0.6996931980656553,,80.0
lithography,NSGA2,2,198,0.7477484828897092,0.6994025480898955,,80.0
lithography,NSGA2,2,199,0.7477484828897092,0.6984062424782514,,80.0
lithography,NSGA2,2,200,0.7477484828897092,0.6983002642919788,,80.0
lithography,NSGA2,3,0,0.7001265536850962,0.5731746553115449,,5.0
lithography,NSGA2,3,1,0.7073619651954652,0.6280610162459009,,5.0
lithography,NSGA2,3,2,0.711121861140749,0.6434745244949089,,3.0
lithography,NSGA2,3,3,0.7157458154385326,0.6423382765152337,,5.0
lithography,NSGA2,3,4,0.7157458154385326,0.6602826192202699,,5.0
lithography,NSGA2,3,5,0.7182757656411431,0.6664082058046806,,3.0
lithography,NSGA2,3,6,0.724445164396946,0.6685756906465693,,3.0
lithography,NSGA2,3,7,0.7283946758483733,0.6802103800405332,,3.0
lithography,NSGA2,3,8,0.7283946758483733,0.6814097026433068,,3.0
lithography,NSGA2,3,9,0.7333389492239406,0.67358696960032,,3.0
lithography,NSGA2,3,10,0.7383441766342357,0.679229340908947,,3.0
lithography,NSGA2,3,11,0.7424218883465392,0.6741607123270523,,5.0
lithography,NSGA2,3,12,0.7440154385224942,0.677947610071177,,4.0
lithography,NSGA2,3,13,0.7446023054822932,0.6961016766159798,,4.0
lithography,NSGA2,3,14,0.7467449902974566,0.7098393622121861,,3.0
lithography,NSGA2,3,15,0.747975805890602,0.7128412652702958,,3.0
lithography,NSGA2,3,16,0.7491103516308899,0.7174958292786285,,4.0
lithography,NSGA2,3,17,0.7491103516308899,0.7172257460156318,,10.0
lithography,NSGA2,3,18,0.7495967230628181,0.7192476493332745,,19.0
lithography,NSGA2,3,19,0.7495967230628181,0.7116918253092903,,27.0
lithography,NSGA2,3,20,0.7495967230628181,0.7070266969589094,,42.0
lithography,NSGA2,3,21,0.7495967230628181,0.7034306960660234,,68.0
lithography,NSGA2,3,22,0.7495967230628181,0.7128074234294415,,80.0
lithography,NSGA2,3,23,0.7495967230628181,0.7073147858353239,,80.0
lithography,NSGA2,3,24,0.7495967230628181,0.7079717493675789,,80.0
lithography,NSGA2,3,25,0.7495967230628181,0.7059304009987855,,80.0
lithography,NSGA2,3,26,0.7495967230628181,0.7063948070010344,,80.0
lithography,NSGA2,3,27,0.7495967230628181,0.7048022226113769,,80.0
lithography,NSGA2,3,28,0.7495967230628181,0.7036103953048447,,80.0
lithography,NSGA2,3,29,0.7495967230628181,0.70431536573311,,80.0
lithography,NSGA2,3,30,0.7495967230628181,0.7043633726291205,,80.0
lithography,NSGA2,3,31,0.7495967230628181,0.7030494455646104,,80.0
lithography,NSGA2,3,32,0.7495967230628181,0.7005749752397943,,80.0
lithography,NSGA2,3,33,0.7495967230628181,0.7006229821358045,,80.0
lithography,NSGA2,3,34,0.7495967230628181,0.6983410693409947,,80.0
lithography,NSGA2,3,35,0.7495967230628181,0.6987418264241201,,80.0
lithography,NSGA2,3,36,0.7495967230628181,0.6946434876634202,,80.0
lithography,NSGA2,3,37,0.7495967230628181,0.6930028963777523,,80.0
lithography,NSGA2,3,38,0.7495967230628181,0.6907053415598293,,80.0
lithography,NSGA2,3,39,0.7495967230628181,0.6888565507210421,,80.0
lithography,NSGA2,3,40,0.7495967230628181,0.6876647234145098,,80.0
lithography,NSGA2,3,41,0.7495967230628181,0.6888340998450243,,80.0
lithography,NSGA2,3,42,0.7495967230628181,0.6867447445802204,,80.0
lithography,NSGA2,3,43,0.7495967230628181,0.6828389633495268,,80.0
lithography,NSGA2,3,44,0.7495967230628181,0.6823521064712599,,80.0
lithography,NSGA2,3,45,0.7495967230628181,0.6842489042060576,,80.0
lithography,NSGA2,3,46,0.7495967230628181,0.6886034494158871,,80.0
lithography,NSGA2,3,47,0.7495967230628181,0.6911572106829398,,80.0
lithography,NSGA2,3,48,0.7495967230628181,0.6913497682129459,,80.0
lithography,NSGA2,3,49,0.7495967230628181,0.689548984270169,,80.0
lithography,NSGA2,3,50,0.7495967230628181,0.6898051907192986,,80.0
lithography,NSGA2,3,51,0.7495967230628181,0.689853197615309,,80.0
lithography,NSGA2,3,52,0.7495967230628181,0.687555642797386,,80.0
lithography,NSGA2,3,53,0.7495967230628181,0.6886994632079079,,80.0
lithography,NSGA2,3,54,0.7495967230628181,0.6932945728437538,,80.0
lithography,NSGA2,3,55,0.7495967230628181,0.6925415955194781,,80.0
lithography,NSGA2,3,56,0.7495967230628181,0.6913497682129459,,80.0
lithography,NSGA2,3,57,0.7495967230628181,0.6906928046806907,,80.0
lithography,NSGA2,3,58,0.7495967230628181,0.6925896024154884,,80.0
lithography,NSGA2,3,59,0.7495967230628181,0.6907408115767012,,80.0
lithography,NSGA2,3,60,0.7495967230628181,0.6934547655008628,,80.0
lithography,NSGA2,3,61,0.7495967230628181,0.6893084198441526,,80.0
lithography,NSGA2,3,62,0.7495967230628181,0.689356426740163,,80.0
lithography,NSGA2,3,63,0.7495967230628181,0.689052213395023,,80.0
lithography,NSGA2,3,64,0.7495967230628181,0.6858414885957151,,80.0
lithography,NSGA2,3,65,0.7495967230628181,0.6842489042060576,,80.0
lithography,NSGA2,3,66,0.7495967230628181,0.6845051106551872,,80.0
lithography,NSGA2,3,67,0.7495967230628181,0.687715835454495,,80.0
lithography,NSGA2,3,68,0.7495967230628181,0.6819993562841449,,80.0
lithography,NSGA2,3,69,0.7495967230628181,0.6804547787904976,,80.0
lithography,NSGA2,3,70,0.7495967230628181,0.6785579810557001,,80.0
lithography,NSGA2,3,71,0.7495967230628181,0.685258087979463,,80.0
lithography,NSGA2,3,72,0.7495967230628181,0.6836655035898053,,80.0
lithography,NSGA2,3,73,0.7495967230628181,0.6804547787904976,,80.0
lithography,NSGA2,3,74,0.7495967230628181,0.6778530106274346,,80.0
lithography,NSGA2,3,75,0.7495967230628181,0.6829605331615399,,80.0
lithography,NSGA2,3,76,0.7495967230628181,0.6822555627332745,,80.0
lithography,NSGA2,3,77,0.7495967230628181,0.6801505654453577,,80.0
lithography,NSGA2,3,78,0.7495967230628181,0.6824481202632807,,80.0
lithography,NSGA2,3,79,0.7495967230628181,0.6840887115489487,,80.0
lithography,NSGA2,3,80,0.7495967230628181,0.6861076090417242,,80.0
lithography,NSGA2,3,81,0.7495967230628181,0.6854506455094691,,80.0
lithography,NSGA2,3,82,0.7495967230628181,0.6833456482215523,,80.0
lithography,NSGA2,3,83,0.7495967230628181,0.6853546317174484,,80.0
lithography,NSGA2,3,84,0.7495967230628181,0.6854026386134588,,80.0
lithography,NSGA2,3,85,0.7495967230628181,0.6839446908609175,,80.0
lithography,NSGA2,3,86,0.7495967230628181,0.681887700469011,,80.0
lithography,NSGA2,3,87,0.7495967230628181,0.6847462050271684,,80.0
lithography,NSGA2,3,88,0.7495967230628181,0.6840892414949133,,80.0
lithography,NSGA2,3,89,0.7495967230628181,0.6865469889699453,,80.0
lithography,NSGA2,3,90,0.7495967230628181,0.6819362373109861,,80.0
lithography,NSGA2,3,91,0.7495967230628181,0.6769403705920146,,80.0
lithography,NSGA2,3,92,0.7495967230628181,0.6775973341242697,,80.0
lithography,NSGA2,3,93,0.7495967230628181,0.6766617132668672,,80.0
lithography,NSGA2,3,94,0.7495967230628181,0.6764535137137478,,80.0
lithography,NSGA2,3,95,0.7495967230628181,0.6767577270588878,,80.0
lithography,NSGA2,3,96,0.7495967230628181,0.6788627243468047,,80.0
lithography,NSGA2,3,97,0.7495967230628181,0.6751552286723509,,80.0
lithography,NSGA2,3,98,0.7495967230628181,0.6843610899671562,,80.0
lithography,NSGA2,3,99,0.7495967230628181,0.6846172964162858,,80.0
lithography,NSGA2,3,100,0.7495967230628181,0.6802627512064563,,80.0
lithography,NSGA2,3,101,0.7495967230628181,0.684665303312296,,80.0
lithography,NSGA2,3,102,0.7495967230628181,0.6824157553903835,,80.0
lithography,NSGA2,3,103,0.7495967230628181,0.6803587649984768,,80.0
lithography,NSGA2,3,104,0.7495967230628181,0.6799100010193412,,80.0
lithography,NSGA2,3,105,0.7495967230628181,0.6782694097336732,,80.0
lithography,NSGA2,3,106,0.7495967230628181,0.6826719618395132,,80.0
lithography,NSGA2,3,107,0.7495967230628181,0.6824157553903835,,80.0
lithography,NSGA2,3,108,0.7495967230628181,0.6850175235534465,,80.0
lithography,NSGA2,3,109,0.7495967230628181,0.685915051511718,,80.0
lithography,NSGA2,3,110,0.7495967230628181,0.6884208058827603,,80.0
lithography,NSGA2,3,111,0.7495967230628181,0.6855142944285927,,80.0
lithography,NSGA2,3,112,0.7495967230628181,0.682800340504431,,80.0
lithography,NSGA2,3,113,0.7495967230628181,0.6805507925825184,,80.0
lithography,NSGA2,3,114,0.7495967230628181,0.6807589921356376,,80.0
lithography,NSGA2,3,115,0.7495967230628181,0.6784938021906118,,80.0
lithography,NSGA2,3,116,0.7495967230628181,0.6785418090866222,,80.0
lithography,NSGA2,3,117,0.7495967230628181,0.6800863865802695,,80.0
lithography,NSGA2,3,118,0.7495967230628181,0.6862260737097627,,80.0
lithography,NSGA2,3,119,0.7495967230628181,0.6848416888732245,,80.0
lithography,NSGA2,3,120,0.7495967230628181,0.6872994363482563,,80.0
lithography,NSGA2,3,121,0.7495967230628181,0.6891482271870436,,80.0
lithography,NSGA2,3,122,0.7495967230628181,0.689356426740163,,80.0
lithography,NSGA2,3,123,0.7495967230628181,0.6921507524332321,,80.0
lithography,NSGA2,3,124,0.7495967230628181,0.6978896824795999,,80.0
lithography,NSGA2,3,125,0.7495967230628181,0.6958483341108066,,80.0
lithography,NSGA2,3,126,0.7495967230628181,0.6980978820327193,,80.0
lithography,NSGA2,3,127,0.7495967230628181,0.6981458889287296,,80.0
lithography,NSGA2,3,128,0.7495967230628181,0.6961369054328335,,80.0
lithography,NSGA2,3,129,0.7495967230628181,0.6932303939786657,,80.0
lithography,NSGA2,3,130,0.7495967230628181,0.6922848591243838,,80.0
lithography,NSGA2,3,131,0.7495967230628181,0.6920766595712644,,80.0
lithography,NSGA2,3,132,0.7495967230628181,0.6922848591243838,,80.0
lithography,NSGA2,3,133,0.7495967230628181,0.689731097857331,,80.0
lithography,NSGA2,3,134,0.7495967230628181,0.6906286258156026,,80.0
lithography,NSGA2,3,135,0.7495967230628181,0.6883310709976797,,80.0
lithography,NSGA2,3,136,0.7495967230628181,0.6866904797120117,,80.0
lithography,NSGA2,3,137,0.7495967230628181,0.68807486454855,,80.0
lithography,NSGA2,3,138,0.7495967230628181,0.6887798349768154,,80.0
lithography,NSGA2,3,139,0.7495967230628181,0.6855691101775078,,80.0
lithography,NSGA2,3,140,0.7495967230628181,0.688731828080805,,80.0
lithography,NSGA2,3,141,0.7495967230628181,0.6889880345299346,,80.0
lithography,NSGA2,3,142,0.7495967230628181,0.690836825368722,,80.0
lithography,NSGA2,3,143,0.7495967230628181,0.688090506571663,,80.0
lithography,NSGA2,3,144,0.7495967230628181,0.6855367453046104,,80.0
lithography,NSGA2,3,145,0.7495967230628181,0.6832391904866875,,80.0
lithography,NSGA2,3,146,0.7495967230628181,0.6850879813254747,,80.0
lithography,NSGA2,3,147,0.7495967230628181,0.6855367453046105,,80.0
lithography,NSGA2,3,148,0.7495967230628181,0.6896830909613206,,80.0
lithography,NSGA2,3,149,0.7495967230628181,0.6874820798813831,,80.0
lithography,NSGA2,3,150,0.7495967230628181,0.6881390434136382,,80.0
lithography,NSGA2,3,151,0.7495967230628181,0.6863058945979641,,80.0
lithography,NSGA2,3,152,0.7495967230628181,0.6835439337777921,,80.0
lithography,NSGA2,3,153,0.7495967230628181,0.6879464858836319,,80.0
lithography,NSGA2,3,154,0.7495967230628181,0.6876902794345023,,80.0
lithography,NSGA2,3,155,0.7495967230628181,0.6860976950448447,,80.0
lithography,NSGA2,3,156,0.7495967230628181,0.6911572106829398,,80.0
lithography,NSGA2,3,157,0.7495967230628181,0.6900514831715489,,80.0
lithography,NSGA2,3,158,0.7495967230628181,0.6903076896206786,,80.0
lithography,NSGA2,3,159,0.7495967230628181,0.6882663412518852,,80.0
lithography,NSGA2,3,160,0.7495967230628181,0.6876573846156404,,80.0
lithography,NSGA2,3,161,0.7495967230628181,0.69201192982547,,80.0
lithography,NSGA2,3,162,0.7495967230628181,0.6910507529480749,,80.0
lithography,NSGA2,3,163,0.7495967230628181,0.6914515100312004,,80.0
lithography,NSGA2,3,164,0.7495967230628181,0.6924126869085955,,80.0
lithography,NSGA2,3,165,0.7495967230628181,0.6894581685584174,,80.0
lithography,NSGA2,3,166,0.7495967230628181,0.6892019621092877,,80.0
lithography,NSGA2,3,167,0.7495967230628181,0.6871606137404942,,80.0
lithography,NSGA2,3,168,0.7495967230628181,0.6846068524734417,,80.0
lithography,NSGA2,3,169,0.7495967230628181,0.685311822901707,,80.0
lithography,NSGA2,3,170,0.7495967230628181,0.6850556164525774,,80.0
lithography,NSGA2,3,171,0.7495967230628181,0.6855043804317132,,80.0
lithography,NSGA2,3,172,0.7495967230628181,0.6862093508599786,,80.0
lithography,NSGA2,3,173,0.7495967230628181,0.6868663143922337,,80.0
lithography,NSGA2,3,174,0.7495967230628181,0.6818067987541387,,80.0
lithography,NSGA2,3,175,0.7495967230628181,0.6792149445879551,,80.0
lithography,NSGA2,3,176,0.7495967230628181,0.681319941875872,,80.0
lithography,NSGA2,3,177,0.7495967230628181,0.6781092170765642,,80.0
lithography,NSGA2,3,178,0.7495967230628181,0.6763564400297977,,80.0
lithography,NSGA2,3,179,0.7495967230628181,0.6742034358458705,,80.0
lithography,NSGA2,3,180,0.7495967230628181,0.676757197112923,,80.0
lithography,NSGA2,3,181,0.7495967230628181,0.6787985454817165,,80.0
lithography,NSGA2,3,182,0.7495967230628181,0.6812562929567485,,80.0
lithography,NSGA2,3,183,0.7495967230628181,0.6837620473277909,,80.0
lithography,NSGA2,3,184,0.7495967230628181,0.6863158085948434,,80.0
lithography,NSGA2,3,185,0.7495967230628181,0.6856108381665781,,80.0
lithography,NSGA2,3,186,0.7495967230628181,0.6833612902446654,,80.0
lithography,NSGA2,3,187,0.7495967230628181,0.6810157285307319,,80.0
lithography,NSGA2,3,188,0.7495967230628181,0.6833612902446653,,80.0
lithography,NSGA2,3,189,0.7495967230628181,0.6907183607006834,,80.0
lithography,NSGA2,3,190,0.7495967230628181,0.690670353804673,,80.0
lithography,NSGA2,3,191,0.7495967230628181,0.6907183607006834,,80.0
lithography,NSGA2,3,192,0.7495967230628181,0.6907183607006834,,80.0
lithography,NSGA2,3,193,0.7495967230628181,0.6907663675966937,,80.0
lithography,NSGA2,3,194,0.7495967230628181,0.688020048799635,,80.0
lithography,NSGA2,3,195,0.7495967230628181,0.6899168465344326,,80.0
lithography,NSGA2,3,196,0.7495967230628181,0.6915574378201004,,80.0
lithography,NSGA2,3,197,0.7495967230628181,0.6906119029658185,,80.0
lithography,NSGA2,3,198,0.7495967230628181,0.6894200756592863,,80.0
lithography,NSGA2,3,199,0.7495967230628181,0.6917176304772095,,80.0
lithography,NSGA2,3,200,0.7495967230628181,0.6889076627610271,,80.0
lithography,NSGA2,4,0,0.7010931906821258,0.5984633477770229,,5.0
lithography,NSGA2,4,1,0.7038308227870131,0.6424081051015348,,4.0
lithography,NSGA2,4,2,0.7054568038709372,0.6644873431828933,,4.0
lithography,NSGA2,4,3,0.7096148025271367,0.6746081957833625,,2.0
lithography,NSGA2,4,4,0.714559834416953,0.6885483605044087,,6.0
lithography,NSGA2,4,5,0.7191958515588374,0.6880847315567775,,4.0
lithography,NSGA2,4,6,0.7201755284272974,0.7004537686671147,,1.0
lithography,NSGA2,4,7,0.7315136716477113,0.6958106596030821,,1.0
lithography,NSGA2,4,8,0.7315136716477113,0.709881500675446,,3.0
lithography,NSGA2,4,9,0.7336183843507889,0.7077138738868376,,1.0
lithography,NSGA2,4,10,0.7384479719539561,0.7128451751999402,,5.0
lithography,NSGA2,4,11,0.7384479719539561,0.7035109544968698,,5.0
lithography,NSGA2,4,12,0.7403005318129703,0.7154964271941371,,3.0
lithography,NSGA2,4,13,0.7430451676130627,0.7089731353863546,,7.0
lithography,NSGA2,4,14,0.7430451676130627,0.7134510437680798,,10.0
lithography,NSGA2,4,15,0.7438247575818531,0.7102829618464297,,11.0
lithography,NSGA2,4,16,0.7438247575818531,0.7108804980142516,,19.0
lithography,NSGA2,4,17,0.7438247575818531,0.7028065272406782,,34.0
lithography,NSGA2,4,18,0.7438247575818531,0.7085348402064702,,60.0
lithography,NSGA2,4,19,0.7438247575818531,0.7010203711548402,,80.0
lithography,NSGA2,4,20,0.7438247575818531,0.7012797115088512,,80.0
lithography,NSGA2,4,21,0.7438247575818531,0.7154288864661129,,80.0
lithography,NSGA2,4,22,0.7438247575818531,0.7158585377771493,,80.0
lithography,NSGA2,4,23,0.7438247575818531,0.7161178781311601,,80.0
lithography,NSGA2,4,24,0.7438247575818531,0.7162419305504604,,80.0
lithography,NSGA2,4,25,0.7438247575818531,0.7176549369028694,,80.0
lithography,NSGA2,4,26,0.7438247575818531,0.718361440079074,,80.0
lithography,NSGA2,4,27,0.7438247575818531,0.7181911291220485,,80.0
lithography,NSGA2,4,28,0.7438247575818531,0.7195866239633002,,80.0
lithography,NSGA2,4,29,0.7438247575818531,0.7198809873396259,,80.0
lithography,NSGA2,4,30,0.7438247575818531,0.7194513360285897,,80.0
lithography,NSGA2,4,31,0.7438247575818531,0.7187956849969976,,80.0
lithography,NSGA2,4,32,0.7438247575818531,0.7195180172954998,,80.0
lithography,NSGA2,4,33,0.7438247575818531,0.7210867343118045,,80.0
lithography,NSGA2,4,34,0.7438247575818531,0.722774910140522,,80.0
lithography,NSGA2,4,35,0.7438247575818531,0.7223785994629408,,80.0
lithography,NSGA2,4,36,0.7438247575818531,0.724513938113852,,80.0
lithography,NSGA2,4,37,0.7438247575818531,0.7253603228316544,,80.0
lithography,NSGA2,4,38,0.7438247575818531,0.7253252998093396,,80.0
lithography,NSGA2,4,39,0.7438247575818531,0.7256354923079631,,80.0
lithography,NSGA2,4,40,0.7438247575818531,0.7242558265890091,,80.0
lithography,NSGA2,4,41,0.7438247575818531,0.7255143511066904,,80.0
lithography,NSGA2,4,42,0.7438247575818531,0.724874529197396,,80.0
lithography,NSGA2,4,43,0.7438247575818531,0.7244448778863599,,80.0
lithography,NSGA2,4,44,0.7438247575818531,0.7241330029988767,,80.0
lithography,NSGA2,4,45,0.7438247575818531,0.7207726664106088,,80.0
lithography,NSGA2,4,46,0.7438247575818531,0.7207901779217661,,80.0
lithography,NSGA2,4,47,0.7438247575818531,0.7208235185552212,,80.0
lithography,NSGA2,4,48,0.7438247575818531,0.7212706813774149,,80.0
lithography,NSGA2,4,49,0.7438247575818531,0.7171546718571896,,80.0
lithography,NSGA2,4,50,0.7438247575818531,0.7180871747539499,,80.0
lithography,NSGA2,4,51,0.7438247575818531,0.7185009969426885,,80.0
lithography,NSGA2,4,52,0.7438247575818531,0.7185343375761436,,80.0
lithography,NSGA2,4,53,0.7438247575818531,0.7144516686893734,,80.0
lithography,NSGA2,4,54,0.7438247575818531,0.710092147937435,,80.0
lithography,NSGA2,4,55,0.7438247575818531,0.711226620035816,,80.0
lithography,NSGA2,4,56,0.7438247575818531,0.7126062857547699,,80.0
lithography,NSGA2,4,57,0.7438247575818531,0.7126571378993823,,80.0
lithography,NSGA2,4,58,0.7438247575818531,0.712017315990088,,80.0
lithography,NSGA2,4,59,0.7438247575818531,0.7226025028432399,,80.0
lithography,NSGA2,4,60,0.7438247575818531,0.7196464998860728,,80.0
lithography,NSGA2,4,61,0.7438247575818531,0.7196640113972302,,80.0
lithography,NSGA2,4,62,0.7438247575818531,0.7179108441942137,,80.0
lithography,NSGA2,4,63,0.7438247575818531,0.7179108441942137,,80.0
lithography,NSGA2,4,64,0.7438247575818531,0.714679671760738,,80.0
lithography,NSGA2,4,65,0.7438247575818531,0.7149706703593443,,80.0
lithography,NSGA2,4,66,0.7438247575818531,0.7128914815354068,,80.0
lithography,NSGA2,4,67,0.7438247575818531,0.7116253367958169,,80.0
lithography,NSGA2,4,68,0.7438247575818531,0.7090848384162479,,80.0
lithography,NSGA2,4,69,0.7438247575818531,0.7084116758734985,,80.0
lithography,NSGA2,4,70,0.7438247575818531,0.7059186648608224,,80.0
lithography,NSGA2,4,71,0.7438247575818531,0.7001944814146708,,80.0
lithography,NSGA2,4,72,0.7438247575818531,0.6978542698478627,,80.0
lithography,NSGA2,4,73,0.7438247575818531,0.6936080916321703,,80.0
lithography,NSGA2,4,74,0.7438247575818531,0.6910834223748991,,80.0
lithography,NSGA2,4,75,0.7438247575818531,0.6917390734064911,,80.0
lithography,NSGA2,4,76,0.7438247575818531,0.6925808645174062,,80.0
lithography,NSGA2,4,77,0.7438247575818531,0.689658202193694,,80.0
lithography,NSGA2,4,78,0.7438247575818531,0.6901387056493427,,80.0
lithography,NSGA2,4,79,0.7438247575818531,0.6901387056493427,,80.0
lithography,NSGA2,4,80,0.7438247575818531,0.691290689258881,,80.0
lithography,NSGA2,4,81,0.7438247575818531,0.6920463621908383,,80.0
lithography,NSGA2,4,82,0.7438247575818531,0.6964611689746962,,80.0
lithography,NSGA2,4,83,0.7438247575818531,0.6960140061525026,,80.0
lithography,NSGA2,4,84,0.7438247575818531,0.6930755147064929,,80.0
lithography,NSGA2,4,85,0.7438247575818531,0.693645047559127,,80.0
lithography,NSGA2,4,86,0.7438247575818531,0.6936625590702843,,80.0
lithography,NSGA2,4,87,0.7438247575818531,0.6989062390607874,,80.0
lithography,NSGA2,4,88,0.7438247575818531,0.6978051075958616,,80.0
lithography,NSGA2,4,89,0.7438247575818531,0.6978384482293165,,80.0
lithography,NSGA2,4,90,0.7438247575818531,0.6952787559497305,,80.0
lithography,NSGA2,4,91,0.7438247575818531,0.6963937836323122,,80.0
lithography,NSGA2,4,92,0.7438247575818531,0.6961186141560038,,80.0
lithography,NSGA2,4,93,0.7438247575818531,0.6961186141560038,,80.0
lithography,NSGA2,4,94,0.7438247575818531,0.69860994277982,,80.0
lithography,NSGA2,4,95,0.7438247575818531,0.6998859788086587,,80.0
lithography,NSGA2,4,96,0.7438247575818531,0.7004221710278379,,80.0
lithography,NSGA2,4,97,0.7438247575818531,0.6983429822039005,,80.0
lithography,NSGA2,4,98,0.7438247575818531,0.6990811436247002,,80.0
lithography,NSGA2,4,99,0.7438247575818531,0.6966214732454794,,80.0
lithography,NSGA2,4,100,0.7438247575818531,0.697068636067673,,80.0
lithography,NSGA2,4,101,0.7438247575818531,0.6943004555786885,,80.0
lithography,NSGA2,4,102,0.7438247575818531,0.6925122653533573,,80.0
lithography,NSGA2,4,103,0.7438247575818531,0.6907257575168858,,80.0
lithography,NSGA2,4,104,0.7438247575818531,0.6889234205581167,,80.0
lithography,NSGA2,4,105,0.7438247575818531,0.6931854278961067,,80.0
lithography,NSGA2,4,106,0.7438247575818531,0.692810236519433,,80.0
lithography,NSGA2,4,107,0.7438247575818531,0.698485250209832,,80.0
lithography,NSGA2,4,108,0.7438247575818531,0.698485250209832,,80.0
lithography,NSGA2,4,109,0.7438247575818531,0.6980889395322508,,80.0
lithography,NSGA2,4,110,0.7438247575818531,0.6953365881655641,,80.0
lithography,NSGA2,4,111,0.7438247575818531,0.6963024316957794,,80.0
lithography,NSGA2,4,112,0.7438247575818531,0.6990706121847639,,80.0
lithography,NSGA2,4,113,0.7438247575818531,0.7058256305354298,,80.0
lithography,NSGA2,4,114,0.7438247575818531,0.7055154380368064,,80.0
lithography,NSGA2,4,115,0.7438247575818531,0.7057922899019748,,80.0
lithography,NSGA2,4,116,0.7438247575818531,0.7026611393688642,,80.0
lithography,NSGA2,4,117,0.7438247575818531,0.6981222801657059,,80.0
lithography,NSGA2,4,118,0.7438247575818531,0.702417628137151,,80.0
lithography,NSGA2,4,119,0.7438247575818531,0.7024492863817462,,80.0
lithography,NSGA2,4,120,0.7438247575818531,0.6995107949357365,,80.0
lithography,NSGA2,4,121,0.7438247575818531,0.6995107949357365,,80.0
lithography,NSGA2,4,122,0.7438247575818531,0.6984957816497683,,80.0
lithography,NSGA2,4,123,0.7438247575818531,0.6987709511260769,,80.0
lithography,NSGA2,4,124,0.7438247575818531,0.699459942791124,,80.0
lithography,NSGA2,4,125,0.7438247575818531,0.7019512714149403,,80.0
lithography,NSGA2,4,126,0.7438247575818531,0.6989729203276976,,80.0
lithography,NSGA2,4,127,0.7438247575818531,0.6967567611801899,,80.0
lithography,NSGA2,4,128,0.7438247575818531,0.6986802393402316,,80.0
lithography,NSGA2,4,129,0.7438247575818531,0.6984208989862207,,80.0
lithography,NSGA2,4,130,0.7438247575818531,0.6969270721372152,,80.0
lithography,NSGA2,4,131,0.7438247575818531,0.6990062609611526,,80.0
lithography,NSGA2,4,132,0.7438247575818531,0.6957750885276768,,80.0
lithography,NSGA2,4,133,0.7438247575818531,0.6939552400577502,,80.0
lithography,NSGA2,4,134,0.7438247575818531,0.693492248113259,,80.0
lithography,NSGA2,4,135,0.7438247575818531,0.693492248113259,,80.0
lithography,NSGA2,4,136,0.7438247575818531,0.6899350615626137,,80.0
lithography,NSGA2,4,137,0.7438247575818531,0.6892110468752518,,80.0
lithography,NSGA2,4,138,0.7438247575818531,0.6907031913353976,,80.0
lithography,NSGA2,4,139,0.7438247575818531,0.6984732229720317,,80.0
lithography,NSGA2,4,140,0.7438247575818531,0.7006910645083991,,80.0
lithography,NSGA2,4,141,0.7438247575818531,0.6979562246528697,,80.0
lithography,NSGA2,4,142,0.7438247575818531,0.6997444148782009,,80.0
lithography,NSGA2,4,143,0.7438247575818531,0.6990220825796988,,80.0
lithography,NSGA2,4,144,0.7438247575818531,0.6974615744637831,,80.0
lithography,NSGA2,4,145,0.7438247575818531,0.6965039398339568,,80.0
lithography,NSGA2,4,146,0.7438247575818531,0.6980644479498724,,80.0
lithography,NSGA2,4,147,0.7438247575818531,0.6990302914800879,,80.0
lithography,NSGA2,4,148,0.7438247575818531,0.698478270138611,,80.0
lithography,NSGA2,4,149,0.7438247575818531,0.7014167615846209,,80.0
lithography,NSGA2,4,150,0.7438247575818531,0.7024651080002925,,80.0
lithography,NSGA2,4,151,0.7438247575818531,0.7017269465794926,,80.0
lithography,NSGA2,4,152,0.7438247575818531,0.7082226245761477,,80.0
lithography,NSGA2,4,153,0.7438247575818531,0.7082384536984454,,80.0
lithography,NSGA2,4,154,0.7438247575818531,0.7049581190129685,,80.0
lithography,NSGA2,4,155,0.7438247575818531,0.7074511300256444,,80.0
lithography,NSGA2,4,156,0.7438247575818531,0.705697962822628,,80.0
lithography,NSGA2,4,157,0.7438247575818531,0.7064044659988324,,80.0
lithography,NSGA2,4,158,0.7438247575818531,0.704431818083038,,80.0
lithography,NSGA2,4,159,0.7438247575818531,0.7015600079039384,,80.0
lithography,NSGA2,4,160,0.7438247575818531,0.6957130008676542,,80.0
lithography,NSGA2,4,161,0.7438247575818531,0.6954203198801883,,80.0
lithography,NSGA2,4,162,0.7438247575818531,0.6933569601785485,,80.0
lithography,NSGA2,4,163,0.7438247575818531,0.6902135958166419,,80.0
lithography,NSGA2,4,164,0.7438247575818531,0.6915687699532173,,80.0
lithography,NSGA2,4,165,0.7438247575818531,0.6919984212642536,,80.0
lithography,NSGA2,4,166,0.7438247575818531,0.6970177839230605,,80.0
lithography,NSGA2,4,167,0.7438247575818531,0.6965881326120243,,80.0
lithography,NSGA2,4,168,0.7438247575818531,0.6966056441231817,,80.0
lithography,NSGA2,4,169,0.7438247575818531,0.6983746404484957,,80.0
lithography,NSGA2,4,170,0.7438247575818531,0.7001453191626696,,80.0
lithography,NSGA2,4,171,0.7438247575818531,0.6963446138765595,,80.0
lithography,NSGA2,4,172,0.7438247575818531,0.6998192975417485,,80.0
lithography,NSGA2,4,173,0.7438247575818531,0.6998368090529059,,80.0
lithography,NSGA2,4,174,0.7438247575818531,0.6983271530816028,,80.0
lithography,NSGA2,4,175,0.7438247575818531,0.6962813048911205,,80.0
lithography,NSGA2,4,176,0.7438247575818531,0.6955923132260733,,80.0
lithography,NSGA2,4,177,0.7438247575818531,0.6944719878611303,,80.0
lithography,NSGA2,4,178,0.7438247575818531,0.693902455008496,,80.0
lithography,NSGA2,4,179,0.7438247575818531,0.6950052688622816,,80.0
lithography,NSGA2,4,180,0.7438247575818531,0.697203916498632,,80.0
lithography,NSGA2,4,181,0.7438247575818531,0.6981680776399877,,80.0
lithography,NSGA2,4,182,0.7438247575818531,0.6991672618036581,,80.0
lithography,NSGA2,4,183,0.7438247575818531,0.6966567392798246,,80.0
lithography,NSGA2,4,184,0.7438247575818531,0.6984432471162961,,80.0
lithography,NSGA2,4,185,0.7438247575818531,0.6934413959686465,,80.0
lithography,NSGA2,4,186,0.7438247575818531,0.6912077253099815,,80.0
lithography,NSGA2,4,187,0.7438247575818531,0.6891618771194992,,80.0
lithography,NSGA2,4,188,0.7438247575818531,0.690673215479662,,80.0
lithography,NSGA2,4,189,0.7438247575818531,0.695399897151003,,80.0
lithography,NSGA2,4,190,0.7438247575818531,0.6986152404621813,,80.0
lithography,NSGA2,4,191,0.7438247575818531,0.6986327519733386,,80.0
lithography,NSGA2,4,192,0.7438247575818531,0.6977909608624235,,80.0
lithography,NSGA2,4,193,0.7438247575818531,0.7007469638195909,,80.0
lithography,NSGA2,4,194,0.7438247575818531,0.6985308046720832,,80.0
lithography,NSGA2,4,195,0.7438247575818531,0.700022949132229,,80.0
lithography,NSGA2,4,196,0.7438247575818531,0.6996108093323501,,80.0
lithography,NSGA2,4,197,0.7438247575818531,0.6969474873626489,,80.0
lithography,NSGA2,4,198,0.7438247575818531,0.6966706354974805,,80.0
lithography,NSGA2,4,199,0.7438247575818531,0.6931942694434319,,80.0
lithography,NSGA2,4,200,0.7438247575818531,0.6956872804561078,,80.0
implantation,TSFGA,0,0,2.0808085765296607,1.5344191522521968,17.0,
implantation,TSFGA,0,1,2.131763410335801,1.7101085087223926,15.0,
implantation,TSFGA,0,2,2.131763410335801,1.808633380206381,15.0,
implantation,TSFGA,0,3,2.131763410335801,1.8383185704891722,15.0,
implantation,TSFGA,0,4,2.131763410335801,1.7981319530750057,15.0,
implantation,TSFGA,0,5,2.131763410335801,1.787343088476217,15.0,
implantation,TSFGA,0,6,2.131763410335801,1.7708172608397068,15.0,
implantation,TSFGA,0,7,2.154221197899193,1.8047563949815433,14.0,
implantation,TSFGA,0,8,2.154221197899193,1.8398323700104455,14.0,
implantation,TSFGA,0,9,2.1859321268640164,1.9010924783743122,12.0,
implantation,TSFGA,0,10,2.1859321268640164,1.8997157748554314,12.0,
implantation,TSFGA,0,11,2.1859321268640164,1.8681468034439384,12.0,
implantation,TSFGA,0,12,2.1859321268640164,1.864140373803992,12.0,
implantation,TSFGA,0,13,2.1859321268640164,1.8722046641951895,12.0,
implantation,TSFGA,0,14,2.1859321268640164,1.8965692304834447,12.0,
implantation,TSFGA,0,15,2.1859321268640164,1.88838040459193,12.0,
implantation,TSFGA,0,16,2.1875946048256565,1.8638880623736,12.0,
implantation,TSFGA,0,17,2.1875946048256565,1.8633243798835775,12.0,
implantation,TSFGA,0,18,2.1875946048256565,1.8697761841703269,12.0,
implantation,TSFGA,0,19,2.1875946048256565,1.8665141023055505,12.0,
implantation,TSFGA,0,20,2.1875946048256565,1.8519366477791994,12.0,
implantation,TSFGA,0,21,2.1875946048256565,1.8594871748057222,12.0,
implantation,TSFGA,0,22,2.1875946048256565,1.8923498724307006,12.0,
implantation,TSFGA,0,23,2.1875946048256565,1.8720127600256604,12.0,
implantation,TSFGA,0,24,2.1875946048256565,1.9229988195433343,12.0,
implantation,TSFGA,0,25,2.1875946048256565,1.9143361450189986,12.0,
implantation,TSFGA,0,26,2.1875946048256565,1.8740945792906545,12.0,
implantation,TSFGA,0,27,2.1875946048256565,1.893715777095577,12.0,
implantation,TSFGA,0,28,2.1875946048256565,1.8881989092511446,12.0,
implantation,TSFGA,0,29,2.1875946048256565,1.8809803950792365,12.0,
implantation,TSFGA,0,30,2.1875946048256565,1.8436756071902884,12.0,
implantation,TSFGA,0,31,2.1968668849973,1.8632408373241056,11.0,
implantation,TSFGA,0,32,2.1968668849973,1.8454700210969315,11.0,
implantation,TSFGA,0,33,2.202274302067189,1.8682690219987184,11.0,
implantation,TSFGA,0,34,2.2195776893707735,1.902444425489083,10.0,
implantation,TSFGA,0,35,2.2195776893707735,1.9028871114739907,10.0,
implantation,TSFGA,0,36,2.2195776893707735,1.8776490070334346,10.0,
implantation,TSFGA,0,37,2.2195776893707735,1.8427013433630297,10.0,
implantation,TSFGA,0,38,2.2195776893707735,1.826625733962087,10.0,
implantation,TSFGA,0,39,2.2195776893707735,1.85952657022561,10.0,
implantation,TSFGA,0,40,2.2195776893707735,1.8589399898423646,10.0,
implantation,TSFGA,0,41,2.2195776893707735,1.8806526552142455,10.0,
implantation,TSFGA,0,42,2.2195776893707735,1.8772359604232634,10.0,
implantation,TSFGA,0,43,2.2195776893707735,1.8518782159776674,10.0,
implantation,TSFGA,0,44,2.2195776893707735,1.8755476120933423,10.0,
implantation,TSFGA,0,45,2.2195776893707735,1.8443955108675767,10.0,
implantation,TSFGA,0,46,2.2195776893707735,1.857125696314018,10.0,
implantation,TSFGA,0,47,2.2195776893707735,1.878757708034072,10.0,
implantation,TSFGA,0,48,2.2195776893707735,1.871700748069621,10.0,
implantation,TSFGA,0,49,2.2394278158352647,1.885760580204206,9.0,
implantation,TSFGA,0,50,2.2394278158352647,1.8775184292685716,9.0,
implantation,TSFGA,0,51,2.2394278158352647,1.828205173418332,9.0,
implantation,TSFGA,0,52,2.2394278158352647,1.8370634698989048,9.0,
implantation,TSFGA,0,53,2.2394278158352647,1.8644902160756764,9.0,
implantation,TSFGA,0,54,2.2394278158352647,1.8903289655207007,9.0,
implantation,TSFGA,0,55,2.2394278158352647,1.93052651285713,9.0,
implantation,TSFGA,0,56,2.2445171042264866,1.8844980581135935,10.0,
implantation,TSFGA,0,57,2.2445171042264866,1.899953926118839,10.0,
implantation,TSFGA,0,58,2.2445171042264866,1.890423555826473,10.0,
implantation,TSFGA,0,59,2.2445171042264866,1.9170976527602774,10.0,
implantation,TSFGA,0,60,2.2445171042264866,1.8972150628053188,10.0,
implantation,TSFGA,0,61,2.2445171042264866,1.8845850169131075,10.0,
implantation,TSFGA,0,62,2.2445171042264866,1.8859903494858945,10.0,
implantation,TSFGA,0,63,2.2445171042264866,1.865701162316147,10.0,
implantation,TSFGA,0,64,2.2445171042264866,1.874411092893198,10.0,
implantation,TSFGA,0,65,2.2445171042264866,1.9025035749647905,10.0,
implantation,TSFGA,0,66,2.2445171042264866,1.9148846810744047,10.0,
implantation,TSFGA,0,67,2.2445171042264866,1.8705229674315142,10.0,
implantation,TSFGA,0,68,2.2445171042264866,1.8835131184379237,10.0,
implantation,TSFGA,0,69,2.2445171042264866,1.9141215011322668,10.0,
implantation,TSFGA,0,70,2.2445171042264866,1.8594323266192667,10.0,
implantation,TSFGA,0,71,2.2445171042264866,1.9374956583594507,10.0,
implantation,TSFGA,0,72,2.2445171042264866,1.935867529747656,10.0,
implantation,TSFGA,0,73,2.2445171042264866,1.921035262867078,10.0,
implantation,TSFGA,0,74,2.2445171042264866,1.9107625385037417,10.0,
implantation,TSFGA,0,75,2.2445171042264866,1.8979618213216347,10.0,
implantation,TSFGA,0,76,2.259511863920449,1.9169559520083044,9.0,
implantation,TSFGA,0,77,2.259511863920449,1.8882664843546357,9.0,
implantation,TSFGA,0,78,2.259511863920449,1.9016599539869083,9.0,
implantation,TSFGA,0,79,2.259511863920449,1.897499115151959,9.0,
implantation,TSFGA,0,80,2.259511863920449,1.8565436021624386,9.0,
implantation,TSFGA,0,81,2.259511863920449,1.9105624428377823,9.0,
implantation,TSFGA,0,82,2.259511863920449,1.9133128921714095,9.0,
implantation,TSFGA,0,83,2.259511863920449,1.9118909182458481,9.0,
implantation,TSFGA,0,84,2.259511863920449,1.906134792488843,9.0,
implantation,TSFGA,0,85,2.259511863920449,1.8524381394471736,9.0,
implantation,TSFGA,0,86,2.259511863920449,1.8357755938592955,9.0,
implantation,TSFGA,0,87,2.259511863920449,1.858195205273794,9.0,
implantation,TSFGA,0,88,2.259511863920449,1.8869843921322613,9.0,
implantation,TSFGA,0,89,2.259511863920449,1.868183114442869,9.0,
implantation,TSFGA,0,90,2.259511863920449,1.8570066346130303,9.0,
implantation,TSFGA,0,91,2.259511863920449,1.8655990389396138,9.0,
implantation,TSFGA,0,92,2.259511863920449,1.844551074540097,9.0,
implantation,TSFGA,0,93,2.259511863920449,1.8238366706850173,9.0,
implantation,TSFGA,0,94,2.259511863920449,1.8495407969831337,9.0,
implantation,TSFGA,0,95,2.259511863920449,1.8900629029430185,9.0,
implantation,TSFGA,0,96,2.259511863920449,1.8474122722927369,9.0,
implantation,TSFGA,0,97,2.259511863920449,1.8899588714092652,9.0,
implantation,TSFGA,0,98,2.259511863920449,1.8209043609483628,9.0,
implantation,TSFGA,0,99,2.2781128488739784,1.8358605523394878,8.0,
implantation,TSFGA,0,100,2.2781128488739784,1.8672178845469887,8.0,
implantation,TSFGA,0,101,2.2781128488739784,1.9391722757786556,8.0,
implantation,TSFGA,0,102,2.2781128488739784,1.906372916717531,8.0,
implantation,TSFGA,0,103,2.2781128488739784,1.9130203313821208,8.0,
implantation,TSFGA,0,104,2.2781128488739784,1.8841686225384546,8.0,
implantation,TSFGA,0,105,2.2781128488739784,1.864088176062139,8.0,
implantation,TSFGA,0,106,2.2781128488739784,1.8505607881416488,8.0,
implantation,TSFGA,0,107,2.279091541208638,1.8530643208996893,8.0,
implantation,TSFGA,0,108,2.279091541208638,1.8749530405338959,8.0,
implantation,TSFGA,0,109,2.279091541208638,1.8866317857772508,8.0,
implantation,TSFGA,0,110,2.279091541208638,1.8857283826085554,8.0,
implantation,TSFGA,0,111,2.279091541208638,1.8997149452399733,8.0,
implantation,TSFGA,0,112,2.3043148450647175,1.9217881830707106,7.0,
implantation,TSFGA,0,113,2.3043148450647175,1.8924558518828618,7.0,
implantation,TSFGA,0,114,2.3043148450647175,1.9096564668795764,7.0,
implantation,TSFGA,0,115,2.3043148450647175,1.8990554329209224,7.0,
implantation,TSFGA,0,116,2.3043148450647175,1.9465712860955826,7.0,
implantation,TSFGA,0,117,2.3043148450647175,1.9133766425208023,7.0,
implantation,TSFGA,0,118,2.3043148450647175,1.8858213497418184,7.0,
implantation,TSFGA,0,119,2.3043148450647175,1.9271776829916214,7.0,
implantation,TSFGA,0,120,2.3043148450647175,1.8760790414658672,7.0,
implantation,TSFGA,0,121,2.3043148450647175,1.8816682119162942,7.0,
implantation,TSFGA,0,122,2.3043148450647175,1.876319323146029,7.0,
implantation,TSFGA,0,123,2.3043148450647175,1.8921965619083116,7.0,
implantation,TSFGA,0,124,2.3043148450647175,1.89642661023712,7.0,
implantation,TSFGA,0,125,2.3043148450647175,1.878892367954495,7.0,
implantation,TSFGA,0,126,2.3043148450647175,1.9016784429001063,7.0,
implantation,TSFGA,0,127,2.3043148450647175,1.8745116424681156,7.0,
implantation,TSFGA,0,128,2.3043148450647175,1.9344493061405577,7.0,
implantation,TSFGA,0,129,2.3043148450647175,1.8866989092602224,7.0,
implantation,TSFGA,0,130,2.3043148450647175,1.8977241411349806,7.0,
implantation,TSFGA,0,131,2.3043148450647175,1.875959770470955,7.0,
implantation,TSFGA,0,132,2.3043148450647175,1.8718668855233105,7.0,
implantation,TSFGA,0,133,2.3043148450647175,1.909277750649983,7.0,
implantation,TSFGA,0,134,2.3043148450647175,1.9201876768105746,7.0,
implantation,TSFGA,0,135,2.3043148450647175,1.9189036204788976,7.0,
implantation,TSFGA,0,136,2.3043148450647175,1.9198092900953636,7.0,
implantation,TSFGA,0,137,2.3043148450647175,1.9108466102369932,7.0,
implantation,TSFGA,0,138,2.3043148450647175,1.8735953556832066,7.0,
implantation,TSFGA,0,139,2.3043148450647175,1.8835677572917924,7.0,
implantation,TSFGA,0,140,2.3043148450647175,1.84641044582151,7.0,
implantation,TSFGA,0,141,2.3043148450647175,1.82871464817354,7.0,
implantation,TSFGA,0,142,2.3043148450647175,1.8056307600539305,7.0,
implantation,TSFGA,0,143,2.3043148450647175,1.8453725024131082,7.0,
implantation,TSFGA,0,144,2.3043148450647175,1.8785857139777797,7.0,
implantation,TSFGA,0,145,2.3043148450647175,1.8461663584184467,7.0,
implantation,TSFGA,0,146,2.3043148450647175,1.878310292298804,7.0,
implantation,TSFGA,0,147,2.3043148450647175,1.8737825270778017,7.0,
implantation,TSFGA,0,148,2.3250523368888727,1.896476475263046,6.0,
implantation,TSFGA,0,149,2.3250523368888727,1.9563205203811873,6.0,
implantation,TSFGA,0,150,2.3250523368888727,1.9283851008582673,6.0,
implantation,TSFGA,0,151,2.3250523368888727,1.9273486575993766,6.0,
implantation,TSFGA,0,152,2.3250523368888727,1.9074295007953417,6.0,
implantation,TSFGA,0,153,2.3250523368888727,1.8722909439568878,6.0,
implantation,TSFGA,0,154,2.3250523368888727,1.8490810493577015,6.0,
implantation,TSFGA,0,155,2.3250523368888727,1.8617938047619256,6.0,
implantation,TSFGA,0,156,2.3250523368888727,1.870585263212473,6.0,
implantation,TSFGA,0,157,2.3250523368888727,1.889161436722891,6.0,
implantation,TSFGA,0,158,2.3250523368888727,1.8853317101420548,6.0,
implantation,TSFGA,0,159,2.3250523368888727,1.9125682645879494,6.0,
implantation,TSFGA,0,160,2.3250523368888727,1.8917594736644978,6.0,
implantation,TSFGA,0,161,2.3250523368888727,1.8938022416314173,6.0,
implantation,TSFGA,0,162,2.3250523368888727,1.8951797467148594,6.0,
implantation,TSFGA,0,163,2.3250523368888727,1.9256955678947336,6.0,
implantation,TSFGA,0,164,2.3250523368888727,1.9146314219096923,6.0,
implantation,TSFGA,0,165,2.3250523368888727,1.960291785723594,6.0,
implantation,TSFGA,0,166,2.3250523368888727,1.8896675640452893,6.0,
implantation,TSFGA,0,167,2.3250523368888727,1.8654953346609215,6.0,
implantation,TSFGA,0,168,2.3250523368888727,1.8447257461974793,6.0,
implantation,TSFGA,0,169,2.3250523368888727,1.8820216072338738,6.0,
implantation,TSFGA,0,170,2.3250523368888727,1.9024210455421944,6.0,
implantation,TSFGA,0,171,2.3250523368888727,1.9189416772727164,6.0,
implantation,TSFGA,0,172,2.3250523368888727,1.9465111144952558,6.0,
implantation,TSFGA,0,173,2.3250523368888727,1.932993446124917,6.0,
implantation,TSFGA,0,174,2.3250523368888727,1.9433221811143606,6.0,
implantation,TSFGA,0,175,2.3250523368888727,1.9525354646643465,6.0,
implantation,TSFGA,0,176,2.3250523368888727,1.9452984139646177,6.0,
implantation,TSFGA,0,177,2.3250523368888727,1.9127662363611229,6.0,
implantation,TSFGA,0,178,2.3250523368888727,1.8696075897252562,6.0,
implantation,TSFGA,0,179,2.3250523368888727,1.8518636655712097,6.0,
implantation,TSFGA,0,180,2.3250523368888727,1.90198231682909,6.0,
implantation,TSFGA,0,181,2.3250523368888727,1.8977067905734835,6.0,
implantation,TSFGA,0,182,2.3250523368888727,1.9094639918630552,6.0,
implantation,TSFGA,0,183,2.3250523368888727,1.9265155699660568,6.0,
implantation,TSFGA,0,184,2.3250523368888727,1.9407149526532161,6.0,
implantation,TSFGA,0,185,2.3250523368888727,1.9593000033440215,6.0,
implantation,TSFGA,0,186,2.3250523368888727,1.9532157965182093,6.0,
implantation,TSFGA,0,187,2.3250523368888727,1.9528383869912997,6.0,
implantation,TSFGA,0,188,2.3250523368888727,1.89757299783547,6.0,
implantation,TSFGA,1,0,2.046890284338615,1.4675858581647347,18.0,
implantation,TSFGA,1,1,2.053508819215953,1.6460508547658144,16.0,
implantation,TSFGA,1,2,2.162829041613151,1.6815419112733632,11.0,
implantation,TSFGA,1,3,2.162829041613151,1.794853989290376,11.0,
implantation,TSFGA,1,4,2.162829041613151,1.8454124731556774,11.0,
implantation,TSFGA,1,5,2.162829041613151,1.8243315329117067,11.0,
implantation,TSFGA,1,6,2.16988397922458,1.8962528055545054,13.0,
implantation,TSFGA,1,7,2.16988397922458,1.94714732899481,13.0,
implantation,TSFGA,1,8,2.16988397922458,1.8889865840058975,13.0,
implantation,TSFGA,1,9,2.16988397922458,1.9116907009644144,13.0,
implantation,TSFGA,1,10,2.16988397922458,1.8876238766664657,13.0,
implantation,TSFGA,1,11,2.16988397922458,1.8412477240815257,13.0,
implantation,TSFGA,1,12,2.16988397922458,1.821586853162195,13.0,
implantation,TSFGA,1,13,2.16988397922458,1.8522145989132077,13.0,
implantation,TSFGA,1,14,2.2382180310757644,1.8417002547700925,9.0,
implantation,TSFGA,1,15,2.2382180310757644,1.873990929507536,9.0,
implantation,TSFGA,1,16,2.2382180310757644,1.8482968948387892,9.0,
implantation,TSFGA,1,17,2.2382180310757644,1.8953693844171873,9.0,
implantation,TSFGA,1,18,2.249820833739219,1.9027034783252674,9.0,
implantation,TSFGA,1,19,2.249820833739219,1.897376546921803,9.0,
implantation,TSFGA,1,20,2.249820833739219,1.8602068973642276,9.0,
implantation,TSFGA,1,21,2.249820833739219,1.8692982785912307,9.0,
implantation,TSFGA,1,22,2.249820833739219,1.8413248440920706,9.0,
implantation,TSFGA,1,23,2.249820833739219,1.855061355041147,9.0,
implantation,TSFGA,1,24,2.249820833739219,1.903761752736584,9.0,
implantation,TSFGA,1,25,2.249820833739219,1.9177747343087774,9.0,
implantation,TSFGA,1,26,2.249820833739219,1.8669463987852342,9.0,
implantation,TSFGA,1,27,2.249820833739219,1.8928950750929687,9.0,
implantation,TSFGA,1,28,2.249820833739219,1.8670796586942706,9.0,
implantation,TSFGA,1,29,2.249820833739219,1.8418697581374395,9.0,
implantation,TSFGA,1,30,2.249820833739219,1.866082464769334,9.0,
implantation,TSFGA,1,31,2.249820833739219,1.8775415436149523,9.0,
implantation,TSFGA,1,32,2.249820833739219,1.8835604511412651,9.0,
implantation,TSFGA,1,33,2.249820833739219,1.838008034890016,9.0,
implantation,TSFGA,1,34,2.249820833739219,1.893428229878054,9.0,
implantation,TSFGA,1,35,2.249820833739219,1.8845069443833538,9.0,
implantation,TSFGA,1,36,2.249820833739219,1.8360285761896649,9.0,
implantation,TSFGA,1,37,2.249820833739219,1.8383878529153967,9.0,
implantation,TSFGA,1,38,2.249820833739219,1.8528411835926768,9.0,
implantation,TSFGA,1,39,2.249820833739219,1.8778537330141636,9.0,
implantation,TSFGA,1,40,2.249820833739219,1.878240505046994,9.0,
implantation,TSFGA,1,41,2.250192087034139,1.8901166227476616,9.0,
implantation,TSFGA,1,42,2.266187141245001,1.8882685342795562,8.0,
implantation,TSFGA,1,43,2.266187141245001,1.8357962741568805,8.0,
implantation,TSFGA,1,44,2.266187141245001,1.820241168792995,8.0,
implantation,TSFGA,1,45,2.266187141245001,1.8714924918274218,8.0,
implantation,TSFGA,1,46,2.266187141245001,1.8795803305262215,8.0,
implantation,TSFGA,1,47,2.266187141245001,1.8614884074012015,8.0,
implantation,TSFGA,1,48,2.266187141245001,1.8510937301249837,8.0,
implantation,TSFGA,1,49,2.266187141245001,1.9227561915144116,8.0,
implantation,TSFGA,1,50,2.266187141245001,1.8738770430202714,8.0,
implantation,TSFGA,1,51,2.266187141245001,1.8084368405380427,8.0,
implantation,TSFGA,1,52,2.266187141245001,1.859067922769821,8.0,
implantation,TSFGA,1,53,2.266187141245001,1.9405722347343726,8.0,
implantation,TSFGA,1,54,2.266187141245001,1.931851243050606,8.0,
implantation,TSFGA,1,55,2.266187141245001,1.9395870467134806,8.0,
implantation,TSFGA,1,56,2.266187141245001,1.8981438404249515,8.0,
implantation,TSFGA,1,57,2.266187141245001,1.890597895554098,8.0,
implantation,TSFGA,1,58,2.266187141245001,1.856447747793565,8.0,
implantation,TSFGA,1,59,2.266187141245001,1.8775740502134972,8.0,
implantation,TSFGA,1,60,2.266187141245001,1.8681532457472365,8.0,
implantation,TSFGA,1,61,2.266187141245001,1.8866829181335478,8.0,
implantation,TSFGA,1,62,2.266187141245001,1.8714606546334793,8.0,
implantation,TSFGA,1,63,2.266187141245001,1.871451572985091,8.0,
implantation,TSFGA,1,64,2.266187141245001,1.9017415392536186,8.0,
implantation,TSFGA,1,65,2.266187141245001,1.8840952801703452,8.0,
implantation,TSFGA,1,66,2.266187141245001,1.8902926031948017,8.0,
implantation,TSFGA,1,67,2.266187141245001,1.9078111245432396,8.0,
implantation,TSFGA,1,68,2.266187141245001,1.9654132810750036,8.0,
implantation,TSFGA,1,69,2.266187141245001,1.878323055466819,8.0,
implantation,TSFGA,1,70,2.266187141245001,1.851957603029345,8.0,
implantation,TSFGA,1,71,2.266187141245001,1.9063052582719653,8.0,
implantation,TSFGA,1,72,2.266187141245001,1.9557186352179983,8.0,
implantation,TSFGA,1,73,2.266187141245001,1.931244917258288,8.0,
implantation,TSFGA,1,74,2.266187141245001,1.9484336240802744,8.0,
implantation,TSFGA,1,75,2.266187141245001,1.9120244135591205,8.0,
implantation,TSFGA,1,76,2.266187141245001,1.8960905973763196,8.0,
implantation,TSFGA,1,77,2.266187141245001,1.883149575134076,8.0,
implantation,TSFGA,1,78,2.266187141245001,1.8208668766691996,8.0,
implantation,TSFGA,1,79,2.266187141245001,1.823713763536136,8.0,
implantation,TSFGA,1,80,2.266187141245001,1.8647459313390193,8.0,
implantation,TSFGA,1,81,2.266187141245001,1.8569508065892228,8.0,
implantation,TSFGA,1,82,2.266187141245001,1.8177086762770727,8.0,
implantation,TSFGA,2,0,2.066343490301838,1.5221721698763546,17.0,
implantation,TSFGA,2,1,2.097193813849617,1.6772544939543337,17.0,
implantation,TSFGA,2,2,2.097193813849617,1.716114513819317,17.0,
implantation,TSFGA,2,3,2.1098077044876726,1.723236445064196,17.0,
implantation,TSFGA,2,4,2.1098077044876726,1.7934037939450167,17.0,
implantation,TSFGA,2,5,2.122137259257464,1.7863786312134775,14.0,
implantation,TSFGA,2,6,2.1225817820968667,1.8536925125201669,14.0,
implantation,TSFGA,2,7,2.1547673151174402,1.8449062346620473,14.0,
implantation,TSFGA,2,8,2.1547673151174402,1.9029104985462346,14.0,
implantation,TSFGA,2,9,2.1625257909581856,1.8775142346775495,12.0,
implantation,TSFGA,2,10,2.1625257909581856,1.8740201238474725,12.0,
implantation,TSFGA,2,11,2.1625257909581856,1.8588944927214741,12.0,
implantation,TSFGA,2,12,2.162913062850943,1.8260876005157143,12.0,
implantation,TSFGA,2,13,2.162913062850943,1.8384057840018726,12.0,
implantation,TSFGA,2,14,2.162913062850943,1.829600303774771,12.0,
implantation,TSFGA,2,15,2.162913062850943,1.8163223287226937,12.0,
implantation,TSFGA,2,16,2.2036221546124706,1.8575751536127139,11.0,
implantation,TSFGA,2,17,2.2036221546124706,1.8831399290775317,11.0,
implantation,TSFGA,2,18,2.2036221546124706,1.9081668845635058,11.0,
implantation,TSFGA,2,19,2.2036221546124706,1.885265678211632,11.0,
implantation,TSFGA,2,20,2.2036221546124706,1.8670850148065896,11.0,
implantation,TSFGA,2,21,2.2036221546124706,1.8594742274529228,11.0,
implantation,TSFGA,2,22,2.2036221546124706,1.8752825544585974,11.0,
implantation,TSFGA,2,23,2.2036221546124706,1.8857531072072884,11.0,
implantation,TSFGA,2,24,2.2036221546124706,1.87362355790643,11.0,
implantation,TSFGA,2,25,2.21862759554345,1.8893448199829788,12.0,
implantation,TSFGA,2,26,2.2558244659182347,1.9412914780833077,10.0,
implantation,TSFGA,2,27,2.2558244659182347,1.904198996367215,10.0,
implantation,TSFGA,2,28,2.2558244659182347,1.941785246360234,10.0,
implantation,TSFGA,2,29,2.2558244659182347,1.889632212419956,10.0,
implantation,TSFGA,2,30,2.2558244659182347,1.890195890283811,10.0,
implantation,TSFGA,2,31,2.2558244659182347,1.8940060349843222,10.0,
implantation,TSFGA,2,32,2.2558244659182347,1.8443697587093992,10.0,
implantation,TSFGA,2,33,2.2558244659182347,1.8685153080159183,10.0,
implantation,TSFGA,2,34,2.2558244659182347,1.875192121838571,10.0,
implantation,TSFGA,2,35,2.2558244659182347,1.9209329445059502,10.0,
implantation,TSFGA,2,36,2.2558244659182347,1.8657770923573658,10.0,
implantation,TSFGA,2,37,2.2558244659182347,1.9247408854852743,10.0,
implantation,TSFGA,2,38,2.2558244659182347,1.9325358624549591,10.0,
implantation,TSFGA,2,39,2.2558244659182347,1.923109200809933,10.0,
implantation,TSFGA,2,40,2.2558244659182347,1.8884432172175398,10.0,
implantation,TSFGA,2,41,2.2558244659182347,1.8819541981319046,10.0,
implantation,TSFGA,2,42,2.2558244659182347,1.8269113146875242,10.0,
implantation,TSFGA,2,43,2.2558244659182347,1.8341246872546264,10.0,
implantation,TSFGA,2,44,2.2558244659182347,1.8950627381613288,10.0,
implantation,TSFGA,2,45,2.2558244659182347,1.87952188896707,10.0,
implantation,TSFGA,2,46,2.2558244659182347,1.8572311806290465,10.0,
implantation,TSFGA,2,47,2.2558244659182347,1.8785330243195282,10.0,
implantation,TSFGA,2,48,2.2558244659182347,1.8674687017231122,10.0,
implantation,TSFGA,2,49,2.2558244659182347,1.8974856240869002,10.0,
implantation,TSFGA,2,50,2.2591812738431893,1.9274565168730227,10.0,
implantation,TSFGA,2,51,2.2591812738431893,1.902658324947134,10.0,
implantation,TSFGA,2,52,2.2591812738431893,1.9386002748579307,10.0,
implantation,TSFGA,2,53,2.2591812738431893,1.9373446611396,10.0,
implantation,TSFGA,2,54,2.2633827848288033,1.9004722006945898,9.0,
implantation,TSFGA,2,55,2.2633827848288033,1.9167943722114782,9.0,
implantation,TSFGA,2,56,2.2633827848288033,1.8471871778000026,9.0,
implantation,TSFGA,2,57,2.2633827848288033,1.863358252097069,9.0,
implantation,TSFGA,2,58,2.2633827848288033,1.9005049768742104,9.0,
implantation,TSFGA,2,59,2.2633827848288033,1.8990710133832327,9.0,
implantation,TSFGA,2,60,2.2633827848288033,1.8988381088825441,9.0,
implantation,TSFGA,2,61,2.2633827848288033,1.8837037614525147,9.0,
implantation,TSFGA,2,62,2.2633827848288033,1.8771520790324672,9.0,
implantation,TSFGA,2,63,2.2633827848288033,1.8816726159949355,9.0,
implantation,TSFGA,2,64,2.2633827848288033,1.9172057199636137,9.0,
implantation,TSFGA,2,65,2.2633827848288033,1.9311712014220384,9.0,
implantation,TSFGA,2,66,2.2633827848288033,1.9159140428088606,9.0,
implantation,TSFGA,2,67,2.2633827848288033,1.9347184257367538,9.0,
implantation,TSFGA,2,68,2.2633827848288033,1.9102164797377958,9.0,
implantation,TSFGA,2,69,2.2633827848288033,1.8550996940746187,9.0,
implantation,TSFGA,2,70,2.2633827848288033,1.8791807714000388,9.0,
implantation,TSFGA,2,71,2.2633827848288033,1.8925823573074627,9.0,
implantation,TSFGA,2,72,2.2633827848288033,1.88657728378248,9.0,
implantation,TSFGA,2,73,2.2633827848288033,1.896680006392573,9.0,
implantation,TSFGA,2,74,2.2633827848288033,1.9186014472030937,9.0,
implantation,TSFGA,2,75,2.2633827848288033,1.917904525794286,9.0,
implantation,TSFGA,2,76,2.2633827848288033,1.8788789724073645,9.0,
implantation,TSFGA,2,77,2.2633827848288033,1.908993932272341,9.0,
implantation,TSFGA,2,78,2.2633827848288033,1.913926749030292,9.0,
implantation,TSFGA,2,79,2.2633827848288033,1.9135445464486474,9.0,
implantation,TSFGA,2,80,2.2633827848288033,1.8261128445385548,9.0,
implantation,TSFGA,2,81,2.2633827848288033,1.8477283760119625,9.0,
implantation,TSFGA,2,82,2.2633827848288033,1.8790350780738223,9.0,
implantation,TSFGA,2,83,2.2633827848288033,1.8920002228665282,9.0,
implantation,TSFGA,2,84,2.2633827848288033,1.866960713138446,9.0,
implantation,TSFGA,2,85,2.2633827848288033,1.8796295746088638,9.0,
implantation,TSFGA,2,86,2.2633827848288033,1.8855469656502648,9.0,
implantation,TSFGA,2,87,2.2633827848288033,1.8740425465256365,9.0,
implantation,TSFGA,2,88,2.282681772577713,1.844858775046865,8.0,
implantation,TSFGA,2,89,2.282681772577713,1.8803871816660653,8.0,
implantation,TSFGA,2,90,2.282681772577713,1.89324286598887,8.0,
implantation,TSFGA,2,91,2.282681772577713,1.8868348533012096,8.0,
implantation,TSFGA,2,92,2.307822123492099,1.9028528667232731,7.0,
implantation,TSFGA,2,93,2.307822123492099,1.905200724991077,7.0,
implantation,TSFGA,2,94,2.307822123492099,1.8607108550583935,7.0,
implantation,TSFGA,2,95,2.307822123492099,1.8400500735192806,7.0,
implantation,TSFGA,2,96,2.307822123492099,1.892055539877975,7.0,
implantation,TSFGA,2,97,2.307822123492099,1.884666904174464,7.0,
implantation,TSFGA,2,98,2.307822123492099,1.929926070277205,7.0,
implantation,TSFGA,2,99,2.307822123492099,1.8666938408994505,7.0,
implantation,TSFGA,2,100,2.307822123492099,1.871365397063056,7.0,
implantation,TSFGA,2,101,2.307822123492099,1.8686572054533062,7.0,
implantation,TSFGA,2,102,2.307822123492099,1.8578461070452263,7.0,
implantation,TSFGA,2,103,2.307822123492099,1.9434126671660192,7.0,
implantation,TSFGA,2,104,2.307822123492099,1.923852743112029,7.0,
implantation,TSFGA,2,105,2.307822123492099,1.8902760965747851,7.0,
implantation,TSFGA,2,106,2.307822123492099,1.797014463704255,7.0,
implantation,TSFGA,2,107,2.307822123492099,1.873753692530667,7.0,
implantation,TSFGA,2,108,2.307822123492099,1.869806797876673,7.0,
implantation,TSFGA,2,109,2.307822123492099,1.8848900677337093,7.0,
implantation,TSFGA,2,110,2.307822123492099,1.8558676029439027,7.0,
implantation,TSFGA,2,111,2.307822123492099,1.8533237709876247,7.0,
implantation,TSFGA,2,112,2.307822123492099,1.9160529780708884,7.0,
implantation,TSFGA,2,113,2.307822123492099,1.9097254343794527,7.0,
implantation,TSFGA,2,114,2.307822123492099,1.8883628258312328,7.0,
implantation,TSFGA,2,115,2.307822123492099,1.8559806806939165,7.0,
implantation,TSFGA,2,116,2.307822123492099,1.8697821080244892,7.0,
implantation,TSFGA,2,117,2.307822123492099,1.9361115906752366,7.0,
implantation,TSFGA,2,118,2.307822123492099,1.8830279681983542,7.0,
implantation,TSFGA,2,119,2.307822123492099,1.933850189141306,7.0,
implantation,TSFGA,2,120,2.307822123492099,1.905016113599567,7.0,
implantation,TSFGA,2,121,2.307822123492099,1.8697824679223807,7.0,
implantation,TSFGA,2,122,2.307822123492099,1.8895860182886886,7.0,
implantation,TSFGA,2,123,2.307822123492099,1.8612065920330356,7.0,
implantation,TSFGA,2,124,2.307822123492099,1.923650116436687,7.0,
implantation,TSFGA,2,125,2.307822123492099,1.9091363417906873,7.0,
implantation,TSFGA,2,126,2.307822123492099,1.930608044850328,7.0,
implantation,TSFGA,2,127,2.307822123492099,1.9032163767384351,7.0,
implantation,TSFGA,2,128,2.307822123492099,1.9013012619424419,7.0,
implantation,TSFGA,2,129,2.307822123492099,1.9381693424512605,7.0,
implantation,TSFGA,2,130,2.307822123492099,1.871466176844574,7.0,
implantation,TSFGA,2,131,2.307822123492099,1.8828360695982647,7.0,
implantation,TSFGA,2,132,2.307822123492099,1.9270730778655536,7.0,
implantation,TSFGA,3,0,2.1009090764438616,1.4939393926946214,17.0,
implantation,TSFGA,3,1,2.1009090764438616,1.7207452628097613,17.0,
implantation,TSFGA,3,2,2.1152402126447503,1.7937054912861654,16.0,
implantation,TSFGA,3,3,2.1152402126447503,1.8061315854336175,16.0,
implantation,TSFGA,3,4,2.155734006737582,1.8191546043529172,14.0,
implantation,TSFGA,3,5,2.2242886003316955,1.8188653781791646,11.0,
implantation,TSFGA,3,6,2.2242886003316955,1.834273147888402,11.0,
implantation,TSFGA,3,7,2.2242886003316955,1.8363064888693057,11.0,
implantation,TSFGA,3,8,2.2242886003316955,1.8200854621645348,11.0,
implantation,TSFGA,3,9,2.2242886003316955,1.8304045531696616,11.0,
implantation,TSFGA,3,10,2.2242886003316955,1.8809264329784008,11.0,
implantation,TSFGA,3,11,2.2242886003316955,1.834035509407773,11.0,
implantation,TSFGA,3,12,2.2242886003316955,1.8351770934725327,11.0,
implantation,TSFGA,3,13,2.266456226061911,1.8248520505478703,8.0,
implantation,TSFGA,3,14,2.266456226061911,1.8740568927596901,8.0,
implantation,TSFGA,3,15,2.266456226061911,1.904445441548667,8.0,
implantation,TSFGA,3,16,2.2940359099261984,1.8587417982510606,7.0,
implantation,TSFGA,3,17,2.2940359099261984,1.88661272813803,7.0,
implantation,TSFGA,3,18,2.2940359099261984,1.8777757237982822,7.0,
implantation,TSFGA,3,19,2.2940359099261984,1.8663916782055563,7.0,
implantation,TSFGA,3,20,2.2940359099261984,1.8703493132983617,7.0,
implantation,TSFGA,3,21,2.2940359099261984,1.852951627051811,7.0,
implantation,TSFGA,3,22,2.2940359099261984,1.8538267367763268,7.0,
implantation,TSFGA,3,23,2.2940359099261984,1.8162801760332794,7.0,
implantation,TSFGA,3,24,2.2940359099261984,1.9070045475701995,7.0,
implantation,TSFGA,3,25,2.2940359099261984,1.9086298421622963,7.0,
implantation,TSFGA,3,26,2.2940359099261984,1.8957464266379482,7.0,
implantation,TSFGA,3,27,2.2940359099261984,1.907217015285044,7.0,
implantation,TSFGA,3,28,2.2940359099261984,1.9206138898666267,7.0,
implantation,TSFGA,3,29,2.2940359099261984,1.8908252807523513,7.0,
implantation,TSFGA,3,30,2.2940359099261984,1.9369434819718223,7.0,
implantation,TSFGA,3,31,2.2940359099261984,1.8750734908683424,7.0,
implantation,TSFGA,3,32,2.2940359099261984,1.867768643339602,7.0,
implantation,TSFGA,3,33,2.2940359099261984,1.8685725553313908,7.0,
implantation,TSFGA,3,34,2.2940359099261984,1.8368315234827548,7.0,
implantation,TSFGA,3,35,2.2940359099261984,1.8547772567263334,7.0,
implantation,TSFGA,3,36,2.2940359099261984,1.903595322633397,7.0,
implantation,TSFGA,3,37,2.2940359099261984,1.8986439530255317,7.0,
implantation,TSFGA,3,38,2.2940359099261984,1.8717373414624183,7.0,
implantation,TSFGA,3,39,2.2940359099261984,1.8883939017780047,7.0,
implantation,TSFGA,3,40,2.2940359099261984,1.8539601963143162,7.0,
implantation,TSFGA,3,41,2.2940359099261984,1.9116762928545619,7.0,
implantation,TSFGA,3,42,2.2940359099261984,1.9065516584442883,7.0,
implantation,TSFGA,3,43,2.2940359099261984,1.888528857921364,7.0,
implantation,TSFGA,3,44,2.2940359099261984,1.9358030540686286,7.0,
implantation,TSFGA,3,45,2.2940359099261984,1.8842229484530642,7.0,
implantation,TSFGA,3,46,2.2940359099261984,1.8840732235997795,7.0,
implantation,TSFGA,3,47,2.2940359099261984,1.87841990909888,7.0,
implantation,TSFGA,3,48,2.2940359099261984,1.8355217802131114,7.0,
implantation,TSFGA,3,49,2.2940359099261984,1.8521032197041918,7.0,
implantation,TSFGA,3,50,2.2940359099261984,1.8563687548458077,7.0,
implantation,TSFGA,3,51,2.2940359099261984,1.887621243775747,7.0,
implantation,TSFGA,3,52,2.2940359099261984,1.9186240302714694,7.0,
implantation,TSFGA,3,53,2.2940359099261984,1.8648747552009965,7.0,
implantation,TSFGA,3,54,2.2940359099261984,1.930296404708899,7.0,
implantation,TSFGA,3,55,2.2940359099261984,1.91392917251762,7.0,
implantation,TSFGA,3,56,2.2940359099261984,1.8985169288978305,7.0,
implantation,TSFGA,4,0,2.0342111516605588,1.4899093963116665,19.0,
implantation,TSFGA,4,1,2.084952918935371,1.649581768835228,14.0,
implantation,TSFGA,4,2,2.084952918935371,1.7716264110554238,14.0,
implantation,TSFGA,4,3,2.121192693860838,1.7812648667994473,12.0,
implantation,TSFGA,4,4,2.121192693860838,1.8237959276436215,12.0,
implantation,TSFGA,4,5,2.121192693860838,1.8464774481829824,12.0,
implantation,TSFGA,4,6,2.121192693860838,1.8835135939686327,12.0,
implantation,TSFGA,4,7,2.157103038109414,1.9003332684202519,11.0,
implantation,TSFGA,4,8,2.157103038109414,1.8623232256775601,11.0,
implantation,TSFGA,4,9,2.157103038109414,1.8407965515371658,11.0,
implantation,TSFGA,4,10,2.157103038109414,1.808314305029287,11.0,
implantation,TSFGA,4,11,2.157103038109414,1.8152156162077102,11.0,
implantation,TSFGA,4,12,2.157103038109414,1.8205877438099833,11.0,
implantation,TSFGA,4,13,2.157103038109414,1.8437275495479768,11.0,
implantation,TSFGA,4,14,2.157103038109414,1.8766292193438665,11.0,
implantation,TSFGA,4,15,2.157103038109414,1.8709601059212004,11.0,
implantation,TSFGA,4,16,2.187293758000239,1.893104998892086,11.0,
implantation,TSFGA,4,17,2.187293758000239,1.871531599139504,11.0,
implantation,TSFGA,4,18,2.201213458276339,1.8825472924084452,10.0,
implantation,TSFGA,4,19,2.201213458276339,1.8430880673979027,10.0,
implantation,TSFGA,4,20,2.201213458276339,1.8921147192096037,10.0,
implantation,TSFGA,4,21,2.201213458276339,1.8690190982548187,10.0,
implantation,TSFGA,4,22,2.201213458276339,1.837710737230617,10.0,
implantation,TSFGA,4,23,2.201213458276339,1.8809655396543328,10.0,
implantation,TSFGA,4,24,2.201213458276339,1.8533472876065176,10.0,
implantation,TSFGA,4,25,2.2090369273551,1.8344934072735923,11.0,
implantation,TSFGA,4,26,2.2090369273551,1.8256755540347243,11.0,
implantation,TSFGA,4,27,2.2090369273551,1.9041266781509372,11.0,
implantation,TSFGA,4,28,2.2090369273551,1.8494865152728566,11.0,
implantation,TSFGA,4,29,2.2090369273551,1.888362116205966,11.0,
implantation,TSFGA,4,30,2.2090369273551,1.8273534296542593,11.0,
implantation,TSFGA,4,31,2.2090369273551,1.8344613759684987,11.0,
implantation,TSFGA,4,32,2.2090369273551,1.85243351120485,11.0,
implantation,TSFGA,4,33,2.2090369273551,1.8468749214884064,11.0,
implantation,TSFGA,4,34,2.2090369273551,1.882507513382786,11.0,
implantation,TSFGA,4,35,2.2090369273551,1.9124505708889914,11.0,
implantation,TSFGA,4,36,2.2090369273551,1.8227214234049811,11.0,
implantation,TSFGA,4,37,2.2090369273551,1.8347247328546434,11.0,
implantation,TSFGA,4,38,2.2090369273551,1.8155302746370023,11.0,
implantation,TSFGA,4,39,2.2090369273551,1.7990079170654378,11.0,
implantation,TSFGA,4,40,2.2090369273551,1.812214209928877,11.0,
implantation,TSFGA,4,41,2.2090369273551,1.8152289829724793,11.0,
implantation,TSFGA,4,42,2.2090369273551,1.7968189793635887,11.0,
implantation,TSFGA,4,43,2.2090369273551,1.8603887723479793,11.0,
implantation,TSFGA,4,44,2.2090369273551,1.849321766742208,11.0,
implantation,TSFGA,4,45,2.2090369273551,1.8701127231754124,11.0,
implantation,TSFGA,4,46,2.224613011886654,1.8891882650734728,10.0,
implantation,TSFGA,4,47,2.224613011886654,1.8651135750711147,10.0,
implantation,TSFGA,4,48,2.224613011886654,1.8653424675824262,10.0,
implantation,TSFGA,4,49,2.224613011886654,1.8422852522033828,10.0,
implantation,TSFGA,4,50,2.224613011886654,1.835954886549993,10.0,
implantation,TSFGA,4,51,2.224613011886654,1.848459039299221,10.0,
implantation,TSFGA,4,52,2.224613011886654,1.8852874147594314,10.0,
implantation,TSFGA,4,53,2.224613011886654,1.9164368244496444,10.0,
implantation,TSFGA,4,54,2.224613011886654,1.8835623243316408,10.0,
implantation,TSFGA,4,55,2.224613011886654,1.9521063568051176,10.0,
implantation,TSFGA,4,56,2.224613011886654,1.907993236369483,10.0,
implantation,TSFGA,4,57,2.224613011886654,1.902909378543375,10.0,
implantation,TSFGA,4,58,2.224613011886654,1.916163085422916,10.0,
implantation,TSFGA,4,59,2.224613011886654,1.8278476441266736,10.0,
implantation,TSFGA,4,60,2.224613011886654,1.8617437035752757,10.0,
implantation,TSFGA,4,61,2.224613011886654,1.8724305722688261,10.0,
implantation,TSFGA,4,62,2.224613011886654,1.8207130017846396,10.0,
implantation,TSFGA,4,63,2.224613011886654,1.845325589728165,10.0,
implantation,TSFGA,4,64,2.224613011886654,1.873143522859801,10.0,
implantation,TSFGA,4,65,2.224613011886654,1.8909922538385266,10.0,
implantation,TSFGA,4,66,2.224613011886654,1.8095565256911166,10.0,
implantation,TSFGA,4,67,2.224613011886654,1.8409608048835246,10.0,
implantation,TSFGA,4,68,2.224613011886654,1.8722223427825846,10.0,
implantation,TSFGA,4,69,2.224613011886654,1.8831978877300064,10.0,
implantation,TSFGA,4,70,2.224613011886654,1.85277850992212,10.0,
implantation,TSFGA,4,71,2.224613011886654,1.8871285975913885,10.0,
implantation,TSFGA,4,72,2.224613011886654,1.9079466326895846,10.0,
implantation,TSFGA,4,73,2.24191186789493,1.9139212112498896,9.0,
implantation,TSFGA,4,74,2.24191186789493,1.913910125355121,9.0,
implantation,TSFGA,4,75,2.24191186789493,1.8968019117221426,9.0,
implantation,TSFGA,4,76,2.24191186789493,1.8824060616652012,9.0,
implantation,TSFGA,4,77,2.24191186789493,1.913010193088826,9.0,
implantation,TSFGA,4,78,2.24191186789493,1.817698066499694,9.0,
implantation,TSFGA,4,79,2.278239782843048,1.9054488013349065,7.0,
implantation,TSFGA,4,80,2.278239782843048,1.850507986977948,7.0,
implantation,TSFGA,4,81,2.278239782843048,1.9305591262279802,7.0,
implantation,TSFGA,4,82,2.278239782843048,1.8940672910506042,7.0,
implantation,TSFGA,4,83,2.278239782843048,1.9307576847414467,7.0,
implantation,TSFGA,4,84,2.278239782843048,1.9050421601612524,7.0,
implantation,TSFGA,4,85,2.278239782843048,1.9022767167902486,7.0,
implantation,TSFGA,4,86,2.278239782843048,1.931055871288813,7.0,
implantation,TSFGA,4,87,2.278239782843048,1.8962090748362683,7.0,
implantation,TSFGA,4,88,2.278239782843048,1.857630218129405,7.0,
implantation,TSFGA,4,89,2.278239782843048,1.8812216827637798,7.0,
implantation,TSFGA,4,90,2.278239782843048,1.921148911722622,7.0,
implantation,TSFGA,4,91,2.278239782843048,1.913669325586557,7.0,
implantation,TSFGA,4,92,2.278239782843048,1.9172573030409155,7.0,
implantation,TSFGA,4,93,2.278239782843048,1.940748365442154,7.0,
implantation,TSFGA,4,94,2.278239782843048,1.9010312517665238,7.0,
implantation,TSFGA,4,95,2.278239782843048,1.9062780438758964,7.0,
implantation,TSFGA,4,96,2.278239782843048,1.9033828580944956,7.0,
implantation,TSFGA,4,97,2.278239782843048,1.9149504435785105,7.0,
implantation,TSFGA,4,98,2.278239782843048,1.927031795894176,7.0,
implantation,TSFGA,4,99,2.278239782843048,1.9496614581632508,7.0,
implantation,TSFGA,4,100,2.278239782843048,1.9125621193223978,7.0,
implantation,TSFGA,4,101,2.278239782843048,1.936480159222579,7.0,
implantation,TSFGA,4,102,2.278239782843048,1.9031314436775872,7.0,
implantation,TSFGA,4,103,2.278239782843048,1.908656280407288,7.0,
implantation,TSFGA,4,104,2.278239782843048,1.9323672534870588,7.0,
implantation,TSFGA,4,105,2.278239782843048,1.8021242076044508,7.0,
implantation,TSFGA,4,106,2.278239782843048,1.7911350689101493,7.0,
implantation,TSFGA,4,107,2.278239782843048,1.864904898928937,7.0,
implantation,TSFGA,4,108,2.278239782843048,1.934883619118152,7.0,
implantation,TSFGA,4,109,2.278239782843048,1.8865198111572794,7.0,
implantation,TSFGA,4,110,2.278239782843048,1.887220256034586,7.0,
implantation,TSFGA,4,111,2.278239782843048,1.9631285204133504,7.0,
implantation,TSFGA,4,112,2.2830661455585863,1.9368608747316194,8.0,
implantation,TSFGA,4,113,2.2830661455585863,1.904087463463926,8.0,
implantation,TSFGA,4,114,2.2830661455585863,1.9110897281349133,8.0,
implantation,TSFGA,4,115,2.2830661455585863,1.9111710104302069,8.0,
implantation,TSFGA,4,116,2.2830661455585863,1.9180577977132542,8.0,
implantation,TSFGA,4,117,2.2830661455585863,1.9223200541136443,8.0,
implantation,TSFGA,4,118,2.2830661455585863,1.8939608820600902,8.0,
implantation,TSFGA,4,119,2.2830661455585863,1.887464259766687,8.0,
implantation,TSFGA,4,120,2.2830661455585863,1.9007064737261339,8.0,
implantation,TSFGA,4,121,2.2830661455585863,1.9243527188547447,8.0,
implantation,TSFGA,4,122,2.2830661455585863,1.8862184220321871,8.0,
implantation,TSFGA,4,123,2.2830661455585863,1.91847494362201,8.0,
implantation,TSFGA,4,124,2.305047230965955,1.8660992445134668,7.0,
implantation,TSFGA,4,125,2.305047230965955,1.8367667282628724,7.0,
implantation,TSFGA,4,126,2.305047230965955,1.7827413055624184,7.0,
implantation,TSFGA,4,127,2.305047230965955,1.7452028211905486,7.0,
implantation,TSFGA,4,128,2.305047230965955,1.8474188388636228,7.0,
implantation,TSFGA,4,129,2.305047230965955,1.838641523104128,7.0,
implantation,TSFGA,4,130,2.305047230965955,1.8731183403777123,7.0,
implantation,TSFGA,4,131,2.305047230965955,1.8966771415177461,7.0,
implantation,TSFGA,4,132,2.305047230965955,1.8992734479113789,7.0,
implantation,TSFGA,4,133,2.305047230965955,1.9191927374193198,7.0,
implantation,TSFGA,4,134,2.305047230965955,1.919012138910095,7.0,
implantation,TSFGA,4,135,2.305047230965955,1.8581840410109431,7.0,
implantation,TSFGA,4,136,2.305047230965955,1.839631543352055,7.0,
implantation,TSFGA,4,137,2.305047230965955,1.8877614555445867,7.0,
implantation,TSFGA,4,138,2.305047230965955,1.8867864418108256,7.0,
implantation,TSFGA,4,139,2.305047230965955,1.8564842900350733,7.0,
implantation,TSFGA,4,140,2.305047230965955,1.8539170789438237,7.0,
implantation,TSFGA,4,141,2.305047230965955,1.8861782081774792,7.0,
implantation,TSFGA,4,142,2.305047230965955,1.9158726540005346,7.0,
implantation,TSFGA,4,143,2.305047230965955,1.9134599440677555,7.0,
implantation,TSFGA,4,144,2.305047230965955,1.92951537224219,7.0,
implantation,TSFGA,4,145,2.305047230965955,1.8537772867904638,7.0,
implantation,TSFGA,4,146,2.305047230965955,1.8586659539644974,7.0,
implantation,TSFGA,4,147,2.305047230965955,1.8439161397374086,7.0,
implantation,TSFGA,4,148,2.305047230965955,1.871058366698606,7.0,
implantation,TSFGA,4,149,2.305047230965955,1.8259449509112877,7.0,
implantation,TSFGA,4,150,2.305047230965955,1.8229000711224477,7.0,
implantation,TSFGA,4,151,2.305047230965955,1.8609923449955381,7.0,
implantation,TSFGA,4,152,2.305047230965955,1.8949157251748443,7.0,
implantation,TSFGA,4,153,2.305047230965955,1.8501345338738653,7.0,
implantation,TSFGA,4,154,2.305047230965955,1.885549165131184,7.0,
implantation,TSFGA,4,155,2.305047230965955,1.8947166790935934,7.0,
implantation,TSFGA,4,156,2.305047230965955,1.8508872313315776,7.0,
implantation,TSFGA,4,157,2.305047230965955,1.8726609694136656,7.0,
implantation,TSFGA,4,158,2.305047230965955,1.9343401546404544,7.0,
implantation,TSFGA,4,159,2.305047230965955,1.9425348193299214,7.0,
implantation,TSFGA,4,160,2.305047230965955,1.9567753875597442,7.0,
implantation,TSFGA,4,161,2.305047230965955,1.9353156485703351,7.0,
implantation,TSFGA,4,162,2.305047230965955,1.8923005926585126,7.0,
implantation,TSFGA,4,163,2.305047230965955,1.9343810128646175,7.0,
implantation,TSFGA,4,164,2.305047230965955,1.893257297074206,7.0,
implantation,NSGA2,0,0,0.698800548486679,0.4699873539038763,,5.0
implantation,NSGA2,0,1,0.7017020794048776,0.5188302922405386,,2.0
implantation,NSGA2,0,2,0.7037506510496073,0.5318518361518632,,4.0
implantation,NSGA2,0,3,0.7071964044223885,0.515998553169947,,7.0
implantation,NSGA2,0,4,0.7101213233626147,0.5775014925471341,,4.0
implantation,NSGA2,0,5,0.7124764704776005,0.5763923186777313,,6.0
implantation,NSGA2,0,6,0.7128202539319117,0.6003221769307283,,7.0
implantation,NSGA2,0,7,0.7158975296144564,0.5968869083503204,,6.0
implantation,NSGA2,0,8,0.7187838449922324,0.622627657505106,,4.0
implantation,NSGA2,0,9,0.7223457403482546,0.6435176287693919,,5.0
implantation,NSGA2,0,10,0.7271127238006261,0.6140544449950335,,3.0
implantation,NSGA2,0,11,0.7271127238006261,0.6230318319591494,,4.0
implantation,NSGA2,0,12,0.7278488678315801,0.6316201136225088,,5.0
implantation,NSGA2,0,13,0.7316627173163952,0.6475105314828014,,3.0
implantation,NSGA2,0,14,0.7316627173163952,0.6412953399665746,,5.0
implantation,NSGA2,0,15,0.7316627173163952,0.654012994339538,,5.0
implantation,NSGA2,0,16,0.7316627173163952,0.6541503777504645,,5.0
implantation,NSGA2,0,17,0.7316627173163952,0.6405136014040806,,5.0
implantation,NSGA2,0,18,0.7316627173163952,0.6437086991835497,,9.0
implantation,NSGA2,0,19,0.7316627173163952,0.6478315695159388,,19.0
implantation,NSGA2,0,20,0.7316627173163952,0.6693797290033492,,33.0
implantation,NSGA2,0,21,0.7316627173163952,0.6945706672030372,,54.0
implantation,NSGA2,0,22,0.7316627173163952,0.7018409620817845,,71.0
implantation,NSGA2,0,23,0.7316627173163952,0.7140653453360031,,80.0
implantation,NSGA2,0,24,0.7316627173163952,0.7137637229552687,,80.0
implantation,NSGA2,0,25,0.7316627173163952,0.7138665998350348,,80.0
implantation,NSGA2,0,26,0.7316627173163952,0.7140612844358885,,80.0
implantation,NSGA2,0,27,0.7316627173163952,0.7143429209123594,,80.0
implantation,NSGA2,0,28,0.7316627173163952,0.7147674060771233,,80.0
implantation,NSGA2,0,29,0.7316627173163952,0.7144098868837135,,80.0
implantation,NSGA2,0,30,0.7316627173163952,0.7110651974432176,,80.0
implantation,NSGA2,0,31,0.7316627173163952,0.7113468339196887,,80.0
implantation,NSGA2,0,32,0.7316627173163952,0.7106207263741904,,80.0
implantation,NSGA2,0,33,0.7316627173163952,0.7071172632412529,,80.0
implantation,NSGA2,0,34,0.7316627173163952,0.6984634372835281,,80.0
implantation,NSGA2,0,35,0.7316627173163952,0.6986222109759695,,80.0
implantation,NSGA2,0,36,0.7316627173163952,0.6943567293891219,,80.0
implantation,NSGA2,0,37,0.7316627173163952,0.6908532662561845,,80.0
implantation,NSGA2,0,38,0.7316627173163952,0.6865008327937193,,80.0
implantation,NSGA2,0,39,0.7316627173163952,0.6781845401251407,,80.0
implantation,NSGA2,0,40,0.7316627173163952,0.6745582142081739,,80.0
implantation,NSGA2,0,41,0.7316627173163952,0.6734786483693804,,80.0
implantation,NSGA2,0,42,0.7316627173163952,0.6695706859759426,,80.0
implantation,NSGA2,0,43,0.7316627173163952,0.6659443600589756,,80.0
implantation,NSGA2,0,44,0.7316627173163952,0.6615560156880984,,80.0
implantation,NSGA2,0,45,0.7316627173163952,0.6573264450096628,,80.0
implantation,NSGA2,0,46,0.7316627173163952,0.6570607335373404,,80.0
implantation,NSGA2,0,47,0.7316627173163952,0.6569178848490475,,80.0
implantation,NSGA2,0,48,0.7316627173163952,0.6537160440968444,,80.0
implantation,NSGA2,0,49,0.7316627173163952,0.6544421516423428,,80.0
implantation,NSGA2,0,50,0.7316627173163952,0.6507799148169638,,80.0
implantation,NSGA2,0,51,0.7316627173163952,0.6475421631563488,,80.0
implantation,NSGA2,0,52,0.7316627173163952,0.6434195302577941,,80.0
implantation,NSGA2,0,53,0.7316627173163952,0.6393128223633878,,80.0
implantation,NSGA2,0,54,0.7316627173163952,0.6393997742390054,,80.0
implantation,NSGA2,0,55,0.7316627173163952,0.6474503554352615,,80.0
implantation,NSGA2,0,56,0.7316627173163952,0.6553221770348128,,80.0
implantation,NSGA2,0,57,0.7316627173163952,0.6515370774254043,,80.0
implantation,NSGA2,0,58,0.7316627173163952,0.6519974734985802,,80.0
implantation,NSGA2,0,59,0.7316627173163952,0.6512713659530819,,80.0
implantation,NSGA2,0,60,0.7316627173163952,0.651307276861494,,80.0
implantation,NSGA2,0,61,0.7316627173163952,0.6511844140774644,,80.0
implantation,NSGA2,0,62,0.7316627173163952,0.6470976920873216,,80.0
implantation,NSGA2,0,63,0.7316627173163952,0.6475221772520856,,80.0
implantation,NSGA2,0,64,0.7316627173163952,0.6432766815695012,,80.0
implantation,NSGA2,0,65,0.7316627173163952,0.6432766815695012,,80.0
implantation,NSGA2,0,66,0.7316627173163952,0.6514860364581988,,80.0
implantation,NSGA2,0,67,0.7316627173163952,0.6628613211906874,,80.0
implantation,NSGA2,0,68,0.7316627173163952,0.6586158255081032,,80.0
implantation,NSGA2,0,69,0.7316627173163952,0.6545291035179603,,80.0
implantation,NSGA2,0,70,0.7316627173163952,0.6543503439212554,,80.0
implantation,NSGA2,0,71,0.7316627173163952,0.650810969879906,,80.0
implantation,NSGA2,0,72,0.7316627173163952,0.6474503554352615,,80.0
implantation,NSGA2,0,73,0.7316627173163952,0.6511485031690525,,80.0
implantation,NSGA2,0,74,0.7316627173163952,0.6520333844069922,,80.0
implantation,NSGA2,0,75,0.7316627173163952,0.6632858063554513,,80.0
implantation,NSGA2,0,76,0.7316627173163952,0.6599251919108069,,80.0
implantation,NSGA2,0,77,0.7316627173163952,0.6603496770755708,,80.0
implantation,NSGA2,0,78,0.7316627173163952,0.6606872103647172,,80.0
implantation,NSGA2,0,79,0.7316627173163952,0.6642265844060666,,80.0
implantation,NSGA2,0,80,0.7316627173163952,0.6598741509436014,,80.0
implantation,NSGA2,0,81,0.7316627173163952,0.6632347653882459,,80.0
implantation,NSGA2,0,82,0.7316627173163952,0.6629331430075114,,80.0
implantation,NSGA2,0,83,0.7316627173163952,0.663056005791541,,80.0
implantation,NSGA2,0,84,0.7316627173163952,0.6635164018647168,,80.0
implantation,NSGA2,0,85,0.7316627173163952,0.6639767979378928,,80.0
implantation,NSGA2,0,86,0.7316627173163952,0.6605092457133674,,80.0
implantation,NSGA2,0,87,0.7316627173163952,0.6685598269096236,,80.0
implantation,NSGA2,0,88,0.7316627173163952,0.6600488496401915,,80.0
implantation,NSGA2,0,89,0.7316627173163952,0.6559621276500487,,80.0
implantation,NSGA2,0,90,0.7316627173163952,0.6518394947514939,,80.0
implantation,NSGA2,0,91,0.7316627173163952,0.6484429693984375,,80.0
implantation,NSGA2,0,92,0.7316627173163952,0.6484429693984374,,80.0
implantation,NSGA2,0,93,0.7316627173163952,0.656227839122371,,80.0
implantation,NSGA2,0,94,0.7316627173163952,0.6522639799162577,,80.0
implantation,NSGA2,0,95,0.7316627173163952,0.6559262167416368,,80.0
implantation,NSGA2,0,96,0.7316627173163952,0.6563507019064005,,80.0
implantation,NSGA2,0,97,0.7316627173163952,0.656724146103959,,80.0
implantation,NSGA2,0,98,0.7316627173163952,0.6561049763383415,,80.0
implantation,NSGA2,0,99,0.7316627173163952,0.6481613329219662,,80.0
implantation,NSGA2,0,100,0.7316627173163952,0.6440746109318235,,80.0
implantation,NSGA2,0,101,0.7316627173163952,0.6443203364998825,,80.0
implantation,NSGA2,0,102,0.7316627173163952,0.6519823434397868,,80.0
implantation,NSGA2,0,103,0.7316627173163952,0.6475062522479369,,80.0
implantation,NSGA2,0,104,0.7316627173163952,0.6515570633296677,,80.0
implantation,NSGA2,0,105,0.7316627173163952,0.6552193001550466,,80.0
implantation,NSGA2,0,106,0.7316627173163952,0.6510766813522284,,80.0
implantation,NSGA2,0,107,0.7316627173163952,0.6516599402094337,,80.0
implantation,NSGA2,0,108,0.7316627173163952,0.647573218219291,,80.0
implantation,NSGA2,0,109,0.7316627173163952,0.6475732182192909,,80.0
implantation,NSGA2,0,110,0.7316627173163952,0.6437881186098826,,80.0
implantation,NSGA2,0,111,0.7316627173163952,0.6438240295182945,,80.0
implantation,NSGA2,0,112,0.7316627173163952,0.6362338443952144,,80.0
implantation,NSGA2,0,113,0.7316627173163952,0.6287665220561636,,80.0
implantation,NSGA2,0,114,0.7316627173163952,0.6323058960975131,,80.0
implantation,NSGA2,0,115,0.7316627173163952,0.6318455000243371,,80.0
implantation,NSGA2,0,116,0.7316627173163952,0.6318455000243371,,80.0
implantation,NSGA2,0,117,0.7316627173163952,0.6353848740656864,,80.0
implantation,NSGA2,0,118,0.7316627173163952,0.6353130522488625,,80.0
implantation,NSGA2,0,119,0.7316627173163952,0.6392410005465639,,80.0
implantation,NSGA2,0,120,0.7316627173163952,0.6390463159457103,,80.0
implantation,NSGA2,0,121,0.7316627173163952,0.6390463159457103,,80.0
implantation,NSGA2,0,122,0.7316627173163952,0.6341975755016571,,80.0
implantation,NSGA2,0,123,0.7316627173163952,0.635118367648009,,80.0
implantation,NSGA2,0,124,0.7316627173163952,0.6321822383681284,,80.0
implantation,NSGA2,0,125,0.7316627173163952,0.6400540599676796,,80.0
implantation,NSGA2,0,126,0.7316627173163952,0.6400540599676796,,80.0
implantation,NSGA2,0,127,0.7316627173163952,0.6399311971836502,,80.0
implantation,NSGA2,0,128,0.7316627173163952,0.6401969086559725,,80.0
implantation,NSGA2,0,129,0.7316627173163952,0.6397165266785333,,80.0
implantation,NSGA2,0,130,0.7316627173163952,0.6399311971836502,,80.0
implantation,NSGA2,0,131,0.7316627173163952,0.6475932041235544,,80.0
implantation,NSGA2,0,132,0.7316627173163952,0.6436093590131776,,80.0
implantation,NSGA2,0,133,0.7316627173163952,0.6398601703121812,,80.0
implantation,NSGA2,0,134,0.7316627173163952,0.6364995558675368,,80.0
implantation,NSGA2,0,135,0.7316627173163952,0.637082814724742,,80.0
implantation,NSGA2,0,136,0.7316627173163952,0.6367811923440078,,80.0
implantation,NSGA2,0,137,0.7316627173163952,0.632730381262277,,80.0
implantation,NSGA2,0,138,0.7316627173163952,0.6320753005882476,,80.0
implantation,NSGA2,0,139,0.7316627173163952,0.6364995558675367,,80.0
implantation,NSGA2,0,140,0.7316627173163952,0.6359162970103313,,80.0
implantation,NSGA2,0,141,0.7316627173163952,0.6351901894648331,,80.0
implantation,NSGA2,0,142,0.7316627173163952,0.6319883487126299,,80.0
implantation,NSGA2,0,143,0.7316627173163952,0.635650585538009,,80.0
implantation,NSGA2,0,144,0.7316627173163952,0.6321112114966596,,80.0
implantation,NSGA2,0,145,0.7316627173163952,0.6363207962708318,,80.0
implantation,NSGA2,0,146,0.7316627173163952,0.6368681442196253,,80.0
implantation,NSGA2,0,147,0.7316627173163952,0.6367093705271838,,80.0
implantation,NSGA2,0,148,0.7316627173163952,0.6335075297749808,,80.0
implantation,NSGA2,0,149,0.7316627173163952,0.6371697666003597,,80.0
implantation,NSGA2,0,150,0.7316627173163952,0.6407091406417091,,80.0
implantation,NSGA2,0,151,0.7316627173163952,0.644089740990617,,80.0
implantation,NSGA2,0,152,0.7316627173163952,0.6443713774670881,,80.0
implantation,NSGA2,0,153,0.7316627173163952,0.6446729998478224,,80.0
implantation,NSGA2,0,154,0.7316627173163952,0.6443554524629393,,80.0
implantation,NSGA2,0,155,0.7316627173163952,0.6363048712666833,,80.0
implantation,NSGA2,0,156,0.7316627173163952,0.6403915932568262,,80.0
implantation,NSGA2,0,157,0.7316627173163952,0.6483193116690527,,80.0
implantation,NSGA2,0,158,0.7316627173163952,0.6519815484944316,,80.0
implantation,NSGA2,0,159,0.7316627173163952,0.6638890511169201,,80.0
implantation,NSGA2,0,160,0.7316627173163952,0.6633417031681267,,80.0
implantation,NSGA2,0,161,0.7316627173163952,0.6671627136859472,,80.0
implantation,NSGA2,0,162,0.7316627173163952,0.6630041698789804,,80.0
implantation,NSGA2,0,163,0.7316627173163952,0.6593419330536013,,80.0
implantation,NSGA2,0,164,0.7316627173163952,0.6549017527701635,,80.0
implantation,NSGA2,0,165,0.7316627173163952,0.6547589040818707,,80.0
implantation,NSGA2,0,166,0.7316627173163952,0.6546001303894291,,80.0
implantation,NSGA2,0,167,0.7316627173163952,0.6543184939129582,,80.0
implantation,NSGA2,0,168,0.7316627173163952,0.6590243856687183,,80.0
implantation,NSGA2,0,169,0.7316627173163952,0.6547948149902826,,80.0
implantation,NSGA2,0,170,0.7316627173163952,0.6514342005456382,,80.0
implantation,NSGA2,0,171,0.7316627173163952,0.6505493193076983,,80.0
implantation,NSGA2,0,172,0.7316627173163952,0.6471687189587905,,80.0
implantation,NSGA2,0,173,0.7316627173163952,0.6436652558258531,,80.0
implantation,NSGA2,0,174,0.7316627173163952,0.6437881186098826,,80.0
implantation,NSGA2,0,175,0.7316627173163952,0.6439109813939121,,80.0
implantation,NSGA2,0,176,0.7316627173163952,0.643946892302324,,80.0
implantation,NSGA2,0,177,0.7316627173163952,0.644053830082205,,80.0
implantation,NSGA2,0,178,0.7316627173163952,0.6476801559991718,,80.0
implantation,NSGA2,0,179,0.7316627173163952,0.6515011665169922,,80.0
implantation,NSGA2,0,180,0.7316627173163952,0.6477160669075838,,80.0
implantation,NSGA2,0,181,0.7316627173163952,0.6513423928245508,,80.0
implantation,NSGA2,0,182,0.7316627173163952,0.6471687189587905,,80.0
implantation,NSGA2,0,183,0.7316627173163952,0.6468152606654953,,80.0
implantation,NSGA2,0,184,0.7316627173163952,0.6468511715739074,,80.0
implantation,NSGA2,0,185,0.7316627173163952,0.6432248456569405,,80.0
implantation,NSGA2,0,186,0.7316627173163952,0.6397213825240031,,80.0
implantation,NSGA2,0,187,0.7316627173163952,0.6322540601849524,,80.0
implantation,NSGA2,0,188,0.7316627173163952,0.6241316571718722,,80.0
implantation,NSGA2,0,189,0.7316627173163952,0.6322540601849524,,80.0
implantation,NSGA2,0,190,0.7316627173163952,0.6359522079187434,,80.0
implantation,NSGA2,0,191,0.7316627173163952,0.6318654859286006,,80.0
implantation,NSGA2,0,192,0.7316627173163952,0.6284848855796927,,80.0
implantation,NSGA2,0,193,0.7316627173163952,0.6361468925195969,,80.0
implantation,NSGA2,0,194,0.7316627173163952,0.6518594806557573,,80.0
implantation,NSGA2,0,195,0.7316627173163952,0.6477209227530538,,80.0
implantation,NSGA2,0,196,0.7316627173163952,0.6483041816102592,,80.0
implantation,NSGA2,0,197,0.7316627173163952,0.6484270443942887,,80.0
implantation,NSGA2,0,198,0.7316627173163952,0.6447648075689099,,80.0
implantation,NSGA2,0,199,0.7316627173163952,0.6530100733660195,,80.0
implantation,NSGA2,0,200,0.7316627173163952,0.6530100733660195,,80.0
implantation,NSGA2,1,0,0.6963992333435303,0.4362234846379229,,6.0
implantation,NSGA2,1,1,0.6973858542382231,0.5694858227291129,,4.0
implantation,NSGA2,1,2,0.7028151400659064,0.5912137869519293,,5.0
implantation,NSGA2,1,3,0.7028151400659064,0.5739495225876926,,7.0
implantation,NSGA2,1,4,0.7030304287499618,0.5729328126992124,,6.0
implantation,NSGA2,1,5,0.7063958185330346,0.6071645127492757,,5.0
implantation,NSGA2,1,6,0.7129387933457039,0.6364208229421965,,4.0
implantation,NSGA2,1,7,0.7131017108202511,0.677117542397894,,8.0
implantation,NSGA2,1,8,0.7168107369894755,0.6666453695957141,,3.0
implantation,NSGA2,1,9,0.7168107369894755,0.663539411635502,,3.0
implantation,NSGA2,1,10,0.7204477319379312,0.6490882717668007,,4.0
implantation,NSGA2,1,11,0.7225954353342329,0.670313101999801,,4.0
implantation,NSGA2,1,12,0.7225954353342329,0.683893589101453,,5.0
implantation,NSGA2,1,13,0.7249179179534142,0.6968564582394136,,4.0
implantation,NSGA2,1,14,0.7275725274291419,0.703717814875267,,4.0
implantation,NSGA2,1,15,0.7275725274291419,0.6976223777842346,,3.0
implantation,NSGA2,1,16,0.7277463673985052,0.697090765858287,,6.0
implantation,NSGA2,1,17,0.728941425367575,0.683056947129635,,7.0
implantation,NSGA2,1,18,0.7300445157674471,0.6977696683659227,,12.0
implantation,NSGA2,1,19,0.7301159601730343,0.7018235146085937,,15.0
implantation,NSGA2,1,20,0.7301159601730343,0.7074916222952341,,25.0
implantation,NSGA2,1,21,0.7301159601730343,0.703237385329029,,35.0
implantation,NSGA2,1,22,0.7301159601730343,0.7059846948695772,,51.0
implantation,NSGA2,1,23,0.7301159601730343,0.7089973750204488,,60.0
implantation,NSGA2,1,24,0.7301159601730343,0.7009039810729096,,80.0
implantation,NSGA2,1,25,0.7301159601730343,0.7010021511246867,,80.0
implantation,NSGA2,1,26,0.7301159601730343,0.7005119541361869,,80.0
implantation,NSGA2,1,27,0.7301159601730343,0.7008574250975885,,80.0
implantation,NSGA2,1,28,0.7301159601730343,0.7014501969686148,,80.0
implantation,NSGA2,1,29,0.7301159601730343,0.6976021503266299,,80.0
implantation,NSGA2,1,30,0.7301159601730343,0.6930382021364558,,80.0
implantation,NSGA2,1,31,0.7301159601730343,0.6933497910776861,,80.0
implantation,NSGA2,1,32,0.7301159601730343,0.6932730232333875,,80.0
implantation,NSGA2,1,33,0.7301159601730343,0.6937676250526367,,80.0
implantation,NSGA2,1,34,0.7301159601730343,0.6893268065396256,,80.0
implantation,NSGA2,1,35,0.7301159601730343,0.6896079894694215,,80.0
implantation,NSGA2,1,36,0.7301159601730343,0.6852270541572666,,80.0
implantation,NSGA2,1,37,0.7301159601730343,0.6810335365538801,,80.0
implantation,NSGA2,1,38,0.7301159601730343,0.6853421088524859,,80.0
implantation,NSGA2,1,39,0.7301159601730343,0.685512641917812,,80.0
implantation,NSGA2,1,40,0.7301159601730343,0.685572525118668,,80.0
implantation,NSGA2,1,41,0.7301159601730343,0.6774926740223758,,80.0
implantation,NSGA2,1,42,0.7301159601730343,0.6778550296272199,,80.0
implantation,NSGA2,1,43,0.7301159601730343,0.6778550296272199,,80.0
implantation,NSGA2,1,44,0.7301159601730343,0.6743141670957156,,80.0
implantation,NSGA2,1,45,0.7301159601730343,0.6745658728360898,,80.0
implantation,NSGA2,1,46,0.7301159601730343,0.6749837068110405,,80.0
implantation,NSGA2,1,47,0.7301159601730343,0.6751667196890593,,80.0
implantation,NSGA2,1,48,0.7301159601730343,0.675171124519809,,80.0
implantation,NSGA2,1,49,0.7301159601730343,0.6878792118378808,,80.0
implantation,NSGA2,1,50,0.7301159601730343,0.6836688095910518,,80.0
implantation,NSGA2,1,51,0.7301159601730343,0.6834982765257258,,80.0
implantation,NSGA2,1,52,0.7301159601730343,0.6832553804468509,,80.0
implantation,NSGA2,1,53,0.7301159601730343,0.6831491354131305,,80.0
implantation,NSGA2,1,54,0.7301159601730343,0.6793734517846945,,80.0
implantation,NSGA2,1,55,0.7301159601730343,0.6835713742188305,,80.0
implantation,NSGA2,1,56,0.7301159601730343,0.678955617809744,,80.0
implantation,NSGA2,1,57,0.7301159601730343,0.6787850847444179,,80.0
implantation,NSGA2,1,58,0.7301159601730343,0.6787894895751675,,80.0
implantation,NSGA2,1,59,0.7301159601730343,0.6787850847444179,,80.0
implantation,NSGA2,1,60,0.7301159601730343,0.675120050980452,,80.0
implantation,NSGA2,1,61,0.7301159601730343,0.6715317850607846,,80.0
implantation,NSGA2,1,62,0.7301159601730343,0.6714674970291791,,80.0
implantation,NSGA2,1,63,0.7301159601730343,0.667269574595043,,80.0
implantation,NSGA2,1,64,0.7301159601730343,0.6665313420173629,,80.0
implantation,NSGA2,1,65,0.7301159601730343,0.6627556583889269,,80.0
implantation,NSGA2,1,66,0.7301159601730343,0.6666723978932672,,80.0
implantation,NSGA2,1,67,0.7301159601730343,0.6627816595696118,,80.0
implantation,NSGA2,1,68,0.7301159601730343,0.6628415427704679,,80.0
implantation,NSGA2,1,69,0.7301159601730343,0.6671592316063161,,80.0
implantation,NSGA2,1,70,0.7301159601730343,0.6716464119521914,,80.0
implantation,NSGA2,1,71,0.7301159601730343,0.6717062951530476,,80.0
implantation,NSGA2,1,72,0.7301159601730343,0.6707938593588477,,80.0
implantation,NSGA2,1,73,0.7301159601730343,0.6706616131444425,,80.0
implantation,NSGA2,1,74,0.7301159601730343,0.6712587898462183,,80.0
implantation,NSGA2,1,75,0.7301159601730343,0.6710283735800363,,80.0
implantation,NSGA2,1,76,0.7301159601730343,0.6669623904845622,,80.0
implantation,NSGA2,1,77,0.7301159601730343,0.6626965098676267,,80.0
implantation,NSGA2,1,78,0.7301159601730343,0.6625134969896077,,80.0
implantation,NSGA2,1,79,0.7301159601730343,0.6631322700413188,,80.0
implantation,NSGA2,1,80,0.7301159601730343,0.6634858159846637,,80.0
implantation,NSGA2,1,81,0.7301159601730343,0.6634350493210498,,80.0
implantation,NSGA2,1,82,0.7301159601730343,0.6670357950534103,,80.0
implantation,NSGA2,1,83,0.7301159601730343,0.6670357950534102,,80.0
implantation,NSGA2,1,84,0.7301159601730343,0.6680544758813303,,80.0
implantation,NSGA2,1,85,0.7301159601730343,0.6681651257458002,,80.0
implantation,NSGA2,1,86,0.7301159601730343,0.6679821128677812,,80.0
implantation,NSGA2,1,87,0.7301159601730343,0.6720050974058418,,80.0
implantation,NSGA2,1,88,0.7301159601730343,0.6636092525375696,,80.0
implantation,NSGA2,1,89,0.7301159601730343,0.6673893409967551,,80.0
implantation,NSGA2,1,90,0.7301159601730343,0.6676793335880502,,80.0
implantation,NSGA2,1,91,0.7301159601730343,0.6673169779832061,,80.0
implantation,NSGA2,1,92,0.7301159601730343,0.6709221285463159,,80.0
implantation,NSGA2,1,93,0.7301159601730343,0.666553673046854,,80.0
implantation,NSGA2,1,94,0.7301159601730343,0.6703892398761458,,80.0
implantation,NSGA2,1,95,0.7301159601730343,0.6706409456165201,,80.0
implantation,NSGA2,1,96,0.7301159601730343,0.6703936447068954,,80.0
implantation,NSGA2,1,97,0.7301159601730343,0.6707471906502404,,80.0
implantation,NSGA2,1,98,0.7301159601730343,0.6706873074493843,,80.0
implantation,NSGA2,1,99,0.7301159601730343,0.6710408533927292,,80.0
implantation,NSGA2,1,100,0.7301159601730343,0.6708060322957976,,80.0
implantation,NSGA2,1,101,0.7301159601730343,0.6708703203274032,,80.0
implantation,NSGA2,1,102,0.7301159601730343,0.6705123695533087,,80.0
implantation,NSGA2,1,103,0.7301159601730343,0.6742416913488803,,80.0
implantation,NSGA2,1,104,0.7301159601730343,0.6741774033172747,,80.0
implantation,NSGA2,1,105,0.7301159601730343,0.6783753257514108,,80.0
implantation,NSGA2,1,106,0.7301159601730343,0.6739943904392558,,80.0
implantation,NSGA2,1,107,0.7301159601730343,0.6744122244142063,,80.0
implantation,NSGA2,1,108,0.7301159601730343,0.6703384732125321,,80.0
implantation,NSGA2,1,109,0.7301159601730343,0.6701635353164566,,80.0
implantation,NSGA2,1,110,0.7301159601730343,0.6661449556091456,,80.0
implantation,NSGA2,1,111,0.7301159601730343,0.670338473212532,,80.0
implantation,NSGA2,1,112,0.7301159601730343,0.6662431256609225,,80.0
implantation,NSGA2,1,113,0.7301159601730343,0.659113997209751,,80.0
implantation,NSGA2,1,114,0.7301159601730343,0.6551633756852395,,80.0
implantation,NSGA2,1,115,0.7301159601730343,0.6473004194871373,,80.0
implantation,NSGA2,1,116,0.7301159601730343,0.6468825855121868,,80.0
implantation,NSGA2,1,117,0.7301159601730343,0.650969858081853,,80.0
implantation,NSGA2,1,118,0.7301159601730343,0.6629664486824854,,80.0
implantation,NSGA2,1,119,0.7301159601730343,0.670095577133657,,80.0
implantation,NSGA2,1,120,0.7301159601730343,0.6738712607620929,,80.0
implantation,NSGA2,1,121,0.7301159601730343,0.6821984127680099,,80.0
implantation,NSGA2,1,122,0.7301159601730343,0.6780603735347298,,80.0
implantation,NSGA2,1,123,0.7301159601730343,0.6739223343014499,,80.0
implantation,NSGA2,1,124,0.7301159601730343,0.6779836056904311,,80.0
implantation,NSGA2,1,125,0.7301159601730343,0.6733035612497389,,80.0
implantation,NSGA2,1,126,0.7301159601730343,0.6737258000554391,,80.0
implantation,NSGA2,1,127,0.7301159601730343,0.6695322824520525,,80.0
implantation,NSGA2,1,128,0.7301159601730343,0.6699501164270032,,80.0
implantation,NSGA2,1,129,0.7301159601730343,0.6701250543230788,,80.0
implantation,NSGA2,1,130,0.7301159601730343,0.6655779907763473,,80.0
implantation,NSGA2,1,131,0.7301159601730343,0.6651557519706472,,80.0
implantation,NSGA2,1,132,0.7301159601730343,0.6697715083797338,,80.0
implantation,NSGA2,1,133,0.7301159601730343,0.6702705150297327,,80.0
implantation,NSGA2,1,134,0.7301159601730343,0.6658296965167215,,80.0
implantation,NSGA2,1,135,0.7301159601730343,0.6666697692973723,,80.0
implantation,NSGA2,1,136,0.7301159601730343,0.6667884941437856,,80.0
implantation,NSGA2,1,137,0.7301159601730343,0.6666778442793155,,80.0
implantation,NSGA2,1,138,0.7301159601730343,0.6628253928065811,,80.0
implantation,NSGA2,1,139,0.7301159601730343,0.6626887417614264,,80.0
implantation,NSGA2,1,140,0.7301159601730343,0.6659947831959989,,80.0
implantation,NSGA2,1,141,0.7301159601730343,0.665824250130673,,80.0
implantation,NSGA2,1,142,0.7301159601730343,0.6739683892585709,,80.0
implantation,NSGA2,1,143,0.7301159601730343,0.6702525888309913,,80.0
implantation,NSGA2,1,144,0.7301159601730343,0.6704998897406158,,80.0
implantation,NSGA2,1,145,0.7301159601730343,0.6706748276366914,,80.0
implantation,NSGA2,1,146,0.7301159601730343,0.6627743192672242,,80.0
implantation,NSGA2,1,147,0.7301159601730343,0.6584102685985117,,80.0
implantation,NSGA2,1,148,0.7301159601730343,0.6504965457367959,,80.0
implantation,NSGA2,1,149,0.7301159601730343,0.6504965457367959,,80.0
implantation,NSGA2,1,150,0.7301159601730343,0.6585808016638378,,80.0
implantation,NSGA2,1,151,0.7301159601730343,0.6581629676888872,,80.0
implantation,NSGA2,1,152,0.7301159601730343,0.6583379055849627,,80.0
implantation,NSGA2,1,153,0.7301159601730343,0.6663750649995845,,80.0
implantation,NSGA2,1,154,0.7301159601730343,0.6664857148640545,,80.0
implantation,NSGA2,1,155,0.7301159601730343,0.6627699144364747,,80.0
implantation,NSGA2,1,156,0.7301159601730343,0.6628342024680803,,80.0
implantation,NSGA2,1,157,0.7301159601730343,0.6630047355334063,,80.0
implantation,NSGA2,1,158,0.7301159601730343,0.6631877484114252,,80.0
implantation,NSGA2,1,159,0.7301159601730343,0.6670696770735814,,80.0
implantation,NSGA2,1,160,0.7301159601730343,0.6669590272091115,,80.0
implantation,NSGA2,1,161,0.7301159601730343,0.6669590272091115,,80.0
implantation,NSGA2,1,162,0.7301159601730343,0.6585719920023385,,80.0
implantation,NSGA2,1,163,0.7301159601730343,0.6547364251730466,,80.0
implantation,NSGA2,1,164,0.7301159601730343,0.6589343476071827,,80.0
implantation,NSGA2,1,165,0.7301159601730343,0.6593609912436325,,80.0
implantation,NSGA2,1,166,0.7301159601730343,0.6594252792752381,,80.0
implantation,NSGA2,1,167,0.7301159601730343,0.6588281025734624,,80.0
implantation,NSGA2,1,168,0.7301159601730343,0.6585165136322321,,80.0
implantation,NSGA2,1,169,0.7301159601730343,0.6624752101386869,,80.0
implantation,NSGA2,1,170,0.7301159601730343,0.6666088445412173,,80.0
implantation,NSGA2,1,171,0.7301159601730343,0.6623002722426113,,80.0
implantation,NSGA2,1,172,0.7301159601730343,0.6664518328438831,,80.0
implantation,NSGA2,1,173,0.7301159601730343,0.666733015773679,,80.0
implantation,NSGA2,1,174,0.7301159601730343,0.6666267707399587,,80.0
implantation,NSGA2,1,175,0.7301159601730343,0.6671596594101288,,80.0
implantation,NSGA2,1,176,0.7301159601730343,0.6668097836179777,,80.0
implantation,NSGA2,1,177,0.7301159601730343,0.6663276616114213,,80.0
implantation,NSGA2,1,178,0.7301159601730343,0.6617717884031908,,80.0
implantation,NSGA2,1,179,0.7301159601730343,0.6620066095001225,,80.0
implantation,NSGA2,1,180,0.7301159601730343,0.6620110143308721,,80.0
implantation,NSGA2,1,181,0.7301159601730343,0.6625394981702926,,80.0
implantation,NSGA2,1,182,0.7301159601730343,0.6587638145418567,,80.0
implantation,NSGA2,1,183,0.7301159601730343,0.6549329594190574,,80.0
implantation,NSGA2,1,184,0.7301159601730343,0.6512215638222272,,80.0
implantation,NSGA2,1,185,0.7301159601730343,0.6557774370304579,,80.0
implantation,NSGA2,1,186,0.7301159601730343,0.6515152265647159,,80.0
implantation,NSGA2,1,187,0.7301159601730343,0.6510929877590158,,80.0
implantation,NSGA2,1,188,0.7301159601730343,0.6633751661201938,,80.0
implantation,NSGA2,1,189,0.7301159601730343,0.6715960730923903,,80.0
implantation,NSGA2,1,190,0.7301159601730343,0.6712381223182957,,80.0
implantation,NSGA2,1,191,0.7301159601730343,0.6708757667134517,,80.0
implantation,NSGA2,1,192,0.7301159601730343,0.6669214750377465,,80.0
implantation,NSGA2,1,193,0.7301159601730343,0.667108892746515,,80.0
implantation,NSGA2,1,194,0.7301159601730343,0.6754404495831815,,80.0
implantation,NSGA2,1,195,0.7301159601730343,0.6714898280586701,,80.0
implantation,NSGA2,1,196,0.7301159601730343,0.675687750492806,,80.0
implantation,NSGA2,1,197,0.7301159601730343,0.6752012236555002,,80.0
implantation,NSGA2,1,198,0.7301159601730343,0.6753118735199701,,80.0
implantation,NSGA2,1,199,0.7301159601730343,0.6662037972547028,,80.0
implantation,NSGA2,1,200,0.7301159601730343,0.6662037972547028,,80.0
implantation,NSGA2,2,0,0.70876701464117,0.4601601590122514,,5.0
implantation,NSGA2,2,1,0.7131765046131694,0.5634980572215754,,5.0
implantation,NSGA2,2,2,0.7131765046131694,0.600180972659518,,6.0
implantation,NSGA2,2,3,0.7140077768525859,0.6382747674606686,,6.0
implantation,NSGA2,2,4,0.7157381986640747,0.6499861981181463,,6.0
implantation,NSGA2,2,5,0.7157381986640747,0.6490071224585288,,8.0
implantation,NSGA2,2,6,0.7221335661470221,0.6495787167047231,,5.0
implantation,NSGA2,2,7,0.7221335661470221,0.6577470952211366,,4.0
implantation,NSGA2,2,8,0.7221335661470221,0.6660701305802018,,4.0
implantation,NSGA2,2,9,0.7247966819141238,0.7074171271102839,,3.0
implantation,NSGA2,2,10,0.7276507407542359,0.7109817521905145,,3.0
implantation,NSGA2,2,11,0.7276507407542359,0.7094911526485428,,4.0
implantation,NSGA2,2,12,0.7289563268342176,0.7150195976386577,,2.0
implantation,NSGA2,2,13,0.7289563268342176,0.7112699736480662,,3.0
implantation,NSGA2,2,14,0.7300871008486478,0.6992954726975282,,4.0
implantation,NSGA2,2,15,0.7300871008486478,0.714307581385774,,5.0
implantation,NSGA2,2,16,0.7314737608104199,0.7147087712431411,,10.0
implantation,NSGA2,2,17,0.7314737608104199,0.716393440864157,,14.0
implantation,NSGA2,2,18,0.7314737608104199,0.6993628075216373,,16.0
implantation,NSGA2,2,19,0.7322627961347553,0.7076542477264829,,18.0
implantation,NSGA2,2,20,0.7322627961347553,0.7078373689332885,,30.0
implantation,NSGA2,2,21,0.7324324411604808,0.7106116386331279,,38.0
implantation,NSGA2,2,22,0.7333125230681957,0.7123200770647646,,55.0
implantation,NSGA2,2,23,0.7333125230681957,0.704053343837313,,80.0
implantation,NSGA2,2,24,0.7333125230681957,0.7000468464931772,,80.0
implantation,NSGA2,2,25,0.7333125230681957,0.6957525859137909,,80.0
implantation,NSGA2,2,26,0.7333125230681957,0.7138379558376422,,80.0
implantation,NSGA2,2,27,0.7333125230681957,0.7137220071744772,,80.0
implantation,NSGA2,2,28,0.7333125230681957,0.7101399461330452,,80.0
implantation,NSGA2,2,29,0.7333125230681957,0.7024231000404135,,80.0
implantation,NSGA2,2,30,0.7333125230681957,0.7031704410830004,,80.0
implantation,NSGA2,2,31,0.7333125230681957,0.699214709520275,,80.0
implantation,NSGA2,2,32,0.7333125230681957,0.699214709520275,,80.0
implantation,NSGA2,2,33,0.7333125230681957,0.6946834514870482,,80.0
implantation,NSGA2,2,34,0.7333125230681957,0.6907820747977109,,80.0
implantation,NSGA2,2,35,0.7333125230681957,0.6905486664358484,,80.0
implantation,NSGA2,2,36,0.7333125230681957,0.6869666053944165,,80.0
implantation,NSGA2,2,37,0.7333125230681957,0.6835548478895378,,80.0
implantation,NSGA2,2,38,0.7333125230681957,0.6790463923170444,,80.0
implantation,NSGA2,2,39,0.7333125230681957,0.679560324997769,,80.0
implantation,NSGA2,2,40,0.7333125230681957,0.6794443763346039,,80.0
implantation,NSGA2,2,41,0.7333125230681957,0.6787829425780598,,80.0
implantation,NSGA2,2,42,0.7333125230681957,0.6702400870731869,,80.0
implantation,NSGA2,2,43,0.7333125230681957,0.6664862114596695,,80.0
implantation,NSGA2,2,44,0.7333125230681957,0.6621568093756505,,80.0
implantation,NSGA2,2,45,0.7333125230681957,0.6545874643588385,,80.0
implantation,NSGA2,2,46,0.7333125230681957,0.6501721549887767,,80.0
implantation,NSGA2,2,47,0.7333125230681957,0.6502580622748196,,80.0
implantation,NSGA2,2,48,0.7333125230681957,0.6426644037617416,,80.0
implantation,NSGA2,2,49,0.7333125230681957,0.6472199752912343,,80.0
implantation,NSGA2,2,50,0.7333125230681957,0.6512616141400025,,80.0
implantation,NSGA2,2,51,0.7333125230681957,0.6512072592666144,,80.0
implantation,NSGA2,2,52,0.7333125230681957,0.6476251982251824,,80.0
implantation,NSGA2,2,53,0.7333125230681957,0.6477111055112251,,80.0
implantation,NSGA2,2,54,0.7333125230681957,0.6477654603846134,,80.0
implantation,NSGA2,2,55,0.7333125230681957,0.6444939650391657,,80.0
implantation,NSGA2,2,56,0.7333125230681957,0.6483881028121141,,80.0
implantation,NSGA2,2,57,0.7333125230681957,0.6557012370063301,,80.0
implantation,NSGA2,2,58,0.7333125230681957,0.6557012370063301,,80.0
implantation,NSGA2,2,59,0.7333125230681957,0.655646882132942,,80.0
implantation,NSGA2,2,60,0.7333125230681957,0.6479057225440444,,80.0
implantation,NSGA2,2,61,0.7333125230681957,0.6475864068961391,,80.0
implantation,NSGA2,2,62,0.7333125230681957,0.6438325312826215,,80.0
implantation,NSGA2,2,63,0.7333125230681957,0.6443149115506913,,80.0
implantation,NSGA2,2,64,0.7333125230681957,0.641276824567106,,80.0
implantation,NSGA2,2,65,0.7333125230681957,0.6532542400375909,,80.0
implantation,NSGA2,2,66,0.7333125230681957,0.6525928062810469,,80.0
implantation,NSGA2,2,67,0.7333125230681957,0.6485511674322787,,80.0
implantation,NSGA2,2,68,0.7333125230681957,0.6483177590704162,,80.0
implantation,NSGA2,2,69,0.7333125230681957,0.6485511674322787,,80.0
implantation,NSGA2,2,70,0.7333125230681957,0.6488932855409175,,80.0
implantation,NSGA2,2,71,0.7333125230681957,0.6528262146429094,,80.0
implantation,NSGA2,2,72,0.7336113579417617,0.6491619817513541,,80.0
implantation,NSGA2,2,73,0.7336113579417617,0.6531492657267343,,80.0
implantation,NSGA2,2,74,0.7336113579417617,0.649247889037397,,80.0
implantation,NSGA2,2,75,0.7336113579417617,0.6452606050620169,,80.0
implantation,NSGA2,2,76,0.7336113579417617,0.6412455041099018,,80.0
implantation,NSGA2,2,77,0.7336113579417617,0.6413035944192096,,80.0
implantation,NSGA2,2,78,0.7336113579417617,0.6454348759899402,,80.0
implantation,NSGA2,2,79,0.7336113579417617,0.6493290137628887,,80.0
implantation,NSGA2,2,80,0.7336113579417617,0.6539389401657696,,80.0
implantation,NSGA2,2,81,0.7336113579417617,0.654284793710328,,80.0
implantation,NSGA2,2,82,0.7336113579417617,0.6547202899768487,,80.0
implantation,NSGA2,2,83,0.7336113579417617,0.6546381181267255,,80.0
implantation,NSGA2,2,84,0.7336113579417617,0.6581973767074241,,80.0
implantation,NSGA2,2,85,0.7336113579417617,0.670408432495222,,80.0
implantation,NSGA2,2,86,0.7336113579417617,0.6740764008226966,,80.0
implantation,NSGA2,2,87,0.7336113579417617,0.6740220459493085,,80.0
implantation,NSGA2,2,88,0.7336113579417617,0.6696926438652896,,80.0
implantation,NSGA2,2,89,0.7336113579417617,0.6695561171417782,,80.0
implantation,NSGA2,2,90,0.7336113579417617,0.6697895255036407,,80.0
implantation,NSGA2,2,91,0.7336113579417617,0.6658337939409152,,80.0
implantation,NSGA2,2,92,0.7336113579417617,0.6661796474854735,,80.0
implantation,NSGA2,2,93,0.7336113579417617,0.6656619793688296,,80.0
implantation,NSGA2,2,94,0.7336113579417617,0.6613010248721561,,80.0
implantation,NSGA2,2,95,0.7336113579417617,0.6654791904444357,,80.0
implantation,NSGA2,2,96,0.7336113579417617,0.6651914272091851,,80.0
implantation,NSGA2,2,97,0.7336113579417617,0.665421100135128,,80.0
implantation,NSGA2,2,98,0.7336113579417617,0.6619549877568611,,80.0
implantation,NSGA2,2,99,0.7336113579417617,0.6661368887650603,,80.0
implantation,NSGA2,2,100,0.7336113579417617,0.6702366179231362,,80.0
implantation,NSGA2,2,101,0.7336113579417617,0.6780358678213416,,80.0
implantation,NSGA2,2,102,0.7336113579417617,0.6819687969233336,,80.0
implantation,NSGA2,2,103,0.7336113579417617,0.6780168007965276,,80.0
implantation,NSGA2,2,104,0.7336113579417617,0.6735118487045036,,80.0
implantation,NSGA2,2,105,0.7336113579417617,0.6696139754956356,,80.0
implantation,NSGA2,2,106,0.7336113579417617,0.6613941710745876,,80.0
implantation,NSGA2,2,107,0.7336113579417617,0.6604837654118362,,80.0
implantation,NSGA2,2,108,0.7336113579417617,0.6649571650912056,,80.0
implantation,NSGA2,2,109,0.7336113579417617,0.6649571650912056,,80.0
implantation,NSGA2,2,110,0.7336113579417617,0.6728385868395342,,80.0
implantation,NSGA2,2,111,0.7336113579417617,0.6692287088213672,,80.0
implantation,NSGA2,2,112,0.7336113579417617,0.6649499261748169,,80.0
implantation,NSGA2,2,113,0.7336113579417617,0.6736014914264661,,80.0
implantation,NSGA2,2,114,0.7336113579417617,0.6814829131747946,,80.0
implantation,NSGA2,2,115,0.7336113579417617,0.67810644351849,,80.0
implantation,NSGA2,2,116,0.7336113579417617,0.6782504411138406,,80.0
implantation,NSGA2,2,117,0.7336113579417617,0.6790484015938961,,80.0
implantation,NSGA2,2,118,0.7336113579417617,0.6748627651497774,,80.0
implantation,NSGA2,2,119,0.7336113579417617,0.6751542638209476,,80.0
implantation,NSGA2,2,120,0.7336113579417617,0.679767925659748,,80.0
implantation,NSGA2,2,121,0.7336113579417617,0.6794523454477623,,80.0
implantation,NSGA2,2,122,0.7336113579417617,0.6795067003211506,,80.0
implantation,NSGA2,2,123,0.7336113579417617,0.6830271675728056,,80.0
implantation,NSGA2,2,124,0.7336113579417617,0.6793313822685957,,80.0
implantation,NSGA2,2,125,0.7336113579417617,0.6744336926304642,,80.0
implantation,NSGA2,2,126,0.7336113579417617,0.6744652450431188,,80.0
implantation,NSGA2,2,127,0.7336113579417617,0.6744071547338111,,80.0
implantation,NSGA2,2,128,0.7336113579417617,0.6662377377947815,,80.0
implantation,NSGA2,2,129,0.7336113579417617,0.6669572618606332,,80.0
implantation,NSGA2,2,130,0.7336113579417617,0.667155614329372,,80.0
implantation,NSGA2,2,131,0.7336113579417617,0.66687509001051,,80.0
implantation,NSGA2,2,132,0.7336113579417617,0.6626313632570835,,80.0
implantation,NSGA2,2,133,0.7336113579417617,0.6581036087043259,,80.0
implantation,NSGA2,2,134,0.7336113579417617,0.661767841595881,,80.0
implantation,NSGA2,2,135,0.7336113579417617,0.6574068870992076,,80.0
implantation,NSGA2,2,136,0.7336113579417617,0.662020548938008,,80.0
implantation,NSGA2,2,137,0.7336113579417617,0.6578349124938893,,80.0
implantation,NSGA2,2,138,0.7336113579417617,0.6537426542076524,,80.0
implantation,NSGA2,2,139,0.7336113579417617,0.6499887785941347,,80.0
implantation,NSGA2,2,140,0.7336113579417617,0.6496464285300455,,80.0
implantation,NSGA2,2,141,0.7336113579417617,0.6538283295382448,,80.0
implantation,NSGA2,2,142,0.7336113579417617,0.6579558756730558,,80.0
implantation,NSGA2,2,143,0.7336113579417617,0.6575822051517622,,80.0
implantation,NSGA2,2,144,0.7336113579417617,0.6617097512865734,,80.0
implantation,NSGA2,2,145,0.7336113579417617,0.6700191984295836,,80.0
implantation,NSGA2,2,146,0.7336113579417617,0.6781883834131628,,80.0
implantation,NSGA2,2,147,0.7336113579417617,0.6745241505216077,,80.0
implantation,NSGA2,2,148,0.7336113579417617,0.67523993915154,,80.0
implantation,NSGA2,2,149,0.7336113579417617,0.6831794512091763,,80.0
implantation,NSGA2,2,150,0.7336113579417617,0.6827514258144947,,80.0
implantation,NSGA2,2,151,0.7336113579417617,0.6789469307635085,,80.0
implantation,NSGA2,2,152,0.7336113579417617,0.6793786915941098,,80.0
implantation,NSGA2,2,153,0.7336113579417617,0.6839342631236024,,80.0
implantation,NSGA2,2,154,0.7336113579417617,0.68321847449367,,80.0
implantation,NSGA2,2,155,0.7336113579417617,0.6828448039723767,,80.0
implantation,NSGA2,2,156,0.7336113579417617,0.6835921450149636,,80.0
implantation,NSGA2,2,157,0.7336113579417617,0.6835643280382284,,80.0
implantation,NSGA2,2,158,0.7336113579417617,0.6797523621154031,,80.0
implantation,NSGA2,2,159,0.7336113579417617,0.6798963597107537,,80.0
implantation,NSGA2,2,160,0.7336113579417617,0.6750492895100908,,80.0
implantation,NSGA2,2,161,0.7336113579417617,0.671353504205881,,80.0
implantation,NSGA2,2,162,0.7336113579417617,0.6674558629524633,,80.0
implantation,NSGA2,2,163,0.7336113579417617,0.6677401227072448,,80.0
implantation,NSGA2,2,164,0.7336113579417617,0.6637250217551298,,80.0
implantation,NSGA2,2,165,0.7336113579417617,0.6715242716533351,,80.0
implantation,NSGA2,2,166,0.7336113579417617,0.6716682692486856,,80.0
implantation,NSGA2,2,167,0.7336113579417617,0.6674826328045669,,80.0
implantation,NSGA2,2,168,0.7336113579417617,0.6758426993850456,,80.0
implantation,NSGA2,2,169,0.7336113579417617,0.6754652934278326,,80.0
implantation,NSGA2,2,170,0.7336113579417617,0.6716495920690878,,80.0
implantation,NSGA2,2,171,0.7336113579417617,0.6673780483389262,,80.0
implantation,NSGA2,2,172,0.7336113579417617,0.6719917101777266,,80.0
implantation,NSGA2,2,173,0.7336113579417617,0.6802189854706135,,80.0
implantation,NSGA2,2,174,0.7336113579417617,0.6806470108652952,,80.0
implantation,NSGA2,2,175,0.7336113579417617,0.6718742504790292,,80.0
implantation,NSGA2,2,176,0.7336113579417617,0.6717339883195981,,80.0
implantation,NSGA2,2,177,0.7336113579417617,0.6679220223967729,,80.0
implantation,NSGA2,2,178,0.7336113579417617,0.6675722014608445,,80.0
implantation,NSGA2,2,179,0.7336113579417617,0.6753170964856616,,80.0
implantation,NSGA2,2,180,0.7336113579417617,0.6749749783770229,,80.0
implantation,NSGA2,2,181,0.7336113579417617,0.6751152405364538,,80.0
implantation,NSGA2,2,182,0.7336113579417617,0.6709370749641741,,80.0
implantation,NSGA2,2,183,0.7336113579417617,0.670854903114051,,80.0
implantation,NSGA2,2,184,0.7336113579417617,0.6669535264247137,,80.0
implantation,NSGA2,2,185,0.7336113579417617,0.6747490408869995,,80.0
implantation,NSGA2,2,186,0.7336113579417617,0.6702250217701614,,80.0
implantation,NSGA2,2,187,0.7336113579417617,0.6740369876929868,,80.0
implantation,NSGA2,2,188,0.7336113579417617,0.6702868475153888,,80.0
implantation,NSGA2,2,189,0.7336113579417617,0.6664748815925635,,80.0
implantation,NSGA2,2,190,0.7336113579417617,0.6663311159526633,,80.0
implantation,NSGA2,2,191,0.7336113579417617,0.6704889354200472,,80.0
implantation,NSGA2,2,192,0.7336113579417617,0.6738616696404319,,80.0
implantation,NSGA2,2,193,0.7336113579417617,0.677989215775243,,80.0
implantation,NSGA2,2,194,0.7336113579417617,0.6782226241371057,,80.0
implantation,NSGA2,2,195,0.7336113579417617,0.6740369876929868,,80.0
implantation,NSGA2,2,196,0.7336113579417617,0.6740332522570671,,80.0
implantation,NSGA2,2,197,0.7336113579417617,0.6782151532652664,,80.0
implantation,NSGA2,2,198,0.7336113579417617,0.6749473933557383,,80.0
implantation,NSGA2,2,199,0.7336113579417617,0.6753210638770316,,80.0
implantation,NSGA2,2,200,0.7336113579417617,0.6830584880300098,,80.0
implantation,NSGA2,3,0,0.7078619456293381,0.4487058074584217,,2.0
implantation,NSGA2,3,1,0.7078619456293381,0.5981160601535944,,2.0
implantation,NSGA2,3,2,0.7078619456293381,0.6282911783341673,,5.0
implantation,NSGA2,3,3,0.7116632119441986,0.6551816831784815,,2.0
implantation,NSGA2,3,4,0.7120425844637142,0.6650605092396176,,4.0
implantation,NSGA2,3,5,0.7144548743040409,0.6693645889381065,,4.0
implantation,NSGA2,3,6,0.7158528936236459,0.6716594380677872,,4.0
implantation,NSGA2,3,7,0.7230727561817967,0.6711080449994246,,3.0
implantation,NSGA2,3,8,0.7230727561817967,0.692904107311695,,5.0
implantation,NSGA2,3,9,0.7256735266238433,0.6933167830774728,,3.0
implantation,NSGA2,3,10,0.7260666380361637,0.711292441203612,,3.0
implantation,NSGA2,3,11,0.726692366006839,0.71043284860312,,4.0
implantation,NSGA2,3,12,0.7284690234324801,0.7114869894381644,,3.0
implantation,NSGA2,3,13,0.7284690234324801,0.7088420861023494,,3.0
implantation,NSGA2,3,14,0.7284690234324801,0.7220129140789265,,5.0
implantation,NSGA2,3,15,0.7284690234324801,0.721831731368726,,6.0
implantation,NSGA2,3,16,0.7285921144612203,0.7177978972313892,,8.0
implantation,NSGA2,3,17,0.7290620893946165,0.7180647522122952,,14.0
implantation,NSGA2,3,18,0.7290620893946165,0.7162211958122695,,26.0
implantation,NSGA2,3,19,0.7290620893946165,0.7095490583719601,,40.0
implantation,NSGA2,3,20,0.7290620893946165,0.711123090902334,,59.0
implantation,NSGA2,3,21,0.7290620893946165,0.7229269318389581,,80.0
implantation,NSGA2,3,22,0.7290620893946165,0.7229456809676885,,80.0
implantation,NSGA2,3,23,0.7290620893946165,0.72295590315217,,80.0
implantation,NSGA2,3,24,0.7290620893946165,0.7225608312869476,,80.0
implantation,NSGA2,3,25,0.7290620893946165,0.7223080472508567,,80.0
implantation,NSGA2,3,26,0.7290620893946165,0.7216370947229991,,80.0
implantation,NSGA2,3,27,0.7290620893946165,0.7171494517332879,,80.0
implantation,NSGA2,3,28,0.7290620893946165,0.7166351886654786,,80.0
implantation,NSGA2,3,29,0.7290620893946165,0.7166335099982997,,80.0
implantation,NSGA2,3,30,0.7290620893946165,0.7163807259622088,,80.0
implantation,NSGA2,3,31,0.7290620893946165,0.7119960258256108,,80.0
implantation,NSGA2,3,32,0.7290620893946165,0.7117491164761874,,80.0
implantation,NSGA2,3,33,0.7290620893946165,0.7111114827593557,,80.0
implantation,NSGA2,3,34,0.7290620893946165,0.7071159798013125,,80.0
implantation,NSGA2,3,35,0.7290620893946165,0.7067252554339041,,80.0
implantation,NSGA2,3,36,0.7290620893946165,0.7066206339136122,,80.0
implantation,NSGA2,3,37,0.7290620893946165,0.7024769684397701,,80.0
implantation,NSGA2,3,38,0.7290620893946165,0.7026207834577552,,80.0
implantation,NSGA2,3,39,0.7290620893946165,0.6990203523649344,,80.0
implantation,NSGA2,3,40,0.7290620893946165,0.6990203523649344,,80.0
implantation,NSGA2,3,41,0.7290620893946165,0.6950000575401146,,80.0
implantation,NSGA2,3,42,0.7290620893946165,0.6876466853408603,,80.0
implantation,NSGA2,3,43,0.7290620893946165,0.6867083790946167,,80.0
implantation,NSGA2,3,44,0.7290620893946165,0.6860561756954895,,80.0
implantation,NSGA2,3,45,0.7290620893946165,0.6815130908586111,,80.0
implantation,NSGA2,3,46,0.7290620893946165,0.6819081627238335,,80.0
implantation,NSGA2,3,47,0.7290620893946165,0.6819183849083148,,80.0
implantation,NSGA2,3,48,0.7290620893946165,0.6779228819502717,,80.0
implantation,NSGA2,3,49,0.7290620893946165,0.6783281759999753,,80.0
implantation,NSGA2,3,50,0.7290620893946165,0.6785970569072151,,80.0
implantation,NSGA2,3,51,0.7290620893946165,0.6745782892712489,,80.0
implantation,NSGA2,3,52,0.7290620893946165,0.6704098319306302,,80.0
implantation,NSGA2,3,53,0.7290620893946165,0.6704098319306302,,80.0
implantation,NSGA2,3,54,0.7290620893946165,0.6658463027247892,,80.0
implantation,NSGA2,3,55,0.7290620893946165,0.6655891711908843,,80.0
implantation,NSGA2,3,56,0.7290620893946165,0.6619785179135823,,80.0
implantation,NSGA2,3,57,0.7290620893946165,0.6621223329315673,,80.0
implantation,NSGA2,3,58,0.7290620893946165,0.6625232794834571,,80.0
implantation,NSGA2,3,59,0.7290620893946165,0.6619800451024357,,80.0
implantation,NSGA2,3,60,0.7290620893946165,0.6626365959993767,,80.0
implantation,NSGA2,3,61,0.7290620893946165,0.6668935779891385,,80.0
implantation,NSGA2,3,62,0.7290620893946165,0.6631508590671864,,80.0
implantation,NSGA2,3,63,0.7290620893946165,0.6592497554449538,,80.0
implantation,NSGA2,3,64,0.7290620893946165,0.6595068869788584,,80.0
implantation,NSGA2,3,65,0.7290620893946165,0.6595010122921909,,80.0
implantation,NSGA2,3,66,0.7290620893946165,0.6636635949461422,,80.0
implantation,NSGA2,3,67,0.7290620893946165,0.6638015352774598,,80.0
implantation,NSGA2,3,68,0.7290620893946165,0.6638015352774598,,80.0
implantation,NSGA2,3,69,0.7290620893946165,0.6677026388996924,,80.0
implantation,NSGA2,3,70,0.7290620893946165,0.6678303570465288,,80.0
implantation,NSGA2,3,71,0.7290620893946165,0.667573225512624,,80.0
implantation,NSGA2,3,72,0.7290620893946165,0.6678303570465287,,80.0
implantation,NSGA2,3,73,0.7290620893946165,0.6684825604456559,,80.0
implantation,NSGA2,3,74,0.7290620893946165,0.6646206503211165,,80.0
implantation,NSGA2,3,75,0.7290620893946165,0.660614925178592,,80.0
implantation,NSGA2,3,76,0.7290620893946165,0.6570101465879574,,80.0
implantation,NSGA2,3,77,0.7290620893946165,0.6610158717304817,,80.0
implantation,NSGA2,3,78,0.7290620893946165,0.6608779313991642,,80.0
implantation,NSGA2,3,79,0.7290620893946165,0.6607297688833652,,80.0
implantation,NSGA2,3,80,0.7290620893946165,0.6521271957239738,,80.0
implantation,NSGA2,3,81,0.7290620893946165,0.651874411687883,,80.0
implantation,NSGA2,3,82,0.7290620893946165,0.6560326468440204,,80.0
implantation,NSGA2,3,83,0.7290620893946165,0.6641907324560148,,80.0
implantation,NSGA2,3,84,0.7290620893946165,0.6644478639899195,,80.0
implantation,NSGA2,3,85,0.7290620893946165,0.6763734603906428,,80.0
implantation,NSGA2,3,86,0.7290620893946165,0.6769166947716642,,80.0
implantation,NSGA2,3,87,0.7290620893946165,0.6765114007219604,,80.0
implantation,NSGA2,3,88,0.7290620893946165,0.6719639683872681,,80.0
implantation,NSGA2,3,89,0.7290620893946165,0.672116478400881,,80.0
implantation,NSGA2,3,90,0.7290620893946165,0.6642155243227913,,80.0
implantation,NSGA2,3,91,0.7290620893946165,0.6609955954128978,,80.0
implantation,NSGA2,3,92,0.7290620893946165,0.665005668053236,,80.0
implantation,NSGA2,3,93,0.7290620893946165,0.6646105961880138,,80.0
implantation,NSGA2,3,94,0.7290620893946165,0.6642155243227913,,80.0
implantation,NSGA2,3,95,0.7290620893946165,0.6642155243227913,,80.0
implantation,NSGA2,3,96,0.7290620893946165,0.6643636868385905,,80.0
implantation,NSGA2,3,97,0.7290620893946165,0.6643636868385904,,80.0
implantation,NSGA2,3,98,0.7290620893946165,0.6642257465072727,,80.0
implantation,NSGA2,3,99,0.7290620893946165,0.6682255969631298,,80.0
implantation,NSGA2,3,100,0.7290620893946165,0.6718260280559505,,80.0
implantation,NSGA2,3,101,0.7290620893946165,0.667667792899813,,80.0
implantation,NSGA2,3,102,0.7290620893946165,0.6791880952508327,,80.0
implantation,NSGA2,3,103,0.7290620893946165,0.6753261851262933,,80.0
implantation,NSGA2,3,104,0.7290620893946165,0.6757314791759971,,80.0
implantation,NSGA2,3,105,0.7290620893946165,0.6757373538626645,,80.0
implantation,NSGA2,3,106,0.7290620893946165,0.6839056616591402,,80.0
implantation,NSGA2,3,107,0.7290620893946165,0.67959491648939,,80.0
implantation,NSGA2,3,108,0.7290620893946165,0.6747947001186068,,80.0
implantation,NSGA2,3,109,0.7290620893946165,0.6746567597872892,,80.0
implantation,NSGA2,3,110,0.7290620893946165,0.6702472677839146,,80.0
implantation,NSGA2,3,111,0.7290620893946165,0.6741381492216659,,80.0
implantation,NSGA2,3,112,0.7290620893946165,0.6705231484465498,,80.0
implantation,NSGA2,3,113,0.7290620893946165,0.6657229320757667,,80.0
implantation,NSGA2,3,114,0.7290620893946165,0.665613963057661,,80.0
implantation,NSGA2,3,115,0.7290620893946165,0.6575835955925028,,80.0
implantation,NSGA2,3,116,0.7290620893946165,0.6584972780233486,,80.0
implantation,NSGA2,3,117,0.7290620893946165,0.6626350688105231,,80.0
implantation,NSGA2,3,118,0.7290620893946165,0.6671985980163644,,80.0
implantation,NSGA2,3,119,0.7290620893946165,0.670803376606999,,80.0
implantation,NSGA2,3,120,0.7290620893946165,0.6670591304961931,,80.0
implantation,NSGA2,3,121,0.7290620893946165,0.6635676684214782,,80.0
implantation,NSGA2,3,122,0.7290620893946165,0.6598147273150445,,80.0
implantation,NSGA2,3,123,0.7290620893946165,0.6631682490584418,,80.0
implantation,NSGA2,3,124,0.7290620893946165,0.6631639015606281,,80.0
implantation,NSGA2,3,125,0.7290620893946165,0.6673280114034329,,80.0
implantation,NSGA2,3,126,0.7290620893946165,0.6677230832686551,,80.0
implantation,NSGA2,3,127,0.7290620893946165,0.6709166931229186,,80.0
implantation,NSGA2,3,128,0.7290620893946165,0.6742686876774624,,80.0
implantation,NSGA2,3,129,0.7290620893946165,0.6818791914106216,,80.0
implantation,NSGA2,3,130,0.7290620893946165,0.6826839048233616,,80.0
implantation,NSGA2,3,131,0.7290620893946165,0.682545964492044,,80.0
implantation,NSGA2,3,132,0.7290620893946165,0.6820360489220484,,80.0
implantation,NSGA2,3,133,0.7290620893946165,0.6784312703314137,,80.0
implantation,NSGA2,3,134,0.7290620893946165,0.6785896550316941,,80.0
implantation,NSGA2,3,135,0.7290620893946165,0.6744416420600381,,80.0
implantation,NSGA2,3,136,0.7290620893946165,0.6741511917151075,,80.0
implantation,NSGA2,3,137,0.7290620893946165,0.6782992046867636,,80.0
implantation,NSGA2,3,138,0.7290620893946165,0.6750997201458326,,80.0
implantation,NSGA2,3,139,0.7290620893946165,0.6751055948325001,,80.0
implantation,NSGA2,3,140,0.7290620893946165,0.6759000860607587,,80.0
implantation,NSGA2,3,141,0.7290620893946165,0.6716039105733037,,80.0
implantation,NSGA2,3,142,0.7290620893946165,0.6631682490584418,,80.0
implantation,NSGA2,3,143,0.7290620893946165,0.659015888588972,,80.0
implantation,NSGA2,3,144,0.7290620893946165,0.659015888588972,,80.0
implantation,NSGA2,3,145,0.7290620893946165,0.6590202360867858,,80.0
implantation,NSGA2,3,146,0.7290620893946165,0.663435602776828,,80.0
implantation,NSGA2,3,147,0.7290620893946165,0.6637319278084259,,80.0
implantation,NSGA2,3,148,0.7290620893946165,0.6678697185956006,,80.0
implantation,NSGA2,3,149,0.7290620893946165,0.664116777489167,,80.0
implantation,NSGA2,3,150,0.7290620893946165,0.6677113338953202,,80.0
implantation,NSGA2,3,151,0.7290620893946165,0.6677274307664691,,80.0
implantation,NSGA2,3,152,0.7290620893946165,0.6594153079520082,,80.0
implantation,NSGA2,3,153,0.7290620893946165,0.6598103798172306,,80.0
implantation,NSGA2,3,154,0.7290620893946165,0.6556521446610933,,80.0
implantation,NSGA2,3,155,0.7290620893946165,0.6553950131271884,,80.0
implantation,NSGA2,3,156,0.7290620893946165,0.6635472240525155,,80.0
implantation,NSGA2,3,157,0.7290620893946165,0.6713145852971014,,80.0
implantation,NSGA2,3,158,0.7290620893946165,0.6757342994849573,,80.0
implantation,NSGA2,3,159,0.7290620893946165,0.6757342994849573,,80.0
implantation,NSGA2,3,160,0.7290620893946165,0.6715819390154875,,80.0
implantation,NSGA2,3,161,0.7290620893946165,0.6718782640470854,,80.0
implantation,NSGA2,3,162,0.7290620893946165,0.671483192181863,,80.0
implantation,NSGA2,3,163,0.7290620893946165,0.667868191406747,,80.0
implantation,NSGA2,3,164,0.7290620893946165,0.6714686224995677,,80.0
implantation,NSGA2,3,165,0.7290620893946165,0.6681225026316915,,80.0
implantation,NSGA2,3,166,0.7290620893946165,0.6685234491835812,,80.0
implantation,NSGA2,3,167,0.7290620893946165,0.66798021480256,,80.0
implantation,NSGA2,3,168,0.7290620893946165,0.6638191593374622,,80.0
implantation,NSGA2,3,169,0.7290620893946165,0.6642185787004985,,80.0
implantation,NSGA2,3,170,0.7290620893946165,0.6599224032130435,,80.0
implantation,NSGA2,3,171,0.7290620893946165,0.6601795347469481,,80.0
implantation,NSGA2,3,172,0.7290620893946165,0.6596465225504082,,80.0
implantation,NSGA2,3,173,0.7290620893946165,0.6678046081624026,,80.0
implantation,NSGA2,3,174,0.7290620893946165,0.6595171091633397,,80.0
implantation,NSGA2,3,175,0.7290620893946165,0.6593689466475408,,80.0
implantation,NSGA2,3,176,0.7290620893946165,0.6635271818036781,,80.0
implantation,NSGA2,3,177,0.7290620893946165,0.6637945355220642,,80.0
implantation,NSGA2,3,178,0.7290620893946165,0.6678089556602165,,80.0
implantation,NSGA2,3,179,0.7290620893946165,0.6718249029872224,,80.0
implantation,NSGA2,3,180,0.7290620893946165,0.6754355562645245,,80.0
implantation,NSGA2,3,181,0.7290620893946165,0.6752873937487255,,80.0
implantation,NSGA2,3,182,0.7290620893946165,0.6754151118955617,,80.0
implantation,NSGA2,3,183,0.7290620893946165,0.6747687831831021,,80.0
implantation,NSGA2,3,184,0.7290620893946165,0.6714211361263722,,80.0
implantation,NSGA2,3,185,0.7290620893946165,0.6672613737813812,,80.0
implantation,NSGA2,3,186,0.7290620893946165,0.6676564456466036,,80.0
implantation,NSGA2,3,187,0.7290620893946165,0.6672511515969,,80.0
implantation,NSGA2,3,188,0.7290620893946165,0.6593689466475408,,80.0
implantation,NSGA2,3,189,0.7290620893946165,0.6552107114914034,,80.0
implantation,NSGA2,3,190,0.7290620893946165,0.6549433577730174,,80.0
implantation,NSGA2,3,191,0.7290620893946165,0.6513283569979013,,80.0
implantation,NSGA2,3,192,0.7290620893946165,0.6590913707446733,,80.0
implantation,NSGA2,3,193,0.7290620893946165,0.6627063715197894,,80.0
implantation,NSGA2,3,194,0.7290620893946165,0.662963503053694,,80.0
implantation,NSGA2,3,195,0.7290620893946165,0.670874679316265,,80.0
implantation,NSGA2,3,196,0.7290620893946165,0.6708805540029326,,80.0
implantation,NSGA2,3,197,0.7290620893946165,0.6758274057006611,,80.0
implantation,NSGA2,3,198,0.7290620893946165,0.6755746216645703,,80.0
implantation,NSGA2,3,199,0.7290620893946165,0.6755848438490515,,80.0
implantation,NSGA2,3,200,0.7290620893946165,0.6713278618592898,,80.0
implantation,NSGA2,4,0,0.6937923986364671,0.44194543889657395,,6.0
implantation,NSGA2,4,1,0.6945509410657831,0.5287425467974485,,3.0
implantation,NSGA2,4,2,0.6991482254960444,0.5636165219247797,,4.0
implantation,NSGA2,4,3,0.701762264112541,0.5772372543352653,,4.0
implantation,NSGA2,4,4,0.7034811638470093,0.6021457354636867,,3.0
implantation,NSGA2,4,5,0.709769040047085,0.5980413815146857,,7.0
implantation,NSGA2,4,6,0.709769040047085,0.6110881526464313,,4.0
implantation,NSGA2,4,7,0.7114182606437758,0.6272915026549379,,4.0
implantation,NSGA2,4,8,0.7114182606437758,0.6467292180898115,,7.0
implantation,NSGA2,4,9,0.720113416578064,0.6664493253271468,,3.0
implantation,NSGA2,4,10,0.720113416578064,0.6461022317501064,,5.0
implantation,NSGA2,4,11,0.72589983611487,0.6364671567929415,,3.0
implantation,NSGA2,4,12,0.72589983611487,0.6413856672069697,,5.0
implantation,NSGA2,4,13,0.7263607042209288,0.587709089912549,,5.0
implantation,NSGA2,4,14,0.7263607042209288,0.6090758627356609,,6.0
implantation,NSGA2,4,15,0.7263607042209288,0.6250227348123119,,11.0
implantation,NSGA2,4,16,0.7263607042209288,0.6276746903915363,,17.0
implantation,NSGA2,4,17,0.7263607042209288,0.6317344255403107,,23.0
implantation,NSGA2,4,18,0.7263607042209288,0.6538478577499903,,31.0
implantation,NSGA2,4,19,0.7263607042209288,0.6805359408155096,,50.0
implantation,NSGA2,4,20,0.7263607042209288,0.6873840639952774,,63.0
implantation,NSGA2,4,21,0.7263607042209288,0.7079121601597356,,80.0
implantation,NSGA2,4,22,0.7263607042209288,0.703775311079202,,80.0
implantation,NSGA2,4,23,0.7263607042209288,0.6997456826746303,,80.0
implantation,NSGA2,4,24,0.7263607042209288,0.6912534288855803,,80.0
implantation,NSGA2,4,25,0.7263607042209288,0.6957557421202747,,80.0
implantation,NSGA2,4,26,0.7263607042209288,0.6916366798268199,,80.0
implantation,NSGA2,4,27,0.7263607042209288,0.6868769341735539,,80.0
implantation,NSGA2,4,28,0.7263607042209288,0.6832855391907129,,80.0
implantation,NSGA2,4,29,0.7263607042209288,0.6830500078352788,,80.0
implantation,NSGA2,4,30,0.7263607042209288,0.6835623805156177,,80.0
implantation,NSGA2,4,31,0.7263607042209288,0.683570027830755,,80.0
implantation,NSGA2,4,32,0.7263607042209288,0.6846235105100804,,80.0
implantation,NSGA2,4,33,0.7263607042209288,0.6807728311667655,,80.0
implantation,NSGA2,4,34,0.7263607042209288,0.677281009544749,,80.0
implantation,NSGA2,4,35,0.7263607042209288,0.6815401441088719,,80.0
implantation,NSGA2,4,36,0.7266472507031532,0.6715342003558933,,80.0
implantation,NSGA2,4,37,0.7266472507031532,0.6677983890036777,,80.0
implantation,NSGA2,4,38,0.7266472507031532,0.6635469505466411,,80.0
implantation,NSGA2,4,39,0.7266472507031532,0.6714018241923115,,80.0
implantation,NSGA2,4,40,0.7266472507031532,0.6719246637511374,,80.0
implantation,NSGA2,4,41,0.7266472507031532,0.6718064925436066,,80.0
implantation,NSGA2,4,42,0.7266472507031532,0.6718075822178305,,80.0
implantation,NSGA2,4,43,0.7266472507031532,0.671815229532968,,80.0
implantation,NSGA2,4,44,0.7266472507031532,0.6715646821618556,,80.0
implantation,NSGA2,4,45,0.7266472507031532,0.6716981479996612,,80.0
implantation,NSGA2,4,46,0.7266472507031532,0.6713294294210183,,80.0
implantation,NSGA2,4,47,0.7266472507031532,0.6682488337912101,,80.0
implantation,NSGA2,4,48,0.7266472507031532,0.6679837540575013,,80.0
implantation,NSGA2,4,49,0.7266472507031532,0.6678579355348332,,80.0
implantation,NSGA2,4,50,0.7266472507031532,0.6605121313530706,,80.0
implantation,NSGA2,4,51,0.7266472507031532,0.6683746523138783,,80.0
implantation,NSGA2,4,52,0.7266472507031532,0.6684851762062716,,80.0
implantation,NSGA2,4,53,0.7266472507031532,0.6731489303297407,,80.0
implantation,NSGA2,4,54,0.7266472507031532,0.6690222207211483,,80.0
implantation,NSGA2,4,55,0.7266472507031532,0.6652864093689328,,80.0
implantation,NSGA2,4,56,0.7266472507031532,0.6659416250913403,,80.0
implantation,NSGA2,4,57,0.7266472507031532,0.6658234538838095,,80.0
implantation,NSGA2,4,58,0.7266472507031532,0.6657121677237378,,80.0
implantation,NSGA2,4,59,0.7266472507031532,0.6660954186649773,,80.0
implantation,NSGA2,4,60,0.7266472507031532,0.6619840036866599,,80.0
implantation,NSGA2,4,61,0.7266472507031532,0.6658456335615435,,80.0
implantation,NSGA2,4,62,0.7266472507031532,0.6655805538278347,,80.0
implantation,NSGA2,4,63,0.7266472507031532,0.6656987250353653,,80.0
implantation,NSGA2,4,64,0.7266472507031532,0.6618236524721092,,80.0
implantation,NSGA2,4,65,0.7266472507031532,0.6654481776642529,,80.0
implantation,NSGA2,4,66,0.7266472507031532,0.6694636011127736,,80.0
implantation,NSGA2,4,67,0.7266472507031532,0.6694712484279112,,80.0
implantation,NSGA2,4,68,0.7266472507031532,0.6653521861344562,,80.0
implantation,NSGA2,4,69,0.7266472507031532,0.6660016064836285,,80.0
implantation,NSGA2,4,70,0.7266472507031532,0.6700170299321493,,80.0
implantation,NSGA2,4,71,0.7266472507031532,0.6658678132392774,,80.0
implantation,NSGA2,4,72,0.7266472507031532,0.661741103630685,,80.0
implantation,NSGA2,4,73,0.7266472507031532,0.6661186880169353,,80.0
implantation,NSGA2,4,74,0.7266472507031532,0.662117796931011,,80.0
implantation,NSGA2,4,75,0.7266472507031532,0.6583819855787956,,80.0
implantation,NSGA2,4,76,0.7266472507031532,0.6546461742265801,,80.0
implantation,NSGA2,4,77,0.7266472507031532,0.6625232275499844,,80.0
implantation,NSGA2,4,78,0.7266472507031532,0.662139976608745,,80.0
implantation,NSGA2,4,79,0.7266472507031532,0.6620072730386177,,80.0
implantation,NSGA2,4,80,0.7266472507031532,0.662139976608745,,80.0
implantation,NSGA2,4,81,0.7266472507031532,0.6577413022189847,,80.0
implantation,NSGA2,4,82,0.7266472507031532,0.6618748968750361,,80.0
implantation,NSGA2,4,83,0.7266472507031532,0.6658681406458229,,80.0
implantation,NSGA2,4,84,0.7266472507031532,0.6618672495598987,,80.0
implantation,NSGA2,4,85,0.7266472507031532,0.6699872029392779,,80.0
implantation,NSGA2,4,86,0.7266472507031532,0.6657277897605584,,80.0
implantation,NSGA2,4,87,0.7266472507031532,0.6698544993691506,,80.0
implantation,NSGA2,4,88,0.7266472507031532,0.6698402944130997,,80.0
implantation,NSGA2,4,89,0.7271372803787333,0.6699933283102226,,80.0
implantation,NSGA2,4,90,0.7271372803787333,0.6654764827129316,,80.0
implantation,NSGA2,4,91,0.7271372803787333,0.673338241406061,,80.0
implantation,NSGA2,4,92,0.7271372803787333,0.6814788525189815,,80.0
implantation,NSGA2,4,93,0.7271372803787333,0.6777430411667661,,80.0
implantation,NSGA2,4,94,0.7271372803787333,0.6781262921080056,,80.0
implantation,NSGA2,4,95,0.7271372803787333,0.6779714088601445,,80.0
implantation,NSGA2,4,96,0.7271372803787333,0.6743537687154597,,80.0
implantation,NSGA2,4,97,0.7271372803787333,0.674633380811765,,80.0
implantation,NSGA2,4,98,0.7271372803787333,0.6786342718976893,,80.0
implantation,NSGA2,4,99,0.7271372803787333,0.6790465875641217,,80.0
implantation,NSGA2,4,100,0.7271372803787333,0.6750441745340049,,80.0
implantation,NSGA2,4,101,0.7271372803787333,0.6710558615965156,,80.0
implantation,NSGA2,4,102,0.7271372803787333,0.6710765193300569,,80.0
implantation,NSGA2,4,103,0.7271372803787333,0.6669635824075467,,80.0
implantation,NSGA2,4,104,0.7271372803787333,0.666838526152557,,80.0
implantation,NSGA2,4,105,0.7271372803787333,0.6669758331494362,,80.0
implantation,NSGA2,4,106,0.7271372803787333,0.6632530322156246,,80.0
implantation,NSGA2,4,107,0.7271372803787333,0.6630996709119561,,80.0
implantation,NSGA2,4,108,0.7271372803787333,0.6625852383447821,,80.0
implantation,NSGA2,4,109,0.7271372803787333,0.6707258494577026,,80.0
implantation,NSGA2,4,110,0.7271372803787333,0.674859444113754,,80.0
implantation,NSGA2,4,111,0.7271372803787333,0.6705988363973873,,80.0
implantation,NSGA2,4,112,0.7271372803787333,0.667127672508912,,80.0
implantation,NSGA2,4,113,0.7271372803787333,0.6674003995577582,,80.0
implantation,NSGA2,4,114,0.7271372803787333,0.667282990617906,,80.0
implantation,NSGA2,4,115,0.7271372803787333,0.6668920923615289,,80.0
implantation,NSGA2,4,116,0.7271372803787333,0.6631769387428548,,80.0
implantation,NSGA2,4,117,0.7271372803787333,0.6710394597036625,,80.0
implantation,NSGA2,4,118,0.7271372803787333,0.6751585219971175,,80.0
implantation,NSGA2,4,119,0.7271372803787333,0.6750322712044807,,80.0
implantation,NSGA2,4,120,0.7271372803787333,0.6754093967747754,,80.0
implantation,NSGA2,4,121,0.7271372803787333,0.6747469660071993,,80.0
implantation,NSGA2,4,122,0.7271372803787333,0.6746287947996686,,80.0
implantation,NSGA2,4,123,0.7271372803787333,0.6796547098608673,,80.0
implantation,NSGA2,4,124,0.7271372803787333,0.6755356475674124,,80.0
implantation,NSGA2,4,125,0.7271372803787333,0.679683014909546,,80.0
implantation,NSGA2,4,126,0.7271372803787333,0.679556764116909,,80.0
implantation,NSGA2,4,127,0.7271372803787333,0.6750269081012144,,80.0
implantation,NSGA2,4,128,0.7271372803787333,0.6789941310351935,,80.0
implantation,NSGA2,4,129,0.7271372803787333,0.6788759598276628,,80.0
implantation,NSGA2,4,130,0.7271372803787333,0.6748896011043352,,80.0
implantation,NSGA2,4,131,0.7271372803787333,0.6831483834247861,,80.0
implantation,NSGA2,4,132,0.7271372803787333,0.6830149175869806,,80.0
implantation,NSGA2,4,133,0.7271372803787333,0.6868704220909194,,80.0
implantation,NSGA2,4,134,0.7271372803787333,0.6868910798244607,,80.0
implantation,NSGA2,4,135,0.7271372803787333,0.6866260000907518,,80.0
implantation,NSGA2,4,136,0.7271372803787333,0.6783718211970529,,80.0
implantation,NSGA2,4,137,0.7271372803787333,0.6826442447941761,,80.0
implantation,NSGA2,4,138,0.7271372803787333,0.6867977349160904,,80.0
implantation,NSGA2,4,139,0.7271372803787333,0.682686319937773,,80.0
implantation,NSGA2,4,140,0.7271372803787333,0.6786915542227934,,80.0
implantation,NSGA2,4,141,0.7271372803787333,0.6785527252817215,,80.0
implantation,NSGA2,4,142,0.7271372803787333,0.6792087032718073,,80.0
implantation,NSGA2,4,143,0.7271372803787333,0.67879026223443,,80.0
implantation,NSGA2,4,144,0.7271372803787333,0.6824002550639773,,80.0
implantation,NSGA2,4,145,0.7271372803787333,0.6865124323099732,,80.0
implantation,NSGA2,4,146,0.7271372803787333,0.6823795973304361,,80.0
implantation,NSGA2,4,147,0.7271372803787333,0.6818429850855281,,80.0
implantation,NSGA2,4,148,0.7271372803787333,0.6819466239304622,,80.0
implantation,NSGA2,4,149,0.7271372803787333,0.6781978021598432,,80.0
implantation,NSGA2,4,150,0.7271372803787333,0.6789918468233224,,80.0
implantation,NSGA2,4,151,0.7271372803787333,0.6800379608021068,,80.0
implantation,NSGA2,4,152,0.7271372803787333,0.6760577274497237,,80.0
implantation,NSGA2,4,153,0.7271372803787333,0.6765943396946318,,80.0
implantation,NSGA2,4,154,0.7271372803787333,0.6764685211719635,,80.0
implantation,NSGA2,4,155,0.7271372803787333,0.6842052236101033,,80.0
implantation,NSGA2,4,156,0.7271372803787333,0.6799810005275214,,80.0
implantation,NSGA2,4,157,0.7271372803787333,0.6795901022711444,,80.0
implantation,NSGA2,4,158,0.7271372803787333,0.6830684812047884,,80.0
implantation,NSGA2,4,159,0.7271372803787333,0.6912029669467641,,80.0
implantation,NSGA2,4,160,0.7271372803787333,0.6874801660129524,,80.0
implantation,NSGA2,4,161,0.7271372803787333,0.6914668521428259,,80.0
implantation,NSGA2,4,162,0.7271372803787333,0.6872005539166472,,80.0
implantation,NSGA2,4,163,0.7271372803787333,0.6877034980096101,,80.0
implantation,NSGA2,4,164,0.7271372803787333,0.6919552638731923,,80.0
implantation,NSGA2,4,165,0.7271372803787333,0.6877180303722066,,80.0
implantation,NSGA2,4,166,0.7271372803787333,0.68306771893711,,80.0
implantation,NSGA2,4,167,0.7271372803787333,0.682928889996038,,80.0
implantation,NSGA2,4,168,0.7271372803787333,0.6833136628814703,,80.0
implantation,NSGA2,4,169,0.7271372803787333,0.6795709664817958,,80.0
implantation,NSGA2,4,170,0.7271372803787333,0.6793265444816283,,80.0
implantation,NSGA2,4,171,0.7271372803787333,0.6746502122097241,,80.0
implantation,NSGA2,4,172,0.7271372803787333,0.6746647445723206,,80.0
implantation,NSGA2,4,173,0.7271372803787333,0.6738691779646485,,80.0
implantation,NSGA2,4,174,0.7271372803787333,0.6697233325667076,,80.0
implantation,NSGA2,4,175,0.7271372803787333,0.6658486922734203,,80.0
implantation,NSGA2,4,176,0.7271372803787333,0.6655897379106562,,80.0
implantation,NSGA2,4,177,0.7271372803787333,0.6654715667031255,,80.0
implantation,NSGA2,4,178,0.7271372803787333,0.6660081789480335,,80.0
implantation,NSGA2,4,179,0.7271372803787333,0.6662732586817424,,80.0
implantation,NSGA2,4,180,0.7271372803787333,0.6712846413803444,,80.0
implantation,NSGA2,4,181,0.7271372803787333,0.6712976517987481,,80.0
implantation,NSGA2,4,182,0.7271372803787333,0.6667876912489163,,80.0
implantation,NSGA2,4,183,0.7271372803787333,0.6667876912489163,,80.0
implantation,NSGA2,4,184,0.7271372803787333,0.6674429095624879,,80.0
implantation,NSGA2,4,185,0.7271372803787333,0.6675748534561008,,80.0
implantation,NSGA2,4,186,0.7271372803787333,0.6595462881797662,,80.0
implantation,NSGA2,4,187,0.7271372803787333,0.6756614660900805,,80.0
implantation,NSGA2,4,188,0.7271372803787333,0.6674072871963814,,80.0
implantation,NSGA2,4,189,0.7271372803787333,0.6674202976147852,,80.0
implantation,NSGA2,4,190,0.7271372803787333,0.6751715324155214,,80.0
implantation,NSGA2,4,191,0.7271372803787333,0.6755693157193573,,80.0
implantation,NSGA2,4,192,0.7271372803787333,0.6834524944137064,,80.0
implantation,NSGA2,4,193,0.7271372803787333,0.6795843068979093,,80.0
implantation,NSGA2,4,194,0.7271372803787333,0.6793051270715728,,80.0
implantation,NSGA2,4,195,0.7271372803787333,0.6789073437677368,,80.0
implantation,NSGA2,4,196,0.7271372803787333,0.6745163166931138,,80.0
implantation,NSGA2,4,197,0.7271372803787333,0.6742581220068642,,80.0
implantation,NSGA2,4,198,0.7271372803787333,0.6709193342819704,,80.0
implantation,NSGA2,4,199,0.7271372803787333,0.6666675684183884,,80.0
implantation,NSGA2,4,200,0.7271372803787333,0.6666599211032509,,80.0
etching,TSFGA,0,0,2.1622465054988718,1.73109912124184,17.0,
etching,TSFGA,0,1,2.1732260510931383,1.8251213864905325,17.0,
etching,TSFGA,0,2,2.1732260510931383,1.8778366659045858,17.0,
etching,TSFGA,0,3,2.212863819243423,1.8937802493609506,15.0,
etching,TSFGA,0,4,2.212863819243423,1.9104095237887158,15.0,
etching,TSFGA,0,5,2.217337707340155,1.9299042011467193,14.0,
etching,TSFGA,0,6,2.217337707340155,1.921627327435452,14.0,
etching,TSFGA,0,7,2.217337707340155,1.9233209935527351,14.0,
etching,TSFGA,0,8,2.217337707340155,1.9123389362147059,14.0,
etching,TSFGA,0,9,2.217337707340155,1.96596026736622,14.0,
etching,TSFGA,0,10,2.217337707340155,1.9728922877716422,14.0,
etching,TSFGA,0,11,2.2497932395183184,1.9848337623557426,13.0,
etching,TSFGA,0,12,2.2497932395183184,1.9743494479085313,13.0,
etching,TSFGA,0,13,2.2497932395183184,1.9972731336940661,13.0,
etching,TSFGA,0,14,2.254390789963564,1.9877472350970815,13.0,
etching,TSFGA,0,15,2.254390789963564,1.9876438503136928,13.0,
etching,TSFGA,0,16,2.254390789963564,1.9564035768402044,13.0,
etching,TSFGA,0,17,2.254390789963564,1.9730991155451634,13.0,
etching,TSFGA,0,18,2.254390789963564,2.0210184962864206,13.0,
etching,TSFGA,0,19,2.254390789963564,2.0348415777507496,13.0,
etching,TSFGA,0,20,2.254390789963564,1.9622711146336023,13.0,
etching,TSFGA,0,21,2.254390789963564,1.9569913581343605,13.0,
etching,TSFGA,0,22,2.254390789963564,1.9678482550071863,13.0,
etching,TSFGA,0,23,2.2604345160897674,1.9470970372918515,12.0,
etching,TSFGA,0,24,2.2604345160897674,1.981962150543198,12.0,
etching,TSFGA,0,25,2.2604345160897674,2.0056921603141995,12.0,
etching,TSFGA,0,26,2.287493522358827,1.983622186966032,12.0,
etching,TSFGA,0,27,2.287493522358827,1.9687219844435782,12.0,
etching,TSFGA,0,28,2.287493522358827,1.9356293447963133,12.0,
etching,TSFGA,0,29,2.287493522358827,1.9791416168948,12.0,
etching,TSFGA,0,30,2.287493522358827,2.0062802194390748,12.0,
etching,TSFGA,0,31,2.299942756282043,1.9681315637303427,11.0,
etching,TSFGA,0,32,2.33250010883682,1.9425459688478146,9.0,
etching,TSFGA,0,33,2.33250010883682,1.9728377231630667,9.0,
etching,TSFGA,0,34,2.33250010883682,2.035254318615782,9.0,
etching,TSFGA,0,35,2.33250010883682,2.033987872035613,9.0,
etching,TSFGA,0,36,2.33250010883682,2.0571361112890125,9.0,
etching,TSFGA,0,37,2.33250010883682,2.0384028842297206,9.0,
etching,TSFGA,0,38,2.33250010883682,2.0296809326766834,9.0,
etching,TSFGA,0,39,2.33250010883682,2.030642142849981,9.0,
etching,TSFGA,0,40,2.33250010883682,2.0057265078302544,9.0,
etching,TSFGA,0,41,2.33250010883682,1.981258979713973,9.0,
etching,TSFGA,0,42,2.33250010883682,2.038989316616763,9.0,
etching,TSFGA,0,43,2.33250010883682,1.9943572540168986,9.0,
etching,TSFGA,0,44,2.33250010883682,2.0052008552400755,9.0,
etching,TSFGA,0,45,2.33250010883682,2.014183993873609,9.0,
etching,TSFGA,0,46,2.3505885668320543,2.0127832294737433,8.0,
etching,TSFGA,0,47,2.3505885668320543,2.0483383678270566,8.0,
etching,TSFGA,0,48,2.3505885668320543,2.0268961259221063,8.0,
etching,TSFGA,0,49,2.3505885668320543,1.9970114406212076,8.0,
etching,TSFGA,0,50,2.3505885668320543,2.0246652195278663,8.0,
etching,TSFGA,0,51,2.3505885668320543,2.0081650015362875,8.0,
etching,TSFGA,0,52,2.3505885668320543,1.9768823679149254,8.0,
etching,TSFGA,0,53,2.3505885668320543,1.9938341801287975,8.0,
etching,TSFGA,0,54,2.360036249485016,2.0015556957910654,8.0,
etching,TSFGA,0,55,2.360036249485016,2.020026912029866,8.0,
etching,TSFGA,0,56,2.360036249485016,1.9856284215039346,8.0,
etching,TSFGA,0,57,2.360036249485016,1.9572042106939,8.0,
etching,TSFGA,0,58,2.360036249485016,1.9769216294109395,8.0,
etching,TSFGA,0,59,2.360036249485016,1.981594435355077,8.0,
etching,TSFGA,0,60,2.360036249485016,1.997239430111221,8.0,
etching,TSFGA,0,61,2.360036249485016,2.0228347394489483,8.0,
etching,TSFGA,0,62,2.360036249485016,2.042609627212528,8.0,
etching,TSFGA,0,63,2.360036249485016,2.0074871869269777,8.0,
etching,TSFGA,0,64,2.360036249485016,2.0198246694853834,8.0,
etching,TSFGA,0,65,2.360036249485016,2.0275432944397007,8.0,
etching,TSFGA,0,66,2.360036249485016,2.0162956082343313,8.0,
etching,TSFGA,0,67,2.360036249485016,2.0126361138558466,8.0,
etching,TSFGA,0,68,2.360036249485016,2.026985784193234,8.0,
etching,TSFGA,0,69,2.3685425513754206,2.045441446218697,7.0,
etching,TSFGA,0,70,2.3685425513754206,2.02106415933345,7.0,
etching,TSFGA,0,71,2.3685425513754206,2.0075418011079664,7.0,
etching,TSFGA,0,72,2.3685425513754206,1.9926117157110361,7.0,
etching,TSFGA,0,73,2.3685425513754206,2.027993448246736,7.0,
etching,TSFGA,0,74,2.3685425513754206,2.0103619530179224,7.0,
etching,TSFGA,0,75,2.3685425513754206,1.994061327259662,7.0,
etching,TSFGA,0,76,2.3685425513754206,2.0277755100649832,7.0,
etching,TSFGA,0,77,2.3685425513754206,2.010811368128091,7.0,
etching,TSFGA,0,78,2.3685425513754206,2.026730721813725,7.0,
etching,TSFGA,0,79,2.3685425513754206,1.9982014740034941,7.0,
etching,TSFGA,0,80,2.3685425513754206,1.9551415268274064,7.0,
etching,TSFGA,0,81,2.3685425513754206,1.9622527966907781,7.0,
etching,TSFGA,0,82,2.3685425513754206,1.9872849435075992,7.0,
etching,TSFGA,0,83,2.3685425513754206,2.0196327966209244,7.0,
etching,TSFGA,0,84,2.3685425513754206,2.013332794894938,7.0,
etching,TSFGA,0,85,2.3685425513754206,2.046177692233121,7.0,
etching,TSFGA,0,86,2.3685425513754206,2.0451571480425335,7.0,
etching,TSFGA,0,87,2.3685425513754206,2.052412161752458,7.0,
etching,TSFGA,0,88,2.3685425513754206,2.019630921977639,7.0,
etching,TSFGA,0,89,2.3685425513754206,2.000645826072403,7.0,
etching,TSFGA,0,90,2.3685425513754206,1.993075148639931,7.0,
etching,TSFGA,0,91,2.3685425513754206,1.9896347003434216,7.0,
etching,TSFGA,0,92,2.3685425513754206,2.016459340300085,7.0,
etching,TSFGA,0,93,2.3685425513754206,1.9851730460179866,7.0,
etching,TSFGA,0,94,2.3685425513754206,1.9621298105600353,7.0,
etching,TSFGA,0,95,2.3685425513754206,2.011107163099544,7.0,
etching,TSFGA,0,96,2.3685425513754206,2.0260998831683246,7.0,
etching,TSFGA,0,97,2.3685425513754206,2.0446091652430423,7.0,
etching,TSFGA,0,98,2.3685425513754206,2.012609583229989,7.0,
etching,TSFGA,0,99,2.3685425513754206,2.025714355233723,7.0,
etching,TSFGA,0,100,2.384366878563258,1.9780228939253228,7.0,
etching,TSFGA,0,101,2.384366878563258,1.9896179156520675,7.0,
etching,TSFGA,0,102,2.384366878563258,2.0104143452834693,7.0,
etching,TSFGA,0,103,2.384366878563258,1.991955620655751,7.0,
etching,TSFGA,0,104,2.384366878563258,2.0331273910179064,7.0,
etching,TSFGA,0,105,2.384366878563258,2.036117651066134,7.0,
etching,TSFGA,0,106,2.384366878563258,2.0762801868533987,7.0,
etching,TSFGA,0,107,2.384366878563258,2.0460522037729816,7.0,
etching,TSFGA,0,108,2.384366878563258,2.0634526006837595,7.0,
etching,TSFGA,0,109,2.384366878563258,2.0628777141400727,7.0,
etching,TSFGA,0,110,2.384366878563258,2.0378799570313477,7.0,
etching,TSFGA,0,111,2.384366878563258,1.987382608941624,7.0,
etching,TSFGA,0,112,2.384366878563258,2.0138370872295708,7.0,
etching,TSFGA,0,113,2.384366878563258,2.0374543393346047,7.0,
etching,TSFGA,0,114,2.384366878563258,2.070667387878138,7.0,
etching,TSFGA,0,115,2.384366878563258,2.003614064350453,7.0,
etching,TSFGA,0,116,2.4041256294669164,2.0200873793344885,6.0,
etching,TSFGA,0,117,2.4041256294669164,2.0085577106348422,6.0,
etching,TSFGA,0,118,2.4041256294669164,1.9940633285517257,6.0,
etching,TSFGA,0,119,2.4041256294669164,2.040534796066672,6.0,
etching,TSFGA,0,120,2.4041256294669164,1.9767626116231116,6.0,
etching,TSFGA,0,121,2.4041256294669164,1.9983670222227183,6.0,
etching,TSFGA,0,122,2.4041256294669164,2.0115193968236698,6.0,
etching,TSFGA,0,123,2.4041256294669164,2.0131445673713997,6.0,
etching,TSFGA,0,124,2.4041256294669164,2.060191701281513,6.0,
etching,TSFGA,0,125,2.4041256294669164,2.033550862830907,6.0,
etching,TSFGA,0,126,2.4041256294669164,2.0223835806761628,6.0,
etching,TSFGA,0,127,2.4041256294669164,1.9987201952653557,6.0,
etching,TSFGA,0,128,2.4041256294669164,2.030900660033009,6.0,
etching,TSFGA,0,129,2.4041256294669164,2.0658254781460905,6.0,
etching,TSFGA,0,130,2.4041256294669164,2.007129258407435,6.0,
etching,TSFGA,0,131,2.4041256294669164,2.0209151979863726,6.0,
etching,TSFGA,0,132,2.4041256294669164,2.0526399963664947,6.0,
etching,TSFGA,0,133,2.4041256294669164,2.038190799368117,6.0,
etching,TSFGA,0,134,2.4041256294669164,2.0304798938163637,6.0,
etching,TSFGA,0,135,2.4041256294669164,2.01613165529252,6.0,
etching,TSFGA,0,136,2.4041256294669164,2.0051192797442723,6.0,
etching,TSFGA,0,137,2.4041256294669164,2.010630333264303,6.0,
etching,TSFGA,0,138,2.4041256294669164,2.0138741817645402,6.0,
etching,TSFGA,0,139,2.4041256294669164,2.044672777758154,6.0,
etching,TSFGA,0,140,2.4041256294669164,2.075591797525985,6.0,
etching,TSFGA,0,141,2.4041256294669164,2.0323544301049496,6.0,
etching,TSFGA,0,142,2.4041256294669164,2.018023705067938,6.0,
etching,TSFGA,0,143,2.4041256294669164,2.0350213343541026,6.0,
etching,TSFGA,0,144,2.4041256294669164,2.0192345371248654,6.0,
etching,TSFGA,0,145,2.4041256294669164,2.04877263549772,6.0,
etching,TSFGA,0,146,2.4041256294669164,2.0222947143818595,6.0,
etching,TSFGA,0,147,2.4041256294669164,2.024680163088857,6.0,
etching,TSFGA,0,148,2.4041256294669164,2.0793905067771106,6.0,
etching,TSFGA,0,149,2.4041256294669164,2.0200142406116712,6.0,
etching,TSFGA,0,150,2.4041256294669164,2.0656487220882744,6.0,
etching,TSFGA,0,151,2.4041256294669164,2.0608504934264795,6.0,
etching,TSFGA,0,152,2.4041256294669164,1.9975475088312316,6.0,
etching,TSFGA,0,153,2.4041256294669164,2.027319164595983,6.0,
etching,TSFGA,0,154,2.4041256294669164,2.0011352232452895,6.0,
etching,TSFGA,0,155,2.4041256294669164,2.0233052569892904,6.0,
etching,TSFGA,0,156,2.4041256294669164,2.001193019456042,6.0,
etching,TSFGA,1,0,2.1371712174382047,1.6672364884632849,18.0,
etching,TSFGA,1,1,2.2058855164906914,1.8266783079084852,14.0,
etching,TSFGA,1,2,2.2058855164906914,1.8991416420326832,14.0,
etching,TSFGA,1,3,2.2269676008707933,1.9468605286644394,13.0,
etching,TSFGA,1,4,2.2290273084567813,1.8835490079597723,13.0,
etching,TSFGA,1,5,2.2290273084567813,1.9062974156057542,13.0,
etching,TSFGA,1,6,2.2290273084567813,1.9630784463553197,13.0,
etching,TSFGA,1,7,2.2719904921660583,1.9925963051874587,11.0,
etching,TSFGA,1,8,2.2719904921660583,1.9819991148713225,11.0,
etching,TSFGA,1,9,2.2719904921660583,2.0043197922806093,11.0,
etching,TSFGA,1,10,2.2719904921660583,1.987788719617194,11.0,
etching,TSFGA,1,11,2.2719904921660583,1.9657228317705275,11.0,
etching,TSFGA,1,12,2.2719904921660583,1.9947699990454866,11.0,
etching,TSFGA,1,13,2.2719904921660583,1.9715417018461907,11.0,
etching,TSFGA,1,14,2.3221879690736524,2.023150905816993,9.0,
etching,TSFGA,1,15,2.3221879690736524,2.022694281840533,9.0,
etching,TSFGA,1,16,2.3221879690736524,2.033687613079876,9.0,
etching,TSFGA,1,17,2.3221879690736524,2.0084403275560834,9.0,
etching,TSFGA,1,18,2.3221879690736524,2.0026660276120607,9.0,
etching,TSFGA,1,19,2.3232916092301505,1.995348863606722,9.0,
etching,TSFGA,1,20,2.3232916092301505,1.9658084412410646,9.0,
etching,TSFGA,1,21,2.3232916092301505,1.9691205904068476,9.0,
etching,TSFGA,1,22,2.3232916092301505,1.977766510322646,9.0,
etching,TSFGA,1,23,2.3232916092301505,2.002107629203329,9.0,
etching,TSFGA,1,24,2.342889884665249,2.004214458553659,8.0,
etching,TSFGA,1,25,2.342889884665249,1.9796983300555298,8.0,
etching,TSFGA,1,26,2.342889884665249,2.0175671204592853,8.0,
etching,TSFGA,1,27,2.342889884665249,2.0432851278109685,8.0,
etching,TSFGA,1,28,2.342889884665249,2.0121052192865543,8.0,
etching,TSFGA,1,29,2.348428290138374,2.057812609272445,8.0,
etching,TSFGA,1,30,2.348428290138374,2.0065331383982166,8.0,
etching,TSFGA,1,31,2.348428290138374,2.0242819007915633,8.0,
etching,TSFGA,1,32,2.366361187321997,2.0313540595169925,7.0,
etching,TSFGA,1,33,2.366361187321997,2.080444922820689,7.0,
etching,TSFGA,1,34,2.366361187321997,2.0629684959020596,7.0,
etching,TSFGA,1,35,2.366361187321997,2.0600431252139693,7.0,
etching,TSFGA,1,36,2.366361187321997,2.0121612663680564,7.0,
etching,TSFGA,1,37,2.366361187321997,2.0427104705926302,7.0,
etching,TSFGA,1,38,2.366361187321997,2.0294068856706104,7.0,
etching,TSFGA,1,39,2.3807349852368476,2.0294568349159836,7.0,
etching,TSFGA,1,40,2.3807349852368476,1.9912824811710954,7.0,
etching,TSFGA,1,41,2.3807349852368476,1.997096055087263,7.0,
etching,TSFGA,1,42,2.3807349852368476,2.0413276434935854,7.0,
etching,TSFGA,1,43,2.3807349852368476,2.01480987850101,7.0,
etching,TSFGA,1,44,2.3807349852368476,1.9507422679876278,7.0,
etching,TSFGA,1,45,2.3807349852368476,1.9674950254440238,7.0,
etching,TSFGA,1,46,2.3807349852368476,1.966566045530497,7.0,
etching,TSFGA,1,47,2.3807349852368476,1.9729680751143224,7.0,
etching,TSFGA,1,48,2.3807349852368476,2.0344659442745523,7.0,
etching,TSFGA,1,49,2.3807349852368476,2.064340822239649,7.0,
etching,TSFGA,1,50,2.3807349852368476,2.039996285961228,7.0,
etching,TSFGA,1,51,2.3807349852368476,2.019631728625246,7.0,
etching,TSFGA,1,52,2.3807349852368476,1.9587640974011518,7.0,
etching,TSFGA,1,53,2.3807349852368476,1.9573953200453214,7.0,
etching,TSFGA,1,54,2.3807349852368476,1.999942302078555,7.0,
etching,TSFGA,1,55,2.3807349852368476,1.930073909521574,7.0,
etching,TSFGA,1,56,2.3807349852368476,1.9535046902067272,7.0,
etching,TSFGA,1,57,2.3807349852368476,1.9569557963825226,7.0,
etching,TSFGA,1,58,2.3807349852368476,1.9732040113138432,7.0,
etching,TSFGA,1,59,2.3807349852368476,1.9987415084024058,7.0,
etching,TSFGA,1,60,2.3807349852368476,1.998381772391363,7.0,
etching,TSFGA,1,61,2.3807349852368476,2.0472826211727373,7.0,
etching,TSFGA,1,62,2.3807349852368476,2.0214287072894495,7.0,
etching,TSFGA,1,63,2.3807349852368476,2.0013384971509276,7.0,
etching,TSFGA,1,64,2.3807349852368476,1.9973672926425352,7.0,
etching,TSFGA,1,65,2.3807349852368476,2.0505219442590885,7.0,
etching,TSFGA,1,66,2.3807349852368476,2.0570718039632525,7.0,
etching,TSFGA,1,67,2.3807349852368476,2.0556742824233587,7.0,
etching,TSFGA,1,68,2.3807349852368476,2.062805320760513,7.0,
etching,TSFGA,1,69,2.3807349852368476,2.024757782424607,7.0,
etching,TSFGA,1,70,2.3807349852368476,2.0201428038493554,7.0,
etching,TSFGA,1,71,2.3807349852368476,2.0008943743683347,7.0,
etching,TSFGA,1,72,2.3807349852368476,1.9878819882716314,7.0,
etching,TSFGA,1,73,2.3807349852368476,2.0230439174853077,7.0,
etching,TSFGA,1,74,2.3807349852368476,2.003501919945563,7.0,
etching,TSFGA,1,75,2.3807349852368476,2.009216872468035,7.0,
etching,TSFGA,1,76,2.3807349852368476,2.0269706101142644,7.0,
etching,TSFGA,1,77,2.3807349852368476,2.0242106368704986,7.0,
etching,TSFGA,1,78,2.3807349852368476,1.938895607472301,7.0,
etching,TSFGA,1,79,2.3807349852368476,1.9744117168842206,7.0,
etching,TSFGA,2,0,2.141542037282491,1.7152794004461733,18.0,
etching,TSFGA,2,1,2.1691115279564652,1.8246463547382752,17.0,
etching,TSFGA,2,2,2.1691115279564652,1.9296037297560364,17.0,
etching,TSFGA,2,3,2.1691115279564652,1.9561001837385832,17.0,
etching,TSFGA,2,4,2.1691115279564652,1.9681683501778344,17.0,
etching,TSFGA,2,5,2.1918934331095947,1.9836982836392019,16.0,
etching,TSFGA,2,6,2.2025273672374848,1.9297264033183008,16.0,
etching,TSFGA,2,7,2.2289786289913334,1.9885893214969486,13.0,
etching,TSFGA,2,8,2.2702824499389216,1.9990027055364266,11.0,
etching,TSFGA,2,9,2.2702824499389216,1.96735724798812,11.0,
etching,TSFGA,2,10,2.2702824499389216,1.953763278023294,11.0,
etching,TSFGA,2,11,2.2702824499389216,1.9771567040752582,11.0,
etching,TSFGA,2,12,2.2702824499389216,1.9850150632250716,11.0,
etching,TSFGA,2,13,2.2702824499389216,1.9474389947793604,11.0,
etching,TSFGA,2,14,2.2702824499389216,1.9928601331843248,11.0,
etching,TSFGA,2,15,2.2702824499389216,1.930668754388184,11.0,
etching,TSFGA,2,16,2.2702824499389216,1.9162081404571267,11.0,
etching,TSFGA,2,17,2.2702824499389216,1.94508823384515,11.0,
etching,TSFGA,2,18,2.2702824499389216,1.9948683032710008,11.0,
etching,TSFGA,2,19,2.2957107929598157,2.0245811000280964,10.0,
etching,TSFGA,2,20,2.299937237100558,2.0432225782609437,11.0,
etching,TSFGA,2,21,2.299937237100558,2.0093170856666527,11.0,
etching,TSFGA,2,22,2.299937237100558,2.0411740257191333,11.0,
etching,TSFGA,2,23,2.299937237100558,2.027031854166877,11.0,
etching,TSFGA,2,24,2.3066927046520984,2.0062135454863936,10.0,
etching,TSFGA,2,25,2.3066927046520984,2.023435874303906,10.0,
etching,TSFGA,2,26,2.3066927046520984,1.9785628287995134,10.0,
etching,TSFGA,2,27,2.3066927046520984,1.9872455470191461,10.0,
etching,TSFGA,2,28,2.3066927046520984,2.0053047993126887,10.0,
etching,TSFGA,2,29,2.3066927046520984,2.003660803884586,10.0,
etching,TSFGA,2,30,2.3066927046520984,2.0154377335701534,10.0,
etching,TSFGA,2,31,2.3066927046520984,2.051339083943428,10.0,
etching,TSFGA,2,32,2.3066927046520984,2.048289278298983,10.0,
etching,TSFGA,2,33,2.3066927046520984,2.0477789635676764,10.0,
etching,TSFGA,2,34,2.3066927046520984,2.05389092240821,10.0,
etching,TSFGA,2,35,2.3066927046520984,2.022779215378448,10.0,
etching,TSFGA,2,36,2.3066927046520984,2.022197659902291,10.0,
etching,TSFGA,2,37,2.3066927046520984,2.014406583695114,10.0,
etching,TSFGA,2,38,2.3066927046520984,2.0637116642730784,10.0,
etching,TSFGA,2,39,2.3066927046520984,1.9874945690520973,10.0,
etching,TSFGA,2,40,2.3066927046520984,2.016022059414717,10.0,
etching,TSFGA,2,41,2.3066927046520984,1.9893748480919773,10.0,
etching,TSFGA,2,42,2.3066927046520984,1.998968232815566,10.0,
etching,TSFGA,2,43,2.3066927046520984,2.0095157819197333,10.0,
etching,TSFGA,2,44,2.3066927046520984,2.0440508832862254,10.0,
etching,TSFGA,2,45,2.3066927046520984,2.0145281002620385,10.0,
etching,TSFGA,2,46,2.3066927046520984,1.9997492484317323,10.0,
etching,TSFGA,2,47,2.3066927046520984,2.00084371748562,10.0,
etching,TSFGA,2,48,2.3066927046520984,2.0017993086251926,10.0,
etching,TSFGA,2,49,2.3066927046520984,1.9889215833151457,10.0,
etching,TSFGA,2,50,2.3066927046520984,2.021348148768398,10.0,
etching,TSFGA,2,51,2.3066927046520984,2.0216675000343933,10.0,
etching,TSFGA,2,52,2.3066927046520984,2.0131336845200023,10.0,
etching,TSFGA,2,53,2.3066927046520984,2.0305532118920278,10.0,
etching,TSFGA,2,54,2.3066927046520984,2.046728434711985,10.0,
etching,TSFGA,2,55,2.3066927046520984,2.0273380105771515,10.0,
etching,TSFGA,2,56,2.3066927046520984,2.0192579154808885,10.0,
etching,TSFGA,2,57,2.3345616739077646,1.9974229320325403,9.0,
etching,TSFGA,2,58,2.3345616739077646,2.0249656995512444,9.0,
etching,TSFGA,2,59,2.3345616739077646,2.010585236261826,9.0,
etching,TSFGA,2,60,2.3345616739077646,2.0258791660006943,9.0,
etching,TSFGA,2,61,2.3345616739077646,1.9814491148108364,9.0,
etching,TSFGA,2,62,2.3345616739077646,1.9852754559140338,9.0,
etching,TSFGA,2,63,2.3345616739077646,2.0020202515566394,9.0,
etching,TSFGA,2,64,2.3345616739077646,2.003205068292555,9.0,
etching,TSFGA,2,65,2.3345616739077646,2.0072178699279286,9.0,
etching,TSFGA,2,66,2.3345616739077646,1.9948497840446144,9.0,
etching,TSFGA,2,67,2.3345616739077646,1.9727010396995872,9.0,
etching,TSFGA,2,68,2.3345616739077646,2.006703805965343,9.0,
etching,TSFGA,2,69,2.3345616739077646,2.0121381286682825,9.0,
etching,TSFGA,2,70,2.3345616739077646,2.0125261016579143,9.0,
etching,TSFGA,2,71,2.3345616739077646,1.987975536144924,9.0,
etching,TSFGA,2,72,2.3345616739077646,2.0312267880090484,9.0,
etching,TSFGA,2,73,2.3345616739077646,1.9768710770322155,9.0,
etching,TSFGA,2,74,2.3345616739077646,1.9607264837514766,9.0,
etching,TSFGA,2,75,2.3345616739077646,1.9962751278727626,9.0,
etching,TSFGA,2,76,2.3345616739077646,1.9914957343102728,9.0,
etching,TSFGA,2,77,2.3345616739077646,2.021803766481619,9.0,
etching,TSFGA,2,78,2.3345616739077646,2.0401657275095046,9.0,
etching,TSFGA,2,79,2.350232768466031,2.0331013179287827,7.0,
etching,TSFGA,2,80,2.350232768466031,2.0375067746016646,7.0,
etching,TSFGA,2,81,2.350232768466031,2.026137723254993,7.0,
etching,TSFGA,2,82,2.350232768466031,2.0046918360013524,7.0,
etching,TSFGA,2,83,2.3787531407643856,1.9929087235630376,6.0,
etching,TSFGA,2,84,2.3787531407643856,1.9844173543357257,6.0,
etching,TSFGA,2,85,2.3787531407643856,1.9994434637738288,6.0,
etching,TSFGA,2,86,2.3787531407643856,2.009575604535227,6.0,
etching,TSFGA,2,87,2.3787531407643856,1.999212986677712,6.0,
etching,TSFGA,2,88,2.3787531407643856,1.998149951978413,6.0,
etching,TSFGA,2,89,2.3787531407643856,1.98920809602864,6.0,
etching,TSFGA,2,90,2.3787531407643856,1.989944336983419,6.0,
etching,TSFGA,2,91,2.3787531407643856,1.9763401062987636,6.0,
etching,TSFGA,2,92,2.3787531407643856,2.0153990071254753,6.0,
etching,TSFGA,2,93,2.3787531407643856,2.0078845610214318,6.0,
etching,TSFGA,2,94,2.3787531407643856,2.0080224244581215,6.0,
etching,TSFGA,2,95,2.3787531407643856,2.0696918351741744,6.0,
etching,TSFGA,2,96,2.3787531407643856,2.046748464494855,6.0,
etching,TSFGA,2,97,2.3787531407643856,2.0159501761995315,6.0,
etching,TSFGA,2,98,2.3787531407643856,2.0207347460083747,6.0,
etching,TSFGA,2,99,2.3787531407643856,1.9815741918400065,6.0,
etching,TSFGA,2,100,2.3787531407643856,1.9489777215342656,6.0,
etching,TSFGA,2,101,2.3787531407643856,2.0152107433442756,6.0,
etching,TSFGA,2,102,2.3787531407643856,1.9847237375308389,6.0,
etching,TSFGA,2,103,2.3787531407643856,1.9667228103315388,6.0,
etching,TSFGA,2,104,2.3787531407643856,2.00290516224203,6.0,
etching,TSFGA,2,105,2.3787531407643856,2.0287110262504906,6.0,
etching,TSFGA,2,106,2.3787531407643856,2.0329109291513054,6.0,
etching,TSFGA,2,107,2.3787531407643856,2.0399912117478722,6.0,
etching,TSFGA,2,108,2.3787531407643856,2.0214938248375325,6.0,
etching,TSFGA,2,109,2.3787531407643856,2.0042326254325147,6.0,
etching,TSFGA,2,110,2.3787531407643856,2.025576955628356,6.0,
etching,TSFGA,2,111,2.3787531407643856,2.0253821232913696,6.0,
etching,TSFGA,2,112,2.3787531407643856,2.0339852900175144,6.0,
etching,TSFGA,2,113,2.3787531407643856,2.0374149620053035,6.0,
etching,TSFGA,2,114,2.3787531407643856,2.048780797355197,6.0,
etching,TSFGA,2,115,2.3787531407643856,2.0183458968803323,6.0,
etching,TSFGA,2,116,2.3787531407643856,1.981163918712749,6.0,
etching,TSFGA,2,117,2.3787531407643856,2.0450442961069264,6.0,
etching,TSFGA,2,118,2.3787531407643856,2.0587973338239096,6.0,
etching,TSFGA,2,119,2.3787531407643856,2.061881552672836,6.0,
etching,TSFGA,2,120,2.3787531407643856,2.016232187686827,6.0,
etching,TSFGA,2,121,2.3787531407643856,1.999967879852311,6.0,
etching,TSFGA,2,122,2.3787531407643856,1.9871323916159322,6.0,
etching,TSFGA,2,123,2.3787531407643856,2.0180654903269493,6.0,
etching,TSFGA,3,0,2.1579911605615023,1.6937182747155348,17.0,
etching,TSFGA,3,1,2.1579911605615023,1.8466439566529158,17.0,
etching,TSFGA,3,2,2.1864649923368535,1.8935700078399882,16.0,
etching,TSFGA,3,3,2.219257381924982,1.9461221937110373,13.0,
etching,TSFGA,3,4,2.219257381924982,1.9439129883640063,13.0,
etching,TSFGA,3,5,2.2556758619035686,1.9357706511866482,12.0,
etching,TSFGA,3,6,2.2556758619035686,1.9628172051914965,12.0,
etching,TSFGA,3,7,2.2556758619035686,1.9908061410508275,12.0,
etching,TSFGA,3,8,2.2556758619035686,1.970197826217723,12.0,
etching,TSFGA,3,9,2.289428501990649,1.999716887246175,11.0,
etching,TSFGA,3,10,2.289428501990649,1.9590222398850077,11.0,
etching,TSFGA,3,11,2.289428501990649,1.9341927397119583,11.0,
etching,TSFGA,3,12,2.289428501990649,1.9673583830587469,11.0,
etching,TSFGA,3,13,2.289428501990649,1.9412631534645812,11.0,
etching,TSFGA,3,14,2.289428501990649,2.0073127714489716,11.0,
etching,TSFGA,3,15,2.289428501990649,1.99150305119421,11.0,
etching,TSFGA,3,16,2.289428501990649,2.0016847024899365,11.0,
etching,TSFGA,3,17,2.3016079595917307,1.9878570650369114,11.0,
etching,TSFGA,3,18,2.3016079595917307,1.9904990561207314,11.0,
etching,TSFGA,3,19,2.3016079595917307,1.9585581883334418,11.0,
etching,TSFGA,3,20,2.3016079595917307,1.9674544764821342,11.0,
etching,TSFGA,3,21,2.3016079595917307,1.9984584035722357,11.0,
etching,TSFGA,3,22,2.3016079595917307,1.9688250715661,11.0,
etching,TSFGA,3,23,2.3016079595917307,1.9885193851558391,11.0,
etching,TSFGA,3,24,2.3016079595917307,1.9909714315418015,11.0,
etching,TSFGA,3,25,2.3016079595917307,1.986292078235587,11.0,
etching,TSFGA,3,26,2.3016079595917307,1.9816824999511191,11.0,
etching,TSFGA,3,27,2.3016079595917307,2.0008404617005966,11.0,
etching,TSFGA,3,28,2.3016079595917307,1.9576220432131861,11.0,
etching,TSFGA,3,29,2.3016079595917307,1.9871961032850145,11.0,
etching,TSFGA,3,30,2.3016079595917307,2.0087191751043902,11.0,
etching,TSFGA,3,31,2.3016079595917307,2.00264911837174,11.0,
etching,TSFGA,3,32,2.3016079595917307,2.033110516788118,11.0,
etching,TSFGA,3,33,2.3016079595917307,1.989393442618527,11.0,
etching,TSFGA,3,34,2.3016079595917307,2.0217423154090524,11.0,
etching,TSFGA,3,35,2.3016079595917307,2.0146832635879375,11.0,
etching,TSFGA,3,36,2.3016079595917307,1.994623327470523,11.0,
etching,TSFGA,3,37,2.3016079595917307,1.9193510361212247,11.0,
etching,TSFGA,3,38,2.3016079595917307,1.948065402989594,11.0,
etching,TSFGA,3,39,2.3016079595917307,1.992228123916177,11.0,
etching,TSFGA,3,40,2.32677718108679,2.0149015036872635,10.0,
etching,TSFGA,3,41,2.32677718108679,2.03998560528735,10.0,
etching,TSFGA,3,42,2.32677718108679,2.036203942273153,10.0,
etching,TSFGA,3,43,2.329164116666954,2.0416842683931087,10.0,
etching,TSFGA,3,44,2.329164116666954,2.042326290493046,10.0,
etching,TSFGA,3,45,2.329164116666954,2.0179504677456075,10.0,
etching,TSFGA,3,46,2.329164116666954,1.9850006089313073,10.0,
etching,TSFGA,3,47,2.329164116666954,2.035307384682171,10.0,
etching,TSFGA,3,48,2.329164116666954,2.0201489681654534,10.0,
etching,TSFGA,3,49,2.329164116666954,2.0232471936051573,10.0,
etching,TSFGA,3,50,2.329164116666954,1.9761254083936854,10.0,
etching,TSFGA,3,51,2.329164116666954,2.01068132008198,10.0,
etching,TSFGA,3,52,2.329164116666954,1.974455514647388,10.0,
etching,TSFGA,3,53,2.329164116666954,1.9546017725224403,10.0,
etching,TSFGA,3,54,2.329164116666954,1.9815406453824842,10.0,
etching,TSFGA,3,55,2.329164116666954,1.9617790315672643,10.0,
etching,TSFGA,3,56,2.329164116666954,1.9848314055118763,10.0,
etching,TSFGA,3,57,2.329164116666954,2.0115494289044094,10.0,
etching,TSFGA,3,58,2.329164116666954,1.9614925634404436,10.0,
etching,TSFGA,3,59,2.338628362532662,1.9856138749909398,9.0,
etching,TSFGA,3,60,2.338628362532662,2.0290374627549648,9.0,
etching,TSFGA,3,61,2.338628362532662,2.0115309483755186,9.0,
etching,TSFGA,3,62,2.338628362532662,1.9584542018242126,9.0,
etching,TSFGA,3,63,2.338628362532662,1.9052098499684078,9.0,
etching,TSFGA,3,64,2.338628362532662,1.9514756210721333,9.0,
etching,TSFGA,3,65,2.3733078332644872,1.9706373774294796,7.0,
etching,TSFGA,3,66,2.3733078332644872,2.0078537036917163,7.0,
etching,TSFGA,3,67,2.3733078332644872,1.9787598597309433,7.0,
etching,TSFGA,3,68,2.3733078332644872,1.9682886836262774,7.0,
etching,TSFGA,3,69,2.3733078332644872,1.9842365346017694,7.0,
etching,TSFGA,3,70,2.3733078332644872,2.0116618208225376,7.0,
etching,TSFGA,3,71,2.3733078332644872,2.0046019479713033,7.0,
etching,TSFGA,3,72,2.3733078332644872,2.0259241831736707,7.0,
etching,TSFGA,3,73,2.3733078332644872,1.992017198764983,7.0,
etching,TSFGA,3,74,2.3733078332644872,2.0301398499271937,7.0,
etching,TSFGA,3,75,2.3733078332644872,2.0470938627540134,7.0,
etching,TSFGA,3,76,2.3733078332644872,2.0371713868955297,7.0,
etching,TSFGA,3,77,2.3733078332644872,2.019782137473183,7.0,
etching,TSFGA,3,78,2.3733078332644872,2.0056263528856246,7.0,
etching,TSFGA,3,79,2.3733078332644872,1.9705878079822632,7.0,
etching,TSFGA,3,80,2.3733078332644872,1.9980233676115255,7.0,
etching,TSFGA,3,81,2.3733078332644872,1.9798084279130126,7.0,
etching,TSFGA,3,82,2.3733078332644872,2.011495775540817,7.0,
etching,TSFGA,3,83,2.3733078332644872,1.9943808726816008,7.0,
etching,TSFGA,3,84,2.3733078332644872,2.007694455754853,7.0,
etching,TSFGA,3,85,2.3733078332644872,2.0542514388667543,7.0,
etching,TSFGA,3,86,2.3733078332644872,2.062821873430439,7.0,
etching,TSFGA,3,87,2.3733078332644872,2.07032954424581,7.0,
etching,TSFGA,3,88,2.3733078332644872,2.064752983894535,7.0,
etching,TSFGA,3,89,2.3733078332644872,1.9966776031452824,7.0,
etching,TSFGA,3,90,2.3733078332644872,1.997636418045373,7.0,
etching,TSFGA,3,91,2.3733078332644872,2.009754602727132,7.0,
etching,TSFGA,3,92,2.3733078332644872,1.9860995922868543,7.0,
etching,TSFGA,3,93,2.3733078332644872,1.990007831026454,7.0,
etching,TSFGA,3,94,2.3733078332644872,2.018572195301555,7.0,
etching,TSFGA,3,95,2.3733078332644872,2.006472892740649,7.0,
etching,TSFGA,3,96,2.3733078332644872,2.0022349851031613,7.0,
etching,TSFGA,3,97,2.3733078332644872,2.0099357011557606,7.0,
etching,TSFGA,3,98,2.3733078332644872,2.0114738729129944,7.0,
etching,TSFGA,3,99,2.3733078332644872,1.9964502282253775,7.0,
etching,TSFGA,3,100,2.3733078332644872,2.027151454286886,7.0,
etching,TSFGA,3,101,2.3733078332644872,2.0420259340035782,7.0,
etching,TSFGA,3,102,2.3733078332644872,2.038249264664963,7.0,
etching,TSFGA,3,103,2.3733078332644872,2.0527265514064905,7.0,
etching,TSFGA,3,104,2.3733078332644872,2.0374462982470796,7.0,
etching,TSFGA,3,105,2.3733078332644872,2.019801164838185,7.0,
etching,TSFGA,4,0,2.116326291684673,1.6931771274602148,19.0,
etching,TSFGA,4,1,2.1631890781344745,1.8065756203116987,17.0,
etching,TSFGA,4,2,2.199459824658947,1.8880394183072604,15.0,
etching,TSFGA,4,3,2.199459824658947,1.957109977010207,15.0,
etching,TSFGA,4,4,2.199459824658947,1.979014246881674,15.0,
etching,TSFGA,4,5,2.199459824658947,1.951998912434788,15.0,
etching,TSFGA,4,6,2.204660731422363,1.9349614250508995,14.0,
etching,TSFGA,4,7,2.231720455918416,1.9705022362049789,14.0,
etching,TSFGA,4,8,2.2445567541291656,2.014431051059031,12.0,
etching,TSFGA,4,9,2.2445567541291656,2.0538239549908646,12.0,
etching,TSFGA,4,10,2.2445567541291656,2.00026751700871,12.0,
etching,TSFGA,4,11,2.2445567541291656,2.0038527636449524,12.0,
etching,TSFGA,4,12,2.2445567541291656,2.0005387600570503,12.0,
etching,TSFGA,4,13,2.2445567541291656,1.9639289190791303,12.0,
etching,TSFGA,4,14,2.2445567541291656,1.9588582601723714,12.0,
etching,TSFGA,4,15,2.2445567541291656,1.9723756955333858,12.0,
etching,TSFGA,4,16,2.2445567541291656,1.9674215916606925,12.0,
etching,TSFGA,4,17,2.2445567541291656,1.9745816163664163,12.0,
etching,TSFGA,4,18,2.2445567541291656,1.9765436992399092,12.0,
etching,TSFGA,4,19,2.2445567541291656,1.9551442671212622,12.0,
etching,TSFGA,4,20,2.2445567541291656,1.9848537225676275,12.0,
etching,TSFGA,4,21,2.2468425495656534,1.9683641380155499,13.0,
etching,TSFGA,4,22,2.248766079890358,1.9276886149591437,14.0,
etching,TSFGA,4,23,2.248766079890358,1.9656217076984646,14.0,
etching,TSFGA,4,24,2.248766079890358,1.958359317947977,14.0,
etching,TSFGA,4,25,2.248766079890358,1.979370613717548,14.0,
etching,TSFGA,4,26,2.248766079890358,1.954878944475303,14.0,
etching,TSFGA,4,27,2.248766079890358,1.940927735950968,14.0,
etching,TSFGA,4,28,2.248766079890358,1.9751137256930875,14.0,
etching,TSFGA,4,29,2.248766079890358,1.977338794400623,14.0,
etching,TSFGA,4,30,2.248766079890358,1.9698016685575161,14.0,
etching,TSFGA,4,31,2.2703720681287165,1.975181121225021,11.0,
etching,TSFGA,4,32,2.2703720681287165,2.0045819460035124,11.0,
etching,TSFGA,4,33,2.278740808166391,1.986698621795798,11.0,
etching,TSFGA,4,34,2.278740808166391,2.0016485280482716,11.0,
etching,TSFGA,4,35,2.280680525494499,1.9968013071892152,11.0,
etching,TSFGA,4,36,2.282244709303363,2.0188541382098464,12.0,
etching,TSFGA,4,37,2.2895108497000773,2.0139578035379286,9.0,
etching,TSFGA,4,38,2.2895108497000773,2.001522370344842,9.0,
etching,TSFGA,4,39,2.2895108497000773,2.005021334362915,9.0,
etching,TSFGA,4,40,2.2895108497000773,2.024914769368005,9.0,
etching,TSFGA,4,41,2.2895108497000773,2.041299759876961,9.0,
etching,TSFGA,4,42,2.2895108497000773,1.9950454990874686,9.0,
etching,TSFGA,4,43,2.2895108497000773,1.9926063485168193,9.0,
etching,TSFGA,4,44,2.2895108497000773,1.9493744375523547,9.0,
etching,TSFGA,4,45,2.3247774840329836,1.9865801075626561,8.0,
etching,TSFGA,4,46,2.3247774840329836,2.004726288951139,8.0,
etching,TSFGA,4,47,2.3247774840329836,1.9916092910591074,8.0,
etching,TSFGA,4,48,2.3247774840329836,2.0429961686604896,8.0,
etching,TSFGA,4,49,2.3247774840329836,2.037958046832732,8.0,
etching,TSFGA,4,50,2.3247774840329836,2.032928772910691,8.0,
etching,TSFGA,4,51,2.3247774840329836,2.018402606767135,8.0,
etching,TSFGA,4,52,2.3247774840329836,2.0281736369348096,8.0,
etching,TSFGA,4,53,2.3247774840329836,2.0030178651214947,8.0,
etching,TSFGA,4,54,2.3247774840329836,1.9990929467211482,8.0,
etching,TSFGA,4,55,2.3247774840329836,1.9736306966474864,8.0,
etching,TSFGA,4,56,2.3247774840329836,1.975417487182689,8.0,
etching,TSFGA,4,57,2.3276860216900035,2.006063339836518,7.0,
etching,TSFGA,4,58,2.3276860216900035,1.9694595558171748,7.0,
etching,TSFGA,4,59,2.3276860216900035,1.9875977447932172,7.0,
etching,TSFGA,4,60,2.368226434631009,2.0077728151038476,5.0,
etching,TSFGA,4,61,2.368226434631009,1.9949501626892654,5.0,
etching,TSFGA,4,62,2.368226434631009,1.9771169902183956,5.0,
etching,TSFGA,4,63,2.368226434631009,2.0141863059642193,5.0,
etching,TSFGA,4,64,2.368226434631009,1.9958093549133502,5.0,
etching,TSFGA,4,65,2.368226434631009,1.9849707303126523,5.0,
etching,TSFGA,4,66,2.368226434631009,2.0012499810422133,5.0,
etching,TSFGA,4,67,2.368226434631009,1.987835646424389,5.0,
etching,TSFGA,4,68,2.368226434631009,2.001396189360085,5.0,
etching,TSFGA,4,69,2.368226434631009,2.06822726237524,5.0,
etching,TSFGA,4,70,2.368226434631009,2.0612885799995504,5.0,
etching,TSFGA,4,71,2.368226434631009,2.0571468276354645,5.0,
etching,TSFGA,4,72,2.368226434631009,2.0401954183366002,5.0,
etching,TSFGA,4,73,2.368226434631009,2.056584957750718,5.0,
etching,TSFGA,4,74,2.368226434631009,2.0048846503011486,5.0,
etching,TSFGA,4,75,2.368226434631009,1.9924188198041506,5.0,
etching,TSFGA,4,76,2.368226434631009,2.0252138528815165,5.0,
etching,TSFGA,4,77,2.368226434631009,2.0216758683366765,5.0,
etching,TSFGA,4,78,2.368226434631009,2.07552747109636,5.0,
etching,TSFGA,4,79,2.368226434631009,2.0288051799700093,5.0,
etching,TSFGA,4,80,2.368226434631009,1.9910513791506042,5.0,
etching,TSFGA,4,81,2.368226434631009,1.9896552148124684,5.0,
etching,TSFGA,4,82,2.368226434631009,2.0219750164697206,5.0,
etching,TSFGA,4,83,2.368226434631009,2.002558379382011,5.0,
etching,TSFGA,4,84,2.368226434631009,2.0104605192864176,5.0,
etching,TSFGA,4,85,2.368226434631009,1.9818646455651323,5.0,
etching,TSFGA,4,86,2.368226434631009,2.0247218488276504,5.0,
etching,TSFGA,4,87,2.368226434631009,2.01648925260461,5.0,
etching,TSFGA,4,88,2.368226434631009,2.0096460756819967,5.0,
etching,TSFGA,4,89,2.368226434631009,1.9961551478062112,5.0,
etching,TSFGA,4,90,2.368226434631009,2.0209066412159493,5.0,
etching,TSFGA,4,91,2.368226434631009,1.9950073367625265,5.0,
etching,TSFGA,4,92,2.368226434631009,1.9747254671709364,5.0,
etching,TSFGA,4,93,2.368226434631009,2.0080937776243575,5.0,
etching,TSFGA,4,94,2.368226434631009,1.9906511605181714,5.0,
etching,TSFGA,4,95,2.368226434631009,2.02068842158921,5.0,
etching,TSFGA,4,96,2.368226434631009,2.031632284050359,5.0,
etching,TSFGA,4,97,2.368226434631009,2.0388704560688815,5.0,
etching,TSFGA,4,98,2.368226434631009,2.0331392665513746,5.0,
etching,TSFGA,4,99,2.368226434631009,2.016822917044229,5.0,
etching,TSFGA,4,100,2.368226434631009,2.001615469682131,5.0,
etching,NSGA2,0,0,0.7451142789749502,0.5683273383986979,,5.0
etching,NSGA2,0,1,0.7451142789749502,0.6604859437606312,,8.0
etching,NSGA2,0,2,0.747841433202195,0.6208202964612346,,5.0
etching,NSGA2,0,3,0.7497251000086713,0.6276644948111502,,7.0
etching,NSGA2,0,4,0.7514716908840149,0.6577049292072363,,6.0
etching,NSGA2,0,5,0.754610949067409,0.6740466005903685,,3.0
etching,NSGA2,0,6,0.754610949067409,0.6889840596106898,,3.0
etching,NSGA2,0,7,0.7574129515939798,0.7036690238749757,,4.0
etching,NSGA2,0,8,0.7574129515939798,0.7168928129788477,,4.0
etching,NSGA2,0,9,0.758487662311161,0.7266949487395021,,4.0
etching,NSGA2,0,10,0.7603091454747657,0.7100562437417892,,5.0
etching,NSGA2,0,11,0.7669617655943364,0.6882609266298663,,3.0
etching,NSGA2,0,12,0.7669617655943364,0.6958471591628053,,4.0
etching,NSGA2,0,13,0.7669617655943364,0.6820557271493679,,5.0
etching,NSGA2,0,14,0.7674957857369786,0.6561310708713022,,5.0
etching,NSGA2,0,15,0.7674957857369786,0.675426091115614,,3.0
etching,NSGA2,0,16,0.7674957857369786,0.6693462449889237,,6.0
etching,NSGA2,0,17,0.7687226246633792,0.6936793122261887,,8.0
etching,NSGA2,0,18,0.769841467765183,0.7094372776038987,,10.0
etching,NSGA2,0,19,0.7706083660787763,0.7124363342599269,,14.0
etching,NSGA2,0,20,0.7706083660787763,0.7138951140570897,,29.0
etching,NSGA2,0,21,0.7706083660787763,0.7225390015879832,,52.0
etching,NSGA2,0,22,0.7706083660787763,0.7342720570805481,,70.0
etching,NSGA2,0,23,0.7706083660787763,0.7501773857366493,,80.0
etching,NSGA2,0,24,0.7706083660787763,0.7469596452586178,,80.0
etching,NSGA2,0,25,0.7706083660787763,0.7466904135244979,,80.0
etching,NSGA2,0,26,0.7706083660787763,0.7435323934276961,,80.0
etching,NSGA2,0,27,0.7706083660787763,0.7435921138089256,,80.0
etching,NSGA2,0,28,0.7706083660787763,0.7407630458274733,,80.0
etching,NSGA2,0,29,0.7706083660787763,0.7374855849682123,,80.0
etching,NSGA2,0,30,0.7706083660787763,0.738203209580141,,80.0
etching,NSGA2,0,31,0.7706083660787763,0.7324853532360067,,80.0
etching,NSGA2,0,32,0.7706083660787763,0.7299852373699041,,80.0
etching,NSGA2,0,33,0.7706083660787763,0.7296562852545544,,80.0
etching,NSGA2,0,34,0.7706083660787763,0.7267077765106429,,80.0
etching,NSGA2,0,35,0.7706083660787763,0.7237592677667313,,80.0
etching,NSGA2,0,36,0.7706083660787763,0.7231610839172617,,80.0
etching,NSGA2,0,37,0.7706083660787763,0.7228918521831418,,80.0
etching,NSGA2,0,38,0.7706083660787763,0.7178319000697068,,80.0
etching,NSGA2,0,39,0.7706083660787763,0.7120543233443428,,80.0
etching,NSGA2,0,40,0.7706083660787763,0.7094944870970105,,80.0
etching,NSGA2,0,41,0.7706083660787763,0.706545978353099,,80.0
etching,NSGA2,0,42,0.7706083660787763,0.7037169103716465,,80.0
etching,NSGA2,0,43,0.7706083660787763,0.7063364670002086,,80.0
etching,NSGA2,0,44,0.7706083660787763,0.7038363511341059,,80.0
etching,NSGA2,0,45,0.7706083660787763,0.7038960715153355,,80.0
etching,NSGA2,0,46,0.7706083660787763,0.7013959556492327,,80.0
etching,NSGA2,0,47,0.7706083660787763,0.6985071672865508,,80.0
etching,NSGA2,0,48,0.7706083660787763,0.6958876106579888,,80.0
etching,NSGA2,0,49,0.7706083660787763,0.6958876106579888,,80.0
etching,NSGA2,0,50,0.7706083660787763,0.6959473310392184,,80.0
etching,NSGA2,0,51,0.7706083660787763,0.6956780993050986,,80.0
etching,NSGA2,0,52,0.7706083660787763,0.6952894268085194,,80.0
etching,NSGA2,0,53,0.7706083660787763,0.6971316384439229,,80.0
etching,NSGA2,0,54,0.7706083660787763,0.6979089834370813,,80.0
etching,NSGA2,0,55,0.7706083660787763,0.6975203109405022,,80.0
etching,NSGA2,0,56,0.7706083660787763,0.6946315225778201,,80.0
etching,NSGA2,0,57,0.7706083660787763,0.6884055529746474,,80.0
etching,NSGA2,0,58,0.7706083660787763,0.6851280921153864,,80.0
etching,NSGA2,0,59,0.7706083660787763,0.6796197471241424,,80.0
etching,NSGA2,0,60,0.7706083660787763,0.6851280921153864,,80.0
etching,NSGA2,0,61,0.7706083660787763,0.6789021225122136,,80.0
etching,NSGA2,0,62,0.7706083660787763,0.675953613768302,,80.0
etching,NSGA2,0,63,0.7706083660787763,0.6758341730058428,,80.0
etching,NSGA2,0,64,0.7706083660787763,0.684171585978539,,80.0
etching,NSGA2,0,65,0.7706083660787763,0.6900088830851325,,80.0
etching,NSGA2,0,66,0.7706083660787763,0.6845005380938887,,80.0
etching,NSGA2,0,67,0.7706083660787763,0.6793808655992238,,80.0
etching,NSGA2,0,68,0.7706083660787763,0.6819407018465562,,80.0
etching,NSGA2,0,69,0.7706083660787763,0.6823293743431353,,80.0
etching,NSGA2,0,70,0.7706083660787763,0.6827180468397147,,80.0
etching,NSGA2,0,71,0.7706083660787763,0.6768210293518915,,80.0
etching,NSGA2,0,72,0.7706083660787763,0.6797098177145735,,80.0
etching,NSGA2,0,73,0.7706083660787763,0.6793808655992238,,80.0
etching,NSGA2,0,74,0.7706083660787763,0.6823293743431355,,80.0
etching,NSGA2,0,75,0.7706083660787763,0.6797695380958031,,80.0
etching,NSGA2,0,76,0.7706083660787763,0.6764920772365419,,80.0
etching,NSGA2,0,77,0.7706083660787763,0.6764920772365419,,80.0
etching,NSGA2,0,78,0.7706083660787763,0.6768807497331212,,80.0
etching,NSGA2,0,79,0.7706083660787763,0.6740516817516689,,80.0
etching,NSGA2,0,80,0.7706083660787763,0.6713724047418771,,80.0
etching,NSGA2,0,81,0.7706083660787763,0.6738725206079799,,80.0
etching,NSGA2,0,82,0.7706083660787763,0.6767613089706619,,80.0
etching,NSGA2,0,83,0.7706083660787763,0.677149981467241,,80.0
etching,NSGA2,0,84,0.7706083660787763,0.6797695380958031,,80.0
etching,NSGA2,0,85,0.7706083660787763,0.6798292584770327,,80.0
etching,NSGA2,0,86,0.7706083660787763,0.6853376034682765,,80.0
etching,NSGA2,0,87,0.7706083660787763,0.6882861122121883,,80.0
etching,NSGA2,0,88,0.7706083660787763,0.6882861122121883,,80.0
etching,NSGA2,0,89,0.7706083660787763,0.6886747847087674,,80.0
etching,NSGA2,0,90,0.7706083660787763,0.694512081815361,,80.0
etching,NSGA2,0,91,0.7706083660787763,0.6945718021965905,,80.0
etching,NSGA2,0,92,0.7706083660787763,0.6923409180646078,,80.0
etching,NSGA2,0,93,0.7706083660787763,0.6924006384458374,,80.0
etching,NSGA2,0,94,0.7706083660787763,0.6901697543138545,,80.0
etching,NSGA2,0,95,0.7706083660787763,0.6876099180665223,,80.0
etching,NSGA2,0,96,0.7706083660787763,0.6850500818191898,,80.0
etching,NSGA2,0,97,0.7706083660787763,0.6792127847125963,,80.0
etching,NSGA2,0,98,0.7706083660787763,0.676652948465264,,80.0
etching,NSGA2,0,99,0.7706083660787763,0.6792127847125964,,80.0
etching,NSGA2,0,100,0.7706083660787763,0.679272505093826,,80.0
etching,NSGA2,0,101,0.7706083660787763,0.679272505093826,,80.0
etching,NSGA2,0,102,0.7706083660787763,0.679272505093826,,80.0
etching,NSGA2,0,103,0.7706083660787763,0.6843921775884907,,80.0
etching,NSGA2,0,104,0.7706083660787763,0.6785548804818973,,80.0
etching,NSGA2,0,105,0.7706083660787763,0.6763239963499144,,80.0
etching,NSGA2,0,106,0.7706083660787763,0.6730465354906533,,80.0
etching,NSGA2,0,107,0.7706083660787763,0.6759950442345648,,80.0
etching,NSGA2,0,108,0.7706083660787763,0.6785548804818972,,80.0
etching,NSGA2,0,109,0.7706083660787763,0.6815033892258088,,80.0
etching,NSGA2,0,110,0.7706083660787763,0.6815631096070384,,80.0
etching,NSGA2,0,111,0.7706083660787763,0.6841229458543708,,80.0
etching,NSGA2,0,112,0.7706083660787763,0.6809052053763393,,80.0
etching,NSGA2,0,113,0.7706083660787763,0.6812341574916887,,80.0
etching,NSGA2,0,114,0.7706083660787763,0.6863538299863535,,80.0
etching,NSGA2,0,115,0.7706083660787763,0.6892426183490354,,80.0
etching,NSGA2,0,116,0.7706083660787763,0.6859651574897743,,80.0
etching,NSGA2,0,117,0.7706083660787763,0.6854570442307358,,80.0
etching,NSGA2,0,118,0.7706083660787763,0.6825682558680539,,80.0
etching,NSGA2,0,119,0.7706083660787763,0.6833456008612123,,80.0
etching,NSGA2,0,120,0.7706083660787763,0.6804568124985304,,80.0
etching,NSGA2,0,121,0.7706083660787763,0.6825682558680539,,80.0
etching,NSGA2,0,122,0.7706083660787763,0.6828972079834035,,80.0
etching,NSGA2,0,123,0.7706083660787763,0.6858457167273151,,80.0
etching,NSGA2,0,124,0.7706083660787763,0.6862343892238943,,80.0
etching,NSGA2,0,125,0.7706083660787763,0.6862343892238943,,80.0
etching,NSGA2,0,126,0.7706083660787763,0.689840802198505,,80.0
etching,NSGA2,0,127,0.7706083660787763,0.6894521297019258,,80.0
etching,NSGA2,0,128,0.7706083660787763,0.6920119659492581,,80.0
etching,NSGA2,0,129,0.7706083660787763,0.6861746688426646,,80.0
etching,NSGA2,0,130,0.7706083660787763,0.6865036209580142,,80.0
etching,NSGA2,0,131,0.7706083660787763,0.683226160098753,,80.0
etching,NSGA2,0,132,0.7706083660787763,0.6861746688426646,,80.0
etching,NSGA2,0,133,0.7706083660787763,0.6886747847087674,,80.0
etching,NSGA2,0,134,0.7706083660787763,0.6890037368241171,,80.0
etching,NSGA2,0,135,0.7706083660787763,0.6915038526902196,,80.0
etching,NSGA2,0,136,0.7706083660787763,0.6915038526902196,,80.0
etching,NSGA2,0,137,0.7706083660787763,0.6937347368222025,,80.0
etching,NSGA2,0,138,0.7706083660787763,0.6934057847068529,,80.0
etching,NSGA2,0,139,0.7706083660787763,0.6882861122121883,,80.0
etching,NSGA2,0,140,0.7706083660787763,0.6883458325934179,,80.0
etching,NSGA2,0,141,0.7706083660787763,0.687897439715609,,80.0
etching,NSGA2,0,142,0.7706083660787763,0.6857262759648558,,80.0
etching,NSGA2,0,143,0.7706083660787763,0.6825085354868243,,80.0
etching,NSGA2,0,144,0.7706083660787763,0.6770001904955804,,80.0
etching,NSGA2,0,145,0.7706083660787763,0.6796197471241424,,80.0
etching,NSGA2,0,146,0.7706083660787763,0.67705991087681,,80.0
etching,NSGA2,0,147,0.7706083660787763,0.6770599108768101,,80.0
etching,NSGA2,0,148,0.7706083660787763,0.6766712383802307,,80.0
etching,NSGA2,0,149,0.7706083660787763,0.6763422862648812,,80.0
etching,NSGA2,0,150,0.7706083660787763,0.6741114021328984,,80.0
etching,NSGA2,0,151,0.7706083660787763,0.6795600267429127,,80.0
etching,NSGA2,0,152,0.7706083660787763,0.6791713542463336,,80.0
etching,NSGA2,0,153,0.7706083660787763,0.6790519134838743,,80.0
etching,NSGA2,0,154,0.7706083660787763,0.6790519134838743,,80.0
etching,NSGA2,0,155,0.7706083660787763,0.6820004222277858,,80.0
etching,NSGA2,0,156,0.7706083660787763,0.6794405859804534,,80.0
etching,NSGA2,0,157,0.7706083660787763,0.682389094724365,,80.0
etching,NSGA2,0,158,0.7706083660787763,0.6820004222277858,,80.0
etching,NSGA2,0,159,0.7706083660787763,0.6816714701124362,,80.0
etching,NSGA2,0,160,0.7706083660787763,0.6816714701124363,,80.0
etching,NSGA2,0,161,0.7706083660787763,0.6878377193343794,,80.0
etching,NSGA2,0,162,0.7706083660787763,0.6852181627058174,,80.0
etching,NSGA2,0,163,0.7706083660787763,0.6819407018465562,,80.0
etching,NSGA2,0,164,0.7706083660787763,0.6823293743431355,,80.0
etching,NSGA2,0,165,0.7706083660787763,0.685277883087047,,80.0
etching,NSGA2,0,166,0.7706083660787763,0.6853376034682765,,80.0
etching,NSGA2,0,167,0.7706083660787763,0.6824488151055947,,80.0
etching,NSGA2,0,168,0.7706083660787763,0.6823293743431353,,80.0
etching,NSGA2,0,169,0.7706083660787763,0.6823293743431353,,80.0
etching,NSGA2,0,170,0.7706083660787763,0.6834356714516434,,80.0
etching,NSGA2,0,171,0.7706083660787763,0.6777178151075092,,80.0
etching,NSGA2,0,172,0.7706083660787763,0.6751579788601767,,80.0
etching,NSGA2,0,173,0.7706083660787763,0.6747095859823679,,80.0
etching,NSGA2,0,174,0.7706083660787763,0.6747095859823679,,80.0
etching,NSGA2,0,175,0.7706083660787763,0.6802776513548416,,80.0
etching,NSGA2,0,176,0.7706083660787763,0.6748290267448273,,80.0
etching,NSGA2,0,177,0.7706083660787763,0.6723289108787245,,80.0
etching,NSGA2,0,178,0.7706083660787763,0.6723289108787245,,80.0
etching,NSGA2,0,179,0.7706083660787763,0.6730465354906533,,80.0
etching,NSGA2,0,180,0.7706083660787763,0.6734949283684621,,80.0
etching,NSGA2,0,181,0.7706083660787763,0.6789435529784764,,80.0
etching,NSGA2,0,182,0.7706083660787763,0.6788838325972467,,80.0
etching,NSGA2,0,183,0.7706083660787763,0.6843921775884907,,80.0
etching,NSGA2,0,184,0.7706083660787763,0.6870117342170527,,80.0
etching,NSGA2,0,185,0.7706083660787763,0.6870117342170527,,80.0
etching,NSGA2,0,186,0.7706083660787763,0.6870117342170527,,80.0
etching,NSGA2,0,187,0.7706083660787763,0.6844518979697203,,80.0
etching,NSGA2,0,188,0.7706083660787763,0.6874004067136319,,80.0
etching,NSGA2,0,189,0.7706083660787763,0.6877293588289815,,80.0
etching,NSGA2,0,190,0.7706083660787763,0.68478085008507,,80.0
etching,NSGA2,0,191,0.7706083660787763,0.6818920617223879,,80.0
etching,NSGA2,0,192,0.7706083660787763,0.6818920617223879,,80.0
etching,NSGA2,0,193,0.7706083660787763,0.6814436688445792,,80.0
etching,NSGA2,0,194,0.7706083660787763,0.6840035050919114,,80.0
etching,NSGA2,0,195,0.7706083660787763,0.6810549963479999,,80.0
etching,NSGA2,0,196,0.7706083660787763,0.6840035050919114,,80.0
etching,NSGA2,0,197,0.7706083660787763,0.6843921775884907,,80.0
etching,NSGA2,0,198,0.7706083660787763,0.6843324572072611,,80.0
etching,NSGA2,0,199,0.7706083660787763,0.6868922934545935,,80.0
etching,NSGA2,0,200,0.7706083660787763,0.6840632254731411,,80.0
etching,NSGA2,1,0,0.7376691788889176,0.536048799787198,,4.0
etching,NSGA2,1,1,0.7380919187090806,0.641495116636818,,5.0
etching,NSGA2,1,2,0.751787242550955,0.6755505568531576,,3.0
etching,NSGA2,1,3,0.751787242550955,0.6699271726649728,,3.0
etching,NSGA2,1,4,0.751787242550955,0.6846967678380259,,5.0
etching,NSGA2,1,5,0.752733570904358,0.6967040806162623,,5.0
etching,NSGA2,1,6,0.7547808513101679,0.7043938028191913,,6.0
etching,NSGA2,1,7,0.7577561338487113,0.7072566405271332,,5.0
etching,NSGA2,1,8,0.7577561338487113,0.7127250162465113,,4.0
etching,NSGA2,1,9,0.762246649543997,0.6936948525857798,,4.0
etching,NSGA2,1,10,0.7667181767264042,0.6866104662303674,,4.0
etching,NSGA2,1,11,0.7667181767264042,0.7080513981790612,,5.0
etching,NSGA2,1,12,0.7701158067939473,0.6794384073435935,,6.0
etching,NSGA2,1,13,0.7701158067939473,0.6566386565003619,,8.0
etching,NSGA2,1,14,0.7701158067939473,0.6924777079856976,,7.0
etching,NSGA2,1,15,0.7723216476032044,0.6767630077036065,,7.0
etching,NSGA2,1,16,0.7723216476032044,0.6704270539845283,,8.0
etching,NSGA2,1,17,0.7723216476032044,0.679478109162266,,10.0
etching,NSGA2,1,18,0.7723216476032044,0.6937246403885851,,13.0
etching,NSGA2,1,19,0.7723216476032044,0.7169293560306879,,23.0
etching,NSGA2,1,20,0.7728616395918738,0.7190314521374359,,29.0
etching,NSGA2,1,21,0.7728616395918738,0.7374174141932024,,48.0
etching,NSGA2,1,22,0.7728616395918738,0.7429172318012949,,73.0
etching,NSGA2,1,23,0.7728616395918738,0.7565146122366775,,80.0
etching,NSGA2,1,24,0.7744005623859649,0.7565218738886565,,80.0
etching,NSGA2,1,25,0.7744005623859649,0.7556864204890458,,80.0
etching,NSGA2,1,26,0.7744005623859649,0.752715541956084,,80.0
etching,NSGA2,1,27,0.7744005623859649,0.7495592318801947,,80.0
etching,NSGA2,1,28,0.7744005623859649,0.7461016715124871,,80.0
etching,NSGA2,1,29,0.7744005623859649,0.7458693763556092,,80.0
etching,NSGA2,1,30,0.7744005623859649,0.7398479472237982,,80.0
etching,NSGA2,1,31,0.7744005623859649,0.739208642298062,,80.0
etching,NSGA2,1,32,0.7744005623859649,0.735820037065295,,80.0
etching,NSGA2,1,33,0.7744005623859649,0.7354130272964368,,80.0
etching,NSGA2,1,34,0.7744005623859649,0.735825161072016,,80.0
etching,NSGA2,1,35,0.7744005623859649,0.7328435656081072,,80.0
etching,NSGA2,1,36,0.7744005623859649,0.7324840771122954,,80.0
etching,NSGA2,1,37,0.7744005623859649,0.732553032247236,,80.0
etching,NSGA2,1,38,0.7744005623859649,0.7329544490918681,,80.0
etching,NSGA2,1,39,0.7744005623859649,0.7355290347869187,,80.0
etching,NSGA2,1,40,0.7744005623859649,0.735570963135739,,80.0
etching,NSGA2,1,41,0.7744005623859649,0.7360627689772059,,80.0
etching,NSGA2,1,42,0.7744005623859649,0.7357615186853875,,80.0
etching,NSGA2,1,43,0.7744005623859649,0.7358616852382014,,80.0
etching,NSGA2,1,44,0.7744005623859649,0.7358928966560747,,80.0
etching,NSGA2,1,45,0.7744005623859649,0.7328949913369927,,80.0
etching,NSGA2,1,46,0.7744005623859649,0.7277509439536126,,80.0
etching,NSGA2,1,47,0.7744005623859649,0.7277453510293865,,80.0
etching,NSGA2,1,48,0.7744005623859649,0.7250435719954018,,80.0
etching,NSGA2,1,49,0.7744005623859649,0.7255246609059217,,80.0
etching,NSGA2,1,50,0.7744005623859649,0.7255665892547419,,80.0
etching,NSGA2,1,51,0.7744005623859649,0.7228862440826516,,80.0
etching,NSGA2,1,52,0.7744005623859649,0.7195344431919837,,80.0
etching,NSGA2,1,53,0.7744005623859649,0.7256192345345094,,80.0
etching,NSGA2,1,54,0.7744005623859649,0.7282306245716593,,80.0
etching,NSGA2,1,55,0.7744005623859649,0.7312541483843884,,80.0
etching,NSGA2,1,56,0.7744005623859649,0.7307567496186953,,80.0
etching,NSGA2,1,57,0.7744005623859649,0.7311744763185007,,80.0
etching,NSGA2,1,58,0.7744005623859649,0.7311851932494479,,80.0
etching,NSGA2,1,59,0.7744005623859649,0.7284941311464103,,80.0
etching,NSGA2,1,60,0.7744005623859649,0.7316448482980735,,80.0
etching,NSGA2,1,61,0.7744005623859649,0.7286106075543973,,80.0
etching,NSGA2,1,62,0.7744005623859649,0.7290390511851498,,80.0
etching,NSGA2,1,63,0.7744005623859649,0.7268453878478052,,80.0
etching,NSGA2,1,64,0.7744005623859649,0.7269832981176865,,80.0
etching,NSGA2,1,65,0.7744005623859649,0.7331426375193788,,80.0
etching,NSGA2,1,66,0.7744005623859649,0.7361349499142348,,80.0
etching,NSGA2,1,67,0.7744005623859649,0.7296161220167304,,80.0
etching,NSGA2,1,68,0.7744005623859649,0.7293619240804535,,80.0
etching,NSGA2,1,69,0.7744005623859649,0.7257408349492175,,80.0
etching,NSGA2,1,70,0.7744005623859649,0.7261422517938497,,80.0
etching,NSGA2,1,71,0.7744005623859649,0.7265492615627079,,80.0
etching,NSGA2,1,72,0.7744005623859649,0.7235094278948055,,80.0
etching,NSGA2,1,73,0.7744005623859649,0.7231443464747676,,80.0
etching,NSGA2,1,74,0.7744005623859649,0.7196816621003389,,80.0
etching,NSGA2,1,75,0.7744005623859649,0.7220344808278676,,80.0
etching,NSGA2,1,76,0.7744005623859649,0.7197299340067621,,80.0
etching,NSGA2,1,77,0.7744005623859649,0.7284153984554906,,80.0
etching,NSGA2,1,78,0.7744005623859649,0.7285155650083045,,80.0
etching,NSGA2,1,79,0.7744005623859649,0.7254123691296875,,80.0
etching,NSGA2,1,80,0.7744005623859649,0.7227320239575971,,80.0
etching,NSGA2,1,81,0.7744005623859649,0.7224890118697723,,80.0
etching,NSGA2,1,82,0.7744005623859649,0.7220079229592524,,80.0
etching,NSGA2,1,83,0.7744005623859649,0.7189573723604029,,80.0
etching,NSGA2,1,84,0.7744005623859649,0.7187194842792992,,80.0
etching,NSGA2,1,85,0.7744005623859649,0.7184340749251489,,80.0
etching,NSGA2,1,86,0.7744005623859649,0.7188518016249542,,80.0
etching,NSGA2,1,87,0.7744005623859649,0.7223307958545562,,80.0
etching,NSGA2,1,88,0.7744005623859649,0.7248839476877126,,80.0
etching,NSGA2,1,89,0.7744005623859649,0.7273844542411014,,80.0
etching,NSGA2,1,90,0.7744005623859649,0.7270249657452896,,80.0
etching,NSGA2,1,91,0.7744005623859649,0.7214049534581106,,80.0
etching,NSGA2,1,92,0.7744005623859649,0.7210347480313517,,80.0
etching,NSGA2,1,93,0.7744005623859649,0.7234189669183448,,80.0
etching,NSGA2,1,94,0.7744005623859649,0.7254705353540553,,80.0
etching,NSGA2,1,95,0.7744005623859649,0.7258463337050403,,80.0
etching,NSGA2,1,96,0.7744005623859649,0.7228754551720785,,80.0
etching,NSGA2,1,97,0.7744005623859649,0.7203264879706751,,80.0
etching,NSGA2,1,98,0.7744005623859649,0.717704381002578,,80.0
etching,NSGA2,1,99,0.7744005623859649,0.718561268264083,,80.0
etching,NSGA2,1,100,0.7744005623859649,0.721072491748419,,80.0
etching,NSGA2,1,101,0.7744005623859649,0.7270463996071838,,80.0
etching,NSGA2,1,102,0.7744005623859649,0.7245771044716681,,80.0
etching,NSGA2,1,103,0.7744005623859649,0.7214319802442309,,80.0
etching,NSGA2,1,104,0.7744005623859649,0.7191586448409988,,80.0
etching,NSGA2,1,105,0.7744005623859649,0.7157593226772845,,80.0
etching,NSGA2,1,106,0.7744005623859649,0.7170758649874152,,80.0
etching,NSGA2,1,107,0.7744005623859649,0.7174516633384002,,80.0
etching,NSGA2,1,108,0.7744005623859649,0.7134603687804051,,80.0
etching,NSGA2,1,109,0.7744005623859649,0.7194817979122162,,80.0
etching,NSGA2,1,110,0.7744005623859649,0.7194021258463287,,80.0
etching,NSGA2,1,111,0.7744005623859649,0.7225472500737657,,80.0
etching,NSGA2,1,112,0.7744005623859649,0.7190100176401704,,80.0
etching,NSGA2,1,113,0.7744005623859649,0.719078972775111,,80.0
etching,NSGA2,1,114,0.7744005623859649,0.7195130093300894,,80.0
etching,NSGA2,1,115,0.7744005623859649,0.7250584735581018,,80.0
etching,NSGA2,1,116,0.7744005623859649,0.7216065061146202,,80.0
etching,NSGA2,1,117,0.7744005623859649,0.7211617526286945,,80.0
etching,NSGA2,1,118,0.7744005623859649,0.7188991341564094,,80.0
etching,NSGA2,1,119,0.7744005623859649,0.7192693395831684,,80.0
etching,NSGA2,1,120,0.7744005623859649,0.715457883643875,,80.0
etching,NSGA2,1,121,0.7744005623859649,0.7185666724467178,,80.0
etching,NSGA2,1,122,0.7744005623859649,0.718577389377665,,80.0
etching,NSGA2,1,123,0.7744005623859649,0.7216279399765144,,80.0
etching,NSGA2,1,124,0.7744005623859649,0.7221090288870342,,80.0
etching,NSGA2,1,125,0.7744005623859649,0.7220507906830408,,80.0
etching,NSGA2,1,126,0.7744005623859649,0.7277234482499871,,80.0
etching,NSGA2,1,127,0.7744005623859649,0.7339247160005,,80.0
etching,NSGA2,1,128,0.7744005623859649,0.7339936711354406,,80.0
etching,NSGA2,1,129,0.7744005623859649,0.7343531596312525,,80.0
etching,NSGA2,1,130,0.7744005623859649,0.7378214369299072,,80.0
etching,NSGA2,1,131,0.7744005623859649,0.7371551052180509,,80.0
etching,NSGA2,1,132,0.7744005623859649,0.7337394731991635,,80.0
etching,NSGA2,1,133,0.7744005623859649,0.7340463164152079,,80.0
etching,NSGA2,1,134,0.7744005623859649,0.7313822810982906,,80.0
etching,NSGA2,1,135,0.7744005623859649,0.7286222638603125,,80.0
etching,NSGA2,1,136,0.7744005623859649,0.7284426139832021,,80.0
etching,NSGA2,1,137,0.7744005623859649,0.7284845423320224,,80.0
etching,NSGA2,1,138,0.7744005623859649,0.728542780536016,,80.0
etching,NSGA2,1,139,0.7744005623859649,0.7281036199743165,,80.0
etching,NSGA2,1,140,0.7744005623859649,0.7275330814419297,,80.0
etching,NSGA2,1,141,0.7744005623859649,0.7274329148891159,,80.0
etching,NSGA2,1,142,0.7744005623859649,0.7256676951825239,,80.0
etching,NSGA2,1,143,0.7744005623859649,0.7230767996323001,,80.0
etching,NSGA2,1,144,0.7744005623859649,0.7261692785799699,,80.0
etching,NSGA2,1,145,0.7744005623859649,0.7262112069287902,,80.0
etching,NSGA2,1,146,0.7744005623859649,0.7262219238597373,,80.0
etching,NSGA2,1,147,0.7744005623859649,0.7270154489105277,,80.0
etching,NSGA2,1,148,0.7744005623859649,0.7328409183100554,,80.0
etching,NSGA2,1,149,0.7744005623859649,0.7332004068058673,,80.0
etching,NSGA2,1,150,0.7744005623859649,0.7300077613053837,,80.0
etching,NSGA2,1,151,0.7744005623859649,0.7301186447891446,,80.0
etching,NSGA2,1,152,0.7744005623859649,0.7301186447891446,,80.0
etching,NSGA2,1,153,0.7744005623859649,0.7262382337149104,,80.0
etching,NSGA2,1,154,0.7744005623859649,0.7266666773456631,,80.0
etching,NSGA2,1,155,0.7744005623859649,0.7233200004617163,,80.0
etching,NSGA2,1,156,0.7744005623859649,0.7228281946202492,,80.0
etching,NSGA2,1,157,0.7744005623859649,0.728907861956054,,80.0
etching,NSGA2,1,158,0.7744005623859649,0.726296471918904,,80.0
etching,NSGA2,1,159,0.7744005623859649,0.7236217196710395,,80.0
etching,NSGA2,1,160,0.7744005623859649,0.7202643258561456,,80.0
etching,NSGA2,1,161,0.7744005623859649,0.7206238143519575,,80.0
etching,NSGA2,1,162,0.7744005623859649,0.7293199957316332,,80.0
etching,NSGA2,1,163,0.7744005623859649,0.7355049536269728,,80.0
etching,NSGA2,1,164,0.7744005623859649,0.7329518017938164,,80.0
etching,NSGA2,1,165,0.7744005623859649,0.73242319161025,,80.0
etching,NSGA2,1,166,0.7744005623859649,0.7323435195443624,,80.0
etching,NSGA2,1,167,0.7744005623859649,0.7348128146798781,,80.0
etching,NSGA2,1,168,0.7744005623859649,0.7352831866594508,,80.0
etching,NSGA2,1,169,0.7744005623859649,0.7351303748268696,,80.0
etching,NSGA2,1,170,0.7744005623859649,0.7376523152421527,,80.0
etching,NSGA2,1,171,0.7744005623859649,0.7377268633013194,,80.0
etching,NSGA2,1,172,0.7744005623859649,0.7373673748055076,,80.0
etching,NSGA2,1,173,0.7744005623859649,0.7347871961862309,,80.0
etching,NSGA2,1,174,0.7744005623859649,0.7352049228860363,,80.0
etching,NSGA2,1,175,0.7744005623859649,0.7353321162249704,,80.0
etching,NSGA2,1,176,0.7744005623859649,0.7356916047207822,,80.0
etching,NSGA2,1,177,0.7744005623859649,0.7334709145973175,,80.0
etching,NSGA2,1,178,0.7744005623859649,0.7303621257944746,,80.0
etching,NSGA2,1,179,0.7744005623859649,0.7304473907845883,,80.0
etching,NSGA2,1,180,0.7744005623859649,0.7244259616527772,,80.0
etching,NSGA2,1,181,0.7744005623859649,0.7276400410151549,,80.0
etching,NSGA2,1,182,0.7744005623859649,0.7246421356960729,,80.0
etching,NSGA2,1,183,0.7744005623859649,0.7306635648278841,,80.0
etching,NSGA2,1,184,0.7744005623859649,0.7276926862949223,,80.0
etching,NSGA2,1,185,0.7744005623859649,0.7308270935914125,,80.0
etching,NSGA2,1,186,0.7744005623859649,0.727289861157817,,80.0
etching,NSGA2,1,187,0.7744005623859649,0.7294942414261086,,80.0
etching,NSGA2,1,188,0.7744005623859649,0.7326393656535458,,80.0
etching,NSGA2,1,189,0.7744005623859649,0.7346695002273621,,80.0
etching,NSGA2,1,190,0.7744005623859649,0.7312431512775276,,80.0
etching,NSGA2,1,191,0.7744005623859649,0.7308254245777223,,80.0
etching,NSGA2,1,192,0.7744005623859649,0.7277329456300524,,80.0
etching,NSGA2,1,193,0.7744005623859649,0.7302916903874349,,80.0
etching,NSGA2,1,194,0.7744005623859649,0.727934498286562,,80.0
etching,NSGA2,1,195,0.7744005623859649,0.7279508081417352,,80.0
etching,NSGA2,1,196,0.7744005623859649,0.7244825308430803,,80.0
etching,NSGA2,1,197,0.7744005623859649,0.718820590207081,,80.0
etching,NSGA2,1,198,0.7744005623859649,0.7195922124784722,,80.0
etching,NSGA2,1,199,0.7744005623859649,0.725423274802226,,80.0
etching,NSGA2,1,200,0.7744005623859649,0.7284631084701283,,80.0
etching,NSGA2,2,0,0.7435307061645824,0.5567137742971606,,5.0
etching,NSGA2,2,1,0.7435770372003228,0.6446954926089337,,6.0
etching,NSGA2,2,2,0.7435770372003228,0.6848018312017177,,4.0
etching,NSGA2,2,3,0.7521706096722202,0.7148734215914052,,4.0
etching,NSGA2,2,4,0.7521706096722202,0.7318982652870714,,4.0
etching,NSGA2,2,5,0.7538126085188331,0.7301762394957602,,4.0
etching,NSGA2,2,6,0.7538126085188331,0.7237792934579483,,8.0
etching,NSGA2,2,7,0.7616273111999099,0.7131138859930297,,2.0
etching,NSGA2,2,8,0.7625486337302517,0.7184126349904959,,3.0
etching,NSGA2,2,9,0.7625486337302517,0.7242260533996421,,5.0
etching,NSGA2,2,10,0.7660010672109135,0.70178119402189,,5.0
etching,NSGA2,2,11,0.7692442178333005,0.712405471616505,,4.0
etching,NSGA2,2,12,0.7702992329847862,0.7191105807750529,,5.0
etching,NSGA2,2,13,0.7702992329847862,0.7155598934871313,,6.0
etching,NSGA2,2,14,0.7715696914577774,0.7319025620301234,,5.0
etching,NSGA2,2,15,0.7715696914577774,0.7303190638867149,,4.0
etching,NSGA2,2,16,0.7715696914577774,0.7057166847773354,,10.0
etching,NSGA2,2,17,0.7715696914577774,0.726890891244045,,16.0
etching,NSGA2,2,18,0.7715696914577774,0.737791491694533,,16.0
etching,NSGA2,2,19,0.7715696914577774,0.7499927620540345,,31.0
etching,NSGA2,2,20,0.7715696914577774,0.754019998121178,,53.0
etching,NSGA2,2,21,0.7715696914577774,0.7481744572508333,,77.0
etching,NSGA2,2,22,0.7715696914577774,0.7501097734809159,,80.0
etching,NSGA2,2,23,0.7715696914577774,0.7509909200160754,,80.0
etching,NSGA2,2,24,0.7715696914577774,0.7512015091190822,,80.0
etching,NSGA2,2,25,0.7715696914577774,0.7460139654026369,,80.0
etching,NSGA2,2,26,0.7715696914577774,0.7434825383509491,,80.0
etching,NSGA2,2,27,0.7715696914577774,0.7397432751380298,,80.0
etching,NSGA2,2,28,0.7716067577630884,0.7396190488537767,,80.0
etching,NSGA2,2,29,0.7716067577630884,0.7402745057693654,,80.0
etching,NSGA2,2,30,0.7716067577630884,0.7380546678271855,,80.0
etching,NSGA2,2,31,0.7716067577630884,0.7372916994785361,,80.0
etching,NSGA2,2,32,0.7716067577630884,0.7342078931812057,,80.0
etching,NSGA2,2,33,0.7716067577630884,0.7291540914966508,,80.0
etching,NSGA2,2,34,0.7716067577630884,0.7280587312180261,,80.0
etching,NSGA2,2,35,0.7716067577630884,0.7297180641533754,,80.0
etching,NSGA2,2,36,0.7716067577630884,0.7294933011914375,,80.0
etching,NSGA2,2,37,0.7716067577630884,0.725964627081525,,80.0
etching,NSGA2,2,38,0.7716067577630884,0.7229969213072597,,80.0
etching,NSGA2,2,39,0.7716067577630884,0.7210118254034713,,80.0
etching,NSGA2,2,40,0.7716067577630884,0.7192610082092579,,80.0
etching,NSGA2,2,41,0.7716067577630884,0.7163857133514895,,80.0
etching,NSGA2,2,42,0.7716067577630884,0.7140567496416204,,80.0
etching,NSGA2,2,43,0.772432635929084,0.7037912893676049,,80.0
etching,NSGA2,2,44,0.772432635929084,0.7106358124371951,,80.0
etching,NSGA2,2,45,0.772432635929084,0.708994121010671,,80.0
etching,NSGA2,2,46,0.772432635929084,0.7156086790813587,,80.0
etching,NSGA2,2,47,0.772432635929084,0.719021252668206,,80.0
etching,NSGA2,2,48,0.772432635929084,0.719375907280178,,80.0
etching,NSGA2,2,49,0.772432635929084,0.7159827095892265,,80.0
etching,NSGA2,2,50,0.772432635929084,0.7161030854916234,,80.0
etching,NSGA2,2,51,0.772432635929084,0.7132449688138636,,80.0
etching,NSGA2,2,52,0.772432635929084,0.7141540803349231,,80.0
etching,NSGA2,2,53,0.772432635929084,0.7166038832760055,,80.0
etching,NSGA2,2,54,0.772432635929084,0.7199154568563515,,80.0
etching,NSGA2,2,55,0.772432635929084,0.7224468839080395,,80.0
etching,NSGA2,2,56,0.772432635929084,0.7285112604489715,,80.0
etching,NSGA2,2,57,0.772432635929084,0.7348915398100841,,80.0
etching,NSGA2,2,58,0.772432635929084,0.7350205048024854,,80.0
etching,NSGA2,2,59,0.772432635929084,0.7379882105767507,,80.0
etching,NSGA2,2,60,0.772432635929084,0.7354869462268498,,80.0
etching,NSGA2,2,61,0.772432635929084,0.7383644388005054,,80.0
etching,NSGA2,2,62,0.772432635929084,0.7385858147094035,,80.0
etching,NSGA2,2,63,0.772432635929084,0.7383666365163923,,80.0
etching,NSGA2,2,64,0.772432635929084,0.73883088022487,,80.0
etching,NSGA2,2,65,0.772432635929084,0.7328976663922261,,80.0
etching,NSGA2,2,66,0.772432635929084,0.738742864740147,,80.0
etching,NSGA2,2,67,0.772432635929084,0.7417083727985254,,80.0
etching,NSGA2,2,68,0.772432635929084,0.7391769457468376,,80.0
etching,NSGA2,2,69,0.772432635929084,0.7391963216427333,,80.0
etching,NSGA2,2,70,0.772432635929084,0.7357643721599902,,80.0
etching,NSGA2,2,71,0.772432635929084,0.7348832256248309,,80.0
etching,NSGA2,2,72,0.772432635929084,0.7374146526765187,,80.0
etching,NSGA2,2,73,0.772432635929084,0.7374146526765187,,80.0
etching,NSGA2,2,74,0.772432635929084,0.7374254394824101,,80.0
etching,NSGA2,2,75,0.772432635929084,0.7369805716698282,,80.0
etching,NSGA2,2,76,0.772432635929084,0.7395012119156247,,80.0
etching,NSGA2,2,77,0.772432635929084,0.7417059493412407,,80.0
etching,NSGA2,2,78,0.772432635929084,0.7390433595812647,,80.0
etching,NSGA2,2,79,0.772432635929084,0.7371824899617293,,80.0
etching,NSGA2,2,80,0.772432635929084,0.7371824899617293,,80.0
etching,NSGA2,2,81,0.772432635929084,0.7349906170054495,,80.0
etching,NSGA2,2,82,0.772432635929084,0.740072847004721,,80.0
etching,NSGA2,2,83,0.772432635929084,0.7370857653345599,,80.0
etching,NSGA2,2,84,0.772432635929084,0.7371975521469525,,80.0
etching,NSGA2,2,85,0.772432635929084,0.7343308463791882,,80.0
etching,NSGA2,2,86,0.772432635929084,0.7313459624249142,,80.0
etching,NSGA2,2,87,0.772432635929084,0.7318016170433874,,80.0
etching,NSGA2,2,88,0.772432635929084,0.732147682565355,,80.0
etching,NSGA2,2,89,0.772432635929084,0.7318038147592743,,80.0
etching,NSGA2,2,90,0.772432635929084,0.7317221906486688,,80.0
etching,NSGA2,2,91,0.772432635929084,0.7317329774545602,,80.0
etching,NSGA2,2,92,0.772432635929084,0.7312966987319827,,80.0
etching,NSGA2,2,93,0.772432635929084,0.7278669469651267,,80.0
etching,NSGA2,2,94,0.772432635929084,0.7281914388753116,,80.0
etching,NSGA2,2,95,0.772432635929084,0.7286169307919977,,80.0
etching,NSGA2,2,96,0.772432635929084,0.7287265198885033,,80.0
etching,NSGA2,2,97,0.772432635929084,0.7282708652700302,,80.0
etching,NSGA2,2,98,0.772432635929084,0.7288468957909003,,80.0
etching,NSGA2,2,99,0.772432635929084,0.7291907635969809,,80.0
etching,NSGA2,2,100,0.772432635929084,0.7270848284619793,,80.0
etching,NSGA2,2,101,0.772432635929084,0.7271042043578749,,80.0
etching,NSGA2,2,102,0.772432635929084,0.7274394830739512,,80.0
etching,NSGA2,2,103,0.772432635929084,0.7238871576888114,,80.0
etching,NSGA2,2,104,0.772432635929084,0.7211106651216571,,80.0
etching,NSGA2,2,105,0.772432635929084,0.7214545329277378,,80.0
etching,NSGA2,2,106,0.772432635929084,0.7243126496054975,,80.0
etching,NSGA2,2,107,0.772432635929084,0.7221358771657816,,80.0
etching,NSGA2,2,108,0.772432635929084,0.721910187546211,,80.0
etching,NSGA2,2,109,0.772432635929084,0.7214631220177422,,80.0
etching,NSGA2,2,110,0.772432635929084,0.7193679736886318,,80.0
etching,NSGA2,2,111,0.772432635929084,0.7199332174036106,,80.0
etching,NSGA2,2,112,0.772432635929084,0.7194775627851373,,80.0
etching,NSGA2,2,113,0.772432635929084,0.7248563197086937,,80.0
etching,NSGA2,2,114,0.772432635929084,0.7272673708579847,,80.0
etching,NSGA2,2,115,0.772432635929084,0.7273769599544903,,80.0
etching,NSGA2,2,116,0.772432635929084,0.7239643863676429,,80.0
etching,NSGA2,2,117,0.772432635929084,0.7265066002252222,,80.0
etching,NSGA2,2,118,0.772432635929084,0.7235023403750522,,80.0
etching,NSGA2,2,119,0.772432635929084,0.723846208181133,,80.0
etching,NSGA2,2,120,0.772432635929084,0.7237645840705275,,80.0
etching,NSGA2,2,121,0.772432635929084,0.732706453185115,,80.0
etching,NSGA2,2,122,0.772432635929084,0.7298397474173509,,80.0
etching,NSGA2,2,123,0.772432635929084,0.7268526657471899,,80.0
etching,NSGA2,2,124,0.772432635929084,0.7238957467788157,,80.0
etching,NSGA2,2,125,0.772432635929084,0.7209280410045503,,80.0
etching,NSGA2,2,126,0.772432635929084,0.7177368433266013,,80.0
etching,NSGA2,2,127,0.772432635929084,0.7230146002436564,,80.0
etching,NSGA2,2,128,0.772432635929084,0.7223246669156081,,80.0
etching,NSGA2,2,129,0.772432635929084,0.7227501588322942,,80.0
etching,NSGA2,2,130,0.772432635929084,0.7226104070340016,,80.0
etching,NSGA2,2,131,0.772432635929084,0.7251526208915807,,80.0
etching,NSGA2,2,132,0.772432635929084,0.7255072755035529,,80.0
etching,NSGA2,2,133,0.772432635929084,0.7257178646065595,,80.0
etching,NSGA2,2,134,0.772432635929084,0.7233046157413817,,80.0
etching,NSGA2,2,135,0.772432635929084,0.723639894457458,,80.0
etching,NSGA2,2,136,0.772432635929084,0.7236484835474624,,80.0
etching,NSGA2,2,137,0.772432635929084,0.7182611375339016,,80.0
etching,NSGA2,2,138,0.772432635929084,0.7181321725415003,,80.0
etching,NSGA2,2,139,0.772432635929084,0.7152632690578493,,80.0
etching,NSGA2,2,140,0.772432635929084,0.7182309748321146,,80.0
etching,NSGA2,2,141,0.772432635929084,0.7215447461283476,,80.0
etching,NSGA2,2,142,0.772432635929084,0.7218822225603109,,80.0
etching,NSGA2,2,143,0.772432635929084,0.7276113203851666,,80.0
etching,NSGA2,2,144,0.772432635929084,0.7242997468048206,,80.0
etching,NSGA2,2,145,0.772432635929084,0.7268203870506171,,80.0
etching,NSGA2,2,146,0.772432635929084,0.7319026170498886,,80.0
etching,NSGA2,2,147,0.772432635929084,0.7293819768040921,,80.0
etching,NSGA2,2,148,0.772432635929084,0.7291713877010852,,80.0
etching,NSGA2,2,149,0.772432635929084,0.7288361089850091,,80.0
etching,NSGA2,2,150,0.772432635929084,0.7288081439991089,,80.0
etching,NSGA2,2,151,0.772432635929084,0.7253847836063703,,80.0
etching,NSGA2,2,152,0.772432635929084,0.727886047956271,,80.0
etching,NSGA2,2,153,0.772432635929084,0.728330915768853,,80.0
etching,NSGA2,2,154,0.772432635929084,0.7286576053949249,,80.0
etching,NSGA2,2,155,0.772432635929084,0.7253460318145789,,80.0
etching,NSGA2,2,156,0.772432635929084,0.7231800461807543,,80.0
etching,NSGA2,2,157,0.772432635929084,0.7257222600383335,,80.0
etching,NSGA2,2,158,0.772432635929084,0.7225954265698797,,80.0
etching,NSGA2,2,159,0.772432635929084,0.7230618679942443,,80.0
etching,NSGA2,2,160,0.772432635929084,0.722178523743198,,80.0
etching,NSGA2,2,161,0.772432635929084,0.7223934265568774,,80.0
etching,NSGA2,2,162,0.772432635929084,0.7220861128267011,,80.0
etching,NSGA2,2,163,0.772432635929084,0.7250538186009665,,80.0
etching,NSGA2,2,164,0.772432635929084,0.7259155892402303,,80.0
etching,NSGA2,2,165,0.772432635929084,0.7297644415496549,,80.0
etching,NSGA2,2,166,0.772432635929084,0.7293087869311818,,80.0
etching,NSGA2,2,167,0.772432635929084,0.7291991978346761,,80.0
etching,NSGA2,2,168,0.772432635929084,0.7287822950079944,,80.0
etching,NSGA2,2,169,0.772432635929084,0.7295926042384396,,80.0
etching,NSGA2,2,170,0.772432635929084,0.7241750955230918,,80.0
etching,NSGA2,2,171,0.772432635929084,0.724276095529593,,80.0
etching,NSGA2,2,172,0.772432635929084,0.726809720297168,,80.0
etching,NSGA2,2,173,0.772432635929084,0.728569589910202,,80.0
etching,NSGA2,2,174,0.772432635929084,0.7314362956779661,,80.0
etching,NSGA2,2,175,0.772432635929084,0.7289350313280653,,80.0
etching,NSGA2,2,176,0.772432635929084,0.7264229801722731,,80.0
etching,NSGA2,2,177,0.772432635929084,0.723334898495611,,80.0
etching,NSGA2,2,178,0.772432635929084,0.728496554889601,,80.0
etching,NSGA2,2,179,0.772432635929084,0.7314836365597619,,80.0
etching,NSGA2,2,180,0.772432635929084,0.7309183928447831,,80.0
etching,NSGA2,2,181,0.772432635929084,0.7282924388818127,,80.0
etching,NSGA2,2,182,0.772432635929084,0.7282514893741343,,80.0
etching,NSGA2,2,183,0.772432635929084,0.7315738497603718,,80.0
etching,NSGA2,2,184,0.772432635929084,0.7286963571867163,,80.0
etching,NSGA2,2,185,0.772432635929084,0.728715733082612,,80.0
etching,NSGA2,2,186,0.772432635929084,0.7282492916582475,,80.0
etching,NSGA2,2,187,0.772432635929084,0.7339633272978802,,80.0
etching,NSGA2,2,188,0.772432635929084,0.7343996060204576,,80.0
etching,NSGA2,2,189,0.772432635929084,0.7348358847430351,,80.0
etching,NSGA2,2,190,0.772432635929084,0.7336304720390885,,80.0
etching,NSGA2,2,191,0.772432635929084,0.7315546996058739,,80.0
etching,NSGA2,2,192,0.772432635929084,0.728698780644001,,80.0
etching,NSGA2,2,193,0.772432635929084,0.7276113203851666,,80.0
etching,NSGA2,2,194,0.772432635929084,0.7237538789857375,,80.0
etching,NSGA2,2,195,0.772432635929084,0.7236249139933362,,80.0
etching,NSGA2,2,196,0.772432635929084,0.7269472743795735,,80.0
etching,NSGA2,2,197,0.772432635929084,0.7239408168135167,,80.0
etching,NSGA2,2,198,0.772432635929084,0.7236163249033318,,80.0
etching,NSGA2,2,199,0.772432635929084,0.7235045380909393,,80.0
etching,NSGA2,2,200,0.772449538026713,0.7237562879778447,,80.0
etching,NSGA2,3,0,0.7419670681354875,0.5485952484688785,,4.0
etching,NSGA2,3,1,0.7487382758762551,0.6563398955399846,,3.0
etching,NSGA2,3,2,0.7487382758762551,0.682009405407252,,4.0
etching,NSGA2,3,3,0.7510258930474034,0.6756814143748893,,3.0
etching,NSGA2,3,4,0.7512609468191116,0.6785734880681611,,5.0
etching,NSGA2,3,5,0.7537429874593969,0.6846047155837004,,3.0
etching,NSGA2,3,6,0.7561604791056654,0.6831574016273712,,5.0
etching,NSGA2,3,7,0.7581995562581659,0.6950843736241853,,3.0
etching,NSGA2,3,8,0.7581995562581659,0.6828621060009584,,5.0
etching,NSGA2,3,9,0.7591269082876401,0.7034661436058225,,3.0
etching,NSGA2,3,10,0.7683421284994671,0.7155923314198253,,1.0
etching,NSGA2,3,11,0.7683421284994671,0.7133027435389756,,2.0
etching,NSGA2,3,12,0.7683421284994671,0.7317373735821194,,4.0
etching,NSGA2,3,13,0.7684139406498728,0.7246255970900745,,4.0
etching,NSGA2,3,14,0.7699574581467797,0.7433892825399067,,4.0
etching,NSGA2,3,15,0.7719708092266685,0.7456238960828011,,5.0
etching,NSGA2,3,16,0.7719708092266685,0.7261104957927002,,9.0
etching,NSGA2,3,17,0.7719708092266685,0.7214986125576968,,17.0
etching,NSGA2,3,18,0.7727073150441763,0.7147031528350954,,28.0
etching,NSGA2,3,19,0.7727073150441763,0.722057232897421,,45.0
etching,NSGA2,3,20,0.7727073150441763,0.7297480597617824,,71.0
etching,NSGA2,3,21,0.7727073150441763,0.7436142774631586,,80.0
etching,NSGA2,3,22,0.7727073150441763,0.741835316018866,,80.0
etching,NSGA2,3,23,0.7727073150441763,0.7395657378741989,,80.0
etching,NSGA2,3,24,0.7727073150441763,0.739469600844475,,80.0
etching,NSGA2,3,25,0.7727073150441763,0.7361134459466159,,80.0
etching,NSGA2,3,26,0.7727073150441763,0.7302216576827496,,80.0
etching,NSGA2,3,27,0.7727073150441763,0.7305930562565325,,80.0
etching,NSGA2,3,28,0.7727073150441763,0.7301347269757447,,80.0
etching,NSGA2,3,29,0.7727073150441763,0.7250726665664491,,80.0
etching,NSGA2,3,30,0.7727073150441763,0.7245820498660744,,80.0
etching,NSGA2,3,31,0.7727073150441763,0.7216842242490034,,80.0
etching,NSGA2,3,32,0.7735649805223678,0.7170909068986376,,80.0
etching,NSGA2,3,33,0.7735649805223678,0.7141930812815664,,80.0
etching,NSGA2,3,34,0.7735649805223678,0.7141930812815664,,80.0
etching,NSGA2,3,35,0.7735649805223678,0.7139593134798131,,80.0
etching,NSGA2,3,36,0.7735649805223678,0.7107192227528742,,80.0
etching,NSGA2,3,37,0.7735649805223678,0.7084802925678807,,80.0
etching,NSGA2,3,38,0.7735649805223678,0.7066035546339512,,80.0
etching,NSGA2,3,39,0.7735649805223678,0.7086485712995838,,80.0
etching,NSGA2,3,40,0.7735649805223678,0.7085201468502732,,80.0
etching,NSGA2,3,41,0.7735649805223678,0.7104367390665953,,80.0
etching,NSGA2,3,42,0.7735649805223678,0.7085201468502731,,80.0
etching,NSGA2,3,43,0.7735649805223678,0.7086485712995838,,80.0
etching,NSGA2,3,44,0.7735649805223678,0.7091591151411546,,80.0
etching,NSGA2,3,45,0.7735649805223678,0.7159559269172424,,80.0
etching,NSGA2,3,46,0.7735649805223678,0.715847429609128,,80.0
etching,NSGA2,3,47,0.7735649805223678,0.7180208707240713,,80.0
etching,NSGA2,3,48,0.7735649805223678,0.7180407978652675,,80.0
etching,NSGA2,3,49,0.7735649805223678,0.7151628993893926,,80.0
etching,NSGA2,3,50,0.7735649805223678,0.7093871752964465,,80.0
etching,NSGA2,3,51,0.7735649805223678,0.7130523936537096,,80.0
etching,NSGA2,3,52,0.7735649805223678,0.71079353632752,,80.0
etching,NSGA2,3,53,0.7735649805223678,0.7087684468030835,,80.0
etching,NSGA2,3,54,0.7735649805223678,0.7061043889877656,,80.0
etching,NSGA2,3,55,0.7735649805223678,0.7061243161289619,,80.0
etching,NSGA2,3,56,0.7735649805223678,0.6996697694627418,,80.0
etching,NSGA2,3,57,0.7735649805223678,0.6970057116474241,,80.0
etching,NSGA2,3,58,0.7735649805223678,0.6937257666380927,,80.0
etching,NSGA2,3,59,0.7735649805223678,0.693745693779289,,80.0
etching,NSGA2,3,60,0.7735649805223678,0.6912299875544778,,80.0
etching,NSGA2,3,61,0.7735649805223678,0.6938311099905354,,80.0
etching,NSGA2,3,62,0.7735649805223678,0.7033119067231371,,80.0
etching,NSGA2,3,63,0.7735649805223678,0.6997551856739884,,80.0
etching,NSGA2,3,64,0.7735649805223678,0.6997551856739884,,80.0
etching,NSGA2,3,65,0.7735649805223678,0.6975817445590451,,80.0
etching,NSGA2,3,66,0.7735649805223678,0.6971341360967346,,80.0
etching,NSGA2,3,67,0.7735649805223678,0.6940879588891565,,80.0
etching,NSGA2,3,68,0.7735649805223678,0.6969857845062278,,80.0
etching,NSGA2,3,69,0.7735649805223678,0.7000319617138059,,80.0
etching,NSGA2,3,70,0.7735649805223678,0.7005026512729842,,80.0
etching,NSGA2,3,71,0.7735649805223678,0.7091306390541474,,80.0
etching,NSGA2,3,72,0.7735649805223678,0.7057421967367017,,80.0
etching,NSGA2,3,73,0.7735649805223678,0.7027358738115161,,80.0
etching,NSGA2,3,74,0.7735649805223678,0.7028642982608267,,80.0
etching,NSGA2,3,75,0.7735649805223678,0.7033947692435938,,80.0
etching,NSGA2,3,76,0.7735649805223678,0.7013497525779612,,80.0
etching,NSGA2,3,77,0.7735649805223678,0.6979413831193192,,80.0
etching,NSGA2,3,78,0.7735649805223678,0.6973024148284377,,80.0
etching,NSGA2,3,79,0.7735649805223678,0.699838048194445,,80.0
etching,NSGA2,3,80,0.7735649805223678,0.7027358738115161,,80.0
etching,NSGA2,3,81,0.7735649805223678,0.699838048194445,,80.0
etching,NSGA2,3,82,0.7735649805223678,0.7027558009527125,,80.0
etching,NSGA2,3,83,0.7735649805223678,0.7056735537109798,,80.0
etching,NSGA2,3,84,0.7735649805223678,0.7088481553678685,,80.0
etching,NSGA2,3,85,0.7735649805223678,0.7087197309185578,,80.0
etching,NSGA2,3,86,0.7735649805223678,0.7056735537109798,,80.0
etching,NSGA2,3,87,0.7735649805223678,0.7037569614946577,,80.0
etching,NSGA2,3,88,0.7735649805223678,0.7036086099041509,,80.0
etching,NSGA2,3,89,0.7735649805223678,0.7041191537457218,,80.0
etching,NSGA2,3,90,0.7735649805223678,0.7042675053362285,,80.0
etching,NSGA2,3,91,0.7735649805223678,0.7073136825438067,,80.0
etching,NSGA2,3,92,0.7735649805223678,0.7096810371781107,,80.0
etching,NSGA2,3,93,0.7735649805223678,0.708808301085476,,80.0
etching,NSGA2,3,94,0.7735649805223678,0.7058019781602904,,80.0
etching,NSGA2,3,95,0.7735649805223678,0.7059503297507973,,80.0
etching,NSGA2,3,96,0.7735649805223678,0.7064608735923681,,80.0
etching,NSGA2,3,97,0.7735649805223678,0.7061186084825003,,80.0
etching,NSGA2,3,98,0.7735649805223678,0.711571994606775,,80.0
etching,NSGA2,3,99,0.7735649805223678,0.7151087885147276,,80.0
etching,NSGA2,3,100,0.7735649805223678,0.7115321403243826,,80.0
etching,NSGA2,3,101,0.7735649805223678,0.7145583903907642,,80.0
etching,NSGA2,3,102,0.7735649805223678,0.7147067419812713,,80.0
etching,NSGA2,3,103,0.7735649805223678,0.7147266691224674,,80.0
etching,NSGA2,3,104,0.7735649805223678,0.7167517586469038,,80.0
etching,NSGA2,3,105,0.7735649805223678,0.7167517586469038,,80.0
etching,NSGA2,3,106,0.7735649805223678,0.7167517586469038,,80.0
etching,NSGA2,3,107,0.7735649805223678,0.7113182996638254,,80.0
etching,NSGA2,3,108,0.7735649805223678,0.7111500209321223,,80.0
etching,NSGA2,3,109,0.7735649805223678,0.71149228604199,,80.0
etching,NSGA2,3,110,0.7735649805223678,0.7119829027423645,,80.0
etching,NSGA2,3,111,0.7735649805223678,0.7089566526759828,,80.0
etching,NSGA2,3,112,0.7735649805223678,0.7093188449270468,,80.0
etching,NSGA2,3,113,0.7735649805223678,0.7067832115610395,,80.0
etching,NSGA2,3,114,0.7735649805223678,0.7061641704113544,,80.0
etching,NSGA2,3,115,0.7735649805223678,0.7068031387022358,,80.0
etching,NSGA2,3,116,0.7735649805223678,0.709338772068243,,80.0
etching,NSGA2,3,117,0.7735649805223678,0.712022757024757,,80.0
etching,NSGA2,3,118,0.7735649805223678,0.7147722310513214,,80.0
etching,NSGA2,3,119,0.7735649805223678,0.7197150733340252,,80.0
etching,NSGA2,3,120,0.7735649805223678,0.7195667217435183,,80.0
etching,NSGA2,3,121,0.7735649805223678,0.7190561779019475,,80.0
etching,NSGA2,3,122,0.7735649805223678,0.7247664129248435,,80.0
etching,NSGA2,3,123,0.7735649805223678,0.727535814092604,,80.0
etching,NSGA2,3,124,0.7735649805223678,0.7275158869514078,,80.0
etching,NSGA2,3,125,0.7735649805223678,0.7250887508935149,,80.0
etching,NSGA2,3,126,0.7735649805223678,0.7215519569855624,,80.0
etching,NSGA2,3,127,0.7735649805223678,0.7220625008271331,,80.0
etching,NSGA2,3,128,0.7735649805223678,0.7183773553286736,,80.0
etching,NSGA2,3,129,0.7735649805223678,0.7191017398308016,,80.0
etching,NSGA2,3,130,0.7735649805223678,0.715564945922849,,80.0
etching,NSGA2,3,131,0.7735649805223678,0.7162893304249769,,80.0
etching,NSGA2,3,132,0.7735649805223678,0.7169083715746621,,80.0
etching,NSGA2,3,133,0.7735649805223678,0.7142243866181481,,80.0
etching,NSGA2,3,134,0.7735649805223678,0.7113664152834693,,80.0
etching,NSGA2,3,135,0.7735649805223678,0.7085970141157087,,80.0
etching,NSGA2,3,136,0.7735649805223678,0.7139450568875406,,80.0
etching,NSGA2,3,137,0.7735649805223678,0.7140734813368512,,80.0
etching,NSGA2,3,138,0.7735649805223678,0.7108333906099124,,80.0
etching,NSGA2,3,139,0.7735649805223678,0.7115577751120403,,80.0
etching,NSGA2,3,140,0.7735649805223678,0.7115777022532365,,80.0
etching,NSGA2,3,141,0.7735649805223678,0.714857647262568,,80.0
etching,NSGA2,3,142,0.7735649805223678,0.7119598216454968,,80.0
etching,NSGA2,3,143,0.7735649805223678,0.708571379328051,,80.0
etching,NSGA2,3,144,0.7735649805223678,0.7115976293944328,,80.0
etching,NSGA2,3,145,0.7735649805223678,0.7090619960284256,,80.0
etching,NSGA2,3,146,0.7735649805223678,0.7058219053014867,,80.0
etching,NSGA2,3,147,0.7735649805223678,0.7093586992094393,,80.0
etching,NSGA2,3,148,0.7735649805223678,0.7061840975525506,,80.0
etching,NSGA2,3,149,0.7735649805223678,0.7066747142529252,,80.0
etching,NSGA2,3,150,0.7735649805223678,0.7114692049451222,,80.0
etching,NSGA2,3,151,0.7735649805223678,0.7119398945043004,,80.0
etching,NSGA2,3,152,0.7735649805223678,0.7175017779366895,,80.0
etching,NSGA2,3,153,0.7735649805223678,0.7141133356192437,,80.0
etching,NSGA2,3,154,0.7735649805223678,0.7115777022532365,,80.0
etching,NSGA2,3,155,0.7735649805223678,0.714495455011504,,80.0
etching,NSGA2,3,156,0.7735649805223678,0.7137511433681798,,80.0
etching,NSGA2,3,157,0.7735649805223678,0.7163952740423014,,80.0
etching,NSGA2,3,158,0.7735649805223678,0.7161814333817442,,80.0
etching,NSGA2,3,159,0.7735649805223678,0.7131551833153624,,80.0
etching,NSGA2,3,160,0.7735649805223678,0.7077217243322841,,80.0
etching,NSGA2,3,161,0.7735649805223678,0.7048039715740166,,80.0
etching,NSGA2,3,162,0.7735649805223678,0.7051661638250806,,80.0
etching,NSGA2,3,163,0.7735649805223678,0.7021598408998951,,80.0
etching,NSGA2,3,164,0.7735649805223678,0.7025419602921553,,80.0
etching,NSGA2,3,165,0.7735649805223678,0.7064409464511718,,80.0
etching,NSGA2,3,166,0.7735649805223678,0.7072937554026103,,80.0
etching,NSGA2,3,167,0.7735649805223678,0.7042874324774248,,80.0
etching,NSGA2,3,168,0.7735649805223678,0.70605567310324,,80.0
etching,NSGA2,3,169,0.7735649805223678,0.708571379328051,,80.0
etching,NSGA2,3,170,0.7735649805223678,0.7085514521868548,,80.0
etching,NSGA2,3,171,0.7735649805223678,0.7055451292616692,,80.0
etching,NSGA2,3,172,0.7735649805223678,0.703009495895662,,80.0
etching,NSGA2,3,173,0.7735649805223678,0.7000917431373945,,80.0
etching,NSGA2,3,174,0.7735649805223678,0.6966833736787527,,80.0
etching,NSGA2,3,175,0.7735649805223678,0.6969402225773738,,80.0
etching,NSGA2,3,176,0.7735649805223678,0.702884225402023,,80.0
etching,NSGA2,3,177,0.7735649805223678,0.7027358738115161,,80.0
etching,NSGA2,3,178,0.7735649805223678,0.7030582117801877,,80.0
etching,NSGA2,3,179,0.7735649805223678,0.7091961281241977,,80.0
etching,NSGA2,3,180,0.7735649805223678,0.7093444797147045,,80.0
etching,NSGA2,3,181,0.7735649805223678,0.7093245525735083,,80.0
etching,NSGA2,3,182,0.7735649805223678,0.7072795359078757,,80.0
etching,NSGA2,3,183,0.7735649805223678,0.7068088463486973,,80.0
etching,NSGA2,3,184,0.7735649805223678,0.7069571979392041,,80.0
etching,NSGA2,3,185,0.7735649805223678,0.7096411828957182,,80.0
etching,NSGA2,3,186,0.7735649805223678,0.7091505661953437,,80.0
etching,NSGA2,3,187,0.7735649805223678,0.7062726677194687,,80.0
etching,NSGA2,3,188,0.7735649805223678,0.7035886827629547,,80.0
etching,NSGA2,3,189,0.7735649805223678,0.7025875222210093,,80.0
etching,NSGA2,3,190,0.7735649805223678,0.7058905483272084,,80.0
etching,NSGA2,3,191,0.7735649805223678,0.702884225402023,,80.0
etching,NSGA2,3,192,0.7735649805223678,0.7084461088344121,,80.0
etching,NSGA2,3,193,0.7735649805223678,0.7057621238778979,,80.0
etching,NSGA2,3,194,0.7735649805223678,0.7029041525432191,,80.0
etching,NSGA2,3,195,0.7735649805223678,0.7036484641865435,,80.0
etching,NSGA2,3,196,0.7735649805223678,0.7095725398699964,,80.0
etching,NSGA2,3,197,0.7735649805223678,0.7119598216454968,,80.0
etching,NSGA2,3,198,0.7735649805223678,0.7063979382131078,,80.0
etching,NSGA2,3,199,0.7735649805223678,0.711831397196186,,80.0
etching,NSGA2,3,200,0.7735649805223678,0.7086998037773616,,80.0
etching,NSGA2,4,0,0.7404498152043557,0.5435793044708481,,6.0
etching,NSGA2,4,1,0.7404498152043557,0.6225357574112624,,6.0
etching,NSGA2,4,2,0.7427899781923637,0.6156331990414126,,6.0
etching,NSGA2,4,3,0.745408710627367,0.643273092536176,,6.0
etching,NSGA2,4,4,0.7539368284072876,0.6777790597176322,,4.0
etching,NSGA2,4,5,0.7539368284072876,0.6816378835582183,,4.0
etching,NSGA2,4,6,0.7550633953777952,0.6623564665678155,,4.0
etching,NSGA2,4,7,0.7597719461120827,0.6662132523422569,,5.0
etching,NSGA2,4,8,0.764557238961803,0.6824109195223632,,7.0
etching,NSGA2,4,9,0.7663940627007597,0.7299731242183279,,4.0
etching,NSGA2,4,10,0.7663940627007597,0.7404684894976462,,3.0
etching,NSGA2,4,11,0.7665656594550387,0.729934813720302,,3.0
etching,NSGA2,4,12,0.7682587702076623,0.7350406175552843,,5.0
etching,NSGA2,4,13,0.7682587702076623,0.7417695110536904,,7.0
etching,NSGA2,4,14,0.7709565936553865,0.7460832427528835,,4.0
etching,NSGA2,4,15,0.7722668886076491,0.7420622965874608,,8.0
etching,NSGA2,4,16,0.7722668886076491,0.7390535500974389,,16.0
etching,NSGA2,4,17,0.7732328007383342,0.7314879695493882,,19.0
etching,NSGA2,4,18,0.7732328007383342,0.7394922321649244,,30.0
etching,NSGA2,4,19,0.7732328007383342,0.7361278771688752,,36.0
etching,NSGA2,4,20,0.7732328007383342,0.7267950622112762,,51.0
etching,NSGA2,4,21,0.7732328007383342,0.7365127199630168,,66.0
etching,NSGA2,4,22,0.7732328007383342,0.7482613516561102,,80.0
etching,NSGA2,4,23,0.7732328007383342,0.7482928735227471,,80.0
etching,NSGA2,4,24,0.7732328007383342,0.7482537533225079,,80.0
etching,NSGA2,4,25,0.7732328007383342,0.7424728871480444,,80.0
etching,NSGA2,4,26,0.7732328007383342,0.7388350805691373,,80.0
etching,NSGA2,4,27,0.7732328007383342,0.7388608370390406,,80.0
etching,NSGA2,4,28,0.7732328007383342,0.7390391680889253,,80.0
etching,NSGA2,4,29,0.7732328007383342,0.7366594496254797,,80.0
etching,NSGA2,4,30,0.7732328007383342,0.7340538196322075,,80.0
etching,NSGA2,4,31,0.7732328007383342,0.7342891886713945,,80.0
etching,NSGA2,4,32,0.7732328007383342,0.7317946892646358,,80.0
etching,NSGA2,4,33,0.7732328007383342,0.7347874376658445,,80.0
etching,NSGA2,4,34,0.7732328007383342,0.7349600033189958,,80.0
etching,NSGA2,4,35,0.7732328007383342,0.7345208655979544,,80.0
etching,NSGA2,4,36,0.7732328007383342,0.7320620447879304,,80.0
etching,NSGA2,4,37,0.7732328007383342,0.7343661392431705,,80.0
etching,NSGA2,4,38,0.7732328007383342,0.7344609291133138,,80.0
etching,NSGA2,4,39,0.7732328007383342,0.7314447480354308,,80.0
etching,NSGA2,4,40,0.7732328007383342,0.7293665651100169,,80.0
etching,NSGA2,4,41,0.7732328007383342,0.7314348259085994,,80.0
etching,NSGA2,4,42,0.7732328007383342,0.7280150136879826,,80.0
etching,NSGA2,4,43,0.7732328007383342,0.7285132626824329,,80.0
etching,NSGA2,4,44,0.7732328007383342,0.7311017685039307,,80.0
etching,NSGA2,4,45,0.7732328007383342,0.7309762402225546,,80.0
etching,NSGA2,4,46,0.7732328007383342,0.7250264220168715,,80.0
etching,NSGA2,4,47,0.7732328007383342,0.7244204840394126,,80.0
etching,NSGA2,4,48,0.7732328007383342,0.721011419156859,,80.0
etching,NSGA2,4,49,0.7732328007383342,0.7212609353817863,,80.0
etching,NSGA2,4,50,0.7732328007383342,0.7271516423140605,,80.0
etching,NSGA2,4,51,0.7732328007383342,0.7254534858362793,,80.0
etching,NSGA2,4,52,0.7732328007383342,0.7261243004838807,,80.0
etching,NSGA2,4,53,0.7732328007383342,0.725435646537912,,80.0
etching,NSGA2,4,54,0.7732328007383342,0.7221177579035702,,80.0
etching,NSGA2,4,55,0.7732328007383342,0.725441955042812,,80.0
etching,NSGA2,4,56,0.7732328007383342,0.7260478930202707,,80.0
etching,NSGA2,4,57,0.7732328007383342,0.7260478930202707,,80.0
etching,NSGA2,4,58,0.7732328007383342,0.725614520695963,,80.0
etching,NSGA2,4,59,0.7732328007383342,0.7234593871987731,,80.0
etching,NSGA2,4,60,0.7732328007383342,0.7204844780959314,,80.0
etching,NSGA2,4,61,0.7732328007383342,0.7269091126193906,,80.0
etching,NSGA2,4,62,0.7732328007383342,0.7210126402903825,,80.0
etching,NSGA2,4,63,0.7732328007383342,0.7296352889527092,,80.0
etching,NSGA2,4,64,0.7732328007383342,0.7324433977991334,,80.0
etching,NSGA2,4,65,0.7732328007383342,0.7294506493979245,,80.0
etching,NSGA2,4,66,0.7732328007383342,0.729438575496291,,80.0
etching,NSGA2,4,67,0.7732328007383342,0.7348780708058904,,80.0
etching,NSGA2,4,68,0.7732328007383342,0.7344639060993478,,80.0
etching,NSGA2,4,69,0.7732328007383342,0.7343562171163391,,80.0
etching,NSGA2,4,70,0.7732328007383342,0.7342014907615553,,80.0
etching,NSGA2,4,71,0.7732328007383342,0.7340168512067704,,80.0
etching,NSGA2,4,72,0.7732328007383342,0.7365583879853043,,80.0
etching,NSGA2,4,73,0.7732328007383342,0.7336013181808301,,80.0
etching,NSGA2,4,74,0.7732328007383342,0.7364272663256214,,80.0
etching,NSGA2,4,75,0.7732328007383342,0.7365042168973975,,80.0
etching,NSGA2,4,76,0.7732328007383342,0.7367886282636551,,80.0
etching,NSGA2,4,77,0.7732328007383342,0.736641819080407,,80.0
etching,NSGA2,4,78,0.7732328007383342,0.7394620018284648,,80.0
etching,NSGA2,4,79,0.7732328007383342,0.736648127585307,,80.0
etching,NSGA2,4,80,0.7732328007383342,0.7338520926405163,,80.0
etching,NSGA2,4,81,0.7732328007383342,0.7362089898642654,,80.0
etching,NSGA2,4,82,0.7732328007383342,0.7396999872599246,,80.0
etching,NSGA2,4,83,0.7732328007383342,0.7361554719691636,,80.0
etching,NSGA2,4,84,0.7732328007383342,0.7325389462921286,,80.0
etching,NSGA2,4,85,0.7732328007383342,0.7313399694500761,,80.0
etching,NSGA2,4,86,0.7732328007383342,0.7315067697064934,,80.0
etching,NSGA2,4,87,0.7732328007383342,0.729718763544071,,80.0
etching,NSGA2,4,88,0.7732328007383342,0.7280775665648961,,80.0
etching,NSGA2,4,89,0.7732328007383342,0.7280775665648962,,80.0
etching,NSGA2,4,90,0.7732328007383342,0.7261939453210984,,80.0
etching,NSGA2,4,91,0.7732328007383342,0.7261939453210984,,80.0
etching,NSGA2,4,92,0.7732328007383342,0.7289899802658889,,80.0
etching,NSGA2,4,93,0.7732328007383342,0.7259736271695789,,80.0
etching,NSGA2,4,94,0.7732328007383342,0.7223749407909112,,80.0
etching,NSGA2,4,95,0.7732328007383342,0.725871703583304,,80.0
etching,NSGA2,4,96,0.7732328007383342,0.7251417776622939,,80.0
etching,NSGA2,4,97,0.7732328007383342,0.7276184377706852,,80.0
etching,NSGA2,4,98,0.7732328007383342,0.7302027868620853,,80.0
etching,NSGA2,4,99,0.7732328007383342,0.7328640865252615,,80.0
etching,NSGA2,4,100,0.7732328007383342,0.7304465376902789,,80.0
etching,NSGA2,4,101,0.7732328007383342,0.7311530309346148,,80.0
etching,NSGA2,4,102,0.7732328007383342,0.7315272919855138,,80.0
etching,NSGA2,4,103,0.7732328007383342,0.7317839419265727,,80.0
etching,NSGA2,4,104,0.7732328007383342,0.7317661026282054,,80.0
etching,NSGA2,4,105,0.7732328007383342,0.7318430531999814,,80.0
etching,NSGA2,4,106,0.7732328007383342,0.7319257691684912,,80.0
etching,NSGA2,4,107,0.7732328007383342,0.732008485137001,,80.0
etching,NSGA2,4,108,0.7732328007383342,0.7289629339672832,,80.0
etching,NSGA2,4,109,0.7732328007383342,0.7317710428137072,,80.0
etching,NSGA2,4,110,0.7732328007383342,0.731734539005741,,80.0
etching,NSGA2,4,111,0.7732328007383342,0.7338027998043235,,80.0
etching,NSGA2,4,112,0.7732328007383342,0.7335653574810298,,80.0
etching,NSGA2,4,113,0.7732328007383342,0.7335653574810298,,80.0
etching,NSGA2,4,114,0.7732328007383342,0.7302589996401554,,80.0
etching,NSGA2,4,115,0.7732328007383342,0.7299333162988565,,80.0
etching,NSGA2,4,116,0.7732328007383342,0.7274508907937314,,80.0
etching,NSGA2,4,117,0.7732328007383342,0.7284652280809991,,80.0
etching,NSGA2,4,118,0.7732328007383342,0.7258039284178229,,80.0
etching,NSGA2,4,119,0.7732328007383342,0.7320439233864974,,80.0
etching,NSGA2,4,120,0.7732328007383342,0.7347052230496736,,80.0
etching,NSGA2,4,121,0.7732328007383342,0.7347821736214495,,80.0
etching,NSGA2,4,122,0.7732328007383342,0.7342781592302657,,80.0
etching,NSGA2,4,123,0.7732328007383342,0.734266085328632,,80.0
etching,NSGA2,4,124,0.7732328007383342,0.7362844418540442,,80.0
etching,NSGA2,4,125,0.7732328007383342,0.7365447054170347,,80.0
etching,NSGA2,4,126,0.7732328007383342,0.7365625447154021,,80.0
etching,NSGA2,4,127,0.7732328007383342,0.7332974588495691,,80.0
etching,NSGA2,4,128,0.7732328007383342,0.7335519570158258,,80.0
etching,NSGA2,4,129,0.7732328007383342,0.7307616874677689,,80.0
etching,NSGA2,4,130,0.7732328007383342,0.7332383475761605,,80.0
etching,NSGA2,4,131,0.7732328007383342,0.730614878284521,,80.0
etching,NSGA2,4,132,0.7732328007383342,0.7338741987536201,,80.0
etching,NSGA2,4,133,0.7732328007383342,0.7313085141718191,,80.0
etching,NSGA2,4,134,0.7732328007383342,0.7336654113955683,,80.0
etching,NSGA2,4,135,0.7732328007383342,0.7309933643943289,,80.0
etching,NSGA2,4,136,0.7732328007383342,0.7310760803628388,,80.0
etching,NSGA2,4,137,0.7732328007383342,0.7281011712599972,,80.0
etching,NSGA2,4,138,0.7732328007383342,0.7312893065540539,,80.0
etching,NSGA2,4,139,0.7732328007383342,0.7306184919064526,,80.0
etching,NSGA2,4,140,0.7732328007383342,0.7340325387303356,,80.0
etching,NSGA2,4,141,0.7732328007383342,0.731057629627494,,80.0
etching,NSGA2,4,142,0.7732328007383342,0.7338715038706518,,80.0
etching,NSGA2,4,143,0.7732328007383342,0.733788787902142,,80.0
etching,NSGA2,4,144,0.7732328007383342,0.7366089706501997,,80.0
etching,NSGA2,4,145,0.7732328007383342,0.7394370705697932,,80.0
etching,NSGA2,4,146,0.7732328007383342,0.7332028409978526,,80.0
etching,NSGA2,4,147,0.7732328007383342,0.7389209822769758,,80.0
etching,NSGA2,4,148,0.7732328007383342,0.7369604104614019,,80.0
etching,NSGA2,4,149,0.7732328007383342,0.7340503780287029,,80.0
etching,NSGA2,4,150,0.7732328007383342,0.7347332665779378,,80.0
etching,NSGA2,4,151,0.7732328007383342,0.7359259349150905,,80.0
etching,NSGA2,4,152,0.7732328007383342,0.7322566064695465,,80.0
etching,NSGA2,4,153,0.7732328007383342,0.7295254481948984,,80.0
etching,NSGA2,4,154,0.7732328007383342,0.7290700115133144,,80.0
etching,NSGA2,4,155,0.7732328007383342,0.7264087118501383,,80.0
etching,NSGA2,4,156,0.7732328007383342,0.7315345977200722,,80.0
etching,NSGA2,4,157,0.7732328007383342,0.7252176521796216,,80.0
etching,NSGA2,4,158,0.7732328007383342,0.7244898780334137,,80.0
etching,NSGA2,4,159,0.7732328007383342,0.7268118117870211,,80.0
etching,NSGA2,4,160,0.7732328007383342,0.7307889842754969,,80.0
etching,NSGA2,4,161,0.7732328007383342,0.7338408439501146,,80.0
etching,NSGA2,4,162,0.7732328007383342,0.7367445678779138,,80.0
etching,NSGA2,4,163,0.7732328007383342,0.7346051219042888,,80.0
etching,NSGA2,4,164,0.7732328007383342,0.7400259527042892,,80.0
etching,NSGA2,4,165,0.7732328007383342,0.7332291405759219,,80.0
etching,NSGA2,4,166,0.7732328007383342,0.7332113012775546,,80.0
etching,NSGA2,4,167,0.7732328007383342,0.7336197005873635,,80.0
etching,NSGA2,4,168,0.7732328007383342,0.727652043083313,,80.0
etching,NSGA2,4,169,0.7732328007383342,0.7276698823816803,,80.0
etching,NSGA2,4,170,0.7732328007383342,0.7286193429988055,,80.0
etching,NSGA2,4,171,0.7732328007383342,0.728786143255223,,80.0
etching,NSGA2,4,172,0.7732328007383342,0.725716444282238,,80.0
etching,NSGA2,4,173,0.7732328007383342,0.7313570918814191,,80.0
etching,NSGA2,4,174,0.7732328007383342,0.7320990917040628,,80.0
etching,NSGA2,4,175,0.7732328007383342,0.7292789089560051,,80.0
etching,NSGA2,4,176,0.7732328007383342,0.725864862132122,,80.0
etching,NSGA2,4,177,0.7732328007383342,0.7254848356844894,,80.0
etching,NSGA2,4,178,0.7732328007383342,0.7234530786938732,,80.0
etching,NSGA2,4,179,0.7732328007383342,0.7236897375617626,,80.0
etching,NSGA2,4,180,0.7732328007383342,0.7245372745926127,,80.0
etching,NSGA2,4,181,0.7732328007383342,0.7276789839518718,,80.0
etching,NSGA2,4,182,0.7732328007383342,0.7235941224803875,,80.0
etching,NSGA2,4,183,0.7732328007383342,0.7263980062679025,,80.0
etching,NSGA2,4,184,0.7732328007383342,0.7257863028937099,,80.0
etching,NSGA2,4,185,0.7732328007383342,0.7257434905808438,,80.0
etching,NSGA2,4,186,0.7732328007383342,0.7291633028014605,,80.0
etching,NSGA2,4,187,0.7732328007383342,0.7353035259586621,,80.0
etching,NSGA2,4,188,0.7732328007383342,0.7341108576215095,,80.0
etching,NSGA2,4,189,0.7732328007383342,0.7371805565944944,,80.0
etching,NSGA2,4,190,0.7732328007383342,0.739598105429477,,80.0
etching,NSGA2,4,191,0.7732328007383342,0.7394255397763259,,80.0
etching,NSGA2,4,192,0.7732328007383342,0.7422415657942859,,80.0
etching,NSGA2,4,193,0.7732328007383342,0.7393315333615867,,80.0
etching,NSGA2,4,194,0.7732328007383342,0.7395219383131053,,80.0
etching,NSGA2,4,195,0.7732328007383342,0.7396224935799823,,80.0
etching,NSGA2,4,196,0.7732328007383342,0.7361257307875896,,80.0
etching,NSGA2,4,197,0.7732328007383342,0.7363694816157832,,80.0
etching,NSGA2,4,198,0.7732328007383342,0.7373895842997846,,80.0
etching,NSGA2,4,199,0.7732328007383342,0.7403702587993598,,80.0
etching,NSGA2,4,200,0.7732328007383342,0.7401677799462079,,80.0
metalization,TSFGA,0,0,2.08810461116682,1.6060000097769198,15.0,
metalization,TSFGA,0,1,2.08810461116682,1.752526062422941,15.0,
metalization,TSFGA,0,2,2.08810461116682,1.8103551997836695,15.0,
metalization,TSFGA,0,3,2.08810461116682,1.8531554135593176,15.0,
metalization,TSFGA,0,4,2.08810461116682,1.8598511804204592,15.0,
metalization,TSFGA,0,5,2.08810461116682,1.801937669385738,15.0,
metalization,TSFGA,0,6,2.08810461116682,1.847266568113795,15.0,
metalization,TSFGA,0,7,2.1121987383200507,1.8384782108154734,14.0,
metalization,TSFGA,0,8,2.1121987383200507,1.7807089559711287,14.0,
metalization,TSFGA,0,9,2.1121987383200507,1.7819416979690395,14.0,
metalization,TSFGA,0,10,2.1559623976590556,1.8612338111052686,13.0,
metalization,TSFGA,0,11,2.1559623976590556,1.8665838661138543,13.0,
metalization,TSFGA,0,12,2.1559623976590556,1.8598843371318465,13.0,
metalization,TSFGA,0,13,2.1559623976590556,1.8733143122114388,13.0,
metalization,TSFGA,0,14,2.1559623976590556,1.8111096221918515,13.0,
metalization,TSFGA,0,15,2.1559623976590556,1.7992482170798716,13.0,
metalization,TSFGA,0,16,2.1559623976590556,1.847722279088646,13.0,
metalization,TSFGA,0,17,2.1559623976590556,1.8682709085321272,13.0,
metalization,TSFGA,0,18,2.1751331745520344,1.8797836536849306,12.0,
metalization,TSFGA,0,19,2.1751331745520344,1.8460655852159569,12.0,
metalization,TSFGA,0,20,2.1751331745520344,1.8451149839342278,12.0,
metalization,TSFGA,0,21,2.1751331745520344,1.866562761668412,12.0,
metalization,TSFGA,0,22,2.1751331745520344,1.8506255550474386,12.0,
metalization,TSFGA,0,23,2.1751331745520344,1.88000306027735,12.0,
metalization,TSFGA,0,24,2.185995753070026,1.8804922468408107,10.0,
metalization,TSFGA,0,25,2.2084754429172038,1.887275823464701,9.0,
metalization,TSFGA,0,26,2.2084754429172038,1.812451370042266,9.0,
metalization,TSFGA,0,27,2.2084754429172038,1.8436554363385091,9.0,
metalization,TSFGA,0,28,2.209355067629309,1.8982864815423668,9.0,
metalization,TSFGA,0,29,2.209355067629309,1.9279269585057601,9.0,
metalization,TSFGA,0,30,2.209355067629309,1.9163952674205789,9.0,
metalization,TSFGA,0,31,2.209355067629309,1.9107137877102822,9.0,
metalization,TSFGA,0,32,2.209355067629309,1.904175717211348,9.0,
metalization,TSFGA,0,33,2.209355067629309,1.8961517325470645,9.0,
metalization,TSFGA,0,34,2.209355067629309,1.8919962249600715,9.0,
metalization,TSFGA,0,35,2.209355067629309,1.846804892873449,9.0,
metalization,TSFGA,0,36,2.209355067629309,1.844105941636673,9.0,
metalization,TSFGA,0,37,2.209355067629309,1.843776834265956,9.0,
metalization,TSFGA,0,38,2.209355067629309,1.8899250561255876,9.0,
metalization,TSFGA,0,39,2.209355067629309,1.8754512884075598,9.0,
metalization,TSFGA,0,40,2.2189039288373875,1.9198471000271589,9.0,
metalization,TSFGA,0,41,2.2189039288373875,1.9473937954659681,9.0,
metalization,TSFGA,0,42,2.2189039288373875,1.9695151978879395,9.0,
metalization,TSFGA,0,43,2.2189039288373875,1.9582037718301433,9.0,
metalization,TSFGA,0,44,2.2189039288373875,1.9072152810663596,9.0,
metalization,TSFGA,0,45,2.2189039288373875,1.8600358973608966,9.0,
metalization,TSFGA,0,46,2.2189039288373875,1.8688303088774887,9.0,
metalization,TSFGA,0,47,2.2189039288373875,1.8604856046845306,9.0,
metalization,TSFGA,0,48,2.2189039288373875,1.8879280291480662,9.0,
metalization,TSFGA,0,49,2.2189039288373875,1.908914997176191,9.0,
metalization,TSFGA,0,50,2.2189039288373875,1.8638745119495348,9.0,
metalization,TSFGA,0,51,2.2189039288373875,1.8603483386217694,9.0,
metalization,TSFGA,0,52,2.2189039288373875,1.856916942260638,9.0,
metalization,TSFGA,0,53,2.2189039288373875,1.8712718074164811,9.0,
metalization,TSFGA,0,54,2.2189039288373875,1.8495057046898868,9.0,
metalization,TSFGA,0,55,2.2242516311251537,1.8645501183543636,8.0,
metalization,TSFGA,0,56,2.2242516311251537,1.8777000436442723,8.0,
metalization,TSFGA,0,57,2.2242516311251537,1.8965963194314734,8.0,
metalization,TSFGA,0,58,2.2242516311251537,1.88443599702726,8.0,
metalization,TSFGA,0,59,2.2504800728702565,1.885654508932302,9.0,
metalization,TSFGA,0,60,2.2504800728702565,1.9107488627076705,9.0,
metalization,TSFGA,0,61,2.2504800728702565,1.937853296243447,9.0,
metalization,TSFGA,0,62,2.2504800728702565,1.904682182334345,9.0,
metalization,TSFGA,0,63,2.2504800728702565,1.923276667074284,9.0,
metalization,TSFGA,0,64,2.2504800728702565,1.8925580439111584,9.0,
metalization,TSFGA,0,65,2.2504800728702565,1.8881439056907259,9.0,
metalization,TSFGA,0,66,2.2643862519004068,1.8810381447371671,6.0,
metalization,TSFGA,0,67,2.2643862519004068,1.8936764618429076,6.0,
metalization,TSFGA,0,68,2.2643862519004068,1.907321993874259,6.0,
metalization,TSFGA,0,69,2.2643862519004068,1.9323635641941206,6.0,
metalization,TSFGA,0,70,2.2643862519004068,1.9122250528912939,6.0,
metalization,TSFGA,0,71,2.2643862519004068,1.893692553256848,6.0,
metalization,TSFGA,0,72,2.2643862519004068,1.9146822757218183,6.0,
metalization,TSFGA,0,73,2.2643862519004068,1.8908385746415242,6.0,
metalization,TSFGA,0,74,2.2643862519004068,1.903270137123691,6.0,
metalization,TSFGA,0,75,2.2643862519004068,1.857713211993938,6.0,
metalization,TSFGA,0,76,2.2643862519004068,1.8716165798892566,6.0,
metalization,TSFGA,0,77,2.2643862519004068,1.865239321411257,6.0,
metalization,TSFGA,0,78,2.2643862519004068,1.8780369211742183,6.0,
metalization,TSFGA,0,79,2.2643862519004068,1.8939184310262178,6.0,
metalization,TSFGA,0,80,2.2643862519004068,1.9037807047982866,6.0,
metalization,TSFGA,0,81,2.2643862519004068,1.9304136730748354,6.0,
metalization,TSFGA,0,82,2.2643862519004068,1.9318584710196454,6.0,
metalization,TSFGA,0,83,2.2643862519004068,1.9161631419160994,6.0,
metalization,TSFGA,0,84,2.2643862519004068,1.9314241857165548,6.0,
metalization,TSFGA,0,85,2.2643862519004068,1.944483854499919,6.0,
metalization,TSFGA,0,86,2.2643862519004068,1.9288431226622837,6.0,
metalization,TSFGA,0,87,2.2643862519004068,1.9271691485660476,6.0,
metalization,TSFGA,0,88,2.2643862519004068,1.8944715015399232,6.0,
metalization,TSFGA,0,89,2.2643862519004068,1.87211753876649,6.0,
metalization,TSFGA,0,90,2.2643862519004068,1.9299079621382504,6.0,
metalization,TSFGA,0,91,2.2643862519004068,1.8736241986041982,6.0,
metalization,TSFGA,0,92,2.2643862519004068,1.8790141295569818,6.0,
metalization,TSFGA,0,93,2.2643862519004068,1.8720476571166418,6.0,
metalization,TSFGA,0,94,2.2643862519004068,1.9078372254067328,6.0,
metalization,TSFGA,0,95,2.2643862519004068,1.9059445621593725,6.0,
metalization,TSFGA,0,96,2.2643862519004068,1.8874904388897036,6.0,
metalization,TSFGA,0,97,2.2643862519004068,1.8983622567713752,6.0,
metalization,TSFGA,0,98,2.2643862519004068,1.9052224173565988,6.0,
metalization,TSFGA,0,99,2.2643862519004068,1.8627076916548582,6.0,
metalization,TSFGA,0,100,2.2643862519004068,1.9171214275518462,6.0,
metalization,TSFGA,0,101,2.2643862519004068,1.9160494512224528,6.0,
metalization,TSFGA,0,102,2.2643862519004068,1.917838581470835,6.0,
metalization,TSFGA,0,103,2.2643862519004068,1.9060814284434322,6.0,
metalization,TSFGA,0,104,2.2643862519004068,1.9041638850278613,6.0,
metalization,TSFGA,0,105,2.2643862519004068,1.9080950270419628,6.0,
metalization,TSFGA,0,106,2.2643862519004068,1.8745519225175644,6.0,
metalization,TSFGA,1,0,2.059477359585904,1.5823879267816985,17.0,
metalization,TSFGA,1,1,2.0750410325006365,1.7020610203425082,15.0,
metalization,TSFGA,1,2,2.087073541790965,1.8171243705424054,14.0,
metalization,TSFGA,1,3,2.0990944591610705,1.813179818532344,15.0,
metalization,TSFGA,1,4,2.125461534687223,1.8283888805971515,14.0,
metalization,TSFGA,1,5,2.125461534687223,1.8546932614854874,14.0,
metalization,TSFGA,1,6,2.125461534687223,1.8417248074783585,14.0,
metalization,TSFGA,1,7,2.125461534687223,1.8262794117948054,14.0,
metalization,TSFGA,1,8,2.125461534687223,1.822948326309324,14.0,
metalization,TSFGA,1,9,2.125461534687223,1.8609957481734933,14.0,
metalization,TSFGA,1,10,2.125461534687223,1.8632997224390215,14.0,
metalization,TSFGA,1,11,2.125461534687223,1.883214638845174,14.0,
metalization,TSFGA,1,12,2.125461534687223,1.8579070504808999,14.0,
metalization,TSFGA,1,13,2.125461534687223,1.852860073984972,14.0,
metalization,TSFGA,1,14,2.154249656410178,1.8349382698991028,12.0,
metalization,TSFGA,1,15,2.154249656410178,1.8898061971566862,12.0,
metalization,TSFGA,1,16,2.154249656410178,1.8793114271820202,12.0,
metalization,TSFGA,1,17,2.166927111793389,1.8686901754316505,13.0,
metalization,TSFGA,1,18,2.166927111793389,1.913232519277339,13.0,
metalization,TSFGA,1,19,2.166927111793389,1.9500215598791542,13.0,
metalization,TSFGA,1,20,2.173085026155895,1.9058892896160144,11.0,
metalization,TSFGA,1,21,2.173085026155895,1.8741629243315507,11.0,
metalization,TSFGA,1,22,2.173085026155895,1.9040999650550503,11.0,
metalization,TSFGA,1,23,2.189635911997288,1.9292191931874307,12.0,
metalization,TSFGA,1,24,2.189635911997288,1.9089174087540026,12.0,
metalization,TSFGA,1,25,2.189635911997288,1.90655218311015,12.0,
metalization,TSFGA,1,26,2.189635911997288,1.8948298259670753,12.0,
metalization,TSFGA,1,27,2.191282826518001,1.9474723768758557,11.0,
metalization,TSFGA,1,28,2.191282826518001,1.9419679281997517,11.0,
metalization,TSFGA,1,29,2.191282826518001,1.887322989003439,11.0,
metalization,TSFGA,1,30,2.191282826518001,1.8711755042669989,11.0,
metalization,TSFGA,1,31,2.191282826518001,1.8660743047630153,11.0,
metalization,TSFGA,1,32,2.191282826518001,1.9247506513853945,11.0,
metalization,TSFGA,1,33,2.2056878448626254,1.9106681070618479,10.0,
metalization,TSFGA,1,34,2.2056878448626254,1.8819620400471266,10.0,
metalization,TSFGA,1,35,2.2056878448626254,1.920536084757898,10.0,
metalization,TSFGA,1,36,2.2056878448626254,1.9036932904494475,10.0,
metalization,TSFGA,1,37,2.2255154913791415,1.893357535605288,8.0,
metalization,TSFGA,1,38,2.2255154913791415,1.8926605178493836,8.0,
metalization,TSFGA,1,39,2.2255154913791415,1.8503152892773973,8.0,
metalization,TSFGA,1,40,2.2255154913791415,1.8724056411896037,8.0,
metalization,TSFGA,1,41,2.2255154913791415,1.923572154462977,8.0,
metalization,TSFGA,1,42,2.2255154913791415,1.9320970056476372,8.0,
metalization,TSFGA,1,43,2.2255154913791415,1.8814794016611702,8.0,
metalization,TSFGA,1,44,2.2255154913791415,1.889586071958916,8.0,
metalization,TSFGA,1,45,2.2255154913791415,1.9098325804326983,8.0,
metalization,TSFGA,1,46,2.2335793072475316,1.905152971942562,7.0,
metalization,TSFGA,1,47,2.2335793072475316,1.9071192803980366,7.0,
metalization,TSFGA,1,48,2.2335793072475316,1.8756385961171993,7.0,
metalization,TSFGA,1,49,2.2335793072475316,1.9057745077925408,7.0,
metalization,TSFGA,1,50,2.2335793072475316,1.899189252545116,7.0,
metalization,TSFGA,1,51,2.2335793072475316,1.8608913484691818,7.0,
metalization,TSFGA,1,52,2.2335793072475316,1.8346908943442686,7.0,
metalization,TSFGA,1,53,2.2335793072475316,1.8813743674748966,7.0,
metalization,TSFGA,1,54,2.2335793072475316,1.853528036830913,7.0,
metalization,TSFGA,1,55,2.2335793072475316,1.8969254178996835,7.0,
metalization,TSFGA,1,56,2.2335793072475316,1.8423444033342649,7.0,
metalization,TSFGA,1,57,2.2335793072475316,1.8594519373838587,7.0,
metalization,TSFGA,1,58,2.2335793072475316,1.8502226483081117,7.0,
metalization,TSFGA,1,59,2.2335793072475316,1.817348545122884,7.0,
metalization,TSFGA,1,60,2.2335793072475316,1.8336106548692896,7.0,
metalization,TSFGA,1,61,2.2335793072475316,1.8511359864940093,7.0,
metalization,TSFGA,1,62,2.2335793072475316,1.8508149994312746,7.0,
metalization,TSFGA,1,63,2.2335793072475316,1.8410172347112603,7.0,
metalization,TSFGA,1,64,2.2335793072475316,1.860631659359278,7.0,
metalization,TSFGA,1,65,2.2335793072475316,1.9064223119372201,7.0,
metalization,TSFGA,1,66,2.2335793072475316,1.8982386044442883,7.0,
metalization,TSFGA,1,67,2.2335793072475316,1.887726033214736,7.0,
metalization,TSFGA,1,68,2.250824453215002,1.9060990168705825,6.0,
metalization,TSFGA,1,69,2.250824453215002,1.8965650031596233,6.0,
metalization,TSFGA,1,70,2.250824453215002,1.93502419995191,6.0,
metalization,TSFGA,1,71,2.250824453215002,1.9026749162405792,6.0,
metalization,TSFGA,1,72,2.250824453215002,1.8539133501620797,6.0,
metalization,TSFGA,1,73,2.250824453215002,1.9050729328492413,6.0,
metalization,TSFGA,1,74,2.250824453215002,1.8879362172632945,6.0,
metalization,TSFGA,1,75,2.250824453215002,1.9259430635159032,6.0,
metalization,TSFGA,1,76,2.250824453215002,1.8584941402239281,6.0,
metalization,TSFGA,1,77,2.251080188451268,1.8742921544588682,6.0,
metalization,TSFGA,1,78,2.251080188451268,1.859427817308814,6.0,
metalization,TSFGA,1,79,2.251080188451268,1.8978288856406262,6.0,
metalization,TSFGA,1,80,2.251080188451268,1.9119435927995727,6.0,
metalization,TSFGA,1,81,2.251080188451268,1.9232519676717756,6.0,
metalization,TSFGA,1,82,2.251080188451268,1.8875222822414386,6.0,
metalization,TSFGA,1,83,2.251080188451268,1.848985582614334,6.0,
metalization,TSFGA,1,84,2.251080188451268,1.8774866866500326,6.0,
metalization,TSFGA,1,85,2.251080188451268,1.9093094666904775,6.0,
metalization,TSFGA,1,86,2.251080188451268,1.8681951556363017,6.0,
metalization,TSFGA,1,87,2.26001933790519,1.8510784138591354,6.0,
metalization,TSFGA,1,88,2.26001933790519,1.9044253658866463,6.0,
metalization,TSFGA,1,89,2.271746277328425,1.9273423127040978,6.0,
metalization,TSFGA,1,90,2.271746277328425,1.8733726030312687,6.0,
metalization,TSFGA,1,91,2.271746277328425,1.8715984889761998,6.0,
metalization,TSFGA,1,92,2.271746277328425,1.8992274759272392,6.0,
metalization,TSFGA,1,93,2.271746277328425,1.9141990109202958,6.0,
metalization,TSFGA,1,94,2.271746277328425,1.8836198838862224,6.0,
metalization,TSFGA,1,95,2.271746277328425,1.8780243372218295,6.0,
metalization,TSFGA,1,96,2.271746277328425,1.9007917200390074,6.0,
metalization,TSFGA,1,97,2.271746277328425,1.8754670249779444,6.0,
metalization,TSFGA,1,98,2.271746277328425,1.8461909606935758,6.0,
metalization,TSFGA,1,99,2.271746277328425,1.8653177676131762,6.0,
metalization,TSFGA,1,100,2.271746277328425,1.8545102562134832,6.0,
metalization,TSFGA,1,101,2.271746277328425,1.865838936418006,6.0,
metalization,TSFGA,1,102,2.271746277328425,1.8747402295690967,6.0,
metalization,TSFGA,1,103,2.271746277328425,1.8556682903799477,6.0,
metalization,TSFGA,1,104,2.271746277328425,1.907697606692695,6.0,
metalization,TSFGA,1,105,2.271746277328425,1.8925554477299271,6.0,
metalization,TSFGA,1,106,2.271746277328425,1.9020716500819461,6.0,
metalization,TSFGA,1,107,2.271746277328425,1.9080188125896587,6.0,
metalization,TSFGA,1,108,2.271746277328425,1.8902155556906102,6.0,
metalization,TSFGA,1,109,2.271746277328425,1.9168639449153109,6.0,
metalization,TSFGA,1,110,2.271746277328425,1.894323578201464,6.0,
metalization,TSFGA,1,111,2.271746277328425,1.8775347553533688,6.0,
metalization,TSFGA,1,112,2.271746277328425,1.8568871356668304,6.0,
metalization,TSFGA,1,113,2.271746277328425,1.9189258130006692,6.0,
metalization,TSFGA,1,114,2.271746277328425,1.8884947567661243,6.0,
metalization,TSFGA,1,115,2.271746277328425,1.9011608121308836,6.0,
metalization,TSFGA,1,116,2.271746277328425,1.9039820193950654,6.0,
metalization,TSFGA,1,117,2.271746277328425,1.8920386498224206,6.0,
metalization,TSFGA,1,118,2.275214495629804,1.9230506681985677,5.0,
metalization,TSFGA,1,119,2.275214495629804,1.907591760191891,5.0,
metalization,TSFGA,1,120,2.275214495629804,1.8741747315690234,5.0,
metalization,TSFGA,1,121,2.275214495629804,1.8938516139540866,5.0,
metalization,TSFGA,1,122,2.275214495629804,1.9394075620224676,5.0,
metalization,TSFGA,1,123,2.275214495629804,1.9415147054617443,5.0,
metalization,TSFGA,1,124,2.275214495629804,1.893844139369337,5.0,
metalization,TSFGA,1,125,2.275214495629804,1.8758252070421448,5.0,
metalization,TSFGA,1,126,2.275214495629804,1.8958991252193123,5.0,
metalization,TSFGA,1,127,2.275214495629804,1.851179428000366,5.0,
metalization,TSFGA,1,128,2.275214495629804,1.83385501179025,5.0,
metalization,TSFGA,1,129,2.275214495629804,1.8900298412718441,5.0,
metalization,TSFGA,1,130,2.275214495629804,1.8940517311046943,5.0,
metalization,TSFGA,1,131,2.275214495629804,1.882002180443169,5.0,
metalization,TSFGA,1,132,2.275214495629804,1.8874658842533685,5.0,
metalization,TSFGA,1,133,2.275214495629804,1.905303706774654,5.0,
metalization,TSFGA,1,134,2.275214495629804,1.8886870382680143,5.0,
metalization,TSFGA,1,135,2.275214495629804,1.8437825337333489,5.0,
metalization,TSFGA,1,136,2.275214495629804,1.8596624652919616,5.0,
metalization,TSFGA,1,137,2.275214495629804,1.9047034423677602,5.0,
metalization,TSFGA,1,138,2.275214495629804,1.8739473853860786,5.0,
metalization,TSFGA,1,139,2.275214495629804,1.883874422107239,5.0,
metalization,TSFGA,1,140,2.275214495629804,1.8710208191027289,5.0,
metalization,TSFGA,1,141,2.275214495629804,1.8848084401323582,5.0,
metalization,TSFGA,1,142,2.275214495629804,1.8905210112813158,5.0,
metalization,TSFGA,1,143,2.275214495629804,1.8958064353633788,5.0,
metalization,TSFGA,1,144,2.275214495629804,1.8322923380025586,5.0,
metalization,TSFGA,1,145,2.275214495629804,1.8553614865517374,5.0,
metalization,TSFGA,1,146,2.275214495629804,1.8521907426068989,5.0,
metalization,TSFGA,1,147,2.275214495629804,1.9019372930209406,5.0,
metalization,TSFGA,1,148,2.275214495629804,1.883720101572139,5.0,
metalization,TSFGA,1,149,2.275214495629804,1.8666564628693856,5.0,
metalization,TSFGA,1,150,2.275214495629804,1.8692575002418998,5.0,
metalization,TSFGA,1,151,2.275214495629804,1.9439055880566773,5.0,
metalization,TSFGA,1,152,2.275214495629804,1.930479692813303,5.0,
metalization,TSFGA,1,153,2.275214495629804,1.912528809535465,5.0,
metalization,TSFGA,1,154,2.275214495629804,1.9440368818799656,5.0,
metalization,TSFGA,1,155,2.275214495629804,1.9181838030921923,5.0,
metalization,TSFGA,1,156,2.275214495629804,1.8975436460998356,5.0,
metalization,TSFGA,1,157,2.275214495629804,1.894926346478465,5.0,
metalization,TSFGA,1,158,2.275214495629804,1.8990876084581783,5.0,
metalization,TSFGA,2,0,2.0433241655418817,1.5908644729577834,18.0,
metalization,TSFGA,2,1,2.0601042719874894,1.719308638969507,15.0,
metalization,TSFGA,2,2,2.093822362012654,1.8008552335451529,14.0,
metalization,TSFGA,2,3,2.0956439076675997,1.8084860596098806,14.0,
metalization,TSFGA,2,4,2.0956439076675997,1.7876722409583796,14.0,
metalization,TSFGA,2,5,2.13925910171858,1.791170499228387,9.0,
metalization,TSFGA,2,6,2.13925910171858,1.8470901771005466,9.0,
metalization,TSFGA,2,7,2.13925910171858,1.8190731452658198,9.0,
metalization,TSFGA,2,8,2.13925910171858,1.8345789095688168,9.0,
metalization,TSFGA,2,9,2.13925910171858,1.8600069388004328,9.0,
metalization,TSFGA,2,10,2.13925910171858,1.8285122810024692,9.0,
metalization,TSFGA,2,11,2.13925910171858,1.8558689485350979,9.0,
metalization,TSFGA,2,12,2.13925910171858,1.8525766805791448,9.0,
metalization,TSFGA,2,13,2.13925910171858,1.8712585495240472,9.0,
metalization,TSFGA,2,14,2.13925910171858,1.8809477730112651,9.0,
metalization,TSFGA,2,15,2.13925910171858,1.8355792805247724,9.0,
metalization,TSFGA,2,16,2.1611919901875325,1.8761250104647478,11.0,
metalization,TSFGA,2,17,2.1611919901875325,1.8943723744275864,11.0,
metalization,TSFGA,2,18,2.1611919901875325,1.913848098327243,11.0,
metalization,TSFGA,2,19,2.166969410985871,1.9067521926870712,11.0,
metalization,TSFGA,2,20,2.166969410985871,1.8764707067957798,11.0,
metalization,TSFGA,2,21,2.166969410985871,1.8138175232683025,11.0,
metalization,TSFGA,2,22,2.194338139316225,1.8812994272877344,10.0,
metalization,TSFGA,2,23,2.194338139316225,1.8594851355553423,10.0,
metalization,TSFGA,2,24,2.194338139316225,1.8650454831584138,10.0,
metalization,TSFGA,2,25,2.194338139316225,1.875785920602779,10.0,
metalization,TSFGA,2,26,2.194338139316225,1.8956866913600336,10.0,
metalization,TSFGA,2,27,2.194338139316225,1.8899124949814954,10.0,
metalization,TSFGA,2,28,2.194338139316225,1.9464521129529886,10.0,
metalization,TSFGA,2,29,2.194338139316225,1.9304611385333987,10.0,
metalization,TSFGA,2,30,2.194338139316225,1.913999390543332,10.0,
metalization,TSFGA,2,31,2.2247373953959433,1.9063920269014667,9.0,
metalization,TSFGA,2,32,2.2247373953959433,1.894065856446209,9.0,
metalization,TSFGA,2,33,2.2247373953959433,1.9040407957139123,9.0,
metalization,TSFGA,2,34,2.2247373953959433,1.9051968395493617,9.0,
metalization,TSFGA,2,35,2.2247373953959433,1.878905025051612,9.0,
metalization,TSFGA,2,36,2.2247373953959433,1.8501536312639044,9.0,
metalization,TSFGA,2,37,2.2247373953959433,1.8620512014498811,9.0,
metalization,TSFGA,2,38,2.2247373953959433,1.8594834613369655,9.0,
metalization,TSFGA,2,39,2.2247373953959433,1.9082120736210633,9.0,
metalization,TSFGA,2,40,2.2247373953959433,1.8906422231881481,9.0,
metalization,TSFGA,2,41,2.2247373953959433,1.8724846699470223,9.0,
metalization,TSFGA,2,42,2.2247373953959433,1.8863510605812899,9.0,
metalization,TSFGA,2,43,2.2247373953959433,1.8525235261391941,9.0,
metalization,TSFGA,2,44,2.2247373953959433,1.8656870490833608,9.0,
metalization,TSFGA,2,45,2.2247373953959433,1.9462058037528145,9.0,
metalization,TSFGA,2,46,2.2247373953959433,1.916696318203784,9.0,
metalization,TSFGA,2,47,2.2247373953959433,1.8569167749136135,9.0,
metalization,TSFGA,2,48,2.2247373953959433,1.8850805343354176,9.0,
metalization,TSFGA,2,49,2.2247373953959433,1.8870768551897066,9.0,
metalization,TSFGA,2,50,2.2247373953959433,1.8934107052760099,9.0,
metalization,TSFGA,2,51,2.2247373953959433,1.9138432402522525,9.0,
metalization,TSFGA,2,52,2.2247373953959433,1.8738754165802534,9.0,
metalization,TSFGA,2,53,2.2247373953959433,1.887885963146711,9.0,
metalization,TSFGA,2,54,2.2247373953959433,1.890824811284158,9.0,
metalization,TSFGA,2,55,2.2247373953959433,1.8719912024898648,9.0,
metalization,TSFGA,2,56,2.2456998918844104,1.8592203488069579,8.0,
metalization,TSFGA,2,57,2.2456998918844104,1.8506565757311484,8.0,
metalization,TSFGA,2,58,2.2456998918844104,1.9099102502493044,8.0,
metalization,TSFGA,2,59,2.2489211987693745,1.9079241967280978,8.0,
metalization,TSFGA,2,60,2.2489211987693745,1.8980327226208096,8.0,
metalization,TSFGA,2,61,2.2489211987693745,1.9506876432218714,8.0,
metalization,TSFGA,2,62,2.2489211987693745,1.8812350451517041,8.0,
metalization,TSFGA,2,63,2.2489211987693745,1.879536506963867,8.0,
metalization,TSFGA,2,64,2.2489211987693745,1.863548740764816,8.0,
metalization,TSFGA,2,65,2.2489211987693745,1.8705904899181842,8.0,
metalization,TSFGA,2,66,2.2489211987693745,1.8781467307427853,8.0,
metalization,TSFGA,2,67,2.254363264507222,1.8927242315408506,8.0,
metalization,TSFGA,2,68,2.2706105736043902,1.8880511928815067,6.0,
metalization,TSFGA,2,69,2.2706105736043902,1.8798706157525487,6.0,
metalization,TSFGA,2,70,2.2706105736043902,1.8959279927231392,6.0,
metalization,TSFGA,2,71,2.2706105736043902,1.8708063861130824,6.0,
metalization,TSFGA,2,72,2.2706105736043902,1.8889856773219544,6.0,
metalization,TSFGA,2,73,2.2706105736043902,1.9102461562228477,6.0,
metalization,TSFGA,2,74,2.2706105736043902,1.9572186273199008,6.0,
metalization,TSFGA,2,75,2.2706105736043902,1.916985880761927,6.0,
metalization,TSFGA,2,76,2.2706105736043902,1.9076123720888396,6.0,
metalization,TSFGA,2,77,2.2706105736043902,1.8503375549675198,6.0,
metalization,TSFGA,2,78,2.2706105736043902,1.927261860365266,6.0,
metalization,TSFGA,2,79,2.2706105736043902,1.8580842034631242,6.0,
metalization,TSFGA,2,80,2.2706105736043902,1.8977058957798179,6.0,
metalization,TSFGA,2,81,2.2706105736043902,1.8937591302545784,6.0,
metalization,TSFGA,2,82,2.2706105736043902,1.8606246018362966,6.0,
metalization,TSFGA,2,83,2.2706105736043902,1.890721884401378,6.0,
metalization,TSFGA,2,84,2.2706105736043902,1.9212531539296294,6.0,
metalization,TSFGA,2,85,2.2706105736043902,1.9284750770212,6.0,
metalization,TSFGA,2,86,2.2706105736043902,1.921400571124001,6.0,
metalization,TSFGA,2,87,2.2706105736043902,1.8731323571185676,6.0,
metalization,TSFGA,2,88,2.2706105736043902,1.8786929624465452,6.0,
metalization,TSFGA,2,89,2.2706105736043902,1.875635023030045,6.0,
metalization,TSFGA,2,90,2.2706105736043902,1.9006226791670635,6.0,
metalization,TSFGA,2,91,2.288617390939612,1.9493430350549859,4.0,
metalization,TSFGA,2,92,2.288617390939612,1.948933043769476,4.0,
metalization,TSFGA,2,93,2.288617390939612,1.9176811635288598,4.0,
metalization,TSFGA,2,94,2.288617390939612,1.872584487121129,4.0,
metalization,TSFGA,2,95,2.288617390939612,1.8644888230375631,4.0,
metalization,TSFGA,2,96,2.288617390939612,1.8447973292085735,4.0,
metalization,TSFGA,2,97,2.288617390939612,1.8751654977528696,4.0,
metalization,TSFGA,2,98,2.288617390939612,1.9199244294234468,4.0,
metalization,TSFGA,2,99,2.288617390939612,1.9411314152777819,4.0,
metalization,TSFGA,2,100,2.288617390939612,1.8998496936714677,4.0,
metalization,TSFGA,2,101,2.288617390939612,1.9027581235668958,4.0,
metalization,TSFGA,2,102,2.288617390939612,1.8946599183629835,4.0,
metalization,TSFGA,2,103,2.288617390939612,1.8983605482685413,4.0,
metalization,TSFGA,2,104,2.288617390939612,1.8869652960017205,4.0,
metalization,TSFGA,2,105,2.288617390939612,1.8979282853539607,4.0,
metalization,TSFGA,2,106,2.288617390939612,1.925556874821622,4.0,
metalization,TSFGA,2,107,2.288617390939612,1.8711158914027053,4.0,
metalization,TSFGA,2,108,2.288617390939612,1.8865029826071453,4.0,
metalization,TSFGA,2,109,2.288617390939612,1.9090804104593513,4.0,
metalization,TSFGA,2,110,2.304755661372383,1.9188803284007452,4.0,
metalization,TSFGA,2,111,2.304755661372383,1.9576959637525242,4.0,
metalization,TSFGA,2,112,2.304755661372383,1.9411749149128361,4.0,
metalization,TSFGA,2,113,2.304755661372383,1.9595499378014274,4.0,
metalization,TSFGA,2,114,2.304755661372383,1.924079865703315,4.0,
metalization,TSFGA,2,115,2.304755661372383,1.897480808105584,4.0,
metalization,TSFGA,2,116,2.304755661372383,1.8383718998913516,4.0,
metalization,TSFGA,2,117,2.304755661372383,1.847625029370527,4.0,
metalization,TSFGA,2,118,2.304755661372383,1.8732706218466137,4.0,
metalization,TSFGA,2,119,2.304755661372383,1.8677838933796085,4.0,
metalization,TSFGA,2,120,2.304755661372383,1.8597770243369396,4.0,
metalization,TSFGA,2,121,2.304755661372383,1.881099001115698,4.0,
metalization,TSFGA,2,122,2.304755661372383,1.8574193663699017,4.0,
metalization,TSFGA,2,123,2.304755661372383,1.9152298610594407,4.0,
metalization,TSFGA,2,124,2.304755661372383,1.912998371422781,4.0,
metalization,TSFGA,2,125,2.304755661372383,1.9000185135198209,4.0,
metalization,TSFGA,2,126,2.304755661372383,1.9110350676437868,4.0,
metalization,TSFGA,2,127,2.304755661372383,1.9541592864961852,4.0,
metalization,TSFGA,2,128,2.304755661372383,1.9551011025855314,4.0,
metalization,TSFGA,2,129,2.304755661372383,1.9215353806364235,4.0,
metalization,TSFGA,2,130,2.304755661372383,1.9296331976687682,4.0,
metalization,TSFGA,2,131,2.304755661372383,1.9347164302128719,4.0,
metalization,TSFGA,2,132,2.304755661372383,1.9523018279950695,4.0,
metalization,TSFGA,2,133,2.304755661372383,1.9414508268609356,4.0,
metalization,TSFGA,2,134,2.304755661372383,1.9038438924547805,4.0,
metalization,TSFGA,2,135,2.304755661372383,1.8907274722867018,4.0,
metalization,TSFGA,2,136,2.3083304780109515,1.874943208806456,3.0,
metalization,TSFGA,2,137,2.3083304780109515,1.8904132588840539,3.0,
metalization,TSFGA,2,138,2.3083304780109515,1.9035924277273644,3.0,
metalization,TSFGA,2,139,2.3083304780109515,1.9646294987483657,3.0,
metalization,TSFGA,2,140,2.3083304780109515,1.939436762071778,3.0,
metalization,TSFGA,2,141,2.3083304780109515,1.9470548370373884,3.0,
metalization,TSFGA,2,142,2.3083304780109515,1.914695892675828,3.0,
metalization,TSFGA,2,143,2.3083304780109515,1.8972924721186621,3.0,
metalization,TSFGA,2,144,2.3083304780109515,1.9147087891433414,3.0,
metalization,TSFGA,2,145,2.3083304780109515,1.90488214902717,3.0,
metalization,TSFGA,2,146,2.3083304780109515,1.9231824142752132,3.0,
metalization,TSFGA,2,147,2.3083304780109515,1.8940150199274144,3.0,
metalization,TSFGA,2,148,2.3083304780109515,1.8865529319241232,3.0,
metalization,TSFGA,2,149,2.3083304780109515,1.8811624945652654,3.0,
metalization,TSFGA,2,150,2.3083304780109515,1.882631095567954,3.0,
metalization,TSFGA,2,151,2.3083304780109515,1.8727555316312,3.0,
metalization,TSFGA,2,152,2.3083304780109515,1.8557268748650995,3.0,
metalization,TSFGA,2,153,2.3083304780109515,1.8689714971439657,3.0,
metalization,TSFGA,2,154,2.3083304780109515,1.9133076730348484,3.0,
metalization,TSFGA,2,155,2.3083304780109515,1.9308206795272735,3.0,
metalization,TSFGA,2,156,2.3083304780109515,1.936606285656439,3.0,
metalization,TSFGA,2,157,2.3083304780109515,1.9399549976590342,3.0,
metalization,TSFGA,2,158,2.3083304780109515,1.9227990777466721,3.0,
metalization,TSFGA,2,159,2.3083304780109515,1.8679443469493442,3.0,
metalization,TSFGA,2,160,2.3083304780109515,1.8481671493251461,3.0,
metalization,TSFGA,2,161,2.3083304780109515,1.907515988316255,3.0,
metalization,TSFGA,2,162,2.3083304780109515,1.9612693335278657,3.0,
metalization,TSFGA,2,163,2.3083304780109515,1.894142165546473,3.0,
metalization,TSFGA,2,164,2.3083304780109515,1.8995086982340417,3.0,
metalization,TSFGA,2,165,2.3083304780109515,1.884602113843306,3.0,
metalization,TSFGA,2,166,2.3083304780109515,1.8403324629436288,3.0,
metalization,TSFGA,2,167,2.3083304780109515,1.887628827121798,3.0,
metalization,TSFGA,2,168,2.3083304780109515,1.8674573056986028,3.0,
metalization,TSFGA,2,169,2.3083304780109515,1.9470896688707733,3.0,
metalization,TSFGA,2,170,2.3083304780109515,1.9253327469141623,3.0,
metalization,TSFGA,2,171,2.3083304780109515,1.9321066408246999,3.0,
metalization,TSFGA,2,172,2.3083304780109515,1.9259971634073356,3.0,
metalization,TSFGA,2,173,2.3083304780109515,1.9146395257466273,3.0,
metalization,TSFGA,2,174,2.3083304780109515,1.9238678025909954,3.0,
metalization,TSFGA,2,175,2.3083304780109515,1.920554971665532,3.0,
metalization,TSFGA,2,176,2.3083304780109515,1.9191923250471874,3.0,
metalization,TSFGA,3,0,1.9832869216481819,1.560114722488392,21.0,
metalization,TSFGA,3,1,2.0367729136053376,1.7268935468324993,18.0,
metalization,TSFGA,3,2,2.0367729136053376,1.7764110645345021,18.0,
metalization,TSFGA,3,3,2.0479622468000676,1.8148672231690888,15.0,
metalization,TSFGA,3,4,2.077940786049764,1.8058365396025582,17.0,
metalization,TSFGA,3,5,2.077940786049764,1.869381856163421,17.0,
metalization,TSFGA,3,6,2.077940786049764,1.8221924768867033,17.0,
metalization,TSFGA,3,7,2.0969578519200263,1.8237895525765584,16.0,
metalization,TSFGA,3,8,2.0969578519200263,1.8546059652162554,16.0,
metalization,TSFGA,3,9,2.0969578519200263,1.8272630771018672,16.0,
metalization,TSFGA,3,10,2.0969578519200263,1.838116365181356,16.0,
metalization,TSFGA,3,11,2.0969578519200263,1.837180656422042,16.0,
metalization,TSFGA,3,12,2.1131913707324306,1.8453611758511204,14.0,
metalization,TSFGA,3,13,2.1316476017299895,1.8875588170972484,12.0,
metalization,TSFGA,3,14,2.1316476017299895,1.8810428578744698,12.0,
metalization,TSFGA,3,15,2.1316476017299895,1.8944466126644925,12.0,
metalization,TSFGA,3,16,2.1715455035782685,1.8591265730373863,12.0,
metalization,TSFGA,3,17,2.1715455035782685,1.8538590550009881,12.0,
metalization,TSFGA,3,18,2.1715455035782685,1.863844900044742,12.0,
metalization,TSFGA,3,19,2.1715455035782685,1.8520737251546044,12.0,
metalization,TSFGA,3,20,2.1715455035782685,1.8518676227645376,12.0,
metalization,TSFGA,3,21,2.1715455035782685,1.8860715703318114,12.0,
metalization,TSFGA,3,22,2.1734868716810958,1.8796745009547293,12.0,
metalization,TSFGA,3,23,2.1734868716810958,1.890617177874154,12.0,
metalization,TSFGA,3,24,2.1734868716810958,1.9018953416134625,12.0,
metalization,TSFGA,3,25,2.1734868716810958,1.9080164577729513,12.0,
metalization,TSFGA,3,26,2.1734868716810958,1.8877428574681758,12.0,
metalization,TSFGA,3,27,2.1734868716810958,1.8513628926766876,12.0,
metalization,TSFGA,3,28,2.1734868716810958,1.8595652135552492,12.0,
metalization,TSFGA,3,29,2.1734868716810958,1.8900854185773242,12.0,
metalization,TSFGA,3,30,2.1734868716810958,1.904497660631796,12.0,
metalization,TSFGA,3,31,2.1734868716810958,1.9164351452567154,12.0,
metalization,TSFGA,3,32,2.1734868716810958,1.9130369256745987,12.0,
metalization,TSFGA,3,33,2.1734868716810958,1.8585742854186424,12.0,
metalization,TSFGA,3,34,2.1734868716810958,1.8286496289392702,12.0,
metalization,TSFGA,3,35,2.1734868716810958,1.8473220048445547,12.0,
metalization,TSFGA,3,36,2.1734868716810958,1.8793994936039529,12.0,
metalization,TSFGA,3,37,2.198442858164803,1.8933483352712472,11.0,
metalization,TSFGA,3,38,2.198442858164803,1.8927114875996742,11.0,
metalization,TSFGA,3,39,2.198442858164803,1.8735524750175852,11.0,
metalization,TSFGA,3,40,2.198442858164803,1.8805973421453452,11.0,
metalization,TSFGA,3,41,2.198442858164803,1.8675505733674012,11.0,
metalization,TSFGA,3,42,2.198442858164803,1.84009869306782,11.0,
metalization,TSFGA,3,43,2.198442858164803,1.8757036971438317,11.0,
metalization,TSFGA,3,44,2.2295775943256895,1.9246987354588696,9.0,
metalization,TSFGA,3,45,2.231357399965929,1.9279219920082524,9.0,
metalization,TSFGA,3,46,2.231357399965929,1.9291801873038565,9.0,
metalization,TSFGA,3,47,2.231357399965929,1.8765883772641516,9.0,
metalization,TSFGA,3,48,2.231357399965929,1.9016582549156205,9.0,
metalization,TSFGA,3,49,2.231357399965929,1.8652625636849671,9.0,
metalization,TSFGA,3,50,2.234899534185661,1.8997121652616737,9.0,
metalization,TSFGA,3,51,2.24267540606575,1.8908005805541301,8.0,
metalization,TSFGA,3,52,2.248893616399916,1.8098089754741171,8.0,
metalization,TSFGA,3,53,2.248893616399916,1.834254740140888,8.0,
metalization,TSFGA,3,54,2.248893616399916,1.8606652259634893,8.0,
metalization,TSFGA,3,55,2.248893616399916,1.8889292481384743,8.0,
metalization,TSFGA,3,56,2.248893616399916,1.8472301635718527,8.0,
metalization,TSFGA,3,57,2.248893616399916,1.8443462960162091,8.0,
metalization,TSFGA,3,58,2.248893616399916,1.845045418284928,8.0,
metalization,TSFGA,3,59,2.248893616399916,1.8795469526644109,8.0,
metalization,TSFGA,3,60,2.248893616399916,1.8574941396663216,8.0,
metalization,TSFGA,3,61,2.248893616399916,1.8726854862825668,8.0,
metalization,TSFGA,3,62,2.248893616399916,1.8135961098077182,8.0,
metalization,TSFGA,3,63,2.248893616399916,1.8738961163611314,8.0,
metalization,TSFGA,3,64,2.248893616399916,1.8649604491609524,8.0,
metalization,TSFGA,3,65,2.248893616399916,1.893672108944169,8.0,
metalization,TSFGA,3,66,2.248893616399916,1.9002972976032229,8.0,
metalization,TSFGA,3,67,2.248893616399916,1.9078925373229858,8.0,
metalization,TSFGA,3,68,2.248893616399916,1.8810791417602597,8.0,
metalization,TSFGA,3,69,2.248893616399916,1.872443863787968,8.0,
metalization,TSFGA,3,70,2.248893616399916,1.8810357078188844,8.0,
metalization,TSFGA,3,71,2.248893616399916,1.8755406733931685,8.0,
metalization,TSFGA,3,72,2.248893616399916,1.8858140827241467,8.0,
metalization,TSFGA,3,73,2.248893616399916,1.9056203223228607,8.0,
metalization,TSFGA,3,74,2.248893616399916,1.8732088412710752,8.0,
metalization,TSFGA,3,75,2.248893616399916,1.851609535123218,8.0,
metalization,TSFGA,3,76,2.248893616399916,1.8520090814298473,8.0,
metalization,TSFGA,3,77,2.248893616399916,1.8941242180142333,8.0,
metalization,TSFGA,3,78,2.248893616399916,1.9053424385220457,8.0,
metalization,TSFGA,3,79,2.248893616399916,1.8713903938340894,8.0,
metalization,TSFGA,3,80,2.248893616399916,1.8755482387287468,8.0,
metalization,TSFGA,3,81,2.248893616399916,1.8176151525797188,8.0,
metalization,TSFGA,3,82,2.248893616399916,1.8585726030305616,8.0,
metalization,TSFGA,3,83,2.248893616399916,1.8605663720945746,8.0,
metalization,TSFGA,3,84,2.248893616399916,1.8267565408114206,8.0,
metalization,TSFGA,3,85,2.248893616399916,1.8632105624041668,8.0,
metalization,TSFGA,3,86,2.248893616399916,1.8801336745853128,8.0,
metalization,TSFGA,3,87,2.248893616399916,1.9290816338429113,8.0,
metalization,TSFGA,3,88,2.248893616399916,1.8947463900902501,8.0,
metalization,TSFGA,3,89,2.248893616399916,1.91027815564523,8.0,
metalization,TSFGA,3,90,2.248893616399916,1.9029836817291692,8.0,
metalization,TSFGA,3,91,2.248893616399916,1.8884112600784964,8.0,
metalization,TSFGA,3,92,2.248893616399916,1.922587989676066,8.0,
metalization,TSFGA,4,0,2.0574690596411904,1.6589316225895891,16.0,
metalization,TSFGA,4,1,2.0574690596411904,1.7305780801822377,16.0,
metalization,TSFGA,4,2,2.0674297189445943,1.7852050459236424,15.0,
metalization,TSFGA,4,3,2.0888925076186604,1.8555252199747563,15.0,
metalization,TSFGA,4,4,2.108850091882945,1.8364613208671456,14.0,
metalization,TSFGA,4,5,2.1301774669603386,1.857351280403685,13.0,
metalization,TSFGA,4,6,2.1301774669603386,1.8502904115999521,13.0,
metalization,TSFGA,4,7,2.1301774669603386,1.8369773314262265,13.0,
metalization,TSFGA,4,8,2.1301774669603386,1.8873227690159928,13.0,
metalization,TSFGA,4,9,2.148783991351534,1.8897839817030238,12.0,
metalization,TSFGA,4,10,2.155021784520934,1.8730384635536386,13.0,
metalization,TSFGA,4,11,2.155021784520934,1.8845714339751942,13.0,
metalization,TSFGA,4,12,2.155021784520934,1.887658355599497,13.0,
metalization,TSFGA,4,13,2.155021784520934,1.8897697240342524,13.0,
metalization,TSFGA,4,14,2.155021784520934,1.929074235469706,13.0,
metalization,TSFGA,4,15,2.16903092394882,1.8827570244489873,11.0,
metalization,TSFGA,4,16,2.176643796669411,1.8721391547429576,11.0,
metalization,TSFGA,4,17,2.1943066984527393,1.8855700050557587,10.0,
metalization,TSFGA,4,18,2.1943066984527393,1.8961082053088074,10.0,
metalization,TSFGA,4,19,2.1943066984527393,1.890428043842902,10.0,
metalization,TSFGA,4,20,2.1943066984527393,1.8860469570488754,10.0,
metalization,TSFGA,4,21,2.1943066984527393,1.9089548665524105,10.0,
metalization,TSFGA,4,22,2.1943066984527393,1.9358839939570616,10.0,
metalization,TSFGA,4,23,2.1943066984527393,1.8750707845501773,10.0,
metalization,TSFGA,4,24,2.1943066984527393,1.8807105053168574,10.0,
metalization,TSFGA,4,25,2.1943066984527393,1.8496466782731702,10.0,
metalization,TSFGA,4,26,2.1943066984527393,1.861284687577598,10.0,
metalization,TSFGA,4,27,2.1943066984527393,1.8776633943061718,10.0,
metalization,TSFGA,4,28,2.1943066984527393,1.8972227069353345,10.0,
metalization,TSFGA,4,29,2.1943066984527393,1.8783154017213817,10.0,
metalization,TSFGA,4,30,2.1943066984527393,1.8943145369938463,10.0,
metalization,TSFGA,4,31,2.1943066984527393,1.8680401397906692,10.0,
metalization,TSFGA,4,32,2.2327126116423033,1.8598228977095417,9.0,
metalization,TSFGA,4,33,2.2327126116423033,1.8395331839354525,9.0,
metalization,TSFGA,4,34,2.2327126116423033,1.8571112232348903,9.0,
metalization,TSFGA,4,35,2.2327126116423033,1.8663490394061852,9.0,
metalization,TSFGA,4,36,2.2327126116423033,1.8690385845911677,9.0,
metalization,TSFGA,4,37,2.2389389363578758,1.9375867172912613,8.0,
metalization,TSFGA,4,38,2.2614182542185417,1.9083653664248836,7.0,
metalization,TSFGA,4,39,2.2614182542185417,1.9227337443300443,7.0,
metalization,TSFGA,4,40,2.2614182542185417,1.901459438676472,7.0,
metalization,TSFGA,4,41,2.2614182542185417,1.934435236187665,7.0,
metalization,TSFGA,4,42,2.2614182542185417,1.9033807851785585,7.0,
metalization,TSFGA,4,43,2.2614182542185417,1.895888592301939,7.0,
metalization,TSFGA,4,44,2.2614182542185417,1.9141309053758007,7.0,
metalization,TSFGA,4,45,2.2614182542185417,1.9043842072316983,7.0,
metalization,TSFGA,4,46,2.2614182542185417,1.9313840736963326,7.0,
metalization,TSFGA,4,47,2.2614182542185417,1.913342861627236,7.0,
metalization,TSFGA,4,48,2.2614182542185417,1.9039340076973157,7.0,
metalization,TSFGA,4,49,2.2614182542185417,1.863782841057337,7.0,
metalization,TSFGA,4,50,2.2614182542185417,1.9069922307103837,7.0,
metalization,TSFGA,4,51,2.2614182542185417,1.9135812866200514,7.0,
metalization,TSFGA,4,52,2.2614182542185417,1.864406702753903,7.0,
metalization,TSFGA,4,53,2.2614182542185417,1.8545878259871968,7.0,
metalization,TSFGA,4,54,2.2614182542185417,1.8651305180226139,7.0,
metalization,TSFGA,4,55,2.2614182542185417,1.8311480701684115,7.0,
metalization,TSFGA,4,56,2.2614182542185417,1.9096300763548382,7.0,
metalization,TSFGA,4,57,2.2614182542185417,1.8700289809674526,7.0,
metalization,TSFGA,4,58,2.2614182542185417,1.8412973283709344,7.0,
metalization,TSFGA,4,59,2.2614182542185417,1.8917632441023913,7.0,
metalization,TSFGA,4,60,2.2614182542185417,1.8924171370199576,7.0,
metalization,TSFGA,4,61,2.2614182542185417,1.9107762223724425,7.0,
metalization,TSFGA,4,62,2.2614182542185417,1.8843543743501479,7.0,
metalization,TSFGA,4,63,2.2614182542185417,1.847452885264952,7.0,
metalization,TSFGA,4,64,2.2614182542185417,1.920704390929684,7.0,
metalization,TSFGA,4,65,2.2614182542185417,1.9338899906325497,7.0,
metalization,TSFGA,4,66,2.2614182542185417,1.9143184866203087,7.0,
metalization,TSFGA,4,67,2.2614182542185417,1.9093097730750699,7.0,
metalization,TSFGA,4,68,2.2614182542185417,1.8948052059765004,7.0,
metalization,TSFGA,4,69,2.2614182542185417,1.8877459074985325,7.0,
metalization,TSFGA,4,70,2.2614182542185417,1.8807368949225123,7.0,
metalization,TSFGA,4,71,2.2614182542185417,1.8976463365606713,7.0,
metalization,TSFGA,4,72,2.2614182542185417,1.90650454418174,7.0,
metalization,TSFGA,4,73,2.2614182542185417,1.9011371611100423,7.0,
metalization,TSFGA,4,74,2.2614182542185417,1.87163550661183,7.0,
metalization,TSFGA,4,75,2.2614182542185417,1.8584531389480905,7.0,
metalization,TSFGA,4,76,2.2614182542185417,1.8356949644304983,7.0,
metalization,TSFGA,4,77,2.2614182542185417,1.916791468919687,7.0,
metalization,TSFGA,4,78,2.2614182542185417,1.888903197300823,7.0,
metalization,NSGA2,0,0,0.6894404731941979,0.5100601900736449,,4.0
metalization,NSGA2,0,1,0.6938779198213132,0.6253325110283028,,1.0
metalization,NSGA2,0,2,0.7004752848634529,0.6258946800264159,,3.0
metalization,NSGA2,0,3,0.702161533836405,0.6415406971841714,,3.0
metalization,NSGA2,0,4,0.7146327405921049,0.6598469130563159,,4.0
metalization,NSGA2,0,5,0.7146327405921049,0.6609704466831781,,4.0
metalization,NSGA2,0,6,0.7146327405921049,0.6943840087232352,,4.0
metalization,NSGA2,0,7,0.7146327405921049,0.6928242558328745,,3.0
metalization,NSGA2,0,8,0.7156898727539616,0.704170218481684,,4.0
metalization,NSGA2,0,9,0.7156898727539616,0.7073102305468099,,6.0
metalization,NSGA2,0,10,0.718359268214576,0.7090084027692269,,3.0
metalization,NSGA2,0,11,0.7197951237770714,0.7065755390812913,,3.0
metalization,NSGA2,0,12,0.7208624360242433,0.7036977639724047,,6.0
metalization,NSGA2,0,13,0.7214458781114039,0.7013919159908187,,2.0
metalization,NSGA2,0,14,0.7214458781114039,0.6973521411428794,,2.0
metalization,NSGA2,0,15,0.7223045655579994,0.7070420194107504,,4.0
metalization,NSGA2,0,16,0.7231412716983462,0.6948999821726275,,6.0
metalization,NSGA2,0,17,0.7231412716983462,0.6919829460864826,,9.0
metalization,NSGA2,0,18,0.7231412716983462,0.7032372702733983,,21.0
metalization,NSGA2,0,19,0.7231412716983462,0.7076735715349316,,32.0
metalization,NSGA2,0,20,0.7231412716983462,0.701988583920793,,52.0
metalization,NSGA2,0,21,0.7231412716983462,0.7116246837014163,,73.0
metalization,NSGA2,0,22,0.7231412716983462,0.7124408094533607,,80.0
metalization,NSGA2,0,23,0.7231412716983462,0.7124408094533609,,80.0
metalization,NSGA2,0,24,0.7231412716983462,0.7118674677717358,,80.0
metalization,NSGA2,0,25,0.7231412716983462,0.7119520352317654,,80.0
metalization,NSGA2,0,26,0.7231412716983462,0.7113786935501404,,80.0
metalization,NSGA2,0,27,0.7231412716983462,0.7109907568415587,,80.0
metalization,NSGA2,0,28,0.7231412716983462,0.7108053518685153,,80.0
metalization,NSGA2,0,29,0.7231412716983462,0.7102320101868904,,80.0
metalization,NSGA2,0,30,0.7231412716983462,0.7099669601206704,,80.0
metalization,NSGA2,0,31,0.7231412716983462,0.7089211142704339,,80.0
metalization,NSGA2,0,32,0.7231412716983462,0.7017631850503252,,80.0
metalization,NSGA2,0,33,0.7231412716983462,0.7013752483417435,,80.0
metalization,NSGA2,0,34,0.7231412716983462,0.6976495214742658,,80.0
metalization,NSGA2,0,35,0.7231412716983462,0.6971607472526704,,80.0
metalization,NSGA2,0,36,0.7231412716983462,0.6934553560955183,,80.0
metalization,NSGA2,0,37,0.7231412716983462,0.6935611159753847,,80.0
metalization,NSGA2,0,38,0.7231412716983462,0.6894425300324725,,80.0
metalization,NSGA2,0,39,0.7231412716983462,0.6860323768091896,,80.0
metalization,NSGA2,0,40,0.7231412716983462,0.6820166909838077,,80.0
metalization,NSGA2,0,41,0.7231412716983462,0.6820378834036445,,80.0
metalization,NSGA2,0,42,0.7231412716983462,0.6822282107435407,,80.0
metalization,NSGA2,0,43,0.7231412716983462,0.6824348081364207,,80.0
metalization,NSGA2,0,44,0.7231412716983462,0.678753326493816,,80.0
metalization,NSGA2,0,45,0.7231412716983462,0.6783865822050711,,80.0
metalization,NSGA2,0,46,0.7231412716983462,0.6796916116306789,,80.0
metalization,NSGA2,0,47,0.7231412716983462,0.6793499231997947,,80.0
metalization,NSGA2,0,48,0.7231412716983462,0.6793711156196315,,80.0
metalization,NSGA2,0,49,0.7232057575699125,0.67798133285387,,80.0
metalization,NSGA2,0,50,0.7232057575699125,0.6750184272139775,,80.0
metalization,NSGA2,0,51,0.7232057575699125,0.6711718763086552,,80.0
metalization,NSGA2,0,52,0.7232057575699125,0.6752925248560843,,80.0
metalization,NSGA2,0,53,0.7232057575699125,0.6752966500651179,,80.0
metalization,NSGA2,0,54,0.7232057575699125,0.6753165859538324,,80.0
metalization,NSGA2,0,55,0.7232057575699125,0.6787793253596067,,80.0
metalization,NSGA2,0,56,0.7232057575699125,0.6789021613658517,,80.0
metalization,NSGA2,0,57,0.7232057575699125,0.6860841516837086,,80.0
metalization,NSGA2,0,58,0.7232057575699125,0.6821509707138396,,80.0
metalization,NSGA2,0,59,0.7232057575699125,0.6792828249612193,,80.0
metalization,NSGA2,0,60,0.7232057575699125,0.678995725765651,,80.0
metalization,NSGA2,0,61,0.7232057575699125,0.6788103207926077,,80.0
metalization,NSGA2,0,62,0.7232057575699125,0.6756445342316828,,80.0
metalization,NSGA2,0,63,0.7232057575699125,0.6796842811548128,,80.0
metalization,NSGA2,0,64,0.7232057575699125,0.6728183228610083,,80.0
metalization,NSGA2,0,65,0.7232057575699125,0.6733242238450989,,80.0
metalization,NSGA2,0,66,0.7232057575699125,0.6769540355664159,,80.0
metalization,NSGA2,0,67,0.7232057575699125,0.6763594419132618,,80.0
metalization,NSGA2,0,68,0.7232057575699125,0.6763842495327124,,80.0
metalization,NSGA2,0,69,0.7232057575699125,0.6800401849562941,,80.0
metalization,NSGA2,0,70,0.7232057575699125,0.680042247560811,,80.0
metalization,NSGA2,0,71,0.7232057575699125,0.6769020667706009,,80.0
metalization,NSGA2,0,72,0.7232057575699125,0.6766279691284944,,80.0
metalization,NSGA2,0,73,0.7232057575699125,0.6772253719078676,,80.0
metalization,NSGA2,0,74,0.7232057575699125,0.6810809197529599,,80.0
metalization,NSGA2,0,75,0.7232057575699125,0.6770049668881314,,80.0
metalization,NSGA2,0,76,0.7232057575699125,0.6736622543623827,,80.0
metalization,NSGA2,0,77,0.7232057575699125,0.6736622543623827,,80.0
metalization,NSGA2,0,78,0.7232057575699125,0.6706208484806695,,80.0
metalization,NSGA2,0,79,0.7232057575699125,0.6777162087339799,,80.0
metalization,NSGA2,0,80,0.7232057575699125,0.6767308692460248,,80.0
metalization,NSGA2,0,81,0.7232057575699125,0.6805460859403849,,80.0
metalization,NSGA2,0,82,0.7232057575699125,0.6839733659261633,,80.0
metalization,NSGA2,0,83,0.7232057575699125,0.6766954098260287,,80.0
metalization,NSGA2,0,84,0.7232057575699125,0.673359631635533,,80.0
metalization,NSGA2,0,85,0.7232057575699125,0.6733376331423017,,80.0
metalization,NSGA2,0,86,0.7232057575699125,0.6736430649953706,,80.0
metalization,NSGA2,0,87,0.7232057575699125,0.6698315141367411,,80.0
metalization,NSGA2,0,88,0.7232057575699125,0.6737846309953246,,80.0
metalization,NSGA2,0,89,0.7232057575699125,0.6732660672357336,,80.0
metalization,NSGA2,0,90,0.7232057575699125,0.6730415370069638,,80.0
metalization,NSGA2,0,91,0.7232057575699125,0.668608981644516,,80.0
metalization,NSGA2,0,92,0.7232057575699125,0.672743837640412,,80.0
metalization,NSGA2,0,93,0.7232057575699125,0.6701847895765912,,80.0
metalization,NSGA2,0,94,0.7232057575699125,0.6700668253010824,,80.0
metalization,NSGA2,0,95,0.7232057575699125,0.6735275021023399,,80.0
metalization,NSGA2,0,96,0.7232057575699125,0.6772602139411872,,80.0
metalization,NSGA2,0,97,0.7232057575699125,0.6808900256625039,,80.0
metalization,NSGA2,0,98,0.7232057575699125,0.6805000263494053,,80.0
metalization,NSGA2,0,99,0.7232057575699125,0.6808062047241766,,80.0
metalization,NSGA2,0,100,0.7232057575699125,0.6799315563985163,,80.0
metalization,NSGA2,0,101,0.7232057575699125,0.6802129271538371,,80.0
metalization,NSGA2,0,102,0.7232057575699125,0.6804516648310741,,80.0
metalization,NSGA2,0,103,0.7232057575699125,0.6765022138082213,,80.0
metalization,NSGA2,0,104,0.7232057575699125,0.6729761589139462,,80.0
metalization,NSGA2,0,105,0.7232057575699125,0.6724702579298555,,80.0
metalization,NSGA2,0,106,0.7232057575699125,0.6720830677429761,,80.0
metalization,NSGA2,0,107,0.7232057575699125,0.6679424833068325,,80.0
metalization,NSGA2,0,108,0.7232057575699125,0.6646217692743153,,80.0
metalization,NSGA2,0,109,0.7232057575699125,0.6683524185086457,,80.0
metalization,NSGA2,0,110,0.7232057575699125,0.6686436429132476,,80.0
metalization,NSGA2,0,111,0.7232057575699125,0.6725768238831165,,80.0
metalization,NSGA2,0,112,0.7232057575699125,0.6687574819797228,,80.0
metalization,NSGA2,0,113,0.7232057575699125,0.6688733836507148,,80.0
metalization,NSGA2,0,114,0.7232057575699125,0.6688685119199788,,80.0
metalization,NSGA2,0,115,0.7232057575699125,0.6691568170105524,,80.0
metalization,NSGA2,0,116,0.7232057575699125,0.669241384470582,,80.0
metalization,NSGA2,0,117,0.7232057575699125,0.6694325178838728,,80.0
metalization,NSGA2,0,118,0.7232057575699125,0.6697358871324248,,80.0
metalization,NSGA2,0,119,0.7232057575699125,0.669921292105468,,80.0
metalization,NSGA2,0,120,0.7232057575699125,0.669921292105468,,80.0
metalization,NSGA2,0,121,0.7232057575699125,0.6734514722087768,,80.0
metalization,NSGA2,0,122,0.7232057575699125,0.6769987790745808,,80.0
metalization,NSGA2,0,123,0.7232057575699125,0.6838667999729022,,80.0
metalization,NSGA2,0,124,0.7232057575699125,0.6765909064772846,,80.0
metalization,NSGA2,0,125,0.7232057575699125,0.6766149675750327,,80.0
metalization,NSGA2,0,126,0.7232057575699125,0.6763095357219637,,80.0
metalization,NSGA2,0,127,0.7232057575699125,0.672821290000601,,80.0
metalization,NSGA2,0,128,0.7232057575699125,0.6727403883763019,,80.0
metalization,NSGA2,0,129,0.7232057575699125,0.6692968383375397,,80.0
metalization,NSGA2,0,130,0.7232057575699125,0.6695562105996291,,80.0
metalization,NSGA2,0,131,0.7232057575699125,0.6697464873034084,,80.0
metalization,NSGA2,0,132,0.7232057575699125,0.6658872736225856,,80.0
metalization,NSGA2,0,133,0.7232057575699125,0.6656173011895128,,80.0
metalization,NSGA2,0,134,0.7232057575699125,0.6654098977232381,,80.0
metalization,NSGA2,0,135,0.7232057575699125,0.6657998970363368,,80.0
metalization,NSGA2,0,136,0.7232057575699125,0.6725641611076162,,80.0
metalization,NSGA2,0,137,0.7232057575699125,0.6727646302386379,,80.0
metalization,NSGA2,0,138,0.7232057575699125,0.6766201780837301,,80.0
metalization,NSGA2,0,139,0.7232057575699125,0.6764013762952077,,80.0
metalization,NSGA2,0,140,0.7232057575699125,0.676423374788439,,80.0
metalization,NSGA2,0,141,0.7232057575699125,0.6725548253898852,,80.0
metalization,NSGA2,0,142,0.7232057575699125,0.6687396086955252,,80.0
metalization,NSGA2,0,143,0.7232057575699125,0.6648861234549498,,80.0
metalization,NSGA2,0,144,0.7232057575699125,0.6722885187925429,,80.0
metalization,NSGA2,0,145,0.7232057575699125,0.6726813272318607,,80.0
metalization,NSGA2,0,146,0.7232057575699125,0.6692405863193176,,80.0
metalization,NSGA2,0,147,0.7232057575699125,0.6692255221613392,,80.0
metalization,NSGA2,0,148,0.7232057575699125,0.6695935229812064,,80.0
metalization,NSGA2,0,149,0.7232057575699125,0.6699876475033388,,80.0
metalization,NSGA2,0,150,0.7232057575699125,0.663403059964855,,80.0
metalization,NSGA2,0,151,0.7232057575699125,0.6627914497370149,,80.0
metalization,NSGA2,0,152,0.7232057575699125,0.6664204047488204,,80.0
metalization,NSGA2,0,153,0.7232057575699125,0.6662251461264959,,80.0
metalization,NSGA2,0,154,0.7232057575699125,0.6657363719049006,,80.0
metalization,NSGA2,0,155,0.7232057575699125,0.6660596770421672,,80.0
metalization,NSGA2,0,156,0.7232057575699125,0.6661463071067137,,80.0
metalization,NSGA2,0,157,0.7232057575699125,0.6624063221546522,,80.0
metalization,NSGA2,0,158,0.7232057575699125,0.673350295917802,,80.0
metalization,NSGA2,0,159,0.7232057575699125,0.6770972152051163,,80.0
metalization,NSGA2,0,160,0.7232057575699125,0.6729745040531704,,80.0
metalization,NSGA2,0,161,0.7232057575699125,0.6733844392549836,,80.0
metalization,NSGA2,0,162,0.7232057575699125,0.6737744385680822,,80.0
metalization,NSGA2,0,163,0.7232057575699125,0.6736110320882703,,80.0
metalization,NSGA2,0,164,0.7232057575699125,0.6813956356941977,,80.0
metalization,NSGA2,0,165,0.7232057575699125,0.6817615739095482,,80.0
metalization,NSGA2,0,166,0.7232057575699125,0.6817835724027795,,80.0
metalization,NSGA2,0,167,0.7232057575699125,0.6806717310728491,,80.0
metalization,NSGA2,0,168,0.7232057575699125,0.6809409569842195,,80.0
metalization,NSGA2,0,169,0.7232057575699125,0.6769076850230393,,80.0
metalization,NSGA2,0,170,0.7232057575699125,0.6770057134098337,,80.0
metalization,NSGA2,0,171,0.7232057575699125,0.6769816523120855,,80.0
metalization,NSGA2,0,172,0.7232057575699125,0.6799343655247355,,80.0
metalization,NSGA2,0,173,0.7232057575699125,0.6800189329847652,,80.0
metalization,NSGA2,0,174,0.7232057575699125,0.6837814343616081,,80.0
metalization,NSGA2,0,175,0.7232057575699125,0.6840896753408963,,80.0
metalization,NSGA2,0,176,0.7232057575699125,0.6807449002106308,,80.0
metalization,NSGA2,0,177,0.7232057575699125,0.6810560605039473,,80.0
metalization,NSGA2,0,178,0.7232057575699125,0.677027252529762,,80.0
metalization,NSGA2,0,179,0.7232057575699125,0.6688306511175044,,80.0
metalization,NSGA2,0,180,0.7232057575699125,0.6726650571788768,,80.0
metalization,NSGA2,0,181,0.7232057575699125,0.6692157786998671,,80.0
metalization,NSGA2,0,182,0.7232057575699125,0.6696151137306968,,80.0
metalization,NSGA2,0,183,0.7232057575699125,0.6697400123414585,,80.0
metalization,NSGA2,0,184,0.7232057575699125,0.6658068313715896,,80.0
metalization,NSGA2,0,185,0.7232057575699125,0.665604299636051,,80.0
metalization,NSGA2,0,186,0.7232057575699125,0.6653208662762136,,80.0
metalization,NSGA2,0,187,0.7232057575699125,0.6654367679472054,,80.0
metalization,NSGA2,0,188,0.7232057575699125,0.6693699489170746,,80.0
metalization,NSGA2,0,189,0.7232057575699125,0.6697578856256562,,80.0
metalization,NSGA2,0,190,0.7232057575699125,0.6700413189854939,,80.0
metalization,NSGA2,0,191,0.7232057575699125,0.6630703979696422,,80.0
metalization,NSGA2,0,192,0.7232057575699125,0.6629878931141293,,80.0
metalization,NSGA2,0,193,0.7232057575699125,0.6625779579123161,,80.0
metalization,NSGA2,0,194,0.7232057575699125,0.662864200398373,,80.0
metalization,NSGA2,0,195,0.7232057575699125,0.6626453986098505,,80.0
metalization,NSGA2,0,196,0.7232057575699125,0.6662175130951051,,80.0
metalization,NSGA2,0,197,0.7232057575699125,0.6665046122906733,,80.0
metalization,NSGA2,0,198,0.7232057575699125,0.6737789025550771,,80.0
metalization,NSGA2,0,199,0.7232057575699125,0.6731835623802208,,80.0
metalization,NSGA2,0,200,0.7232057575699125,0.6732055608734522,,80.0
metalization,NSGA2,1,0,0.6878327313616837,0.49744396339084923,,3.0
metalization,NSGA2,1,1,0.6907260890845602,0.5994775098260765,,4.0
metalization,NSGA2,1,2,0.6958193280516098,0.645196746340835,,2.0
metalization,NSGA2,1,3,0.6977899392882877,0.6603479588098871,,4.0
metalization,NSGA2,1,4,0.7066931589707894,0.6757295194672004,,3.0
metalization,NSGA2,1,5,0.7088295651050296,0.6766565880907262,,5.0
metalization,NSGA2,1,6,0.7106025714382979,0.6915599825216505,,5.0
metalization,NSGA2,1,7,0.7106025714382979,0.6925912229380926,,7.0
metalization,NSGA2,1,8,0.7151276255160744,0.6945105447344802,,5.0
metalization,NSGA2,1,9,0.7189764054924604,0.6877963407835456,,4.0
metalization,NSGA2,1,10,0.7196680224424699,0.6777272410630915,,5.0
metalization,NSGA2,1,11,0.7196680224424699,0.6923855519461579,,4.0
metalization,NSGA2,1,12,0.7208711654123298,0.7020862078974904,,4.0
metalization,NSGA2,1,13,0.722370574567881,0.702903782228443,,4.0
metalization,NSGA2,1,14,0.722370574567881,0.7081747348780572,,8.0
metalization,NSGA2,1,15,0.7225849552415311,0.6948054868922884,,9.0
metalization,NSGA2,1,16,0.7238035091575755,0.6943517349360036,,10.0
metalization,NSGA2,1,17,0.7238035091575755,0.6830616386578015,,17.0
metalization,NSGA2,1,18,0.7238035091575755,0.6820666689557461,,33.0
metalization,NSGA2,1,19,0.7238035091575755,0.6883770505487945,,36.0
metalization,NSGA2,1,20,0.7238035091575755,0.6900526063981302,,54.0
metalization,NSGA2,1,21,0.7238035091575755,0.6975193398761285,,72.0
metalization,NSGA2,1,22,0.7238035091575755,0.7092267657605452,,80.0
metalization,NSGA2,1,23,0.7238035091575755,0.7038968955463789,,80.0
metalization,NSGA2,1,24,0.7238035091575755,0.7037399313714574,,80.0
metalization,NSGA2,1,25,0.7238035091575755,0.7032315555357327,,80.0
metalization,NSGA2,1,26,0.7238035091575755,0.7028679317638029,,80.0
metalization,NSGA2,1,27,0.7238035091575755,0.7028446562929241,,80.0
metalization,NSGA2,1,28,0.7238035091575755,0.7021716175011687,,80.0
metalization,NSGA2,1,29,0.7238035091575755,0.7029048202136954,,80.0
metalization,NSGA2,1,30,0.7238035091575755,0.708370516032921,,80.0
metalization,NSGA2,1,31,0.7238035091575755,0.708515268096716,,80.0
metalization,NSGA2,1,32,0.7238035091575755,0.7087627755833285,,80.0
metalization,NSGA2,1,33,0.7238035091575755,0.704914808557732,,80.0
metalization,NSGA2,1,34,0.7238035091575755,0.7013265611298742,,80.0
metalization,NSGA2,1,35,0.7238035091575755,0.6977389085630847,,80.0
metalization,NSGA2,1,36,0.7238035091575755,0.6947087323930388,,80.0
metalization,NSGA2,1,37,0.7238035091575755,0.6948611832379431,,80.0
metalization,NSGA2,1,38,0.7238035091575755,0.6952429742896664,,80.0
metalization,NSGA2,1,39,0.7238035091575755,0.6912922518412526,,80.0
metalization,NSGA2,1,40,0.7238035091575755,0.6911772843073092,,80.0
metalization,NSGA2,1,41,0.725303107838617,0.6875354058310668,,80.0
metalization,NSGA2,1,42,0.725303107838617,0.6805241516351014,,80.0
metalization,NSGA2,1,43,0.725303107838617,0.6768518937679394,,80.0
metalization,NSGA2,1,44,0.725303107838617,0.6775734620730594,,80.0
metalization,NSGA2,1,45,0.725303107838617,0.6815733088959057,,80.0
metalization,NSGA2,1,46,0.725303107838617,0.6816224332703384,,80.0
metalization,NSGA2,1,47,0.725303107838617,0.6816224332703384,,80.0
metalization,NSGA2,1,48,0.725303107838617,0.6776296970235984,,80.0
metalization,NSGA2,1,49,0.725303107838617,0.6735032720728157,,80.0
metalization,NSGA2,1,50,0.725303107838617,0.673606027495633,,80.0
metalization,NSGA2,1,51,0.725303107838617,0.6730368928780687,,80.0
metalization,NSGA2,1,52,0.725303107838617,0.6766554958834321,,80.0
metalization,NSGA2,1,53,0.725303107838617,0.6731827870371723,,80.0
metalization,NSGA2,1,54,0.725303107838617,0.6661101963556478,,80.0
metalization,NSGA2,1,55,0.725303107838617,0.6659526611330723,,80.0
metalization,NSGA2,1,56,0.725303107838617,0.6654746475309186,,80.0
metalization,NSGA2,1,57,0.725303107838617,0.6692871507879239,,80.0
metalization,NSGA2,1,58,0.725303107838617,0.6653105794359562,,80.0
metalization,NSGA2,1,59,0.725303107838617,0.6654746475309186,,80.0
metalization,NSGA2,1,60,0.725303107838617,0.6693646283548412,,80.0
metalization,NSGA2,1,61,0.725303107838617,0.6734561672407526,,80.0
metalization,NSGA2,1,62,0.725303107838617,0.673783756196437,,80.0
metalization,NSGA2,1,63,0.725303107838617,0.6816497373246732,,80.0
metalization,NSGA2,1,64,0.725303107838617,0.6814791125439102,,80.0
metalization,NSGA2,1,65,0.725303107838617,0.6814978575274232,,80.0
metalization,NSGA2,1,66,0.725303107838617,0.6814487331529904,,80.0
metalization,NSGA2,1,67,0.725303107838617,0.681818889797307,,80.0
metalization,NSGA2,1,68,0.725303107838617,0.6780135142737566,,80.0
metalization,NSGA2,1,69,0.725303107838617,0.6780135142737566,,80.0
metalization,NSGA2,1,70,0.725303107838617,0.6817536414988643,,80.0
metalization,NSGA2,1,71,0.725303107838617,0.677772539659531,,80.0
metalization,NSGA2,1,72,0.725303107838617,0.6735782453508025,,80.0
metalization,NSGA2,1,73,0.725303107838617,0.6774140240786864,,80.0
metalization,NSGA2,1,74,0.725303107838617,0.677486400110584,,80.0
metalization,NSGA2,1,75,0.725303107838617,0.6732870214241842,,80.0
metalization,NSGA2,1,76,0.725303107838617,0.673462152878899,,80.0
metalization,NSGA2,1,77,0.725303107838617,0.6771835589339077,,80.0
metalization,NSGA2,1,78,0.725303107838617,0.6772985264678513,,80.0
metalization,NSGA2,1,79,0.725303107838617,0.6734860232108459,,80.0
metalization,NSGA2,1,80,0.725303107838617,0.6731766081910202,,80.0
metalization,NSGA2,1,81,0.725303107838617,0.6693220911356885,,80.0
metalization,NSGA2,1,82,0.725303107838617,0.6692116540891107,,80.0
metalization,NSGA2,1,83,0.725303107838617,0.6697271338448765,,80.0
metalization,NSGA2,1,84,0.725303107838617,0.6695934451408337,,80.0
metalization,NSGA2,1,85,0.725303107838617,0.6653029282816749,,80.0
metalization,NSGA2,1,86,0.725303107838617,0.6625026633661021,,80.0
metalization,NSGA2,1,87,0.725303107838617,0.6664908691254764,,80.0
metalization,NSGA2,1,88,0.725303107838617,0.6706547840432852,,80.0
metalization,NSGA2,1,89,0.725303107838617,0.6635821933617608,,80.0
metalization,NSGA2,1,90,0.725303107838617,0.6669941605835299,,80.0
metalization,NSGA2,1,91,0.725303107838617,0.6673643172278464,,80.0
metalization,NSGA2,1,92,0.725303107838617,0.6746546070527176,,80.0
metalization,NSGA2,1,93,0.725303107838617,0.6742728160009944,,80.0
metalization,NSGA2,1,94,0.725303107838617,0.6703757484143792,,80.0
metalization,NSGA2,1,95,0.725303107838617,0.6735208683049547,,80.0
metalization,NSGA2,1,96,0.725303107838617,0.6808724946153851,,80.0
metalization,NSGA2,1,97,0.725303107838617,0.680945441694937,,80.0
metalization,NSGA2,1,98,0.725303107838617,0.6774185307526382,,80.0
metalization,NSGA2,1,99,0.725303107838617,0.6733761162411598,,80.0
metalization,NSGA2,1,100,0.725303107838617,0.6731462049866865,,80.0
metalization,NSGA2,1,101,0.725303107838617,0.6733102730816489,,80.0
metalization,NSGA2,1,102,0.725303107838617,0.6775477127827291,,80.0
metalization,NSGA2,1,103,0.725303107838617,0.6739975263695517,,80.0
metalization,NSGA2,1,104,0.725303107838617,0.6812265035222779,,80.0
metalization,NSGA2,1,105,0.725303107838617,0.6811773791478452,,80.0
metalization,NSGA2,1,106,0.725303107838617,0.6772874221373362,,80.0
metalization,NSGA2,1,107,0.725303107838617,0.6805823956267268,,80.0
metalization,NSGA2,1,108,0.725303107838617,0.6774068963452315,,80.0
metalization,NSGA2,1,109,0.725303107838617,0.6743767201751856,,80.0
metalization,NSGA2,1,110,0.725303107838617,0.6742126520802232,,80.0
metalization,NSGA2,1,111,0.725303107838617,0.6742126520802232,,80.0
metalization,NSGA2,1,112,0.725303107838617,0.674243031471143,,80.0
metalization,NSGA2,1,113,0.725303107838617,0.6741351916706544,,80.0
metalization,NSGA2,1,114,0.725303107838617,0.6745402581932562,,80.0
metalization,NSGA2,1,115,0.725303107838617,0.6745828258818884,,80.0
metalization,NSGA2,1,116,0.725303107838617,0.6706669961544115,,80.0
metalization,NSGA2,1,117,0.725303107838617,0.6738121398584009,,80.0
metalization,NSGA2,1,118,0.725303107838617,0.673819243778442,,80.0
metalization,NSGA2,1,119,0.725303107838617,0.6769992735473029,,80.0
metalization,NSGA2,1,120,0.725303107838617,0.684338687746607,,80.0
metalization,NSGA2,1,121,0.725303107838617,0.680647684895932,,80.0
metalization,NSGA2,1,122,0.725303107838617,0.6772964764560023,,80.0
metalization,NSGA2,1,123,0.725303107838617,0.6738845092342333,,80.0
metalization,NSGA2,1,124,0.725303107838617,0.6708194231859019,,80.0
metalization,NSGA2,1,125,0.725303107838617,0.6674798558094442,,80.0
metalization,NSGA2,1,126,0.725303107838617,0.6705707907613296,,80.0
metalization,NSGA2,1,127,0.725303107838617,0.674383294018335,,80.0
metalization,NSGA2,1,128,0.725303107838617,0.6709364407316942,,80.0
metalization,NSGA2,1,129,0.725303107838617,0.678173099508181,,80.0
metalization,NSGA2,1,130,0.725303107838617,0.6785245111689845,,80.0
metalization,NSGA2,1,131,0.725303107838617,0.6745544726894035,,80.0
metalization,NSGA2,1,132,0.725303107838617,0.6748329372706552,,80.0
metalization,NSGA2,1,133,0.725303107838617,0.6712143104518777,,80.0
metalization,NSGA2,1,134,0.725303107838617,0.6677532426690898,,80.0
metalization,NSGA2,1,135,0.725303107838617,0.6642010300574774,,80.0
metalization,NSGA2,1,136,0.725303107838617,0.6637772423647764,,80.0
metalization,NSGA2,1,137,0.725303107838617,0.6595171048965371,,80.0
metalization,NSGA2,1,138,0.725303107838617,0.6596087969596018,,80.0
metalization,NSGA2,1,139,0.725303107838617,0.6627306651927126,,80.0
metalization,NSGA2,1,140,0.725303107838617,0.669597167324883,,80.0
metalization,NSGA2,1,141,0.725303107838617,0.6731479247857146,,80.0
metalization,NSGA2,1,142,0.725303107838617,0.6735362487098246,,80.0
metalization,NSGA2,1,143,0.725303107838617,0.6665056784826919,,80.0
metalization,NSGA2,1,144,0.725303107838617,0.6668449018457832,,80.0
metalization,NSGA2,1,145,0.725303107838617,0.6637230336126723,,80.0
metalization,NSGA2,1,146,0.725303107838617,0.6601966765606793,,80.0
metalization,NSGA2,1,147,0.725303107838617,0.6594381721788389,,80.0
metalization,NSGA2,1,148,0.725303107838617,0.6667775863781429,,80.0
metalization,NSGA2,1,149,0.725303107838617,0.6632015510614114,,80.0
metalization,NSGA2,1,150,0.725303107838617,0.6590441690159894,,80.0
metalization,NSGA2,1,151,0.725303107838617,0.6668499624100404,,80.0
metalization,NSGA2,1,152,0.725303107838617,0.6705900896351483,,80.0
metalization,NSGA2,1,153,0.725303107838617,0.6662990188856835,,80.0
metalization,NSGA2,1,154,0.725303107838617,0.669875054202415,,80.0
metalization,NSGA2,1,155,0.725303107838617,0.6700379973594174,,80.0
metalization,NSGA2,1,156,0.725303107838617,0.6734687095646996,,80.0
metalization,NSGA2,1,157,0.725303107838617,0.6690257590179849,,80.0
metalization,NSGA2,1,158,0.725303107838617,0.6719344347817006,,80.0
metalization,NSGA2,1,159,0.725303107838617,0.6760796047159963,,80.0
metalization,NSGA2,1,160,0.725303107838617,0.6727476951498854,,80.0
metalization,NSGA2,1,161,0.725303107838617,0.6732819198891641,,80.0
metalization,NSGA2,1,162,0.725303107838617,0.6734996428459249,,80.0
metalization,NSGA2,1,163,0.725303107838617,0.6695605614609833,,80.0
metalization,NSGA2,1,164,0.725303107838617,0.6695605614609834,,80.0
metalization,NSGA2,1,165,0.725303107838617,0.6730338413548975,,80.0
metalization,NSGA2,1,166,0.725303107838617,0.6768701673170219,,80.0
metalization,NSGA2,1,167,0.725303107838617,0.6806639255905141,,80.0
metalization,NSGA2,1,168,0.725303107838617,0.6810457166422375,,80.0
metalization,NSGA2,1,169,0.725303107838617,0.6815120958369845,,80.0
metalization,NSGA2,1,170,0.725303107838617,0.6820088544226512,,80.0
metalization,NSGA2,1,171,0.725303107838617,0.6857231089307909,,80.0
metalization,NSGA2,1,172,0.725303107838617,0.6853904422535005,,80.0
metalization,NSGA2,1,173,0.725303107838617,0.6853058541104767,,80.0
metalization,NSGA2,1,174,0.725303107838617,0.681499907539272,,80.0
metalization,NSGA2,1,175,0.725303107838617,0.6887669457066785,,80.0
metalization,NSGA2,1,176,0.725303107838617,0.6848394987291437,,80.0
metalization,NSGA2,1,177,0.725303107838617,0.6849853995443125,,80.0
metalization,NSGA2,1,178,0.725303107838617,0.6804629452322454,,80.0
metalization,NSGA2,1,179,0.725303107838617,0.6807601481409448,,80.0
metalization,NSGA2,1,180,0.725303107838617,0.6768985205095067,,80.0
metalization,NSGA2,1,181,0.725303107838617,0.6732075176588317,,80.0
metalization,NSGA2,1,182,0.725303107838617,0.6773223320156216,,80.0
metalization,NSGA2,1,183,0.725303107838617,0.6813338132458748,,80.0
metalization,NSGA2,1,184,0.725303107838617,0.6812381617430985,,80.0
metalization,NSGA2,1,185,0.725303107838617,0.6774089397010151,,80.0
metalization,NSGA2,1,186,0.725303107838617,0.6776575959390012,,80.0
metalization,NSGA2,1,187,0.725303107838617,0.6743180047491297,,80.0
metalization,NSGA2,1,188,0.725303107838617,0.6742689041881109,,80.0
metalization,NSGA2,1,189,0.725303107838617,0.6781776299955468,,80.0
metalization,NSGA2,1,190,0.725303107838617,0.6743160023641088,,80.0
metalization,NSGA2,1,191,0.725303107838617,0.6742010348301652,,80.0
metalization,NSGA2,1,192,0.725303107838617,0.6744142272995604,,80.0
metalization,NSGA2,1,193,0.725303107838617,0.6705591563539229,,80.0
metalization,NSGA2,1,194,0.725303107838617,0.6734207339416407,,80.0
metalization,NSGA2,1,195,0.725303107838617,0.6734627305826185,,80.0
metalization,NSGA2,1,196,0.725303107838617,0.6736804535393792,,80.0
metalization,NSGA2,1,197,0.725303107838617,0.6733477868620887,,80.0
metalization,NSGA2,1,198,0.725303107838617,0.6775846488594495,,80.0
metalization,NSGA2,1,199,0.725303107838617,0.6850694099836169,,80.0
metalization,NSGA2,1,200,0.725303107838617,0.684832942043343,,80.0
metalization,NSGA2,2,0,0.6883287494376076,0.4997146438862992,,3.0
metalization,NSGA2,2,1,0.6933431823440808,0.6112471010615985,,3.0
metalization,NSGA2,2,2,0.6939963498473806,0.6050124790264172,,5.0
metalization,NSGA2,2,3,0.6951988758629086,0.6016460043833481,,8.0
metalization,NSGA2,2,4,0.7026100827912447,0.6156821789680635,,5.0
metalization,NSGA2,2,5,0.7061313581547434,0.5983492289139256,,4.0
metalization,NSGA2,2,6,0.7077967928448707,0.5990011993426292,,8.0
metalization,NSGA2,2,7,0.7106629940843584,0.6052295868379927,,5.0
metalization,NSGA2,2,8,0.7150944239823926,0.6273350834525414,,6.0
metalization,NSGA2,2,9,0.7158041346164505,0.6078072424540394,,6.0
metalization,NSGA2,2,10,0.7230104033336612,0.5841427671484455,,3.0
metalization,NSGA2,2,11,0.7230104033336612,0.5977505929796741,,5.0
metalization,NSGA2,2,12,0.7230104033336612,0.6259478517151044,,8.0
metalization,NSGA2,2,13,0.7230104033336612,0.6562524586410323,,6.0
metalization,NSGA2,2,14,0.7230104033336612,0.6750545811535492,,6.0
metalization,NSGA2,2,15,0.7231064379395155,0.6705783096840674,,5.0
metalization,NSGA2,2,16,0.7267583329451623,0.6850398549352824,,5.0
metalization,NSGA2,2,17,0.7286703172148624,0.6837265308118239,,6.0
metalization,NSGA2,2,18,0.7286703172148624,0.6906022943088564,,8.0
metalization,NSGA2,2,19,0.7286703172148624,0.7021493866701348,,17.0
metalization,NSGA2,2,20,0.7286703172148624,0.7010703296817731,,28.0
metalization,NSGA2,2,21,0.7286703172148624,0.7030378277603762,,41.0
metalization,NSGA2,2,22,0.7286703172148624,0.705721032485543,,58.0
metalization,NSGA2,2,23,0.7286703172148624,0.7053597081915537,,79.0
metalization,NSGA2,2,24,0.7286703172148624,0.7085142014116013,,80.0
metalization,NSGA2,2,25,0.7286703172148624,0.7086936438033533,,80.0
metalization,NSGA2,2,26,0.7286703172148624,0.7043750492203849,,80.0
metalization,NSGA2,2,27,0.7286703172148624,0.7039029863251254,,80.0
metalization,NSGA2,2,28,0.7286703172148624,0.7039571276575123,,80.0
metalization,NSGA2,2,29,0.7286703172148624,0.6998393596072807,,80.0
metalization,NSGA2,2,30,0.7286703172148624,0.6999640208677554,,80.0
metalization,NSGA2,2,31,0.7286703172148624,0.6998550984040912,,80.0
metalization,NSGA2,2,32,0.7286703172148624,0.6995453494076899,,80.0
metalization,NSGA2,2,33,0.7286703172148624,0.6959179050540895,,80.0
metalization,NSGA2,2,34,0.7286703172148624,0.6972220094727517,,80.0
metalization,NSGA2,2,35,0.7286703172148624,0.6933188144480946,,80.0
metalization,NSGA2,2,36,0.7286703172148624,0.6854702148264706,,80.0
metalization,NSGA2,2,37,0.7286703172148624,0.6811900227790787,,80.0
metalization,NSGA2,2,38,0.7286703172148624,0.6776670966789107,,80.0
metalization,NSGA2,2,39,0.7286703172148624,0.6773793716223849,,80.0
metalization,NSGA2,2,40,0.7286703172148624,0.6778489125130831,,80.0
metalization,NSGA2,2,41,0.7286703172148624,0.6778325339173821,,80.0
metalization,NSGA2,2,42,0.7286703172148624,0.6745499691940052,,80.0
metalization,NSGA2,2,43,0.7286703172148624,0.6755475965180204,,80.0
metalization,NSGA2,2,44,0.7286703172148624,0.6826948436321757,,80.0
metalization,NSGA2,2,45,0.7286703172148624,0.6868838815076879,,80.0
metalization,NSGA2,2,46,0.7286703172148624,0.6824947669966315,,80.0
metalization,NSGA2,2,47,0.7286703172148624,0.6781056524855753,,80.0
metalization,NSGA2,2,48,0.7286703172148624,0.6784997780012041,,80.0
metalization,NSGA2,2,49,0.7286703172148624,0.6794974053252193,,80.0
metalization,NSGA2,2,50,0.7286703172148624,0.6798605457568144,,80.0
metalization,NSGA2,2,51,0.7286703172148624,0.6790107359416272,,80.0
metalization,NSGA2,2,52,0.7286703172148624,0.6785770755819442,,80.0
metalization,NSGA2,2,53,0.7286703172148624,0.674981256111268,,80.0
metalization,NSGA2,2,54,0.7286703172148624,0.6747245161387758,,80.0
metalization,NSGA2,2,55,0.7286703172148624,0.6753223726029878,,80.0
metalization,NSGA2,2,56,0.7286703172148624,0.6682669194596029,,80.0
metalization,NSGA2,2,57,0.7286703172148624,0.664404009176193,,80.0
metalization,NSGA2,2,58,0.7286703172148624,0.6604888397660668,,80.0
metalization,NSGA2,2,59,0.7286703172148624,0.6565541684206264,,80.0
metalization,NSGA2,2,60,0.7286703172148624,0.6679943318648356,,80.0
metalization,NSGA2,2,61,0.7286703172148624,0.6674889104431221,,80.0
metalization,NSGA2,2,62,0.7286703172148624,0.6637160220231142,,80.0
metalization,NSGA2,2,63,0.7286703172148624,0.6671811524778565,,80.0
metalization,NSGA2,2,64,0.7286703172148624,0.6666343140064181,,80.0
metalization,NSGA2,2,65,0.7286703172148624,0.6634581497421443,,80.0
metalization,NSGA2,2,66,0.7286703172148624,0.6680996000154609,,80.0
metalization,NSGA2,2,67,0.7286703172148624,0.6676495610600769,,80.0
metalization,NSGA2,2,68,0.7286703172148624,0.6588605987864378,,80.0
metalization,NSGA2,2,69,0.7286703172148624,0.6624704234103946,,80.0
metalization,NSGA2,2,70,0.7286703172148624,0.6551618846075566,,80.0
metalization,NSGA2,2,71,0.7286703172148624,0.651465161459811,,80.0
metalization,NSGA2,2,72,0.7286703172148624,0.6629990010804612,,80.0
metalization,NSGA2,2,73,0.7286703172148624,0.6671847670542193,,80.0
metalization,NSGA2,2,74,0.7286703172148624,0.6714443248578194,,80.0
metalization,NSGA2,2,75,0.7286703172148624,0.6705064842103654,,80.0
metalization,NSGA2,2,76,0.7286703172148624,0.6699802799827191,,80.0
metalization,NSGA2,2,77,0.7286703172148624,0.6697630748542812,,80.0
metalization,NSGA2,2,78,0.7286703172148624,0.6734087800092532,,80.0
metalization,NSGA2,2,79,0.7286703172148624,0.6742055808005314,,80.0
metalization,NSGA2,2,80,0.7286703172148624,0.6822567790622607,,80.0
metalization,NSGA2,2,81,0.7286703172148624,0.6823254167846778,,80.0
metalization,NSGA2,2,82,0.7286703172148624,0.6781937921433067,,80.0
metalization,NSGA2,2,83,0.7286703172148624,0.6786274525029896,,80.0
metalization,NSGA2,2,84,0.7286703172148624,0.6829228908376048,,80.0
metalization,NSGA2,2,85,0.7286703172148624,0.6829770321699916,,80.0
metalization,NSGA2,2,86,0.7286703172148624,0.6795855449829507,,80.0
metalization,NSGA2,2,87,0.7286703172148624,0.6756300908315774,,80.0
metalization,NSGA2,2,88,0.7286703172148624,0.6756464694272784,,80.0
metalization,NSGA2,2,89,0.7286703172148624,0.6754292642988403,,80.0
metalization,NSGA2,2,90,0.7286703172148624,0.6748533229490391,,80.0
metalization,NSGA2,2,91,0.7286703172148624,0.6710086734670009,,80.0
metalization,NSGA2,2,92,0.7286703172148624,0.6714849920103513,,80.0
metalization,NSGA2,2,93,0.7286703172148624,0.6790629950683433,,80.0
metalization,NSGA2,2,94,0.7286703172148624,0.6790629950683432,,80.0
metalization,NSGA2,2,95,0.7286703172148624,0.6786457133043613,,80.0
metalization,NSGA2,2,96,0.7286703172148624,0.6828314792781194,,80.0
metalization,NSGA2,2,97,0.7286703172148624,0.6834823447662404,,80.0
metalization,NSGA2,2,98,0.7286703172148624,0.6788226336915522,,80.0
metalization,NSGA2,2,99,0.7286703172148624,0.6864779343302843,,80.0
metalization,NSGA2,2,100,0.7286703172148624,0.6861920914794292,,80.0
metalization,NSGA2,2,101,0.7286703172148624,0.6860674302189544,,80.0
metalization,NSGA2,2,102,0.7286703172148624,0.6861379501470424,,80.0
metalization,NSGA2,2,103,0.7286703172148624,0.6820578347351944,,80.0
metalization,NSGA2,2,104,0.7286703172148624,0.6816405529712124,,80.0
metalization,NSGA2,2,105,0.7286703172148624,0.6777612640921014,,80.0
metalization,NSGA2,2,106,0.7286703172148624,0.6739524951410782,,80.0
metalization,NSGA2,2,107,0.7286703172148624,0.6666275777425394,,80.0
metalization,NSGA2,2,108,0.7286703172148624,0.6629277312551805,,80.0
metalization,NSGA2,2,109,0.7286703172148624,0.6673873656943247,,80.0
metalization,NSGA2,2,110,0.7286703172148624,0.6672414303911675,,80.0
metalization,NSGA2,2,111,0.7286703172148624,0.666838005218325,,80.0
metalization,NSGA2,2,112,0.7286703172148624,0.6779194324411709,,80.0
metalization,NSGA2,2,113,0.7286703172148624,0.6780780920269901,,80.0
metalization,NSGA2,2,114,0.7286703172148624,0.6781303511537062,,80.0
metalization,NSGA2,2,115,0.7286703172148624,0.6826269984323433,,80.0
metalization,NSGA2,2,116,0.7286703172148624,0.6825042193775394,,80.0
metalization,NSGA2,2,117,0.7286703172148624,0.6798725201422835,,80.0
metalization,NSGA2,2,118,0.7286703172148624,0.6797769617601717,,80.0
metalization,NSGA2,2,119,0.7286703172148624,0.680123723596066,,80.0
metalization,NSGA2,2,120,0.730437998307158,0.6741294847133317,,80.0
metalization,NSGA2,2,121,0.730437998307158,0.6702829530256226,,80.0
metalization,NSGA2,2,122,0.730437998307158,0.6666372478706506,,80.0
metalization,NSGA2,2,123,0.730437998307158,0.6779546322600557,,80.0
metalization,NSGA2,2,124,0.730437998307158,0.6783882926197387,,80.0
metalization,NSGA2,2,125,0.730437998307158,0.6751057278963618,,80.0
metalization,NSGA2,2,126,0.730437998307158,0.675305804531906,,80.0
metalization,NSGA2,2,127,0.730437998307158,0.6757772276282747,,80.0
metalization,NSGA2,2,128,0.730437998307158,0.6721849139084967,,80.0
metalization,NSGA2,2,129,0.730437998307158,0.6716750882765513,,80.0
metalization,NSGA2,2,130,0.730437998307158,0.6790000056750903,,80.0
metalization,NSGA2,2,131,0.730437998307158,0.6782786202588815,,80.0
metalization,NSGA2,2,132,0.730437998307158,0.6825046709738867,,80.0
metalization,NSGA2,2,133,0.730437998307158,0.6823045943383426,,80.0
metalization,NSGA2,2,134,0.730437998307158,0.6819578325024483,,80.0
metalization,NSGA2,2,135,0.730437998307158,0.6779318584229873,,80.0
metalization,NSGA2,2,136,0.730437998307158,0.6820283524305362,,80.0
metalization,NSGA2,2,137,0.730437998307158,0.6820276025333433,,80.0
metalization,NSGA2,2,138,0.730437998307158,0.6854362182132783,,80.0
metalization,NSGA2,2,139,0.730437998307158,0.6892613657600025,,80.0
metalization,NSGA2,2,140,0.730437998307158,0.6858157372405744,,80.0
metalization,NSGA2,2,141,0.730437998307158,0.6860493209647134,,80.0
metalization,NSGA2,2,142,0.730437998307158,0.6858157372405744,,80.0
metalization,NSGA2,2,143,0.730437998307158,0.6818648681986762,,80.0
metalization,NSGA2,2,144,0.730437998307158,0.6816312844745372,,80.0
metalization,NSGA2,2,145,0.730437998307158,0.678076733491445,,80.0
metalization,NSGA2,2,146,0.730437998307158,0.6781472534195327,,80.0
metalization,NSGA2,2,147,0.730437998307158,0.6778431497673061,,80.0
metalization,NSGA2,2,148,0.730437998307158,0.6771759056834841,,80.0
metalization,NSGA2,2,149,0.730437998307158,0.674239042561302,,80.0
metalization,NSGA2,2,150,0.730437998307158,0.674656324325284,,80.0
metalization,NSGA2,2,151,0.730437998307158,0.6747233385024736,,80.0
metalization,NSGA2,2,152,0.730437998307158,0.6750864789340689,,80.0
metalization,NSGA2,2,153,0.730437998307158,0.6794574047175317,,80.0
metalization,NSGA2,2,154,0.730437998307158,0.6792074423976918,,80.0
metalization,NSGA2,2,155,0.730437998307158,0.6796438777349574,,80.0
metalization,NSGA2,2,156,0.730437998307158,0.6796274991392564,,80.0
metalization,NSGA2,2,157,0.730437998307158,0.6791767102866795,,80.0
metalization,NSGA2,2,158,0.730437998307158,0.6755096209907225,,80.0
metalization,NSGA2,2,159,0.730437998307158,0.6752254208089721,,80.0
metalization,NSGA2,2,160,0.730437998307158,0.675283397353641,,80.0
metalization,NSGA2,2,161,0.730437998307158,0.6786421273492802,,80.0
metalization,NSGA2,2,162,0.730437998307158,0.6788585825805252,,80.0
metalization,NSGA2,2,163,0.730437998307158,0.6866046169553283,,80.0
metalization,NSGA2,2,164,0.730437998307158,0.682616405612553,,80.0
metalization,NSGA2,2,165,0.730437998307158,0.6795011603333183,,80.0
metalization,NSGA2,2,166,0.730437998307158,0.675766746522665,,80.0
metalization,NSGA2,2,167,0.730437998307158,0.6788663631033917,,80.0
metalization,NSGA2,2,168,0.730437998307158,0.6788663631033917,,80.0
metalization,NSGA2,2,169,0.730437998307158,0.6754787111286324,,80.0
metalization,NSGA2,2,170,0.730437998307158,0.6792864198449562,,80.0
metalization,NSGA2,2,171,0.730437998307158,0.6793027984406571,,80.0
metalization,NSGA2,2,172,0.730437998307158,0.6755694448647034,,80.0
metalization,NSGA2,2,173,0.730437998307158,0.6758610051335111,,80.0
metalization,NSGA2,2,174,0.730437998307158,0.6749493114875948,,80.0
metalization,NSGA2,2,175,0.730437998307158,0.6793618352200255,,80.0
metalization,NSGA2,2,176,0.730437998307158,0.6759497137891926,,80.0
metalization,NSGA2,2,177,0.730437998307158,0.6717236630741873,,80.0
metalization,NSGA2,2,178,0.730437998307158,0.6725574767049585,,80.0
metalization,NSGA2,2,179,0.730437998307158,0.6722659164361506,,80.0
metalization,NSGA2,2,180,0.730437998307158,0.6761452053152616,,80.0
metalization,NSGA2,2,181,0.730437998307158,0.6759451286797175,,80.0
metalization,NSGA2,2,182,0.730437998307158,0.6795203139066016,,80.0
metalization,NSGA2,2,183,0.730437998307158,0.6757115449555785,,80.0
metalization,NSGA2,2,184,0.730437998307158,0.6795164786943196,,80.0
metalization,NSGA2,2,185,0.730437998307158,0.6754943398271406,,80.0
metalization,NSGA2,2,186,0.730437998307158,0.6757995037140669,,80.0
metalization,NSGA2,2,187,0.730437998307158,0.675783125118366,,80.0
metalization,NSGA2,2,188,0.730437998307158,0.6721374199633939,,80.0
metalization,NSGA2,2,189,0.730437998307158,0.668200154539614,,80.0
metalization,NSGA2,2,190,0.730437998307158,0.6684725612351384,,80.0
metalization,NSGA2,2,191,0.730437998307158,0.6681673973482122,,80.0
metalization,NSGA2,2,192,0.730437998307158,0.6671331776205129,,80.0
metalization,NSGA2,2,193,0.730437998307158,0.6669152225948821,,80.0
metalization,NSGA2,2,194,0.730437998307158,0.674911219289525,,80.0
metalization,NSGA2,2,195,0.730437998307158,0.675783125118366,,80.0
metalization,NSGA2,2,196,0.730437998307158,0.6715406958076598,,80.0
metalization,NSGA2,2,197,0.730437998307158,0.6676777855242498,,80.0
metalization,NSGA2,2,198,0.730437998307158,0.663777862401347,,80.0
metalization,NSGA2,2,199,0.730437998307158,0.6638320037337337,,80.0
metalization,NSGA2,2,200,0.730437998307158,0.6608780121186577,,80.0
metalization,NSGA2,3,0,0.6929616319510058,0.48630736124419593,,5.0
metalization,NSGA2,3,1,0.7029967516845591,0.5458564905378862,,4.0
metalization,NSGA2,3,2,0.7029967516845591,0.6016248906062364,,5.0
metalization,NSGA2,3,3,0.7054256280293963,0.6229253067786032,,4.0
metalization,NSGA2,3,4,0.7054256280293963,0.6366626387301839,,5.0
metalization,NSGA2,3,5,0.7071188485415862,0.656957948271714,,4.0
metalization,NSGA2,3,6,0.7208532452893033,0.6688513214337553,,2.0
metalization,NSGA2,3,7,0.7208532452893033,0.6900360354052791,,2.0
metalization,NSGA2,3,8,0.7208532452893033,0.704117292138845,,4.0
metalization,NSGA2,3,9,0.7208532452893033,0.7078145395613102,,5.0
metalization,NSGA2,3,10,0.7215423938605536,0.7114977311562009,,2.0
metalization,NSGA2,3,11,0.7245624684186497,0.7147704715424806,,4.0
metalization,NSGA2,3,12,0.7274697469558582,0.7153614517572982,,4.0
metalization,NSGA2,3,13,0.7281987418745315,0.7167615633221034,,2.0
metalization,NSGA2,3,14,0.7281987418745315,0.7134951541953585,,4.0
metalization,NSGA2,3,15,0.7281987418745315,0.7070319236654093,,7.0
metalization,NSGA2,3,16,0.7281987418745315,0.6990047144384361,,13.0
metalization,NSGA2,3,17,0.7281987418745315,0.6795494697791808,,19.0
metalization,NSGA2,3,18,0.7281987418745315,0.6611645265780789,,28.0
metalization,NSGA2,3,19,0.7281987418745315,0.6850944571868569,,44.0
metalization,NSGA2,3,20,0.7281987418745315,0.7064134292875083,,67.0
metalization,NSGA2,3,21,0.7281987418745315,0.7177195174013117,,80.0
metalization,NSGA2,3,22,0.7281987418745315,0.7172021688393618,,80.0
metalization,NSGA2,3,23,0.7281987418745315,0.715759329244556,,80.0
metalization,NSGA2,3,24,0.7281987418745315,0.7152460504544659,,80.0
metalization,NSGA2,3,25,0.7281987418745315,0.7146167598890637,,80.0
metalization,NSGA2,3,26,0.7281987418745315,0.714219062598749,,80.0
metalization,NSGA2,3,27,0.7281987418745315,0.7138213653084342,,80.0
metalization,NSGA2,3,28,0.7281987418745315,0.7126173764649415,,80.0
metalization,NSGA2,3,29,0.7281987418745315,0.7140123485557954,,80.0
metalization,NSGA2,3,30,0.7281987418745315,0.7144173033223359,,80.0
metalization,NSGA2,3,31,0.7281987418745315,0.7141388055116991,,80.0
metalization,NSGA2,3,32,0.7281987418745315,0.713509514946297,,80.0
metalization,NSGA2,3,33,0.7281987418745315,0.7101251876517575,,80.0
metalization,NSGA2,3,34,0.7281987418745315,0.7093875730628055,,80.0
metalization,NSGA2,3,35,0.7281987418745315,0.7092214690475782,,80.0
metalization,NSGA2,3,36,0.7281987418745315,0.7085849210059504,,80.0
metalization,NSGA2,3,37,0.7281987418745315,0.7083104929671735,,80.0
metalization,NSGA2,3,38,0.7281987418745315,0.7085452739466269,,80.0
metalization,NSGA2,3,39,0.7281987418745315,0.7087727974498548,,80.0
metalization,NSGA2,3,40,0.7281987418745315,0.7089429712369416,,80.0
metalization,NSGA2,3,41,0.7281987418745315,0.7083605852070887,,80.0
metalization,NSGA2,3,42,0.7281987418745315,0.7050304199243239,,80.0
metalization,NSGA2,3,43,0.7281987418745315,0.7041121863676935,,80.0
metalization,NSGA2,3,44,0.7281987418745315,0.7035916501013778,,80.0
metalization,NSGA2,3,45,0.7281987418745315,0.701187406127006,,80.0
metalization,NSGA2,3,46,0.7281987418745315,0.7017079423933218,,80.0
metalization,NSGA2,3,47,0.7281987418745315,0.6977958213562407,,80.0
metalization,NSGA2,3,48,0.7281987418745315,0.6938404352799337,,80.0
metalization,NSGA2,3,49,0.7281987418745315,0.6943682290224752,,80.0
metalization,NSGA2,3,50,0.7281987418745315,0.6916277072457891,,80.0
metalization,NSGA2,3,51,0.7281987418745315,0.6846315291534824,,80.0
metalization,NSGA2,3,52,0.7281987418745315,0.6844071933546207,,80.0
metalization,NSGA2,3,53,0.7281987418745315,0.6803248985304526,,80.0
metalization,NSGA2,3,54,0.7281987418745315,0.6773310110500022,,80.0
metalization,NSGA2,3,55,0.7281987418745315,0.6772149992746901,,80.0
metalization,NSGA2,3,56,0.7281987418745315,0.6808810120842322,,80.0
metalization,NSGA2,3,57,0.7281987418745315,0.6846743639171718,,80.0
metalization,NSGA2,3,58,0.7281987418745315,0.6811599401704056,,80.0
metalization,NSGA2,3,59,0.7281987418745315,0.68459842947672,,80.0
metalization,NSGA2,3,60,0.7281987418745315,0.6812109144778145,,80.0
metalization,NSGA2,3,61,0.7281987418745315,0.6812723339658151,,80.0
metalization,NSGA2,3,62,0.7281987418745315,0.6808746366755003,,80.0
metalization,NSGA2,3,63,0.7281987418745315,0.6765720758243303,,80.0
metalization,NSGA2,3,64,0.7281987418745315,0.6759395975545621,,80.0
metalization,NSGA2,3,65,0.7281987418745315,0.6757621662912495,,80.0
metalization,NSGA2,3,66,0.7281987418745315,0.679594283116019,,80.0
metalization,NSGA2,3,67,0.7281987418745315,0.6832247186380972,,80.0
metalization,NSGA2,3,68,0.7281987418745315,0.6867137304598634,,80.0
metalization,NSGA2,3,69,0.7281987418745315,0.6830477176503214,,80.0
metalization,NSGA2,3,70,0.7281987418745315,0.6789153305862383,,80.0
metalization,NSGA2,3,71,0.7281987418745315,0.678683737311151,,80.0
metalization,NSGA2,3,72,0.7281987418745315,0.674894455250071,,80.0
metalization,NSGA2,3,73,0.7281987418745315,0.670591894398901,,80.0
metalization,NSGA2,3,74,0.7281987418745315,0.669955346357273,,80.0
metalization,NSGA2,3,75,0.7281987418745315,0.6661232295325038,,80.0
metalization,NSGA2,3,76,0.7281987418745315,0.6674536753319004,,80.0
metalization,NSGA2,3,77,0.7281987418745315,0.6676125218709019,,80.0
metalization,NSGA2,3,78,0.7281987418745315,0.6642241248045027,,80.0
metalization,NSGA2,3,79,0.7281987418745315,0.6691664214016665,,80.0
metalization,NSGA2,3,80,0.7281987418745315,0.6691591639254408,,80.0
metalization,NSGA2,3,81,0.7281987418745315,0.6723046404686672,,80.0
metalization,NSGA2,3,82,0.7281987418745315,0.6724351671964306,,80.0
metalization,NSGA2,3,83,0.7281987418745315,0.6723810051846557,,80.0
metalization,NSGA2,3,84,0.7281987418745315,0.6797320458035878,,80.0
metalization,NSGA2,3,85,0.7281987418745315,0.6802525820699035,,80.0
metalization,NSGA2,3,86,0.7281987418745315,0.6769224167871388,,80.0
metalization,NSGA2,3,87,0.7281987418745315,0.6734875669771474,,80.0
metalization,NSGA2,3,88,0.7281987418745315,0.6694521766885287,,80.0
metalization,NSGA2,3,89,0.7281987418745315,0.6726590727197557,,80.0
metalization,NSGA2,3,90,0.7281987418745315,0.6801143675903777,,80.0
metalization,NSGA2,3,91,0.7281987418745315,0.6807008233920904,,80.0
metalization,NSGA2,3,92,0.7281987418745315,0.6767381798395575,,80.0
metalization,NSGA2,3,93,0.7281987418745315,0.6767995993275582,,80.0
metalization,NSGA2,3,94,0.7281987418745315,0.6722727026775264,,80.0
metalization,NSGA2,3,95,0.7281987418745315,0.6680097888856797,,80.0
metalization,NSGA2,3,96,0.7281987418745315,0.6680170463619055,,80.0
metalization,NSGA2,3,97,0.7281987418745315,0.6641121828010503,,80.0
metalization,NSGA2,3,98,0.7281987418745315,0.6681831503771327,,80.0
metalization,NSGA2,3,99,0.7281987418745315,0.6720265944499875,,80.0
metalization,NSGA2,3,100,0.7281987418745315,0.6684147436522203,,80.0
metalization,NSGA2,3,101,0.7281987418745315,0.6684074861759945,,80.0
metalization,NSGA2,3,102,0.7281987418745315,0.665023158881455,,80.0
metalization,NSGA2,3,103,0.7281987418745315,0.6650159014052294,,80.0
metalization,NSGA2,3,104,0.7281987418745315,0.6615701546226893,,80.0
metalization,NSGA2,3,105,0.7281987418745315,0.665193332668542,,80.0
metalization,NSGA2,3,106,0.7281987418745315,0.6722436727726236,,80.0
metalization,NSGA2,3,107,0.7281987418745315,0.6716834894469844,,80.0
metalization,NSGA2,3,108,0.7281987418745315,0.6644484606033645,,80.0
metalization,NSGA2,3,109,0.7281987418745315,0.6610713907850506,,80.0
metalization,NSGA2,3,110,0.7281987418745315,0.6677931408385804,,80.0
metalization,NSGA2,3,111,0.7281987418745315,0.6675615475634931,,80.0
metalization,NSGA2,3,112,0.7281987418745315,0.66773172135058,,80.0
metalization,NSGA2,3,113,0.7281987418745315,0.6677357911224396,,80.0
metalization,NSGA2,3,114,0.7281987418745315,0.6641239403246724,,80.0
metalization,NSGA2,3,115,0.7281987418745315,0.663892347049585,,80.0
metalization,NSGA2,3,116,0.7281987418745315,0.664112613076587,,80.0
metalization,NSGA2,3,117,0.7281987418745315,0.6600303182524192,,80.0
metalization,NSGA2,3,118,0.7281987418745315,0.664578987331128,,80.0
metalization,NSGA2,3,119,0.7281987418745315,0.6682053530813465,,80.0
metalization,NSGA2,3,120,0.7281987418745315,0.668607120143521,,80.0
metalization,NSGA2,3,121,0.7281987418745315,0.6652187230771218,,80.0
metalization,NSGA2,3,122,0.7281987418745315,0.669589960892518,,80.0
metalization,NSGA2,3,123,0.7281987418745315,0.666267053085979,,80.0
metalization,NSGA2,3,124,0.7281987418745315,0.666209703369838,,80.0
metalization,NSGA2,3,125,0.7281987418745315,0.6696296079518415,,80.0
metalization,NSGA2,3,126,0.7281987418745315,0.6698612012269288,,80.0
metalization,NSGA2,3,127,0.7281987418745315,0.6701970487537064,,80.0
metalization,NSGA2,3,128,0.7281987418745315,0.6739863308147862,,80.0
metalization,NSGA2,3,129,0.7281987418745315,0.6689858024339879,,80.0
metalization,NSGA2,3,130,0.7281987418745315,0.6689858024339879,,80.0
metalization,NSGA2,3,131,0.7281987418745315,0.6655441254233075,,80.0
metalization,NSGA2,3,132,0.7281987418745315,0.6615345773352257,,80.0
metalization,NSGA2,3,133,0.7281987418745315,0.6543068059678314,,80.0
metalization,NSGA2,3,134,0.7281987418745315,0.6577525527503714,,80.0
metalization,NSGA2,3,135,0.7281987418745315,0.6546030064352852,,80.0
metalization,NSGA2,3,136,0.7281987418745315,0.6696982849160676,,80.0
metalization,NSGA2,3,137,0.7281987418745315,0.6690658066462996,,80.0
metalization,NSGA2,3,138,0.7281987418745315,0.6690585491700738,,80.0
metalization,NSGA2,3,139,0.7281987418745315,0.673252785997694,,80.0
metalization,NSGA2,3,140,0.7281987418745315,0.669517665948389,,80.0
metalization,NSGA2,3,141,0.7281987418745315,0.6695104084721633,,80.0
metalization,NSGA2,3,142,0.7281987418745315,0.6661333386538495,,80.0
metalization,NSGA2,3,143,0.7281987418745315,0.665851653138847,,80.0
metalization,NSGA2,3,144,0.7281987418745315,0.6656855491236197,,80.0
metalization,NSGA2,3,145,0.7281987418745315,0.665385278884306,,80.0
metalization,NSGA2,3,146,0.7281987418745315,0.6653925363605318,,80.0
metalization,NSGA2,3,147,0.7281987418745315,0.6611368800449109,,80.0
metalization,NSGA2,3,148,0.7281987418745315,0.6575137019990583,,80.0
metalization,NSGA2,3,149,0.7281987418745315,0.6610212985451355,,80.0
metalization,NSGA2,3,150,0.7281987418745315,0.6644484606033645,,80.0
metalization,NSGA2,3,151,0.7281987418745315,0.661064133308825,,80.0
metalization,NSGA2,3,152,0.7281987418745315,0.657227946712196,,80.0
metalization,NSGA2,3,153,0.7281987418745315,0.6610786482612763,,80.0
metalization,NSGA2,3,154,0.7281987418745315,0.6643546515322661,,80.0
metalization,NSGA2,3,155,0.7281987418745315,0.6647709335468919,,80.0
metalization,NSGA2,3,156,0.7281987418745315,0.6571382074129574,,80.0
metalization,NSGA2,3,157,0.7281987418745315,0.6535805186269649,,80.0
metalization,NSGA2,3,158,0.7281987418745315,0.6531068868961982,,80.0
metalization,NSGA2,3,159,0.7281987418745315,0.6672580896198134,,80.0
metalization,NSGA2,3,160,0.7281987418745315,0.6719728627137493,,80.0
metalization,NSGA2,3,161,0.7281987418745315,0.6722076436932027,,80.0
metalization,NSGA2,3,162,0.7281987418745315,0.6687691543868884,,80.0
metalization,NSGA2,3,163,0.7281987418745315,0.6692824331769787,,80.0
metalization,NSGA2,3,164,0.7281987418745315,0.6701465047218342,,80.0
metalization,NSGA2,3,165,0.7281987418745315,0.6735380894925994,,80.0
metalization,NSGA2,3,166,0.7281987418745315,0.6769224167871389,,80.0
metalization,NSGA2,3,167,0.7281987418745315,0.6762099343050592,,80.0
metalization,NSGA2,3,168,0.7281987418745315,0.6799301091263761,,80.0
metalization,NSGA2,3,169,0.7281987418745315,0.6794168303362861,,80.0
metalization,NSGA2,3,170,0.7281987418745315,0.6757435600505183,,80.0
metalization,NSGA2,3,171,0.7281987418745315,0.6762099343050592,,80.0
metalization,NSGA2,3,172,0.7281987418745315,0.6762713537930598,,80.0
metalization,NSGA2,3,173,0.7281987418745315,0.669514026452066,,80.0
metalization,NSGA2,3,174,0.7281987418745315,0.668418361632123,,80.0
metalization,NSGA2,3,175,0.7281987418745315,0.6643433242841807,,80.0
metalization,NSGA2,3,176,0.7281987418745315,0.6677235818068605,,80.0
metalization,NSGA2,3,177,0.7281987418745315,0.6641117310090933,,80.0
metalization,NSGA2,3,178,0.7281987418745315,0.6643392545123211,,80.0
metalization,NSGA2,3,179,0.7281987418745315,0.6639342997457807,,80.0
metalization,NSGA2,3,180,0.7281987418745315,0.6603652837117029,,80.0
metalization,NSGA2,3,181,0.7281987418745315,0.6602966067474767,,80.0
metalization,NSGA2,3,182,0.7281987418745315,0.6641400508203315,,80.0
metalization,NSGA2,3,183,0.7281987418745315,0.6646646568585068,,80.0
metalization,NSGA2,3,184,0.7281987418745315,0.6653084623763604,,80.0
metalization,NSGA2,3,185,0.7281987418745315,0.6648420881218196,,80.0
metalization,NSGA2,3,186,0.7281987418745315,0.6646218220948172,,80.0
metalization,NSGA2,3,187,0.7281987418745315,0.6607355432582732,,80.0
metalization,NSGA2,3,188,0.7281987418745315,0.6605653694711862,,80.0
metalization,NSGA2,3,189,0.7281987418745315,0.6637650080261874,,80.0
metalization,NSGA2,3,190,0.7281987418745315,0.6673768588239547,,80.0
metalization,NSGA2,3,191,0.7281987418745315,0.6637722655024131,,80.0
metalization,NSGA2,3,192,0.7281987418745315,0.6605467847468752,,80.0
metalization,NSGA2,3,193,0.7281987418745315,0.6600989952166453,,80.0
metalization,NSGA2,3,194,0.7281987418745315,0.6633527957834214,,80.0
metalization,NSGA2,3,195,0.7281987418745315,0.6707652558903539,,80.0
metalization,NSGA2,3,196,0.7281987418745315,0.6673267665840396,,80.0
metalization,NSGA2,3,197,0.7281987418745315,0.6712203028968095,,80.0
metalization,NSGA2,3,198,0.7281987418745315,0.6752840129966662,,80.0
metalization,NSGA2,3,199,0.7281987418745315,0.6784836515516675,,80.0
metalization,NSGA2,3,200,0.7281987418745315,0.6819221408579818,,80.0
metalization,NSGA2,4,0,0.6946468145995935,0.5308547001836834,,4.0
metalization,NSGA2,4,1,0.6946468145995935,0.6045240138949187,,4.0
metalization,NSGA2,4,2,0.6957845964729322,0.6385660797819698,,8.0
metalization,NSGA2,4,3,0.7025105836393122,0.6333015806274741,,8.0
metalization,NSGA2,4,4,0.7025105836393122,0.6551992366690753,,4.0
metalization,NSGA2,4,5,0.7112447006697353,0.6645839199287616,,5.0
metalization,NSGA2,4,6,0.7137860914059642,0.6564138639344028,,6.0
metalization,NSGA2,4,7,0.7137860914059642,0.6654529660616559,,4.0
metalization,NSGA2,4,8,0.7137860914059642,0.6645330779412937,,5.0
metalization,NSGA2,4,9,0.7219251455362379,0.6388866642373908,,4.0
metalization,NSGA2,4,10,0.7219251455362379,0.6513029927013445,,5.0
metalization,NSGA2,4,11,0.7219251455362379,0.6550991749711358,,6.0
metalization,NSGA2,4,12,0.7219251455362379,0.6882243837209254,,5.0
metalization,NSGA2,4,13,0.7253140696094522,0.698190065805845,,3.0
metalization,NSGA2,4,14,0.7253140696094522,0.7025449691854346,,3.0
metalization,NSGA2,4,15,0.7253140696094522,0.7016839565333852,,7.0
metalization,NSGA2,4,16,0.7256935348164808,0.6988271591187243,,10.0
metalization,NSGA2,4,17,0.7256935348164808,0.6928855467384057,,16.0
metalization,NSGA2,4,18,0.7256935348164808,0.7079850209043804,,28.0
metalization,NSGA2,4,19,0.7256935348164808,0.7132139358099142,,49.0
metalization,NSGA2,4,20,0.7256935348164808,0.7145805799937133,,63.0
metalization,NSGA2,4,21,0.7256935348164808,0.715702399037576,,80.0
metalization,NSGA2,4,22,0.7256935348164808,0.7134634541653625,,80.0
metalization,NSGA2,4,23,0.7256935348164808,0.7136153455644733,,80.0
metalization,NSGA2,4,24,0.7256935348164808,0.7136257892229846,,80.0
metalization,NSGA2,4,25,0.7256935348164808,0.7134223242713651,,80.0
metalization,NSGA2,4,26,0.7256935348164808,0.7134223242713651,,80.0
metalization,NSGA2,4,27,0.7256935348164808,0.7111719787123043,,80.0
metalization,NSGA2,4,28,0.7256935348164808,0.711140488243597,,80.0
metalization,NSGA2,4,29,0.7256935348164808,0.7088021825531176,,80.0
metalization,NSGA2,4,30,0.7256935348164808,0.7088594564490502,,80.0
metalization,NSGA2,4,31,0.7256935348164808,0.7064113462817934,,80.0
metalization,NSGA2,4,32,0.7256935348164808,0.703973679773048,,80.0
metalization,NSGA2,4,33,0.7256935348164808,0.7065784246545033,,80.0
metalization,NSGA2,4,34,0.7256935348164808,0.7065831679695911,,80.0
metalization,NSGA2,4,35,0.7256935348164808,0.7038838055849579,,80.0
metalization,NSGA2,4,36,0.7256935348164808,0.7041388440890864,,80.0
metalization,NSGA2,4,37,0.7256935348164808,0.7042382049073523,,80.0
metalization,NSGA2,4,38,0.7256935348164808,0.7042859921731093,,80.0
metalization,NSGA2,4,39,0.7256935348164808,0.7042964358316207,,80.0
metalization,NSGA2,4,40,0.7256935348164808,0.704338522753954,,80.0
metalization,NSGA2,4,41,0.7256935348164808,0.704239161935688,,80.0
metalization,NSGA2,4,42,0.7256935348164808,0.7040978669902034,,80.0
metalization,NSGA2,4,43,0.7256935348164808,0.7039565720447187,,80.0
metalization,NSGA2,4,44,0.7256935348164808,0.720947692651457,,80.0
metalization,NSGA2,4,45,0.7256935348164808,0.7201706004223427,,80.0
metalization,NSGA2,4,46,0.7256935348164808,0.7199777319243491,,80.0
metalization,NSGA2,4,47,0.7256935348164808,0.7198376289085987,,80.0
metalization,NSGA2,4,48,0.7256935348164808,0.7200925146176129,,80.0
metalization,NSGA2,4,49,0.7256935348164808,0.7192897917563879,,80.0
metalization,NSGA2,4,50,0.7256935348164808,0.7187895890748193,,80.0
metalization,NSGA2,4,51,0.7256935348164808,0.7186809765277762,,80.0
metalization,NSGA2,4,52,0.7256935348164808,0.718566428735911,,80.0
metalization,NSGA2,4,53,0.7256935348164808,0.718019548612036,,80.0
metalization,NSGA2,4,54,0.7256935348164808,0.7179833148282407,,80.0
metalization,NSGA2,4,55,0.7256935348164808,0.7175394290142691,,80.0
metalization,NSGA2,4,56,0.7256935348164808,0.7174460034408254,,80.0
metalization,NSGA2,4,57,0.7256935348164808,0.7173991732034042,,80.0
metalization,NSGA2,4,58,0.7256935348164808,0.7173944298883164,,80.0
metalization,NSGA2,4,59,0.7256935348164808,0.717092713941881,,80.0
metalization,NSGA2,4,60,0.7256935348164808,0.7164476649294743,,80.0
metalization,NSGA2,4,61,0.7256935348164808,0.7169945450533495,,80.0
metalization,NSGA2,4,62,0.7256935348164808,0.7167035076668242,,80.0
metalization,NSGA2,4,63,0.7256935348164808,0.7170577541941043,,80.0
metalization,NSGA2,4,64,0.7256935348164808,0.7166148254084683,,80.0
metalization,NSGA2,4,65,0.7256935348164808,0.7164115132519632,,80.0
metalization,NSGA2,4,66,0.7256935348164808,0.7160154147037485,,80.0
metalization,NSGA2,4,67,0.7266346261711838,0.7136110561900482,,80.0
metalization,NSGA2,4,68,0.7266346261711838,0.7097569149232539,,80.0
metalization,NSGA2,4,69,0.7266346261711838,0.7097581068529882,,80.0
metalization,NSGA2,4,70,0.7266346261711838,0.7066754395781686,,80.0
metalization,NSGA2,4,71,0.7266346261711838,0.7027595981080366,,80.0
metalization,NSGA2,4,72,0.7266346261711838,0.70002966842308,,80.0
metalization,NSGA2,4,73,0.7266346261711838,0.6998777770239694,,80.0
metalization,NSGA2,4,74,0.7266346261711838,0.6968614711612916,,80.0
metalization,NSGA2,4,75,0.7266346261711838,0.6971068702401301,,80.0
metalization,NSGA2,4,76,0.7266346261711838,0.6935334048076335,,80.0
metalization,NSGA2,4,77,0.7266346261711838,0.6968056240964918,,80.0
metalization,NSGA2,4,78,0.7266346261711838,0.689471525076929,,80.0
metalization,NSGA2,4,79,0.7266346261711838,0.6857520213838599,,80.0
metalization,NSGA2,4,80,0.7266346261711838,0.6812038519091678,,80.0
metalization,NSGA2,4,81,0.7266346261711838,0.6890030870148118,,80.0
metalization,NSGA2,4,82,0.7266346261711838,0.6848931851169516,,80.0
metalization,NSGA2,4,83,0.7266346261711838,0.6849400153543728,,80.0
metalization,NSGA2,4,84,0.7266346261711838,0.6820080475489296,,80.0
metalization,NSGA2,4,85,0.7266346261711838,0.6825080153290995,,80.0
metalization,NSGA2,4,86,0.7266346261711838,0.689988152609235,,80.0
metalization,NSGA2,4,87,0.7266346261711838,0.6899881526092351,,80.0
metalization,NSGA2,4,88,0.7266346261711838,0.6857475274780898,,80.0
metalization,NSGA2,4,89,0.7266346261711838,0.6783655590864859,,80.0
metalization,NSGA2,4,90,0.7266346261711838,0.6785584275844796,,80.0
metalization,NSGA2,4,91,0.7266346261711838,0.674505717476268,,80.0
metalization,NSGA2,4,92,0.7266346261711838,0.6780266523279197,,80.0
metalization,NSGA2,4,93,0.7266346261711838,0.6745525477136892,,80.0
metalization,NSGA2,4,94,0.7266346261711838,0.6670312805395562,,80.0
metalization,NSGA2,4,95,0.7266346261711838,0.6642500122034892,,80.0
metalization,NSGA2,4,96,0.7266346261711838,0.6675432468630585,,80.0
metalization,NSGA2,4,97,0.7266346261711838,0.6642163724391349,,80.0
metalization,NSGA2,4,98,0.7266346261711838,0.6641290101642012,,80.0
metalization,NSGA2,4,99,0.7266346261711838,0.66065941396366,,80.0
metalization,NSGA2,4,100,0.7266346261711838,0.6610555125118748,,80.0
metalization,NSGA2,4,101,0.7266346261711838,0.6535753752317393,,80.0
metalization,NSGA2,4,102,0.7266346261711838,0.6607740898092131,,80.0
metalization,NSGA2,4,103,0.7266346261711838,0.6607740898092133,,80.0
metalization,NSGA2,4,104,0.7266346261711838,0.6615650949759085,,80.0
metalization,NSGA2,4,105,0.7266346261711838,0.6578347846692415,,80.0
metalization,NSGA2,4,106,0.7266346261711838,0.6649701620522727,,80.0
metalization,NSGA2,4,107,0.7266346261711838,0.6649701620522727,,80.0
metalization,NSGA2,4,108,0.7266346261711838,0.668683965401918,,80.0
metalization,NSGA2,4,109,0.7266346261711838,0.6763325010381858,,80.0
metalization,NSGA2,4,110,0.7266346261711838,0.6759889330708158,,80.0
metalization,NSGA2,4,111,0.7266346261711838,0.6759119323481096,,80.0
metalization,NSGA2,4,112,0.7266346261711838,0.6753696427442077,,80.0
metalization,NSGA2,4,113,0.7266346261711838,0.6829011186754537,,80.0
metalization,NSGA2,4,114,0.7266346261711838,0.6786091548931978,,80.0
metalization,NSGA2,4,115,0.7266346261711838,0.675380449357806,,80.0
metalization,NSGA2,4,116,0.7266346261711838,0.6746572897992427,,80.0
metalization,NSGA2,4,117,0.7266346261711838,0.6779749946006733,,80.0
metalization,NSGA2,4,118,0.7266346261711838,0.6812623761217044,,80.0
metalization,NSGA2,4,119,0.7266346261711838,0.6778573090453401,,80.0
metalization,NSGA2,4,120,0.7266346261711838,0.674108674001606,,80.0
metalization,NSGA2,4,121,0.7266346261711838,0.6744054117315549,,80.0
metalization,NSGA2,4,122,0.7266346261711838,0.6680775464722406,,80.0
metalization,NSGA2,4,123,0.7266346261711838,0.6678156404363806,,80.0
metalization,NSGA2,4,124,0.7266346261711838,0.6708771395453746,,80.0
metalization,NSGA2,4,125,0.7266346261711838,0.6680490409718866,,80.0
metalization,NSGA2,4,126,0.7266346261711838,0.6683109470077467,,80.0
metalization,NSGA2,4,127,0.7266346261711838,0.6721754498267684,,80.0
metalization,NSGA2,4,128,0.7266346261711838,0.6722970179454796,,80.0
metalization,NSGA2,4,129,0.7266346261711838,0.6723438481829007,,80.0
metalization,NSGA2,4,130,0.7266346261711838,0.6719312426776642,,80.0
metalization,NSGA2,4,131,0.7266346261711838,0.6755982157898885,,80.0
metalization,NSGA2,4,132,0.7266346261711838,0.6751856102846521,,80.0
metalization,NSGA2,4,133,0.7266346261711838,0.6709599934066189,,80.0
metalization,NSGA2,4,134,0.7266346261711838,0.6710650545683085,,80.0
metalization,NSGA2,4,135,0.7266346261711838,0.6748947256932414,,80.0
metalization,NSGA2,4,136,0.7266346261711838,0.6741550591776566,,80.0
metalization,NSGA2,4,137,0.7266346261711838,0.6704834248566285,,80.0
metalization,NSGA2,4,138,0.7266346261711838,0.6671296964313749,,80.0
metalization,NSGA2,4,139,0.7266346261711838,0.6708013307524029,,80.0
metalization,NSGA2,4,140,0.7266346261711838,0.6745316410590699,,80.0
metalization,NSGA2,4,141,0.7266346261711838,0.6782637691457823,,80.0
metalization,NSGA2,4,142,0.7266346261711838,0.6784099602014695,,80.0
metalization,NSGA2,4,143,0.7266346261711838,0.6748016630748841,,80.0
metalization,NSGA2,4,144,0.7266346261711838,0.6745049253449353,,80.0
metalization,NSGA2,4,145,0.7266346261711838,0.6715307885108748,,80.0
metalization,NSGA2,4,146,0.7266346261711838,0.6714839582734536,,80.0
metalization,NSGA2,4,147,0.7266346261711838,0.6818435327781875,,80.0
metalization,NSGA2,4,148,0.7266346261711838,0.6785891651711997,,80.0
metalization,NSGA2,4,149,0.7266346261711838,0.6781765596659634,,80.0
metalization,NSGA2,4,150,0.7266346261711838,0.6743937187784517,,80.0
metalization,NSGA2,4,151,0.7266346261711838,0.6737882447752216,,80.0
metalization,NSGA2,4,152,0.7266346261711838,0.6742943579601857,,80.0
metalization,NSGA2,4,153,0.7266346261711838,0.670167949105304,,80.0
metalization,NSGA2,4,154,0.7266346261711838,0.6697353818718955,,80.0
metalization,NSGA2,4,155,0.7266346261711838,0.6671213199622266,,80.0
metalization,NSGA2,4,156,0.7266346261711838,0.6743035275826789,,80.0
metalization,NSGA2,4,157,0.7266346261711838,0.670902968920004,,80.0
metalization,NSGA2,4,158,0.7266346261711838,0.6671891655703587,,80.0
metalization,NSGA2,4,159,0.7266346261711838,0.670902968920004,,80.0
metalization,NSGA2,4,160,0.7266346261711838,0.6713469368402597,,80.0
metalization,NSGA2,4,161,0.7266346261711838,0.6679372085550918,,80.0
metalization,NSGA2,4,162,0.7266346261711838,0.6646663339910823,,80.0
metalization,NSGA2,4,163,0.7266346261711838,0.6647188645719271,,80.0
metalization,NSGA2,4,164,0.7266346261711838,0.6716705285715386,,80.0
metalization,NSGA2,4,165,0.7266346261711838,0.6785861689473269,,80.0
metalization,NSGA2,4,166,0.7266346261711838,0.6785394915050204,,80.0
metalization,NSGA2,4,167,0.7266346261711838,0.6788830594723904,,80.0
metalization,NSGA2,4,168,0.7266346261711838,0.6787836986541245,,80.0
metalization,NSGA2,4,169,0.7266346261711838,0.6749660260725239,,80.0
metalization,NSGA2,4,170,0.7266346261711838,0.6747206269936854,,80.0
metalization,NSGA2,4,171,0.7266346261711838,0.6745397570390242,,80.0
metalization,NSGA2,4,172,0.7266346261711838,0.670773423108534,,80.0
metalization,NSGA2,4,173,0.7266346261711838,0.6665700135309462,,80.0
metalization,NSGA2,4,174,0.7266346261711838,0.6665865204879678,,80.0
metalization,NSGA2,4,175,0.7266346261711838,0.6669826190361825,,80.0
metalization,NSGA2,4,176,0.7266346261711838,0.6639616519647009,,80.0
metalization,NSGA2,4,177,0.7266346261711838,0.6644512581926435,,80.0
metalization,NSGA2,4,178,0.7266346261711838,0.6680308690299341,,80.0
metalization,NSGA2,4,179,0.7266346261711838,0.6681347382618893,,80.0
metalization,NSGA2,4,180,0.7266346261711838,0.671732673836247,,80.0
metalization,NSGA2,4,181,0.7266346261711838,0.6754629841429141,,80.0
metalization,NSGA2,4,182,0.7266346261711838,0.6785713134893293,,80.0
metalization,NSGA2,4,183,0.7266346261711838,0.6823376474198194,,80.0
metalization,NSGA2,4,184,0.7266346261711838,0.682186947950443,,80.0
metalization,NSGA2,4,185,0.7266346261711838,0.6779972019011185,,80.0
metalization,NSGA2,4,186,0.7266346261711838,0.6780965627193843,,80.0
metalization,NSGA2,4,187,0.7266346261711838,0.6748890253498179,,80.0
metalization,NSGA2,4,188,0.7266346261711838,0.6746961568518242,,80.0
metalization,NSGA2,4,189,0.7266346261711838,0.6712220522375936,,80.0
metalization,NSGA2,4,190,0.7266346261711838,0.6706587472629808,,80.0
metalization,NSGA2,4,191,0.7266346261711838,0.6704007237904989,,80.0
metalization,NSGA2,4,192,0.7266346261711838,0.6671298492264894,,80.0
metalization,NSGA2,4,193,0.7266346261711838,0.6663618300056651,,80.0
metalization,NSGA2,4,194,0.7266346261711838,0.6662111305362888,,80.0
metalization,NSGA2,4,195,0.7266346261711838,0.6697799347599814,,80.0
metalization,NSGA2,4,196,0.7266346261711838,0.6632311405636901,,80.0
metalization,NSGA2,4,197,0.7266346261711838,0.6708784842702236,,80.0
metalization,NSGA2,4,198,0.7266346261711838,0.6747896645315519,,80.0
metalization,NSGA2,4,199,0.7266346261711838,0.6706632556766701,,80.0
metalization,NSGA2,4,200,0.7266346261711838,0.6704400638982769,,80.0
deposition,TSFGA,0,0,1.993321010553704,1.4738630071804621,17.0,
deposition,TSFGA,0,1,1.993321010553704,1.5922995629986954,17.0,
deposition,TSFGA,0,2,1.993321010553704,1.7238797252697797,17.0,
deposition,TSFGA,0,3,2.00837105205417,1.6923473380273735,17.0,
deposition,TSFGA,0,4,2.0308961114725212,1.70160164701456,16.0,
deposition,TSFGA,0,5,2.034279822710665,1.7487812596691235,16.0,
deposition,TSFGA,0,6,2.0674316421331804,1.7301020443671056,14.0,
deposition,TSFGA,0,7,2.0674316421331804,1.749738789038042,14.0,
deposition,TSFGA,0,8,2.0674316421331804,1.721669231569249,14.0,
deposition,TSFGA,0,9,2.0674316421331804,1.7623866721656583,14.0,
deposition,TSFGA,0,10,2.0739550748594646,1.794258412484848,14.0,
deposition,TSFGA,0,11,2.0739550748594646,1.7574523139502005,14.0,
deposition,TSFGA,0,12,2.0994303222912123,1.7585914116664152,13.0,
deposition,TSFGA,0,13,2.0994303222912123,1.740091148926623,13.0,
deposition,TSFGA,0,14,2.0994303222912123,1.769400070001382,13.0,
deposition,TSFGA,0,15,2.0994303222912123,1.7866977908824364,13.0,
deposition,TSFGA,0,16,2.0994303222912123,1.812095976765097,13.0,
deposition,TSFGA,0,17,2.1273542305668047,1.8093641905189848,9.0,
deposition,TSFGA,0,18,2.1273542305668047,1.8204724479481336,9.0,
deposition,TSFGA,0,19,2.1273542305668047,1.7874439669404936,9.0,
deposition,TSFGA,0,20,2.1273542305668047,1.8362152128293814,9.0,
deposition,TSFGA,0,21,2.1273542305668047,1.809991653220608,9.0,
deposition,TSFGA,0,22,2.1273542305668047,1.8012901782948796,9.0,
deposition,TSFGA,0,23,2.1273542305668047,1.811431128336754,9.0,
deposition,TSFGA,0,24,2.1273542305668047,1.8064055056359787,9.0,
deposition,TSFGA,0,25,2.156456911224754,1.8329029271416473,8.0,
deposition,TSFGA,0,26,2.156456911224754,1.7678804585197299,8.0,
deposition,TSFGA,0,27,2.156456911224754,1.7833369802426688,8.0,
deposition,TSFGA,0,28,2.156456911224754,1.8022440585013926,8.0,
deposition,TSFGA,0,29,2.156456911224754,1.8016843999396115,8.0,
deposition,TSFGA,0,30,2.156456911224754,1.8217455921990662,8.0,
deposition,TSFGA,0,31,2.166210317086143,1.823257965305349,10.0,
deposition,TSFGA,0,32,2.166210317086143,1.8155666177390706,10.0,
deposition,TSFGA,0,33,2.166210317086143,1.8139830859452388,10.0,
deposition,TSFGA,0,34,2.166210317086143,1.8279693289531889,10.0,
deposition,TSFGA,0,35,2.1689452550161223,1.854237582153844,8.0,
deposition,TSFGA,0,36,2.2112168943830888,1.849027986004397,8.0,
deposition,TSFGA,0,37,2.2112168943830888,1.8607869191075863,8.0,
deposition,TSFGA,0,38,2.2112168943830888,1.850485443719095,8.0,
deposition,TSFGA,0,39,2.2112168943830888,1.8378346038039468,8.0,
deposition,TSFGA,0,40,2.2112168943830888,1.849199548291292,8.0,
deposition,TSFGA,0,41,2.2112168943830888,1.827624320104018,8.0,
deposition,TSFGA,0,42,2.2112168943830888,1.8509135755956478,8.0,
deposition,TSFGA,0,43,2.2112168943830888,1.846280692469182,8.0,
deposition,TSFGA,0,44,2.2112168943830888,1.76219181506994,8.0,
deposition,TSFGA,0,45,2.2112168943830888,1.7840141112937822,8.0,
deposition,TSFGA,0,46,2.2112168943830888,1.7735846681132295,8.0,
deposition,TSFGA,0,47,2.2112168943830888,1.7720915915063216,8.0,
deposition,TSFGA,0,48,2.2112168943830888,1.789578116715114,8.0,
deposition,TSFGA,0,49,2.2112168943830888,1.7835407048890441,8.0,
deposition,TSFGA,0,50,2.2112168943830888,1.765841937385248,8.0,
deposition,TSFGA,0,51,2.2112168943830888,1.7968898844632448,8.0,
deposition,TSFGA,0,52,2.2112168943830888,1.8024708385645791,8.0,
deposition,TSFGA,0,53,2.2112168943830888,1.7926585271353688,8.0,
deposition,TSFGA,0,54,2.2112168943830888,1.8121445354435664,8.0,
deposition,TSFGA,0,55,2.2112168943830888,1.8343699652339178,8.0,
deposition,TSFGA,0,56,2.2112168943830888,1.8183247144722188,8.0,
deposition,TSFGA,0,57,2.2112168943830888,1.81810556505557,8.0,
deposition,TSFGA,0,58,2.2112168943830888,1.8099266335743167,8.0,
deposition,TSFGA,0,59,2.2112168943830888,1.8043851706635117,8.0,
deposition,TSFGA,0,60,2.2112168943830888,1.7772561973812386,8.0,
deposition,TSFGA,0,61,2.2112168943830888,1.807517389501363,8.0,
deposition,TSFGA,0,62,2.2112168943830888,1.849796043656595,8.0,
deposition,TSFGA,0,63,2.2112168943830888,1.7991368510780283,8.0,
deposition,TSFGA,0,64,2.2112168943830888,1.8301712151313325,8.0,
deposition,TSFGA,0,65,2.2112168943830888,1.8185596375227573,8.0,
deposition,TSFGA,0,66,2.2112168943830888,1.8057229119240088,8.0,
deposition,TSFGA,0,67,2.2112168943830888,1.831170531078083,8.0,
deposition,TSFGA,0,68,2.2112168943830888,1.8380284567933969,8.0,
deposition,TSFGA,0,69,2.2112168943830888,1.835327750814089,8.0,
deposition,TSFGA,0,70,2.2112168943830888,1.8613276763030568,8.0,
deposition,TSFGA,0,71,2.2112168943830888,1.8203489386948,8.0,
deposition,TSFGA,0,72,2.2112168943830888,1.8654719378425262,8.0,
deposition,TSFGA,0,73,2.2112168943830888,1.857214592482737,8.0,
deposition,TSFGA,0,74,2.2112168943830888,1.8563037949505017,8.0,
deposition,TSFGA,0,75,2.2112168943830888,1.851481519675263,8.0,
deposition,TSFGA,0,76,2.2112168943830888,1.8283248633289488,8.0,
deposition,TSFGA,1,0,2.0018893437537955,1.4074503690589624,18.0,
deposition,TSFGA,1,1,2.0018893437537955,1.5997626941060292,18.0,
deposition,TSFGA,1,2,2.0018893437537955,1.641937542641663,18.0,
deposition,TSFGA,1,3,2.030536757603909,1.6791538845366696,16.0,
deposition,TSFGA,1,4,2.062918649249856,1.7452613953885425,14.0,
deposition,TSFGA,1,5,2.062918649249856,1.7022988206315914,14.0,
deposition,TSFGA,1,6,2.062918649249856,1.803336827890088,14.0,
deposition,TSFGA,1,7,2.062918649249856,1.8065782824200318,14.0,
deposition,TSFGA,1,8,2.095990530896593,1.7961456523904187,14.0,
deposition,TSFGA,1,9,2.1137005783098437,1.7980001449337784,12.0,
deposition,TSFGA,1,10,2.1137005783098437,1.7787919204589886,12.0,
deposition,TSFGA,1,11,2.1209253079270893,1.8008261155286043,12.0,
deposition,TSFGA,1,12,2.1209253079270893,1.798753222114815,12.0,
deposition,TSFGA,1,13,2.1209253079270893,1.7571936152072216,12.0,
deposition,TSFGA,1,14,2.1209253079270893,1.7779732787226998,12.0,
deposition,TSFGA,1,15,2.1209253079270893,1.8165440089149556,12.0,
deposition,TSFGA,1,16,2.162957731293339,1.8235196425290128,10.0,
deposition,TSFGA,1,17,2.162957731293339,1.790031092283313,10.0,
deposition,TSFGA,1,18,2.162957731293339,1.7773034068917581,10.0,
deposition,TSFGA,1,19,2.162957731293339,1.7712072227166415,10.0,
deposition,TSFGA,1,20,2.162957731293339,1.7132744433858782,10.0,
deposition,TSFGA,1,21,2.162957731293339,1.7590411349476298,10.0,
deposition,TSFGA,1,22,2.162957731293339,1.7769650557975978,10.0,
deposition,TSFGA,1,23,2.162957731293339,1.746517487593173,10.0,
deposition,TSFGA,1,24,2.162957731293339,1.7463541354628358,10.0,
deposition,TSFGA,1,25,2.162957731293339,1.8285922471511291,10.0,
deposition,TSFGA,1,26,2.162957731293339,1.7976204562595348,10.0,
deposition,TSFGA,1,27,2.162957731293339,1.7893994177517385,10.0,
deposition,TSFGA,1,28,2.162957731293339,1.7880748209127855,10.0,
deposition,TSFGA,1,29,2.162957731293339,1.8214403297544848,10.0,
deposition,TSFGA,1,30,2.162957731293339,1.8400794135343588,10.0,
deposition,TSFGA,1,31,2.162957731293339,1.8515600432209927,10.0,
deposition,TSFGA,1,32,2.162957731293339,1.805120569798292,10.0,
deposition,TSFGA,1,33,2.162957731293339,1.807434759776544,10.0,
deposition,TSFGA,1,34,2.162957731293339,1.7964384895829177,10.0,
deposition,TSFGA,1,35,2.162957731293339,1.7411127651679663,10.0,
deposition,TSFGA,1,36,2.162957731293339,1.7477716848972598,10.0,
deposition,TSFGA,1,37,2.162957731293339,1.7681349882619775,10.0,
deposition,TSFGA,1,38,2.162957731293339,1.7536682623239486,10.0,
deposition,TSFGA,1,39,2.162957731293339,1.7233784113531752,10.0,
deposition,TSFGA,1,40,2.163817218704959,1.745373331814046,10.0,
deposition,TSFGA,1,41,2.163817218704959,1.7698885545715917,10.0,
deposition,TSFGA,1,42,2.163817218704959,1.8118405301146345,10.0,
deposition,TSFGA,1,43,2.163817218704959,1.7745192016733917,10.0,
deposition,TSFGA,1,44,2.1796542237127956,1.75091083358938,10.0,
deposition,TSFGA,1,45,2.1796542237127956,1.8296162061082264,10.0,
deposition,TSFGA,1,46,2.1796542237127956,1.9033123422815348,10.0,
deposition,TSFGA,1,47,2.1796542237127956,1.8505998647829494,10.0,
deposition,TSFGA,1,48,2.1796542237127956,1.835670221295667,10.0,
deposition,TSFGA,1,49,2.1796542237127956,1.8383551312334425,10.0,
deposition,TSFGA,1,50,2.1796542237127956,1.817260774480942,10.0,
deposition,TSFGA,1,51,2.1796542237127956,1.8034694978008567,10.0,
deposition,TSFGA,1,52,2.1796542237127956,1.7890880564056424,10.0,
deposition,TSFGA,1,53,2.1796542237127956,1.814188269168485,10.0,
deposition,TSFGA,1,54,2.19518929346248,1.7952182748985759,9.0,
deposition,TSFGA,1,55,2.19518929346248,1.807237026868436,9.0,
deposition,TSFGA,1,56,2.19518929346248,1.8074128769795608,9.0,
deposition,TSFGA,1,57,2.19518929346248,1.7652143526004145,9.0,
deposition,TSFGA,1,58,2.19518929346248,1.7552284443177477,9.0,
deposition,TSFGA,1,59,2.19518929346248,1.7756388107300878,9.0,
deposition,TSFGA,1,60,2.19518929346248,1.819354666072504,9.0,
deposition,TSFGA,1,61,2.19518929346248,1.8384759722114148,9.0,
deposition,TSFGA,1,62,2.19518929346248,1.7829415315274595,9.0,
deposition,TSFGA,1,63,2.209253927613803,1.78020168581773,8.0,
deposition,TSFGA,1,64,2.209253927613803,1.8335715414423377,8.0,
deposition,TSFGA,1,65,2.209253927613803,1.7951611486958954,8.0,
deposition,TSFGA,1,66,2.209253927613803,1.7898119850277545,8.0,
deposition,TSFGA,1,67,2.209253927613803,1.8138554633395945,8.0,
deposition,TSFGA,1,68,2.209253927613803,1.7744114282735766,8.0,
deposition,TSFGA,1,69,2.209253927613803,1.8160476307154467,8.0,
deposition,TSFGA,1,70,2.209253927613803,1.80825149402956,8.0,
deposition,TSFGA,1,71,2.209253927613803,1.8248010610652223,8.0,
deposition,TSFGA,1,72,2.209253927613803,1.806645742907299,8.0,
deposition,TSFGA,1,73,2.209253927613803,1.820386033306077,8.0,
deposition,TSFGA,1,74,2.209253927613803,1.7853697208403603,8.0,
deposition,TSFGA,1,75,2.209253927613803,1.8137994987646386,8.0,
deposition,TSFGA,1,76,2.209253927613803,1.8845963796515721,8.0,
deposition,TSFGA,1,77,2.209253927613803,1.8257841305480838,8.0,
deposition,TSFGA,1,78,2.209253927613803,1.819156428691106,8.0,
deposition,TSFGA,1,79,2.209253927613803,1.8036237402042326,8.0,
deposition,TSFGA,1,80,2.209253927613803,1.7795814430093384,8.0,
deposition,TSFGA,1,81,2.209253927613803,1.7549230370864315,8.0,
deposition,TSFGA,1,82,2.209253927613803,1.7970344393333797,8.0,
deposition,TSFGA,1,83,2.217813072919747,1.8826944529262832,8.0,
deposition,TSFGA,1,84,2.2564531456237797,1.857835043658249,6.0,
deposition,TSFGA,1,85,2.2564531456237797,1.8520449020701946,6.0,
deposition,TSFGA,1,86,2.2564531456237797,1.8411974755103713,6.0,
deposition,TSFGA,1,87,2.2564531456237797,1.8108360030530206,6.0,
deposition,TSFGA,1,88,2.2564531456237797,1.8211548661980146,6.0,
deposition,TSFGA,1,89,2.2564531456237797,1.820316306945371,6.0,
deposition,TSFGA,1,90,2.2564531456237797,1.819969084603024,6.0,
deposition,TSFGA,1,91,2.2564531456237797,1.8148218448669247,6.0,
deposition,TSFGA,1,92,2.2564531456237797,1.8069853471215793,6.0,
deposition,TSFGA,1,93,2.2564531456237797,1.828758083429721,6.0,
deposition,TSFGA,1,94,2.2564531456237797,1.7564981418260537,6.0,
deposition,TSFGA,1,95,2.2564531456237797,1.8065512997473008,6.0,
deposition,TSFGA,1,96,2.2564531456237797,1.8270227234374592,6.0,
deposition,TSFGA,1,97,2.2564531456237797,1.844965942319663,6.0,
deposition,TSFGA,1,98,2.261954032432407,1.894780025635977,6.0,
deposition,TSFGA,1,99,2.261954032432407,1.8834207608028464,6.0,
deposition,TSFGA,1,100,2.261954032432407,1.8927558421124684,6.0,
deposition,TSFGA,1,101,2.261954032432407,1.8217656039539516,6.0,
deposition,TSFGA,1,102,2.261954032432407,1.8133545172795906,6.0,
deposition,TSFGA,1,103,2.261954032432407,1.8439034204781972,6.0,
deposition,TSFGA,1,104,2.261954032432407,1.8745894123494644,6.0,
deposition,TSFGA,1,105,2.261954032432407,1.8729862072451169,6.0,
deposition,TSFGA,1,106,2.261954032432407,1.8923644162460014,6.0,
deposition,TSFGA,1,107,2.261954032432407,1.8860060659310052,6.0,
deposition,TSFGA,1,108,2.261954032432407,1.8819286986848425,6.0,
deposition,TSFGA,1,109,2.261954032432407,1.8232703016973706,6.0,
deposition,TSFGA,1,110,2.261954032432407,1.8483681131091239,6.0,
deposition,TSFGA,1,111,2.261954032432407,1.8709303829029502,6.0,
deposition,TSFGA,1,112,2.261954032432407,1.847889243847991,6.0,
deposition,TSFGA,1,113,2.261954032432407,1.8988304586466491,6.0,
deposition,TSFGA,1,114,2.261954032432407,1.8128342164206899,6.0,
deposition,TSFGA,1,115,2.261954032432407,1.8531979222735522,6.0,
deposition,TSFGA,1,116,2.261954032432407,1.834699082720605,6.0,
deposition,TSFGA,1,117,2.261954032432407,1.863716132375376,6.0,
deposition,TSFGA,1,118,2.261954032432407,1.8535139558447569,6.0,
deposition,TSFGA,1,119,2.261954032432407,1.8562675415816527,6.0,
deposition,TSFGA,1,120,2.261954032432407,1.8522474115152618,6.0,
deposition,TSFGA,1,121,2.261954032432407,1.884974761049572,6.0,
deposition,TSFGA,1,122,2.261954032432407,1.8472247625166052,6.0,
deposition,TSFGA,1,123,2.261954032432407,1.8839711390078542,6.0,
deposition,TSFGA,1,124,2.261954032432407,1.8396123829723385,6.0,
deposition,TSFGA,1,125,2.261954032432407,1.777962091389662,6.0,
deposition,TSFGA,1,126,2.261954032432407,1.8098940352021025,6.0,
deposition,TSFGA,1,127,2.261954032432407,1.8425056981104284,6.0,
deposition,TSFGA,1,128,2.261954032432407,1.82537028626911,6.0,
deposition,TSFGA,1,129,2.261954032432407,1.7917720841240325,6.0,
deposition,TSFGA,1,130,2.261954032432407,1.8037694225047367,6.0,
deposition,TSFGA,1,131,2.261954032432407,1.7920031575332462,6.0,
deposition,TSFGA,1,132,2.261954032432407,1.8114952232569734,6.0,
deposition,TSFGA,1,133,2.261954032432407,1.83611047043147,6.0,
deposition,TSFGA,1,134,2.261954032432407,1.8199272816857033,6.0,
deposition,TSFGA,1,135,2.261954032432407,1.8247925076982956,6.0,
deposition,TSFGA,1,136,2.261954032432407,1.8519662719155014,6.0,
deposition,TSFGA,1,137,2.261954032432407,1.8437426975139721,6.0,
deposition,TSFGA,1,138,2.261954032432407,1.8642801101066304,6.0,
deposition,TSFGA,2,0,2.0136461450523004,1.4597925696146505,17.0,
deposition,TSFGA,2,1,2.0136461450523004,1.6206402906640953,17.0,
deposition,TSFGA,2,2,2.022876501411631,1.717389644134189,14.0,
deposition,TSFGA,2,3,2.0467492618928507,1.7457766137177093,13.0,
deposition,TSFGA,2,4,2.0467492618928507,1.7105510995666648,13.0,
deposition,TSFGA,2,5,2.0467492618928507,1.7271092446939171,13.0,
deposition,TSFGA,2,6,2.0467492618928507,1.721979132579405,13.0,
deposition,TSFGA,2,7,2.04809822357599,1.7604690181324318,14.0,
deposition,TSFGA,2,8,2.064820837753236,1.7796607757503806,12.0,
deposition,TSFGA,2,9,2.064820837753236,1.7721377068826716,12.0,
deposition,TSFGA,2,10,2.096329579419671,1.7207863547296072,11.0,
deposition,TSFGA,2,11,2.1153640251503267,1.7594194132494452,10.0,
deposition,TSFGA,2,12,2.1153640251503267,1.8087267162394383,10.0,
deposition,TSFGA,2,13,2.1153640251503267,1.7569498799121857,10.0,
deposition,TSFGA,2,14,2.1198407363781264,1.7813170146046449,9.0,
deposition,TSFGA,2,15,2.1198407363781264,1.7909824750823116,9.0,
deposition,TSFGA,2,16,2.143581656965041,1.7976829515421322,12.0,
deposition,TSFGA,2,17,2.143581656965041,1.7967149310329074,12.0,
deposition,TSFGA,2,18,2.143581656965041,1.7993486077825054,12.0,
deposition,TSFGA,2,19,2.1673258966921907,1.7756518421090164,11.0,
deposition,TSFGA,2,20,2.1673258966921907,1.800168859846759,11.0,
deposition,TSFGA,2,21,2.1673258966921907,1.823133929350989,11.0,
deposition,TSFGA,2,22,2.1673258966921907,1.8841881048642755,11.0,
deposition,TSFGA,2,23,2.1673258966921907,1.8296682826552675,11.0,
deposition,TSFGA,2,24,2.1673258966921907,1.792631256595056,11.0,
deposition,TSFGA,2,25,2.1673258966921907,1.821554506232267,11.0,
deposition,TSFGA,2,26,2.1673258966921907,1.8207806231389347,11.0,
deposition,TSFGA,2,27,2.1673258966921907,1.8374154937431917,11.0,
deposition,TSFGA,2,28,2.1673258966921907,1.8501101184230753,11.0,
deposition,TSFGA,2,29,2.1673258966921907,1.8082909469551964,11.0,
deposition,TSFGA,2,30,2.1673258966921907,1.7863056894923848,11.0,
deposition,TSFGA,2,31,2.1673258966921907,1.7651515565969604,11.0,
deposition,TSFGA,2,32,2.1673258966921907,1.7645309146218537,11.0,
deposition,TSFGA,2,33,2.1673258966921907,1.7872383184788752,11.0,
deposition,TSFGA,2,34,2.1673258966921907,1.756116669950322,11.0,
deposition,TSFGA,2,35,2.1673258966921907,1.8179877047960584,11.0,
deposition,TSFGA,2,36,2.1673258966921907,1.8505417580598624,11.0,
deposition,TSFGA,2,37,2.1673258966921907,1.820210947211678,11.0,
deposition,TSFGA,2,38,2.1673258966921907,1.788363010959527,11.0,
deposition,TSFGA,2,39,2.1673258966921907,1.795434037585207,11.0,
deposition,TSFGA,2,40,2.1673258966921907,1.7879276462012872,11.0,
deposition,TSFGA,2,41,2.1673258966921907,1.751465404070497,11.0,
deposition,TSFGA,2,42,2.1673258966921907,1.7618246070943517,11.0,
deposition,TSFGA,2,43,2.1673258966921907,1.7781554750347095,11.0,
deposition,TSFGA,2,44,2.1673258966921907,1.7771828192401777,11.0,
deposition,TSFGA,2,45,2.1673258966921907,1.823531736131222,11.0,
deposition,TSFGA,2,46,2.1673258966921907,1.8237568433150695,11.0,
deposition,TSFGA,2,47,2.1673258966921907,1.846351406711073,11.0,
deposition,TSFGA,2,48,2.1673258966921907,1.8156018582277427,11.0,
deposition,TSFGA,2,49,2.1673258966921907,1.8253414454247667,11.0,
deposition,TSFGA,2,50,2.1673258966921907,1.830889043664524,11.0,
deposition,TSFGA,2,51,2.1673258966921907,1.8489542358667657,11.0,
deposition,TSFGA,2,52,2.171500035505621,1.8619732907030262,11.0,
deposition,TSFGA,2,53,2.171500035505621,1.8276507366993873,11.0,
deposition,TSFGA,2,54,2.171500035505621,1.8447032839744821,11.0,
deposition,TSFGA,2,55,2.171500035505621,1.8247111589143337,11.0,
deposition,TSFGA,2,56,2.171500035505621,1.8096674722479178,11.0,
deposition,TSFGA,2,57,2.171500035505621,1.8351445451645734,11.0,
deposition,TSFGA,2,58,2.171500035505621,1.8805783685936561,11.0,
deposition,TSFGA,2,59,2.1715518017290867,1.8495438913196474,11.0,
deposition,TSFGA,2,60,2.1715518017290867,1.7944362097063489,11.0,
deposition,TSFGA,2,61,2.1715518017290867,1.7892056875460234,11.0,
deposition,TSFGA,2,62,2.1715518017290867,1.8170876161704612,11.0,
deposition,TSFGA,2,63,2.1715518017290867,1.802647050136536,11.0,
deposition,TSFGA,2,64,2.1715518017290867,1.8002804589785222,11.0,
deposition,TSFGA,2,65,2.1715518017290867,1.7687383373759609,11.0,
deposition,TSFGA,2,66,2.1715518017290867,1.7604287431271217,11.0,
deposition,TSFGA,2,67,2.1715518017290867,1.7868890410615728,11.0,
deposition,TSFGA,2,68,2.1715518017290867,1.8342034386906776,11.0,
deposition,TSFGA,2,69,2.1715518017290867,1.8166298247274597,11.0,
deposition,TSFGA,2,70,2.1715518017290867,1.816914844411937,11.0,
deposition,TSFGA,2,71,2.1715518017290867,1.817018531226609,11.0,
deposition,TSFGA,2,72,2.1715518017290867,1.8149565789935678,11.0,
deposition,TSFGA,2,73,2.1715518017290867,1.8031213374107107,11.0,
deposition,TSFGA,2,74,2.1769168481948853,1.846637081944261,11.0,
deposition,TSFGA,2,75,2.1769168481948853,1.7831554019213656,11.0,
deposition,TSFGA,2,76,2.1769168481948853,1.7881558337413375,11.0,
deposition,TSFGA,2,77,2.1769168481948853,1.8088713432263,11.0,
deposition,TSFGA,2,78,2.1769168481948853,1.800293752761815,11.0,
deposition,TSFGA,2,79,2.1769168481948853,1.824158637152454,11.0,
deposition,TSFGA,2,80,2.1769168481948853,1.81375725371283,11.0,
deposition,TSFGA,2,81,2.1965347946749705,1.8420112334869174,10.0,
deposition,TSFGA,2,82,2.1965347946749705,1.8453432142040547,10.0,
deposition,TSFGA,2,83,2.1965347946749705,1.8459042887906008,10.0,
deposition,TSFGA,2,84,2.1965347946749705,1.7612482339146744,10.0,
deposition,TSFGA,2,85,2.1965347946749705,1.7940990175798261,10.0,
deposition,TSFGA,2,86,2.1965347946749705,1.8030489563278507,10.0,
deposition,TSFGA,2,87,2.1965347946749705,1.866402387149812,10.0,
deposition,TSFGA,2,88,2.1965347946749705,1.8372056547872258,10.0,
deposition,TSFGA,2,89,2.1965347946749705,1.7967178952686234,10.0,
deposition,TSFGA,2,90,2.1965347946749705,1.7889791618633297,10.0,
deposition,TSFGA,2,91,2.202051100161891,1.7667889046542107,8.0,
deposition,TSFGA,2,92,2.202051100161891,1.8025990753656806,8.0,
deposition,TSFGA,2,93,2.202051100161891,1.7972349731834558,8.0,
deposition,TSFGA,2,94,2.202051100161891,1.7894507122394052,8.0,
deposition,TSFGA,2,95,2.202051100161891,1.776444725271925,8.0,
deposition,TSFGA,2,96,2.202051100161891,1.8767695490859961,8.0,
deposition,TSFGA,2,97,2.202051100161891,1.8247268246921418,8.0,
deposition,TSFGA,2,98,2.202051100161891,1.76591753211614,8.0,
deposition,TSFGA,2,99,2.202051100161891,1.771911205172793,8.0,
deposition,TSFGA,2,100,2.202051100161891,1.8178426507297847,8.0,
deposition,TSFGA,2,101,2.202051100161891,1.8309587956106974,8.0,
deposition,TSFGA,2,102,2.202051100161891,1.8475919340646776,8.0,
deposition,TSFGA,2,103,2.202051100161891,1.8636119639735824,8.0,
deposition,TSFGA,2,104,2.202051100161891,1.8088249768071094,8.0,
deposition,TSFGA,2,105,2.202051100161891,1.8077315750054748,8.0,
deposition,TSFGA,2,106,2.202051100161891,1.8109650842527665,8.0,
deposition,TSFGA,2,107,2.202051100161891,1.7949147435010253,8.0,
deposition,TSFGA,2,108,2.202051100161891,1.837169820585445,8.0,
deposition,TSFGA,2,109,2.202051100161891,1.812107176151018,8.0,
deposition,TSFGA,2,110,2.202051100161891,1.7854180158137176,8.0,
deposition,TSFGA,2,111,2.202051100161891,1.7990358185278748,8.0,
deposition,TSFGA,2,112,2.202051100161891,1.7734352850774395,8.0,
deposition,TSFGA,2,113,2.202051100161891,1.7251922434437428,8.0,
deposition,TSFGA,2,114,2.202051100161891,1.7537619529132182,8.0,
deposition,TSFGA,2,115,2.202051100161891,1.7625478327851674,8.0,
deposition,TSFGA,2,116,2.202051100161891,1.7857992796298034,8.0,
deposition,TSFGA,2,117,2.202051100161891,1.8260438883333656,8.0,
deposition,TSFGA,2,118,2.202051100161891,1.8185738907869076,8.0,
deposition,TSFGA,2,119,2.202051100161891,1.749745459331176,8.0,
deposition,TSFGA,2,120,2.2066589449937544,1.8058357397611768,8.0,
deposition,TSFGA,2,121,2.2066589449937544,1.8069956158466234,8.0,
deposition,TSFGA,2,122,2.2066589449937544,1.7829530068096624,8.0,
deposition,TSFGA,2,123,2.2066589449937544,1.8084455218583024,8.0,
deposition,TSFGA,2,124,2.2066589449937544,1.7733234146428116,8.0,
deposition,TSFGA,2,125,2.2066589449937544,1.8050545409490346,8.0,
deposition,TSFGA,2,126,2.207612303055134,1.7713636450960741,8.0,
deposition,TSFGA,2,127,2.207612303055134,1.785060134982654,8.0,
deposition,TSFGA,2,128,2.2112460488953767,1.8068600217578699,8.0,
deposition,TSFGA,2,129,2.215202151506473,1.846292178846334,8.0,
deposition,TSFGA,2,130,2.215202151506473,1.8259695219256984,8.0,
deposition,TSFGA,2,131,2.215202151506473,1.8312422926292982,8.0,
deposition,TSFGA,2,132,2.215202151506473,1.8495109849569342,8.0,
deposition,TSFGA,2,133,2.215202151506473,1.8596770717838136,8.0,
deposition,TSFGA,2,134,2.215202151506473,1.84293752056243,8.0,
deposition,TSFGA,2,135,2.257143631989402,1.8282067532631863,7.0,
deposition,TSFGA,2,136,2.257143631989402,1.7877813571218426,7.0,
deposition,TSFGA,2,137,2.257143631989402,1.7616328444700329,7.0,
deposition,TSFGA,2,138,2.257143631989402,1.7943892773450947,7.0,
deposition,TSFGA,2,139,2.257143631989402,1.8205044281987626,7.0,
deposition,TSFGA,2,140,2.257143631989402,1.8084266395894517,7.0,
deposition,TSFGA,2,141,2.257143631989402,1.7889908137379429,7.0,
deposition,TSFGA,2,142,2.257143631989402,1.7590427882027229,7.0,
deposition,TSFGA,2,143,2.257143631989402,1.801635468326228,7.0,
deposition,TSFGA,2,144,2.257143631989402,1.7918025244237215,7.0,
deposition,TSFGA,2,145,2.257143631989402,1.8165604184713544,7.0,
deposition,TSFGA,2,146,2.257143631989402,1.8093547343809568,7.0,
deposition,TSFGA,2,147,2.257143631989402,1.8480673891058683,7.0,
deposition,TSFGA,2,148,2.257143631989402,1.7925458210116225,7.0,
deposition,TSFGA,2,149,2.257143631989402,1.7951937745047828,7.0,
deposition,TSFGA,2,150,2.257143631989402,1.8309066079580503,7.0,
deposition,TSFGA,2,151,2.257143631989402,1.8108172166553538,7.0,
deposition,TSFGA,2,152,2.257143631989402,1.7508995425127902,7.0,
deposition,TSFGA,2,153,2.257143631989402,1.802582962062342,7.0,
deposition,TSFGA,2,154,2.257143631989402,1.8157522148523053,7.0,
deposition,TSFGA,2,155,2.257143631989402,1.8412119846469288,7.0,
deposition,TSFGA,2,156,2.257143631989402,1.843123596681771,7.0,
deposition,TSFGA,2,157,2.257143631989402,1.8139331269089514,7.0,
deposition,TSFGA,2,158,2.257143631989402,1.8118655562123454,7.0,
deposition,TSFGA,2,159,2.257143631989402,1.8528167736966439,7.0,
deposition,TSFGA,2,160,2.257143631989402,1.8365097171510385,7.0,
deposition,TSFGA,2,161,2.257143631989402,1.8753039490659025,7.0,
deposition,TSFGA,2,162,2.257143631989402,1.803432911452667,7.0,
deposition,TSFGA,2,163,2.257143631989402,1.8406165417964253,7.0,
deposition,TSFGA,2,164,2.257143631989402,1.8201395958020286,7.0,
deposition,TSFGA,2,165,2.257143631989402,1.8226459248520324,7.0,
deposition,TSFGA,2,166,2.257143631989402,1.8423125285285775,7.0,
deposition,TSFGA,2,167,2.257143631989402,1.8144950029532694,7.0,
deposition,TSFGA,2,168,2.257143631989402,1.8397407650560773,7.0,
deposition,TSFGA,2,169,2.257143631989402,1.8081608629299737,7.0,
deposition,TSFGA,2,170,2.257143631989402,1.8314272594962353,7.0,
deposition,TSFGA,2,171,2.257143631989402,1.8324961781895097,7.0,
deposition,TSFGA,2,172,2.257143631989402,1.7764451130857455,7.0,
deposition,TSFGA,2,173,2.289223586596454,1.7954407429259647,6.0,
deposition,TSFGA,2,174,2.289223586596454,1.7798579614636787,6.0,
deposition,TSFGA,2,175,2.289223586596454,1.8516781313518684,6.0,
deposition,TSFGA,2,176,2.311480371482582,1.8479727992743498,5.0,
deposition,TSFGA,2,177,2.311480371482582,1.8092741704594986,5.0,
deposition,TSFGA,2,178,2.311480371482582,1.836099814269661,5.0,
deposition,TSFGA,2,179,2.311480371482582,1.8756349014845264,5.0,
deposition,TSFGA,2,180,2.311480371482582,1.8792818142278604,5.0,
deposition,TSFGA,2,181,2.311480371482582,1.874785565963658,5.0,
deposition,TSFGA,2,182,2.311480371482582,1.8877191255768095,5.0,
deposition,TSFGA,2,183,2.316581432922041,1.8461855137255696,5.0,
deposition,TSFGA,2,184,2.316581432922041,1.8215500974123764,5.0,
deposition,TSFGA,2,185,2.316581432922041,1.8445388330503902,5.0,
deposition,TSFGA,2,186,2.316581432922041,1.8350111364783543,5.0,
deposition,TSFGA,2,187,2.316581432922041,1.813672474038622,5.0,
deposition,TSFGA,2,188,2.316581432922041,1.8635817443028333,5.0,
deposition,TSFGA,2,189,2.316581432922041,1.817380653916932,5.0,
deposition,TSFGA,2,190,2.316581432922041,1.8207137829511677,5.0,
deposition,TSFGA,2,191,2.316581432922041,1.826882958323067,5.0,
deposition,TSFGA,2,192,2.316581432922041,1.8462189750687608,5.0,
deposition,TSFGA,2,193,2.316581432922041,1.8700102276070791,5.0,
deposition,TSFGA,2,194,2.316581432922041,1.9187238329561989,5.0,
deposition,TSFGA,2,195,2.316581432922041,1.8853363904039675,5.0,
deposition,TSFGA,2,196,2.316581432922041,1.82087974154287,5.0,
deposition,TSFGA,2,197,2.316581432922041,1.826631197999967,5.0,
deposition,TSFGA,2,198,2.316581432922041,1.83100200279419,5.0,
deposition,TSFGA,2,199,2.316581432922041,1.8263408070321838,5.0,
deposition,TSFGA,2,200,2.316581432922041,1.8466057097895383,5.0,
deposition,TSFGA,3,0,1.985007721375344,1.4227071538675804,17.0,
deposition,TSFGA,3,1,1.985007721375344,1.6201457444915377,17.0,
deposition,TSFGA,3,2,2.009244315684113,1.716879818741176,17.0,
deposition,TSFGA,3,3,2.009244315684113,1.7030241219502735,17.0,
deposition,TSFGA,3,4,2.0210400922651823,1.6992405883401953,15.0,
deposition,TSFGA,3,5,2.0483147648862206,1.7597840977564438,13.0,
deposition,TSFGA,3,6,2.098739811399441,1.821899739829408,13.0,
deposition,TSFGA,3,7,2.098739811399441,1.80882439322014,13.0,
deposition,TSFGA,3,8,2.098739811399441,1.8018749628388193,13.0,
deposition,TSFGA,3,9,2.107070339348443,1.829052766762711,13.0,
deposition,TSFGA,3,10,2.107070339348443,1.8223008392511808,13.0,
deposition,TSFGA,3,11,2.107070339348443,1.6944204650538786,13.0,
deposition,TSFGA,3,12,2.107070339348443,1.72219058103497,13.0,
deposition,TSFGA,3,13,2.107070339348443,1.7483329681915307,13.0,
deposition,TSFGA,3,14,2.107070339348443,1.7746965928247966,13.0,
deposition,TSFGA,3,15,2.107070339348443,1.7556045527698658,13.0,
deposition,TSFGA,3,16,2.107070339348443,1.756548568822596,13.0,
deposition,TSFGA,3,17,2.107070339348443,1.7445115847001709,13.0,
deposition,TSFGA,3,18,2.107070339348443,1.7572916376732075,13.0,
deposition,TSFGA,3,19,2.107070339348443,1.7486807949835501,13.0,
deposition,TSFGA,3,20,2.107070339348443,1.7565354789923209,13.0,
deposition,TSFGA,3,21,2.107070339348443,1.7556679091498466,13.0,
deposition,TSFGA,3,22,2.107070339348443,1.8100689115359152,13.0,
deposition,TSFGA,3,23,2.107070339348443,1.8064294087534472,13.0,
deposition,TSFGA,3,24,2.107070339348443,1.7967569053368497,13.0,
deposition,TSFGA,3,25,2.110129056868942,1.7666992029583295,13.0,
deposition,TSFGA,3,26,2.110129056868942,1.7467877191119179,13.0,
deposition,TSFGA,3,27,2.110129056868942,1.7034432474183248,13.0,
deposition,TSFGA,3,28,2.1107269177817614,1.8206368454402786,13.0,
deposition,TSFGA,3,29,2.1487889994403453,1.829188517335907,10.0,
deposition,TSFGA,3,30,2.1487889994403453,1.8099646293504819,10.0,
deposition,TSFGA,3,31,2.1487889994403453,1.7843489281558178,10.0,
deposition,TSFGA,3,32,2.1487889994403453,1.852826120024518,10.0,
deposition,TSFGA,3,33,2.1487889994403453,1.7967612861473061,10.0,
deposition,TSFGA,3,34,2.1487889994403453,1.8016379637766082,10.0,
deposition,TSFGA,3,35,2.1487889994403453,1.8067386127882359,10.0,
deposition,TSFGA,3,36,2.1487889994403453,1.807261287490944,10.0,
deposition,TSFGA,3,37,2.1487889994403453,1.786030312248334,10.0,
deposition,TSFGA,3,38,2.1487889994403453,1.7984486080397466,10.0,
deposition,TSFGA,3,39,2.1487889994403453,1.7743983310966023,10.0,
deposition,TSFGA,3,40,2.1487889994403453,1.7984119388339432,10.0,
deposition,TSFGA,3,41,2.1487889994403453,1.7898877217805598,10.0,
deposition,TSFGA,3,42,2.1487889994403453,1.752055133838125,10.0,
deposition,TSFGA,3,43,2.1487889994403453,1.7389027588018067,10.0,
deposition,TSFGA,3,44,2.1913059542760314,1.7563472267694948,9.0,
deposition,TSFGA,3,45,2.1913059542760314,1.7927945469397961,9.0,
deposition,TSFGA,3,46,2.1913059542760314,1.759493511919062,9.0,
deposition,TSFGA,3,47,2.1913059542760314,1.7590278409512177,9.0,
deposition,TSFGA,3,48,2.1913059542760314,1.7751262210107661,9.0,
deposition,TSFGA,3,49,2.1913059542760314,1.7687046524996777,9.0,
deposition,TSFGA,3,50,2.1913059542760314,1.7718010233620263,9.0,
deposition,TSFGA,3,51,2.1913059542760314,1.7788985546109792,9.0,
deposition,TSFGA,3,52,2.1913059542760314,1.7982791911612384,9.0,
deposition,TSFGA,3,53,2.1913059542760314,1.8184465748614982,9.0,
deposition,TSFGA,3,54,2.2086870641299017,1.853497726702151,8.0,
deposition,TSFGA,3,55,2.2086870641299017,1.822972325745173,8.0,
deposition,TSFGA,3,56,2.2086870641299017,1.8203335276273145,8.0,
deposition,TSFGA,3,57,2.2086870641299017,1.8091341773687877,8.0,
deposition,TSFGA,3,58,2.2086870641299017,1.8408318058810973,8.0,
deposition,TSFGA,3,59,2.2086870641299017,1.8453527039458997,8.0,
deposition,TSFGA,3,60,2.2086870641299017,1.8276474782213306,8.0,
deposition,TSFGA,3,61,2.2086870641299017,1.7853802232219962,8.0,
deposition,TSFGA,3,62,2.2086870641299017,1.7850198354373017,8.0,
deposition,TSFGA,3,63,2.2086870641299017,1.8293777406096363,8.0,
deposition,TSFGA,3,64,2.2086870641299017,1.8030733045244127,8.0,
deposition,TSFGA,3,65,2.2086870641299017,1.8716336671282907,8.0,
deposition,TSFGA,3,66,2.2086870641299017,1.8486223985964358,8.0,
deposition,TSFGA,3,67,2.2086870641299017,1.848881238599498,8.0,
deposition,TSFGA,3,68,2.2086870641299017,1.8067534654112969,8.0,
deposition,TSFGA,3,69,2.2086870641299017,1.840497092497435,8.0,
deposition,TSFGA,3,70,2.2086870641299017,1.864012222924146,8.0,
deposition,TSFGA,3,71,2.2086870641299017,1.865213522598582,8.0,
deposition,TSFGA,3,72,2.2086870641299017,1.854852814787939,8.0,
deposition,TSFGA,3,73,2.2086870641299017,1.786925938442699,8.0,
deposition,TSFGA,3,74,2.2086870641299017,1.821650042034958,8.0,
deposition,TSFGA,3,75,2.2086870641299017,1.810973824366603,8.0,
deposition,TSFGA,3,76,2.2086870641299017,1.7877383982035062,8.0,
deposition,TSFGA,3,77,2.2086870641299017,1.7602699589997344,8.0,
deposition,TSFGA,3,78,2.2086870641299017,1.7535038855229477,8.0,
deposition,TSFGA,3,79,2.2086870641299017,1.817383761607116,8.0,
deposition,TSFGA,3,80,2.2086870641299017,1.894068920554427,8.0,
deposition,TSFGA,3,81,2.2086870641299017,1.8480501968043963,8.0,
deposition,TSFGA,3,82,2.2086870641299017,1.8719351449095967,8.0,
deposition,TSFGA,3,83,2.2086870641299017,1.8594133263340704,8.0,
deposition,TSFGA,3,84,2.2086870641299017,1.855017141659625,8.0,
deposition,TSFGA,3,85,2.2086870641299017,1.8348883151544702,8.0,
deposition,TSFGA,3,86,2.2086870641299017,1.8636984716692866,8.0,
deposition,TSFGA,3,87,2.2086870641299017,1.8461354247717208,8.0,
deposition,TSFGA,3,88,2.2086870641299017,1.8597018156993066,8.0,
deposition,TSFGA,3,89,2.2086870641299017,1.889344662893683,8.0,
deposition,TSFGA,3,90,2.2086870641299017,1.839701190723595,8.0,
deposition,TSFGA,3,91,2.2086870641299017,1.7857148465694361,8.0,
deposition,TSFGA,3,92,2.2086870641299017,1.7668739721696725,8.0,
deposition,TSFGA,3,93,2.2086870641299017,1.7695294521055047,8.0,
deposition,TSFGA,3,94,2.2086870641299017,1.8241441663608142,8.0,
deposition,TSFGA,4,0,1.9488510593565063,1.4249740114780889,20.0,
deposition,TSFGA,4,1,1.9815783225377934,1.5829298926386646,17.0,
deposition,TSFGA,4,2,2.038254852787265,1.69174444036875,16.0,
deposition,TSFGA,4,3,2.038254852787265,1.736051574005952,16.0,
deposition,TSFGA,4,4,2.039342581803766,1.7487858654762494,16.0,
deposition,TSFGA,4,5,2.0771584279436413,1.691378097775813,14.0,
deposition,TSFGA,4,6,2.0771584279436413,1.7485284843351132,14.0,
deposition,TSFGA,4,7,2.0771584279436413,1.7458973609223307,14.0,
deposition,TSFGA,4,8,2.097178853853209,1.737005082956054,13.0,
deposition,TSFGA,4,9,2.097178853853209,1.7672885029185714,13.0,
deposition,TSFGA,4,10,2.097178853853209,1.7510836117568196,13.0,
deposition,TSFGA,4,11,2.138228394780339,1.7525831709310498,11.0,
deposition,TSFGA,4,12,2.138228394780339,1.7734562063148687,11.0,
deposition,TSFGA,4,13,2.138228394780339,1.7738896579260328,11.0,
deposition,TSFGA,4,14,2.138228394780339,1.7704448641555524,11.0,
deposition,TSFGA,4,15,2.138228394780339,1.7706137143183938,11.0,
deposition,TSFGA,4,16,2.138228394780339,1.7336191135345793,11.0,
deposition,TSFGA,4,17,2.138228394780339,1.7643657002974842,11.0,
deposition,TSFGA,4,18,2.138228394780339,1.8134738208522747,11.0,
deposition,TSFGA,4,19,2.138228394780339,1.7943363649587627,11.0,
deposition,TSFGA,4,20,2.146957340097726,1.8273151449582337,11.0,
deposition,TSFGA,4,21,2.146957340097726,1.8466082120533678,11.0,
deposition,TSFGA,4,22,2.1606788821345426,1.8554273420798366,10.0,
deposition,TSFGA,4,23,2.1606788821345426,1.8898962903008525,10.0,
deposition,TSFGA,4,24,2.1606788821345426,1.8396788438730869,10.0,
deposition,TSFGA,4,25,2.1606788821345426,1.841368139189972,10.0,
deposition,TSFGA,4,26,2.1606788821345426,1.7294112466419016,10.0,
deposition,TSFGA,4,27,2.1606788821345426,1.7707617437148364,10.0,
deposition,TSFGA,4,28,2.1606788821345426,1.8199894831643264,10.0,
deposition,TSFGA,4,29,2.1606788821345426,1.8120785130625356,10.0,
deposition,TSFGA,4,30,2.1606788821345426,1.7669240364385377,10.0,
deposition,TSFGA,4,31,2.1606788821345426,1.7601021787104116,10.0,
deposition,TSFGA,4,32,2.1606788821345426,1.7955045258857296,10.0,
deposition,TSFGA,4,33,2.1606788821345426,1.8254226351208682,10.0,
deposition,TSFGA,4,34,2.1606788821345426,1.8314360698694707,10.0,
deposition,TSFGA,4,35,2.1606788821345426,1.8406778087195015,10.0,
deposition,TSFGA,4,36,2.1759448534882364,1.8235183340849488,10.0,
deposition,TSFGA,4,37,2.1759448534882364,1.7853156084770998,10.0,
deposition,TSFGA,4,38,2.1759448534882364,1.7778524026700548,10.0,
deposition,TSFGA,4,39,2.1759448534882364,1.8170911574587507,10.0,
deposition,TSFGA,4,40,2.1759448534882364,1.776124808648926,10.0,
deposition,TSFGA,4,41,2.1759448534882364,1.7779853278917792,10.0,
deposition,TSFGA,4,42,2.1759448534882364,1.7453533078263284,10.0,
deposition,TSFGA,4,43,2.1759448534882364,1.7582816583227256,10.0,
deposition,TSFGA,4,44,2.1759448534882364,1.794359210722734,10.0,
deposition,TSFGA,4,45,2.1759448534882364,1.8412822480511852,10.0,
deposition,TSFGA,4,46,2.1759448534882364,1.8422225669927734,10.0,
deposition,TSFGA,4,47,2.1759448534882364,1.8272277439506968,10.0,
deposition,TSFGA,4,48,2.1759448534882364,1.8514861886482614,10.0,
deposition,TSFGA,4,49,2.1759448534882364,1.7989829268834132,10.0,
deposition,TSFGA,4,50,2.1759448534882364,1.7691787178359484,10.0,
deposition,TSFGA,4,51,2.2134174394006227,1.7688325345759779,8.0,
deposition,TSFGA,4,52,2.2134174394006227,1.7942976762397058,8.0,
deposition,TSFGA,4,53,2.2134174394006227,1.8659339173869511,8.0,
deposition,TSFGA,4,54,2.2134174394006227,1.8355116304354955,8.0,
deposition,TSFGA,4,55,2.2134174394006227,1.8015953403050156,8.0,
deposition,TSFGA,4,56,2.2134174394006227,1.7995919755514769,8.0,
deposition,TSFGA,4,57,2.2134174394006227,1.799012490279015,8.0,
deposition,TSFGA,4,58,2.2134174394006227,1.7715714167420935,8.0,
deposition,TSFGA,4,59,2.2134174394006227,1.8421892402794167,8.0,
deposition,TSFGA,4,60,2.2134174394006227,1.8594349644052144,8.0,
deposition,TSFGA,4,61,2.2134174394006227,1.8317755612223927,8.0,
deposition,TSFGA,4,62,2.2134174394006227,1.8477956044754182,8.0,
deposition,TSFGA,4,63,2.2134174394006227,1.8562955534522334,8.0,
deposition,TSFGA,4,64,2.2134174394006227,1.8069123986963525,8.0,
deposition,TSFGA,4,65,2.2134174394006227,1.8540755072161694,8.0,
deposition,TSFGA,4,66,2.2134174394006227,1.8369894320530196,8.0,
deposition,TSFGA,4,67,2.2134174394006227,1.7880252686157807,8.0,
deposition,TSFGA,4,68,2.2134174394006227,1.7778154406341908,8.0,
deposition,TSFGA,4,69,2.2134174394006227,1.843884024908015,8.0,
deposition,TSFGA,4,70,2.2134174394006227,1.8689541689828235,8.0,
deposition,TSFGA,4,71,2.2134174394006227,1.8285042002683098,8.0,
deposition,TSFGA,4,72,2.2134174394006227,1.8248099962552602,8.0,
deposition,TSFGA,4,73,2.2134174394006227,1.8182711240546567,8.0,
deposition,TSFGA,4,74,2.2134174394006227,1.802669776381792,8.0,
deposition,TSFGA,4,75,2.2134174394006227,1.7801957974796943,8.0,
deposition,TSFGA,4,76,2.2134174394006227,1.7445599141573027,8.0,
deposition,TSFGA,4,77,2.2134174394006227,1.7970583401656768,8.0,
deposition,TSFGA,4,78,2.2134174394006227,1.8291583652801358,8.0,
deposition,TSFGA,4,79,2.2134174394006227,1.852436834321947,8.0,
deposition,TSFGA,4,80,2.2134174394006227,1.8058968267831499,8.0,
deposition,TSFGA,4,81,2.2134174394006227,1.8209127261691815,8.0,
deposition,TSFGA,4,82,2.2134174394006227,1.8271522082127447,8.0,
deposition,TSFGA,4,83,2.2134174394006227,1.79247251835512,8.0,
deposition,TSFGA,4,84,2.2134174394006227,1.8355322371689646,8.0,
deposition,TSFGA,4,85,2.2134174394006227,1.8322555925196693,8.0,
deposition,TSFGA,4,86,2.2134174394006227,1.7906844793197567,8.0,
deposition,TSFGA,4,87,2.2134174394006227,1.7912716886571993,8.0,
deposition,TSFGA,4,88,2.2271323031167096,1.7794004023282988,7.0,
deposition,TSFGA,4,89,2.2271323031167096,1.7660498247038965,7.0,
deposition,TSFGA,4,90,2.2271323031167096,1.8491752149892435,7.0,
deposition,TSFGA,4,91,2.2271323031167096,1.802957489642857,7.0,
deposition,TSFGA,4,92,2.2271323031167096,1.8149341088308248,7.0,
deposition,TSFGA,4,93,2.2271323031167096,1.8078445939525416,7.0,
deposition,TSFGA,4,94,2.2271323031167096,1.799630146312633,7.0,
deposition,TSFGA,4,95,2.2271323031167096,1.8287635882988766,7.0,
deposition,TSFGA,4,96,2.2271323031167096,1.8285505659975758,7.0,
deposition,TSFGA,4,97,2.2271323031167096,1.7770104070210795,7.0,
deposition,TSFGA,4,98,2.2271323031167096,1.841841866147076,7.0,
deposition,TSFGA,4,99,2.2271323031167096,1.8374127455435456,7.0,
deposition,TSFGA,4,100,2.2271323031167096,1.8451471891891658,7.0,
deposition,TSFGA,4,101,2.2271323031167096,1.854353339244735,7.0,
deposition,TSFGA,4,102,2.2271323031167096,1.8210048247074517,7.0,
deposition,TSFGA,4,103,2.2271323031167096,1.8088396356925653,7.0,
deposition,TSFGA,4,104,2.2271323031167096,1.8382418312356503,7.0,
deposition,TSFGA,4,105,2.2271323031167096,1.8662709257533094,7.0,
deposition,TSFGA,4,106,2.2271323031167096,1.8777945907481972,7.0,
deposition,TSFGA,4,107,2.2271323031167096,1.8547120044973802,7.0,
deposition,TSFGA,4,108,2.2271323031167096,1.865703375073132,7.0,
deposition,TSFGA,4,109,2.2271323031167096,1.823755906880892,7.0,
deposition,TSFGA,4,110,2.2271323031167096,1.7934285455590178,7.0,
deposition,TSFGA,4,111,2.2271323031167096,1.8282488773253256,7.0,
deposition,TSFGA,4,112,2.2271323031167096,1.8078947512167063,7.0,
deposition,TSFGA,4,113,2.2271323031167096,1.7924850752987331,7.0,
deposition,TSFGA,4,114,2.2271323031167096,1.8666166470000447,7.0,
deposition,TSFGA,4,115,2.2271323031167096,1.8113013205497073,7.0,
deposition,TSFGA,4,116,2.2271323031167096,1.833654466334827,7.0,
deposition,TSFGA,4,117,2.2271323031167096,1.8287320614518356,7.0,
deposition,TSFGA,4,118,2.2271323031167096,1.825190379181862,7.0,
deposition,TSFGA,4,119,2.2271323031167096,1.7651874719372465,7.0,
deposition,TSFGA,4,120,2.2271323031167096,1.7867064429605286,7.0,
deposition,TSFGA,4,121,2.2271323031167096,1.7969608890672624,7.0,
deposition,TSFGA,4,122,2.2271323031167096,1.7641658193092034,7.0,
deposition,TSFGA,4,123,2.2271323031167096,1.7818852858833896,7.0,
deposition,TSFGA,4,124,2.2271323031167096,1.7170829707048334,7.0,
deposition,TSFGA,4,125,2.2271323031167096,1.764387168766661,7.0,
deposition,TSFGA,4,126,2.2271323031167096,1.7566378064176273,7.0,
deposition,TSFGA,4,127,2.2271323031167096,1.7969610264372549,7.0,
deposition,TSFGA,4,128,2.2328879586894566,1.7839658584924862,8.0,
deposition,TSFGA,4,129,2.2328879586894566,1.7938171126220603,8.0,
deposition,TSFGA,4,130,2.2526651499710733,1.790745651857834,6.0,
deposition,TSFGA,4,131,2.2526651499710733,1.7606365702586764,6.0,
deposition,TSFGA,4,132,2.2526651499710733,1.774997186587155,6.0,
deposition,TSFGA,4,133,2.2526651499710733,1.8152866424193015,6.0,
deposition,TSFGA,4,134,2.2526651499710733,1.852500832804234,6.0,
deposition,TSFGA,4,135,2.2526651499710733,1.8269303248353914,6.0,
deposition,TSFGA,4,136,2.2526651499710733,1.813919929832818,6.0,
deposition,TSFGA,4,137,2.2526651499710733,1.8394872917927008,6.0,
deposition,TSFGA,4,138,2.2526651499710733,1.8066929321546332,6.0,
deposition,TSFGA,4,139,2.2526651499710733,1.8220084636914056,6.0,
deposition,TSFGA,4,140,2.2526651499710733,1.8061670633033267,6.0,
deposition,TSFGA,4,141,2.2526651499710733,1.81318521058509,6.0,
deposition,TSFGA,4,142,2.2526651499710733,1.8146000042235635,6.0,
deposition,TSFGA,4,143,2.2526651499710733,1.8120940786471222,6.0,
deposition,TSFGA,4,144,2.2526651499710733,1.7862797872055225,6.0,
deposition,TSFGA,4,145,2.2526651499710733,1.762154674717527,6.0,
deposition,TSFGA,4,146,2.2526651499710733,1.7791739320028674,6.0,
deposition,TSFGA,4,147,2.2526651499710733,1.833176816206636,6.0,
deposition,TSFGA,4,148,2.2526651499710733,1.834840776118321,6.0,
deposition,TSFGA,4,149,2.2526651499710733,1.831605586055673,6.0,
deposition,TSFGA,4,150,2.2526651499710733,1.8757368006446438,6.0,
deposition,TSFGA,4,151,2.2526651499710733,1.8516095206889909,6.0,
deposition,TSFGA,4,152,2.2526651499710733,1.8477621354427658,6.0,
deposition,TSFGA,4,153,2.2526651499710733,1.8463135414925156,6.0,
deposition,TSFGA,4,154,2.2526651499710733,1.8259863126300524,6.0,
deposition,TSFGA,4,155,2.2526651499710733,1.8152075052068266,6.0,
deposition,TSFGA,4,156,2.2526651499710733,1.801322569361433,6.0,
deposition,TSFGA,4,157,2.2526651499710733,1.7984394390991834,6.0,
deposition,TSFGA,4,158,2.2526651499710733,1.8396365183507206,6.0,
deposition,TSFGA,4,159,2.2526651499710733,1.8379851247320218,6.0,
deposition,TSFGA,4,160,2.2526651499710733,1.868620636164541,6.0,
deposition,TSFGA,4,161,2.2526651499710733,1.831342607452606,6.0,
deposition,TSFGA,4,162,2.2526651499710733,1.8236213951498796,6.0,
deposition,TSFGA,4,163,2.2526651499710733,1.8525331611175233,6.0,
deposition,TSFGA,4,164,2.2526651499710733,1.8393916116058637,6.0,
deposition,TSFGA,4,165,2.2526651499710733,1.8274104560656368,6.0,
deposition,TSFGA,4,166,2.2526651499710733,1.8187421028570825,6.0,
deposition,TSFGA,4,167,2.26330255772389,1.829922110482294,7.0,
deposition,TSFGA,4,168,2.26330255772389,1.8307959071763036,7.0,
deposition,TSFGA,4,169,2.26330255772389,1.862855884267054,7.0,
deposition,TSFGA,4,170,2.26330255772389,1.855368942856714,7.0,
deposition,TSFGA,4,171,2.26330255772389,1.8867035499863594,7.0,
deposition,TSFGA,4,172,2.26330255772389,1.8363556120043019,7.0,
deposition,TSFGA,4,173,2.26330255772389,1.814177421887439,7.0,
deposition,TSFGA,4,174,2.26330255772389,1.7804820889501465,7.0,
deposition,TSFGA,4,175,2.26330255772389,1.77351308617047,7.0,
deposition,TSFGA,4,176,2.26330255772389,1.761520655859974,7.0,
deposition,TSFGA,4,177,2.26330255772389,1.731742071637599,7.0,
deposition,TSFGA,4,178,2.26330255772389,1.7542678901921136,7.0,
deposition,TSFGA,4,179,2.26330255772389,1.8399574408775958,7.0,
deposition,TSFGA,4,180,2.26330255772389,1.8919156888558333,7.0,
deposition,TSFGA,4,181,2.26330255772389,1.8267832534111477,7.0,
deposition,TSFGA,4,182,2.26330255772389,1.860200988025916,7.0,
deposition,TSFGA,4,183,2.26330255772389,1.8301623566587444,7.0,
deposition,TSFGA,4,184,2.26330255772389,1.8287371792149572,7.0,
deposition,TSFGA,4,185,2.26330255772389,1.7717636485436927,7.0,
deposition,TSFGA,4,186,2.26330255772389,1.8158871565260797,7.0,
deposition,TSFGA,4,187,2.26330255772389,1.8035900198151396,7.0,
deposition,TSFGA,4,188,2.26330255772389,1.8468548069268997,7.0,
deposition,TSFGA,4,189,2.26330255772389,1.7906921975716528,7.0,
deposition,TSFGA,4,190,2.26330255772389,1.7616473854726629,7.0,
deposition,TSFGA,4,191,2.26330255772389,1.7894306621204705,7.0,
deposition,TSFGA,4,192,2.26330255772389,1.8164690558594998,7.0,
deposition,TSFGA,4,193,2.26330255772389,1.8271941748160103,7.0,
deposition,TSFGA,4,194,2.26330255772389,1.7811285629502969,7.0,
deposition,TSFGA,4,195,2.26330255772389,1.7558333888930566,7.0,
deposition,TSFGA,4,196,2.26330255772389,1.7877769600962736,7.0,
deposition,TSFGA,4,197,2.26330255772389,1.8279434763575928,7.0,
deposition,TSFGA,4,198,2.26330255772389,1.7980315974791807,7.0,
deposition,TSFGA,4,199,2.26330255772389,1.7926267284042865,7.0,
deposition,TSFGA,4,200,2.26330255772389,1.8225579355526276,7.0,
deposition,NSGA2,0,0,0.6607016464838601,0.43970928136800874,,6.0
deposition,NSGA2,0,1,0.6611579421069902,0.5243314506127414,,5.0
deposition,NSGA2,0,2,0.6627374199140588,0.5328030307345435,,4.0
deposition,NSGA2,0,3,0.6679601895179077,0.5492220960824823,,8.0
deposition,NSGA2,0,4,0.675046324690266,0.5807505297591486,,5.0
deposition,NSGA2,0,5,0.675046324690266,0.603106987118158,,5.0
deposition,NSGA2,0,6,0.6824379753063752,0.5921000793587291,,3.0
deposition,NSGA2,0,7,0.683787539867295,0.6159055510566039,,5.0
deposition,NSGA2,0,8,0.6873054699208145,0.6448475407864626,,5.0
deposition,NSGA2,0,9,0.6873054699208145,0.633445391495619,,6.0
deposition,NSGA2,0,10,0.6873054699208145,0.6413437038369535,,5.0
deposition,NSGA2,0,11,0.6894277856316244,0.6317048845780391,,4.0
deposition,NSGA2,0,12,0.6894277856316244,0.6265537708169411,,6.0
deposition,NSGA2,0,13,0.6902715713231644,0.6447349486782502,,5.0
deposition,NSGA2,0,14,0.693891879197792,0.6506665025592209,,4.0
deposition,NSGA2,0,15,0.6974361676019362,0.6439159128269465,,6.0
deposition,NSGA2,0,16,0.6974361676019362,0.6357826890115901,,5.0
deposition,NSGA2,0,17,0.6974361676019362,0.6679374621435812,,10.0
deposition,NSGA2,0,18,0.6974361676019362,0.6493680221280365,,15.0
deposition,NSGA2,0,19,0.6975071042807122,0.646644918314792,,25.0
deposition,NSGA2,0,20,0.6975071042807122,0.6497892404045282,,41.0
deposition,NSGA2,0,21,0.6975071042807122,0.6630939443687818,,63.0
deposition,NSGA2,0,22,0.6975071042807122,0.6630508692214605,,73.0
deposition,NSGA2,0,23,0.6975071042807122,0.6698471130954018,,80.0
deposition,NSGA2,0,24,0.6975071042807122,0.6697095367200344,,80.0
deposition,NSGA2,0,25,0.6975071042807122,0.6693115896573761,,80.0
deposition,NSGA2,0,26,0.6975071042807122,0.6691743747843004,,80.0
deposition,NSGA2,0,27,0.6975071042807122,0.6617935534517563,,80.0
deposition,NSGA2,0,28,0.6975071042807122,0.6618549872275062,,80.0
deposition,NSGA2,0,29,0.6975071042807122,0.6616252968083022,,80.0
deposition,NSGA2,0,30,0.6975071042807122,0.6618828443687167,,80.0
deposition,NSGA2,0,31,0.6975071042807122,0.661723549769597,,80.0
deposition,NSGA2,0,32,0.6975071042807122,0.657750144761838,,80.0
deposition,NSGA2,0,33,0.6975071042807122,0.6582117994878963,,80.0
deposition,NSGA2,0,34,0.6975071042807122,0.6578448209560399,,80.0
deposition,NSGA2,0,35,0.6975071042807122,0.6544850676108588,,80.0
deposition,NSGA2,0,36,0.6975071042807122,0.6508959121091886,,80.0
deposition,NSGA2,0,37,0.6975071042807122,0.6471468122433923,,80.0
deposition,NSGA2,0,38,0.6975071042807122,0.6475000199791029,,80.0
deposition,NSGA2,0,39,0.6975071042807122,0.6476375963544702,,80.0
deposition,NSGA2,0,40,0.6975071042807122,0.6488453821039472,,80.0
deposition,NSGA2,0,41,0.6975071042807122,0.6488764238743252,,80.0
deposition,NSGA2,0,42,0.6975071042807122,0.6454661111830873,,80.0
deposition,NSGA2,0,43,0.6975071042807122,0.6454661111830873,,80.0
deposition,NSGA2,0,44,0.6975071042807122,0.6452194380523659,,80.0
deposition,NSGA2,0,45,0.6975071042807122,0.6455726457880764,,80.0
deposition,NSGA2,0,46,0.6975071042807122,0.6453570144277332,,80.0
deposition,NSGA2,0,47,0.6975071042807122,0.6488598333007332,,80.0
deposition,NSGA2,0,48,0.6975071042807122,0.6485376673354007,,80.0
deposition,NSGA2,0,49,0.6975071042807122,0.6523734959677924,,80.0
deposition,NSGA2,0,50,0.6975071042807122,0.6487168716481244,,80.0
deposition,NSGA2,0,51,0.6975071042807122,0.6488342806828065,,80.0
deposition,NSGA2,0,52,0.6975071042807122,0.6484868197266289,,80.0
deposition,NSGA2,0,53,0.6975071042807122,0.6490246170523044,,80.0
deposition,NSGA2,0,54,0.6975071042807122,0.6532440454257784,,80.0
deposition,NSGA2,0,55,0.6975071042807122,0.6529980220600633,,80.0
deposition,NSGA2,0,56,0.6975071042807122,0.6524861694902395,,80.0
deposition,NSGA2,0,57,0.6975071042807122,0.6481793625851637,,80.0
deposition,NSGA2,0,58,0.6975071042807122,0.6519339516034116,,80.0
deposition,NSGA2,0,59,0.6975071042807122,0.6553861804947209,,80.0
deposition,NSGA2,0,60,0.6975071042807122,0.6547421368267712,,80.0
deposition,NSGA2,0,61,0.6975071042807122,0.6514997925162722,,80.0
deposition,NSGA2,0,62,0.6975071042807122,0.6478882690258432,,80.0
deposition,NSGA2,0,63,0.6975071042807122,0.6483950245811407,,80.0
deposition,NSGA2,0,64,0.6975071042807122,0.6482465737760803,,80.0
deposition,NSGA2,0,65,0.6975071042807122,0.6481704311764631,,80.0
deposition,NSGA2,0,66,0.6975071042807122,0.6478626857722831,,80.0
deposition,NSGA2,0,67,0.6975071042807122,0.6438639857736789,,80.0
deposition,NSGA2,0,68,0.6975071042807122,0.6444772759339653,,80.0
deposition,NSGA2,0,69,0.6975071042807122,0.6369591664887688,,80.0
deposition,NSGA2,0,70,0.6975071042807122,0.6374240058439951,,80.0
deposition,NSGA2,0,71,0.6975071042807122,0.6372249956928776,,80.0
deposition,NSGA2,0,72,0.6975071042807122,0.6365141329719364,,80.0
deposition,NSGA2,0,73,0.6975071042807122,0.6362732066207479,,80.0
deposition,NSGA2,0,74,0.6975071042807122,0.6326219675783212,,80.0
deposition,NSGA2,0,75,0.6975071042807122,0.6292509783011557,,80.0
deposition,NSGA2,0,76,0.6975071042807122,0.6411680086952647,,80.0
deposition,NSGA2,0,77,0.6975071042807122,0.6450601740888798,,80.0
deposition,NSGA2,0,78,0.6975071042807122,0.644788205967313,,80.0
deposition,NSGA2,0,79,0.6975071042807122,0.6448445427285366,,80.0
deposition,NSGA2,0,80,0.6975071042807122,0.6453459130065926,,80.0
deposition,NSGA2,0,81,0.6975071042807122,0.6487479440541363,,80.0
deposition,NSGA2,0,82,0.6975071042807122,0.6453267569332052,,80.0
deposition,NSGA2,0,83,0.6975071042807122,0.6454141354648069,,80.0
deposition,NSGA2,0,84,0.6975071042807122,0.6487128165365293,,80.0
deposition,NSGA2,0,85,0.6975071042807122,0.6487995453031247,,80.0
deposition,NSGA2,0,86,0.6975071042807122,0.6483119458212148,,80.0
deposition,NSGA2,0,87,0.6975071042807122,0.6443273048814714,,80.0
deposition,NSGA2,0,88,0.6975071042807122,0.6478297316165461,,80.0
deposition,NSGA2,0,89,0.6975071042807122,0.652004347423496,,80.0
deposition,NSGA2,0,90,0.6975071042807122,0.6514466403842165,,80.0
deposition,NSGA2,0,91,0.6975071042807122,0.6515080741599666,,80.0
deposition,NSGA2,0,92,0.6975071042807122,0.6511859081946343,,80.0
deposition,NSGA2,0,93,0.6975071042807122,0.6481172790444074,,80.0
deposition,NSGA2,0,94,0.6975071042807122,0.6444660400019808,,80.0
deposition,NSGA2,0,95,0.6975071042807122,0.6444660400019808,,80.0
deposition,NSGA2,0,96,0.6975071042807122,0.6480248034982792,,80.0
deposition,NSGA2,0,97,0.6975071042807122,0.6474255723968536,,80.0
deposition,NSGA2,0,98,0.6975071042807122,0.6478708941764009,,80.0
deposition,NSGA2,0,99,0.6975071042807122,0.6517377645791708,,80.0
deposition,NSGA2,0,100,0.6975071042807122,0.6513541648380883,,80.0
deposition,NSGA2,0,101,0.6975071042807122,0.651707084311084,,80.0
deposition,NSGA2,0,102,0.6975071042807122,0.6477480998644773,,80.0
deposition,NSGA2,0,103,0.6975071042807122,0.6480702658298096,,80.0
deposition,NSGA2,0,104,0.6975071042807122,0.6479022974490706,,80.0
deposition,NSGA2,0,105,0.6975071042807122,0.6476779923071078,,80.0
deposition,NSGA2,0,106,0.6975071042807122,0.6476469505367296,,80.0
deposition,NSGA2,0,107,0.6975071042807122,0.6516005497060948,,80.0
deposition,NSGA2,0,108,0.6975071042807122,0.6515861291449425,,80.0
deposition,NSGA2,0,109,0.6975071042807122,0.6519444338951796,,80.0
deposition,NSGA2,0,110,0.6975071042807122,0.6450963128737845,,80.0
deposition,NSGA2,0,111,0.6975071042807122,0.6452642812545237,,80.0
deposition,NSGA2,0,112,0.6975071042807122,0.6487728469070564,,80.0
deposition,NSGA2,0,113,0.6975071042807122,0.6486192990874697,,80.0
deposition,NSGA2,0,114,0.6975071042807122,0.6481793625851637,,80.0
deposition,NSGA2,0,115,0.6975071042807122,0.6520404862084008,,80.0
deposition,NSGA2,0,116,0.6975071042807122,0.6485882573170916,,80.0
deposition,NSGA2,0,117,0.6975071042807122,0.651707084311084,,80.0
deposition,NSGA2,0,118,0.6975071042807122,0.651707084311084,,80.0
deposition,NSGA2,0,119,0.6975071042807122,0.6478571966198314,,80.0
deposition,NSGA2,0,120,0.6975071042807122,0.6483281748925156,,80.0
deposition,NSGA2,0,121,0.6975071042807122,0.6485127644824805,,80.0
deposition,NSGA2,0,122,0.6975071042807122,0.6439903262170616,,80.0
deposition,NSGA2,0,123,0.6975071042807122,0.6446455325774193,,80.0
deposition,NSGA2,0,124,0.6975071042807122,0.644429901217076,,80.0
deposition,NSGA2,0,125,0.6975071042807122,0.6404763020477109,,80.0
deposition,NSGA2,0,126,0.6975071042807122,0.6441745543047352,,80.0
deposition,NSGA2,0,127,0.6975071042807122,0.6479746056545136,,80.0
deposition,NSGA2,0,128,0.6975071042807122,0.6475856206361897,,80.0
deposition,NSGA2,0,129,0.6975071042807122,0.6513600154928314,,80.0
deposition,NSGA2,0,130,0.6975071042807122,0.6472269237480276,,80.0
deposition,NSGA2,0,131,0.6975071042807122,0.647672245527575,,80.0
deposition,NSGA2,0,132,0.6975071042807122,0.6518302401252989,,80.0
deposition,NSGA2,0,133,0.6975071042807122,0.6484849073412702,,80.0
deposition,NSGA2,0,134,0.6975071042807122,0.6402661292041855,,80.0
deposition,NSGA2,0,135,0.6975071042807122,0.6435337685055298,,80.0
deposition,NSGA2,0,136,0.6975071042807122,0.6438057366270966,,80.0
deposition,NSGA2,0,137,0.6975071042807122,0.6439599342116897,,80.0
deposition,NSGA2,0,138,0.6975071042807122,0.6438476528271678,,80.0
deposition,NSGA2,0,139,0.6975071042807122,0.644687810279782,,80.0
deposition,NSGA2,0,140,0.6975071042807122,0.6494594565400839,,80.0
deposition,NSGA2,0,141,0.6975071042807122,0.6452089863962316,,80.0
deposition,NSGA2,0,142,0.6975071042807122,0.637225645457884,,80.0
deposition,NSGA2,0,143,0.6975071042807122,0.6373488012720989,,80.0
deposition,NSGA2,0,144,0.6975071042807122,0.6337734165665747,,80.0
deposition,NSGA2,0,145,0.6975071042807122,0.6334400146692578,,80.0
deposition,NSGA2,0,146,0.6975071042807122,0.633669705088462,,80.0
deposition,NSGA2,0,147,0.6975071042807122,0.6413557829143975,,80.0
deposition,NSGA2,0,148,0.6975071042807122,0.6414988484422165,,80.0
deposition,NSGA2,0,149,0.6975071042807122,0.6449510773335257,,80.0
deposition,NSGA2,0,150,0.6975071042807122,0.6486023163759523,,80.0
deposition,NSGA2,0,151,0.6975071042807122,0.6486023163759523,,80.0
deposition,NSGA2,0,152,0.6975071042807122,0.6449510773335257,,80.0
deposition,NSGA2,0,153,0.6975071042807122,0.6414540358756924,,80.0
deposition,NSGA2,0,154,0.6975071042807122,0.6417621427821638,,80.0
deposition,NSGA2,0,155,0.6975071042807122,0.6415465114218206,,80.0
deposition,NSGA2,0,156,0.6975071042807122,0.6413168210026164,,80.0
deposition,NSGA2,0,157,0.6975071042807122,0.6448304836696758,,80.0
deposition,NSGA2,0,158,0.6975071042807122,0.6484925971417954,,80.0
deposition,NSGA2,0,159,0.6975071042807122,0.6483080075518304,,80.0
deposition,NSGA2,0,160,0.6975071042807122,0.644497473910284,,80.0
deposition,NSGA2,0,161,0.6975071042807122,0.6405384894636775,,80.0
deposition,NSGA2,0,162,0.6975071042807122,0.6406252182302727,,80.0
deposition,NSGA2,0,163,0.6975071042807122,0.640793186611012,,80.0
deposition,NSGA2,0,164,0.6975071042807122,0.6373358607051761,,80.0
deposition,NSGA2,0,165,0.6975071042807122,0.6373358607051761,,80.0
deposition,NSGA2,0,166,0.6975071042807122,0.637366540973263,,80.0
deposition,NSGA2,0,167,0.6975071042807122,0.6373051071975129,,80.0
deposition,NSGA2,0,168,0.6975071042807122,0.637366540973263,,80.0
deposition,NSGA2,0,169,0.6975071042807122,0.6404911147467883,,80.0
deposition,NSGA2,0,170,0.6975071042807122,0.64432694337918,,80.0
deposition,NSGA2,0,171,0.6975071042807122,0.6442601243261884,,80.0
deposition,NSGA2,0,172,0.6975071042807122,0.6514051163220704,,80.0
deposition,NSGA2,0,173,0.6975071042807122,0.6477592625568853,,80.0
deposition,NSGA2,0,174,0.6975071042807122,0.6440827285236134,,80.0
deposition,NSGA2,0,175,0.6975071042807122,0.6439761939186243,,80.0
deposition,NSGA2,0,176,0.6975071042807122,0.6400840285250091,,80.0
deposition,NSGA2,0,177,0.6975071042807122,0.6361416652876283,,80.0
deposition,NSGA2,0,178,0.6975071042807122,0.6355785729711074,,80.0
deposition,NSGA2,0,179,0.6975071042807122,0.6357775831222249,,80.0
deposition,NSGA2,0,180,0.6975071042807122,0.6364526685605527,,80.0
deposition,NSGA2,0,181,0.6975071042807122,0.6410253046697372,,80.0
deposition,NSGA2,0,182,0.6975071042807122,0.6371894760373455,,80.0
deposition,NSGA2,0,183,0.6975071042807122,0.63695942411585,,80.0
deposition,NSGA2,0,184,0.6975071042807122,0.6407591139633371,,80.0
deposition,NSGA2,0,185,0.6975071042807122,0.6444522692058349,,80.0
deposition,NSGA2,0,186,0.6975071042807122,0.6442366378454916,,80.0
deposition,NSGA2,0,187,0.6975071042807122,0.6413525982852297,,80.0
deposition,NSGA2,0,188,0.6975071042807122,0.6370042673180079,,80.0
deposition,NSGA2,0,189,0.6975071042807122,0.636564330815702,,80.0
deposition,NSGA2,0,190,0.6975071042807122,0.6367943827371976,,80.0
deposition,NSGA2,0,191,0.6975071042807122,0.6410397558665233,,80.0
deposition,NSGA2,0,192,0.6975071042807122,0.6443544083824652,,80.0
deposition,NSGA2,0,193,0.6975071042807122,0.6478568351175401,,80.0
deposition,NSGA2,0,194,0.6975071042807122,0.6447380081235476,,80.0
deposition,NSGA2,0,195,0.6975071042807122,0.6446148523093325,,80.0
deposition,NSGA2,0,196,0.6975071042807122,0.6412663348961359,,80.0
deposition,NSGA2,0,197,0.6975071042807122,0.640468093643593,,80.0
deposition,NSGA2,0,198,0.6975071042807122,0.6365397894650732,,80.0
deposition,NSGA2,0,199,0.6975071042807122,0.6333786847687181,,80.0
deposition,NSGA2,0,200,0.6975071042807122,0.6340652944017453,,80.0
deposition,NSGA2,1,0,0.6685611694561653,0.4061557400850367,,4.0
deposition,NSGA2,1,1,0.6685611694561653,0.5124761198632459,,7.0
deposition,NSGA2,1,2,0.6732598914108505,0.5328317061809125,,5.0
deposition,NSGA2,1,3,0.6758269240766515,0.5366792696912339,,4.0
deposition,NSGA2,1,4,0.6758269240766515,0.5672720387863557,,5.0
deposition,NSGA2,1,5,0.6832589989188944,0.57302297955123,,7.0
deposition,NSGA2,1,6,0.6861098719757119,0.57962457651425,,6.0
deposition,NSGA2,1,7,0.6861098719757119,0.5670105923182696,,5.0
deposition,NSGA2,1,8,0.6897899685812974,0.5819902634782335,,4.0
deposition,NSGA2,1,9,0.6945291078084405,0.6097090740455559,,4.0
deposition,NSGA2,1,10,0.6973636318410201,0.6046526049463614,,6.0
deposition,NSGA2,1,11,0.7023536616968721,0.6148896586796372,,3.0
deposition,NSGA2,1,12,0.7023536616968721,0.6219851805795571,,3.0
deposition,NSGA2,1,13,0.7052439303813685,0.5935484521988377,,4.0
deposition,NSGA2,1,14,0.7052439303813685,0.6066557808558447,,8.0
deposition,NSGA2,1,15,0.7052439303813685,0.5811956774145087,,10.0
deposition,NSGA2,1,16,0.7052439303813685,0.60136398649681,,12.0
deposition,NSGA2,1,17,0.7052439303813685,0.6053029604431776,,16.0
deposition,NSGA2,1,18,0.7052439303813685,0.6270897855031741,,16.0
deposition,NSGA2,1,19,0.7055842769905298,0.6417641034242413,,27.0
deposition,NSGA2,1,20,0.7055842769905298,0.6326643755749777,,46.0
deposition,NSGA2,1,21,0.7055842769905298,0.66485350310922,,72.0
deposition,NSGA2,1,22,0.7055842769905298,0.6825844912808461,,80.0
deposition,NSGA2,1,23,0.7055842769905298,0.6824507787956845,,80.0
deposition,NSGA2,1,24,0.7055842769905298,0.6727965774731939,,80.0
deposition,NSGA2,1,25,0.7055842769905298,0.6715586724324313,,80.0
deposition,NSGA2,1,26,0.7055842769905298,0.6670105214827704,,80.0
deposition,NSGA2,1,27,0.7055842769905298,0.6621442414191845,,80.0
deposition,NSGA2,1,28,0.7055842769905298,0.6621141801804449,,80.0
deposition,NSGA2,1,29,0.7055842769905298,0.6618799625266334,,80.0
deposition,NSGA2,1,30,0.7055842769905298,0.6568727946032269,,80.0
deposition,NSGA2,1,31,0.7055842769905298,0.6575613796939053,,80.0
deposition,NSGA2,1,32,0.7055842769905298,0.658724072007759,,80.0
deposition,NSGA2,1,33,0.7055842769905298,0.6634819320279242,,80.0
deposition,NSGA2,1,34,0.7055842769905298,0.6916646868882811,,80.0
deposition,NSGA2,1,35,0.7055842769905298,0.691879164755784,,80.0
deposition,NSGA2,1,36,0.7055842769905298,0.6913646748414382,,80.0
deposition,NSGA2,1,37,0.7055842769905298,0.6871006039092122,,80.0
deposition,NSGA2,1,38,0.7055842769905298,0.6833914055825033,,80.0
deposition,NSGA2,1,39,0.7055842769905298,0.6832173104061712,,80.0
deposition,NSGA2,1,40,0.7055842769905298,0.6782899468250079,,80.0
deposition,NSGA2,1,41,0.7055842769905298,0.6788344979780936,,80.0
deposition,NSGA2,1,42,0.7055842769905298,0.6787837938344918,,80.0
deposition,NSGA2,1,43,0.7055842769905298,0.6782495641338373,,80.0
deposition,NSGA2,1,44,0.7055842769905298,0.6702586787876924,,80.0
deposition,NSGA2,1,45,0.7055842769905298,0.666468715078642,,80.0
deposition,NSGA2,1,46,0.7055842769905298,0.6664687150786419,,80.0
deposition,NSGA2,1,47,0.7055842769905298,0.6624491832526589,,80.0
deposition,NSGA2,1,48,0.7055842769905298,0.6622750880763266,,80.0
deposition,NSGA2,1,49,0.7055842769905298,0.6579048400598986,,80.0
deposition,NSGA2,1,50,0.7055842769905298,0.6584193299742445,,80.0
deposition,NSGA2,1,51,0.7055842769905298,0.6580789352362307,,80.0
deposition,NSGA2,1,52,0.7055842769905298,0.6537593913634046,,80.0
deposition,NSGA2,1,53,0.7055842769905298,0.6494953204311787,,80.0
deposition,NSGA2,1,54,0.7055842769905298,0.6454354059140249,,80.0
deposition,NSGA2,1,55,0.7055842769905298,0.6381704615320771,,80.0
deposition,NSGA2,1,56,0.7055842769905298,0.6380066878081759,,80.0
deposition,NSGA2,1,57,0.7055842769905298,0.6374066637144897,,80.0
deposition,NSGA2,1,58,0.7055842769905298,0.6337757049323419,,80.0
deposition,NSGA2,1,59,0.7055842769905298,0.630066506605633,,80.0
deposition,NSGA2,1,60,0.7055842769905298,0.6297664945587899,,80.0
deposition,NSGA2,1,61,0.7055842769905298,0.6371573558112485,,80.0
deposition,NSGA2,1,62,0.7055842769905298,0.6376314630344239,,80.0
deposition,NSGA2,1,63,0.7055842769905298,0.6417769117309178,,80.0
deposition,NSGA2,1,64,0.7055842769905298,0.6384055823044423,,80.0
deposition,NSGA2,1,65,0.7055842769905298,0.6388796895276176,,80.0
deposition,NSGA2,1,66,0.7055842769905298,0.6389097507663573,,80.0
deposition,NSGA2,1,67,0.7055842769905298,0.642659331784237,,80.0
deposition,NSGA2,1,68,0.7055842769905298,0.6385439443264826,,80.0
deposition,NSGA2,1,69,0.7055842769905298,0.6420489862381198,,80.0
deposition,NSGA2,1,70,0.7055842769905298,0.6374745818066196,,80.0
deposition,NSGA2,1,71,0.7055842769905298,0.6333846060507262,,80.0
deposition,NSGA2,1,72,0.7055842769905298,0.6263341395362814,,80.0
deposition,NSGA2,1,73,0.7055842769905298,0.6258196496219353,,80.0
deposition,NSGA2,1,74,0.7055842769905298,0.6365921617533006,,80.0
deposition,NSGA2,1,75,0.7055842769905298,0.6370963302152155,,80.0
deposition,NSGA2,1,76,0.7055842769905298,0.6410303278618587,,80.0
deposition,NSGA2,1,77,0.7055842769905298,0.6445560126783579,,80.0
deposition,NSGA2,1,78,0.7055842769905298,0.6445156299871873,,80.0
deposition,NSGA2,1,79,0.7055842769905298,0.6371548299734682,,80.0
deposition,NSGA2,1,80,0.7055842769905298,0.6374247807815716,,80.0
deposition,NSGA2,1,81,0.7055842769905298,0.6370362077377363,,80.0
deposition,NSGA2,1,82,0.7055842769905298,0.6377247928284147,,80.0
deposition,NSGA2,1,83,0.7055842769905298,0.6417743858931375,,80.0
deposition,NSGA2,1,84,0.7055842769905298,0.6464042632652378,,80.0
deposition,NSGA2,1,85,0.7055842769905298,0.6462602293276452,,80.0
deposition,NSGA2,1,86,0.7055842769905298,0.6500549618336942,,80.0
deposition,NSGA2,1,87,0.7055842769905298,0.6470240271452324,,80.0
deposition,NSGA2,1,88,0.7055842769905298,0.6468602534213315,,80.0
deposition,NSGA2,1,89,0.7055842769905298,0.6425961824891055,,80.0
deposition,NSGA2,1,90,0.7055842769905298,0.6385465894243829,,80.0
deposition,NSGA2,1,91,0.7055842769905298,0.6384864669469036,,80.0
deposition,NSGA2,1,92,0.7055842769905298,0.6421505137854433,,80.0
deposition,NSGA2,1,93,0.7055842769905298,0.6497455314529738,,80.0
deposition,NSGA2,1,94,0.7055842769905298,0.6540143711821982,,80.0
deposition,NSGA2,1,95,0.7055842769905298,0.6540444324209378,,80.0
deposition,NSGA2,1,96,0.7055842769905298,0.6540744936596774,,80.0
deposition,NSGA2,1,97,0.7055842769905298,0.6542786500747493,,80.0
deposition,NSGA2,1,98,0.7055842769905298,0.6547630787503558,,80.0
deposition,NSGA2,1,99,0.7055842769905298,0.6592867790382538,,80.0
deposition,NSGA2,1,100,0.7055842769905298,0.6555869990454222,,80.0
deposition,NSGA2,1,101,0.7055842769905298,0.6512073326951168,,80.0
deposition,NSGA2,1,102,0.7055842769905298,0.6521959298326382,,80.0
deposition,NSGA2,1,103,0.7055842769905298,0.6520218346563059,,80.0
deposition,NSGA2,1,104,0.7055842769905298,0.6524404689388807,,80.0
deposition,NSGA2,1,105,0.7055842769905298,0.6524000862477101,,80.0
deposition,NSGA2,1,106,0.7055842769905298,0.6521404568920377,,80.0
deposition,NSGA2,1,107,0.7055842769905298,0.6443610225957437,,80.0
deposition,NSGA2,1,108,0.7055842769905298,0.6484209371128976,,80.0
deposition,NSGA2,1,109,0.7055842769905298,0.6443910838344833,,80.0
deposition,NSGA2,1,110,0.7055842769905298,0.6438869153725685,,80.0
deposition,NSGA2,1,111,0.7055842769905298,0.6439272980637392,,80.0
deposition,NSGA2,1,112,0.7055842769905298,0.6398579652127079,,80.0
deposition,NSGA2,1,113,0.7055842769905298,0.639353796750793,,80.0
deposition,NSGA2,1,114,0.7055842769905298,0.6431992334004438,,80.0
deposition,NSGA2,1,115,0.7055842769905298,0.6434437725066864,,80.0
deposition,NSGA2,1,116,0.7055842769905298,0.6427354476296996,,80.0
deposition,NSGA2,1,117,0.7055842769905298,0.6460870372698666,,80.0
deposition,NSGA2,1,118,0.7055842769905298,0.642490908523457,,80.0
deposition,NSGA2,1,119,0.7055842769905298,0.6381413034118912,,80.0
deposition,NSGA2,1,120,0.7055842769905298,0.6381009207207204,,80.0
deposition,NSGA2,1,121,0.7055842769905298,0.6386454718738062,,80.0
deposition,NSGA2,1,122,0.7055842769905298,0.6391599617881523,,80.0
deposition,NSGA2,1,123,0.7055842769905298,0.6431794936141353,,80.0
deposition,NSGA2,1,124,0.7055842769905298,0.6510848447809401,,80.0
deposition,NSGA2,1,125,0.7055842769905298,0.6477135153544646,,80.0
deposition,NSGA2,1,126,0.7055842769905298,0.6469845475726155,,80.0
deposition,NSGA2,1,127,0.7055842769905298,0.6426950649385288,,80.0
deposition,NSGA2,1,128,0.7055842769905298,0.6508497240085749,,80.0
deposition,NSGA2,1,129,0.7055842769905298,0.6471001429906952,,80.0
deposition,NSGA2,1,130,0.7055842769905298,0.6471302042294348,,80.0
deposition,NSGA2,1,131,0.7055842769905298,0.6431588507092731,,80.0
deposition,NSGA2,1,132,0.7055842769905298,0.6391289974308588,,80.0
deposition,NSGA2,1,133,0.7055842769905298,0.6350794043661361,,80.0
deposition,NSGA2,1,134,0.7055842769905298,0.6386652116601146,,80.0
deposition,NSGA2,1,135,0.7055842769905298,0.6386652116601146,,80.0
deposition,NSGA2,1,136,0.7055842769905298,0.6382972815211416,,80.0
deposition,NSGA2,1,137,0.7055842769905298,0.6377827916067955,,80.0
deposition,NSGA2,1,138,0.7055842769905298,0.6413282162096035,,80.0
deposition,NSGA2,1,139,0.7055842769905298,0.6422106362629224,,80.0
deposition,NSGA2,1,140,0.7055842769905298,0.6371217419170765,,80.0
deposition,NSGA2,1,141,0.7055842769905298,0.6411816564342303,,80.0
deposition,NSGA2,1,142,0.7055842769905298,0.6484466008161782,,80.0
deposition,NSGA2,1,143,0.7055842769905298,0.653010683795247,,80.0
deposition,NSGA2,1,144,0.7055842769905298,0.6523624813957394,,80.0
deposition,NSGA2,1,145,0.7055842769905298,0.6519184354113037,,80.0
deposition,NSGA2,1,146,0.7055842769905298,0.6554638600141115,,80.0
deposition,NSGA2,1,147,0.7055842769905298,0.6552296423603,,80.0
deposition,NSGA2,1,148,0.7055842769905298,0.6513137617807387,,80.0
deposition,NSGA2,1,149,0.7055842769905298,0.6476449461452006,,80.0
deposition,NSGA2,1,150,0.7055842769905298,0.6440694603036532,,80.0
deposition,NSGA2,1,151,0.7055842769905298,0.6438098309479808,,80.0
deposition,NSGA2,1,152,0.7055842769905298,0.6396944434902265,,80.0
deposition,NSGA2,1,153,0.7055842769905298,0.6445284772773988,,80.0
deposition,NSGA2,1,154,0.7055842769905298,0.6488884038413957,,80.0
deposition,NSGA2,1,155,0.7055842769905298,0.6419716498121124,,80.0
deposition,NSGA2,1,156,0.7055842769905298,0.6384562864480442,,80.0
deposition,NSGA2,1,157,0.7055842769905298,0.6384159037568734,,80.0
deposition,NSGA2,1,158,0.7055842769905298,0.6345300844160519,,80.0
deposition,NSGA2,1,159,0.7055842769905298,0.6334559530991903,,80.0
deposition,NSGA2,1,160,0.7055842769905298,0.6260143877031299,,80.0
deposition,NSGA2,1,161,0.7055842769905298,0.6341135738325753,,80.0
deposition,NSGA2,1,162,0.7055842769905298,0.6310422564529429,,80.0
deposition,NSGA2,1,163,0.7055842769905298,0.6307422444060997,,80.0
deposition,NSGA2,1,164,0.7055842769905298,0.6303536713622645,,80.0
deposition,NSGA2,1,165,0.7055842769905298,0.6375704374383909,,80.0
deposition,NSGA2,1,166,0.7055842769905298,0.6376004986771304,,80.0
deposition,NSGA2,1,167,0.7055842769905298,0.6384150006383196,,80.0
deposition,NSGA2,1,168,0.7055842769905298,0.6429490223786489,,80.0
deposition,NSGA2,1,169,0.7055842769905298,0.6427646057498855,,80.0
deposition,NSGA2,1,170,0.7055842769905298,0.6392295025995087,,80.0
deposition,NSGA2,1,171,0.7055842769905298,0.6435791077110746,,80.0
deposition,NSGA2,1,172,0.7055842769905298,0.6430852607015908,,80.0
deposition,NSGA2,1,173,0.7055842769905298,0.6434660381307753,,80.0
deposition,NSGA2,1,174,0.7055842769905298,0.6435846603665072,,80.0
deposition,NSGA2,1,175,0.7055842769905298,0.6509351389277951,,80.0
deposition,NSGA2,1,176,0.7055842769905298,0.6511947682834673,,80.0
deposition,NSGA2,1,177,0.7055842769905298,0.6517874977423745,,80.0
deposition,NSGA2,1,178,0.7055842769905298,0.6517874977423747,,80.0
deposition,NSGA2,1,179,0.7055842769905298,0.6517067323600332,,80.0
deposition,NSGA2,1,180,0.7055842769905298,0.6559407420535193,,80.0
deposition,NSGA2,1,181,0.7055842769905298,0.6603006686175161,,80.0
deposition,NSGA2,1,182,0.7055842769905298,0.6567655654671395,,80.0
deposition,NSGA2,1,183,0.7055842769905298,0.6564758748727275,,80.0
deposition,NSGA2,1,184,0.7055842769905298,0.6526962326161083,,80.0
deposition,NSGA2,1,185,0.7055842769905298,0.6526962326161083,,80.0
deposition,NSGA2,1,186,0.7055842769905298,0.6570862204188448,,80.0
deposition,NSGA2,1,187,0.7055842769905298,0.6604472283928893,,80.0
deposition,NSGA2,1,188,0.7055842769905298,0.65591320665256,,80.0
deposition,NSGA2,1,189,0.7055842769905298,0.6568510996464796,,80.0
deposition,NSGA2,1,190,0.7055842769905298,0.6525719384648241,,80.0
deposition,NSGA2,1,191,0.7055842769905298,0.6480782994156655,,80.0
deposition,NSGA2,1,192,0.7055842769905298,0.6481290035592675,,80.0
deposition,NSGA2,1,193,0.7055842769905298,0.6478083486075621,,80.0
deposition,NSGA2,1,194,0.7055842769905298,0.6475938707400591,,80.0
deposition,NSGA2,1,195,0.7055842769905298,0.6432442656284934,,80.0
deposition,NSGA2,1,196,0.7055842769905298,0.6386801826494245,,80.0
deposition,NSGA2,1,197,0.7055842769905298,0.6418852125142185,,80.0
deposition,NSGA2,1,198,0.7055842769905298,0.6419810681459897,,80.0
deposition,NSGA2,1,199,0.7055842769905298,0.6385693560283434,,80.0
deposition,NSGA2,1,200,0.7055842769905298,0.6428888999011697,,80.0
deposition,NSGA2,2,0,0.6718171762449696,0.42897035888139945,,3.0
deposition,NSGA2,2,1,0.6718171762449696,0.49855309487458516,,5.0
deposition,NSGA2,2,2,0.6718171762449696,0.5370796333033143,,5.0
deposition,NSGA2,2,3,0.6773385337359761,0.5437182334355578,,4.0
deposition,NSGA2,2,4,0.6780243080553148,0.5813187674046834,,5.0
deposition,NSGA2,2,5,0.6780243080553148,0.6055082720599303,,5.0
deposition,NSGA2,2,6,0.6808385761850695,0.6049977892962067,,4.0
deposition,NSGA2,2,7,0.6851404069442935,0.5986564017834921,,8.0
deposition,NSGA2,2,8,0.6851404069442935,0.6173210842121432,,7.0
deposition,NSGA2,2,9,0.6913166061039443,0.6455027002901704,,7.0
deposition,NSGA2,2,10,0.6953047281836819,0.6521706427618061,,5.0
deposition,NSGA2,2,11,0.6953047281836819,0.6542703842025134,,4.0
deposition,NSGA2,2,12,0.6994626749475117,0.6731194171231304,,2.0
deposition,NSGA2,2,13,0.7039269797688317,0.6759071613756396,,4.0
deposition,NSGA2,2,14,0.7045870127573168,0.6673172599460508,,4.0
deposition,NSGA2,2,15,0.7066383283444451,0.6770906578295148,,6.0
deposition,NSGA2,2,16,0.7066383283444451,0.6773379852476348,,10.0
deposition,NSGA2,2,17,0.7066383283444451,0.6761088721449342,,19.0
deposition,NSGA2,2,18,0.7066383283444451,0.6807546022814298,,33.0
deposition,NSGA2,2,19,0.7066383283444451,0.6807737268921642,,56.0
deposition,NSGA2,2,20,0.7066383283444451,0.6879376100339316,,80.0
deposition,NSGA2,2,21,0.7066383283444451,0.6869312844470976,,80.0
deposition,NSGA2,2,22,0.7066383283444451,0.6821849211442097,,80.0
deposition,NSGA2,2,23,0.7066383283444451,0.6819584500987595,,80.0
deposition,NSGA2,2,24,0.7066383283444451,0.6816679248306867,,80.0
deposition,NSGA2,2,25,0.7066383283444451,0.6815212668347428,,80.0
deposition,NSGA2,2,26,0.7066383283444451,0.6812947957892924,,80.0
deposition,NSGA2,2,27,0.7066383283444451,0.6811687497443542,,80.0
deposition,NSGA2,2,28,0.7066383283444451,0.6768767644224034,,80.0
deposition,NSGA2,2,29,0.7066383283444451,0.6735843073806174,,80.0
deposition,NSGA2,2,30,0.7066383283444451,0.6739872026674643,,80.0
deposition,NSGA2,2,31,0.7066383283444451,0.6736966773993913,,80.0
deposition,NSGA2,2,32,0.7066383283444451,0.673157006734556,,80.0
deposition,NSGA2,2,33,0.7066383283444451,0.6729305356891058,,80.0
deposition,NSGA2,2,34,0.7066383283444451,0.6695305821530801,,80.0
deposition,NSGA2,2,35,0.7066383283444451,0.6686363319975493,,80.0
deposition,NSGA2,2,36,0.7066383283444451,0.6647195381172996,,80.0
deposition,NSGA2,2,37,0.7066383283444451,0.6628816138468853,,80.0
deposition,NSGA2,2,38,0.7066383283444451,0.6584024953509005,,80.0
deposition,NSGA2,2,39,0.7066383283444451,0.654940705961858,,80.0
deposition,NSGA2,2,40,0.7066383283444451,0.654108447628643,,80.0
deposition,NSGA2,2,41,0.7066383283444451,0.6549022931840746,,80.0
deposition,NSGA2,2,42,0.7066383283444451,0.6555266300225381,,80.0
deposition,NSGA2,2,43,0.7066383283444451,0.6515663938706715,,80.0
deposition,NSGA2,2,44,0.7066383283444451,0.6515023396480488,,80.0
deposition,NSGA2,2,45,0.7066383283444451,0.6512788356961254,,80.0
deposition,NSGA2,2,46,0.7066383283444451,0.6482769039224121,,80.0
deposition,NSGA2,2,47,0.7066383283444451,0.6458146428135343,,80.0
deposition,NSGA2,2,48,0.7066383283444451,0.6455270846389881,,80.0
deposition,NSGA2,2,49,0.7066383283444451,0.6515041985783746,,80.0
deposition,NSGA2,2,50,0.7066383283444451,0.6555056586322525,,80.0
deposition,NSGA2,2,51,0.7066383283444451,0.6552565132354898,,80.0
deposition,NSGA2,2,52,0.7066383283444451,0.6548813217937889,,80.0
deposition,NSGA2,2,53,0.7066383283444451,0.6541771719058189,,80.0
deposition,NSGA2,2,54,0.7066383283444451,0.6461564509712854,,80.0
deposition,NSGA2,2,55,0.7081419972886865,0.63765961779569,,80.0
deposition,NSGA2,2,56,0.7081419972886865,0.6369120256361032,,80.0
deposition,NSGA2,2,57,0.7081419972886865,0.6412266853093664,,80.0
deposition,NSGA2,2,58,0.7081419972886865,0.6424753589862935,,80.0
deposition,NSGA2,2,59,0.7081419972886865,0.6495043718583112,,80.0
deposition,NSGA2,2,60,0.7081419972886865,0.6491942296742579,,80.0
deposition,NSGA2,2,61,0.7081419972886865,0.6484211724395434,,80.0
deposition,NSGA2,2,62,0.7081419972886865,0.6527772119841168,,80.0
deposition,NSGA2,2,63,0.7081419972886865,0.6530057454298739,,80.0
deposition,NSGA2,2,64,0.7081419972886865,0.6537945614914719,,80.0
deposition,NSGA2,2,65,0.7081419972886865,0.6584638006554304,,80.0
deposition,NSGA2,2,66,0.7081419972886865,0.6550226232173936,,80.0
deposition,NSGA2,2,67,0.7081419972886865,0.6544623406015525,,80.0
deposition,NSGA2,2,68,0.7081419972886865,0.6504608805476746,,80.0
deposition,NSGA2,2,69,0.7081419972886865,0.6499212098828392,,80.0
deposition,NSGA2,2,70,0.7081419972886865,0.6461482832747183,,80.0
deposition,NSGA2,2,71,0.7081419972886865,0.65123715118702,,80.0
deposition,NSGA2,2,72,0.7081419972886865,0.6471510249595138,,80.0
deposition,NSGA2,2,73,0.7081419972886865,0.6511318730623861,,80.0
deposition,NSGA2,2,74,0.7081419972886865,0.6508445611989442,,80.0
deposition,NSGA2,2,75,0.7081419972886865,0.6549306874264502,,80.0
deposition,NSGA2,2,76,0.7081419972886865,0.6511349304977181,,80.0
deposition,NSGA2,2,77,0.7081419972886865,0.6545761079357548,,80.0
deposition,NSGA2,2,78,0.7081419972886865,0.6501994564401758,,80.0
deposition,NSGA2,2,79,0.7081419972886865,0.6493465861559553,,80.0
deposition,NSGA2,2,80,0.7081419972886865,0.6491180527101983,,80.0
deposition,NSGA2,2,81,0.7081419972886865,0.6565400782511074,,80.0
deposition,NSGA2,2,82,0.7081419972886865,0.6570797489159428,,80.0
deposition,NSGA2,2,83,0.7081419972886865,0.6570797489159428,,80.0
deposition,NSGA2,2,84,0.7081419972886865,0.6570189080979512,,80.0
deposition,NSGA2,2,85,0.7081419972886865,0.6610638104234461,,80.0
deposition,NSGA2,2,86,0.7081419972886865,0.6567283828298784,,80.0
deposition,NSGA2,2,87,0.7081419972886865,0.6603340394910497,,80.0
deposition,NSGA2,2,88,0.7081419972886865,0.6617885722624216,,80.0
deposition,NSGA2,2,89,0.7081419972886865,0.6581829156012502,,80.0
deposition,NSGA2,2,90,0.7081419972886865,0.6507433355446676,,80.0
deposition,NSGA2,2,91,0.7081419972886865,0.6546443705980335,,80.0
deposition,NSGA2,2,92,0.7081419972886865,0.6546443705980334,,80.0
deposition,NSGA2,2,93,0.7081419972886865,0.6590262978985502,,80.0
deposition,NSGA2,2,94,0.7081419972886865,0.6591907771216846,,80.0
deposition,NSGA2,2,95,0.7081419972886865,0.6581114357920136,,80.0
deposition,NSGA2,2,96,0.7081419972886865,0.6517481396297697,,80.0
deposition,NSGA2,2,97,0.7081419972886865,0.6518741856747081,,80.0
deposition,NSGA2,2,98,0.7081419972886865,0.6511059815641156,,80.0
deposition,NSGA2,2,99,0.7081419972886865,0.6466858877969198,,80.0
deposition,NSGA2,2,100,0.7081419972886865,0.6505820697261638,,80.0
deposition,NSGA2,2,101,0.7081419972886865,0.6548358885814354,,80.0
deposition,NSGA2,2,102,0.7081419972886865,0.6546952347139374,,80.0
deposition,NSGA2,2,103,0.7081419972886865,0.6558238664743723,,80.0
deposition,NSGA2,2,104,0.7081419972886865,0.6553607954544123,,80.0
deposition,NSGA2,2,105,0.7081419972886865,0.6558622996525684,,80.0
deposition,NSGA2,2,106,0.7081419972886865,0.6555137242903191,,80.0
deposition,NSGA2,2,107,0.7081419972886865,0.6550094293683477,,80.0
deposition,NSGA2,2,108,0.7081419972886865,0.6503640155600258,,80.0
deposition,NSGA2,2,109,0.7081419972886865,0.6509471284964782,,80.0
deposition,NSGA2,2,110,0.7081419972886865,0.6549566550791089,,80.0
deposition,NSGA2,2,111,0.7081419972886865,0.6544614217209156,,80.0
deposition,NSGA2,2,112,0.7081419972886865,0.6554403380500745,,80.0
deposition,NSGA2,2,113,0.7081419972886865,0.6547105671176782,,80.0
deposition,NSGA2,2,114,0.7081419972886865,0.6547105671176782,,80.0
deposition,NSGA2,2,115,0.7081419972886865,0.6581105206537038,,80.0
deposition,NSGA2,2,116,0.7081419972886865,0.6581105206537037,,80.0
deposition,NSGA2,2,117,0.7081419972886865,0.6534608984057259,,80.0
deposition,NSGA2,2,118,0.7081419972886865,0.6538360898474267,,80.0
deposition,NSGA2,2,119,0.7081419972886865,0.6511631165199824,,80.0
deposition,NSGA2,2,120,0.7081419972886865,0.6517678364424656,,80.0
deposition,NSGA2,2,121,0.7081419972886865,0.6522927433154424,,80.0
deposition,NSGA2,2,122,0.7081419972886865,0.6565021248640719,,80.0
deposition,NSGA2,2,123,0.7081419972886865,0.6523889598762983,,80.0
deposition,NSGA2,2,124,0.7081419972886865,0.6523889598762983,,80.0
deposition,NSGA2,2,125,0.7081419972886865,0.6525978764060749,,80.0
deposition,NSGA2,2,126,0.7081419972886865,0.6520582057412395,,80.0
deposition,NSGA2,2,127,0.7081419972886865,0.652122259963862,,80.0
deposition,NSGA2,2,128,0.7081419972886865,0.6560184418931062,,80.0
deposition,NSGA2,2,129,0.7081419972886865,0.6519529276166056,,80.0
deposition,NSGA2,2,130,0.7081419972886865,0.6528296232564628,,80.0
deposition,NSGA2,2,131,0.7081419972886865,0.6570390048050921,,80.0
deposition,NSGA2,2,132,0.7081419972886865,0.6568507002263211,,80.0
deposition,NSGA2,2,133,0.7081419972886865,0.660251648797372,,80.0
deposition,NSGA2,2,134,0.7081419972886865,0.6558449011061938,,80.0
deposition,NSGA2,2,135,0.7081419972886865,0.651928107225944,,80.0
deposition,NSGA2,2,136,0.7081419972886865,0.651324382338486,,80.0
deposition,NSGA2,2,137,0.7081419972886865,0.6432986319101188,,80.0
deposition,NSGA2,2,138,0.7081419972886865,0.6421906121006895,,80.0
deposition,NSGA2,2,139,0.7081419972886865,0.643293778785997,,80.0
deposition,NSGA2,2,140,0.7081419972886865,0.6435667495383961,,80.0
deposition,NSGA2,2,141,0.7081419972886865,0.6475122218984042,,80.0
deposition,NSGA2,2,142,0.7081419972886865,0.6475968880720324,,80.0
deposition,NSGA2,2,143,0.7081419972886865,0.6481571706878735,,80.0
deposition,NSGA2,2,144,0.7081419972886865,0.644091656411373,,80.0
deposition,NSGA2,2,145,0.7081419972886865,0.6479720795137334,,80.0
deposition,NSGA2,2,146,0.7081419972886865,0.6518238241363353,,80.0
deposition,NSGA2,2,147,0.7081419972886865,0.6556608049670787,,80.0
deposition,NSGA2,2,148,0.7081419972886865,0.6508004705005341,,80.0
deposition,NSGA2,2,149,0.7081419972886865,0.6502607998356987,,80.0
deposition,NSGA2,2,150,0.7081419972886865,0.6502846251913352,,80.0
deposition,NSGA2,2,151,0.7081419972886865,0.6428223707834402,,80.0
deposition,NSGA2,2,152,0.7081419972886865,0.6427747200721671,,80.0
deposition,NSGA2,2,153,0.7081419972886865,0.6471948138393631,,80.0
deposition,NSGA2,2,154,0.7081419972886865,0.6475762761210268,,80.0
deposition,NSGA2,2,155,0.7081419972886865,0.6435551991511684,,80.0
deposition,NSGA2,2,156,0.7081419972886865,0.6470376004912165,,80.0
deposition,NSGA2,2,157,0.7081419972886865,0.6511269401233535,,80.0
deposition,NSGA2,2,158,0.7081419972886865,0.6472836884526472,,80.0
deposition,NSGA2,2,159,0.7081419972886865,0.6510153911587568,,80.0
deposition,NSGA2,2,160,0.7081419972886865,0.6516015615305413,,80.0
deposition,NSGA2,2,161,0.7081419972886865,0.6519767529722422,,80.0
deposition,NSGA2,2,162,0.7081419972886865,0.6518122737491078,,80.0
deposition,NSGA2,2,163,0.7081419972886865,0.6517306650108114,,80.0
deposition,NSGA2,2,164,0.7081419972886865,0.6554829796679268,,80.0
deposition,NSGA2,2,165,0.7081419972886865,0.6553185004447922,,80.0
deposition,NSGA2,2,166,0.7081419972886865,0.6510885069451573,,80.0
deposition,NSGA2,2,167,0.7081419972886865,0.6510885069451573,,80.0
deposition,NSGA2,2,168,0.7081419972886865,0.6458753886767074,,80.0
deposition,NSGA2,2,169,0.7081419972886865,0.6497123695074508,,80.0
deposition,NSGA2,2,170,0.7081419972886865,0.6498002490857099,,80.0
deposition,NSGA2,2,171,0.7081419972886865,0.6544054340270458,,80.0
deposition,NSGA2,2,172,0.7081419972886865,0.6537170429659596,,80.0
deposition,NSGA2,2,173,0.7081419972886865,0.6551540212216578,,80.0
deposition,NSGA2,2,174,0.7081419972886865,0.6510006273668983,,80.0
deposition,NSGA2,2,175,0.7081419972886865,0.6518266148601505,,80.0
deposition,NSGA2,2,176,0.7081419972886865,0.6476144425877062,,80.0
deposition,NSGA2,2,177,0.7081419972886865,0.6467234058368062,,80.0
deposition,NSGA2,2,178,0.7081419972886865,0.6432387861271524,,80.0
deposition,NSGA2,2,179,0.7081419972886865,0.6438425110146103,,80.0
deposition,NSGA2,2,180,0.7081419972886865,0.6431383611266405,,80.0
deposition,NSGA2,2,181,0.7081419972886865,0.639448038291841,,80.0
deposition,NSGA2,2,182,0.7081419972886865,0.6440326112821714,,80.0
deposition,NSGA2,2,183,0.7081419972886865,0.6439241197529066,,80.0
deposition,NSGA2,2,184,0.7081419972886865,0.6396703008976352,,80.0
deposition,NSGA2,2,185,0.7081419972886865,0.6391946844554223,,80.0
deposition,NSGA2,2,186,0.7081419972886865,0.6429025618058954,,80.0
deposition,NSGA2,2,187,0.7081419972886865,0.643710994783474,,80.0
deposition,NSGA2,2,188,0.7081419972886865,0.6440221320025523,,80.0
deposition,NSGA2,2,189,0.7081419972886865,0.6482315135511817,,80.0
deposition,NSGA2,2,190,0.7081419972886865,0.6476277886637236,,80.0
deposition,NSGA2,2,191,0.7081419972886865,0.6433337409414662,,80.0
deposition,NSGA2,2,192,0.7081419972886865,0.6432717491191504,,80.0
deposition,NSGA2,2,193,0.7081419972886865,0.6474013176182734,,80.0
deposition,NSGA2,2,194,0.7081419972886865,0.6507784408336877,,80.0
deposition,NSGA2,2,195,0.7081419972886865,0.6463377351154863,,80.0
deposition,NSGA2,2,196,0.7081419972886865,0.6461092016697292,,80.0
deposition,NSGA2,2,197,0.7081419972886865,0.6469218430869639,,80.0
deposition,NSGA2,2,198,0.7081419972886865,0.6515064160772941,,80.0
deposition,NSGA2,2,199,0.7081419972886865,0.6509646830121518,,80.0
deposition,NSGA2,2,200,0.7081419972886865,0.6509086953182821,,80.0
deposition,NSGA2,3,0,0.6603758549732701,0.4130896880449013,,5.0
deposition,NSGA2,3,1,0.6620757573494431,0.5274855713220148,,5.0
deposition,NSGA2,3,2,0.6633020753789862,0.5458549949226728,,4.0
deposition,NSGA2,3,3,0.6749706051531328,0.5561645221531966,,6.0
deposition,NSGA2,3,4,0.6764845948696134,0.5644322846313027,,6.0
deposition,NSGA2,3,5,0.680061599174529,0.5738862234723042,,5.0
deposition,NSGA2,3,6,0.6822965942434147,0.603432456569253,,3.0
deposition,NSGA2,3,7,0.6871232437025747,0.6088409236206586,,4.0
deposition,NSGA2,3,8,0.6871232437025747,0.6220714677933025,,6.0
deposition,NSGA2,3,9,0.6955668796131796,0.6137540468732577,,4.0
deposition,NSGA2,3,10,0.6960202895462942,0.6279615847039631,,6.0
deposition,NSGA2,3,11,0.6960202895462942,0.6151744895341372,,7.0
deposition,NSGA2,3,12,0.6960202895462942,0.6220875910780427,,8.0
deposition,NSGA2,3,13,0.6960202895462942,0.6043445542740022,,7.0
deposition,NSGA2,3,14,0.6969106024130931,0.6143972405959625,,4.0
deposition,NSGA2,3,15,0.6986565942195526,0.6263717599847782,,5.0
deposition,NSGA2,3,16,0.6986565942195526,0.6195236586487107,,5.0
deposition,NSGA2,3,17,0.6995966756029285,0.6078234685208356,,12.0
deposition,NSGA2,3,18,0.6995966756029285,0.6273321246560807,,20.0
deposition,NSGA2,3,19,0.6995966756029285,0.6308610868325439,,31.0
deposition,NSGA2,3,20,0.6995966756029285,0.6384584030043892,,43.0
deposition,NSGA2,3,21,0.6995966756029285,0.6537604726101449,,62.0
deposition,NSGA2,3,22,0.6995966756029285,0.6716718692723462,,80.0
deposition,NSGA2,3,23,0.6995966756029285,0.6678977037648945,,80.0
deposition,NSGA2,3,24,0.6995966756029285,0.6679685344206183,,80.0
deposition,NSGA2,3,25,0.6995966756029285,0.6679188356297795,,80.0
deposition,NSGA2,3,26,0.6995966756029285,0.6570789980001885,,80.0
deposition,NSGA2,3,27,0.6997995340036085,0.648719517220803,,80.0
deposition,NSGA2,3,28,0.6997995340036085,0.6462245331781931,,80.0
deposition,NSGA2,3,29,0.6997995340036085,0.6437295491355831,,80.0
deposition,NSGA2,3,30,0.6997995340036085,0.6400981546247854,,80.0
deposition,NSGA2,3,31,0.6997995340036085,0.6402399661707449,,80.0
deposition,NSGA2,3,32,0.6997995340036085,0.6449423353253162,,80.0
deposition,NSGA2,3,33,0.6997995340036085,0.6408386867289065,,80.0
deposition,NSGA2,3,34,0.6997995340036085,0.6417066126479576,,80.0
deposition,NSGA2,3,35,0.6997995340036085,0.6387016614610876,,80.0
deposition,NSGA2,3,36,0.6997995340036085,0.6341851908632736,,80.0
deposition,NSGA2,3,37,0.6997995340036085,0.634696248441957,,80.0
deposition,NSGA2,3,38,0.6997995340036085,0.6385325029236537,,80.0
deposition,NSGA2,3,39,0.6997995340036085,0.6418797912792218,,80.0
deposition,NSGA2,3,40,0.6997995340036085,0.6416236844224417,,80.0
deposition,NSGA2,3,41,0.6997995340036085,0.6459434802476829,,80.0
deposition,NSGA2,3,42,0.6997995340036085,0.6456598571557641,,80.0
deposition,NSGA2,3,43,0.6997995340036085,0.642833340139078,,80.0
deposition,NSGA2,3,44,0.6997995340036085,0.6394293801150448,,80.0
deposition,NSGA2,3,45,0.6997995340036085,0.6433232582390973,,80.0
deposition,NSGA2,3,46,0.6997995340036085,0.6482040615638525,,80.0
deposition,NSGA2,3,47,0.6997995340036085,0.6442157987126872,,80.0
deposition,NSGA2,3,48,0.6997995340036085,0.6485264881488428,,80.0
deposition,NSGA2,3,49,0.6997995340036085,0.649000923103302,,80.0
deposition,NSGA2,3,50,0.6997995340036085,0.6495242175441678,,80.0
deposition,NSGA2,3,51,0.6997995340036085,0.6497511689676218,,80.0
deposition,NSGA2,3,52,0.6997995340036085,0.6458128560372869,,80.0
deposition,NSGA2,3,53,0.6997995340036085,0.6533948003406019,,80.0
deposition,NSGA2,3,54,0.6997995340036085,0.6503995629139306,,80.0
deposition,NSGA2,3,55,0.6997995340036085,0.6548988833437794,,80.0
deposition,NSGA2,3,56,0.6997995340036085,0.6630887789021442,,80.0
deposition,NSGA2,3,57,0.7001932174174721,0.6616109368815252,,80.0
deposition,NSGA2,3,58,0.7001932174174721,0.6612885102965349,,80.0
deposition,NSGA2,3,59,0.7001932174174721,0.6576194027270892,,80.0
deposition,NSGA2,3,60,0.7001932174174721,0.6535797314832689,,80.0
deposition,NSGA2,3,61,0.7001932174174721,0.6459395189675137,,80.0
deposition,NSGA2,3,62,0.7001932174174721,0.6537031687442832,,80.0
deposition,NSGA2,3,63,0.7001932174174721,0.6502819248697287,,80.0
deposition,NSGA2,3,64,0.7001932174174721,0.6512652365340241,,80.0
deposition,NSGA2,3,65,0.7001932174174721,0.6517934520175632,,80.0
deposition,NSGA2,3,66,0.7001932174174721,0.6516321757522351,,80.0
deposition,NSGA2,3,67,0.7001932174174721,0.6511599216666232,,80.0
deposition,NSGA2,3,68,0.7001932174174721,0.6464034039455706,,80.0
deposition,NSGA2,3,69,0.7001932174174721,0.6428004545975614,,80.0
deposition,NSGA2,3,70,0.7001932174174721,0.642459653727626,,80.0
deposition,NSGA2,3,71,0.7001932174174721,0.6430737193591975,,80.0
deposition,NSGA2,3,72,0.7001932174174721,0.6431468386619803,,80.0
deposition,NSGA2,3,73,0.7001932174174721,0.6399018480887623,,80.0
deposition,NSGA2,3,74,0.7001932174174721,0.640080282258946,,80.0
deposition,NSGA2,3,75,0.7001932174174721,0.6397853719090942,,80.0
deposition,NSGA2,3,76,0.7001932174174721,0.6397864623435179,,80.0
deposition,NSGA2,3,77,0.7001932174174721,0.6359583853232571,,80.0
deposition,NSGA2,3,78,0.7001932174174721,0.6402781811484985,,80.0
deposition,NSGA2,3,79,0.7001932174174721,0.6402587164291299,,80.0
deposition,NSGA2,3,80,0.7001932174174721,0.6438523978812796,,80.0
deposition,NSGA2,3,81,0.7001932174174721,0.6513372047786296,,80.0
deposition,NSGA2,3,82,0.7001932174174721,0.647878247845427,,80.0
deposition,NSGA2,3,83,0.7001932174174721,0.647878247845427,,80.0
deposition,NSGA2,3,84,0.7001932174174721,0.647915960904075,,80.0
deposition,NSGA2,3,85,0.7001932174174721,0.6472711432952021,,80.0
deposition,NSGA2,3,86,0.7001932174174721,0.6512583157119437,,80.0
deposition,NSGA2,3,87,0.7001932174174721,0.6552842916217569,,80.0
deposition,NSGA2,3,88,0.7001932174174721,0.6552454881286854,,80.0
deposition,NSGA2,3,89,0.7001932174174721,0.6552454881286853,,80.0
deposition,NSGA2,3,90,0.7001932174174721,0.6517671924217799,,80.0
deposition,NSGA2,3,91,0.7001932174174721,0.6514174111084245,,80.0
deposition,NSGA2,3,92,0.7001932174174721,0.6503792284806256,,80.0
deposition,NSGA2,3,93,0.7001932174174721,0.6470427443196796,,80.0
deposition,NSGA2,3,94,0.7001932174174721,0.6428577989590514,,80.0
deposition,NSGA2,3,95,0.7001932174174721,0.6465339935555091,,80.0
deposition,NSGA2,3,96,0.7001932174174721,0.6430190752243794,,80.0
deposition,NSGA2,3,97,0.7001932174174721,0.6439165367406426,,80.0
deposition,NSGA2,3,98,0.7001932174174721,0.63666503497698,,80.0
deposition,NSGA2,3,99,0.7001932174174721,0.6326767721258149,,80.0
deposition,NSGA2,3,100,0.7001932174174721,0.6363264149758918,,80.0
deposition,NSGA2,3,101,0.7001932174174721,0.6443394373567809,,80.0
deposition,NSGA2,3,102,0.7001932174174721,0.6438660928367452,,80.0
deposition,NSGA2,3,103,0.7001932174174721,0.6398778299855801,,80.0
deposition,NSGA2,3,104,0.7001932174174721,0.6436887491009851,,80.0
deposition,NSGA2,3,105,0.7001932174174721,0.65178871206433,,80.0
deposition,NSGA2,3,106,0.7001932174174721,0.6474324195605301,,80.0
deposition,NSGA2,3,107,0.7001932174174721,0.6475936958258581,,80.0
deposition,NSGA2,3,108,0.7001932174174721,0.6473970133163951,,80.0
deposition,NSGA2,3,109,0.7001932174174721,0.644268624868511,,80.0
deposition,NSGA2,3,110,0.7001932174174721,0.6447775015783472,,80.0
deposition,NSGA2,3,111,0.7001932174174721,0.641126642348181,,80.0
deposition,NSGA2,3,112,0.7001932174174721,0.6478499286283042,,80.0
deposition,NSGA2,3,113,0.7001932174174721,0.651678005648565,,80.0
deposition,NSGA2,3,114,0.7001932174174721,0.6551380530161911,,80.0
deposition,NSGA2,3,115,0.7001932174174721,0.6553175776207985,,80.0
deposition,NSGA2,3,116,0.7001932174174721,0.6554582987323343,,80.0
deposition,NSGA2,3,117,0.7001932174174721,0.6510333139853579,,80.0
deposition,NSGA2,3,118,0.7001932174174721,0.6555508827544858,,80.0
deposition,NSGA2,3,119,0.7001932174174721,0.6553347355256542,,80.0
deposition,NSGA2,3,120,0.7001932174174721,0.6550808752381745,,80.0
deposition,NSGA2,3,121,0.7001932174174721,0.655591932816858,,80.0
deposition,NSGA2,3,122,0.7001932174174721,0.6559223753565104,,80.0
deposition,NSGA2,3,123,0.7001932174174721,0.6559406236957898,,80.0
deposition,NSGA2,3,124,0.7001932174174721,0.66361624245568,,80.0
deposition,NSGA2,3,125,0.7001932174174721,0.6589030816115125,,80.0
deposition,NSGA2,3,126,0.7001932174174721,0.6506693586179781,,80.0
deposition,NSGA2,3,127,0.7001932174174721,0.6515006619128048,,80.0
deposition,NSGA2,3,128,0.7001932174174721,0.6510284078271928,,80.0
deposition,NSGA2,3,129,0.7001932174174721,0.6590242723032261,,80.0
deposition,NSGA2,3,130,0.7001932174174721,0.6628912787622243,,80.0
deposition,NSGA2,3,131,0.7001932174174721,0.66232316935119,,80.0
deposition,NSGA2,3,132,0.7001932174174721,0.6589684368509648,,80.0
deposition,NSGA2,3,133,0.7001932174174721,0.6589855947558205,,80.0
deposition,NSGA2,3,134,0.7001932174174721,0.6621506058279291,,80.0
deposition,NSGA2,3,135,0.7001932174174721,0.6581440946374846,,80.0
deposition,NSGA2,3,136,0.7001932174174721,0.6546668893650027,,80.0
deposition,NSGA2,3,137,0.7001932174174721,0.655491231578483,,80.0
deposition,NSGA2,3,138,0.7001932174174721,0.6516824933319251,,80.0
deposition,NSGA2,3,139,0.7001932174174721,0.651493862338232,,80.0
deposition,NSGA2,3,140,0.7001932174174721,0.6470322549670312,,80.0
deposition,NSGA2,3,141,0.7001932174174721,0.646539445727627,,80.0
deposition,NSGA2,3,142,0.7001932174174721,0.6465932262567071,,80.0
deposition,NSGA2,3,143,0.7001932174174721,0.6460821686780236,,80.0
deposition,NSGA2,3,144,0.7001932174174721,0.6458854861685606,,80.0
deposition,NSGA2,3,145,0.7001932174174721,0.6498371263955015,,80.0
deposition,NSGA2,3,146,0.7001932174174721,0.650167568935154,,80.0
deposition,NSGA2,3,147,0.7001932174174721,0.6500429152940502,,80.0
deposition,NSGA2,3,148,0.7001932174174721,0.6500795379182746,,80.0
deposition,NSGA2,3,149,0.7001932174174721,0.6461278976913337,,80.0
deposition,NSGA2,3,150,0.7001932174174721,0.6427044729479319,,80.0
deposition,NSGA2,3,151,0.7001932174174721,0.6510318703980414,,80.0
deposition,NSGA2,3,152,0.7001932174174721,0.6473089822995157,,80.0
deposition,NSGA2,3,153,0.7001932174174721,0.6474497034110516,,80.0
deposition,NSGA2,3,154,0.7001932174174721,0.6483963924511226,,80.0
deposition,NSGA2,3,155,0.7001932174174721,0.6524406167002151,,80.0
deposition,NSGA2,3,156,0.7001932174174721,0.6477617716657591,,80.0
deposition,NSGA2,3,157,0.7001932174174721,0.6515533520074612,,80.0
deposition,NSGA2,3,158,0.7001932174174721,0.6549080845076864,,80.0
deposition,NSGA2,3,159,0.7001932174174721,0.6472884271457235,,80.0
deposition,NSGA2,3,160,0.7001932174174721,0.6509085343985882,,80.0
deposition,NSGA2,3,161,0.7001932174174721,0.6543868301054937,,80.0
deposition,NSGA2,3,162,0.7001932174174721,0.6470084285099682,,80.0
deposition,NSGA2,3,163,0.7001932174174721,0.6468837748688644,,80.0
deposition,NSGA2,3,164,0.7001932174174721,0.6505415951803772,,80.0
deposition,NSGA2,3,165,0.7001932174174721,0.6467317664993957,,80.0
deposition,NSGA2,3,166,0.7001932174174721,0.6462035510158566,,80.0
deposition,NSGA2,3,167,0.7001932174174721,0.6468735780453552,,80.0
deposition,NSGA2,3,168,0.7001932174174721,0.6462400476944151,,80.0
deposition,NSGA2,3,169,0.7001932174174721,0.6497183434013205,,80.0
deposition,NSGA2,3,170,0.7001932174174721,0.6497011854964647,,80.0
deposition,NSGA2,3,171,0.7001932174174721,0.6422335365039705,,80.0
deposition,NSGA2,3,172,0.7001932174174721,0.6455689302304929,,80.0
deposition,NSGA2,3,173,0.7001932174174721,0.6431299075858102,,80.0
deposition,NSGA2,3,174,0.7001932174174721,0.64684368929525,,80.0
deposition,NSGA2,3,175,0.7001932174174721,0.6432418303816646,,80.0
deposition,NSGA2,3,176,0.7001932174174721,0.6437323328065558,,80.0
deposition,NSGA2,3,177,0.7001932174174721,0.6515315147731261,,80.0
deposition,NSGA2,3,178,0.7001932174174721,0.6507322810972518,,80.0
deposition,NSGA2,3,179,0.7001932174174721,0.6507301002284045,,80.0
deposition,NSGA2,3,180,0.7001932174174721,0.6502201330841446,,80.0
deposition,NSGA2,3,181,0.7001932174174721,0.6542266442745891,,80.0
deposition,NSGA2,3,182,0.7001932174174721,0.6552110463733082,,80.0
deposition,NSGA2,3,183,0.7001932174174721,0.65120344474844,,80.0
deposition,NSGA2,3,184,0.7001932174174721,0.6481115529791144,,80.0
deposition,NSGA2,3,185,0.7001932174174721,0.6476015858348545,,80.0
deposition,NSGA2,3,186,0.7001932174174721,0.6509003569371525,,80.0
deposition,NSGA2,3,187,0.7001932174174721,0.6464205012266724,,80.0
deposition,NSGA2,3,188,0.7001932174174721,0.6463850949825376,,80.0
deposition,NSGA2,3,189,0.7001932174174721,0.6463484723583133,,80.0
deposition,NSGA2,3,190,0.7001932174174721,0.6543443368343466,,80.0
deposition,NSGA2,3,191,0.7001932174174721,0.6504612629049163,,80.0
deposition,NSGA2,3,192,0.7001932174174721,0.6471796497074741,,80.0
deposition,NSGA2,3,193,0.7001932174174721,0.6514983550982919,,80.0
deposition,NSGA2,3,194,0.7001932174174721,0.6475844279299988,,80.0
deposition,NSGA2,3,195,0.7001932174174721,0.647969741433155,,80.0
deposition,NSGA2,3,196,0.7001932174174721,0.6518355315120636,,80.0
deposition,NSGA2,3,197,0.7001932174174721,0.6551035506370602,,80.0
deposition,NSGA2,3,198,0.7001932174174721,0.658386254268926,,80.0
deposition,NSGA2,3,199,0.7001932174174721,0.6544163657027058,,80.0
deposition,NSGA2,3,200,0.7001932174174721,0.6546930277132783,,80.0
deposition,NSGA2,4,0,0.6615677147793668,0.40947774647978524,,7.0
deposition,NSGA2,4,1,0.6615677147793668,0.5051913664864635,,7.0
deposition,NSGA2,4,2,0.6687625809042335,0.5512238747409027,,7.0
deposition,NSGA2,4,3,0.6702596000321953,0.5358023789953233,,6.0
deposition,NSGA2,4,4,0.6702596000321953,0.5607805062704021,,7.0
deposition,NSGA2,4,5,0.6738280242861392,0.5724890644281722,,4.0
deposition,NSGA2,4,6,0.6779385368253283,0.5812665168545129,,6.0
deposition,NSGA2,4,7,0.680737751580887,0.6000233092918877,,6.0
deposition,NSGA2,4,8,0.6879406675083248,0.6183283397133063,,2.0
deposition,NSGA2,4,9,0.6879406675083248,0.642658811381912,,4.0
deposition,NSGA2,4,10,0.6879406675083248,0.6395949305014507,,4.0
deposition,NSGA2,4,11,0.6933859130564237,0.645752539346442,,3.0
deposition,NSGA2,4,12,0.6985761705082848,0.6437667223793959,,4.0
deposition,NSGA2,4,13,0.6985761705082848,0.6482315154576561,,5.0
deposition,NSGA2,4,14,0.6985761705082848,0.6502403265350833,,4.0
deposition,NSGA2,4,15,0.702069147114555,0.6600448009051441,,6.0
deposition,NSGA2,4,16,0.7031408171482831,0.6770234561047032,,12.0
deposition,NSGA2,4,17,0.7031408171482831,0.6825012743896408,,22.0
deposition,NSGA2,4,18,0.7031408171482831,0.6817530397489981,,43.0
deposition,NSGA2,4,19,0.7031408171482831,0.6731221918551243,,67.0
deposition,NSGA2,4,20,0.7031408171482831,0.6792069674846313,,80.0
deposition,NSGA2,4,21,0.7031408171482831,0.674770713778339,,80.0
deposition,NSGA2,4,22,0.7031408171482831,0.6709115976323019,,80.0
deposition,NSGA2,4,23,0.7031408171482831,0.6661036488840082,,80.0
deposition,NSGA2,4,24,0.7031408171482831,0.6661036488840081,,80.0
deposition,NSGA2,4,25,0.7031408171482831,0.6617762591463381,,80.0
deposition,NSGA2,4,26,0.7031408171482831,0.6610328690623352,,80.0
deposition,NSGA2,4,27,0.7031408171482831,0.6513356350059206,,80.0
deposition,NSGA2,4,28,0.7031408171482831,0.6473255083259408,,80.0
deposition,NSGA2,4,29,0.7031408171482831,0.6477785399277691,,80.0
deposition,NSGA2,4,30,0.7031408171482831,0.6757458022458442,,80.0
deposition,NSGA2,4,31,0.7031408171482831,0.6726207214586457,,80.0
deposition,NSGA2,4,32,0.7031408171482831,0.6692901981531933,,80.0
deposition,NSGA2,4,33,0.7031408171482831,0.6672257705076879,,80.0
deposition,NSGA2,4,34,0.7031408171482831,0.662381562458714,,80.0
deposition,NSGA2,4,35,0.7031408171482831,0.6631097105529121,,80.0
deposition,NSGA2,4,36,0.7031408171482831,0.6594619241897695,,80.0
deposition,NSGA2,4,37,0.7031408171482831,0.6563520853923757,,80.0
deposition,NSGA2,4,38,0.7031408171482831,0.6558293798164314,,80.0
deposition,NSGA2,4,39,0.7031408171482831,0.652704299029233,,80.0
deposition,NSGA2,4,40,0.7031408171482831,0.6527587310135441,,80.0
deposition,NSGA2,4,41,0.7031408171482831,0.6458500953190647,,80.0
deposition,NSGA2,4,42,0.7031408171482831,0.6386815851220204,,80.0
deposition,NSGA2,4,43,0.7031408171482831,0.6341002081464259,,80.0
deposition,NSGA2,4,44,0.7031408171482831,0.6306731062913418,,80.0
deposition,NSGA2,4,45,0.7031408171482831,0.6267654454256341,,80.0
deposition,NSGA2,4,46,0.7031408171482831,0.6263393183993216,,80.0
deposition,NSGA2,4,47,0.7031408171482831,0.6263393183993216,,80.0
deposition,NSGA2,4,48,0.7031408171482831,0.6271218984778307,,80.0
deposition,NSGA2,4,49,0.7031408171482831,0.6271218984778307,,80.0
deposition,NSGA2,4,50,0.7031408171482831,0.6202132627833514,,80.0
deposition,NSGA2,4,51,0.7031408171482831,0.6205849578253527,,80.0
deposition,NSGA2,4,52,0.7031408171482831,0.6207904003436068,,80.0
deposition,NSGA2,4,53,0.7031408171482831,0.6221109279878648,,80.0
deposition,NSGA2,4,54,0.7031408171482831,0.6141990277068177,,80.0
deposition,NSGA2,4,55,0.7031408171482831,0.6182576991064682,,80.0
deposition,NSGA2,4,56,0.7031408171482831,0.617680561546213,,80.0
deposition,NSGA2,4,57,0.7031408171482831,0.6176805615462129,,80.0
deposition,NSGA2,4,58,0.7031408171482831,0.6178860040644668,,80.0
deposition,NSGA2,4,59,0.7031408171482831,0.6140327751830702,,80.0
deposition,NSGA2,4,60,0.7031408171482831,0.6107566838619289,,80.0
deposition,NSGA2,4,61,0.7031408171482831,0.6142382177013241,,80.0
deposition,NSGA2,4,62,0.7031408171482831,0.6172544345199004,,80.0
deposition,NSGA2,4,63,0.7031408171482831,0.6210532314169861,,80.0
deposition,NSGA2,4,64,0.7031408171482831,0.6216303689772413,,80.0
deposition,NSGA2,4,65,0.7031408171482831,0.6220986425688745,,80.0
deposition,NSGA2,4,66,0.7031408171482831,0.617160812541083,,80.0
deposition,NSGA2,4,67,0.7031408171482831,0.6133620156439974,,80.0
deposition,NSGA2,4,68,0.7031408171482831,0.6140901637381957,,80.0
deposition,NSGA2,4,69,0.7031408171482831,0.6179433926195921,,80.0
deposition,NSGA2,4,70,0.7031408171482831,0.6141598377123114,,80.0
deposition,NSGA2,4,71,0.7031408171482831,0.6099349137889133,,80.0
deposition,NSGA2,4,72,0.7031408171482831,0.6139391532042529,,80.0
deposition,NSGA2,4,73,0.7031408171482831,0.6146673012984509,,80.0
deposition,NSGA2,4,74,0.7031408171482831,0.6147217332827619,,80.0
deposition,NSGA2,4,75,0.7031408171482831,0.6142956062564495,,80.0
deposition,NSGA2,4,76,0.7031408171482831,0.6185052881900427,,80.0
deposition,NSGA2,4,77,0.7031408171482831,0.6192334362842409,,80.0
deposition,NSGA2,4,78,0.7031408171482831,0.6113759679875048,,80.0
deposition,NSGA2,4,79,0.7031408171482831,0.6155043133612711,,80.0
deposition,NSGA2,4,80,0.7031408171482831,0.610551241343675,,80.0
deposition,NSGA2,4,81,0.7031408171482831,0.6140327751830703,,80.0
deposition,NSGA2,4,82,0.7031408171482831,0.6135100696071261,,80.0
deposition,NSGA2,4,83,0.7031408171482831,0.6137155121253799,,80.0
deposition,NSGA2,4,84,0.7031408171482831,0.6179251940589732,,80.0
deposition,NSGA2,4,85,0.7031408171482831,0.626057778848079,,80.0
deposition,NSGA2,4,86,0.7031408171482831,0.6214219698881731,,80.0
deposition,NSGA2,4,87,0.7031408171482831,0.6250545142615112,,80.0
deposition,NSGA2,4,88,0.7031408171482831,0.621627412406427,,80.0
deposition,NSGA2,4,89,0.7031408171482831,0.6168405929125784,,80.0
deposition,NSGA2,4,90,0.7031408171482831,0.6200622522494086,,80.0
deposition,NSGA2,4,91,0.7031408171482831,0.6172544345199004,,80.0
deposition,NSGA2,4,92,0.7031408171482831,0.61319576312025,,80.0
deposition,NSGA2,4,93,0.7031408171482831,0.6162664119231375,,80.0
deposition,NSGA2,4,94,0.7031408171482831,0.6164174224570802,,80.0
deposition,NSGA2,4,95,0.7031408171482831,0.6209987994326749,,80.0
deposition,NSGA2,4,96,0.7031408171482831,0.6208477888987322,,80.0
deposition,NSGA2,4,97,0.7031408171482831,0.615689274362882,,80.0
deposition,NSGA2,4,98,0.7031408171482831,0.6202706513384768,,80.0
deposition,NSGA2,4,99,0.7031408171482831,0.6175172655932797,,80.0
deposition,NSGA2,4,100,0.7031408171482831,0.6142411742721384,,80.0
deposition,NSGA2,4,101,0.7031408171482831,0.606012010933401,,80.0
deposition,NSGA2,4,102,0.7031408171482831,0.6065891484936563,,80.0
deposition,NSGA2,4,103,0.7031408171482831,0.6022132140363154,,80.0
deposition,NSGA2,4,104,0.7031408171482831,0.610496809359364,,80.0
deposition,NSGA2,4,105,0.7031408171482831,0.6025427625129962,,80.0
deposition,NSGA2,4,106,0.7031408171482831,0.6023220780049376,,80.0
deposition,NSGA2,4,107,0.7031408171482831,0.6100285357677308,,80.0
deposition,NSGA2,4,108,0.7031408171482831,0.6091493771395899,,80.0
deposition,NSGA2,4,109,0.7031408171482831,0.6137307541151846,,80.0
deposition,NSGA2,4,110,0.7031408171482831,0.6107719258517337,,80.0
deposition,NSGA2,4,111,0.7031408171482831,0.610236934856799,,80.0
deposition,NSGA2,4,112,0.7031408171482831,0.6141867422878272,,80.0
deposition,NSGA2,4,113,0.7031408171482831,0.6141867422878272,,80.0
deposition,NSGA2,4,114,0.7031408171482831,0.6143921848060812,,80.0
deposition,NSGA2,4,115,0.7031408171482831,0.6105389559246845,,80.0
deposition,NSGA2,4,116,0.7031408171482831,0.6146520593086462,,80.0
deposition,NSGA2,4,117,0.7031408171482831,0.6153802074028443,,80.0
deposition,NSGA2,4,118,0.7031408171482831,0.619082425750298,,80.0
deposition,NSGA2,4,119,0.7031408171482831,0.6147609232772684,,80.0
deposition,NSGA2,4,120,0.7031408171482831,0.6147609232772684,,80.0
deposition,NSGA2,4,121,0.7031408171482831,0.618145878567032,,80.0
deposition,NSGA2,4,122,0.7031408171482831,0.6178860040644668,,80.0
deposition,NSGA2,4,123,0.7031408171482831,0.618614152158665,,80.0
deposition,NSGA2,4,124,0.7031408171482831,0.6147609232772684,,80.0
deposition,NSGA2,4,125,0.7031408171482831,0.6186141521586649,,80.0
deposition,NSGA2,4,126,0.7031408171482831,0.6191912897189202,,80.0
deposition,NSGA2,4,127,0.7031408171482831,0.6157641878638361,,80.0
deposition,NSGA2,4,128,0.7031408171482831,0.620140122321177,,80.0
deposition,NSGA2,4,129,0.7031408171482831,0.6196718487295438,,80.0
deposition,NSGA2,4,130,0.7031408171482831,0.6190947111692886,,80.0
deposition,NSGA2,4,131,0.7031408171482831,0.6194664062112899,,80.0
deposition,NSGA2,4,132,0.7031408171482831,0.6188892686510347,,80.0
deposition,NSGA2,4,133,0.7031408171482831,0.6219991074484283,,80.0
deposition,NSGA2,4,134,0.7031408171482831,0.617940436048778,,80.0
deposition,NSGA2,4,135,0.7031408171482831,0.621367537903862,,80.0
deposition,NSGA2,4,136,0.7031408171482831,0.6207904003436068,,80.0
deposition,NSGA2,4,137,0.7031408171482831,0.6207359683592957,,80.0
deposition,NSGA2,4,138,0.7031408171482831,0.6166772969596451,,80.0
deposition,NSGA2,4,139,0.7031408171482831,0.6137729006805053,,80.0
deposition,NSGA2,4,140,0.7031408171482831,0.6137729006805053,,80.0
deposition,NSGA2,4,141,0.7031408171482831,0.6097686612651658,,80.0
deposition,NSGA2,4,142,0.7031408171482831,0.6059698643680804,,80.0
deposition,NSGA2,4,143,0.7031408171482831,0.6097686612651658,,80.0
deposition,NSGA2,4,144,0.7031408171482831,0.6175716975775909,,80.0
deposition,NSGA2,4,145,0.7031408171482831,0.6149845643561411,,80.0
deposition,NSGA2,4,146,0.7031408171482831,0.6107204504382369,,80.0
deposition,NSGA2,4,147,0.7031408171482831,0.6067162110228974,,80.0
deposition,NSGA2,4,148,0.7031408171482831,0.610623871888605,,80.0
deposition,NSGA2,4,149,0.7031408171482831,0.6106783038729162,,80.0
deposition,NSGA2,4,150,0.7031408171482831,0.6062479374312643,,80.0
deposition,NSGA2,4,151,0.7031408171482831,0.610155598296972,,80.0
deposition,NSGA2,4,152,0.7031408171482831,0.6137337106859989,,80.0
deposition,NSGA2,4,153,0.7031408171482831,0.6177379501013383,,80.0
deposition,NSGA2,4,154,0.7031408171482831,0.6132110051100547,,80.0
deposition,NSGA2,4,155,0.7031408171482831,0.6172696765097052,,80.0
deposition,NSGA2,4,156,0.7031408171482831,0.6180522565882145,,80.0
deposition,NSGA2,4,157,0.7031408171482831,0.6148879858065095,,80.0
deposition,NSGA2,4,158,0.7031408171482831,0.6227998860875565,,80.0
deposition,NSGA2,4,159,0.7031408171482831,0.6224281910455551,,80.0
deposition,NSGA2,4,160,0.7031408171482831,0.6186293941484696,,80.0
deposition,NSGA2,4,161,0.7031408171482831,0.6155739873353869,,80.0
deposition,NSGA2,4,162,0.7031408171482831,0.6152719662675015,,80.0
deposition,NSGA2,4,163,0.7031408171482831,0.610469904783848,,80.0
deposition,NSGA2,4,164,0.7031408171482831,0.6103610408152258,,80.0
deposition,NSGA2,4,165,0.7031408171482831,0.6028752675604914,,80.0
deposition,NSGA2,4,166,0.7031408171482831,0.6062602228502548,,80.0
deposition,NSGA2,4,167,0.7031408171482831,0.6058340958239423,,80.0
deposition,NSGA2,4,168,0.7031408171482831,0.6098927672235928,,80.0
deposition,NSGA2,4,169,0.7031408171482831,0.6102492202757894,,80.0
deposition,NSGA2,4,170,0.7031408171482831,0.6109773683699876,,80.0
deposition,NSGA2,4,171,0.7031408171482831,0.6070275609389593,,80.0
deposition,NSGA2,4,172,0.7031408171482831,0.6000100612758578,,80.0
deposition,NSGA2,4,173,0.7031408171482831,0.5994329237156025,,80.0
deposition,NSGA2,4,174,0.7031408171482831,0.595374252315952,,80.0
deposition,NSGA2,4,175,0.7031408171482831,0.6034371631309419,,80.0
deposition,NSGA2,4,176,0.7031408171482831,0.5991730492130374,,80.0
deposition,NSGA2,4,177,0.7031408171482831,0.606658822467772,,80.0
deposition,NSGA2,4,178,0.7031408171482831,0.6036034156546893,,80.0
deposition,NSGA2,4,179,0.7031408171482831,0.6076620870543399,,80.0
deposition,NSGA2,4,180,0.7031408171482831,0.6038088581729433,,80.0
deposition,NSGA2,4,181,0.7031408171482831,0.6122434640299346,,80.0
deposition,NSGA2,4,182,0.7031408171482831,0.6122978960142456,,80.0
deposition,NSGA2,4,183,0.7031408171482831,0.6117207584539903,,80.0
deposition,NSGA2,4,184,0.7031408171482831,0.6148305972513841,,80.0
deposition,NSGA2,4,185,0.7031408171482831,0.6147187767119477,,80.0
deposition,NSGA2,4,186,0.7031408171482831,0.6146643447276366,,80.0
deposition,NSGA2,4,187,0.7031408171482831,0.6183121310907793,,80.0
deposition,NSGA2,4,188,0.7031408171482831,0.6183665630750904,,80.0
deposition,NSGA2,4,189,0.7031408171482831,0.6185720055933442,,80.0
deposition,NSGA2,4,190,0.7031408171482831,0.6139906286177496,,80.0
deposition,NSGA2,4,191,0.7031408171482831,0.6101373997363531,,80.0
deposition,NSGA2,4,192,0.7031408171482831,0.6139361966334385,,80.0
deposition,NSGA2,4,193,0.7031408171482831,0.6175687410067765,,80.0
deposition,NSGA2,4,194,0.7031408171482831,0.6140327751830702,,80.0
deposition,NSGA2,4,195,0.7031408171482831,0.6139783431987592,,80.0
deposition,NSGA2,4,196,0.7031408171482831,0.61319576312025,,80.0
deposition,NSGA2,4,197,0.7031408171482831,0.6165262864257024,,80.0
deposition,NSGA2,4,198,0.7031408171482831,0.6245891972406923,,80.0
deposition,NSGA2,4,199,0.7031408171482831,0.62043394729141,,80.0
deposition,NSGA2,4,200,0.7031408171482831,0.6241753556333702,,80.0
planarization,TSFGA,0,0,2.067099017263599,1.6831596309879227,17.0,
planarization,TSFGA,0,1,2.0930013419741544,1.7966972057956139,14.0,
planarization,TSFGA,0,2,2.103320060779009,1.8329310767122735,16.0,
planarization,TSFGA,0,3,2.125563504528113,1.8740084876940226,13.0,
planarization,TSFGA,0,4,2.125563504528113,1.8829344977588556,13.0,
planarization,TSFGA,0,5,2.1539371226231925,1.8757224163500676,13.0,
planarization,TSFGA,0,6,2.1539371226231925,1.9149127634634504,13.0,
planarization,TSFGA,0,7,2.1539371226231925,1.8986938451019355,13.0,
planarization,TSFGA,0,8,2.154383966871457,1.9292159230197925,13.0,
planarization,TSFGA,0,9,2.1750757602969237,1.935943278256282,13.0,
planarization,TSFGA,0,10,2.194427717106707,1.9493634866477212,10.0,
planarization,TSFGA,0,11,2.194427717106707,1.9658954207848076,10.0,
planarization,TSFGA,0,12,2.198250667321513,1.947866065705075,12.0,
planarization,TSFGA,0,13,2.198250667321513,1.913821905020767,12.0,
planarization,TSFGA,0,14,2.198250667321513,1.9471854173286904,12.0,
planarization,TSFGA,0,15,2.198250667321513,1.94998189094319,12.0,
planarization,TSFGA,0,16,2.198250667321513,1.9589698823223736,12.0,
planarization,TSFGA,0,17,2.198250667321513,1.949942931901952,12.0,
planarization,TSFGA,0,18,2.198250667321513,1.9219288300219621,12.0,
planarization,TSFGA,0,19,2.198250667321513,1.9077634263169905,12.0,
planarization,TSFGA,0,20,2.198250667321513,1.9268675166211366,12.0,
planarization,TSFGA,0,21,2.198250667321513,1.9389609122621123,12.0,
planarization,TSFGA,0,22,2.198250667321513,1.9322111605197072,12.0,
planarization,TSFGA,0,23,2.217524622631975,1.9315735642940433,11.0,
planarization,TSFGA,0,24,2.217524622631975,1.93566589241526,11.0,
planarization,TSFGA,0,25,2.2664462340644613,1.9320615853691467,8.0,
planarization,TSFGA,0,26,2.2664462340644613,1.917716377436303,8.0,
planarization,TSFGA,0,27,2.2664462340644613,1.9051378250791782,8.0,
planarization,TSFGA,0,28,2.2664462340644613,1.9416235894839282,8.0,
planarization,TSFGA,0,29,2.2664462340644613,1.9639741683426266,8.0,
planarization,TSFGA,0,30,2.2664462340644613,1.9467054380287583,8.0,
planarization,TSFGA,0,31,2.2664462340644613,1.9260822215348434,8.0,
planarization,TSFGA,0,32,2.2664462340644613,1.9564709572329477,8.0,
planarization,TSFGA,0,33,2.2664462340644613,1.9660476700542122,8.0,
planarization,TSFGA,0,34,2.2664462340644613,1.9594919303266434,8.0,
planarization,TSFGA,0,35,2.2664462340644613,1.9381155852116336,8.0,
planarization,TSFGA,0,36,2.2664462340644613,1.9407367294466447,8.0,
planarization,TSFGA,0,37,2.2664462340644613,1.9389122769653746,8.0,
planarization,TSFGA,0,38,2.2664462340644613,1.9279066271656748,8.0,
planarization,TSFGA,0,39,2.2664462340644613,1.970385805662086,8.0,
planarization,TSFGA,0,40,2.2664462340644613,1.9510747133849429,8.0,
planarization,TSFGA,0,41,2.2664462340644613,1.9057825075849564,8.0,
planarization,TSFGA,0,42,2.2664462340644613,1.8997292391104417,8.0,
planarization,TSFGA,0,43,2.2664462340644613,1.92292216337477,8.0,
planarization,TSFGA,0,44,2.2664462340644613,1.9565257334035526,8.0,
planarization,TSFGA,0,45,2.2664462340644613,1.9826497689405769,8.0,
planarization,TSFGA,0,46,2.2664462340644613,1.9679353238335402,8.0,
planarization,TSFGA,0,47,2.2664462340644613,1.9688032091890342,8.0,
planarization,TSFGA,0,48,2.2664462340644613,1.9697481569216617,8.0,
planarization,TSFGA,0,49,2.2664462340644613,1.976909785999674,8.0,
planarization,TSFGA,0,50,2.2664462340644613,1.977916154445829,8.0,
planarization,TSFGA,0,51,2.2664462340644613,1.9422688736225786,8.0,
planarization,TSFGA,0,52,2.2664462340644613,1.952108732009783,8.0,
planarization,TSFGA,0,53,2.2664462340644613,1.9489365080768415,8.0,
planarization,TSFGA,0,54,2.2664462340644613,1.9300666472547783,8.0,
planarization,TSFGA,0,55,2.2664462340644613,1.926176319971103,8.0,
planarization,TSFGA,0,56,2.2664462340644613,1.9524263625631384,8.0,
planarization,TSFGA,0,57,2.2664462340644613,1.9424162823233317,8.0,
planarization,TSFGA,0,58,2.2664462340644613,1.912426598168334,8.0,
planarization,TSFGA,0,59,2.2664462340644613,1.9524730303560982,8.0,
planarization,TSFGA,0,60,2.2664462340644613,1.975284479430775,8.0,
planarization,TSFGA,0,61,2.2664462340644613,1.942649985469585,8.0,
planarization,TSFGA,0,62,2.279052553412781,1.9429396386099136,10.0,
planarization,TSFGA,0,63,2.279052553412781,1.9376745573701957,10.0,
planarization,TSFGA,0,64,2.279052553412781,1.9618412137600612,10.0,
planarization,TSFGA,0,65,2.279052553412781,1.9850587121817362,10.0,
planarization,TSFGA,0,66,2.279052553412781,1.9460342578457221,10.0,
planarization,TSFGA,0,67,2.279052553412781,1.993111102826934,10.0,
planarization,TSFGA,0,68,2.279052553412781,2.0095960245959055,10.0,
planarization,TSFGA,0,69,2.279052553412781,1.944031099707351,10.0,
planarization,TSFGA,0,70,2.279052553412781,1.94295048078266,10.0,
planarization,TSFGA,0,71,2.279052553412781,1.9454828506300923,10.0,
planarization,TSFGA,0,72,2.279052553412781,1.978752203673772,10.0,
planarization,TSFGA,0,73,2.279052553412781,1.9450435401058157,10.0,
planarization,TSFGA,0,74,2.279052553412781,2.0250904838757764,10.0,
planarization,TSFGA,0,75,2.279052553412781,2.0054895570443145,10.0,
planarization,TSFGA,0,76,2.279052553412781,1.983632018338008,10.0,
planarization,TSFGA,0,77,2.279052553412781,1.9286694798222377,10.0,
planarization,TSFGA,0,78,2.279052553412781,1.9304100729920903,10.0,
planarization,TSFGA,0,79,2.279052553412781,1.9135356075244936,10.0,
planarization,TSFGA,0,80,2.279052553412781,1.9676326745209245,10.0,
planarization,TSFGA,0,81,2.279052553412781,1.9422288742809897,10.0,
planarization,TSFGA,0,82,2.279052553412781,1.933962921826089,10.0,
planarization,TSFGA,0,83,2.279052553412781,1.9284881905270617,10.0,
planarization,TSFGA,0,84,2.279052553412781,1.9192247635143904,10.0,
planarization,TSFGA,0,85,2.279052553412781,1.941142275109517,10.0,
planarization,TSFGA,0,86,2.279052553412781,1.9696006424565358,10.0,
planarization,TSFGA,0,87,2.279052553412781,2.001514653879925,10.0,
planarization,TSFGA,0,88,2.279052553412781,1.992051923990075,10.0,
planarization,TSFGA,0,89,2.3056377977066247,1.9828415955200227,9.0,
planarization,TSFGA,0,90,2.3056377977066247,1.98136873818891,9.0,
planarization,TSFGA,0,91,2.3056377977066247,1.9463864358648464,9.0,
planarization,TSFGA,0,92,2.3056377977066247,1.9606306785906367,9.0,
planarization,TSFGA,0,93,2.3056377977066247,1.9549697785255553,9.0,
planarization,TSFGA,0,94,2.3056377977066247,1.953376613626655,9.0,
planarization,TSFGA,0,95,2.3056377977066247,1.955417154712006,9.0,
planarization,TSFGA,0,96,2.3056377977066247,1.9323472876153889,9.0,
planarization,TSFGA,0,97,2.3056377977066247,1.9065198983006948,9.0,
planarization,TSFGA,0,98,2.3056377977066247,1.9362431043213397,9.0,
planarization,TSFGA,0,99,2.3056377977066247,1.9154078547999869,9.0,
planarization,TSFGA,0,100,2.3056377977066247,1.9289738826335103,9.0,
planarization,TSFGA,0,101,2.3056377977066247,1.945076914917977,9.0,
planarization,TSFGA,0,102,2.3056377977066247,1.9635555490391248,9.0,
planarization,TSFGA,0,103,2.3056377977066247,1.9869640739266685,9.0,
planarization,TSFGA,0,104,2.3056377977066247,1.9800090788518105,9.0,
planarization,TSFGA,0,105,2.3056377977066247,1.9699475046027761,9.0,
planarization,TSFGA,0,106,2.3056377977066247,1.9555904538527085,9.0,
planarization,TSFGA,0,107,2.3056377977066247,1.9532143073916544,9.0,
planarization,TSFGA,0,108,2.3056377977066247,1.9590023179714238,9.0,
planarization,TSFGA,0,109,2.3056377977066247,1.9488512405649439,9.0,
planarization,TSFGA,0,110,2.3056377977066247,1.9439030349575497,9.0,
planarization,TSFGA,0,111,2.3056377977066247,1.9406491732256277,9.0,
planarization,TSFGA,0,112,2.3056377977066247,1.9503155758398425,9.0,
planarization,TSFGA,0,113,2.3056377977066247,2.004406578882967,9.0,
planarization,TSFGA,0,114,2.3056377977066247,1.9825640793983452,9.0,
planarization,TSFGA,0,115,2.3056377977066247,1.942348174861913,9.0,
planarization,TSFGA,0,116,2.3056377977066247,1.9502298275345846,9.0,
planarization,TSFGA,0,117,2.3056377977066247,1.9617656079884287,9.0,
planarization,TSFGA,0,118,2.3056377977066247,1.9431186336639343,9.0,
planarization,TSFGA,0,119,2.3056377977066247,1.946182149847163,9.0,
planarization,TSFGA,0,120,2.3056377977066247,1.9529798084419034,9.0,
planarization,TSFGA,0,121,2.3056377977066247,1.9388999976239851,9.0,
planarization,TSFGA,0,122,2.3056377977066247,1.9513108049265697,9.0,
planarization,TSFGA,0,123,2.3056377977066247,1.9602097412122088,9.0,
planarization,TSFGA,0,124,2.3056377977066247,1.9559361533696253,9.0,
planarization,TSFGA,0,125,2.3056377977066247,1.9755805043010983,9.0,
planarization,TSFGA,0,126,2.3056377977066247,1.959405104775864,9.0,
planarization,TSFGA,0,127,2.3056377977066247,1.9320128680858204,9.0,
planarization,TSFGA,0,128,2.3056377977066247,1.9533772839932815,9.0,
planarization,TSFGA,0,129,2.3056377977066247,1.9290350760903394,9.0,
planarization,TSFGA,1,0,2.074038364666937,1.6335568461816856,18.0,
planarization,TSFGA,1,1,2.074038364666937,1.745138171692511,18.0,
planarization,TSFGA,1,2,2.097354999426015,1.8082304760785388,16.0,
planarization,TSFGA,1,3,2.097354999426015,1.8454487032775901,16.0,
planarization,TSFGA,1,4,2.097354999426015,1.8636146312099477,16.0,
planarization,TSFGA,1,5,2.114326657099059,1.8762419213211707,16.0,
planarization,TSFGA,1,6,2.1400897884604073,1.881224018070018,13.0,
planarization,TSFGA,1,7,2.1400930707210777,1.8927585495112353,15.0,
planarization,TSFGA,1,8,2.153110258931296,1.8938832329365112,14.0,
planarization,TSFGA,1,9,2.153110258931296,1.917001642891678,14.0,
planarization,TSFGA,1,10,2.215264131508807,1.9113995050292285,10.0,
planarization,TSFGA,1,11,2.215264131508807,1.93770847249382,10.0,
planarization,TSFGA,1,12,2.215264131508807,1.9244139457349874,10.0,
planarization,TSFGA,1,13,2.215264131508807,1.9271567853323965,10.0,
planarization,TSFGA,1,14,2.215264131508807,1.8969098911214062,10.0,
planarization,TSFGA,1,15,2.253849488783168,1.9361204256172146,9.0,
planarization,TSFGA,1,16,2.253849488783168,1.9493323262615347,9.0,
planarization,TSFGA,1,17,2.253849488783168,1.953417660725585,9.0,
planarization,TSFGA,1,18,2.253849488783168,1.9068923815468004,9.0,
planarization,TSFGA,1,19,2.253849488783168,1.9217484836791439,9.0,
planarization,TSFGA,1,20,2.2612049819217086,1.8940589710903382,8.0,
planarization,TSFGA,1,21,2.2612049819217086,1.9279203664831943,8.0,
planarization,TSFGA,1,22,2.2612049819217086,1.9491748557523114,8.0,
planarization,TSFGA,1,23,2.2612049819217086,1.9404328217313456,8.0,
planarization,TSFGA,1,24,2.2612049819217086,1.9631450154892112,8.0,
planarization,TSFGA,1,25,2.2612049819217086,1.9424955251723077,8.0,
planarization,TSFGA,1,26,2.2612049819217086,1.9194915947745836,8.0,
planarization,TSFGA,1,27,2.2612049819217086,1.878817151075981,8.0,
planarization,TSFGA,1,28,2.2612049819217086,1.8932717658695146,8.0,
planarization,TSFGA,1,29,2.2612049819217086,1.954400250879716,8.0,
planarization,TSFGA,1,30,2.2612049819217086,1.9498572006680952,8.0,
planarization,TSFGA,1,31,2.265780205114166,1.9525488850147201,8.0,
planarization,TSFGA,1,32,2.265780205114166,1.967361558697887,8.0,
planarization,TSFGA,1,33,2.265780205114166,1.9671183841926023,8.0,
planarization,TSFGA,1,34,2.265780205114166,1.9815648064195237,8.0,
planarization,TSFGA,1,35,2.265780205114166,1.9833240626892894,8.0,
planarization,TSFGA,1,36,2.265780205114166,1.9950815449334,8.0,
planarization,TSFGA,1,37,2.265780205114166,1.9763849548350252,8.0,
planarization,TSFGA,1,38,2.265780205114166,1.961221703678588,8.0,
planarization,TSFGA,1,39,2.265780205114166,1.9522155910542853,8.0,
planarization,TSFGA,1,40,2.265780205114166,1.9631802613043967,8.0,
planarization,TSFGA,1,41,2.265780205114166,1.9519003073088192,8.0,
planarization,TSFGA,1,42,2.265780205114166,1.9338737284301715,8.0,
planarization,TSFGA,1,43,2.265780205114166,1.9371878440596617,8.0,
planarization,TSFGA,1,44,2.265780205114166,1.957016659040645,8.0,
planarization,TSFGA,1,45,2.265780205114166,1.9476985422234332,8.0,
planarization,TSFGA,1,46,2.265780205114166,1.963993408120133,8.0,
planarization,TSFGA,1,47,2.265780205114166,1.9440383128130931,8.0,
planarization,TSFGA,1,48,2.265780205114166,1.9678258734072684,8.0,
planarization,TSFGA,1,49,2.265780205114166,1.9306578448059013,8.0,
planarization,TSFGA,1,50,2.265780205114166,1.9061391101201397,8.0,
planarization,TSFGA,1,51,2.265780205114166,1.9179675130119969,8.0,
planarization,TSFGA,1,52,2.265780205114166,1.9263167353852182,8.0,
planarization,TSFGA,1,53,2.265780205114166,1.9361426642505712,8.0,
planarization,TSFGA,1,54,2.265780205114166,1.9387451692569695,8.0,
planarization,TSFGA,1,55,2.265780205114166,1.926926360931811,8.0,
planarization,TSFGA,1,56,2.265780205114166,1.9487484802793638,8.0,
planarization,TSFGA,1,57,2.265780205114166,1.9086318545089693,8.0,
planarization,TSFGA,1,58,2.265780205114166,1.923113585562516,8.0,
planarization,TSFGA,1,59,2.265780205114166,1.9461003853729024,8.0,
planarization,TSFGA,1,60,2.265780205114166,1.9230104892766966,8.0,
planarization,TSFGA,1,61,2.265780205114166,1.9190815219334152,8.0,
planarization,TSFGA,1,62,2.265780205114166,1.9245371022808555,8.0,
planarization,TSFGA,1,63,2.265780205114166,1.9275062843270434,8.0,
planarization,TSFGA,1,64,2.265780205114166,1.92945982323128,8.0,
planarization,TSFGA,1,65,2.265780205114166,1.9562647421168342,8.0,
planarization,TSFGA,1,66,2.265780205114166,1.913461952285101,8.0,
planarization,TSFGA,1,67,2.265780205114166,1.9294023124017243,8.0,
planarization,TSFGA,1,68,2.265780205114166,1.9490709588760133,8.0,
planarization,TSFGA,1,69,2.265780205114166,1.9345560627369687,8.0,
planarization,TSFGA,1,70,2.265780205114166,1.9655200270506057,8.0,
planarization,TSFGA,1,71,2.265780205114166,1.929694892317898,8.0,
planarization,TSFGA,2,0,2.039349516094171,1.6673420282624611,17.0,
planarization,TSFGA,2,1,2.039349516094171,1.7887156682389282,17.0,
planarization,TSFGA,2,2,2.0600386884315935,1.8268630976491562,17.0,
planarization,TSFGA,2,3,2.0637046094813893,1.8324910063606814,17.0,
planarization,TSFGA,2,4,2.121387439132638,1.8328965540437614,14.0,
planarization,TSFGA,2,5,2.1360824421486972,1.838964101742808,13.0,
planarization,TSFGA,2,6,2.1532609831681295,1.8516233816245138,13.0,
planarization,TSFGA,2,7,2.1532609831681295,1.8886550640214064,13.0,
planarization,TSFGA,2,8,2.1532609831681295,1.919955147630553,13.0,
planarization,TSFGA,2,9,2.1532609831681295,1.9479741916660775,13.0,
planarization,TSFGA,2,10,2.1532609831681295,1.9167618862392921,13.0,
planarization,TSFGA,2,11,2.162902539662613,1.9197590003139322,14.0,
planarization,TSFGA,2,12,2.170521286969665,1.9404746352659465,14.0,
planarization,TSFGA,2,13,2.1865358376825395,1.961650030866431,13.0,
planarization,TSFGA,2,14,2.1865358376825395,1.9283306356129564,13.0,
planarization,TSFGA,2,15,2.1865358376825395,1.9062866656695525,13.0,
planarization,TSFGA,2,16,2.1865358376825395,1.9291610631894582,13.0,
planarization,TSFGA,2,17,2.2032523191186875,1.9267782396845043,12.0,
planarization,TSFGA,2,18,2.2032523191186875,1.921649582391319,12.0,
planarization,TSFGA,2,19,2.2032523191186875,1.90059870840146,12.0,
planarization,TSFGA,2,20,2.2032523191186875,1.9430615698618783,12.0,
planarization,TSFGA,2,21,2.2032523191186875,1.9358732208692846,12.0,
planarization,TSFGA,2,22,2.2032523191186875,1.9607523866617533,12.0,
planarization,TSFGA,2,23,2.2032523191186875,1.9363183322410946,12.0,
planarization,TSFGA,2,24,2.2032523191186875,1.9545835832869796,12.0,
planarization,TSFGA,2,25,2.2032523191186875,1.9563423205487847,12.0,
planarization,TSFGA,2,26,2.2032523191186875,1.9240066395581181,12.0,
planarization,TSFGA,2,27,2.2032523191186875,1.8938670146689898,12.0,
planarization,TSFGA,2,28,2.2032523191186875,1.908631210970966,12.0,
planarization,TSFGA,2,29,2.2032523191186875,1.8914318348188768,12.0,
planarization,TSFGA,2,30,2.2032523191186875,1.9017076326565092,12.0,
planarization,TSFGA,2,31,2.2032523191186875,1.9067084041852325,12.0,
planarization,TSFGA,2,32,2.2032523191186875,1.9442863678950615,12.0,
planarization,TSFGA,2,33,2.2032523191186875,1.9275900055267587,12.0,
planarization,TSFGA,2,34,2.2032523191186875,1.922299657542995,12.0,
planarization,TSFGA,2,35,2.2032523191186875,1.9211336523847138,12.0,
planarization,TSFGA,2,36,2.2032523191186875,1.907669523295932,12.0,
planarization,TSFGA,2,37,2.2032523191186875,1.9052802607030266,12.0,
planarization,TSFGA,2,38,2.206047324696616,1.9487276740158432,10.0,
planarization,TSFGA,2,39,2.206047324696616,1.923296954772816,10.0,
planarization,TSFGA,2,40,2.206047324696616,1.9606072641859107,10.0,
planarization,TSFGA,2,41,2.206047324696616,1.9332523235674592,10.0,
planarization,TSFGA,2,42,2.224127951816207,1.918772886852788,9.0,
planarization,TSFGA,2,43,2.224127951816207,1.8870182948177259,9.0,
planarization,TSFGA,2,44,2.224127951816207,1.9313138846611237,9.0,
planarization,TSFGA,2,45,2.224127951816207,1.905909019436335,9.0,
planarization,TSFGA,2,46,2.224127951816207,1.9114584733632682,9.0,
planarization,TSFGA,2,47,2.2264416921056913,1.9162710870912416,9.0,
planarization,TSFGA,2,48,2.2264416921056913,1.8983081736900715,9.0,
planarization,TSFGA,2,49,2.2264416921056913,1.8931851728022522,9.0,
planarization,TSFGA,2,50,2.2264416921056913,1.8875284656009839,9.0,
planarization,TSFGA,2,51,2.2264416921056913,1.906114920160394,9.0,
planarization,TSFGA,2,52,2.2264416921056913,1.9847213083678796,9.0,
planarization,TSFGA,2,53,2.2264416921056913,1.955074116089083,9.0,
planarization,TSFGA,2,54,2.2264416921056913,1.931678687385676,9.0,
planarization,TSFGA,2,55,2.2264416921056913,1.924726730992452,9.0,
planarization,TSFGA,2,56,2.2264416921056913,1.9330074948653972,9.0,
planarization,TSFGA,2,57,2.2264416921056913,1.9189718099556985,9.0,
planarization,TSFGA,2,58,2.261170459040099,1.8943927686757207,8.0,
planarization,TSFGA,2,59,2.261170459040099,1.888812980810861,8.0,
planarization,TSFGA,2,60,2.261170459040099,1.9081898392930405,8.0,
planarization,TSFGA,2,61,2.261170459040099,1.9190005187660009,8.0,
planarization,TSFGA,2,62,2.261170459040099,1.9357263052761873,8.0,
planarization,TSFGA,2,63,2.261170459040099,1.967882666491547,8.0,
planarization,TSFGA,2,64,2.261170459040099,1.9315787438981242,8.0,
planarization,TSFGA,2,65,2.261170459040099,1.9285302490583796,8.0,
planarization,TSFGA,2,66,2.261170459040099,1.9313365276018934,8.0,
planarization,TSFGA,2,67,2.261170459040099,1.9567869500482196,8.0,
planarization,TSFGA,2,68,2.261170459040099,1.9789277403697227,8.0,
planarization,TSFGA,2,69,2.261170459040099,1.9412349079355913,8.0,
planarization,TSFGA,2,70,2.261170459040099,1.9506915318952867,8.0,
planarization,TSFGA,2,71,2.265028497690177,1.9452382639264563,8.0,
planarization,TSFGA,2,72,2.265028497690177,1.9166288395321878,8.0,
planarization,TSFGA,2,73,2.265028497690177,1.933635293430569,8.0,
planarization,TSFGA,2,74,2.265028497690177,1.9443712353193086,8.0,
planarization,TSFGA,2,75,2.265028497690177,1.9295394120769658,8.0,
planarization,TSFGA,2,76,2.295626473829182,1.9363900227562219,7.0,
planarization,TSFGA,2,77,2.295626473829182,1.9523489898226742,7.0,
planarization,TSFGA,2,78,2.295626473829182,1.9599512346993784,7.0,
planarization,TSFGA,2,79,2.295626473829182,1.9607296000418983,7.0,
planarization,TSFGA,2,80,2.295626473829182,1.9772499802128174,7.0,
planarization,TSFGA,2,81,2.295626473829182,1.9717235074271833,7.0,
planarization,TSFGA,2,82,2.295626473829182,1.96575647518058,7.0,
planarization,TSFGA,2,83,2.295626473829182,1.9829393015711774,7.0,
planarization,TSFGA,2,84,2.295626473829182,1.941504847358858,7.0,
planarization,TSFGA,2,85,2.295626473829182,1.9740141333563486,7.0,
planarization,TSFGA,2,86,2.295626473829182,1.9586087747777507,7.0,
planarization,TSFGA,2,87,2.295626473829182,1.9596198720855835,7.0,
planarization,TSFGA,2,88,2.295626473829182,1.9508269354237289,7.0,
planarization,TSFGA,2,89,2.295626473829182,1.9655685303343275,7.0,
planarization,TSFGA,2,90,2.295626473829182,1.9578898304602028,7.0,
planarization,TSFGA,2,91,2.295626473829182,1.9456899971335873,7.0,
planarization,TSFGA,2,92,2.295626473829182,1.9135031694980422,7.0,
planarization,TSFGA,2,93,2.295626473829182,1.9306584675013014,7.0,
planarization,TSFGA,2,94,2.295626473829182,1.944205287513385,7.0,
planarization,TSFGA,2,95,2.295626473829182,1.9203056995753343,7.0,
planarization,TSFGA,2,96,2.295626473829182,1.9238462461304011,7.0,
planarization,TSFGA,2,97,2.295626473829182,1.954147161271926,7.0,
planarization,TSFGA,2,98,2.295626473829182,1.9367807306288731,7.0,
planarization,TSFGA,2,99,2.3011629411950913,1.9578633045350842,6.0,
planarization,TSFGA,2,100,2.3011629411950913,1.9568685200126457,6.0,
planarization,TSFGA,2,101,2.3011629411950913,1.9632931877540358,6.0,
planarization,TSFGA,2,102,2.3011629411950913,1.9235478015172007,6.0,
planarization,TSFGA,2,103,2.3011629411950913,1.9754098845700472,6.0,
planarization,TSFGA,2,104,2.3011629411950913,1.9505544548280522,6.0,
planarization,TSFGA,2,105,2.3011629411950913,1.9601774867837087,6.0,
planarization,TSFGA,2,106,2.3011629411950913,1.9528074176070391,6.0,
planarization,TSFGA,2,107,2.3011629411950913,1.9294647799771993,6.0,
planarization,TSFGA,2,108,2.3011629411950913,1.9419956376168066,6.0,
planarization,TSFGA,2,109,2.3011629411950913,1.9427513453602316,6.0,
planarization,TSFGA,2,110,2.3011629411950913,1.9556336601004798,6.0,
planarization,TSFGA,2,111,2.3011629411950913,1.9179287471265816,6.0,
planarization,TSFGA,2,112,2.3011629411950913,1.9180069488638363,6.0,
planarization,TSFGA,2,113,2.3011629411950913,1.961698783786322,6.0,
planarization,TSFGA,2,114,2.3011629411950913,1.9223245503688908,6.0,
planarization,TSFGA,2,115,2.3011629411950913,1.9122231868731774,6.0,
planarization,TSFGA,2,116,2.3011629411950913,1.886735098895772,6.0,
planarization,TSFGA,2,117,2.3011629411950913,1.8840381874461012,6.0,
planarization,TSFGA,2,118,2.3011629411950913,1.8943854348846543,6.0,
planarization,TSFGA,2,119,2.3011629411950913,1.9173382466503959,6.0,
planarization,TSFGA,2,120,2.3011629411950913,1.9156643852333517,6.0,
planarization,TSFGA,2,121,2.3011629411950913,1.9481905442055159,6.0,
planarization,TSFGA,2,122,2.3011629411950913,1.965122593397831,6.0,
planarization,TSFGA,2,123,2.3011629411950913,1.9499381341865067,6.0,
planarization,TSFGA,2,124,2.3011629411950913,1.9563415496420355,6.0,
planarization,TSFGA,2,125,2.3011629411950913,1.9561370775569693,6.0,
planarization,TSFGA,2,126,2.3011629411950913,1.948776733952613,6.0,
planarization,TSFGA,2,127,2.3011629411950913,1.9298489198835742,6.0,
planarization,TSFGA,2,128,2.3011629411950913,1.9732675076568864,6.0,
planarization,TSFGA,2,129,2.3011629411950913,1.9307843613906364,6.0,
planarization,TSFGA,2,130,2.3011629411950913,1.9355764676575724,6.0,
planarization,TSFGA,2,131,2.3011629411950913,1.935604044720072,6.0,
planarization,TSFGA,2,132,2.3011629411950913,1.9587727124912657,6.0,
planarization,TSFGA,2,133,2.3011629411950913,1.9338167444259309,6.0,
planarization,TSFGA,2,134,2.3011629411950913,1.9366561143433585,6.0,
planarization,TSFGA,2,135,2.3011629411950913,1.9475523498779421,6.0,
planarization,TSFGA,2,136,2.3011629411950913,1.912932710460789,6.0,
planarization,TSFGA,2,137,2.3011629411950913,1.917949822804936,6.0,
planarization,TSFGA,2,138,2.3011629411950913,1.9093330370986112,6.0,
planarization,TSFGA,2,139,2.3011629411950913,1.9244844000418198,6.0,
planarization,TSFGA,3,0,2.0771133715512775,1.6489323983577342,17.0,
planarization,TSFGA,3,1,2.1006569171997986,1.7721427472583513,17.0,
planarization,TSFGA,3,2,2.170572809338042,1.8276376860631856,14.0,
planarization,TSFGA,3,3,2.1707430477760354,1.8911681988883018,14.0,
planarization,TSFGA,3,4,2.179555658722241,1.914281190582035,12.0,
planarization,TSFGA,3,5,2.196277897250798,1.9488196520365886,12.0,
planarization,TSFGA,3,6,2.196277897250798,1.9322827746871423,12.0,
planarization,TSFGA,3,7,2.196277897250798,1.9199353264283183,12.0,
planarization,TSFGA,3,8,2.196277897250798,1.9025983543247538,12.0,
planarization,TSFGA,3,9,2.2060979942690326,1.9241047019719404,12.0,
planarization,TSFGA,3,10,2.2060979942690326,1.9018130014506192,12.0,
planarization,TSFGA,3,11,2.2060979942690326,1.8757668590152021,12.0,
planarization,TSFGA,3,12,2.2060979942690326,1.93029421185537,12.0,
planarization,TSFGA,3,13,2.2060979942690326,1.9434523866900058,12.0,
planarization,TSFGA,3,14,2.2060979942690326,1.9408663560100254,12.0,
planarization,TSFGA,3,15,2.2060979942690326,1.9249409656221856,12.0,
planarization,TSFGA,3,16,2.2060979942690326,1.91886781525406,12.0,
planarization,TSFGA,3,17,2.2060979942690326,1.901027039869014,12.0,
planarization,TSFGA,3,18,2.2060979942690326,1.8942242150528976,12.0,
planarization,TSFGA,3,19,2.2060979942690326,1.9075316546395182,12.0,
planarization,TSFGA,3,20,2.2060979942690326,1.9357358914700655,12.0,
planarization,TSFGA,3,21,2.2060979942690326,1.8866299691205577,12.0,
planarization,TSFGA,3,22,2.2060979942690326,1.8973964717251306,12.0,
planarization,TSFGA,3,23,2.2060979942690326,1.8767337738513248,12.0,
planarization,TSFGA,3,24,2.2060979942690326,1.8871469385095108,12.0,
planarization,TSFGA,3,25,2.2060979942690326,1.917151962094963,12.0,
planarization,TSFGA,3,26,2.2060979942690326,1.9182951683795715,12.0,
planarization,TSFGA,3,27,2.2060979942690326,1.8827672810087552,12.0,
planarization,TSFGA,3,28,2.2060979942690326,1.8642965070659678,12.0,
planarization,TSFGA,3,29,2.2060979942690326,1.8985727138248614,12.0,
planarization,TSFGA,3,30,2.2060979942690326,1.9082325194238634,12.0,
planarization,TSFGA,3,31,2.2060979942690326,1.9032680671745381,12.0,
planarization,TSFGA,3,32,2.2060979942690326,1.90705448471988,12.0,
planarization,TSFGA,3,33,2.2060979942690326,1.8888093376007897,12.0,
planarization,TSFGA,3,34,2.2060979942690326,1.9128700303157622,12.0,
planarization,TSFGA,3,35,2.2060979942690326,1.9200306152260171,12.0,
planarization,TSFGA,3,36,2.2387357132695094,1.9034693448242321,9.0,
planarization,TSFGA,3,37,2.2387357132695094,1.959470822427404,9.0,
planarization,TSFGA,3,38,2.2387357132695094,1.9188121513696803,9.0,
planarization,TSFGA,3,39,2.2387357132695094,1.9355577052945887,9.0,
planarization,TSFGA,3,40,2.2387357132695094,1.9132624359373565,9.0,
planarization,TSFGA,3,41,2.242625464151114,1.9195515834270296,11.0,
planarization,TSFGA,3,42,2.242625464151114,1.9432803297299617,11.0,
planarization,TSFGA,3,43,2.242625464151114,1.959594832813393,11.0,
planarization,TSFGA,3,44,2.2782594662574502,1.9568606671289737,9.0,
planarization,TSFGA,3,45,2.2782594662574502,1.9164105547994044,9.0,
planarization,TSFGA,3,46,2.2782594662574502,1.9688404834648074,9.0,
planarization,TSFGA,3,47,2.2782594662574502,1.9556031226671102,9.0,
planarization,TSFGA,3,48,2.2782594662574502,1.9328148822335613,9.0,
planarization,TSFGA,3,49,2.2782594662574502,1.9374774818209972,9.0,
planarization,TSFGA,3,50,2.2782594662574502,1.9576116000195682,9.0,
planarization,TSFGA,3,51,2.2782594662574502,1.919512683118387,9.0,
planarization,TSFGA,3,52,2.2782594662574502,1.93783732557787,9.0,
planarization,TSFGA,3,53,2.2782594662574502,1.9629068560093934,9.0,
planarization,TSFGA,3,54,2.2782594662574502,1.9408969405441958,9.0,
planarization,TSFGA,3,55,2.2782594662574502,1.9174170656503406,9.0,
planarization,TSFGA,3,56,2.2782594662574502,1.9374146658801379,9.0,
planarization,TSFGA,3,57,2.2782594662574502,1.943056490513957,9.0,
planarization,TSFGA,3,58,2.2782594662574502,1.9312711669760774,9.0,
planarization,TSFGA,3,59,2.2782594662574502,1.9274426225475367,9.0,
planarization,TSFGA,3,60,2.2782594662574502,1.9736429354249339,9.0,
planarization,TSFGA,3,61,2.2782594662574502,1.9584232369959564,9.0,
planarization,TSFGA,3,62,2.2782594662574502,1.971964411653809,9.0,
planarization,TSFGA,3,63,2.2782594662574502,1.954875295942347,9.0,
planarization,TSFGA,3,64,2.2782594662574502,1.9328337862504312,9.0,
planarization,TSFGA,3,65,2.2782594662574502,1.9522050082189886,9.0,
planarization,TSFGA,3,66,2.2782594662574502,1.9861518054932183,9.0,
planarization,TSFGA,3,67,2.2782594662574502,1.9954393731389,9.0,
planarization,TSFGA,3,68,2.2782594662574502,1.9948927414629438,9.0,
planarization,TSFGA,3,69,2.2782594662574502,1.9949844698972545,9.0,
planarization,TSFGA,3,70,2.2782594662574502,1.9141694867219994,9.0,
planarization,TSFGA,3,71,2.2805574473980865,1.888804108132367,9.0,
planarization,TSFGA,3,72,2.2805574473980865,1.9168237230706222,9.0,
planarization,TSFGA,3,73,2.305201122810412,1.9653346721806078,8.0,
planarization,TSFGA,3,74,2.305201122810412,1.9722101603800701,8.0,
planarization,TSFGA,3,75,2.305201122810412,1.9643076567974789,8.0,
planarization,TSFGA,3,76,2.305201122810412,1.9862970945940646,8.0,
planarization,TSFGA,3,77,2.305201122810412,1.986695715736093,8.0,
planarization,TSFGA,3,78,2.305201122810412,1.9666898581157273,8.0,
planarization,TSFGA,3,79,2.305201122810412,1.994355175926946,8.0,
planarization,TSFGA,3,80,2.305201122810412,1.9760133581115205,8.0,
planarization,TSFGA,3,81,2.305201122810412,1.9873367495146177,8.0,
planarization,TSFGA,3,82,2.305201122810412,1.971248501441292,8.0,
planarization,TSFGA,3,83,2.305201122810412,1.980559969456889,8.0,
planarization,TSFGA,3,84,2.305201122810412,2.000299036514355,8.0,
planarization,TSFGA,3,85,2.305201122810412,1.9654405253228007,8.0,
planarization,TSFGA,3,86,2.305201122810412,1.9544341564080852,8.0,
planarization,TSFGA,3,87,2.3107243256444425,1.9727538331413155,7.0,
planarization,TSFGA,3,88,2.3107243256444425,1.9307885896245254,7.0,
planarization,TSFGA,3,89,2.3107243256444425,1.966484640391549,7.0,
planarization,TSFGA,3,90,2.3107243256444425,1.9384861582086519,7.0,
planarization,TSFGA,3,91,2.3107243256444425,1.940347617934928,7.0,
planarization,TSFGA,3,92,2.3107243256444425,1.9676551828316307,7.0,
planarization,TSFGA,3,93,2.3107243256444425,1.9704595191024716,7.0,
planarization,TSFGA,3,94,2.3107243256444425,1.974553386674471,7.0,
planarization,TSFGA,3,95,2.3107243256444425,1.9499239442764023,7.0,
planarization,TSFGA,3,96,2.3107243256444425,1.9278782309452183,7.0,
planarization,TSFGA,3,97,2.3107243256444425,1.9062029563107514,7.0,
planarization,TSFGA,3,98,2.3107243256444425,1.9751760955222273,7.0,
planarization,TSFGA,3,99,2.3107243256444425,1.9727477073733755,7.0,
planarization,TSFGA,3,100,2.3107243256444425,1.9781499736228603,7.0,
planarization,TSFGA,3,101,2.3107243256444425,1.9635250770135173,7.0,
planarization,TSFGA,3,102,2.3107243256444425,1.9734769889786357,7.0,
planarization,TSFGA,3,103,2.3107243256444425,1.9628507474774182,7.0,
planarization,TSFGA,3,104,2.3107243256444425,1.9604278289262962,7.0,
planarization,TSFGA,3,105,2.3107243256444425,1.9646294287296313,7.0,
planarization,TSFGA,3,106,2.3107243256444425,1.987741878001684,7.0,
planarization,TSFGA,3,107,2.3107243256444425,1.9644498058131283,7.0,
planarization,TSFGA,3,108,2.3107243256444425,1.9601577497115314,7.0,
planarization,TSFGA,3,109,2.3107243256444425,1.9722581539066488,7.0,
planarization,TSFGA,3,110,2.3107243256444425,1.9579955244239187,7.0,
planarization,TSFGA,3,111,2.3107243256444425,1.9179052220094377,7.0,
planarization,TSFGA,3,112,2.3107243256444425,1.9526504325301537,7.0,
planarization,TSFGA,3,113,2.3107243256444425,1.9375064642038935,7.0,
planarization,TSFGA,3,114,2.3107243256444425,1.9414236873556043,7.0,
planarization,TSFGA,3,115,2.3107243256444425,1.963584988525175,7.0,
planarization,TSFGA,3,116,2.3107243256444425,1.9537227014829974,7.0,
planarization,TSFGA,3,117,2.3107243256444425,1.9527215641116313,7.0,
planarization,TSFGA,3,118,2.3107243256444425,1.9843837891063878,7.0,
planarization,TSFGA,3,119,2.313915714557628,1.9693949878117505,8.0,
planarization,TSFGA,3,120,2.313915714557628,1.991902924213861,8.0,
planarization,TSFGA,3,121,2.313915714557628,1.9863050652515433,8.0,
planarization,TSFGA,3,122,2.313915714557628,1.9784301796143198,8.0,
planarization,TSFGA,3,123,2.313915714557628,1.956012483479062,8.0,
planarization,TSFGA,3,124,2.313915714557628,1.9397360473150944,8.0,
planarization,TSFGA,3,125,2.313915714557628,1.9585420967325677,8.0,
planarization,TSFGA,3,126,2.313915714557628,1.9403595536076648,8.0,
planarization,TSFGA,3,127,2.313915714557628,1.9670880143050167,8.0,
planarization,TSFGA,3,128,2.313915714557628,1.9552128922064171,8.0,
planarization,TSFGA,3,129,2.313915714557628,1.9581571431730445,8.0,
planarization,TSFGA,3,130,2.313915714557628,1.9868109303210542,8.0,
planarization,TSFGA,3,131,2.313915714557628,1.9754647664669398,8.0,
planarization,TSFGA,3,132,2.313915714557628,1.9748249463865881,8.0,
planarization,TSFGA,3,133,2.313915714557628,1.9670374155533346,8.0,
planarization,TSFGA,3,134,2.313915714557628,1.968245050279591,8.0,
planarization,TSFGA,3,135,2.313915714557628,1.9322875409648197,8.0,
planarization,TSFGA,3,136,2.3250031272809273,1.9283735987439488,7.0,
planarization,TSFGA,3,137,2.3250031272809273,1.9163368134907983,7.0,
planarization,TSFGA,3,138,2.3250031272809273,1.9234834405588586,7.0,
planarization,TSFGA,3,139,2.3250031272809273,1.9119535303821642,7.0,
planarization,TSFGA,3,140,2.3250031272809273,1.9533468255437096,7.0,
planarization,TSFGA,3,141,2.3250031272809273,1.949307251230244,7.0,
planarization,TSFGA,3,142,2.3250031272809273,1.912502060060627,7.0,
planarization,TSFGA,3,143,2.3250031272809273,1.955066233251917,7.0,
planarization,TSFGA,3,144,2.3250031272809273,1.9718696066061636,7.0,
planarization,TSFGA,3,145,2.3250031272809273,1.9493499898148556,7.0,
planarization,TSFGA,3,146,2.3250031272809273,1.9681773108962335,7.0,
planarization,TSFGA,3,147,2.3250031272809273,1.9583030616705401,7.0,
planarization,TSFGA,3,148,2.3250031272809273,1.997041649814428,7.0,
planarization,TSFGA,3,149,2.3250031272809273,1.9724641306681783,7.0,
planarization,TSFGA,3,150,2.3250031272809273,1.996306620881929,7.0,
planarization,TSFGA,3,151,2.3250031272809273,1.9835283271366393,7.0,
planarization,TSFGA,3,152,2.3250031272809273,1.9524536408335158,7.0,
planarization,TSFGA,3,153,2.3250031272809273,1.9505494163504793,7.0,
planarization,TSFGA,3,154,2.3250031272809273,1.9458457555373712,7.0,
planarization,TSFGA,3,155,2.3250031272809273,1.9684052116470934,7.0,
planarization,TSFGA,3,156,2.3250031272809273,1.9999231122237355,7.0,
planarization,TSFGA,3,157,2.3250031272809273,1.9735778937460053,7.0,
planarization,TSFGA,3,158,2.3250031272809273,1.9468535339705215,7.0,
planarization,TSFGA,3,159,2.3250031272809273,1.928075514398742,7.0,
planarization,TSFGA,3,160,2.3250031272809273,1.9545058805122124,7.0,
planarization,TSFGA,3,161,2.3250031272809273,1.954906369677174,7.0,
planarization,TSFGA,3,162,2.3250031272809273,1.9470690624154567,7.0,
planarization,TSFGA,3,163,2.3250031272809273,1.9614887194381232,7.0,
planarization,TSFGA,3,164,2.3250031272809273,1.9181149974697642,7.0,
planarization,TSFGA,3,165,2.3250031272809273,1.9683734849502834,7.0,
planarization,TSFGA,3,166,2.3250031272809273,1.9469399956652178,7.0,
planarization,TSFGA,3,167,2.3250031272809273,1.948587979877526,7.0,
planarization,TSFGA,3,168,2.3250031272809273,2.0030966752488575,7.0,
planarization,TSFGA,3,169,2.3250031272809273,1.9919641099454786,7.0,
planarization,TSFGA,3,170,2.3250031272809273,1.9832501008865375,7.0,
planarization,TSFGA,3,171,2.3250031272809273,1.9840157324116277,7.0,
planarization,TSFGA,3,172,2.3250031272809273,1.9813640887067252,7.0,
planarization,TSFGA,3,173,2.3250031272809273,2.011909035104029,7.0,
planarization,TSFGA,3,174,2.3250031272809273,1.9694551913477647,7.0,
planarization,TSFGA,3,175,2.3250031272809273,1.9802464541675306,7.0,
planarization,TSFGA,3,176,2.3250031272809273,1.9572416347914736,7.0,
planarization,TSFGA,4,0,2.0502506380390186,1.641962595959135,20.0,
planarization,TSFGA,4,1,2.145092719375974,1.7287440644467793,14.0,
planarization,TSFGA,4,2,2.145092719375974,1.7863330572689242,14.0,
planarization,TSFGA,4,3,2.1557627918388538,1.832519459049798,12.0,
planarization,TSFGA,4,4,2.1557627918388538,1.8280533868564497,12.0,
planarization,TSFGA,4,5,2.2110763347043583,1.8516543862765595,11.0,
planarization,TSFGA,4,6,2.2110763347043583,1.9075906600623131,11.0,
planarization,TSFGA,4,7,2.2342276134448285,1.925436513631889,10.0,
planarization,TSFGA,4,8,2.2342276134448285,1.9064872141768283,10.0,
planarization,TSFGA,4,9,2.2732276373688536,1.9473133273065037,9.0,
planarization,TSFGA,4,10,2.2732276373688536,1.9063172594002125,9.0,
planarization,TSFGA,4,11,2.2732276373688536,1.9205112155861983,9.0,
planarization,TSFGA,4,12,2.2732276373688536,1.9008264880517174,9.0,
planarization,TSFGA,4,13,2.2732276373688536,1.8587603393225358,9.0,
planarization,TSFGA,4,14,2.2732276373688536,1.9018259020020203,9.0,
planarization,TSFGA,4,15,2.2732276373688536,1.878553002486531,9.0,
planarization,TSFGA,4,16,2.2732276373688536,1.9096300955736978,9.0,
planarization,TSFGA,4,17,2.2732276373688536,1.9500997246549243,9.0,
planarization,TSFGA,4,18,2.2732276373688536,1.9191939888663723,9.0,
planarization,TSFGA,4,19,2.2732276373688536,1.9024678501818215,9.0,
planarization,TSFGA,4,20,2.2732276373688536,1.94073926448199,9.0,
planarization,TSFGA,4,21,2.2732276373688536,1.9187791046622003,9.0,
planarization,TSFGA,4,22,2.2732276373688536,1.946544438477408,9.0,
planarization,TSFGA,4,23,2.2732276373688536,1.8964554957758353,9.0,
planarization,TSFGA,4,24,2.2732276373688536,1.9012286203320243,9.0,
planarization,TSFGA,4,25,2.2732276373688536,1.9576040356293216,9.0,
planarization,TSFGA,4,26,2.2732276373688536,1.9511834415822773,9.0,
planarization,TSFGA,4,27,2.2732276373688536,1.9600488853668403,9.0,
planarization,TSFGA,4,28,2.2732276373688536,1.93292795455788,9.0,
planarization,TSFGA,4,29,2.2732276373688536,1.9298126573549896,9.0,
planarization,TSFGA,4,30,2.2732276373688536,1.9521501691566048,9.0,
planarization,TSFGA,4,31,2.2732276373688536,1.9871616182503509,9.0,
planarization,TSFGA,4,32,2.2732276373688536,1.9127883999172295,9.0,
planarization,TSFGA,4,33,2.2732276373688536,1.92163312373182,9.0,
planarization,TSFGA,4,34,2.2732276373688536,1.9535280967671191,9.0,
planarization,TSFGA,4,35,2.2732276373688536,1.9658678618178065,9.0,
planarization,TSFGA,4,36,2.2732276373688536,1.9250678105683967,9.0,
planarization,TSFGA,4,37,2.2732276373688536,1.9388999601624355,9.0,
planarization,TSFGA,4,38,2.2732276373688536,1.9444193156603853,9.0,
planarization,TSFGA,4,39,2.2732276373688536,1.9313947331789332,9.0,
planarization,TSFGA,4,40,2.2732276373688536,1.9545489981701372,9.0,
planarization,TSFGA,4,41,2.2732276373688536,1.9336196980957687,9.0,
planarization,TSFGA,4,42,2.2732276373688536,1.9355735093251822,9.0,
planarization,TSFGA,4,43,2.2732276373688536,1.9215723960428175,9.0,
planarization,TSFGA,4,44,2.2732276373688536,1.8890572194908664,9.0,
planarization,TSFGA,4,45,2.2732276373688536,1.9376596166874613,9.0,
planarization,TSFGA,4,46,2.2732276373688536,1.9540566699368227,9.0,
planarization,TSFGA,4,47,2.2732276373688536,1.9193112251117046,9.0,
planarization,TSFGA,4,48,2.2732276373688536,1.9277120115155852,9.0,
planarization,TSFGA,4,49,2.2732276373688536,1.9497934443697915,9.0,
planarization,NSGA2,0,0,0.7050091120547127,0.5443575932717393,,6.0
planarization,NSGA2,0,1,0.7124950761829645,0.6182901893763593,,5.0
planarization,NSGA2,0,2,0.7124950761829645,0.5941140540175185,,6.0
planarization,NSGA2,0,3,0.7170641703600815,0.585872234726451,,7.0
planarization,NSGA2,0,4,0.7170641703600815,0.624564509183766,,6.0
planarization,NSGA2,0,5,0.7309526680023162,0.6665150059784974,,4.0
planarization,NSGA2,0,6,0.7309526680023162,0.6681515671250051,,6.0
planarization,NSGA2,0,7,0.7309526680023162,0.6751884410635622,,8.0
planarization,NSGA2,0,8,0.733630686387011,0.6677579210074281,,8.0
planarization,NSGA2,0,9,0.737412716863231,0.6664600222712995,,6.0
planarization,NSGA2,0,10,0.7410007635785406,0.676630206430816,,6.0
planarization,NSGA2,0,11,0.7425532163043764,0.6906890291630426,,7.0
planarization,NSGA2,0,12,0.7425532163043764,0.6988947200979705,,7.0
planarization,NSGA2,0,13,0.745460343929828,0.6934653498318691,,5.0
planarization,NSGA2,0,14,0.7456593992399358,0.7012036228776518,,8.0
planarization,NSGA2,0,15,0.7456819191762991,0.7087657666510482,,5.0
planarization,NSGA2,0,16,0.7456819191762991,0.7135287302395434,,9.0
planarization,NSGA2,0,17,0.7456819191762991,0.7122165688821133,,16.0
planarization,NSGA2,0,18,0.7456819191762991,0.6994361127294373,,30.0
planarization,NSGA2,0,19,0.7456819191762991,0.7049317725958624,,30.0
planarization,NSGA2,0,20,0.7456819191762991,0.7065086686822065,,53.0
planarization,NSGA2,0,21,0.7456819191762991,0.6962239453252546,,80.0
planarization,NSGA2,0,22,0.7456819191762991,0.694113065742639,,80.0
planarization,NSGA2,0,23,0.7456819191762991,0.6951983202885305,,80.0
planarization,NSGA2,0,24,0.7456819191762991,0.6929832239880696,,80.0
planarization,NSGA2,0,25,0.7456819191762991,0.6914000097788389,,80.0
planarization,NSGA2,0,26,0.7456819191762991,0.6901537827786642,,80.0
planarization,NSGA2,0,27,0.7488327097755266,0.6913405465980091,,80.0
planarization,NSGA2,0,28,0.7488327097755266,0.6909020038812415,,80.0
planarization,NSGA2,0,29,0.7488327097755266,0.6918488129187266,,80.0
planarization,NSGA2,0,30,0.7488327097755266,0.6953449980213371,,80.0
planarization,NSGA2,0,31,0.7488327097755266,0.6933084113574448,,80.0
planarization,NSGA2,0,32,0.7488327097755266,0.6911554394479472,,80.0
planarization,NSGA2,0,33,0.7488327097755266,0.6883278138746655,,80.0
planarization,NSGA2,0,34,0.7488327097755266,0.6885063235112341,,80.0
planarization,NSGA2,0,35,0.7488327097755266,0.686152102456695,,80.0
planarization,NSGA2,0,36,0.7488327097755266,0.6864890896657511,,80.0
planarization,NSGA2,0,37,0.7488327097755266,0.6848482279118144,,80.0
planarization,NSGA2,0,38,0.7488327097755266,0.6847091031577361,,80.0
planarization,NSGA2,0,39,0.7488327097755266,0.6904424448236083,,80.0
planarization,NSGA2,0,40,0.7488327097755266,0.6926354808612682,,80.0
planarization,NSGA2,0,41,0.7488327097755266,0.695700353772018,,80.0
planarization,NSGA2,0,42,0.7488327097755266,0.6957397386545084,,80.0
planarization,NSGA2,0,43,0.7488327097755266,0.6958955087826041,,80.0
planarization,NSGA2,0,44,0.7488327097755266,0.6913068386091951,,80.0
planarization,NSGA2,0,45,0.7488327097755266,0.6889132326721656,,80.0
planarization,NSGA2,0,46,0.7488327097755266,0.6892896047637121,,80.0
planarization,NSGA2,0,47,0.7488327097755266,0.6903948913736846,,80.0
planarization,NSGA2,0,48,0.7488327097755266,0.6932812546478659,,80.0
planarization,NSGA2,0,49,0.7488327097755266,0.6935412414938068,,80.0
planarization,NSGA2,0,50,0.7488327097755266,0.6931648694022605,,80.0
planarization,NSGA2,0,51,0.7488327097755266,0.6988167338587602,,80.0
planarization,NSGA2,0,52,0.7488327097755266,0.6981033745581577,,80.0
planarization,NSGA2,0,53,0.7491274503550274,0.6981657965163011,,80.0
planarization,NSGA2,0,54,0.7491274503550274,0.6953764656693162,,80.0
planarization,NSGA2,0,55,0.7491274503550274,0.6962455950980143,,80.0
planarization,NSGA2,0,56,0.7491274503550274,0.693557094278811,,80.0
planarization,NSGA2,0,57,0.7491274503550274,0.6954618784688542,,80.0
planarization,NSGA2,0,58,0.7491274503550274,0.6954224935863639,,80.0
planarization,NSGA2,0,59,0.7491274503550274,0.6956240402985854,,80.0
planarization,NSGA2,0,60,0.749326832653451,0.7047663954330894,,80.0
planarization,NSGA2,0,61,0.749326832653451,0.7058753663003058,,80.0
planarization,NSGA2,0,62,0.749326832653451,0.7058359814178156,,80.0
planarization,NSGA2,0,63,0.749326832653451,0.7085475193126718,,80.0
planarization,NSGA2,0,64,0.749326832653451,0.7113467109528747,,80.0
planarization,NSGA2,0,65,0.749326832653451,0.7114180168913837,,80.0
planarization,NSGA2,0,66,0.749326832653451,0.7108658426076604,,80.0
planarization,NSGA2,0,67,0.749326832653451,0.7078665631794561,,80.0
planarization,NSGA2,0,68,0.749326832653451,0.7084014128434899,,80.0
planarization,NSGA2,0,69,0.749326832653451,0.7057621576999946,,80.0
planarization,NSGA2,0,70,0.749326832653451,0.7089855081832319,,80.0
planarization,NSGA2,0,71,0.749326832653451,0.7066119343102837,,80.0
planarization,NSGA2,0,72,0.749326832653451,0.7100199709660636,,80.0
planarization,NSGA2,0,73,0.749326832653451,0.7091701943557746,,80.0
planarization,NSGA2,0,74,0.749326832653451,0.7095143349136567,,80.0
planarization,NSGA2,0,75,0.749326832653451,0.70730541514917,,80.0
planarization,NSGA2,0,76,0.749326832653451,0.7098154063318048,,80.0
planarization,NSGA2,0,77,0.749326832653451,0.7131335639092147,,80.0
planarization,NSGA2,0,78,0.749326832653451,0.7129775786154575,,80.0
planarization,NSGA2,0,79,0.749326832653451,0.7156576775656631,,80.0
planarization,NSGA2,0,80,0.749326832653451,0.7175086012441606,,80.0
planarization,NSGA2,0,81,0.749326832653451,0.7113459575537903,,80.0
planarization,NSGA2,0,82,0.7493782016052264,0.6981698689494547,,80.0
planarization,NSGA2,0,83,0.749525143193158,0.7014344410850313,,80.0
planarization,NSGA2,0,84,0.749525143193158,0.7016523356040902,,80.0
planarization,NSGA2,0,85,0.749525143193158,0.7046751161879581,,80.0
planarization,NSGA2,0,86,0.749525143193158,0.7024994047699875,,80.0
planarization,NSGA2,0,87,0.749525143193158,0.7004821709245046,,80.0
planarization,NSGA2,0,88,0.749525143193158,0.7010564054710288,,80.0
planarization,NSGA2,0,89,0.749525143193158,0.701827412316337,,80.0
planarization,NSGA2,0,90,0.749525143193158,0.7019244447435332,,80.0
planarization,NSGA2,0,91,0.749525143193158,0.7042759583536806,,80.0
planarization,NSGA2,0,92,0.749525143193158,0.7042365734711904,,80.0
planarization,NSGA2,0,93,0.749525143193158,0.7047714231352241,,80.0
planarization,NSGA2,0,94,0.749525143193158,0.7012137928873227,,80.0
planarization,NSGA2,0,95,0.749525143193158,0.6983888747584326,,80.0
planarization,NSGA2,0,96,0.749525143193158,0.698842247213094,,80.0
planarization,NSGA2,0,97,0.749525143193158,0.6983888747584326,,80.0
planarization,NSGA2,0,98,0.749525143193158,0.6977369606031213,,80.0
planarization,NSGA2,0,99,0.749525143193158,0.6948706293930214,,80.0
planarization,NSGA2,0,100,0.749525143193158,0.6977656480849228,,80.0
planarization,NSGA2,0,101,0.749525143193158,0.6992753150225715,,80.0
planarization,NSGA2,0,102,0.749525143193158,0.6968903645032626,,80.0
planarization,NSGA2,0,103,0.749525143193158,0.7000032777142231,,80.0
planarization,NSGA2,0,104,0.749525143193158,0.6999062452870268,,80.0
planarization,NSGA2,0,105,0.749525143193158,0.6999062452870268,,80.0
planarization,NSGA2,0,106,0.749525143193158,0.6961718748044222,,80.0
planarization,NSGA2,0,107,0.749525143193158,0.6943994535579341,,80.0
planarization,NSGA2,0,108,0.749525143193158,0.6910590385834194,,80.0
planarization,NSGA2,0,109,0.749525143193158,0.6931636976116036,,80.0
planarization,NSGA2,0,110,0.749525143193158,0.6931636976116036,,80.0
planarization,NSGA2,0,111,0.749525143193158,0.6914883087923116,,80.0
planarization,NSGA2,0,112,0.749525143193158,0.6972303058759042,,80.0
planarization,NSGA2,0,113,0.749525143193158,0.6972783461761148,,80.0
planarization,NSGA2,0,114,0.749525143193158,0.6998304296856317,,80.0
planarization,NSGA2,0,115,0.749525143193158,0.7020849108685828,,80.0
planarization,NSGA2,0,116,0.749525143193158,0.7054446786615067,,80.0
planarization,NSGA2,0,117,0.749525143193158,0.7027561778423033,,80.0
planarization,NSGA2,0,118,0.749525143193158,0.7043970395962399,,80.0
planarization,NSGA2,0,119,0.749525143193158,0.7021135983503843,,80.0
planarization,NSGA2,0,120,0.749525143193158,0.7029519983143125,,80.0
planarization,NSGA2,0,121,0.749525143193158,0.7061753487975497,,80.0
planarization,NSGA2,0,122,0.749525143193158,0.7066681061347017,,80.0
planarization,NSGA2,0,123,0.749525143193158,0.7067871988246986,,80.0
planarization,NSGA2,0,124,0.749525143193158,0.7096822175166003,,80.0
planarization,NSGA2,0,125,0.749525143193158,0.7086345784513336,,80.0
planarization,NSGA2,0,126,0.749525143193158,0.7084280605786354,,80.0
planarization,NSGA2,0,127,0.749525143193158,0.7079546560598928,,80.0
planarization,NSGA2,0,128,0.749525143193158,0.7057789446419223,,80.0
planarization,NSGA2,0,129,0.749525143193158,0.702653716742075,,80.0
planarization,NSGA2,0,130,0.749525143193158,0.7021609594049232,,80.0
planarization,NSGA2,0,131,0.749525143193158,0.702731396350862,,80.0
planarization,NSGA2,0,132,0.749525143193158,0.6993629731402178,,80.0
planarization,NSGA2,0,133,0.749525143193158,0.699937207686742,,80.0
planarization,NSGA2,0,134,0.749525143193158,0.6974762086310926,,80.0
planarization,NSGA2,0,135,0.749525143193158,0.6948847402390855,,80.0
planarization,NSGA2,0,136,0.749525143193158,0.6975732410582889,,80.0
planarization,NSGA2,0,137,0.749525143193158,0.6951112901758647,,80.0
planarization,NSGA2,0,138,0.749525143193158,0.6942728902119365,,80.0
planarization,NSGA2,0,139,0.749525143193158,0.6965850189395935,,80.0
planarization,NSGA2,0,140,0.749525143193158,0.6987800831759733,,80.0
planarization,NSGA2,0,141,0.749525143193158,0.704474039959355,,80.0
planarization,NSGA2,0,142,0.749525143193158,0.7046805578320532,,80.0
planarization,NSGA2,0,143,0.749525143193158,0.6990286933755534,,80.0
planarization,NSGA2,0,144,0.749525143193158,0.7018756717672443,,80.0
planarization,NSGA2,0,145,0.749525143193158,0.7021705666494183,,80.0
planarization,NSGA2,0,146,0.749525143193158,0.7048677228863421,,80.0
planarization,NSGA2,0,147,0.749525143193158,0.7080997287872998,,80.0
planarization,NSGA2,0,148,0.749525143193158,0.7076263242685571,,80.0
planarization,NSGA2,0,149,0.749525143193158,0.708306246659998,,80.0
planarization,NSGA2,0,150,0.749525143193158,0.7057051710234956,,80.0
planarization,NSGA2,0,151,0.749525143193158,0.7060901985327623,,80.0
planarization,NSGA2,0,152,0.749525143193158,0.7091263839617106,,80.0
planarization,NSGA2,0,153,0.749525143193158,0.7052067520783666,,80.0
planarization,NSGA2,0,154,0.749525143193158,0.7018189760493131,,80.0
planarization,NSGA2,0,155,0.749525143193158,0.6994060172938745,,80.0
planarization,NSGA2,0,156,0.749525143193158,0.6984371479935885,,80.0
planarization,NSGA2,0,157,0.749525143193158,0.696785588838963,,80.0
planarization,NSGA2,0,158,0.749525143193158,0.7019840808408013,,80.0
planarization,NSGA2,0,159,0.749525143193158,0.7070461555329529,,80.0
planarization,NSGA2,0,160,0.749525143193158,0.7046946419228055,,80.0
planarization,NSGA2,0,161,0.749525143193158,0.7100629881434919,,80.0
planarization,NSGA2,0,162,0.749525143193158,0.7087984984811018,,80.0
planarization,NSGA2,0,163,0.749525143193158,0.7129966662379538,,80.0
planarization,NSGA2,0,164,0.749525143193158,0.7098213560549272,,80.0
planarization,NSGA2,0,165,0.749525143193158,0.7073787579909123,,80.0
planarization,NSGA2,0,166,0.749525143193158,0.7140643836015599,,80.0
planarization,NSGA2,0,167,0.749525143193158,0.7113451533175865,,80.0
planarization,NSGA2,0,168,0.749525143193158,0.710871748798844,,80.0
planarization,NSGA2,0,169,0.749525143193158,0.7092682299444292,,80.0
planarization,NSGA2,0,170,0.749525143193158,0.7094834032348478,,80.0
planarization,NSGA2,0,171,0.749525143193158,0.7121719040540512,,80.0
planarization,NSGA2,0,172,0.749525143193158,0.7093249256623604,,80.0
planarization,NSGA2,0,173,0.749525143193158,0.7068659685896794,,80.0
planarization,NSGA2,0,174,0.749525143193158,0.7049011597955037,,80.0
planarization,NSGA2,0,175,0.749525143193158,0.7017602383484136,,80.0
planarization,NSGA2,0,176,0.749525143193158,0.7018697237939154,,80.0
planarization,NSGA2,0,177,0.749525143193158,0.7072660782507316,,80.0
planarization,NSGA2,0,178,0.749525143193158,0.7075206364236404,,80.0
planarization,NSGA2,0,179,0.749525143193158,0.7087160556607058,,80.0
planarization,NSGA2,0,180,0.749525143193158,0.7085095377880076,,80.0
planarization,NSGA2,0,181,0.749525143193158,0.7084394372249961,,80.0
planarization,NSGA2,0,182,0.749525143193158,0.7080630651334497,,80.0
planarization,NSGA2,0,183,0.749525143193158,0.7040434070131663,,80.0
planarization,NSGA2,0,184,0.749525143193158,0.704133539640259,,80.0
planarization,NSGA2,0,185,0.749525143193158,0.7062671587313474,,80.0
planarization,NSGA2,0,186,0.749525143193158,0.7053342276049812,,80.0
planarization,NSGA2,0,187,0.749525143193158,0.6996402708215995,,80.0
planarization,NSGA2,0,188,0.749525143193158,0.7077952266606305,,80.0
planarization,NSGA2,0,189,0.749525143193158,0.707953704233118,,80.0
planarization,NSGA2,0,190,0.749525143193158,0.7052861873047706,,80.0
planarization,NSGA2,0,191,0.749525143193158,0.7039349979396092,,80.0
planarization,NSGA2,0,192,0.749525143193158,0.7065333661317199,,80.0
planarization,NSGA2,0,193,0.749525143193158,0.704199177141262,,80.0
planarization,NSGA2,0,194,0.749525143193158,0.7070855404154432,,80.0
planarization,NSGA2,0,195,0.749525143193158,0.7052748244426584,,80.0
planarization,NSGA2,0,196,0.749525143193158,0.7053622496253594,,80.0
planarization,NSGA2,0,197,0.749525143193158,0.7058356541441022,,80.0
planarization,NSGA2,0,198,0.749525143193158,0.7036426181064421,,80.0
planarization,NSGA2,0,199,0.749525143193158,0.7031605581699791,,80.0
planarization,NSGA2,0,200,0.749525143193158,0.7030817884049985,,80.0
planarization,NSGA2,1,0,0.7036858490001351,0.5192089786463983,,3.0
planarization,NSGA2,1,1,0.7124674166024332,0.6040480447499721,,2.0
planarization,NSGA2,1,2,0.7124674166024332,0.6001986535875053,,5.0
planarization,NSGA2,1,3,0.7149904765292278,0.6411013301603388,,7.0
planarization,NSGA2,1,4,0.7236408020928402,0.6471313884560197,,4.0
planarization,NSGA2,1,5,0.7244018339699109,0.6825483122652329,,5.0
planarization,NSGA2,1,6,0.7269777719970251,0.6916884739837835,,9.0
planarization,NSGA2,1,7,0.7288015466541597,0.6921360335504951,,7.0
planarization,NSGA2,1,8,0.7288015466541597,0.6886811034211243,,6.0
planarization,NSGA2,1,9,0.7345162004782764,0.6916056348050279,,4.0
planarization,NSGA2,1,10,0.7354501867112144,0.7053728151549006,,6.0
planarization,NSGA2,1,11,0.7384050237435003,0.7043395613457379,,5.0
planarization,NSGA2,1,12,0.7400607598783366,0.7013252535746778,,9.0
planarization,NSGA2,1,13,0.7421385745232206,0.7076511771530188,,10.0
planarization,NSGA2,1,14,0.743963410559906,0.6925667078950097,,7.0
planarization,NSGA2,1,15,0.743963410559906,0.6814948803173635,,7.0
planarization,NSGA2,1,16,0.743963410559906,0.6788982878434137,,10.0
planarization,NSGA2,1,17,0.743963410559906,0.6995157356638521,,14.0
planarization,NSGA2,1,18,0.743963410559906,0.704702982524654,,26.0
planarization,NSGA2,1,19,0.743963410559906,0.7167666342857892,,36.0
planarization,NSGA2,1,20,0.743963410559906,0.7177199638568182,,53.0
planarization,NSGA2,1,21,0.743963410559906,0.7244246983728291,,78.0
planarization,NSGA2,1,22,0.743963410559906,0.7266255649524874,,80.0
planarization,NSGA2,1,23,0.743963410559906,0.7253306608754663,,80.0
planarization,NSGA2,1,24,0.743963410559906,0.7248018919614837,,80.0
planarization,NSGA2,1,25,0.743963410559906,0.7255019954090663,,80.0
planarization,NSGA2,1,26,0.743963410559906,0.7224092675200185,,80.0
planarization,NSGA2,1,27,0.743963410559906,0.7216793599198597,,80.0
planarization,NSGA2,1,28,0.743963410559906,0.7207668930507058,,80.0
planarization,NSGA2,1,29,0.743963410559906,0.7212794215899307,,80.0
planarization,NSGA2,1,30,0.743963410559906,0.7169526695708497,,80.0
planarization,NSGA2,1,31,0.743963410559906,0.7183667834474822,,80.0
planarization,NSGA2,1,32,0.743963410559906,0.7130511544598889,,80.0
planarization,NSGA2,1,33,0.743963410559906,0.7109206847806929,,80.0
planarization,NSGA2,1,34,0.743963410559906,0.7107590657161943,,80.0
planarization,NSGA2,1,35,0.743963410559906,0.7054384106392088,,80.0
planarization,NSGA2,1,36,0.743963410559906,0.7011635997720692,,80.0
planarization,NSGA2,1,37,0.743963410559906,0.7008306461739705,,80.0
planarization,NSGA2,1,38,0.743963410559906,0.6981589990929956,,80.0
planarization,NSGA2,1,39,0.743963410559906,0.6977930045335337,,80.0
planarization,NSGA2,1,40,0.743963410559906,0.7004103546390243,,80.0
planarization,NSGA2,1,41,0.743963410559906,0.7003575789704575,,80.0
planarization,NSGA2,1,42,0.743963410559906,0.7002861736774383,,80.0
planarization,NSGA2,1,43,0.743963410559906,0.7013832311270812,,80.0
planarization,NSGA2,1,44,0.743963410559906,0.6957344769395648,,80.0
planarization,NSGA2,1,45,0.743963410559906,0.6980642562670905,,80.0
planarization,NSGA2,1,46,0.743963410559906,0.7040471193427273,,80.0
planarization,NSGA2,1,47,0.743963410559906,0.704261821806722,,80.0
planarization,NSGA2,1,48,0.743963410559906,0.7037858285613063,,80.0
planarization,NSGA2,1,49,0.743963410559906,0.7024082379982598,,80.0
planarization,NSGA2,1,50,0.743963410559906,0.7048460131626244,,80.0
planarization,NSGA2,1,51,0.743963410559906,0.703324199199859,,80.0
planarization,NSGA2,1,52,0.7444132287216982,0.7035973000594431,,80.0
planarization,NSGA2,1,53,0.7444132287216982,0.7044055731551329,,80.0
planarization,NSGA2,1,54,0.7444132287216982,0.7044052654242033,,80.0
planarization,NSGA2,1,55,0.7444132287216982,0.70664521404937,,80.0
planarization,NSGA2,1,56,0.7444132287216982,0.7024335747929003,,80.0
planarization,NSGA2,1,57,0.7444132287216982,0.7005434556906289,,80.0
planarization,NSGA2,1,58,0.7444132287216982,0.7002263287923088,,80.0
planarization,NSGA2,1,59,0.7444132287216982,0.7042101696710347,,80.0
planarization,NSGA2,1,60,0.7444132287216982,0.7049794825746221,,80.0
planarization,NSGA2,1,61,0.745857996846546,0.6971989270881884,,80.0
planarization,NSGA2,1,62,0.745857996846546,0.694079935624352,,80.0
planarization,NSGA2,1,63,0.745857996846546,0.6934005301774835,,80.0
planarization,NSGA2,1,64,0.745857996846546,0.6927602900957498,,80.0
planarization,NSGA2,1,65,0.745857996846546,0.6960804202457627,,80.0
planarization,NSGA2,1,66,0.745857996846546,0.6990273557700905,,80.0
planarization,NSGA2,1,67,0.745857996846546,0.701593885398045,,80.0
planarization,NSGA2,1,68,0.745857996846546,0.7009438049016262,,80.0
planarization,NSGA2,1,69,0.745857996846546,0.6978197872051105,,80.0
planarization,NSGA2,1,70,0.745857996846546,0.7009862859010523,,80.0
planarization,NSGA2,1,71,0.745857996846546,0.7008196406038744,,80.0
planarization,NSGA2,1,72,0.745857996846546,0.7007808308674605,,80.0
planarization,NSGA2,1,73,0.745857996846546,0.6981950004164157,,80.0
planarization,NSGA2,1,74,0.745857996846546,0.6994134359029708,,80.0
planarization,NSGA2,1,75,0.745857996846546,0.7001240426800395,,80.0
planarization,NSGA2,1,76,0.745857996846546,0.6999468940533756,,80.0
planarization,NSGA2,1,77,0.745857996846546,0.7045151388969361,,80.0
planarization,NSGA2,1,78,0.745857996846546,0.7044435416074057,,80.0
planarization,NSGA2,1,79,0.745857996846546,0.7041791239231765,,80.0
planarization,NSGA2,1,80,0.745857996846546,0.7074992540731893,,80.0
planarization,NSGA2,1,81,0.745857996846546,0.7060135309268034,,80.0
planarization,NSGA2,1,82,0.745857996846546,0.7049432277747207,,80.0
planarization,NSGA2,1,83,0.745857996846546,0.7077090353212261,,80.0
planarization,NSGA2,1,84,0.745857996846546,0.7071623211239323,,80.0
planarization,NSGA2,1,85,0.745857996846546,0.7041200953881749,,80.0
planarization,NSGA2,1,86,0.745857996846546,0.7050240902393368,,80.0
planarization,NSGA2,1,87,0.745857996846546,0.7050504202686014,,80.0
planarization,NSGA2,1,88,0.745857996846546,0.7104980357699413,,80.0
planarization,NSGA2,1,89,0.745857996846546,0.7092051080705836,,80.0
planarization,NSGA2,1,90,0.745857996846546,0.7063609711659865,,80.0
planarization,NSGA2,1,91,0.745857996846546,0.7091210425945487,,80.0
planarization,NSGA2,1,92,0.745857996846546,0.709081522972871,,80.0
planarization,NSGA2,1,93,0.745857996846546,0.7072286499770011,,80.0
planarization,NSGA2,1,94,0.745857996846546,0.7054993735994888,,80.0
planarization,NSGA2,1,95,0.745857996846546,0.7102441329358432,,80.0
planarization,NSGA2,1,96,0.745857996846546,0.709623068731616,,80.0
planarization,NSGA2,1,97,0.745857996846546,0.7069374895158566,,80.0
planarization,NSGA2,1,98,0.745857996846546,0.7066068094330343,,80.0
planarization,NSGA2,1,99,0.745857996846546,0.7072278736372615,,80.0
planarization,NSGA2,1,100,0.745857996846546,0.7052766605749461,,80.0
planarization,NSGA2,1,101,0.745857996846546,0.7055193617149393,,80.0
planarization,NSGA2,1,102,0.745857996846546,0.7046548864854552,,80.0
planarization,NSGA2,1,103,0.745857996846546,0.7058100429739573,,80.0
planarization,NSGA2,1,104,0.745857996846546,0.7106693818241864,,80.0
planarization,NSGA2,1,105,0.745857996846546,0.7085230748518956,,80.0
planarization,NSGA2,1,106,0.745857996846546,0.7103231721791987,,80.0
planarization,NSGA2,1,107,0.745857996846546,0.7070358295823022,,80.0
planarization,NSGA2,1,108,0.745857996846546,0.7046271477579216,,80.0
planarization,NSGA2,1,109,0.745857996846546,0.7072599513051141,,80.0
planarization,NSGA2,1,110,0.745857996846546,0.7072251209198586,,80.0
planarization,NSGA2,1,111,0.745857996846546,0.7102308768889541,,80.0
planarization,NSGA2,1,112,0.745857996846546,0.7096653410706967,,80.0
planarization,NSGA2,1,113,0.745857996846546,0.7100087979982815,,80.0
planarization,NSGA2,1,114,0.745857996846546,0.7103022319747023,,80.0
planarization,NSGA2,1,115,0.745857996846546,0.715845434825085,,80.0
planarization,NSGA2,1,116,0.745857996846546,0.715795411873921,,80.0
planarization,NSGA2,1,117,0.745857996846546,0.7167099100545691,,80.0
planarization,NSGA2,1,118,0.745857996846546,0.7173049413671447,,80.0
planarization,NSGA2,1,119,0.745857996846546,0.7155653038660157,,80.0
planarization,NSGA2,1,120,0.745857996846546,0.7127711899125826,,80.0
planarization,NSGA2,1,121,0.745857996846546,0.7115710083675969,,80.0
planarization,NSGA2,1,122,0.745857996846546,0.7113431269045053,,80.0
planarization,NSGA2,1,123,0.745857996846546,0.7142272626329069,,80.0
planarization,NSGA2,1,124,0.745857996846546,0.7147986010235831,,80.0
planarization,NSGA2,1,125,0.745857996846546,0.7112623703046228,,80.0
planarization,NSGA2,1,126,0.745857996846546,0.7110984777248478,,80.0
planarization,NSGA2,1,127,0.745857996846546,0.7108205733105925,,80.0
planarization,NSGA2,1,128,0.745857996846546,0.7111012304422508,,80.0
planarization,NSGA2,1,129,0.745857996846546,0.7053652071971692,,80.0
planarization,NSGA2,1,130,0.745857996846546,0.7050375769693629,,80.0
planarization,NSGA2,1,131,0.745857996846546,0.7039272749934758,,80.0
planarization,NSGA2,1,132,0.745857996846546,0.7059096893859917,,80.0
planarization,NSGA2,1,133,0.745857996846546,0.7061255812945939,,80.0
planarization,NSGA2,1,134,0.745857996846546,0.7062811555828914,,80.0
planarization,NSGA2,1,135,0.745857996846546,0.7055572927589335,,80.0
planarization,NSGA2,1,136,0.745857996846546,0.7055975887203509,,80.0
planarization,NSGA2,1,137,0.745857996846546,0.7029968628410108,,80.0
planarization,NSGA2,1,138,0.745857996846546,0.7064570377171557,,80.0
planarization,NSGA2,1,139,0.745857996846546,0.7009370485865458,,80.0
planarization,NSGA2,1,140,0.745857996846546,0.7042778767372728,,80.0
planarization,NSGA2,1,141,0.745857996846546,0.7017271738090967,,80.0
planarization,NSGA2,1,142,0.745857996846546,0.7019678985714266,,80.0
planarization,NSGA2,1,143,0.745857996846546,0.7023990373042273,,80.0
planarization,NSGA2,1,144,0.745857996846546,0.7078043804664865,,80.0
planarization,NSGA2,1,145,0.745857996846546,0.7081350605493089,,80.0
planarization,NSGA2,1,146,0.745857996846546,0.7085400241845885,,80.0
planarization,NSGA2,1,147,0.745857996846546,0.7113946644186717,,80.0
planarization,NSGA2,1,148,0.745857996846546,0.7107096113311278,,80.0
planarization,NSGA2,1,149,0.745857996846546,0.7116823622771495,,80.0
planarization,NSGA2,1,150,0.745857996846546,0.7085738076883232,,80.0
planarization,NSGA2,1,151,0.745857996846546,0.7028750305496431,,80.0
planarization,NSGA2,1,152,0.745857996846546,0.7003243276214668,,80.0
planarization,NSGA2,1,153,0.745857996846546,0.7088016891514147,,80.0
planarization,NSGA2,1,154,0.745857996846546,0.7089312305480607,,80.0
planarization,NSGA2,1,155,0.745857996846546,0.7063029855520658,,80.0
planarization,NSGA2,1,156,0.745857996846546,0.7027342759382472,,80.0
planarization,NSGA2,1,157,0.745857996846546,0.7041886428226892,,80.0
planarization,NSGA2,1,158,0.745857996846546,0.7069462870094606,,80.0
planarization,NSGA2,1,159,0.745857996846546,0.7131917783454347,,80.0
planarization,NSGA2,1,160,0.745857996846546,0.710746626754392,,80.0
planarization,NSGA2,1,161,0.745857996846546,0.7109872850622463,,80.0
planarization,NSGA2,1,162,0.745857996846546,0.7103394780811036,,80.0
planarization,NSGA2,1,163,0.745857996846546,0.7099432454849521,,80.0
planarization,NSGA2,1,164,0.745857996846546,0.7151720741544176,,80.0
planarization,NSGA2,1,165,0.745857996846546,0.7153276484427151,,80.0
planarization,NSGA2,1,166,0.745857996846546,0.7153485886472115,,80.0
planarization,NSGA2,1,167,0.745857996846546,0.7090554900812194,,80.0
planarization,NSGA2,1,168,0.745857996846546,0.7054762771379146,,80.0
planarization,NSGA2,1,169,0.745857996846546,0.7054890539826772,,80.0
planarization,NSGA2,1,170,0.745857996846546,0.7054285277020271,,80.0
planarization,NSGA2,1,171,0.745857996846546,0.7061128709043072,,80.0
planarization,NSGA2,1,172,0.745857996846546,0.7091291302028889,,80.0
planarization,NSGA2,1,173,0.745857996846546,0.7089547342936279,,80.0
planarization,NSGA2,1,174,0.745857996846546,0.7092846380367106,,80.0
planarization,NSGA2,1,175,0.745857996846546,0.7090702433036451,,80.0
planarization,NSGA2,1,176,0.745857996846546,0.7155047306149032,,80.0
planarization,NSGA2,1,177,0.745857996846546,0.7135723391735512,,80.0
planarization,NSGA2,1,178,0.745857996846546,0.7136118587952289,,80.0
planarization,NSGA2,1,179,0.745857996846546,0.7150385777841725,,80.0
planarization,NSGA2,1,180,0.745857996846546,0.7143989341627639,,80.0
planarization,NSGA2,1,181,0.745857996846546,0.7122549671602254,,80.0
planarization,NSGA2,1,182,0.745857996846546,0.7117134214014804,,80.0
planarization,NSGA2,1,183,0.745857996846546,0.7096171373803535,,80.0
planarization,NSGA2,1,184,0.745857996846546,0.7067702477583536,,80.0
planarization,NSGA2,1,185,0.745857996846546,0.7061779691631809,,80.0
planarization,NSGA2,1,186,0.745857996846546,0.7059217812931615,,80.0
planarization,NSGA2,1,187,0.745857996846546,0.7086631195780277,,80.0
planarization,NSGA2,1,188,0.745857996846546,0.7057615062477967,,80.0
planarization,NSGA2,1,189,0.745857996846546,0.7054436030097369,,80.0
planarization,NSGA2,1,190,0.745857996846546,0.7049756309181856,,80.0
planarization,NSGA2,1,191,0.745857996846546,0.7058768730519445,,80.0
planarization,NSGA2,1,192,0.745857996846546,0.7082825050213092,,80.0
planarization,NSGA2,1,193,0.745857996846546,0.7082324820701453,,80.0
planarization,NSGA2,1,194,0.745857996846546,0.7076219211954043,,80.0
planarization,NSGA2,1,195,0.745857996846546,0.7054093518245206,,80.0
planarization,NSGA2,1,196,0.745857996846546,0.7054093518245206,,80.0
planarization,NSGA2,1,197,0.745857996846546,0.7026575102101681,,80.0
planarization,NSGA2,1,198,0.745857996846546,0.7028265712284918,,80.0
planarization,NSGA2,1,199,0.745857996846546,0.7015208666843715,,80.0
planarization,NSGA2,1,200,0.745857996846546,0.7020891552200318,,80.0
planarization,NSGA2,2,0,0.7012474181708048,0.5327450882053044,,6.0
planarization,NSGA2,2,1,0.7031789452671248,0.5877445749657755,,3.0
planarization,NSGA2,2,2,0.7047777590332673,0.6176509123977721,,3.0
planarization,NSGA2,2,3,0.7119765487474397,0.6173314275083832,,7.0
planarization,NSGA2,2,4,0.7132538896341978,0.6297712323626623,,4.0
planarization,NSGA2,2,5,0.7222080586310674,0.6151959838284654,,3.0
planarization,NSGA2,2,6,0.7222080586310674,0.6261331743054723,,3.0
planarization,NSGA2,2,7,0.7222080586310674,0.6595728983610597,,7.0
planarization,NSGA2,2,8,0.7258331647199062,0.676949584974315,,7.0
planarization,NSGA2,2,9,0.725947222193881,0.6956127225210185,,7.0
planarization,NSGA2,2,10,0.7327796469676655,0.6956353118756785,,4.0
planarization,NSGA2,2,11,0.7327796469676655,0.6977880494107268,,5.0
planarization,NSGA2,2,12,0.7375134652179259,0.6915931075750655,,4.0
planarization,NSGA2,2,13,0.7375134652179259,0.6944414435047372,,5.0
planarization,NSGA2,2,14,0.7397348644080912,0.6823947653899312,,5.0
planarization,NSGA2,2,15,0.7423494293391923,0.7011158927534502,,8.0
planarization,NSGA2,2,16,0.7423494293391923,0.7051423059769879,,13.0
planarization,NSGA2,2,17,0.7423494293391923,0.7112121025608493,,24.0
planarization,NSGA2,2,18,0.7428596372520929,0.7131831727783877,,33.0
planarization,NSGA2,2,19,0.7428596372520929,0.7120786297505225,,36.0
planarization,NSGA2,2,20,0.7428596372520929,0.7151418872979523,,50.0
planarization,NSGA2,2,21,0.7428596372520929,0.7150903742033007,,67.0
planarization,NSGA2,2,22,0.7428596372520929,0.721057757278097,,80.0
planarization,NSGA2,2,23,0.7428596372520929,0.7199080048048049,,80.0
planarization,NSGA2,2,24,0.7428596372520929,0.7195850649034752,,80.0
planarization,NSGA2,2,25,0.7428596372520929,0.7199077636222853,,80.0
planarization,NSGA2,2,26,0.7428596372520929,0.7174309541972488,,80.0
planarization,NSGA2,2,27,0.7428596372520929,0.7153323203452081,,80.0
planarization,NSGA2,2,28,0.7428596372520929,0.7149590159672,,80.0
planarization,NSGA2,2,29,0.7428596372520929,0.7149590159672,,80.0
planarization,NSGA2,2,30,0.7428596372520929,0.7122177861347072,,80.0
planarization,NSGA2,2,31,0.7428596372520929,0.7100167244422441,,80.0
planarization,NSGA2,2,32,0.7428596372520929,0.7113994730485832,,80.0
planarization,NSGA2,2,33,0.7428596372520929,0.7111081986041822,,80.0
planarization,NSGA2,2,34,0.7428596372520929,0.7099584461308901,,80.0
planarization,NSGA2,2,35,0.7428596372520929,0.7102390052834474,,80.0
planarization,NSGA2,2,36,0.7428596372520929,0.7066927045384297,,80.0
planarization,NSGA2,2,37,0.7428596372520929,0.7049093379355631,,80.0
planarization,NSGA2,2,38,0.7428596372520929,0.7056150236473531,,80.0
planarization,NSGA2,2,39,0.7428596372520929,0.7044456302076975,,80.0
planarization,NSGA2,2,40,0.7428596372520929,0.7037999915875576,,80.0
planarization,NSGA2,2,41,0.7428596372520929,0.7044456302076976,,80.0
planarization,NSGA2,2,42,0.7428596372520929,0.7021060863879344,,80.0
planarization,NSGA2,2,43,0.7428596372520929,0.6987192179353017,,80.0
planarization,NSGA2,2,44,0.7428596372520929,0.6990135350193903,,80.0
planarization,NSGA2,2,45,0.7428596372520929,0.7048866543295117,,80.0
planarization,NSGA2,2,46,0.7428596372520929,0.7039890793740555,,80.0
planarization,NSGA2,2,47,0.7428596372520929,0.7046554269767611,,80.0
planarization,NSGA2,2,48,0.7428596372520929,0.7071761447483466,,80.0
planarization,NSGA2,2,49,0.7428596372520929,0.7059717686366618,,80.0
planarization,NSGA2,2,50,0.7428596372520929,0.7059717686366618,,80.0
planarization,NSGA2,2,51,0.7428596372520929,0.7010355623910813,,80.0
planarization,NSGA2,2,52,0.7428596372520929,0.7020355651869601,,80.0
planarization,NSGA2,2,53,0.7428596372520929,0.6988408271605131,,80.0
planarization,NSGA2,2,54,0.7428596372520929,0.6966714309249786,,80.0
planarization,NSGA2,2,55,0.7428596372520929,0.6971249391189328,,80.0
planarization,NSGA2,2,56,0.7428596372520929,0.7006426170467096,,80.0
planarization,NSGA2,2,57,0.7428596372520929,0.6977705777390727,,80.0
planarization,NSGA2,2,58,0.7428596372520929,0.6984162163592126,,80.0
planarization,NSGA2,2,59,0.7428596372520929,0.7007133794302034,,80.0
planarization,NSGA2,2,60,0.7428596372520929,0.6955850427584372,,80.0
planarization,NSGA2,2,61,0.7428596372520929,0.6930850339694172,,80.0
planarization,NSGA2,2,62,0.7428596372520929,0.6931872206273202,,80.0
planarization,NSGA2,2,63,0.7428596372520929,0.6982256135308037,,80.0
planarization,NSGA2,2,64,0.7428596372520929,0.6995557131222359,,80.0
planarization,NSGA2,2,65,0.7428596372520929,0.696552864339455,,80.0
planarization,NSGA2,2,66,0.7428596372520929,0.6967150980890082,,80.0
planarization,NSGA2,2,67,0.7428596372520929,0.6911304517661196,,80.0
planarization,NSGA2,2,68,0.7428596372520929,0.690130448970241,,80.0
planarization,NSGA2,2,69,0.7428596372520929,0.6881531831608921,,80.0
planarization,NSGA2,2,70,0.7428596372520929,0.6886069325373659,,80.0
planarization,NSGA2,2,71,0.7428596372520929,0.6948686417548035,,80.0
planarization,NSGA2,2,72,0.7428596372520929,0.6952800103825049,,80.0
planarization,NSGA2,2,73,0.7428596372520929,0.6949994512299476,,80.0
planarization,NSGA2,2,74,0.7428596372520929,0.6947472737121116,,80.0
planarization,NSGA2,2,75,0.7428596372520929,0.6938783215738965,,80.0
planarization,NSGA2,2,76,0.7428596372520929,0.6934220119227742,,80.0
planarization,NSGA2,2,77,0.7428596372520929,0.6993323996041607,,80.0
planarization,NSGA2,2,78,0.7428596372520929,0.696491784570933,,80.0
planarization,NSGA2,2,79,0.7428596372520929,0.7028212135321766,,80.0
planarization,NSGA2,2,80,0.7428596372520929,0.7031124879765775,,80.0
planarization,NSGA2,2,81,0.7428596372520929,0.6995633857743917,,80.0
planarization,NSGA2,2,82,0.7428596372520929,0.6992721113299908,,80.0
planarization,NSGA2,2,83,0.7428596372520929,0.701643079424163,,80.0
planarization,NSGA2,2,84,0.7428596372520929,0.7018321672106611,,80.0
planarization,NSGA2,2,85,0.7428596372520929,0.7005920113875115,,80.0
planarization,NSGA2,2,86,0.7428596372520929,0.7031441534335063,,80.0
planarization,NSGA2,2,87,0.7428596372520929,0.700300495760591,,80.0
planarization,NSGA2,2,88,0.7428596372520929,0.7000799836996838,,80.0
planarization,NSGA2,2,89,0.7428596372520929,0.7019550628511297,,80.0
planarization,NSGA2,2,90,0.7428596372520929,0.7013094242309899,,80.0
planarization,NSGA2,2,91,0.7428596372520929,0.6994315436223759,,80.0
planarization,NSGA2,2,92,0.7428596372520929,0.7026265228313424,,80.0
planarization,NSGA2,2,93,0.7428596372520929,0.6994601664396168,,80.0
planarization,NSGA2,2,94,0.7428596372520929,0.6993400722563164,,80.0
planarization,NSGA2,2,95,0.7428596372520929,0.6970743334597348,,80.0
planarization,NSGA2,2,96,0.7428596372520929,0.6963075679794228,,80.0
planarization,NSGA2,2,97,0.7428596372520929,0.6973389950497108,,80.0
planarization,NSGA2,2,98,0.7428596372520929,0.6978431089028629,,80.0
planarization,NSGA2,2,99,0.7428596372520929,0.6976225968419558,,80.0
planarization,NSGA2,2,100,0.7428596372520929,0.7001433146135414,,80.0
planarization,NSGA2,2,101,0.7428596372520929,0.7001433146135415,,80.0
planarization,NSGA2,2,102,0.7428596372520929,0.7035301830661741,,80.0
planarization,NSGA2,2,103,0.7428596372520929,0.7036924168157274,,80.0
planarization,NSGA2,2,104,0.7428596372520929,0.7028559216287932,,80.0
planarization,NSGA2,2,105,0.7428596372520929,0.6990125023425187,,80.0
planarization,NSGA2,2,106,0.7428596372520929,0.6993459163531723,,80.0
planarization,NSGA2,2,107,0.7428596372520929,0.6969483354045749,,80.0
planarization,NSGA2,2,108,0.7428596372520929,0.6939996896165883,,80.0
planarization,NSGA2,2,109,0.7428596372520929,0.6958461459507931,,80.0
planarization,NSGA2,2,110,0.7428596372520929,0.6961297477430382,,80.0
planarization,NSGA2,2,111,0.7428596372520929,0.6965518316625832,,80.0
planarization,NSGA2,2,112,0.7428596372520929,0.6936797923549463,,80.0
planarization,NSGA2,2,113,0.7428596372520929,0.6959169083342869,,80.0
planarization,NSGA2,2,114,0.7428596372520929,0.6934143392706184,,80.0
planarization,NSGA2,2,115,0.7428596372520929,0.6962577557610141,,80.0
planarization,NSGA2,2,116,0.7428596372520929,0.69477562195394,,80.0
planarization,NSGA2,2,117,0.7428596372520929,0.6985769016739619,,80.0
planarization,NSGA2,2,118,0.7428596372520929,0.7017746823400965,,80.0
planarization,NSGA2,2,119,0.7428596372520929,0.7055156737859486,,80.0
planarization,NSGA2,2,120,0.7428596372520929,0.7056130490238675,,80.0
planarization,NSGA2,2,121,0.7428596372520929,0.7048490850007234,,80.0
planarization,NSGA2,2,122,0.7428596372520929,0.7073698027723091,,80.0
planarization,NSGA2,2,123,0.7428596372520929,0.7077632638746131,,80.0
planarization,NSGA2,2,124,0.7428596372520929,0.7074405651558029,,80.0
planarization,NSGA2,2,125,0.7428596372520929,0.7074405651558029,,80.0
planarization,NSGA2,2,126,0.7428596372520929,0.7080575809587017,,80.0
planarization,NSGA2,2,127,0.7428596372520929,0.7102239345545485,,80.0
planarization,NSGA2,2,128,0.7428596372520929,0.7104255064131862,,80.0
planarization,NSGA2,2,129,0.7428596372520929,0.7093549824163332,,80.0
planarization,NSGA2,2,130,0.7428596372520929,0.7096071599341693,,80.0
planarization,NSGA2,2,131,0.7428596372520929,0.7098698115613292,,80.0
planarization,NSGA2,2,132,0.7428596372520929,0.7100006210364732,,80.0
planarization,NSGA2,2,133,0.7428596372520929,0.7072783314062496,,80.0
planarization,NSGA2,2,134,0.7428596372520929,0.7044032494589251,,80.0
planarization,NSGA2,2,135,0.7428596372520929,0.7055054389127069,,80.0
planarization,NSGA2,2,136,0.7428596372520929,0.7060775136921847,,80.0
planarization,NSGA2,2,137,0.7428596372520929,0.7036303597612612,,80.0
planarization,NSGA2,2,138,0.7428596372520929,0.7062818870079909,,80.0
planarization,NSGA2,2,139,0.7428596372520929,0.704275998381401,,80.0
planarization,NSGA2,2,140,0.7428596372520929,0.7045958956430429,,80.0
planarization,NSGA2,2,141,0.7428596372520929,0.7015948156405585,,80.0
planarization,NSGA2,2,142,0.7428596372520929,0.7013035411961576,,80.0
planarization,NSGA2,2,143,0.7428596372520929,0.7014563335132585,,80.0
planarization,NSGA2,2,144,0.7428596372520929,0.7011441089037724,,80.0
planarization,NSGA2,2,145,0.7428596372520929,0.7036331612184293,,80.0
planarization,NSGA2,2,146,0.7428596372520929,0.7011124434468436,,80.0
planarization,NSGA2,2,147,0.7428596372520929,0.7008919313859365,,80.0
planarization,NSGA2,2,148,0.7428596372520929,0.7028978200125263,,80.0
planarization,NSGA2,2,149,0.7428596372520929,0.7056390498450191,,80.0
planarization,NSGA2,2,150,0.7428596372520929,0.7042563012386799,,80.0
planarization,NSGA2,2,151,0.7428596372520929,0.7049019398588199,,80.0
planarization,NSGA2,2,152,0.7428596372520929,0.7054451506385371,,80.0
planarization,NSGA2,2,153,0.7428596372520929,0.7023104597037403,,80.0
planarization,NSGA2,2,154,0.7428596372520929,0.7026934466967203,,80.0
planarization,NSGA2,2,155,0.7428596372520929,0.7032997472077755,,80.0
planarization,NSGA2,2,156,0.7428596372520929,0.7029453830320366,,80.0
planarization,NSGA2,2,157,0.7428596372520929,0.6997506450055896,,80.0
planarization,NSGA2,2,158,0.7428596372520929,0.7019169986014363,,80.0
planarization,NSGA2,2,159,0.7428596372520929,0.7000419194499907,,80.0
planarization,NSGA2,2,160,0.7428596372520929,0.7022082730458373,,80.0
planarization,NSGA2,2,161,0.7428596372520929,0.6998814544807338,,80.0
planarization,NSGA2,2,162,0.7428596372520929,0.6995978526884887,,80.0
planarization,NSGA2,2,163,0.7428596372520929,0.7047100506151537,,80.0
planarization,NSGA2,2,164,0.7428596372520929,0.704741474889563,,80.0
planarization,NSGA2,2,165,0.7428596372520929,0.7052866956320962,,80.0
planarization,NSGA2,2,166,0.7428596372520929,0.705577970076497,,80.0
planarization,NSGA2,2,167,0.7428596372520929,0.7053257925586612,,80.0
planarization,NSGA2,2,168,0.7428596372520929,0.7026745064944511,,80.0
planarization,NSGA2,2,169,0.7428596372520929,0.7052659866495306,,80.0
planarization,NSGA2,2,170,0.7428596372520929,0.7017455072645857,,80.0
planarization,NSGA2,2,171,0.7428596372520929,0.7055371043696357,,80.0
planarization,NSGA2,2,172,0.7428596372520929,0.701633637991711,,80.0
planarization,NSGA2,2,173,0.7428596372520929,0.6992781966093663,,80.0
planarization,NSGA2,2,174,0.7428596372520929,0.7003096236796542,,80.0
planarization,NSGA2,2,175,0.7428596372520929,0.7024759772755009,,80.0
planarization,NSGA2,2,176,0.7428596372520929,0.6996639850595143,,80.0
planarization,NSGA2,2,177,0.7428596372520929,0.7077376836970598,,80.0
planarization,NSGA2,2,178,0.7428596372520929,0.7103605881265485,,80.0
planarization,NSGA2,2,179,0.7428596372520929,0.7103920124009576,,80.0
planarization,NSGA2,2,180,0.7428596372520929,0.7093608265131892,,80.0
planarization,NSGA2,2,181,0.7428596372520929,0.7071628074604137,,80.0
planarization,NSGA2,2,182,0.7428596372520929,0.7028587230859613,,80.0
planarization,NSGA2,2,183,0.7428596372520929,0.7026065455681254,,80.0
planarization,NSGA2,2,184,0.7428596372520929,0.7024594178868014,,80.0
planarization,NSGA2,2,185,0.7428596372520929,0.6970352365331698,,80.0
planarization,NSGA2,2,186,0.7428596372520929,0.6942625824262679,,80.0
planarization,NSGA2,2,187,0.7428596372520929,0.694483094487175,,80.0
planarization,NSGA2,2,188,0.7428596372520929,0.6917025265455976,,80.0
planarization,NSGA2,2,189,0.7428596372520929,0.6914189247533524,,80.0
planarization,NSGA2,2,190,0.7428596372520929,0.6882239455443859,,80.0
planarization,NSGA2,2,191,0.7428596372520929,0.6848084542745122,,80.0
planarization,NSGA2,2,192,0.7428596372520929,0.6898468471779957,,80.0
planarization,NSGA2,2,193,0.7428596372520929,0.6890075505338935,,80.0
planarization,NSGA2,2,194,0.7428596372520929,0.6943402605214657,,80.0
planarization,NSGA2,2,195,0.7428596372520929,0.6997043947834471,,80.0
planarization,NSGA2,2,196,0.7428596372520929,0.6997015933262789,,80.0
planarization,NSGA2,2,197,0.7428596372520929,0.6999537708441148,,80.0
planarization,NSGA2,2,198,0.7428596372520929,0.6994507250071647,,80.0
planarization,NSGA2,2,199,0.7428596372520929,0.6992302129462576,,80.0
planarization,NSGA2,2,200,0.7428596372520929,0.695961669896629,,80.0
planarization,NSGA2,3,0,0.7062782273563406,0.5262023102899782,,4.0
planarization,NSGA2,3,1,0.7084072960183296,0.6100273165421113,,1.0
planarization,NSGA2,3,2,0.7152615070119503,0.6438204971231063,,2.0
planarization,NSGA2,3,3,0.7152615070119503,0.6867203749624979,,2.0
planarization,NSGA2,3,4,0.72327482921861,0.6933790289017688,,4.0
planarization,NSGA2,3,5,0.72327482921861,0.6981506276080734,,3.0
planarization,NSGA2,3,6,0.7311241710503782,0.6972280544359565,,4.0
planarization,NSGA2,3,7,0.7311241710503782,0.6987756379931204,,4.0
planarization,NSGA2,3,8,0.7335931949403921,0.7063417203359141,,7.0
planarization,NSGA2,3,9,0.736634956157483,0.7127529530308936,,3.0
planarization,NSGA2,3,10,0.736634956157483,0.7205194747049996,,3.0
planarization,NSGA2,3,11,0.738380244251855,0.7215277403125542,,3.0
planarization,NSGA2,3,12,0.7385410550617122,0.7243867867975536,,8.0
planarization,NSGA2,3,13,0.7401196254450753,0.7227876641089311,,5.0
planarization,NSGA2,3,14,0.7421490371529031,0.7204359711788137,,4.0
planarization,NSGA2,3,15,0.7425986753133698,0.7186177770012577,,5.0
planarization,NSGA2,3,16,0.7425986753133698,0.7215152948367748,,6.0
planarization,NSGA2,3,17,0.7450244118280347,0.7187743280223025,,10.0
planarization,NSGA2,3,18,0.7450244118280347,0.7187475760942188,,10.0
planarization,NSGA2,3,19,0.7450244118280347,0.7282732098548108,,11.0
planarization,NSGA2,3,20,0.7453969680433141,0.731959778300266,,14.0
planarization,NSGA2,3,21,0.7453969680433141,0.7309351763648592,,22.0
planarization,NSGA2,3,22,0.7453969680433141,0.7280885126895861,,35.0
planarization,NSGA2,3,23,0.7453969680433141,0.7304104554800144,,49.0
planarization,NSGA2,3,24,0.7453969680433141,0.7309011361334437,,68.0
planarization,NSGA2,3,25,0.7453969680433141,0.7349088314887,,80.0
planarization,NSGA2,3,26,0.7453969680433141,0.7343264998426792,,80.0
planarization,NSGA2,3,27,0.7453969680433141,0.7337804835945021,,80.0
planarization,NSGA2,3,28,0.7453969680433141,0.7335014241995192,,80.0
planarization,NSGA2,3,29,0.7453969680433141,0.7326098201906637,,80.0
planarization,NSGA2,3,30,0.7453969680433141,0.7320496987726065,,80.0
planarization,NSGA2,3,31,0.7453969680433141,0.7315399979222735,,80.0
planarization,NSGA2,3,32,0.7456290993802029,0.7316043268315034,,80.0
planarization,NSGA2,3,33,0.7456290993802029,0.7309148911050244,,80.0
planarization,NSGA2,3,34,0.7456290993802029,0.7292894309137623,,80.0
planarization,NSGA2,3,35,0.7456290993802029,0.7298069739889657,,80.0
planarization,NSGA2,3,36,0.7460148034929353,0.7266702428733489,,80.0
planarization,NSGA2,3,37,0.7460148034929353,0.7261404367413391,,80.0
planarization,NSGA2,3,38,0.7460148034929353,0.7265099575613051,,80.0
planarization,NSGA2,3,39,0.7460148034929353,0.7265462729591491,,80.0
planarization,NSGA2,3,40,0.7460148034929353,0.7259498361432479,,80.0
planarization,NSGA2,3,41,0.7460148034929353,0.724325433904359,,80.0
planarization,NSGA2,3,42,0.7460148034929353,0.7250532503200224,,80.0
planarization,NSGA2,3,43,0.7460148034929353,0.7215871144376145,,80.0
planarization,NSGA2,3,44,0.7460148034929353,0.7209301493678144,,80.0
planarization,NSGA2,3,45,0.7460148034929353,0.7206285999480999,,80.0
planarization,NSGA2,3,46,0.7460148034929353,0.7132423187257565,,80.0
planarization,NSGA2,3,47,0.7460148034929353,0.7135455909767947,,80.0
planarization,NSGA2,3,48,0.7460148034929353,0.7116502344010063,,80.0
planarization,NSGA2,3,49,0.7460148034929353,0.7105292700674404,,80.0
planarization,NSGA2,3,50,0.7460148034929353,0.7086198083217718,,80.0
planarization,NSGA2,3,51,0.7460148034929353,0.7067402797471873,,80.0
planarization,NSGA2,3,52,0.7460148034929353,0.7067261745773071,,80.0
planarization,NSGA2,3,53,0.7460148034929353,0.7045134405806006,,80.0
planarization,NSGA2,3,54,0.7460148034929353,0.7070435519982253,,80.0
planarization,NSGA2,3,55,0.7460148034929353,0.7038401126520931,,80.0
planarization,NSGA2,3,56,0.7460148034929353,0.7038658497603822,,80.0
planarization,NSGA2,3,57,0.7460148034929353,0.7013797766837218,,80.0
planarization,NSGA2,3,58,0.7460148034929353,0.6991969758580991,,80.0
planarization,NSGA2,3,59,0.7460148034929353,0.6991969758580991,,80.0
planarization,NSGA2,3,60,0.7460148034929353,0.6992469258224434,,80.0
planarization,NSGA2,3,61,0.7460148034929353,0.6976306286416379,,80.0
planarization,NSGA2,3,62,0.7460148034929353,0.6985642683633665,,80.0
planarization,NSGA2,3,63,0.7460148034929353,0.6981417894900813,,80.0
planarization,NSGA2,3,64,0.7460148034929353,0.6950152412565556,,80.0
planarization,NSGA2,3,65,0.7460148034929353,0.6963244019100466,,80.0
planarization,NSGA2,3,66,0.7460148034929353,0.6977022601296439,,80.0
planarization,NSGA2,3,67,0.7460148034929353,0.697572945821222,,80.0
planarization,NSGA2,3,68,0.7460148034929353,0.7001146891772558,,80.0
planarization,NSGA2,3,69,0.7460148034929353,0.7023813706220119,,80.0
planarization,NSGA2,3,70,0.7460148034929353,0.7021579815064023,,80.0
planarization,NSGA2,3,71,0.7460148034929353,0.7072542645419051,,80.0
planarization,NSGA2,3,72,0.7460148034929353,0.7047043276393713,,80.0
planarization,NSGA2,3,73,0.7460148034929353,0.7094187641348526,,80.0
planarization,NSGA2,3,74,0.7460148034929353,0.7091654418481589,,80.0
planarization,NSGA2,3,75,0.7460148034929353,0.7055319288289844,,80.0
planarization,NSGA2,3,76,0.7460148034929353,0.7042869565171468,,80.0
planarization,NSGA2,3,77,0.7460148034929353,0.7064937788904733,,80.0
planarization,NSGA2,3,78,0.7460148034929353,0.7096601694021686,,80.0
planarization,NSGA2,3,79,0.7460148034929353,0.7039790814891734,,80.0
planarization,NSGA2,3,80,0.7460148034929353,0.7050210997670595,,80.0
planarization,NSGA2,3,81,0.7460148034929353,0.7081333442516156,,80.0
planarization,NSGA2,3,82,0.7460148034929353,0.7086357062603289,,80.0
planarization,NSGA2,3,83,0.7460148034929353,0.7091626878392377,,80.0
planarization,NSGA2,3,84,0.7460148034929353,0.7112503035903173,,80.0
planarization,NSGA2,3,85,0.7460148034929353,0.7112503035903173,,80.0
planarization,NSGA2,3,86,0.7460148034929353,0.708053979907538,,80.0
planarization,NSGA2,3,87,0.7460148034929353,0.7074691750300458,,80.0
planarization,NSGA2,3,88,0.7460148034929353,0.7053857553417611,,80.0
planarization,NSGA2,3,89,0.7460148034929353,0.7042880740552404,,80.0
planarization,NSGA2,3,90,0.7460148034929353,0.7043931755076072,,80.0
planarization,NSGA2,3,91,0.7460148034929353,0.7017280294665316,,80.0
planarization,NSGA2,3,92,0.7460148034929353,0.699062883425456,,80.0
planarization,NSGA2,3,93,0.7460148034929353,0.7012756174221625,,80.0
planarization,NSGA2,3,94,0.7461938275146931,0.6969007757915433,,80.0
planarization,NSGA2,3,95,0.7461938275146931,0.6945241915383955,,80.0
planarization,NSGA2,3,96,0.7461938275146931,0.7036241515253504,,80.0
planarization,NSGA2,3,97,0.7461938275146931,0.7032654075740288,,80.0
planarization,NSGA2,3,98,0.7461938275146931,0.7020584287723463,,80.0
planarization,NSGA2,3,99,0.7461938275146931,0.7045643273339159,,80.0
planarization,NSGA2,3,100,0.7461938275146931,0.7048574918987791,,80.0
planarization,NSGA2,3,101,0.7461938275146931,0.7026769288734285,,80.0
planarization,NSGA2,3,102,0.7461938275146931,0.7029164662025031,,80.0
planarization,NSGA2,3,103,0.7461938275146931,0.6996119625426559,,80.0
planarization,NSGA2,3,104,0.7461938275146931,0.6994569111259448,,80.0
planarization,NSGA2,3,105,0.7461938275146931,0.6978780912466453,,80.0
planarization,NSGA2,3,106,0.7465504948582997,0.6963599513217545,,80.0
planarization,NSGA2,3,107,0.7465504948582997,0.6989412167436965,,80.0
planarization,NSGA2,3,108,0.7465504948582997,0.7021076072553918,,80.0
planarization,NSGA2,3,109,0.7465504948582997,0.6998760308715527,,80.0
planarization,NSGA2,3,110,0.7465504948582997,0.6951972405914457,,80.0
planarization,NSGA2,3,111,0.746864990027728,0.6923412664854246,,80.0
planarization,NSGA2,3,112,0.746864990027728,0.6900045245104462,,80.0
planarization,NSGA2,3,113,0.746864990027728,0.6964769429342228,,80.0
planarization,NSGA2,3,114,0.746864990027728,0.701207207430908,,80.0
planarization,NSGA2,3,115,0.746864990027728,0.7002676560857996,,80.0
planarization,NSGA2,3,116,0.746864990027728,0.7046184754434399,,80.0
planarization,NSGA2,3,117,0.746864990027728,0.7019245137693739,,80.0
planarization,NSGA2,3,118,0.746864990027728,0.70209847171199,,80.0
planarization,NSGA2,3,119,0.746864990027728,0.7077309185070856,,80.0
planarization,NSGA2,3,120,0.746864990027728,0.7050369568330197,,80.0
planarization,NSGA2,3,121,0.746864990027728,0.7072395831435514,,80.0
planarization,NSGA2,3,122,0.746864990027728,0.7098042305091955,,80.0
planarization,NSGA2,3,123,0.746864990027728,0.7128155696041796,,80.0
planarization,NSGA2,3,124,0.746864990027728,0.7127898324958905,,80.0
planarization,NSGA2,3,125,0.746864990027728,0.7078573997168288,,80.0
planarization,NSGA2,3,126,0.746864990027728,0.7043890458005402,,80.0
planarization,NSGA2,3,127,0.746864990027728,0.7081747771377469,,80.0
planarization,NSGA2,3,128,0.746864990027728,0.7056993313927713,,80.0
planarization,NSGA2,3,129,0.746864990027728,0.7062006887947605,,80.0
planarization,NSGA2,3,130,0.746864990027728,0.706402857077137,,80.0
planarization,NSGA2,3,131,0.746864990027728,0.7054749376704375,,80.0
planarization,NSGA2,3,132,0.746864990027728,0.7026118194097803,,80.0
planarization,NSGA2,3,133,0.746864990027728,0.7029198073691231,,80.0
planarization,NSGA2,3,134,0.746864990027728,0.7040027781925338,,80.0
planarization,NSGA2,3,135,0.746864990027728,0.7013816704924224,,80.0
planarization,NSGA2,3,136,0.746864990027728,0.7032371847900414,,80.0
planarization,NSGA2,3,137,0.746864990027728,0.7034070596012322,,80.0
planarization,NSGA2,3,138,0.746864990027728,0.7039140243868809,,80.0
planarization,NSGA2,3,139,0.746864990027728,0.703505650683476,,80.0
planarization,NSGA2,3,140,0.746864990027728,0.7036937137959722,,80.0
planarization,NSGA2,3,141,0.746864990027728,0.7062414817067555,,80.0
planarization,NSGA2,3,142,0.746864990027728,0.7054569817783582,,80.0
planarization,NSGA2,3,143,0.746864990027728,0.7034768688806221,,80.0
planarization,NSGA2,3,144,0.746864990027728,0.7006535928981343,,80.0
planarization,NSGA2,3,145,0.746864990027728,0.7116815118483455,,80.0
planarization,NSGA2,3,146,0.746864990027728,0.7092908224253176,,80.0
planarization,NSGA2,3,147,0.746864990027728,0.7076240894647945,,80.0
planarization,NSGA2,3,148,0.746864990027728,0.7073707671781007,,80.0
planarization,NSGA2,3,149,0.746864990027728,0.7070019155406041,,80.0
planarization,NSGA2,3,150,0.746864990027728,0.706976178432315,,80.0
planarization,NSGA2,3,151,0.746864990027728,0.7069579901310095,,80.0
planarization,NSGA2,3,152,0.746864990027728,0.7091559007332362,,80.0
planarization,NSGA2,3,153,0.746864990027728,0.708838523312318,,80.0
planarization,NSGA2,3,154,0.746864990027728,0.7089131719480909,,80.0
planarization,NSGA2,3,155,0.746864990027728,0.705800728884445,,80.0
planarization,NSGA2,3,156,0.746864990027728,0.7039963685911433,,80.0
planarization,NSGA2,3,157,0.746864990027728,0.7076588101746779,,80.0
planarization,NSGA2,3,158,0.746864990027728,0.7077235835335018,,80.0
planarization,NSGA2,3,159,0.746864990027728,0.7041688022815255,,80.0
planarization,NSGA2,3,160,0.746864990027728,0.7024778564649472,,80.0
planarization,NSGA2,3,161,0.746864990027728,0.7021597608194294,,80.0
planarization,NSGA2,3,162,0.746864990027728,0.7051239830487482,,80.0
planarization,NSGA2,3,163,0.746864990027728,0.7086821292075504,,80.0
planarization,NSGA2,3,164,0.746864990027728,0.7080201130051907,,80.0
planarization,NSGA2,3,165,0.746864990027728,0.7067475548170498,,80.0
planarization,NSGA2,3,166,0.746864990027728,0.7081899878163815,,80.0
planarization,NSGA2,3,167,0.746864990027728,0.708378050928878,,80.0
planarization,NSGA2,3,168,0.746864990027728,0.708378050928878,,80.0
planarization,NSGA2,3,169,0.746864990027728,0.7112013269113657,,80.0
planarization,NSGA2,3,170,0.746864990027728,0.7082088943422866,,80.0
planarization,NSGA2,3,171,0.746864990027728,0.7047493392657282,,80.0
planarization,NSGA2,3,172,0.746864990027728,0.7072693429971781,,80.0
planarization,NSGA2,3,173,0.746864990027728,0.7039930496770912,,80.0
planarization,NSGA2,3,174,0.746864990027728,0.707150050727211,,80.0
planarization,NSGA2,3,175,0.746864990027728,0.7094860744775898,,80.0
planarization,NSGA2,3,176,0.746864990027728,0.7123093504600779,,80.0
planarization,NSGA2,3,177,0.746864990027728,0.7123658107945452,,80.0
planarization,NSGA2,3,178,0.746864990027728,0.7120343282037467,,80.0
planarization,NSGA2,3,179,0.746864990027728,0.7077599141433394,,80.0
planarization,NSGA2,3,180,0.746864990027728,0.7099726481400459,,80.0
planarization,NSGA2,3,181,0.746864990027728,0.7074808547483563,,80.0
planarization,NSGA2,3,182,0.746864990027728,0.7123734452492487,,80.0
planarization,NSGA2,3,183,0.746864990027728,0.7123734452492488,,80.0
planarization,NSGA2,3,184,0.746864990027728,0.7092570047018978,,80.0
planarization,NSGA2,3,185,0.746864990027728,0.7076953731937414,,80.0
planarization,NSGA2,3,186,0.746864990027728,0.7105186491762294,,80.0
planarization,NSGA2,3,187,0.746864990027728,0.7076548126909726,,80.0
planarization,NSGA2,3,188,0.746864990027728,0.7108617637054367,,80.0
planarization,NSGA2,3,189,0.746864990027728,0.7067394742019192,,80.0
planarization,NSGA2,3,190,0.746864990027728,0.7077079541113876,,80.0
planarization,NSGA2,3,191,0.746864990027728,0.7101997475030771,,80.0
planarization,NSGA2,3,192,0.746864990027728,0.7130635839883339,,80.0
planarization,NSGA2,3,193,0.746864990027728,0.7136194603014661,,80.0
planarization,NSGA2,3,194,0.746864990027728,0.713634283695946,,80.0
planarization,NSGA2,3,195,0.746864990027728,0.7106552380721473,,80.0
planarization,NSGA2,3,196,0.746864990027728,0.7124966471998861,,80.0
planarization,NSGA2,3,197,0.746864990027728,0.7123726392216143,,80.0
planarization,NSGA2,3,198,0.746864990027728,0.7127345746290067,,80.0
planarization,NSGA2,3,199,0.746864990027728,0.7096867581626789,,80.0
planarization,NSGA2,3,200,0.746864990027728,0.7122324990024179,,80.0
planarization,NSGA2,4,0,0.7103105042046944,0.5179720387203084,,6.0
planarization,NSGA2,4,1,0.7156673994908985,0.58463109415257,,3.0
planarization,NSGA2,4,2,0.7156673994908985,0.5794300974731172,,4.0
planarization,NSGA2,4,3,0.7156673994908985,0.5989345125581311,,6.0
planarization,NSGA2,4,4,0.7222935984495282,0.6102347017123001,,8.0
planarization,NSGA2,4,5,0.7248244589318095,0.6115779445779636,,6.0
planarization,NSGA2,4,6,0.7287544480933594,0.6242577247236613,,4.0
planarization,NSGA2,4,7,0.7287544480933594,0.6172140045123529,,6.0
planarization,NSGA2,4,8,0.7287544480933594,0.6268648687729285,,5.0
planarization,NSGA2,4,9,0.7350559761435453,0.6356380903903142,,4.0
planarization,NSGA2,4,10,0.7387296138000303,0.6688250563739713,,3.0
planarization,NSGA2,4,11,0.7387296138000303,0.6855900221726563,,6.0
planarization,NSGA2,4,12,0.7404008338605305,0.6797710458418535,,9.0
planarization,NSGA2,4,13,0.7404008338605305,0.6831622567207362,,12.0
planarization,NSGA2,4,14,0.7404008338605305,0.6864985755326451,,14.0
planarization,NSGA2,4,15,0.7404008338605305,0.6805559871701796,,20.0
planarization,NSGA2,4,16,0.7404008338605305,0.6943347971523577,,31.0
planarization,NSGA2,4,17,0.7404008338605305,0.7022399080512713,,50.0
planarization,NSGA2,4,18,0.7409343097358352,0.7037898751665617,,70.0
planarization,NSGA2,4,19,0.7409343097358352,0.7088712575900618,,80.0
planarization,NSGA2,4,20,0.7412587591362306,0.7029415856851682,,80.0
planarization,NSGA2,4,21,0.7412587591362306,0.7023699886661335,,80.0
planarization,NSGA2,4,22,0.7412587591362306,0.7022365185393389,,80.0
planarization,NSGA2,4,23,0.7412587591362306,0.6997550660514517,,80.0
planarization,NSGA2,4,24,0.7412587591362306,0.6990823263657335,,80.0
planarization,NSGA2,4,25,0.7412587591362306,0.6971389146713752,,80.0
planarization,NSGA2,4,26,0.7412587591362306,0.6981809660427607,,80.0
planarization,NSGA2,4,27,0.7412587591362306,0.695600429075065,,80.0
planarization,NSGA2,4,28,0.7422566977157838,0.6930287239560304,,80.0
planarization,NSGA2,4,29,0.7422566977157838,0.6933409838047421,,80.0
planarization,NSGA2,4,30,0.7422566977157838,0.6904570188369957,,80.0
planarization,NSGA2,4,31,0.7422566977157838,0.6884800509171318,,80.0
planarization,NSGA2,4,32,0.7422566977157838,0.69190930433036,,80.0
planarization,NSGA2,4,33,0.7422566977157838,0.6913041510858198,,80.0
planarization,NSGA2,4,34,0.7422566977157838,0.6895633801561425,,80.0
planarization,NSGA2,4,35,0.7422566977157838,0.6898991356163043,,80.0
planarization,NSGA2,4,36,0.7422566977157838,0.6926572335405228,,80.0
planarization,NSGA2,4,37,0.7422566977157838,0.6947090355535174,,80.0
planarization,NSGA2,4,38,0.7422566977157838,0.7003066521844403,,80.0
planarization,NSGA2,4,39,0.744663759373382,0.6985513919207716,,80.0
planarization,NSGA2,4,40,0.744663759373382,0.7031823440620633,,80.0
planarization,NSGA2,4,41,0.7461242159996722,0.7034364413287646,,80.0
planarization,NSGA2,4,42,0.7461242159996722,0.703248812404771,,80.0
planarization,NSGA2,4,43,0.7461242159996722,0.7033835112969601,,80.0
planarization,NSGA2,4,44,0.7461242159996722,0.7013178749426571,,80.0
planarization,NSGA2,4,45,0.7461242159996722,0.7013578664941125,,80.0
planarization,NSGA2,4,46,0.7461242159996722,0.7014730675897487,,80.0
planarization,NSGA2,4,47,0.7461242159996722,0.7040696210758818,,80.0
planarization,NSGA2,4,48,0.7461242159996722,0.7036202487167921,,80.0
planarization,NSGA2,4,49,0.7461242159996722,0.7014230818637165,,80.0
planarization,NSGA2,4,50,0.7461242159996722,0.7016070781461888,,80.0
planarization,NSGA2,4,51,0.7461242159996722,0.7063972561992046,,80.0
planarization,NSGA2,4,52,0.7461242159996722,0.7057812129191283,,80.0
planarization,NSGA2,4,53,0.7461242159996722,0.7030272368000612,,80.0
planarization,NSGA2,4,54,0.7461242159996722,0.6994952565234412,,80.0
planarization,NSGA2,4,55,0.7461242159996722,0.7050445291758155,,80.0
planarization,NSGA2,4,56,0.7461242159996722,0.7049418023124238,,80.0
planarization,NSGA2,4,57,0.7461242159996722,0.7075940475264486,,80.0
planarization,NSGA2,4,58,0.7461242159996722,0.70249128597097,,80.0
planarization,NSGA2,4,59,0.7461242159996722,0.7002381520363429,,80.0
planarization,NSGA2,4,60,0.7461242159996722,0.6989204113397356,,80.0
planarization,NSGA2,4,61,0.7461242159996722,0.6996658029414554,,80.0
planarization,NSGA2,4,62,0.7461242159996722,0.6986929222079562,,80.0
planarization,NSGA2,4,63,0.7461242159996722,0.7014267121947213,,80.0
planarization,NSGA2,4,64,0.7461242159996722,0.7011114744877704,,80.0
planarization,NSGA2,4,65,0.7461242159996722,0.7012852690704557,,80.0
planarization,NSGA2,4,66,0.7461242159996722,0.6994430000427808,,80.0
planarization,NSGA2,4,67,0.7461242159996722,0.7045109283072681,,80.0
planarization,NSGA2,4,68,0.7461242159996722,0.7043070587771927,,80.0
planarization,NSGA2,4,69,0.7461242159996722,0.7033677342691991,,80.0
planarization,NSGA2,4,70,0.7461242159996722,0.7033677342691991,,80.0
planarization,NSGA2,4,71,0.7461242159996722,0.7039949894636585,,80.0
planarization,NSGA2,4,72,0.7461242159996722,0.7015479226227574,,80.0
planarization,NSGA2,4,73,0.7461242159996722,0.7017031392681574,,80.0
planarization,NSGA2,4,74,0.7461242159996722,0.7079264268968315,,80.0
planarization,NSGA2,4,75,0.7461242159996722,0.7086737343161685,,80.0
planarization,NSGA2,4,76,0.7461242159996722,0.7050796605381741,,80.0
planarization,NSGA2,4,77,0.7461242159996722,0.7051724507777644,,80.0
planarization,NSGA2,4,78,0.7461242159996722,0.7028684352561457,,80.0
planarization,NSGA2,4,79,0.7461242159996722,0.7033119592441182,,80.0
planarization,NSGA2,4,80,0.7461242159996722,0.7033340611940375,,80.0
planarization,NSGA2,4,81,0.7461242159996722,0.6997438003150676,,80.0
planarization,NSGA2,4,82,0.7461242159996722,0.6995632615003057,,80.0
planarization,NSGA2,4,83,0.7461242159996722,0.699900245725862,,80.0
planarization,NSGA2,4,84,0.7461242159996722,0.7031064536913088,,80.0
planarization,NSGA2,4,85,0.7461242159996722,0.7071793342487473,,80.0
planarization,NSGA2,4,86,0.7461242159996722,0.7070766073853555,,80.0
planarization,NSGA2,4,87,0.7461242159996722,0.70722517417132,,80.0
planarization,NSGA2,4,88,0.7461242159996722,0.7069684594279224,,80.0
planarization,NSGA2,4,89,0.7461242159996722,0.702917680820403,,80.0
planarization,NSGA2,4,90,0.7461242159996722,0.7113521937311053,,80.0
planarization,NSGA2,4,91,0.7461242159996722,0.7115106305959479,,80.0
planarization,NSGA2,4,92,0.7461242159996722,0.7107723626559268,,80.0
planarization,NSGA2,4,93,0.7461242159996722,0.7091176377337634,,80.0
planarization,NSGA2,4,94,0.7461242159996722,0.7090773132778729,,80.0
planarization,NSGA2,4,95,0.7461242159996722,0.7093451268655429,,80.0
planarization,NSGA2,4,96,0.7461242159996722,0.7122626480587948,,80.0
planarization,NSGA2,4,97,0.7461242159996722,0.7118660743878399,,80.0
planarization,NSGA2,4,98,0.7461242159996722,0.709876822770909,,80.0
planarization,NSGA2,4,99,0.7461242159996722,0.7097437080754283,,80.0
planarization,NSGA2,4,100,0.7461242159996722,0.7098835670029855,,80.0
planarization,NSGA2,4,101,0.7461242159996722,0.7079926450906354,,80.0
planarization,NSGA2,4,102,0.7461242159996722,0.7127508511148539,,80.0
planarization,NSGA2,4,103,0.7461242159996722,0.7122484247337055,,80.0
planarization,NSGA2,4,104,0.7461242159996722,0.71209869572727,,80.0
planarization,NSGA2,4,105,0.7461242159996722,0.7127950550146923,,80.0
planarization,NSGA2,4,106,0.7461242159996722,0.7112427015246068,,80.0
planarization,NSGA2,4,107,0.7461242159996722,0.7106964266749339,,80.0
planarization,NSGA2,4,108,0.7461242159996722,0.7084227749870958,,80.0
planarization,NSGA2,4,109,0.7461242159996722,0.7077551953367461,,80.0
planarization,NSGA2,4,110,0.7461242159996722,0.7105159156878897,,80.0
planarization,NSGA2,4,111,0.7461242159996722,0.7108666494362719,,80.0
planarization,NSGA2,4,112,0.7461242159996722,0.7079910368956188,,80.0
planarization,NSGA2,4,113,0.7461242159996722,0.7070367340994047,,80.0
planarization,NSGA2,4,114,0.7461242159996722,0.7128314760283265,,80.0
planarization,NSGA2,4,115,0.7461242159996722,0.7134974714819681,,80.0
planarization,NSGA2,4,116,0.7461242159996722,0.7125415604907372,,80.0
planarization,NSGA2,4,117,0.7461242159996722,0.7099918333313678,,80.0
planarization,NSGA2,4,118,0.7461242159996722,0.7065833400325541,,80.0
planarization,NSGA2,4,119,0.7461242159996722,0.7100376732539405,,80.0
planarization,NSGA2,4,120,0.7461242159996722,0.7090967645492385,,80.0
planarization,NSGA2,4,121,0.7461242159996722,0.7062211520085853,,80.0
planarization,NSGA2,4,122,0.7461242159996722,0.7065584916654555,,80.0
planarization,NSGA2,4,123,0.7461242159996722,0.7067121241141473,,80.0
planarization,NSGA2,4,124,0.7461242159996722,0.7033173803381596,,80.0
planarization,NSGA2,4,125,0.7461242159996722,0.7029263221338867,,80.0
planarization,NSGA2,4,126,0.7461242159996722,0.7059449859938223,,80.0
planarization,NSGA2,4,127,0.7461242159996722,0.7061337588647278,,80.0
planarization,NSGA2,4,128,0.7461242159996722,0.7084377743863465,,80.0
planarization,NSGA2,4,129,0.7461242159996722,0.7085002007921561,,80.0
planarization,NSGA2,4,130,0.7461242159996722,0.7083335298711698,,80.0
planarization,NSGA2,4,131,0.7461242159996722,0.7077702852792285,,80.0
planarization,NSGA2,4,132,0.7461242159996722,0.7085358152045368,,80.0
planarization,NSGA2,4,133,0.7461242159996722,0.7113102850785065,,80.0
planarization,NSGA2,4,134,0.7461242159996722,0.7087024861255233,,80.0
planarization,NSGA2,4,135,0.7461242159996722,0.7112107266085312,,80.0
planarization,NSGA2,4,136,0.7461242159996722,0.7122168081362221,,80.0
planarization,NSGA2,4,137,0.7461242159996722,0.7096682431973238,,80.0
planarization,NSGA2,4,138,0.7461242159996722,0.7100459073100844,,80.0
planarization,NSGA2,4,139,0.7461242159996722,0.7074768246179751,,80.0
planarization,NSGA2,4,140,0.7461242159996722,0.7073421257257859,,80.0
planarization,NSGA2,4,141,0.7461242159996722,0.7105551019216175,,80.0
planarization,NSGA2,4,142,0.7461242159996722,0.7085157075959441,,80.0
planarization,NSGA2,4,143,0.7461242159996722,0.7077485694756189,,80.0
planarization,NSGA2,4,144,0.7461242159996722,0.7106241820162721,,80.0
planarization,NSGA2,4,145,0.7461242159996722,0.7132281680702306,,80.0
planarization,NSGA2,4,146,0.7461242159996722,0.710937902071438,,80.0
planarization,NSGA2,4,147,0.7461242159996722,0.7135267914662269,,80.0
planarization,NSGA2,4,148,0.7461242159996722,0.7105772982441778,,80.0
planarization,NSGA2,4,149,0.7461242159996722,0.711062730884749,,80.0
planarization,NSGA2,4,150,0.7461242159996722,0.7110019126739561,,80.0
planarization,NSGA2,4,151,0.7461242159996722,0.7097659283962966,,80.0
planarization,NSGA2,4,152,0.7461242159996722,0.7104622876837189,,80.0
planarization,NSGA2,4,153,0.7461242159996722,0.7074045281332874,,80.0
planarization,NSGA2,4,154,0.7461242159996722,0.7087574332504168,,80.0
planarization,NSGA2,4,155,0.7461242159996722,0.708568660379511,,80.0
planarization,NSGA2,4,156,0.7461242159996722,0.7066931905576447,,80.0
planarization,NSGA2,4,157,0.7461242159996722,0.7040403571052611,,80.0
planarization,NSGA2,4,158,0.7461242159996722,0.707161681283665,,80.0
planarization,NSGA2,4,159,0.7461242159996722,0.7041241078655354,,80.0
planarization,NSGA2,4,160,0.7461242159996722,0.7043180407718094,,80.0
planarization,NSGA2,4,161,0.7461242159996722,0.7017528375236477,,80.0
planarization,NSGA2,4,162,0.7461242159996722,0.7046908764701106,,80.0
planarization,NSGA2,4,163,0.7461242159996722,0.7058758819008594,,80.0
planarization,NSGA2,4,164,0.7461242159996722,0.7026226052474456,,80.0
planarization,NSGA2,4,165,0.7461242159996722,0.7044968463039176,,80.0
planarization,NSGA2,4,166,0.7461242159996722,0.7045576645147107,,80.0
planarization,NSGA2,4,167,0.7461242159996722,0.7075055735400516,,80.0
planarization,NSGA2,4,168,0.7461242159996722,0.7083114279212506,,80.0
planarization,NSGA2,4,169,0.7461242159996722,0.7063276917710017,,80.0
planarization,NSGA2,4,170,0.7461242159996722,0.7006372849004885,,80.0
planarization,NSGA2,4,171,0.7461242159996722,0.7031842656426786,,80.0
planarization,NSGA2,4,172,0.7461242159996722,0.7057312463848687,,80.0
planarization,NSGA2,4,173,0.7461242159996722,0.7029871403446798,,80.0
planarization,NSGA2,4,174,0.7461242159996722,0.7032688218261252,,80.0
planarization,NSGA2,4,175,0.7461242159996722,0.7034627547323989,,80.0
planarization,NSGA2,4,176,0.7461242159996722,0.7028220536204015,,80.0
planarization,NSGA2,4,177,0.7461242159996722,0.7001403739860222,,80.0
planarization,NSGA2,4,178,0.7461242159996722,0.7026873547282124,,80.0
planarization,NSGA2,4,179,0.7461242159996722,0.6996699196336713,,80.0
planarization,NSGA2,4,180,0.7461242159996722,0.6995637353025689,,80.0
planarization,NSGA2,4,181,0.7461242159996722,0.6999547935068418,,80.0
planarization,NSGA2,4,182,0.7461242159996722,0.6999547935068416,,80.0
planarization,NSGA2,4,183,0.7461242159996722,0.7003845679719882,,80.0
planarization,NSGA2,4,184,0.7461242159996722,0.7014806933220902,,80.0
planarization,NSGA2,4,185,0.7461242159996722,0.7017706088596795,,80.0
planarization,NSGA2,4,186,0.7461242159996722,0.7020992406581424,,80.0
planarization,NSGA2,4,187,0.7461242159996722,0.6989435826587782,,80.0
planarization,NSGA2,4,188,0.7461242159996722,0.7048646710527959,,80.0
planarization,NSGA2,4,189,0.7461242159996722,0.704722848498908,,80.0
planarization,NSGA2,4,190,0.7461242159996722,0.7074116517949861,,80.0
planarization,NSGA2,4,191,0.7461242159996722,0.7102485480747653,,80.0
planarization,NSGA2,4,192,0.7461242159996722,0.7107186469958024,,80.0
planarization,NSGA2,4,193,0.7461242159996722,0.7040723291340585,,80.0
planarization,NSGA2,4,194,0.7461242159996722,0.7062835544160867,,80.0
planarization,NSGA2,4,195,0.7461242159996722,0.7096296213090908,,80.0
planarization,NSGA2,4,196,0.7461242159996722,0.7107036447092737,,80.0
planarization,NSGA2,4,197,0.7461242159996722,0.7076530088205408,,80.0
planarization,NSGA2,4,198,0.7461242159996722,0.7075195386937461,,80.0
planarization,NSGA2,4,199,0.7461242159996722,0.7093480581985949,,80.0
planarization,NSGA2,4,200,0.7461242159996722,0.7088372793903533,,80.0
