product,operation,n_test,MRA,MAE,RMSE,MAPE,R2,process,method,seed
P01,LITH-01,75,0.7018531231732259,4.827257762220558,6.9445021365158786,32.17680654807683,0.6614279184500271,lithography,ALL,0
P01,LITH-02,75,0.7015400588261018,5.520409723721413,8.433657647730785,28.415949796780676,0.6264443446467722,lithography,ALL,0
P01,LITH-03,75,0.7221104001294405,3.8128780135569755,6.342700104430141,29.189943455036627,0.6947575111433996,lithography,ALL,0
P01,LITH-04,75,0.7804234171928316,4.033681810776302,6.5976772734135825,27.606533376526382,0.7401428541284607,lithography,ALL,0
P01,LITH-05,75,0.7694266270141396,2.633031749670333,3.7355734624672166,27.697413922689673,0.6882791280769709,lithography,ALL,0
P02,LITH-01,75,0.7197483295971232,4.740298663056011,7.3261984471373225,30.728175294711168,0.6802414554556842,lithography,ALL,0
P02,LITH-02,75,0.6550451387326449,4.528493250984107,6.904722911793267,34.723465275969765,0.5330141623399778,lithography,ALL,0
P02,LITH-03,75,0.7457524674769432,3.270697222589635,5.08783726597633,28.020508467282625,0.6037973462103265,lithography,ALL,0
P02,LITH-04,75,0.7485787119046508,3.5135056895825985,5.284317187098381,28.729510573490263,0.6559907738255631,lithography,ALL,0
P02,LITH-05,75,0.6976273154040196,4.516803973993645,7.510685671227972,31.799300015937813,0.6126676526526127,lithography,ALL,0
P03,LITH-01,75,0.6460575469626566,4.579904146544279,10.507847602002347,31.45162722498982,0.4858857752740551,lithography,ALL,0
P03,LITH-02,75,0.758735599675608,3.4136446983825417,5.054660991889866,23.803637221184534,0.6261983440460483,lithography,ALL,0
P03,LITH-03,75,0.7359246622833848,3.8115614906568447,5.592012027760062,28.939370576897765,0.6428704910834919,lithography,ALL,0
P03,LITH-04,75,0.7137626024515008,3.800191493061526,7.111779854126234,28.03983322377582,0.5651552960534685,lithography,ALL,0
P03,LITH-05,75,0.7089243824612861,3.682949310611374,7.016821499531482,28.818170608185007,0.5092581624031174,lithography,ALL,0
P01,LITH-01,75,0.672260024093325,5.306395825855596,7.420465602290564,34.87626126761661,0.6134272610820775,lithography,ALL,1
P01,LITH-02,75,0.703472577877849,5.484665238472967,8.668428385971941,28.521555939396226,0.6053572652512738,lithography,ALL,1
P01,LITH-03,75,0.7420691101117456,3.539027799277857,6.14088574765387,27.340491012091682,0.7138731158566662,lithography,ALL,1
P01,LITH-04,75,0.795102155015151,3.7640293869973895,6.185053612415156,25.051168066707096,0.7716297828971035,lithography,ALL,1
P01,LITH-05,75,0.7974437652424059,2.3130901469838347,3.185748970670893,23.7128129413758,0.7732880448737941,lithography,ALL,1
P02,LITH-01,75,0.7329804815074955,4.516484289639708,7.3685511615982895,28.30728529522356,0.6765337242487345,lithography,ALL,1
P02,LITH-02,75,0.6651747455726029,4.395513950326217,6.556928826435791,35.439103255461696,0.5788739186822867,lithography,ALL,1
P02,LITH-03,75,0.7444226688474809,3.2878040501007,4.86646103373652,28.17548947066878,0.6375255022826197,lithography,ALL,1
P02,LITH-04,75,0.745361236634319,3.5584685396023437,5.5328749103035,27.52774398018817,0.6228674325832924,lithography,ALL,1
P02,LITH-05,75,0.6947562878203732,4.559691011943474,7.2672633302345035,31.54825503964785,0.6373677800066683,lithography,ALL,1
P03,LITH-01,75,0.6590410740515042,4.411901384963404,9.975582579361253,31.60411097092225,0.536650578022365,lithography,ALL,1
P03,LITH-02,75,0.7749338185561937,3.1844564553984767,4.615920382386573,22.468236908173637,0.6882734646505602,lithography,ALL,1
P03,LITH-03,75,0.744745873945279,3.684239526545641,5.399059573778526,27.790744940256364,0.6670908116151169,lithography,ALL,1
P03,LITH-04,75,0.713280418419239,3.8065931431365523,7.046801575299093,28.833905647244944,0.5730650964143513,lithography,ALL,1
P03,LITH-05,75,0.6977793804733914,3.823965853787204,7.494412197596783,29.500766001165562,0.44018132856990944,lithography,ALL,1
P01,LITH-01,75,0.6820332863098717,5.148158193453854,6.924501429391352,34.613107724441555,0.6633753379845706,lithography,ALL,2
P01,LITH-02,75,0.7135139801993247,5.298936276665744,8.171450443938669,27.400280333008865,0.6493113717714964,lithography,ALL,2
P01,LITH-03,75,0.755894589480374,3.3493306449544002,5.7378846131982915,25.482461987520033,0.7501955032661081,lithography,ALL,2
P01,LITH-04,75,0.7752480962271773,4.128753870725528,6.5221544972272625,27.489164146767646,0.7460579084886668,lithography,ALL,2
P01,LITH-05,75,0.7834290576878763,2.473131046223679,3.6201721224742087,26.436013095144073,0.7072413345343899,lithography,ALL,2
P02,LITH-01,75,0.7438865857199441,4.332013698820032,7.205899822636903,26.9079720783782,0.6906563239205266,lithography,ALL,2
P02,LITH-02,75,0.6453186226941005,4.656180862268412,7.066386218095956,36.54609047102205,0.5108906772668924,lithography,ALL,2
P02,LITH-03,75,0.7531749222475366,3.1752131014181724,4.605904677885772,28.621817420284017,0.675301077378123,lithography,ALL,2
P02,LITH-04,75,0.7446741702764891,3.568070000065948,5.464478917052895,27.738224636743748,0.6321338357866035,lithography,ALL,2
P02,LITH-05,75,0.6844648577956505,4.713423059849376,7.6489392829812495,32.482029960950236,0.5982767002408871,lithography,ALL,2
P03,LITH-01,75,0.6569283801796482,4.4392389799341645,10.393318052704382,30.084621514120663,0.49703180375126,lithography,ALL,2
P03,LITH-02,75,0.7753489741238011,3.1785824283954827,4.770353355585034,21.89986187682044,0.6670659193938426,lithography,ALL,2
P03,LITH-03,75,0.7491996118357278,3.6199559929923066,5.524830869222251,26.676811588097323,0.6513998914424519,lithography,ALL,2
P03,LITH-04,75,0.7285508327213599,3.6038575850877033,6.375162640191945,27.31831137361642,0.6505700600771491,lithography,ALL,2
P03,LITH-05,75,0.7036844960027925,3.7492490453097784,7.345542430098224,29.168162646539685,0.4622010241528157,lithography,ALL,2
P01,LITH-01,75,0.6964785338493737,4.914277047173147,6.776817455889541,33.11252810949765,0.6775811039261049,lithography,ALL,3
P01,LITH-02,75,0.7075533693970837,5.409185624375822,8.371430705657414,27.301164072475885,0.6319364978138621,lithography,ALL,3
P01,LITH-03,75,0.7377398967363924,3.59842823204889,5.983616545343105,27.26550014256738,0.7283409737660396,lithography,ALL,3
P01,LITH-04,75,0.7855488262328966,3.9395266465352474,6.278682047586075,27.11783930778785,0.7646633810516055,lithography,ALL,3
P01,LITH-05,75,0.7671185974782931,2.6593882841147205,4.087699797190494,28.015983430026324,0.6267418439164998,lithography,ALL,3
P02,LITH-01,75,0.7427486923415789,4.351260522406886,7.097847955291721,27.453260688058716,0.6998639340483649,lithography,ALL,3
P02,LITH-02,75,0.6637745924438173,4.413894859558094,6.751006695497673,33.87306533308092,0.5535752362728306,lithography,ALL,3
P02,LITH-03,75,0.7273023655591373,3.5080434674094976,5.257784265641787,30.286287226219443,0.5768868909727098,lithography,ALL,3
P02,LITH-04,75,0.7440438523529873,3.57687842526831,5.490764858969334,27.648349192152594,0.6285862090089971,lithography,ALL,3
P02,LITH-05,75,0.697829061433415,4.51379031795349,7.718345209245832,30.489657565733026,0.5909532070823357,lithography,ALL,3
P03,LITH-01,75,0.6482012498177574,4.5521653050722195,10.22104832874258,30.861393118935215,0.5135670641147676,lithography,ALL,3
P03,LITH-02,75,0.7714121553622271,3.2342843905410397,4.782262795163277,22.616335124476848,0.6654014691908743,lithography,ALL,3
P03,LITH-03,75,0.7373202763934289,3.7914177353040843,5.729247434572236,28.63939337596574,0.625126534724842,lithography,ALL,3
P03,LITH-04,75,0.7137504898191129,3.8003523047617205,6.645957285287952,28.802782709879377,0.6202544727315893,lithography,ALL,3
P03,LITH-05,75,0.716218124281132,3.5906623590819975,7.206451918637707,28.15390606075686,0.4823750349509248,lithography,ALL,3
P01,LITH-01,75,0.6904962646682065,5.011135198591116,6.831636243005999,33.657539622112196,0.6723438079942867,lithography,ALL,4
P01,LITH-02,75,0.7070949037476173,5.417665550423358,8.27536793205014,27.98874042635523,0.6403351428959971,lithography,ALL,4
P01,LITH-03,75,0.7355663112910329,3.6282516445085835,5.925146376951206,28.139230524420615,0.7336241807409358,lithography,ALL,4
P01,LITH-04,75,0.7931290217772589,3.800276383604098,6.3794663014803605,26.462390546339655,0.7570475834434203,lithography,ALL,4
P01,LITH-05,75,0.7766584693851701,2.5504477534137378,3.7317494663706112,26.4746758850573,0.6889170003029783,lithography,ALL,4
P02,LITH-01,75,0.7380282013002641,4.4311049612997735,7.065633431785067,29.70694524413921,0.7025821661048682,lithography,ALL,4
P02,LITH-02,75,0.6632309654244599,4.421031478184566,6.7034959758586385,34.69591459801635,0.5598366219856419,lithography,ALL,4
P02,LITH-03,75,0.704974463455458,3.795274602642382,5.53287982942776,33.50511255585286,0.5314527086332266,lithography,ALL,4
P02,LITH-04,75,0.7530474638488623,3.4510567796264695,5.270609266233265,26.94551227333197,0.6577732311245651,lithography,ALL,4
P02,LITH-05,75,0.7050882702654321,4.405353197238321,7.383051973337807,30.28453570890342,0.6257201509670046,lithography,ALL,4
P03,LITH-01,75,0.649727597897743,4.532414840439884,10.747344453329166,30.670006409485207,0.4621831237869365,lithography,ALL,4
P03,LITH-02,75,0.7713809177145711,3.234726371331275,4.727883221373921,22.60415131532987,0.6729677096364213,lithography,ALL,4
P03,LITH-03,75,0.7368570939676002,3.7981031316485625,5.710461229290934,30.232226443767146,0.6275809247141343,lithography,ALL,4
P03,LITH-04,75,0.7212693499740233,3.7005291906511046,6.34699817612988,28.422491284239644,0.6536506929725834,lithography,ALL,4
P03,LITH-05,75,0.698899249969902,3.8097962623077652,7.305752050015173,29.677846382587685,0.46801169550191146,lithography,ALL,4
P01,LITH-01,75,0.6962607183240945,4.917803670347359,7.017792778416147,32.42859314403058,0.6542437874275473,lithography,FILTER,0
P01,LITH-02,75,0.6964187583057647,5.615134922283642,9.006250345283345,27.986662306037324,0.5739982233336148,lithography,FILTER,0
P01,LITH-03,75,0.7086890359437794,3.9970303691661258,6.368009799278255,32.18701839581725,0.6923165922620095,lithography,FILTER,0
P01,LITH-04,75,0.7742782504778534,4.146570202086064,6.75105615955478,28.12175858824382,0.7279204069832782,lithography,FILTER,0
P01,LITH-05,75,0.7449426065312277,2.9126269277962957,4.266197580659072,30.089723793826735,0.5934319474512213,lithography,FILTER,0
P02,LITH-01,75,0.7104997286454935,4.896733522705998,7.772595870756919,32.0464090268998,0.6400874614189904,lithography,FILTER,0
P02,LITH-02,75,0.6558768307442886,4.517574977074912,6.709956529210959,35.295588895582924,0.558987790475149,lithography,FILTER,0
P02,LITH-03,75,0.7416926744469656,3.322923309724748,4.899115259480617,28.844112630644652,0.6326447336127721,lithography,FILTER,0
P02,LITH-04,75,0.7265400453954265,3.82148669134092,5.787080633616454,29.952824815586055,0.5874169313526378,lithography,FILTER,0
P02,LITH-05,75,0.6876967989277587,4.6651447420882155,7.813511542388546,32.88898501834976,0.5808040188659815,lithography,FILTER,0
P03,LITH-01,75,0.6416370164128893,4.637104423089431,10.930093983072375,33.11478752682599,0.44373737375790545,lithography,FILTER,0
P03,LITH-02,75,0.7753421294171444,3.1786792739995544,4.722016021061975,22.010376373488963,0.6737788859257117,lithography,FILTER,0
P03,LITH-03,75,0.7556655437787716,3.5266292271973088,5.161214845331636,27.189644640696862,0.6957760376905355,lithography,FILTER,0
P03,LITH-04,75,0.7041312679360242,3.928060582866057,7.223973410383917,29.32373818844142,0.5513270847258338,lithography,FILTER,0
P03,LITH-05,75,0.7146139852989034,3.6109593616570677,7.0704260582460305,28.73791883482809,0.5017315405133719,lithography,FILTER,0
P01,LITH-01,75,0.6739434553122279,5.279139607359854,7.3843513652728845,35.56881136925388,0.6171808818943176,lithography,FILTER,1
P01,LITH-02,75,0.7043033632857578,5.46929876809806,8.820290093799033,28.102387136742035,0.5914086965048246,lithography,FILTER,1
P01,LITH-03,75,0.72234705876531,3.8096308588961105,6.2088298781255595,31.723237234828407,0.7075065456406131,lithography,FILTER,1
P01,LITH-04,75,0.7683674728492835,4.255152801847367,6.783941108915352,26.862215064875222,0.725263307116,lithography,FILTER,1
P01,LITH-05,75,0.7674631408649405,2.6554537722305707,3.817079787626597,27.90480563652012,0.6745278780571913,lithography,FILTER,1
P02,LITH-01,75,0.7084779296881818,4.930931109755295,7.871085054510046,31.03628041102084,0.6309085265290952,lithography,FILTER,1
P02,LITH-02,75,0.7013231142119741,3.9209659389833504,5.735020526293661,31.88032288567504,0.6778329256068091,lithography,FILTER,1
P02,LITH-03,75,0.7576932770411287,3.1170879730150647,4.618459161145114,27.732464215089024,0.6735285774644763,lithography,FILTER,1
P02,LITH-04,75,0.7222866347154695,3.8809262986127306,5.902252847441628,29.53790737019448,0.5708313844044294,lithography,FILTER,1
P02,LITH-05,75,0.6912309106507271,4.612352639203094,7.461256329767917,31.40538124224519,0.6177491014615144,lithography,FILTER,1
P03,LITH-01,75,0.6709623160315976,4.257644258958723,10.218482866706735,30.353550039183496,0.5138112207954791,lithography,FILTER,1
P03,LITH-02,75,0.78707854586814,3.0126209755432436,4.40294781922984,20.620436780161274,0.7163751814089437,lithography,FILTER,1
P03,LITH-03,75,0.7428720850318888,3.7112850724328608,5.511472378252575,28.972827895833408,0.6530836141508887,lithography,FILTER,1
P03,LITH-04,75,0.7208757801058423,3.70575436694811,6.847475325291463,27.90831471961522,0.5968761176333846,lithography,FILTER,1
P03,LITH-05,75,0.704102236973126,3.7439634125532,7.123062362338797,29.101656079500927,0.49428513363930415,lithography,FILTER,1
P01,LITH-01,75,0.6804631418087734,5.173580201262235,7.169586435573209,35.345464750604,0.6391247301083761,lithography,FILTER,2
P01,LITH-02,75,0.7194597949778883,5.188960600901925,8.509153334559942,27.593330595784675,0.6197264840571897,lithography,FILTER,2
P01,LITH-03,75,0.7330691796795501,3.662514381303397,5.888591610437802,30.130013426565792,0.7369008150903361,lithography,FILTER,2
P01,LITH-04,75,0.7788980244959485,4.06170369132953,6.70027314096013,27.017395162933454,0.7319983039142387,lithography,FILTER,2
P01,LITH-05,75,0.7320367482071712,3.0600053274958636,4.447776675513345,31.483352847104502,0.5580865036764652,lithography,FILTER,2
P02,LITH-01,75,0.7278465581435214,4.603321702681686,7.440141468033927,28.90353002727682,0.6702178170223885,lithography,FILTER,2
P02,LITH-02,75,0.6695334789205583,4.338293436092743,6.594072272354645,35.703162640367296,0.5740892462968026,lithography,FILTER,2
P02,LITH-03,75,0.7780196388683549,2.8556051003439924,4.173754706001096,25.972878558370592,0.7333725865321652,lithography,FILTER,2
P02,LITH-04,75,0.7317035195630153,3.7493293334526108,6.07276179170296,28.32719158885096,0.5456768923014128,lithography,FILTER,2
P02,LITH-05,75,0.688768859625355,4.64913043833014,7.747208883096655,32.36932790390066,0.5878881279798508,lithography,FILTER,2
P03,LITH-01,75,0.6496447584035108,4.533486757470115,10.563115431542883,31.987766131176798,0.4804634085795628,lithography,FILTER,2
P03,LITH-02,75,0.7820148355073248,3.0842673021629197,4.569656805584276,21.258376688269127,0.6944907787943149,lithography,FILTER,2
P03,LITH-03,75,0.7639098325725284,3.407634345070684,4.861191534470268,26.9206844003941,0.730117323369243,lithography,FILTER,2
P03,LITH-04,75,0.7122523416323614,3.820242263388368,6.682103126395363,29.270028609492226,0.616112541693467,lithography,FILTER,2
P03,LITH-05,75,0.6947483729999522,3.8623168739762304,7.217939394377558,30.858665147895753,0.4807234750482796,lithography,FILTER,2
P01,LITH-01,75,0.6906208192968873,5.009118550607011,7.045922988401876,33.014057104634226,0.6514663648182012,lithography,FILTER,3
P01,LITH-02,75,0.7030141584049503,5.493144310424063,8.664489817818106,27.910960089611226,0.6057158017996891,lithography,FILTER,3
P01,LITH-03,75,0.7184362970527394,3.863289784444482,6.311722627842137,31.57803349271836,0.6977318127565357,lithography,FILTER,3
P01,LITH-04,75,0.8051269286212164,3.5798715572553736,6.054532863105733,25.41466840478284,0.7811664984921778,lithography,FILTER,3
P01,LITH-05,75,0.7438626355214057,2.924959652606453,4.41869502122426,30.079924112502866,0.5638464874345847,lithography,FILTER,3
P02,LITH-01,75,0.7285280196890224,4.591795165664373,7.202501705634845,29.61859065969422,0.6909480121690152,lithography,FILTER,3
P02,LITH-02,75,0.6477575454467266,4.624163208757569,6.834502985806686,35.79112199849162,0.5424642063606239,lithography,FILTER,3
P02,LITH-03,75,0.748996050937123,3.228971038232328,4.655588898516099,29.220423207768626,0.6682581944763912,lithography,FILTER,3
P02,LITH-04,75,0.7177235961133006,3.94469282455792,6.325693144462742,30.059065980214157,0.5070435244644464,lithography,FILTER,3
P02,LITH-05,75,0.697678197831503,4.51604389888643,7.728798558057873,30.265990526986684,0.5898444708878349,lithography,FILTER,3
P03,LITH-01,75,0.6461606809951174,4.578569624565175,10.948252660496063,31.79986228808994,0.44188754808660136,lithography,FILTER,3
P03,LITH-02,75,0.7746872433697137,3.18794524229347,4.676586747363763,22.072338432729946,0.6800256663719089,lithography,FILTER,3
P03,LITH-03,75,0.7473484960442163,3.646674283790231,5.46625739621276,28.02698231741511,0.6587523267836579,lithography,FILTER,3
P03,LITH-04,75,0.7250889308832645,3.6498190493394707,6.706828298042848,27.62547652400236,0.613266358771277,lithography,FILTER,3
P03,LITH-05,75,0.720230708686632,3.5398915487511022,7.02693560970443,27.374132761966983,0.5078424233339625,lithography,FILTER,3
P01,LITH-01,75,0.7000895066830226,4.855812250137804,6.62902955729682,32.898440552595545,0.6914903004942083,lithography,FILTER,4
P01,LITH-02,75,0.7034604478834386,5.484889598696415,8.745208389088909,28.42010977148575,0.5983352626247187,lithography,FILTER,4
P01,LITH-03,75,0.7280319789271412,3.7316289937526523,6.153339300447122,29.555295921278805,0.7127114237038434,lithography,FILTER,4
P01,LITH-04,75,0.773060373821131,4.168942928973356,6.995418182485977,28.373824699384915,0.7078674895628563,lithography,FILTER,4
P01,LITH-05,75,0.7754481755285131,2.564268699474168,3.7262575674693887,27.898936613608775,0.689831948786755,lithography,FILTER,4
P02,LITH-01,75,0.7340848941906917,4.497803773095093,7.162858777068971,29.986281428627432,0.6943407246794658,lithography,FILTER,4
P02,LITH-02,75,0.6709576847240453,4.31959676851888,6.515970504028079,34.93865492357484,0.5841186745455562,lithography,FILTER,4
P02,LITH-03,75,0.7294459595608305,3.4804677938990305,5.242380188047699,30.934482294155636,0.5793625039738839,lithography,FILTER,4
P02,LITH-04,75,0.7062801707099366,4.104609833048409,6.247091202843349,30.532004383352213,0.5192181910082649,lithography,FILTER,4
P02,LITH-05,75,0.707060089209467,4.375898421406592,7.428223915406697,29.926515677433713,0.6211262055756894,lithography,FILTER,4
P03,LITH-01,75,0.6417592088031577,4.635523291947732,10.773768450932922,32.57036096876511,0.4595352618508536,lithography,FILTER,4
P03,LITH-02,75,0.7751001410097605,3.1821031626579113,4.797221790311422,21.701852771105795,0.6633049361155365,lithography,FILTER,4
P03,LITH-03,75,0.7435926889148996,3.7008841541409407,5.491405467631479,31.31826488622172,0.6556052150497822,lithography,FILTER,4
P03,LITH-04,75,0.7127456228934879,3.813693282478556,6.470542798709537,29.595392617096483,0.6400360537469949,lithography,FILTER,4
P03,LITH-05,75,0.7102232793627974,3.6665145041221625,7.192008919032127,29.48191489205027,0.484447779092521,lithography,FILTER,4
P01,LITH-01,75,0.7019427204007199,4.825807105026034,6.708241809085362,30.823483774290107,0.6840733008400113,lithography,TSFGA,0
P01,LITH-02,75,0.758805512376643,4.461209734033246,7.1431129749362965,20.614955474793486,0.7320224460524343,lithography,TSFGA,0
P01,LITH-03,75,0.7488127537029206,3.446499362114204,5.617644951763447,24.699505206194985,0.760555312728185,lithography,TSFGA,0
P01,LITH-04,75,0.7759655294173203,4.115574427031986,6.882378065238277,25.904247002422625,0.7172324432515298,lithography,TSFGA,0
P01,LITH-05,75,0.7498493581259005,2.8565942967547593,4.271201590171862,28.637616407014526,0.5924776252363361,lithography,TSFGA,0
P02,LITH-01,75,0.7492047389328785,4.242060141972504,6.777632486424587,26.00674506610324,0.7263340070588502,lithography,TSFGA,0
P02,LITH-02,75,0.7031719151198174,3.8966952781704487,6.051081638254097,27.85848544461088,0.641344723477166,lithography,TSFGA,0
P02,LITH-03,75,0.782631488043828,2.7962772392649295,4.312064072317886,23.1074035936507,0.7154088655638012,lithography,TSFGA,0
P02,LITH-04,75,0.758508188580212,3.374745471390847,5.806770921204592,24.505325030915024,0.5846045634725224,lithography,TSFGA,0
P02,LITH-05,75,0.7229716843503369,4.13821307538769,7.111484462979208,29.62897335591429,0.6527477044522585,lithography,TSFGA,0
P03,LITH-01,75,0.6679662427599173,4.296412505837745,10.309865932171128,28.30998383255278,0.5050764436315994,lithography,TSFGA,0
P03,LITH-02,75,0.8021654425426822,2.7991568060310814,4.4853460187293495,18.1190097853273,0.7056601541675437,lithography,TSFGA,0
P03,LITH-03,75,0.7968616833070299,2.9320200510911367,4.626485458707242,21.568588505122797,0.7555489281509258,lithography,TSFGA,0
P03,LITH-04,75,0.727197711518804,3.621822112878532,6.794246615005808,24.864295725917007,0.6031191086865235,lithography,TSFGA,0
P03,LITH-05,75,0.738828657982848,3.3045736436703925,6.667072368711846,23.719043059257444,0.5569603799273068,lithography,TSFGA,0
P01,LITH-01,75,0.6844352151944607,5.109268871600683,7.049399132930876,32.75424906554355,0.6511223780461869,lithography,TSFGA,1
P01,LITH-02,75,0.7610552535241282,4.4195978083001455,7.270689897911308,20.809119107494542,0.7223647377906735,lithography,TSFGA,1
P01,LITH-03,75,0.7429562131621479,3.526856002570769,6.023952420779929,25.863018378643186,0.7246660933801671,lithography,TSFGA,1
P01,LITH-04,75,0.7829880169381525,3.986569412849483,6.370102451445859,24.88824351522581,0.7577602764098446,lithography,TSFGA,1
P01,LITH-05,75,0.7640394058645896,2.694551100953493,4.4052693867241715,27.445735151200374,0.5664928533041232,lithography,TSFGA,1
P02,LITH-01,75,0.737443693828302,4.440991574942096,7.3435598063675025,28.078402582079438,0.6787241553708189,lithography,TSFGA,1
P02,LITH-02,75,0.7240904367656718,3.622081423633704,5.549309813211593,27.122517111426976,0.698359853128989,lithography,TSFGA,1
P02,LITH-03,75,0.7757076436640511,2.8853471246551656,4.323116593784607,24.137464148254892,0.7139480891378345,lithography,TSFGA,1
P02,LITH-04,75,0.7527840721332512,3.4547375669551768,5.631818452799125,24.317097344779366,0.6092584208146097,lithography,TSFGA,1
P02,LITH-05,75,0.6939327709549817,4.57199260014818,7.950567326111791,32.32006866681761,0.5659689160465523,lithography,TSFGA,1
P03,LITH-01,75,0.6798910537956389,4.142109197374505,9.798048203033895,29.791830766879528,0.5529961818570032,lithography,TSFGA,1
P03,LITH-02,75,0.7926970704623606,2.933124594527209,4.510553083483845,19.322563298694302,0.7023425542858635,lithography,TSFGA,1
P03,LITH-03,75,0.7818729085452307,3.1483622402868257,5.164663835566947,22.76572011394139,0.6953693055185607,lithography,TSFGA,1
P03,LITH-04,75,0.7378639579937145,3.4802131565925705,6.437077237265159,25.391521296399993,0.6437498824120451,lithography,TSFGA,1
P03,LITH-05,75,0.7296191790687008,3.421100216059909,6.753462828764857,25.813578857060694,0.5454043715075602,lithography,TSFGA,1
P01,LITH-01,75,0.6887328735509579,5.0396860375238175,7.140315067677127,31.23022012016256,0.6420654155702343,lithography,TSFGA,2
P01,LITH-02,75,0.7634171568661873,4.375911295045772,7.300099972477954,21.634638214671405,0.7201141155745757,lithography,TSFGA,2
P01,LITH-03,75,0.7394235225689271,3.575327475766835,5.544863995483254,27.585091398010302,0.7667195054508629,lithography,TSFGA,2
P01,LITH-04,75,0.7792182838404749,4.055820439681144,6.8364934596788105,25.067541164404194,0.7209902800900114,lithography,TSFGA,2
P01,LITH-05,75,0.7303319159977384,3.079473652381637,4.587051465809381,29.726206662116873,0.5299776115734867,lithography,TSFGA,2
P02,LITH-01,75,0.7724368604779931,3.849101932153638,6.434967721001075,23.459385251968342,0.7533065905541346,lithography,TSFGA,2
P02,LITH-02,75,0.6897570917813497,4.072802194676003,6.505321764311097,30.1377295432842,0.5854768738346848,lithography,TSFGA,2
P02,LITH-03,75,0.7786598474548975,2.8473693136478397,4.552467179611673,23.978735928715146,0.6827916556661446,lithography,TSFGA,2
P02,LITH-04,75,0.7526086201963564,3.4571894332358646,5.868723574419393,24.8085536446085,0.5756935412171884,lithography,TSFGA,2
P02,LITH-05,75,0.7119054887800498,4.303518470601053,7.293384375536613,29.4708917793076,0.6347562450651449,lithography,TSFGA,2
P03,LITH-01,75,0.6748001318590391,4.207984127852838,9.543582818877962,28.126808875096078,0.5759129776795939,lithography,TSFGA,2
P03,LITH-02,75,0.7886426450142473,2.9904905710961938,4.864974030171897,19.940322195745665,0.653727337191252,lithography,TSFGA,2
P03,LITH-03,75,0.7601482810770294,3.461927127385527,5.6559513240546835,22.877992040438688,0.6346569338501532,lithography,TSFGA,2
P03,LITH-04,75,0.7437276289941295,3.402364933946846,6.084540506760493,24.145568924310616,0.6817025572932551,lithography,TSFGA,2
P03,LITH-05,75,0.7227839750830742,3.507585336385742,7.080352585346872,24.839585608443954,0.5003314700373009,lithography,TSFGA,2
P01,LITH-01,75,0.6824573705368391,5.141291900242092,7.278198742037887,33.57517863932601,0.6281080884361894,lithography,TSFGA,3
P01,LITH-02,75,0.7258111042368303,5.071484770632978,8.120283288400024,24.6895886513807,0.653689434287835,lithography,TSFGA,3
P01,LITH-03,75,0.7199084679558301,3.8430903668656766,5.760269277044122,31.877484705857174,0.7482426243140026,lithography,TSFGA,3
P01,LITH-04,75,0.7685803675319449,4.251241868367651,7.105133807597165,25.676543890950697,0.6986320595001145,lithography,TSFGA,3
P01,LITH-05,75,0.7300096931029989,3.0831532754939377,4.529122172949684,30.727155940262303,0.5417743550368165,lithography,TSFGA,3
P02,LITH-01,75,0.7325250287870639,4.524188015075649,7.226817069136488,29.239611852217205,0.6888577950699296,lithography,TSFGA,3
P02,LITH-02,75,0.7155362749485616,3.7343786207634633,5.595841014973943,30.65375098453158,0.6932801138848053,lithography,TSFGA,3
P02,LITH-03,75,0.7524000572096182,3.185181138874629,4.859945364241704,27.262253126298468,0.6384954814673593,lithography,TSFGA,3
P02,LITH-04,75,0.7158272894426403,3.9711929046705956,6.078385713273837,28.87638534216508,0.5448350148398613,lithography,TSFGA,3
P02,LITH-05,75,0.7012604918221692,4.46253205553102,7.7581711982960515,32.32779191247502,0.586721024682676,lithography,TSFGA,3
P03,LITH-01,75,0.6492186654431851,4.539000266513922,10.188718503517508,31.83621634640017,0.516639433927694,lithography,TSFGA,3
P03,LITH-02,75,0.7919989916073196,2.943001696906838,4.602084193284165,20.912438424660515,0.6901394600231312,lithography,TSFGA,3
P03,LITH-03,75,0.7311270349921359,3.8808085910788925,5.824224530350911,26.895149169597904,0.6125945186506736,lithography,TSFGA,3
P03,LITH-04,75,0.6913825158306417,4.097317639117122,7.021481413887379,30.895620279616754,0.5761276601923132,lithography,TSFGA,3
P03,LITH-05,75,0.6953734738524409,3.854407538343095,7.2538766594391815,30.988205223975303,0.47553976997938896,lithography,TSFGA,3
P01,LITH-01,75,0.7028280495128598,4.811472855161729,6.679927826552997,30.806579403050822,0.6867345839527438,lithography,TSFGA,4
P01,LITH-02,75,0.7325984637799003,4.945943616022463,8.066543870119663,23.967385536873604,0.6582579810133924,lithography,TSFGA,4
P01,LITH-03,75,0.7558082663575374,3.350515070486262,5.690147740800714,26.39812129713493,0.7543347570437413,lithography,TSFGA,4
P01,LITH-04,75,0.7821224000928015,4.002471030770461,6.623666791705469,25.932807268972404,0.7380915674241675,lithography,TSFGA,4
P01,LITH-05,75,0.7791977836624278,2.521450063750671,3.763152221472608,26.330459208890687,0.6836594309267275,lithography,TSFGA,4
P02,LITH-01,75,0.7512510040827074,4.207448723100146,6.785157873307304,27.61117170026457,0.7257259523126769,lithography,TSFGA,4
P02,LITH-02,75,0.7049330210460103,3.8735758582216113,6.055456668162367,30.63740868114811,0.6408259088560154,lithography,TSFGA,4
P02,LITH-03,75,0.7433372339285589,3.3017673280896345,5.261730719646524,28.14608708230922,0.5762514814512809,lithography,TSFGA,4
P02,LITH-04,75,0.7408853029014666,3.621017812003682,5.6028410500703965,26.361259343349776,0.613269042572967,lithography,TSFGA,4
P02,LITH-05,75,0.731163449161794,4.015845554313988,6.75543965656026,28.102609671025764,0.686648460864232,lithography,TSFGA,4
P03,LITH-01,75,0.6698893847709816,4.271527652395378,9.806073316121271,29.735434298559717,0.5522636430509498,lithography,TSFGA,4
P03,LITH-02,75,0.7901928209606819,2.968557165695349,4.423548183786434,20.904589850501402,0.7137149440453593,lithography,TSFGA,4
P03,LITH-03,75,0.7769634669084724,3.2192232258112523,5.03689736595916,26.44502216873518,0.7102551362724121,lithography,TSFGA,4
P03,LITH-04,75,0.742493495307055,3.418749740331646,6.1785899288314035,25.992837630244836,0.6717865907036866,lithography,TSFGA,4
P03,LITH-05,75,0.7188245006460885,3.557684151846094,6.882136413035784,26.866016709614676,0.5279165442528528,lithography,TSFGA,4
P01,LITH-01,75,0.7049971007620004,4.776354025172604,6.966414355635872,29.767136523769793,0.6592879320291689,lithography,mRMR,0
P01,LITH-02,75,0.7897804328359102,3.8882877820209107,6.070133514408028,20.677368772015868,0.806482667934209,lithography,mRMR,0
P01,LITH-03,75,0.744206605010287,3.509699579342547,5.7208179653143825,23.81138863625317,0.7516793201422455,lithography,mRMR,0
P01,LITH-04,75,0.7790381436736791,4.059129663756431,6.691600806149003,25.000026826048305,0.7326916178295133,lithography,mRMR,0
P01,LITH-05,75,0.7899882256575619,2.3982286527167678,3.3195931990371936,22.309643500729457,0.7538379774016299,lithography,mRMR,0
P02,LITH-01,75,0.7262353068405311,4.630575108116995,7.107550044438999,28.490204733119256,0.6990428578390737,lithography,mRMR,0
P02,LITH-02,75,0.6707715932507115,4.322039737369824,7.021429670583198,32.020783813132134,0.5170943348573659,lithography,mRMR,0
P02,LITH-03,75,0.7284982183448052,3.4926597492435985,5.816534065681044,25.264544863993883,0.48217918001699733,lithography,mRMR,0
P02,LITH-04,75,0.7884309950890231,2.956586962565149,5.216370335379996,20.138329978560655,0.6647805822211497,lithography,mRMR,0
P02,LITH-05,75,0.747599616736776,3.7703242132606474,6.704628396496673,29.317820451799154,0.6913445011618102,lithography,mRMR,0
P03,LITH-01,75,0.6893669870014181,4.019493598682968,9.392564188633116,25.737624013491082,0.5892283781494754,lithography,mRMR,0
P03,LITH-02,75,0.799304668285599,2.839633838128776,4.2438808247516535,19.794169712458036,0.7364982441797463,lithography,mRMR,0
P03,LITH-03,75,0.7887129276264987,3.0496360451375577,4.6009687040523675,21.405194089953678,0.7582379657657562,lithography,mRMR,0
P03,LITH-04,75,0.7488265511583968,3.334669794183886,6.456413420032998,23.058406936247763,0.6416064054093658,lithography,mRMR,0
P03,LITH-05,75,0.7196452484635253,3.5472993156513795,7.084491896452282,25.678575819318766,0.49974706748123243,lithography,mRMR,0
P01,LITH-01,75,0.7045251104900332,4.783995959001647,7.103358046227522,29.88596656685732,0.6457610403640974,lithography,mRMR,1
P01,LITH-02,75,0.7939634118700165,3.8109180752415726,5.865507791690843,20.93908975044433,0.8193097940820133,lithography,mRMR,1
P01,LITH-03,75,0.7383100313916298,3.5906055071511846,5.859611886699803,24.920762028014263,0.7394840406698748,lithography,mRMR,1
P01,LITH-04,75,0.7809548271422698,4.0239196648329125,6.698784631093818,24.165390331855928,0.7321173673758958,lithography,mRMR,1
P01,LITH-05,75,0.7792198909989969,2.5211976091053954,3.725662546944761,22.699107178579045,0.689930998097193,lithography,mRMR,1
P02,LITH-01,75,0.7274399217045537,4.610199728297793,7.1015763069867,28.15095070345805,0.6995485407871042,lithography,mRMR,1
P02,LITH-02,75,0.6660720352216077,4.3837345247377,6.932509109175105,32.90817520402996,0.5292480823531225,lithography,mRMR,1
P02,LITH-03,75,0.7573835136287269,3.1210728389547575,4.978738081153229,22.868410559764083,0.6206068235592879,lithography,mRMR,1
P02,LITH-04,75,0.7869708012131278,2.9769925516452056,5.319823516284012,19.28393316595534,0.651352316223365,lithography,mRMR,1
P02,LITH-05,75,0.7521352708501471,3.702571199950901,6.714460807707076,28.283422270783948,0.6904385439896981,lithography,mRMR,1
P03,LITH-01,75,0.7214578506206564,3.604247905224348,8.763089094931892,23.50413067030563,0.6424419634699856,lithography,mRMR,1
P03,LITH-02,75,0.7886071324563226,2.990993037497877,4.353975451201525,21.61862290921208,0.7226494022788541,lithography,mRMR,1
P03,LITH-03,75,0.7921891608818961,2.9994614361665684,5.05764124245825,20.52704267231426,0.7078636607810452,lithography,mRMR,1
P03,LITH-04,75,0.7470904320484877,3.3577191410858758,6.156257931065437,23.14787209742585,0.6741549028859688,lithography,mRMR,1
P03,LITH-05,75,0.7021771425233381,3.7683214310525184,7.053995818345819,27.88740293854401,0.5040446000585321,lithography,mRMR,1
P01,LITH-01,75,0.6887948320700259,5.038682875105046,7.473273559731721,31.340511396478295,0.607905571024351,lithography,mRMR,2
P01,LITH-02,75,0.7863136988843545,3.952409592607787,5.985959267717988,21.571997592333624,0.8118124469269901,lithography,mRMR,2
P01,LITH-03,75,0.7288490563478928,3.720418007323479,6.12279451404445,24.921456445655142,0.7155565093011196,lithography,mRMR,2
P01,LITH-04,75,0.7831685528870804,3.9832529181483105,6.7973488795693955,24.635318069831627,0.7241762556082152,lithography,mRMR,2
P01,LITH-05,75,0.7876171755978487,2.4253048497920706,3.435724644258464,22.246041723772375,0.7363134248610237,lithography,mRMR,2
P02,LITH-01,75,0.7356223573872915,4.4717984517891995,6.86875553899842,26.645125189105052,0.7189258398249716,lithography,mRMR,2
P02,LITH-02,75,0.6823288701857986,4.170318290662243,6.976928887319249,31.20828793754563,0.523196106757928,lithography,mRMR,2
P02,LITH-03,75,0.7432853343883803,3.302434975402594,5.21709900853515,24.000123958511423,0.5834097382927205,lithography,mRMR,2
P02,LITH-04,75,0.7873963850547778,2.971045198259343,5.304878650962396,20.323125013041064,0.6533084614979321,lithography,mRMR,2
P02,LITH-05,75,0.7531755368461036,3.687031841325219,6.718668411411519,28.325271279572593,0.690050450269398,lithography,mRMR,2
P03,LITH-01,75,0.7068749039805378,3.7929466533196106,8.961352394343455,24.555228096386557,0.6260795645121628,lithography,mRMR,2
P03,LITH-02,75,0.7920514012053126,2.9422601546565397,4.394490203000004,20.845041254574824,0.7174637639001569,lithography,mRMR,2
P03,LITH-03,75,0.7792801603974828,3.1857849662421462,4.828383292758952,22.106668076208287,0.733747913474253,lithography,mRMR,2
P03,LITH-04,75,0.7629241969985463,3.147504335537438,6.1288390571503175,21.89057554032716,0.6770509510477586,lithography,mRMR,2
P03,LITH-05,75,0.7276480437679868,3.4460407846251244,6.9676862059638855,23.98728386324813,0.5161069384508633,lithography,mRMR,2
P01,LITH-01,75,0.6819556796765974,5.149414712478504,7.6260883194629425,31.761864529170214,0.5917063993276546,lithography,mRMR,3
P01,LITH-02,75,0.7922400483724286,3.842793953029969,6.059886890799691,20.862073149443557,0.8071354462142173,lithography,mRMR,3
P01,LITH-03,75,0.744042504310241,3.511951178364268,5.655274922241466,24.475837999649553,0.7573367133089122,lithography,mRMR,3
P01,LITH-04,75,0.7897521965066004,3.8623095863176413,6.318875701397242,23.750067090842812,0.7616406718135341,lithography,mRMR,3
P01,LITH-05,75,0.7812248343212281,2.498302166516506,3.639353514393759,22.68708279605076,0.7041307666648431,lithography,mRMR,3
P02,LITH-01,75,0.7299615308928153,4.567548133584075,6.994713747954305,27.52045550827279,0.7085227295293643,lithography,mRMR,3
P02,LITH-02,75,0.663258688338217,4.420667537733385,7.082647627596987,33.43120641869148,0.5086369769176318,lithography,mRMR,3
P02,LITH-03,75,0.7252921059451003,3.5339038974835586,5.725675726067504,25.40836288679669,0.49823027689639354,lithography,mRMR,3
P02,LITH-04,75,0.7686162769167869,3.233489231116193,5.3981973431944725,21.461901284035594,0.6410038023593431,lithography,mRMR,3
P02,LITH-05,75,0.7530400522777194,3.6890556922484947,6.652410569786321,27.38039119825752,0.6961335975708494,lithography,mRMR,3
P03,LITH-01,75,0.6909597707468265,3.9988834774117157,9.343395316604683,26.067744311932618,0.5935177951996713,lithography,mRMR,3
P03,LITH-02,75,0.8019448973734986,2.8022772947833587,4.10553293356297,19.673953720529074,0.7533982043446615,lithography,mRMR,3
P03,LITH-03,75,0.7795163888892279,3.1823753353772677,4.863172502632854,22.472426399791022,0.7298973205494826,lithography,mRMR,3
P03,LITH-04,75,0.7643867459734257,3.1280870049575626,5.721346500674129,21.50974637202068,0.7185676110000292,lithography,mRMR,3
P03,LITH-05,75,0.7268921810302985,3.455604636699802,6.924438945750465,24.863474059713848,0.5220951828087987,lithography,mRMR,3
P01,LITH-01,75,0.7095770047659106,4.70220138809519,6.963175444441621,29.28110194163206,0.6596046744851405,lithography,mRMR,4
P01,LITH-02,75,0.7912752681932362,3.860638833188822,5.733969595003632,21.264164724628362,0.8273231362414017,lithography,mRMR,4
P01,LITH-03,75,0.7411384099930699,3.551797784269617,5.660131444274021,24.84660943790026,0.7569197554638976,lithography,mRMR,4
P01,LITH-04,75,0.7705779427322497,4.214545866234294,7.011982174623841,25.342171202319253,0.7064824088389292,lithography,mRMR,4
P01,LITH-05,75,0.7909847145442646,2.3868492516918156,3.3192980423098657,21.99558191017971,0.7538817497210434,lithography,mRMR,4
P02,LITH-01,75,0.7123147048651208,4.866034225410074,7.400036165297438,29.692757458928316,0.6737635473341672,lithography,mRMR,4
P02,LITH-02,75,0.6754151530215668,4.261080083096213,6.870341535123476,32.19275100822579,0.5376532021746601,lithography,mRMR,4
P02,LITH-03,75,0.7149621212745323,3.66679113472098,5.939617558781259,25.6198322214089,0.4600321268678944,lithography,mRMR,4
P02,LITH-04,75,0.7812699110038888,3.0566600704045994,5.367315137223182,20.45384287953221,0.6450995704525478,lithography,mRMR,4
P02,LITH-05,75,0.761037906676721,3.569584779784619,6.794831893189928,27.599511524576485,0.6829833827689686,lithography,mRMR,4
P03,LITH-01,75,0.6935658085148219,3.9651621674154995,9.26127948427664,25.820212677645888,0.6006312581157276,lithography,mRMR,4
P03,LITH-02,75,0.7946900204420272,2.904926389060164,4.420130287349779,20.268407610043727,0.7141571748569872,lithography,mRMR,4
P03,LITH-03,75,0.774822530066248,3.2501246817832894,4.9483778198953505,22.835944320772146,0.7203497280106913,lithography,mRMR,4
P03,LITH-04,75,0.7453424251877573,3.3809263140788297,6.245418381574566,22.99266933639862,0.6646481934088933,lithography,mRMR,4
P03,LITH-05,75,0.7133249040212492,3.6272699720853954,7.052263334484279,26.53824874318279,0.5042881865967644,lithography,mRMR,4
P01,LITH-01,75,0.696114151147421,4.920176720666765,6.880274828682373,31.532229640024617,0.6676616308809649,lithography,MI,0
P01,LITH-02,75,0.7414564983564441,4.7821025993115445,7.432630027960604,23.647864690740562,0.7098594620745058,lithography,MI,0
P01,LITH-03,75,0.7638546764241412,3.2401115863497267,5.4948239989664796,24.59091440696361,0.7709110173279783,lithography,MI,0
P01,LITH-04,75,0.7942419608439136,3.77983138891352,6.3322677203341415,24.29569774671473,0.760629259208654,lithography,MI,0
P01,LITH-05,75,0.7915998420103876,2.3798248059484846,3.4316186980180894,24.040439632295655,0.7369432983640585,lithography,MI,0
P02,LITH-01,75,0.7608456396692129,4.045160883110328,6.652696742928651,24.98644423363377,0.7363302813971261,lithography,MI,0
P02,LITH-02,75,0.7051091930926782,3.8712631094711916,5.989003568474898,29.369802963916865,0.6486658677480369,lithography,MI,0
P02,LITH-03,75,0.7393236391109024,3.3533991110707304,5.500246698395392,26.156888285771274,0.5369634280569691,lithography,MI,0
P02,LITH-04,75,0.780607010923609,3.0659238174060244,4.973065074798441,23.550205604395906,0.6953223347758675,lithography,MI,0
P02,LITH-05,75,0.7358340133729101,3.946077271448922,6.798948187194272,28.10470831523987,0.6825991705075805,lithography,MI,0
P03,LITH-01,75,0.6942122577707013,3.956797317135106,8.65741153036459,27.811537970574935,0.6510138323028021,lithography,MI,0
P03,LITH-02,75,0.7986585086278971,2.8487763369261816,4.454503505210086,19.78662955122388,0.7096941656180968,lithography,MI,0
P03,LITH-03,75,0.7782222277712684,3.2010547574034685,5.045431253284845,24.064945853832082,0.7092724898079247,lithography,MI,0
P03,LITH-04,75,0.7362516062516615,3.501619323035007,6.78775195586029,24.97230747383978,0.6038775074560232,lithography,MI,0
P03,LITH-05,75,0.7386328691796391,3.3070509388966323,6.783344775413659,23.70719046220471,0.5413725864598964,lithography,MI,0
P01,LITH-01,75,0.675817475240668,5.248797591564144,7.3274263200112975,33.505729982295485,0.6230603420285579,lithography,MI,1
P01,LITH-02,75,0.7443893372447214,4.727855881131293,7.182577593749376,23.481760192892338,0.7290531954083821,lithography,MI,1
P01,LITH-03,75,0.7638843612064168,3.239704286279022,5.772681446084124,23.5191562003215,0.7471564869629657,lithography,MI,1
P01,LITH-04,75,0.809177713383,3.505457534575525,5.80485364426172,22.892114320294375,0.798843033921427,lithography,MI,1
P01,LITH-05,75,0.8090279809399508,2.1808042401955627,3.206640549550177,22.88555241935727,0.770304821224833,lithography,MI,1
P02,LITH-01,75,0.7527778379291812,4.181623191246068,6.840498699466177,25.372990237031928,0.7212336613385988,lithography,MI,1
P02,LITH-02,75,0.6977227490432834,3.9682307588139594,5.973557005483871,30.16214166260262,0.6504758203823688,lithography,MI,1
P02,LITH-03,75,0.7462828255270741,3.263874577805918,5.2055636593955725,26.13029038015479,0.5852499186132991,lithography,MI,1
P02,LITH-04,75,0.7866956967300301,2.98083701992359,4.700557458168392,22.151334339111305,0.7277981541281937,lithography,MI,1
P02,LITH-05,75,0.7447615296605063,3.812719190180481,6.509143802644984,26.15152265348703,0.7090808387353172,lithography,MI,1
P03,LITH-01,75,0.6998047511656007,3.8844322095617607,8.761234199409763,25.684692311302875,0.6425933170851235,lithography,MI,1
P03,LITH-02,75,0.794023090892598,2.9143627605991993,4.159226197940065,20.8299358395181,0.7469057760238879,lithography,MI,1
P03,LITH-03,75,0.7730361321174954,3.2759088602201287,4.937448755287115,24.62369174434049,0.7215836438060781,lithography,MI,1
P03,LITH-04,75,0.7479125755905116,3.3468040652738638,6.284897553982831,24.443649038107335,0.6603950733983481,lithography,MI,1
P03,LITH-05,75,0.7136471224913447,3.6231929755223056,6.999540193487658,26.25250971456253,0.5116724226581271,lithography,MI,1
P01,LITH-01,75,0.6797145409994081,5.185700700749853,7.250616059527501,33.42441822234477,0.6309215151074434,lithography,MI,2
P01,LITH-02,75,0.7561057995069669,4.51114447944128,7.023248556360201,23.002370184778428,0.7409405388030899,lithography,MI,2
P01,LITH-03,75,0.7785657066239068,3.038263933067323,5.254154536734118,22.32698417398383,0.7905394134568449,lithography,MI,2
P01,LITH-04,75,0.7874645058858398,3.9043350879793994,6.4094407000328175,25.97177058699676,0.75475915975507,lithography,MI,2
P01,LITH-05,75,0.7896743036205761,2.401813484215743,3.604298545386535,24.766813234885106,0.7098030574714871,lithography,MI,2
P02,LITH-01,75,0.7628274081270084,4.011640389343171,6.805078120086584,24.11844738406488,0.7241131300324415,lithography,MI,2
P02,LITH-02,75,0.6818345463965427,4.176807667084485,6.52545933637312,31.353824116398556,0.5829065445942108,lithography,MI,2
P02,LITH-03,75,0.7656836347841298,3.0142982207677678,4.722665529996677,25.22575785926656,0.6586300142378414,lithography,MI,2
P02,LITH-04,75,0.7710620175731331,3.199311044470134,5.054208226334347,23.93153419787717,0.6852986579068082,lithography,MI,2
P02,LITH-05,75,0.734738815530003,3.9624371948850037,6.735563792759894,27.310270573194874,0.6884896349756631,lithography,MI,2
P03,LITH-01,75,0.6970227502113164,3.920430427907363,8.937173023420499,26.779302399036435,0.6280946540106136,lithography,MI,2
P03,LITH-02,75,0.7977842379808119,2.8611463730996127,4.697634203804477,19.459591251955864,0.6771390308,lithography,MI,2
P03,LITH-03,75,0.7841522467492587,3.115463152481893,5.007698472897697,22.735793435385258,0.713604701174931,lithography,MI,2
P03,LITH-04,75,0.7508647328199127,3.3076101553046082,6.245331072259379,23.82813316353066,0.664657569604412,lithography,MI,2
P03,LITH-05,75,0.7250850119817814,3.4784705574446373,7.02801722995802,25.03864237682589,0.5076909010768418,lithography,MI,2
P01,LITH-01,75,0.6899954410194908,5.019243969917173,7.1092993864328475,32.7924897398703,0.645168212482014,lithography,MI,3
P01,LITH-02,75,0.7390458990281726,4.826689808970051,7.265151767071691,24.139109440928877,0.7227875298054585,lithography,MI,3
P01,LITH-03,75,0.7635807669690184,3.2438698534443917,5.630524091055848,23.40888320380909,0.759456141616834,lithography,MI,3
P01,LITH-04,75,0.8047251570353235,3.587252211045427,6.086958494940607,24.166699099440827,0.7788162541804107,lithography,MI,3
P01,LITH-05,75,0.7835122879458021,2.472180598612084,3.76312829308377,25.040485855967944,0.6836634538817561,lithography,MI,3
P02,LITH-01,75,0.7694626933898471,3.899408288049311,6.542495865942953,23.512260366400202,0.7449932269803319,lithography,MI,3
P02,LITH-02,75,0.7015145628559862,3.9184526423475723,6.10563875191563,29.764567715042794,0.6348482298939357,lithography,MI,3
P02,LITH-03,75,0.743887998361767,3.2946821710219583,5.286352928858766,25.6902166722283,0.5722763495988687,lithography,MI,3
P02,LITH-04,75,0.7782470806102577,3.0989028409636217,5.140712248507879,22.546176016718398,0.6744340895129157,lithography,MI,3
P02,LITH-05,75,0.7258626519907325,4.0950281754544395,7.148557546125448,28.010118885157574,0.6491177255205312,lithography,MI,3
P03,LITH-01,75,0.6903980189904281,4.006152368657677,9.068849201905396,27.782141867073744,0.61705495875481,lithography,MI,3
P03,LITH-02,75,0.7934268848428578,2.9227984668952915,4.66573489099803,20.0787090542415,0.6815089220039012,lithography,MI,3
P03,LITH-03,75,0.7833180020895377,3.1275043178791364,4.993505027239048,23.28681163626878,0.7152258752362033,lithography,MI,3
P03,LITH-04,75,0.7568540812108228,3.2280933940461094,6.049188211179797,22.809717331343293,0.6853905451008511,lithography,MI,3
P03,LITH-05,75,0.7291703390648063,3.4267793416318,6.912925062194369,25.290759928222556,0.5236831715761838,lithography,MI,3
P01,LITH-01,75,0.6963340465019878,4.916616423243877,6.740899026693213,31.285440521107905,0.680989810207383,lithography,MI,4
P01,LITH-02,75,0.7397401633868563,4.813848475217066,7.44607214664544,23.928220177274547,0.7088090585822278,lithography,MI,4
P01,LITH-03,75,0.7758329072848806,3.0757602284309824,5.40266567534955,22.708345450843375,0.778531064560003,lithography,MI,4
P01,LITH-04,75,0.809420873050263,3.5009906250607954,5.809711091758944,23.45960335658347,0.7985062405139239,lithography,MI,4
P01,LITH-05,75,0.7971197106197256,2.3167906875063395,3.3635141175792715,23.45324164188525,0.7472810380220586,lithography,MI,4
P02,LITH-01,75,0.7595416333430511,4.0672174133555705,6.434576929490449,25.929395211134242,0.7533365527130731,lithography,MI,4
P02,LITH-02,75,0.6925793988906439,4.035751553761169,6.154846150392072,31.460819217045167,0.6289387501000725,lithography,MI,4
P02,LITH-03,75,0.7083788028358688,3.751480418109825,5.844523025268599,30.05685361424587,0.47718371832590556,lithography,MI,4
P02,LITH-04,75,0.7737369250393853,3.1619303490127932,4.958048141138742,23.550967841291552,0.6971595986243855,lithography,MI,4
P02,LITH-05,75,0.7481803325959282,3.761649555019328,6.435148100880924,25.18423222141186,0.7156575592386675,lithography,MI,4
P03,LITH-01,75,0.6910498805995527,3.9977174842266527,9.137207381036896,27.3980521800731,0.6112601585967053,lithography,MI,4
P03,LITH-02,75,0.7942677540999634,2.910901026254683,4.35788333506295,20.282418851033277,0.7221513102063779,lithography,MI,4
P03,LITH-03,75,0.7731036216076783,3.274934742969994,5.457707271048642,25.27179115727158,0.6598190268006363,lithography,MI,4
P03,LITH-04,75,0.7446283172647663,3.3904070698337394,5.964151118142485,23.936924851625843,0.694173683495589,lithography,MI,4
P03,LITH-05,75,0.7222661860682766,3.5141368665730384,6.870045815559047,26.01668708699274,0.5295738079179579,lithography,MI,4
P01,LITH-01,75,0.7083478588551311,4.7221023315558845,7.065598291622391,28.94975525648712,0.6495171299075092,lithography,DDA,0
P01,LITH-02,75,0.750336924780783,4.6178474158825935,6.751374000691524,24.35636235690157,0.7606090574886333,lithography,DDA,0
P01,LITH-03,75,0.7562596188247763,3.3443221366754905,5.833190710867093,23.0654824040163,0.7418280934698828,lithography,DDA,0
P01,LITH-04,75,0.7790436088463399,4.059029267041657,6.853320797004229,25.77914019970161,0.719615081291356,lithography,DDA,0
P01,LITH-05,75,0.7913276709326542,2.3829328625281923,3.3451467792051823,23.11796198041726,0.7500335764215057,lithography,DDA,0
P02,LITH-01,75,0.7737919257391721,3.8261817688708053,6.255300120809863,23.044924356192123,0.7668898925738856,lithography,DDA,0
P02,LITH-02,75,0.6754068687976782,4.261188836606255,6.634298595520043,31.283406919079088,0.5688769643426157,lithography,DDA,0
P02,LITH-03,75,0.720462026423921,3.59603912262434,5.945453702424205,26.374445940974134,0.45897048333465673,lithography,DDA,0
P02,LITH-04,75,0.7982130415119055,2.819887019521648,4.870149362645776,20.591708423208868,0.707802230727584,lithography,DDA,0
P02,LITH-05,75,0.7797964705833322,3.289371783319655,5.319164093308212,25.6825001850242,0.8057274812561583,lithography,DDA,0
P03,LITH-01,75,0.6853067468123356,4.072031831150895,8.690242830233535,28.07834134301348,0.6483619091943775,lithography,DDA,0
P03,LITH-02,75,0.8215509743348103,2.524871342703096,3.546916223649745,19.093961629238112,0.8159401704013747,lithography,DDA,0
P03,LITH-03,75,0.7707333517418054,3.3091463032820756,5.563850099464466,24.615022518939355,0.6464585128543835,lithography,DDA,0
P03,LITH-04,75,0.7884174842750886,2.8090462085833083,5.500645959295663,20.753037898169097,0.7398613019746405,lithography,DDA,0
P03,LITH-05,75,0.7330375945727029,3.3778473626251033,6.819657695736087,24.048550148290072,0.5364491517721088,lithography,DDA,0
P01,LITH-01,75,0.7111577858841827,4.676607164185259,6.664826439396115,29.599738633616223,0.68814938813398,lithography,DDA,1
P01,LITH-02,75,0.7538643886381207,4.552602325698859,7.093327999174842,22.313173567493777,0.7357448466786489,lithography,DDA,1
P01,LITH-03,75,0.7724730913426836,3.121859716650651,5.734137860586211,21.731735760219927,0.750521633933146,lithography,DDA,1
P01,LITH-04,75,0.7998323067910285,3.6771352066770606,5.897356820411242,23.4923565752635,0.7923808832886311,lithography,DDA,1
P01,LITH-05,75,0.8215450689435091,2.037865401681855,2.9943770873856708,21.185934451131534,0.799707678072431,lithography,DDA,1
P02,LITH-01,75,0.7682354327430891,3.9201667084886433,6.546782471853327,22.63894790972711,0.7446589595497701,lithography,DDA,1
P02,LITH-02,75,0.706720497294804,3.850110254347478,5.897071904305727,28.599258093658374,0.6593690964531841,lithography,DDA,1
P02,LITH-03,75,0.7426109257804456,3.311110718836457,5.165897363576744,27.079160555577076,0.5915466119416611,lithography,DDA,1
P02,LITH-04,75,0.7912936226776361,2.91658295814714,4.766059671629113,20.624437667901184,0.7201590378049383,lithography,DDA,1
P02,LITH-05,75,0.7534934849330044,3.682282374010221,6.506304777607351,25.428400162722042,0.7093345577158405,lithography,DDA,1
P03,LITH-01,75,0.6954708537233079,3.9405114809131403,9.178374187875521,26.26880633545853,0.6077494079525977,lithography,DDA,1
P03,LITH-02,75,0.7927090829876767,2.9329546295704865,4.0947455471177125,21.324803136193044,0.7546924061234468,lithography,DDA,1
P03,LITH-03,75,0.7881915852055452,3.057160900401719,4.8017180048397154,22.625609506062986,0.7366806069677646,lithography,DDA,1
P03,LITH-04,75,0.7560036813546738,3.2393836109315193,6.346532029396405,23.222067818038955,0.6537015654212299,lithography,DDA,1
P03,LITH-05,75,0.7389569766378932,3.3029500411641655,6.597667523155809,23.456572834256004,0.5661365352869798,lithography,DDA,1
P01,LITH-01,75,0.6893957006464271,5.0289542892134955,7.337974882108768,32.246261813746344,0.6219742762632334,lithography,DDA,2
P01,LITH-02,75,0.7747752710097225,4.165828013803761,6.372559985222221,21.87987058276204,0.7867194533787345,lithography,DDA,2
P01,LITH-03,75,0.773902428899667,3.1022480084488637,5.441218544384089,20.307230625214757,0.7753590278422485,lithography,DDA,2
P01,LITH-04,75,0.7707922916981362,4.210608217174446,7.092244817710806,26.953988983954442,0.6997244541771758,lithography,DDA,2
P01,LITH-05,75,0.7698303219425459,2.6284217569816284,3.835860292289997,24.192797231397083,0.6713172729619785,lithography,DDA,2
P02,LITH-01,75,0.7620562509610016,4.024684077103438,6.764539632325121,23.74998515343927,0.7273903074956407,lithography,DDA,2
P02,LITH-02,75,0.6869690992128307,4.109402361677409,6.748326783822572,30.38593133899095,0.5539295957128924,lithography,DDA,2
P02,LITH-03,75,0.7522321999623018,3.187340492112558,4.705381137718013,25.428799071209085,0.6611241885038741,lithography,DDA,2
P02,LITH-04,75,0.7907308351971151,2.92444767409787,4.65633958732754,22.019440417935925,0.7328952407263671,lithography,DDA,2
P02,LITH-05,75,0.7731662499267437,3.388413160189225,5.356668179865947,25.577897903767315,0.802978290160258,lithography,DDA,2
P03,LITH-01,75,0.6899944461246535,4.011374474752982,9.135699935604379,26.20015216219351,0.6113884156745633,lithography,DDA,2
P03,LITH-02,75,0.8066037607098694,2.736359139815997,3.9731980791676293,19.49802388609611,0.7690395655812459,lithography,DDA,2
P03,LITH-03,75,0.7634827802856072,3.413798252936525,5.329507979473995,24.99019781358132,0.675612749661469,lithography,DDA,2
P03,LITH-04,75,0.7850525428211583,2.8537203916124825,5.674202313831364,20.118208094389317,0.7231865366456628,lithography,DDA,2
P03,LITH-05,75,0.7354428321962478,3.347414142823333,7.066194549652436,22.94872582969766,0.5023277694605651,lithography,DDA,2
P01,LITH-01,75,0.6781732678862455,5.210655255626971,7.884951758107568,32.134327284801444,0.563517342331807,lithography,DDA,3
P01,LITH-02,75,0.7727344889617438,4.203574965764372,6.272084837714663,22.279638945342054,0.7933919546943915,lithography,DDA,3
P01,LITH-03,75,0.7807590888381156,3.008168892361304,5.25087330607229,19.542440588490695,0.7908009489284962,lithography,DDA,3
P01,LITH-04,75,0.7753351845796345,4.127154033899824,6.7419158896398335,27.033984547961985,0.7286566465769031,lithography,DDA,3
P01,LITH-05,75,0.7714836755276238,2.6095412920495034,3.7249781857900044,24.228946776989392,0.6900448998197748,lithography,DDA,3
P02,LITH-01,75,0.7527832323228255,4.181531948125398,6.986359172162913,24.74702150550333,0.7092186020802085,lithography,DDA,3
P02,LITH-02,75,0.6867035181308826,4.112888853019413,6.706286017465322,29.14880194818268,0.5594701476238111,lithography,DDA,3
P02,LITH-03,75,0.7422256196911201,3.3160673826974505,5.243905309634114,25.185410390803476,0.5791177233136788,lithography,DDA,3
P02,LITH-04,75,0.7721979931425814,3.183436268484696,4.900123751305138,22.61543115480445,0.7041943732537237,lithography,DDA,3
P02,LITH-05,75,0.7680398143978155,3.464991189717334,5.984864586012474,25.88692137280396,0.7540576880552828,lithography,DDA,3
P03,LITH-01,75,0.6773651075395049,4.174794148369053,9.224438020137427,26.44664939645284,0.603802324126788,lithography,DDA,3
P03,LITH-02,75,0.7957458582616445,2.8899873629525326,4.304273248936913,19.868919269040656,0.7289453750747817,lithography,DDA,3
P03,LITH-03,75,0.7782698289956131,3.2003676997055046,5.161907830703694,24.00724810197818,0.6956943371935052,lithography,DDA,3
P03,LITH-04,75,0.7938976026907938,2.736290169146484,5.1291020293770035,20.07682865884836,0.7738168477038684,lithography,DDA,3
P03,LITH-05,75,0.743089666012355,3.250659555237014,6.819113805853764,22.315143431404127,0.5365230881993672,lithography,DDA,3
P01,LITH-01,75,0.7174719025401604,4.574376112954615,6.87445581647674,27.902370997003157,0.668223545421218,lithography,DDA,4
P01,LITH-02,75,0.7918796417698973,3.8494601478475414,5.683925212227796,20.656311605107955,0.8303241276735982,lithography,DDA,4
P01,LITH-03,75,0.7703984444169025,3.150325609771117,5.485542979191275,21.34066335114659,0.7716842481974939,lithography,DDA,4
P01,LITH-04,75,0.7835059202832385,3.9770553869178182,6.6315457995702465,25.711366422049547,0.737468104317476,lithography,DDA,4
P01,LITH-05,75,0.7921659108631179,2.373360584852886,3.7670823938036597,21.555893692220433,0.6829983244366679,lithography,DDA,4
P02,LITH-01,75,0.7426068153281495,4.353660291928724,7.090089749066807,28.23713029647015,0.7005196947613721,lithography,DDA,4
P02,LITH-02,75,0.7010673274537645,3.9243238525491644,6.334151875519842,28.970201922816308,0.6070039867356158,lithography,DDA,4
P02,LITH-03,75,0.7376940725997428,3.3743622197750045,5.532602674827643,26.446834655164885,0.5314996486675972,lithography,DDA,4
P02,LITH-04,75,0.7777153131736017,3.1063340649796136,4.935527825321407,21.886163239374255,0.6999044580269627,lithography,DDA,4
P02,LITH-05,75,0.7994262159419456,2.9961451912326824,4.93292196368317,22.366469672023214,0.8329166844483837,lithography,DDA,4
P03,LITH-01,75,0.6957017447257073,3.9375238238795904,8.919536394717092,25.97203994732396,0.6295610426681749,lithography,DDA,4
P03,LITH-02,75,0.8130738882891034,2.644813446879061,3.6912686908608676,19.88622879987057,0.8006535655677195,lithography,DDA,4
P03,LITH-03,75,0.7605158179514205,3.4566222420110018,5.547205704488157,27.17839411757573,0.6485706051134101,lithography,DDA,4
P03,LITH-04,75,0.7755110311450762,2.9803969608272043,5.9914104245298985,20.638307229234385,0.6913717207517576,lithography,DDA,4
P03,LITH-05,75,0.7281464014998444,3.439735116426245,7.079012412622241,24.091427654454606,0.5005206071606405,lithography,DDA,4
P01,LITH-01,75,0.7177949187600201,4.569146198855777,6.46510419557525,29.358822391627115,0.7065595573442853,lithography,PFI-SBS,0
P01,LITH-02,75,0.7652951175666474,4.341175938365035,6.917999633439066,21.595987799647297,0.7486467818072207,lithography,PFI-SBS,0
P01,LITH-03,75,0.7422159676164183,3.5370127913360223,5.908583489526033,24.12703355525949,0.7351113292229823,lithography,PFI-SBS,0
P01,LITH-04,75,0.7866399608187304,3.9194822061139645,6.678663606334895,23.170799296052426,0.7337242194676599,lithography,PFI-SBS,0
P01,LITH-05,75,0.7768001624605634,2.5488296898819973,3.7359703427651683,24.241242968588082,0.6882128879423455,lithography,PFI-SBS,0
P02,LITH-01,75,0.7576221370065801,4.0996846093741866,6.642057873391088,24.1980133653586,0.7371729185637825,lithography,PFI-SBS,0
P02,LITH-02,75,0.7145080244351878,3.7478772724219063,6.070020033796404,27.47029203836991,0.6390962049157229,lithography,PFI-SBS,0
P02,LITH-03,75,0.7580438500216365,3.112578123647861,5.298058724726781,22.85622537326219,0.57037999903636,lithography,PFI-SBS,0
P02,LITH-04,75,0.7804115610166085,3.0686551468231826,5.429609676739264,21.097151447989717,0.6368136188664402,lithography,PFI-SBS,0
P02,LITH-05,75,0.7450759419144287,3.8080225406802577,6.644117573665293,27.0480131041145,0.6968907342984201,lithography,PFI-SBS,0
P03,LITH-01,75,0.6937176649349068,3.9631971930473266,9.372555279969149,25.554041759654616,0.5909766413848939,lithography,PFI-SBS,0
P03,LITH-02,75,0.8003420376717664,2.824956121480181,4.269018298345848,19.71527855315338,0.7333674373788507,lithography,PFI-SBS,0
P03,LITH-03,75,0.797006093546037,2.9299356894441333,4.766540208030497,19.057795389800052,0.7405246750050118,lithography,PFI-SBS,0
P03,LITH-04,75,0.7223315699007167,3.686426773693179,6.9821211208398,24.910951057644528,0.58086653979327,lithography,PFI-SBS,0
P03,LITH-05,75,0.733663289917476,3.3699305049433415,6.831382877442862,23.514761159330646,0.5348537959313697,lithography,PFI-SBS,0
P01,LITH-01,75,0.702956975199128,4.809385435946034,6.928650472884202,29.387596342200297,0.6629718175843575,lithography,PFI-SBS,1
P01,LITH-02,75,0.7655875106597055,4.335767742988066,6.92159444411877,21.140468442117715,0.7483854918268694,lithography,PFI-SBS,1
P01,LITH-03,75,0.7480538309829894,3.456912417349672,5.831897377180233,23.80074590433341,0.7419425644083043,lithography,PFI-SBS,1
P01,LITH-04,75,0.7995729602501757,3.681899473481615,6.018564864042445,21.948589267844056,0.7837588119958635,lithography,PFI-SBS,1
P01,LITH-05,75,0.7909102616558401,2.38769946616601,3.680373877147868,22.84878142500576,0.697423497687962,lithography,PFI-SBS,1
P02,LITH-01,75,0.7712137306353866,3.8697904823746483,6.531529396192633,22.550695105058878,0.7458473903962806,lithography,PFI-SBS,1
P02,LITH-02,75,0.7075368115638383,3.839393856136934,5.9499011331557945,28.700168807123937,0.6532386391592964,lithography,PFI-SBS,1
P02,LITH-03,75,0.7736862880595439,2.9113502960366944,4.753412272640225,22.526782229499666,0.6541705910606621,lithography,PFI-SBS,1
P02,LITH-04,75,0.7775151464384357,3.1091313100665303,5.5076637239872905,20.5007261403776,0.6262964988524005,lithography,PFI-SBS,1
P02,LITH-05,75,0.7402714699635422,3.8797911200071264,6.630927025335527,27.225392084646003,0.698093063603656,lithography,PFI-SBS,1
P03,LITH-01,75,0.7303027207718944,3.4897980642016697,8.530315237535152,23.110141932514306,0.6611852950675219,lithography,PFI-SBS,1
P03,LITH-02,75,0.7987557326320047,2.8474007166285693,4.049231117937529,20.56543517616857,0.7601154457150086,lithography,PFI-SBS,1
P03,LITH-03,75,0.7850703156767707,3.1022120999597966,5.114045976702671,20.23550602471004,0.7013112955474605,lithography,PFI-SBS,1
P03,LITH-04,75,0.7193614720377032,3.725858870020395,6.666114635236455,25.313034864516638,0.6179474245380416,lithography,PFI-SBS,1
P03,LITH-05,75,0.7199979960366307,3.5428360375445633,6.8155187671746145,25.596332488184725,0.537011649691989,lithography,PFI-SBS,1
P01,LITH-01,75,0.7089261362681849,4.712739516286472,6.763639035828082,28.95595274442282,0.6788338572521252,lithography,PFI-SBS,2
P01,LITH-02,75,0.7689230127435164,4.274073238645074,6.558498311155596,22.199705894558157,0.7740916919920504,lithography,PFI-SBS,2
P01,LITH-03,75,0.7500684814858155,3.4292697253928486,5.759588070501618,23.20954885764664,0.7483021661939091,lithography,PFI-SBS,2
P01,LITH-04,75,0.7865778853960232,3.920622548587051,6.467428863235461,23.887922711360197,0.7503015486482865,lithography,PFI-SBS,2
P01,LITH-05,75,0.7546675715024012,2.801572727556523,4.33658628442722,26.388263676429553,0.5799052025809986,lithography,PFI-SBS,2
P02,LITH-01,75,0.7763380706321625,3.7831151665742384,6.376878740709193,21.951323256201647,0.7577403311463294,lithography,PFI-SBS,2
P02,LITH-02,75,0.7094948420059565,3.813689253483193,6.268185405439343,28.053313566277943,0.6151470075310801,lithography,PFI-SBS,2
P02,LITH-03,75,0.7735169669632196,2.913528480556237,4.591885159056966,23.2069176315463,0.6772747155964903,lithography,PFI-SBS,2
P02,LITH-04,75,0.7704869286643402,3.207347667654934,5.42408311985991,22.254629750433722,0.6375525849462106,lithography,PFI-SBS,2
P02,LITH-05,75,0.735980620537104,3.943887272630967,6.947692920566973,27.121377183760664,0.6685593102150237,lithography,PFI-SBS,2
P03,LITH-01,75,0.7045198230916356,3.823420660141822,9.25231053419026,24.69277024268024,0.6014044091452392,lithography,PFI-SBS,2
P03,LITH-02,75,0.7976119114930991,2.8635846167873718,4.417270296551385,20.08147457566502,0.7145269573373128,lithography,PFI-SBS,2
P03,LITH-03,75,0.7885780016013537,3.051583515302614,5.188217199400025,19.405220754548193,0.6925844433389456,lithography,PFI-SBS,2
P03,LITH-04,75,0.740218834044795,3.44894896814908,6.330909863504118,23.993506736241525,0.6554043136999199,lithography,PFI-SBS,2
P03,LITH-05,75,0.7246239632476363,3.48430415880203,7.064582525209018,24.090800517406375,0.502554813390441,lithography,PFI-SBS,2
P01,LITH-01,75,0.7199462624244237,4.534314070095192,6.433567977835669,28.406843807602165,0.7094153292869991,lithography,PFI-SBS,3
P01,LITH-02,75,0.7573308148391893,4.488486207362588,7.115710161279998,22.18126380194887,0.7340745635352842,lithography,PFI-SBS,3
P01,LITH-03,75,0.750449604129933,3.4240404035653986,5.7901174119720915,23.137669770248376,0.7456267892673882,lithography,PFI-SBS,3
P01,LITH-04,75,0.7780100251742079,4.0780164814563,6.664920032887931,24.160166610533825,0.7348189939793345,lithography,PFI-SBS,3
P01,LITH-05,75,0.7817259886878473,2.492579236146419,3.880954960241338,23.80607156014962,0.6635438085310044,lithography,PFI-SBS,3
P02,LITH-01,75,0.7695390736536366,3.8981163590420547,6.457073317893238,23.067526588213994,0.7516087819615379,lithography,PFI-SBS,3
P02,LITH-02,75,0.7077144887149125,3.8370613486994745,6.184019492458706,27.97971866670964,0.6254128287586285,lithography,PFI-SBS,3
P02,LITH-03,75,0.7602996908187254,3.083558482212506,5.050043248724628,23.307064158528824,0.6096617137535336,lithography,PFI-SBS,3
P02,LITH-04,75,0.7772278442595859,3.113146235961091,5.2648460548094995,21.294820113992355,0.6585212459338203,lithography,PFI-SBS,3
P02,LITH-05,75,0.7397967051925776,3.8868830946247104,6.894214451322323,26.158955263844945,0.6736420690108809,lithography,PFI-SBS,3
P03,LITH-01,75,0.7039429508491581,3.8308852057273453,9.176432772489978,25.10355479380314,0.6079153285786412,lithography,PFI-SBS,3
P03,LITH-02,75,0.7893542253586383,2.980422436440448,4.595359264668649,20.850704386161674,0.6910443837165916,lithography,PFI-SBS,3
P03,LITH-03,75,0.7852589779092999,3.0994890221197093,5.510201468570165,18.798806611342613,0.653243589028468,lithography,PFI-SBS,3
P03,LITH-04,75,0.7395951663381987,3.4572290067932387,6.234418204581,23.79688648208351,0.6658284763974762,lithography,PFI-SBS,3
P03,LITH-05,75,0.7309729289248235,3.4039713608795754,6.919751782743582,24.285259222215096,0.5227419527960316,lithography,PFI-SBS,3
P01,LITH-01,75,0.7257025660839147,4.4411144973955885,6.426092936749709,27.453510403850633,0.7100901866850207,lithography,PFI-SBS,4
P01,LITH-02,75,0.7585490502631971,4.465953338616373,7.029055067766819,22.503135552224606,0.7405120039105837,lithography,PFI-SBS,4
P01,LITH-03,75,0.75682748027972,3.336530601989379,5.603798800225757,23.101642288805742,0.7617342058888148,lithography,PFI-SBS,4
P01,LITH-04,75,0.7827879495981247,3.9902447045408085,6.683887112069943,23.872240403515136,0.7333075382061784,lithography,PFI-SBS,4
P01,LITH-05,75,0.7925997826887595,2.368405987201787,3.498409736272714,23.426061177514185,0.7266036794952186,lithography,PFI-SBS,4
P02,LITH-01,75,0.769363225556263,3.9010907302551954,6.302827391196853,23.830544392862247,0.7633341315712212,lithography,PFI-SBS,4
P02,LITH-02,75,0.7055904765833391,3.8649449232851483,6.324287526429963,28.200406582877253,0.6082270806351995,lithography,PFI-SBS,4
P02,LITH-03,75,0.7406047768897628,3.3369182676442803,5.55408111936315,24.732946186413912,0.5278550018981059,lithography,PFI-SBS,4
P02,LITH-04,75,0.7600748341771366,3.352852264733396,5.651759648967089,23.370128919744815,0.6064864389820832,lithography,PFI-SBS,4
P02,LITH-05,75,0.7509385063531744,3.720448312902036,6.550963624653583,26.012119572099053,0.7053306465573608,lithography,PFI-SBS,4
P03,LITH-01,75,0.7009342032443941,3.8698174544946613,9.132385191239575,25.542344212190738,0.611670367659903,lithography,PFI-SBS,4
P03,LITH-02,75,0.798917247333857,2.845115448661361,4.2713870256875754,19.887492431348242,0.7330714653226128,lithography,PFI-SBS,4
P03,LITH-03,75,0.78135747499067,3.155801809254315,5.715640635291366,19.19426969094328,0.6269050478351192,lithography,PFI-SBS,4
P03,LITH-04,75,0.7108985860221355,3.8382152138054875,6.758984369385313,26.027167086433778,0.6072280541983419,lithography,PFI-SBS,4
P03,LITH-05,75,0.731674058873625,3.3951000370516895,6.811569642677759,24.103684402158905,0.5375480340767311,lithography,PFI-SBS,4
P01,LITH-01,75,0.677828123946962,5.21624343678695,7.2822070109859265,33.21900865150415,0.6276983570398982,lithography,NSGA2,0
P01,LITH-02,75,0.7122840039646117,5.321686307170174,9.09694308798911,26.981281490527927,0.5653753678296003,lithography,NSGA2,0
P01,LITH-03,75,0.6779405403158874,4.418925477814139,6.563174557309318,33.00144118449442,0.6731680229245541,lithography,NSGA2,0
P01,LITH-04,75,0.743847266369843,4.705595693380379,7.342282865323004,28.37649742841509,0.6781787245989379,lithography,NSGA2,0
P01,LITH-05,75,0.6928392602563118,3.507620891016558,5.196147147105494,34.18928494835535,0.3968654579503469,lithography,NSGA2,0
P02,LITH-01,75,0.7194892946682758,4.744680092523085,7.368132799698528,30.906912650925655,0.6765704538909625,lithography,NSGA2,0
P02,LITH-02,75,0.7057008667863279,3.8634957444349842,5.825471505557015,31.424783383963057,0.6675905477916082,lithography,NSGA2,0
P02,LITH-03,75,0.7361194622679709,3.3946183598746944,4.680644245736853,29.4898506498127,0.664677864372236,lithography,NSGA2,0
P02,LITH-04,75,0.7129021461201814,4.012070539910481,5.8501103717914775,29.348659623252665,0.5783807279095983,lithography,NSGA2,0
P02,LITH-05,75,0.6720177972410587,4.899355637233606,7.757215670441734,33.09679869273487,0.5868228206455928,lithography,NSGA2,0
P03,LITH-01,75,0.6350643935828334,4.72215209763292,10.268946744654485,32.68797211587442,0.5089972862041774,lithography,NSGA2,0
P03,LITH-02,75,0.7778581169264596,3.1430806220193097,4.7628117661491,21.57440445384447,0.6681177774927305,lithography,NSGA2,0
P03,LITH-03,75,0.7462303860140469,3.6628126523715627,5.634118454227778,25.871138014273303,0.6374720543825592,lithography,NSGA2,0
P03,LITH-04,75,0.6655423040225379,4.440381661963493,7.751158237741514,35.473131802385076,0.4834518838987806,lithography,NSGA2,0
P03,LITH-05,75,0.6877352368809271,3.951053350954938,6.97386609696202,31.426769213980442,0.5152481935429933,lithography,NSGA2,0
P01,LITH-01,75,0.6553954421399428,5.57944810467711,7.792620864942365,34.86837125120169,0.5736797068754869,lithography,NSGA2,1
P01,LITH-02,75,0.7291613216819551,5.009518086300382,8.570256919550157,26.822623466849375,0.6142454444211831,lithography,NSGA2,1
P01,LITH-03,75,0.6857766816777867,4.31140705638409,6.482077616459228,32.25148338762344,0.6811950288136384,lithography,NSGA2,1
P01,LITH-04,75,0.7487518481065687,4.61549718702795,7.130037610984623,27.722580721579344,0.6965157415865039,lithography,NSGA2,1
P01,LITH-05,75,0.705279828445879,3.365555870225636,4.989227164893264,33.505763340982355,0.44394483911890925,lithography,NSGA2,1
P02,LITH-01,75,0.7179039638122745,4.771495068242593,7.480945808551911,31.30594969440037,0.6665906159135278,lithography,NSGA2,1
P02,LITH-02,75,0.7214733658630603,3.656437767754441,5.4210869692998305,30.722368466621663,0.7121382579555311,lithography,NSGA2,1
P02,LITH-03,75,0.7189818755237605,3.615080115432124,5.064764570531087,30.94339875184821,0.6073826556460641,lithography,NSGA2,1
P02,LITH-04,75,0.7261830745251194,3.826475207601179,5.793177471003302,27.786759852691446,0.5865471398000823,lithography,NSGA2,1
P02,LITH-05,75,0.6705710219202217,4.920967379469396,7.611682765389855,33.64695096832425,0.602180603879622,lithography,NSGA2,1
P03,LITH-01,75,0.6523622203298028,4.498323653870931,10.092654410581954,31.092405712373367,0.5257111724977925,lithography,NSGA2,1
P03,LITH-02,75,0.775474400849619,3.176807768408147,4.687076072297616,22.372679278253813,0.6785886872452753,lithography,NSGA2,1
P03,LITH-03,75,0.7361750744762205,3.807947137725381,5.787694668485211,26.5516254086948,0.6174389363032879,lithography,NSGA2,1
P03,LITH-04,75,0.6653818345554181,4.442512112802788,7.558234010217562,35.49826545415275,0.5088453682510298,lithography,NSGA2,1
P03,LITH-05,75,0.6800195313361215,4.0486793653130215,6.967295143665183,32.27877200162019,0.5161612540491947,lithography,NSGA2,1
P01,LITH-01,75,0.655506108456138,5.577656320575413,7.842972064863225,35.02531605882563,0.5681526607153842,lithography,NSGA2,2
P01,LITH-02,75,0.7312145689119973,4.971540574379193,8.471522769526471,26.590703102235373,0.623082462004334,lithography,NSGA2,2
P01,LITH-03,75,0.6852946147078198,4.318021418892456,6.444597163425699,32.094085443738486,0.6848711370093534,lithography,NSGA2,2
P01,LITH-04,75,0.7425598480511421,4.729245919595823,7.612557594225292,28.536033658451544,0.6540497007600743,lithography,NSGA2,2
P01,LITH-05,75,0.6770922559260388,3.6874437466519643,5.486309113652486,35.78112572899631,0.3276245221841304,lithography,NSGA2,2
P02,LITH-01,75,0.7269963494481023,4.617702502397955,7.281746126391426,29.94161971451488,0.6841100066944317,lithography,NSGA2,2
P02,LITH-02,75,0.6984185188180783,3.959096842805873,6.286648944075133,32.067738846942014,0.6128764258666859,lithography,NSGA2,2
P02,LITH-03,75,0.7266934202153733,3.51587707674601,4.9244671822123784,30.567129104053652,0.6288329191555728,lithography,NSGA2,2
P02,LITH-04,75,0.7014181755264928,4.172554150210903,6.000228930891153,30.42114889430382,0.5564649188970117,lithography,NSGA2,2
P02,LITH-05,75,0.6642953586745888,5.014712423685927,7.969197550670589,33.82348918346965,0.563932439873293,lithography,NSGA2,2
P03,LITH-01,75,0.6378830681051784,4.685679334838105,10.363688611620097,32.23481563050111,0.4998954559708514,lithography,NSGA2,2
P03,LITH-02,75,0.7702961225953459,3.2500751136347206,4.961253016817707,22.195761564286336,0.6398860825203236,lithography,NSGA2,2
P03,LITH-03,75,0.7417365409785803,3.7276750769745943,5.686449805111508,26.340901474606365,0.6307062456481861,lithography,NSGA2,2
P03,LITH-04,75,0.6803086697207017,4.244338035972625,7.159891296962665,34.35606706407002,0.5592519154029836,lithography,NSGA2,2
P03,LITH-05,75,0.6852787736284252,3.9821347232761393,6.961348448504494,31.3673830631421,0.516986829422282,lithography,NSGA2,2
P01,LITH-01,75,0.6670127715781344,5.3913534169055986,7.577545719313898,34.491338753606406,0.5968877066716514,lithography,NSGA2,3
P01,LITH-02,75,0.7276543673100466,5.0373911922695385,8.695969619166036,25.99670038067956,0.6028455726005707,lithography,NSGA2,3
P01,LITH-03,75,0.6852892636796047,4.318094839480491,6.583601566555915,32.266208276141015,0.671130414705514,lithography,NSGA2,3
P01,LITH-04,75,0.7517113359998809,4.561130585945767,7.4701374138688275,26.909278769787914,0.6668730954140214,lithography,NSGA2,3
P01,LITH-05,75,0.6968923029265721,3.4613371857674764,5.254452283657358,34.51031861804027,0.38325416636169807,lithography,NSGA2,3
P02,LITH-01,75,0.7175317399921974,4.777791023853248,7.392131546399798,30.88992604572336,0.6744601378548107,lithography,NSGA2,3
P02,LITH-02,75,0.7210736925019734,3.661684593706193,5.492005513447078,30.6268662908518,0.7045573914812695,lithography,NSGA2,3
P02,LITH-03,75,0.7211174821893741,3.5876071928025492,5.008190772258977,31.210889611013194,0.6161047986377362,lithography,NSGA2,3
P02,LITH-04,75,0.7263601384564877,3.824000814382549,5.833409120240233,27.624146619671166,0.5807846203917206,lithography,NSGA2,3
P02,LITH-05,75,0.6746524489834612,4.8599995509651865,7.753872235929917,33.13114303697468,0.5871789105610057,lithography,NSGA2,3
P03,LITH-01,75,0.6440232152018599,4.606227760416438,10.145982443490109,31.9210457758662,0.5206857924462631,lithography,NSGA2,3
P03,LITH-02,75,0.7685638446390926,3.2745850763707813,4.990359342144312,22.555977826518916,0.63564830664726,lithography,NSGA2,3
P03,LITH-03,75,0.713088993404839,4.141162720606838,6.340560935437657,27.708830709324968,0.5408602386141266,lithography,NSGA2,3
P03,LITH-04,75,0.671066423089199,4.367041453927862,7.5992702183288685,35.02451736471972,0.5034976009956809,lithography,NSGA2,3
P03,LITH-05,75,0.6935711325008529,3.877212374744188,6.980480365352692,30.451643552741032,0.5143282449859667,lithography,NSGA2,3
P01,LITH-01,75,0.6709315770046955,5.327904541923788,7.301840470907542,34.226352609418605,0.6256881359653278,lithography,NSGA2,4
P01,LITH-02,75,0.7297831213848758,4.998017081801387,8.596384587015114,26.058432057294382,0.6118898020437489,lithography,NSGA2,4
P01,LITH-03,75,0.6814602592995065,4.370631985964169,6.633302170145638,32.72845789510469,0.6661463000906118,lithography,NSGA2,4
P01,LITH-04,75,0.7493815584478458,4.603929236032474,7.359508343961656,28.28954785059925,0.6766669255183375,lithography,NSGA2,4
P01,LITH-05,75,0.7105305085931586,3.3055957483949228,4.930126445871229,33.50047728251443,0.4570405010894343,lithography,NSGA2,4
P02,LITH-01,75,0.7152218430861693,4.816861624930137,7.327330896053703,31.422232616022573,0.6801425943051098,lithography,NSGA2,4
P02,LITH-02,75,0.6962057006819558,3.9881462435253465,6.048334044765009,32.94845592529862,0.6416703562265156,lithography,NSGA2,4
P02,LITH-03,75,0.704574724016584,3.800416940345762,5.582950768729443,31.645538469019808,0.5229339048638411,lithography,NSGA2,4
P02,LITH-04,75,0.7023740702287598,4.159195927840396,6.028604716140054,29.998117804373436,0.5522599407609958,lithography,NSGA2,4
P02,LITH-05,75,0.6853461702448271,4.7002581287045855,7.464987993692001,32.299216826074314,0.6173666488203119,lithography,NSGA2,4
P03,LITH-01,75,0.6462432545636443,4.577501148530028,9.85116490205354,31.675513214402233,0.5481364945059207,lithography,NSGA2,4
P03,LITH-02,75,0.7635997667495686,3.34482170534359,5.102645041446419,22.73830233858847,0.6190676370956201,lithography,NSGA2,4
P03,LITH-03,75,0.726909440549784,3.941683721254539,6.209102182374483,26.86012963543999,0.5597015496565363,lithography,NSGA2,4
P03,LITH-04,75,0.6619180595110219,4.488498446420716,7.297087913977427,36.03568627406692,0.5421990040198531,lithography,NSGA2,4
P03,LITH-05,75,0.6778620109143595,4.075978245298739,7.200994906857561,32.00609925587812,0.48315867052687267,lithography,NSGA2,4
P01,IMPL-01,75,0.5841183811181221,12.10368750737292,22.561960164873646,43.602397212634145,0.5892970933602624,implantation,ALL,0
P01,IMPL-02,75,0.7686829022680529,7.918032830849956,13.906613520187433,28.636683356267312,0.8320188607680035,implantation,ALL,0
P01,IMPL-03,75,0.7373099389529005,6.527374534152218,10.80760306160136,29.72733894690794,0.8074304837745312,implantation,ALL,0
P01,IMPL-04,75,0.6183970247281114,8.571315975602813,15.070821042134789,37.13980612296777,0.5521122151344025,implantation,ALL,0
P01,IMPL-05,75,0.691229930143641,7.329434607659456,13.188735980203997,29.25766822365286,0.6522871490305003,implantation,ALL,0
P02,IMPL-01,75,0.6027880738702118,7.192263326569366,13.32858059721882,34.82074607427431,0.44266621683271545,implantation,ALL,0
P02,IMPL-02,75,0.6945252196739632,7.912456857778866,14.261057741850648,33.19703818790708,0.7544104362365471,implantation,ALL,0
P02,IMPL-03,75,0.6262408685841103,7.9770938276839285,15.950636797225432,35.867355044663036,0.49059261588042535,implantation,ALL,0
P02,IMPL-04,75,0.6846039001316042,10.585765578447893,18.36547328486028,36.458756819071134,0.7507498416765086,implantation,ALL,0
P02,IMPL-05,75,0.6873510055635057,8.032217232991304,13.386052188988483,45.192021158149906,0.7429483491667174,implantation,ALL,0
P03,IMPL-01,75,0.6965597750715204,6.402249570629804,11.284368923476464,41.533215773567115,0.7554729900171957,implantation,ALL,0
P03,IMPL-02,75,0.69247667937698,8.292428519051416,12.463162340463139,34.40453447737386,0.7427092053332345,implantation,ALL,0
P03,IMPL-03,75,0.6807342011639479,10.466244933924742,18.186600891976227,34.2589822649776,0.7744485441413386,implantation,ALL,0
P03,IMPL-04,75,0.7750127192928137,7.459643348167659,16.197490422453726,27.267100512273036,0.8082754488313312,implantation,ALL,0
P03,IMPL-05,75,0.6992717735606364,9.792527253505348,16.11093252997085,38.50244919677078,0.7518130223845025,implantation,ALL,0
P01,IMPL-01,75,0.5915975546967702,11.88601599774299,22.82586924930612,43.25144270334981,0.5796328496304433,implantation,ALL,1
P01,IMPL-02,75,0.7763062973059894,7.657082417824853,13.331691910711937,26.387144733734402,0.8456209766294633,implantation,ALL,1
P01,IMPL-03,75,0.7649500730726816,5.840567020937386,10.42678369963073,28.26557254793037,0.8207622445592503,implantation,ALL,1
P01,IMPL-04,75,0.6030650528940321,8.91569268027946,14.581030340443771,39.300241528376,0.5807512081363484,implantation,ALL,1
P01,IMPL-05,75,0.6964647271960311,7.20517352659771,13.315511814982964,28.59783614973224,0.645570288119538,implantation,ALL,1
P02,IMPL-01,75,0.5971368016364086,7.294590158574814,13.9354577504268,35.45108323467142,0.3907577100475266,implantation,ALL,1
P02,IMPL-02,75,0.7016555954526966,7.727764718320533,12.783984669718725,33.066456907483285,0.8026491899215422,implantation,ALL,1
P02,IMPL-03,75,0.6095540448586214,8.333238594073944,16.03592635010732,38.59560125046511,0.485130352960526,implantation,ALL,1
P02,IMPL-04,75,0.662136417760331,11.339850684825072,18.62292583126819,38.55320419940084,0.7437127384742563,implantation,ALL,1
P02,IMPL-05,75,0.6003899590320212,10.266320105473202,14.8647257688732,55.83609526586141,0.6830219621771847,implantation,ALL,1
P03,IMPL-01,75,0.6842302334369725,6.662389117568418,11.793300259361597,41.87729043052689,0.7329189980991621,implantation,ALL,1
P03,IMPL-02,75,0.7082102136488604,7.868170586230932,12.199088037659989,31.331644968493272,0.7534968489032623,implantation,ALL,1
P03,IMPL-03,75,0.6922085659809496,10.090089664322505,18.278010944859695,30.185355097084376,0.7721754987035855,implantation,ALL,1
P03,IMPL-04,75,0.747921735099919,8.35786781398915,18.41855907386706,27.546136013338163,0.752090272042414,implantation,ALL,1
P03,IMPL-05,75,0.7012999819063861,9.726483285046854,15.556906611286252,36.730643985453376,0.7685889346160498,implantation,ALL,1
P01,IMPL-01,75,0.5751734656031597,12.364017508165059,23.597904809268826,43.51829928165404,0.5507159406137871,implantation,ALL,2
P01,IMPL-02,75,0.762976561425712,8.113362076187599,14.367318972895845,25.956332804131705,0.8207045703843939,implantation,ALL,2
P01,IMPL-03,75,0.7644965751223061,5.851835627601727,9.431080655356865,26.6540910232088,0.8533602586217675,implantation,ALL,2
P01,IMPL-04,75,0.6356759572831148,8.18320791500779,14.810693628857564,35.10087726797142,0.5674401668106394,implantation,ALL,2
P01,IMPL-05,75,0.6936095142043711,7.27294919191089,13.162207739539301,29.21734354826976,0.6536845434847531,implantation,ALL,2
P02,IMPL-01,75,0.5991674150610716,7.257822112340795,13.491214373795925,35.74127956909324,0.4289821948100133,implantation,ALL,2
P02,IMPL-02,75,0.6810049121099309,8.262662037368901,14.133240903803314,34.44562702448539,0.758792973794153,implantation,ALL,2
P02,IMPL-03,75,0.646883208579363,7.536526978276693,15.125642486943113,35.75204436532771,0.5419247302282737,implantation,ALL,2
P02,IMPL-04,75,0.6528662278381441,11.65098978079014,18.733278009243037,41.301582502961296,0.7406664232637414,implantation,ALL,2
P02,IMPL-05,75,0.7123661822203649,7.389556176646987,10.607040627192628,43.116642862715764,0.838599887106635,implantation,ALL,2
P03,IMPL-01,75,0.6819875165914555,6.709707936174753,12.47556209350992,41.90467274904282,0.7011229766804224,implantation,ALL,2
P03,IMPL-02,75,0.7158274647741798,7.662769869496976,11.944910606732448,32.0475713199155,0.7636620020992079,implantation,ALL,2
P03,IMPL-03,75,0.6769169126133276,10.591384166187996,18.95204664990509,33.56885973422921,0.7550627736428897,implantation,ALL,2
P03,IMPL-04,75,0.7464080491865325,8.408055349122321,17.93616639240579,31.08671547867431,0.7649060166994364,implantation,ALL,2
P03,IMPL-05,75,0.6934804552336375,9.981108296337045,16.232866126013132,38.46078283172144,0.7480420613970513,implantation,ALL,2
P01,IMPL-01,75,0.5762399438954925,12.33297906020841,23.036023402497264,44.23118238719948,0.5718567096307448,implantation,ALL,3
P01,IMPL-02,75,0.7565430698156332,8.333581845003101,14.402554510917438,28.779160644838235,0.819824055684044,implantation,ALL,3
P01,IMPL-03,75,0.7243650209071162,6.849032415162001,12.015717195172568,29.06660914835395,0.7619719360120292,implantation,ALL,3
P01,IMPL-04,75,0.6180229800888699,8.579717521187291,14.8897128658276,37.45922882228466,0.5628121959317818,implantation,ALL,3
P01,IMPL-05,75,0.7031268118191212,7.0470321833698915,12.662968580663113,28.508012229602752,0.679457624045078,implantation,ALL,3
P02,IMPL-01,75,0.5853142331393126,7.508659828274846,14.577659813504539,34.736552824773966,0.33331115830066393,implantation,ALL,3
P02,IMPL-02,75,0.7093689846073852,7.52797127269274,13.466968541749418,30.298260436572118,0.7809989876918115,implantation,ALL,3
P02,IMPL-03,75,0.6291833632862388,7.9142925357464655,15.689852717042694,37.47808236676034,0.5071135064172436,implantation,ALL,3
P02,IMPL-04,75,0.6734982886847856,10.958507661911842,18.391382340484025,38.87594211025548,0.7500460872667072,implantation,ALL,3
P02,IMPL-05,75,0.717122076469406,7.267373228915835,11.528864905342367,39.9290710102861,0.8093273204039457,implantation,ALL,3
P03,IMPL-01,75,0.6673651114873687,7.018224339434343,12.270639154358436,47.082256641612716,0.7108610132617845,implantation,ALL,3
P03,IMPL-02,75,0.7103764622717231,7.809757254119434,12.751223765996212,31.620561194611625,0.7306782185767278,implantation,ALL,3
P03,IMPL-03,75,0.691280546971156,10.120512197194008,17.923001886612028,33.17545921920879,0.7809395057493158,implantation,ALL,3
P03,IMPL-04,75,0.7755971502560388,7.440266045888251,16.467556673362708,29.693231809541786,0.801828772437186,implantation,ALL,3
P03,IMPL-05,75,0.6774157566461633,10.504218483231691,17.384240677561497,41.490598122202655,0.7110324442398551,implantation,ALL,3
P01,IMPL-01,75,0.5835288116749442,12.120846150554376,22.803832396556615,43.902573256891955,0.580444130656687,implantation,ALL,4
P01,IMPL-02,75,0.768895087135669,7.910769698273648,14.310259318925018,29.92161615480895,0.822125882176949,implantation,ALL,4
P01,IMPL-03,75,0.7290591730975529,6.732391194153652,10.580422045127035,32.50601689721876,0.8154412026604043,implantation,ALL,4
P01,IMPL-04,75,0.6065145209745337,8.838212988606013,15.430644243089949,37.92204842922023,0.5304698231605023,implantation,ALL,4
P01,IMPL-05,75,0.6811612344614788,7.568440436887536,13.625286915951138,30.786340469618388,0.6288873949907434,implantation,ALL,4
P02,IMPL-01,75,0.5767925743204827,7.662960367036062,14.451727717952378,35.81185579185924,0.34478006097366143,implantation,ALL,4
P02,IMPL-02,75,0.6904193641150558,8.018807388383886,14.047431616354507,31.852560785530347,0.7617130358425656,implantation,ALL,4
P02,IMPL-03,75,0.6403740098384989,7.675451983004236,15.267071949665421,35.57962266353689,0.5333183889261219,implantation,ALL,4
P02,IMPL-04,75,0.6887941765483447,10.44512565336631,17.746207147468866,34.70611328806344,0.7672754031673031,implantation,ALL,4
P02,IMPL-05,75,0.702790993518253,7.635550877000546,11.480076130704585,45.327930854908686,0.8109377135421476,implantation,ALL,4
P03,IMPL-01,75,0.6930432718140223,6.47644385873298,11.806481477518878,39.741231364552235,0.7323216385379758,implantation,ALL,4
P03,IMPL-02,75,0.6950804502355133,8.222217311391997,12.949835003843916,32.48810671437476,0.7222230440364719,implantation,ALL,4
P03,IMPL-03,75,0.6735903506123133,10.700436287703779,18.250125678042068,36.11686559185464,0.7728701148671813,implantation,ALL,4
P03,IMPL-04,75,0.7662664115268356,7.749634570526665,16.895677552380562,28.70446496579228,0.7913907838181145,implantation,ALL,4
P03,IMPL-05,75,0.7064319447367611,9.559372646729184,15.656807134278571,38.45069055046432,0.765607324607563,implantation,ALL,4
P01,IMPL-01,75,0.5330830820746207,13.589002759171333,24.511389065428602,52.14836679079764,0.5152587624534295,implantation,FILTER,0
P01,IMPL-02,75,0.7716114178085148,7.817789128925671,14.373423033942247,27.452335783362013,0.8205521880591812,implantation,FILTER,0
P01,IMPL-03,75,0.7192706759099116,6.975617706095322,11.051603660205028,31.54077989064549,0.7986371399018277,implantation,FILTER,0
P01,IMPL-04,75,0.6300971741452326,8.30851488621283,15.092690161907633,38.650379038336496,0.550811420939523,implantation,FILTER,0
P01,IMPL-05,75,0.6850446016376859,7.476258944721593,13.428876635948066,29.263396176063967,0.6395095520607017,implantation,FILTER,0
P02,IMPL-01,75,0.7168437131907426,5.127073089543504,10.484302532756352,26.368973900567592,0.6551528408095564,implantation,FILTER,0
P02,IMPL-02,75,0.682778742360354,8.216716001121606,14.269032347140687,34.95599132267374,0.7541356982124041,implantation,FILTER,0
P02,IMPL-03,75,0.6268914642894019,7.963208245904724,15.602550656436534,36.52707016996699,0.5125833209182666,implantation,FILTER,0
P02,IMPL-04,75,0.691074199443089,10.368600332072456,18.724512744217805,35.84975775116232,0.7409090498593536,implantation,FILTER,0
P02,IMPL-05,75,0.6951901892684329,7.830821970035834,12.618555722295874,48.25181859031035,0.7715797148844744,implantation,FILTER,0
P03,IMPL-01,75,0.678789996850302,6.777172028632191,11.857815609383618,43.1242920130188,0.7299888674948598,implantation,FILTER,0
P03,IMPL-02,75,0.6889730611394194,8.386904293227358,13.255530512148363,33.44068720624528,0.7089537742686141,implantation,FILTER,0
P03,IMPL-03,75,0.6893318004664108,10.184396453845212,18.235099711462023,31.878311857444864,0.7732439688521644,implantation,FILTER,0
P03,IMPL-04,75,0.7520877415050068,8.219740352425745,17.801034275408654,29.009509047476822,0.7684350956755521,implantation,FILTER,0
P03,IMPL-05,75,0.695973418569458,9.899930644019351,16.378655610426843,37.20249842536246,0.7434960041836118,implantation,FILTER,0
P01,IMPL-01,75,0.5448318274956745,13.24707097684723,24.76175875933375,49.20731988896753,0.50530548325049,implantation,FILTER,1
P01,IMPL-02,75,0.768628447125165,7.919896841826329,13.757112324359381,27.976422442347364,0.8356111648363085,implantation,FILTER,1
P01,IMPL-03,75,0.7639362577806954,5.8657585036028,9.59876185426663,27.396408955609026,0.8480995005208842,implantation,FILTER,1
P01,IMPL-04,75,0.607204110436536,8.822723881981371,14.862554313006783,41.86231157453679,0.5644055859130921,implantation,FILTER,1
P01,IMPL-05,75,0.6886629218049047,7.390369010287394,13.631597685167433,28.752530478719535,0.6285435419201018,implantation,FILTER,1
P02,IMPL-01,75,0.693640766615389,5.54720574605326,10.26836633826277,30.114385362297153,0.6692115990883551,implantation,FILTER,1
P02,IMPL-02,75,0.7020575498099649,7.717353231954009,13.588526494528056,32.44592718804174,0.7770275724978702,implantation,FILTER,1
P02,IMPL-03,75,0.6151395517907283,8.214027826690668,16.27802258263932,39.37371511601426,0.4694669093037743,implantation,FILTER,1
P02,IMPL-04,75,0.6880044752248162,10.471630715069201,18.5339493560174,33.56879153701899,0.7461558628365572,implantation,FILTER,1
P02,IMPL-05,75,0.6667861505311345,8.56054576090708,13.66358528557181,49.365180319069054,0.7321789468866168,implantation,FILTER,1
P03,IMPL-01,75,0.6730180043009287,6.898954619683239,11.936355483138971,48.03087271844822,0.726400201298275,implantation,FILTER,1
P03,IMPL-02,75,0.6925834771559821,8.289548695347074,12.982049747517326,32.1822706478506,0.7208392976263069,implantation,FILTER,1
P03,IMPL-03,75,0.7020125099881893,9.768694514349217,17.835692600400264,29.086082042162182,0.7830685498364085,implantation,FILTER,1
P03,IMPL-04,75,0.7462036316486554,8.41483298527082,18.712673453303495,28.369028333436614,0.7441096289399445,implantation,FILTER,1
P03,IMPL-05,75,0.6887265524284971,10.135908274147706,16.272624163996962,40.30939294584668,0.7468063436105232,implantation,FILTER,1
P01,IMPL-01,75,0.5562244880702514,12.915502575620504,24.58826342763694,45.213733524661045,0.512213434532697,implantation,FILTER,2
P01,IMPL-02,75,0.7753827853320524,7.688694426625819,14.543258509115315,26.724323761350803,0.8162864457692394,implantation,FILTER,2
P01,IMPL-03,75,0.755233593441779,6.082004026401369,9.651620192615267,27.577909987688436,0.846421926748619,implantation,FILTER,2
P01,IMPL-04,75,0.621602824461184,8.4993094026795,14.303017324189652,40.47231707314628,0.596586226634957,implantation,FILTER,2
P01,IMPL-05,75,0.6723948543915673,7.776532527867064,14.198331557226295,30.032544571133485,0.5970148708835212,implantation,FILTER,2
P02,IMPL-01,75,0.6960400755104157,5.5037617801508505,10.716589703967902,28.162027043391465,0.6397028961671751,implantation,FILTER,2
P02,IMPL-02,75,0.6800779521520318,8.286672303185075,14.171791685633703,33.36620751753533,0.7574753140423682,implantation,FILTER,2
P02,IMPL-03,75,0.6275313978645836,7.949550224618741,16.077527900605027,37.22106877754946,0.48245546421469454,implantation,FILTER,2
P02,IMPL-04,75,0.6865741246939281,10.519638142622386,18.401444470155727,35.67013038295884,0.7497725073208052,implantation,FILTER,2
P02,IMPL-05,75,0.6988602110371548,7.736536005197498,11.589296384292629,47.515226762305524,0.8073231627488583,implantation,FILTER,2
P03,IMPL-01,75,0.6771021306541825,6.812784118729781,12.902151492303254,46.323575496483876,0.6803339175208536,implantation,FILTER,2
P03,IMPL-02,75,0.7059444563381309,7.92926719023052,12.527974718562097,31.27891664936493,0.740026260656133,implantation,FILTER,2
P03,IMPL-03,75,0.6721351716894386,10.748140298233611,19.71608669220058,31.591246223627213,0.7349157039070865,implantation,FILTER,2
P03,IMPL-04,75,0.7260417616638419,9.083316816206029,19.143586492134595,34.11413031595369,0.7321887135193532,implantation,FILTER,2
P03,IMPL-05,75,0.6957318024498118,9.907798320640651,16.769091370189013,39.845112447146015,0.7311211173730845,implantation,FILTER,2
P01,IMPL-01,75,0.5301834081072603,13.673393956042586,25.779145594793203,48.02773037131024,0.46381932279644156,implantation,FILTER,3
P01,IMPL-02,75,0.7730997327740038,7.766843795117953,14.31289790037192,27.329782996463653,0.8220602818819924,implantation,FILTER,3
P01,IMPL-03,75,0.7179686609038453,7.007970432193161,11.535904168460078,30.942801053782787,0.7806023117282531,implantation,FILTER,3
P01,IMPL-04,75,0.6034003299418366,8.908161906930399,14.97416659030037,38.229176616557,0.5578387153866046,implantation,FILTER,3
P01,IMPL-05,75,0.687478501706849,7.418484201830198,13.259905620442678,29.46321613032985,0.6485243369017812,implantation,FILTER,3
P02,IMPL-01,75,0.701047230195663,5.413097898620273,11.626234483180125,27.20591405547169,0.5759415520864055,implantation,FILTER,3
P02,IMPL-02,75,0.677903585942352,8.34299308622563,14.485496991154992,34.963069660966006,0.7466194750537496,implantation,FILTER,3
P02,IMPL-03,75,0.6222510585813923,8.06224783750235,15.670428764891303,38.089502935199725,0.5083331325898518,implantation,FILTER,3
P02,IMPL-04,75,0.683046174896275,10.638048134204631,19.433559995183536,36.20413401617017,0.720915366841886,implantation,FILTER,3
P02,IMPL-05,75,0.6946295934143554,7.845224151907493,11.948558324185584,44.44352845571045,0.7951922505907679,implantation,FILTER,3
P03,IMPL-01,75,0.6885085681397998,6.572121037518576,12.052393071943568,44.870582278542834,0.7210548214375575,implantation,FILTER,3
P03,IMPL-02,75,0.6891858962728419,8.381165150821271,13.18219098260036,33.08968453767896,0.7121654366685257,implantation,FILTER,3
P03,IMPL-03,75,0.6976669746933334,9.911150853019969,18.051631999065734,31.493611352130152,0.7777839083147314,implantation,FILTER,3
P03,IMPL-04,75,0.7322109887688943,8.878770880129608,18.613434375477794,34.29330294219615,0.7468165630982226,implantation,FILTER,3
P03,IMPL-05,75,0.661979233272271,11.006873580253956,18.05472001837132,44.288190580409825,0.688312670073176,implantation,FILTER,3
P01,IMPL-01,75,0.5673016470515257,12.593116433286779,23.94983545376965,45.22141410948963,0.5372150914020599,implantation,FILTER,4
P01,IMPL-02,75,0.7821259162727068,7.457875638501935,14.031560135366261,25.34180135316403,0.8289867835334898,implantation,FILTER,4
P01,IMPL-03,75,0.7103194611474319,7.198039258922402,11.04193497302165,35.20279755079813,0.7989893173628568,implantation,FILTER,4
P01,IMPL-04,75,0.6124656076038573,8.704543580337448,14.87327300289327,40.89103572768783,0.5637770687745851,implantation,FILTER,4
P01,IMPL-05,75,0.6798879725225073,7.5986645130891395,12.880376031506986,31.329216682999707,0.6683565096099238,implantation,FILTER,4
P02,IMPL-01,75,0.680728532174814,5.781005851543216,11.561394047451587,28.39250818956603,0.5806583777294079,implantation,FILTER,4
P02,IMPL-02,75,0.6789712315572717,8.31533875790945,14.86152353697965,32.852591987296705,0.7332938081801623,implantation,FILTER,4
P02,IMPL-03,75,0.6446841207574883,7.583461831276693,15.34999884216029,34.9999869169011,0.5282348258844647,implantation,FILTER,4
P02,IMPL-04,75,0.7127214228352541,9.642045906227082,18.179804467348916,31.048425442535766,0.7557640391277661,implantation,FILTER,4
P02,IMPL-05,75,0.6953667372655045,7.826286302594832,12.12632845607874,48.46949063819026,0.78905267405551,implantation,FILTER,4
P03,IMPL-01,75,0.6890779160190026,6.560108433665463,11.514987780120823,42.59341274208216,0.7453760519369499,implantation,FILTER,4
P03,IMPL-02,75,0.6948743620766737,8.227774520264283,12.578657563366102,33.276783869468844,0.7379185199171199,implantation,FILTER,4
P03,IMPL-03,75,0.6834455920291416,10.377359494237242,18.133051655626453,31.579515556905196,0.7757748311916133,implantation,FILTER,4
P03,IMPL-04,75,0.7645440883616678,7.806739649987405,18.13329162976754,28.49564911430174,0.7597100768831423,implantation,FILTER,4
P03,IMPL-05,75,0.6851752016061587,10.251549895575351,16.83622722464391,37.7173346032565,0.7289638689000657,implantation,FILTER,4
P01,IMPL-01,75,0.5577761606941556,12.870343184820847,24.532993916433835,47.91902203247865,0.5144038637252383,implantation,TSFGA,0
P01,IMPL-02,75,0.8004688537056196,6.829993038244103,13.248630516229856,22.138729298879834,0.8475386613786319,implantation,TSFGA,0
P01,IMPL-03,75,0.7915132712439698,5.180519424931014,8.753500527085233,20.80343622463765,0.8736741315689289,implantation,TSFGA,0
P01,IMPL-04,75,0.6579609490806356,7.682657032053656,14.57826249934041,30.569981619383917,0.5809103606617715,implantation,TSFGA,0
P01,IMPL-05,75,0.7135024574217389,6.800740125360467,12.279244914446002,25.88814420730301,0.69858995878106,implantation,TSFGA,0
P02,IMPL-01,75,0.7438480654871003,4.638108887055307,10.042063658692117,22.485004359992665,0.6836313041776445,implantation,TSFGA,0
P02,IMPL-02,75,0.7190355681528113,7.2775858720267195,12.863394963119257,30.31860803106706,0.8001898065520943,implantation,TSFGA,0
P02,IMPL-03,75,0.645272280277433,7.570908817097557,15.806325828961429,29.144646198871566,0.4997684907476875,implantation,TSFGA,0
P02,IMPL-04,75,0.7318685593654779,8.999402896715992,16.51280140100895,27.986516592786533,0.7985010865071556,implantation,TSFGA,0
P02,IMPL-05,75,0.758181728203819,6.21251603087433,10.039783447617586,30.590142708462874,0.8554014092314646,implantation,TSFGA,0
P03,IMPL-01,75,0.7236672115491998,5.830312960739,10.464137961912112,33.040966786837686,0.7897290878370135,implantation,TSFGA,0
P03,IMPL-02,75,0.7423009040849367,6.948908225790907,11.57484117182362,25.720558169762786,0.7780792941237656,implantation,TSFGA,0
P03,IMPL-03,75,0.7280438160014038,8.915330246464832,16.268864128582184,26.07496949570662,0.8195083868803443,implantation,TSFGA,0
P03,IMPL-04,75,0.7846147582095337,7.141279636633321,15.581652156601589,24.230320971542394,0.8225772623975947,implantation,TSFGA,0
P03,IMPL-05,75,0.7293474394358939,8.813181944826244,15.362302509417173,27.50667546103731,0.7743422475821107,implantation,TSFGA,0
P01,IMPL-01,75,0.5723246648628642,12.446928106676276,23.138462415008803,45.41947921379331,0.5680404178536739,implantation,TSFGA,1
P01,IMPL-02,75,0.7785334082451617,7.580847942694328,13.29404403656417,25.55916395098597,0.8464916591591809,implantation,TSFGA,1
P01,IMPL-03,75,0.749708523770308,6.2192920491351655,10.597327841349472,25.445846202096376,0.814850941492591,implantation,TSFGA,1
P01,IMPL-04,75,0.6752175338807047,7.295050932086036,12.679303223073077,30.750144127300803,0.6829803599321083,implantation,TSFGA,1
P01,IMPL-05,75,0.6863535534684422,7.445187679127207,13.15343991706073,28.79411764999481,0.6541457763061245,implantation,TSFGA,1
P02,IMPL-01,75,0.6993187639586551,5.444395006058036,10.023479426325078,28.226451259343794,0.6848011890079915,implantation,TSFGA,1
P02,IMPL-02,75,0.6920416150232043,7.976787584622944,14.29878162167005,33.05461230022465,0.7531094324994245,implantation,TSFGA,1
P02,IMPL-03,75,0.6375897251409435,7.734876618841884,15.917383192189337,32.32518624895628,0.49271440881531503,implantation,TSFGA,1
P02,IMPL-04,75,0.7444621945720801,8.576717676026181,16.736881677314326,24.91158928880301,0.7929952623769687,implantation,TSFGA,1
P02,IMPL-05,75,0.7368056033693076,6.761686766509663,10.220940437360841,33.43206660014054,0.8501360813213727,implantation,TSFGA,1
P03,IMPL-01,75,0.6953757964419885,6.42723019630111,11.7567944086707,41.222078624650244,0.7345699233702473,implantation,TSFGA,1
P03,IMPL-02,75,0.7272162046236963,7.355670196753914,11.841234094649062,26.928995651954374,0.7677468150930686,implantation,TSFGA,1
P03,IMPL-03,75,0.7409408194999378,8.492537708017403,16.304650009539376,24.49529084360673,0.8187134751802236,implantation,TSFGA,1
P03,IMPL-04,75,0.7642093626969101,7.817837762159444,17.971386242311038,24.86996840932771,0.763981838812785,implantation,TSFGA,1
P03,IMPL-05,75,0.7158121168675364,9.253928783608107,16.286973344098605,30.375123916608445,0.7463596150213921,implantation,TSFGA,1
P01,IMPL-01,75,0.5894300698426602,11.94909779352335,23.90276267829622,41.08842074558088,0.5390324869023693,implantation,TSFGA,2
P01,IMPL-02,75,0.7867640955412813,7.29910978814314,13.655465364338474,24.216520144639148,0.8380314248283592,implantation,TSFGA,2
P01,IMPL-03,75,0.7937103035513363,5.1259271321101485,8.782063386530147,21.707376337195804,0.8728483785171802,implantation,TSFGA,2
P01,IMPL-04,75,0.6534394094027829,7.784216893444906,14.253859514520967,34.185545920860505,0.5993544340313977,implantation,TSFGA,2
P01,IMPL-05,75,0.7396281977529998,6.180579934886863,11.154939484174736,24.192326688815193,0.7512581670617036,implantation,TSFGA,2
P02,IMPL-01,75,0.7356196678589264,4.787099384581828,10.113501033988344,25.228226210441157,0.6791141176548936,implantation,TSFGA,2
P02,IMPL-02,75,0.7062823896475974,7.60792075143757,13.35459926459691,31.00181900148311,0.7846384579810308,implantation,TSFGA,2
P02,IMPL-03,75,0.6652070620537989,7.145443293186308,15.617006422225028,29.59373204142619,0.5116797192494262,implantation,TSFGA,2
P02,IMPL-04,75,0.7225225081664597,9.313088155088751,16.590323271242838,29.48785445589468,0.7966047106195324,implantation,TSFGA,2
P02,IMPL-05,75,0.7593795101428511,6.1817439992885586,9.158845768096318,31.0782346779666,0.8796636426584918,implantation,TSFGA,2
P03,IMPL-01,75,0.742544956090048,5.432013651840218,10.508246464483994,31.602411183916917,0.7879526811104134,implantation,TSFGA,2
P03,IMPL-02,75,0.7346250640717915,7.15588880373123,11.060085915999839,26.643642052400107,0.7973788641623578,implantation,TSFGA,2
P03,IMPL-03,75,0.7391781366713982,8.550322382390846,16.057282850060126,25.25177018313906,0.8241725501282847,implantation,TSFGA,2
P03,IMPL-04,75,0.7860623867917148,7.093282288117701,16.85647004443055,25.95863560567023,0.7923578426973235,implantation,TSFGA,2
P03,IMPL-05,75,0.7378604132562101,8.535976412339808,14.691119237265864,29.151249128772623,0.7936296029562839,implantation,TSFGA,2
P01,IMPL-01,75,0.5708251349947455,12.4905699511523,23.347812505989573,45.53397339818742,0.5601885673801048,implantation,TSFGA,3
P01,IMPL-02,75,0.7709170852286336,7.8415562789415345,13.890509110945185,25.596088250337413,0.8324076931205305,implantation,TSFGA,3
P01,IMPL-03,75,0.751231155395041,6.181457397711504,11.507069347226603,23.723778625585155,0.7816977415300287,implantation,TSFGA,3
P01,IMPL-04,75,0.6558453362844954,7.730176540372026,14.062736810008312,32.29788349238155,0.610026505487919,implantation,TSFGA,3
P01,IMPL-05,75,0.711859399207551,6.839742246722391,12.135090426960726,26.736858416561194,0.7056253372449083,implantation,TSFGA,3
P02,IMPL-01,75,0.7120093696219172,5.214607903255866,10.683315339368697,25.943779949819557,0.6419368242168461,implantation,TSFGA,3
P02,IMPL-02,75,0.7319661052232225,6.942657022553974,12.64147105428424,28.417897648304947,0.8070247286767781,implantation,TSFGA,3
P02,IMPL-03,75,0.6224183982651317,8.058676327815812,15.888442008007129,33.414979046712766,0.49455743772989214,implantation,TSFGA,3
P02,IMPL-04,75,0.7240332642253762,9.262382044605513,16.529916368665035,29.810965969885572,0.7980831762437974,implantation,TSFGA,3
P02,IMPL-05,75,0.7337691895456007,6.839694807076785,10.288574500170597,33.983603790755545,0.848146158488664,implantation,TSFGA,3
P03,IMPL-01,75,0.7338856304810828,5.614715743084078,10.314034715989875,32.31592751620197,0.7957183003037669,implantation,TSFGA,3
P03,IMPL-02,75,0.7181190557263286,7.600976656133183,12.181509318114088,27.91862039142186,0.7542067524138935,implantation,TSFGA,3
P03,IMPL-03,75,0.7668767947228008,7.642298596053888,14.779969430156646,24.12360767632865,0.8510331502205845,implantation,TSFGA,3
P03,IMPL-04,75,0.7650949668402354,7.788474808680025,17.015754136310754,27.753363970580953,0.788415100463365,implantation,TSFGA,3
P03,IMPL-05,75,0.7153329554709903,9.26953157916229,16.42266208639483,32.2518963810029,0.7421157930867621,implantation,TSFGA,3
P01,IMPL-01,75,0.5990073427653175,11.6703638621216,22.405354082568756,40.11372927938711,0.5949788116250445,implantation,TSFGA,4
P01,IMPL-02,75,0.7824378747679087,7.447197233701381,13.849354483771645,24.277529073094602,0.8333993027705896,implantation,TSFGA,4
P01,IMPL-03,75,0.769531178900559,5.7267347982794385,10.048032062027357,22.83540968768822,0.8335473198478501,implantation,TSFGA,4
P01,IMPL-04,75,0.6451688425902851,7.96998494569016,14.67970997436481,33.08504981631988,0.5750573291592044,implantation,TSFGA,4
P01,IMPL-05,75,0.7196303885634602,6.6552782591751205,11.733983994706279,25.614143429101897,0.7247639122353443,implantation,TSFGA,4
P02,IMPL-01,75,0.7370489597990089,4.761219386204696,9.748754237338058,23.76223156740952,0.7018424520060159,implantation,TSFGA,4
P02,IMPL-02,75,0.723558351807291,7.160436002878952,13.061515134429815,27.65128997406106,0.793987512035386,implantation,TSFGA,4
P02,IMPL-03,75,0.6595956135886791,7.265207727424744,15.66653259132055,28.912674869652538,0.5085775906504183,implantation,TSFGA,4
P02,IMPL-04,75,0.737010203797378,8.826831826032056,15.958640752326074,26.300522748719334,0.8117985391928219,implantation,TSFGA,4
P02,IMPL-05,75,0.7247897637449093,7.070383854353824,10.783920138060639,35.63057481759949,0.8331720951973856,implantation,TSFGA,4
P03,IMPL-01,75,0.7300200149392791,5.696275910160035,10.389465212066353,32.12221047086358,0.79271939316494,implantation,TSFGA,4
P03,IMPL-02,75,0.7297309532763272,7.287859490876147,12.571489830841626,27.00377717161455,0.7382171201000627,implantation,TSFGA,4
P03,IMPL-03,75,0.7378326948196889,8.594428966984875,15.991259524541327,23.879940550179352,0.8256154900177239,implantation,TSFGA,4
P03,IMPL-04,75,0.7901176164080269,6.958827724564018,15.261496755387135,24.94297396266157,0.8297933502153507,implantation,TSFGA,4
P03,IMPL-05,75,0.7252169596315283,8.94768157771141,15.6202722231576,28.84337697434462,0.7666999514855259,implantation,TSFGA,4
P01,IMPL-01,75,0.6169828745526962,11.147209652714054,22.580405446242384,38.85545499687312,0.5886252876073697,implantation,mRMR,0
P01,IMPL-02,75,0.7886472992414513,7.234647330022548,13.390307621100213,22.030529051370564,0.8442604697678221,implantation,mRMR,0
P01,IMPL-03,75,0.7882649581605327,5.261234150167532,9.134135366727655,21.359278254139596,0.8624490307308079,implantation,mRMR,0
P01,IMPL-04,75,0.6727794396301809,7.34981380751868,13.006896548996371,30.864172000444682,0.6663871543596271,implantation,mRMR,0
P01,IMPL-05,75,0.6985458512569862,7.155772809998808,12.994667395031694,27.644324390996864,0.6624448571493335,implantation,mRMR,0
P02,IMPL-01,75,0.6379464016484544,6.5556561784236305,12.642493009831899,29.661321845979753,0.4985668889028372,implantation,mRMR,0
P02,IMPL-02,75,0.7150040250622964,7.382011549131483,12.998731771347854,30.313271366045925,0.7959632508537938,implantation,mRMR,0
P02,IMPL-03,75,0.6486084036650417,7.499706357955298,15.457589628832215,29.77277804274766,0.5215982819908963,implantation,mRMR,0
P02,IMPL-04,75,0.7139552927237658,9.60063303714106,16.378690397359,32.163564196210785,0.801760798103161,implantation,mRMR,0
P02,IMPL-05,75,0.7550130844078393,6.293921171323133,10.190652975690954,34.2348061393729,0.8510229415022503,implantation,mRMR,0
P03,IMPL-01,75,0.74231738188278,5.436815213238716,10.034527144999903,33.077378798409235,0.8066402351587137,implantation,mRMR,0
P03,IMPL-02,75,0.7285379115204036,7.320030103046947,12.006933618680264,28.585709836054562,0.7612012970787231,implantation,mRMR,0
P03,IMPL-03,75,0.7189026325569937,9.214998627055339,16.683308659122627,28.475289752507404,0.8101953133691854,implantation,mRMR,0
P03,IMPL-04,75,0.7829222166478134,7.197397281873974,15.332663842759287,24.115935879690056,0.8282022409665972,implantation,mRMR,0
P03,IMPL-05,75,0.7176867118841044,9.192886882066723,15.337487394713998,32.36998702088616,0.7750706800966475,implantation,mRMR,0
P01,IMPL-01,75,0.6244736789370631,10.929199643781711,22.24973308214154,36.06687591342108,0.6005855883857658,implantation,mRMR,1
P01,IMPL-02,75,0.7846294135958114,7.3721803994095865,13.008152921454153,23.386590848373675,0.8530231216308839,implantation,mRMR,1
P01,IMPL-03,75,0.8003017379128463,4.962141868886422,8.959406176518698,20.136844651815665,0.8676611916322704,implantation,mRMR,1
P01,IMPL-04,75,0.6565196715755692,7.715030062939096,12.51255276786353,32.3526637254629,0.6912640260457918,implantation,mRMR,1
P01,IMPL-05,75,0.7044877805302618,7.014726166222514,12.368396301747833,26.826071102856,0.6941973971635758,implantation,mRMR,1
P02,IMPL-01,75,0.6133616142778261,7.000809641765263,13.493568486525938,32.61185668726145,0.42878290102862504,implantation,mRMR,1
P02,IMPL-02,75,0.7136789911648637,7.416332790110333,12.84471323319778,30.590138157568653,0.8007697606739026,implantation,mRMR,1
P02,IMPL-03,75,0.6334104683199189,7.82407396812137,15.753700086778396,31.17410779209911,0.5030938974576289,implantation,mRMR,1
P02,IMPL-04,75,0.7322726997727405,8.985838570416952,15.951778728264184,26.65625313523421,0.8119603531367652,implantation,mRMR,1
P02,IMPL-05,75,0.7548379795976403,6.298419762072145,9.072527419768806,33.43168921310849,0.8819211952285352,implantation,mRMR,1
P03,IMPL-01,75,0.7303927281846958,5.688412077288177,10.58412816971956,31.301741779731714,0.7848791696038689,implantation,mRMR,1
P03,IMPL-02,75,0.7298290093057473,7.285215390216784,11.826225696332845,27.66333419780028,0.7683351894537667,implantation,mRMR,1
P03,IMPL-03,75,0.7167562421616991,9.285362091237461,17.559117719349107,26.820593449391435,0.7897442202332086,implantation,mRMR,1
P03,IMPL-04,75,0.7721235863264435,7.555434992241106,16.289313437422745,23.77550714447254,0.8060955276009614,implantation,mRMR,1
P03,IMPL-05,75,0.7374388340091107,8.549704176825415,14.921829044607446,29.42414094609058,0.7870970139275718,implantation,mRMR,1
P01,IMPL-01,75,0.6063210007423292,11.457509466374196,22.86191480383666,37.47066157266699,0.5783041527178604,implantation,mRMR,2
P01,IMPL-02,75,0.7853118277085206,7.34882122102785,13.60236808749083,23.321060828908134,0.8392885581375269,implantation,mRMR,2
P01,IMPL-03,75,0.7775563835753357,5.527322927054874,9.576642283042293,21.944775876657705,0.8487987787348814,implantation,mRMR,2
P01,IMPL-04,75,0.6670941348666218,7.477513397678699,13.065408662191555,31.590461456964906,0.6633788580763691,implantation,mRMR,2
P01,IMPL-05,75,0.716852045955093,6.72122921250157,12.090011716830775,25.67015468375479,0.7078083259607334,implantation,mRMR,2
P02,IMPL-01,75,0.6102208324500205,7.057679359089663,14.060570976071888,32.21870933098834,0.3797689873113066,implantation,mRMR,2
P02,IMPL-02,75,0.7087635740241327,7.543652714925437,13.453211966016402,29.68390200117334,0.7814461804295061,implantation,mRMR,2
P02,IMPL-03,75,0.6565160036846693,7.330935451758564,15.492895934803759,28.29687011567105,0.5194103746209155,implantation,mRMR,2
P02,IMPL-04,75,0.712533293128018,9.64836017891458,16.507820296179666,29.28424621043092,0.7986226329128858,implantation,mRMR,2
P02,IMPL-05,75,0.7858922933219641,5.500608164101702,8.122111526583922,30.745240108799738,0.9053646774356681,implantation,mRMR,2
P03,IMPL-01,75,0.7039758418491795,6.245778851053251,11.762983369370929,34.67997694507993,0.7342903967175112,implantation,mRMR,2
P03,IMPL-02,75,0.738316700836807,7.056343071946811,11.463567288392444,27.034141478102004,0.7823256213983192,implantation,mRMR,2
P03,IMPL-03,75,0.7080694953676707,9.570133024913238,17.37656232689498,28.77860165965902,0.7940933906940022,implantation,mRMR,2
P03,IMPL-04,75,0.7842785470572429,7.152427001399381,15.483848236851863,22.83363095226655,0.8247975890912811,implantation,mRMR,2
P03,IMPL-05,75,0.7110788930941312,9.408055396020911,15.858494572193669,34.05461470366836,0.7595296429187307,implantation,mRMR,2
P01,IMPL-01,75,0.6207023803304321,11.038958329328754,22.175873552049758,34.7404698643453,0.6032329546321469,implantation,mRMR,3
P01,IMPL-02,75,0.7691691974440302,7.901386844856588,13.92344264545576,24.457046720054077,0.8316120491216196,implantation,mRMR,3
P01,IMPL-03,75,0.7821462378634352,5.413273320928976,10.026346416850279,21.120748997923478,0.8342650203061426,implantation,mRMR,3
P01,IMPL-04,75,0.6591470070200696,7.656016575812408,13.69762356808588,31.1827674048781,0.6300135268404322,implantation,mRMR,3
P01,IMPL-05,75,0.713676033844495,6.796619852172675,11.837973530470423,26.543082084628416,0.7198638715910194,implantation,mRMR,3
P02,IMPL-01,75,0.6139076186776651,6.990923212978067,13.866488354198713,30.78338571322235,0.3967733132956158,implantation,mRMR,3
P02,IMPL-02,75,0.7214426704837227,7.215236720567255,13.317056713426048,26.66838256818013,0.7858476080173719,implantation,mRMR,3
P02,IMPL-03,75,0.6384543625936903,7.7164227711422635,16.164092333541316,29.605902826877912,0.4768673467000939,implantation,mRMR,3
P02,IMPL-04,75,0.7392066571959893,8.753111381196543,15.84031505006583,25.982499459721808,0.8145790407530069,implantation,mRMR,3
P02,IMPL-05,75,0.7799636729740149,5.652919437683401,9.255292658219904,30.867428846819433,0.8771159032677527,implantation,mRMR,3
P03,IMPL-01,75,0.7240994748517385,5.821192688224933,10.546434083804273,36.02759175878574,0.7864086945133786,implantation,mRMR,3
P03,IMPL-02,75,0.7327165203673398,7.207353070612157,12.107029559910295,27.268543171433762,0.7572032048762022,implantation,mRMR,3
P03,IMPL-03,75,0.7168005166548521,9.283910674607949,16.793813009167437,27.609197888632135,0.8076725875770918,implantation,mRMR,3
P03,IMPL-04,75,0.7930853461560571,6.860430137800593,14.726700388714276,22.737163480565684,0.8415131737197051,implantation,mRMR,3
P03,IMPL-05,75,0.7144109914109842,9.29955323124084,15.69010139423148,34.24907730552651,0.7646093908471606,implantation,mRMR,3
P01,IMPL-01,75,0.6055526781111815,11.479870485976981,22.52003034599144,37.869077117688356,0.590822199923215,implantation,mRMR,4
P01,IMPL-02,75,0.780138506625501,7.525905088072323,13.028811183812289,24.342157737354643,0.8525559226522714,implantation,mRMR,4
P01,IMPL-03,75,0.7713836308402747,5.680704706509529,9.52840226584503,23.11210848341832,0.8503182212590064,implantation,mRMR,4
P01,IMPL-04,75,0.648431812423805,7.896694255432747,14.82892546176222,31.178406119202496,0.5663745566756146,implantation,mRMR,4
P01,IMPL-05,75,0.7237585265961379,6.557286514781049,12.265689601305011,24.533424445334827,0.6992550570623293,implantation,mRMR,4
P02,IMPL-01,75,0.5643427580953286,7.888387527622993,15.15428556659478,34.24602602905302,0.2795256936210184,implantation,mRMR,4
P02,IMPL-02,75,0.7235431477057379,7.160829821961076,13.148650815408004,27.956465892695448,0.791229651936936,implantation,mRMR,4
P02,IMPL-03,75,0.6542977928701108,7.378278444370635,15.265061143034208,29.43711671256699,0.5334413129135303,implantation,mRMR,4
P02,IMPL-04,75,0.73023146979369,9.054349189473259,16.093469746732612,26.491741056511685,0.8086050083118431,implantation,mRMR,4
P02,IMPL-05,75,0.7647603030552435,6.04350687610199,10.277658346702623,36.040827682655596,0.8484682206853282,implantation,mRMR,4
P03,IMPL-01,75,0.7378623531591797,5.5308113396241865,9.791692452531247,31.552330657326422,0.8158855760559909,implantation,mRMR,4
P03,IMPL-02,75,0.7262989172666379,7.380405035804256,12.08431688490422,28.08617406790692,0.7581133194566319,implantation,mRMR,4
P03,IMPL-03,75,0.7063574789819231,9.626256740292247,17.59562631455594,28.052761140601824,0.7888689913835383,implantation,mRMR,4
P03,IMPL-04,75,0.7992876163671647,6.654788629629995,14.35289842079283,22.407221620796143,0.8494566803088595,implantation,mRMR,4
P03,IMPL-05,75,0.7353007229074437,8.619326877301512,15.27904101188803,28.422472883837884,0.7767816848482065,implantation,mRMR,4
P01,IMPL-01,75,0.6090314934094609,11.378624142415443,22.528258846639453,40.30998389988491,0.5905231297306986,implantation,MI,0
P01,IMPL-02,75,0.78471581177165,7.369222971707432,13.81473380906419,22.267404613868205,0.8342311999294806,implantation,MI,0
P01,IMPL-03,75,0.7794066156823676,5.481347994126046,9.90269141849982,21.86177790356964,0.8383278327661194,implantation,MI,0
P01,IMPL-04,75,0.672990287637601,7.345077877739473,13.838918285594282,29.946395813075373,0.6223411360225568,implantation,MI,0
P01,IMPL-05,75,0.7079085862513657,6.933524734198998,12.589757449612346,26.606155165718693,0.683153350141015,implantation,MI,0
P02,IMPL-01,75,0.6249421033096925,6.791123272629365,12.926797333551358,31.395524765008464,0.4757608582796832,implantation,MI,0
P02,IMPL-02,75,0.727645440635509,7.054571571148552,12.08909297853229,29.745335829536085,0.8235206617280251,implantation,MI,0
P02,IMPL-03,75,0.6589757615483813,7.278437151053822,15.155073287008422,29.49504972980631,0.5401403911414875,implantation,MI,0
P02,IMPL-04,75,0.7124494403486774,9.651174563320636,16.622573731764014,31.806048472859317,0.795813168785994,implantation,MI,0
P02,IMPL-05,75,0.7409494987425298,6.655226587776319,11.421977476420457,30.305678541710552,0.8128464935145634,implantation,MI,0
P03,IMPL-01,75,0.7322489743511722,5.649247358025568,9.88077743081942,32.622925861509685,0.8125201840982712,implantation,MI,0
P03,IMPL-02,75,0.7209885068854172,7.523601325451124,12.546498975649465,29.28019741805957,0.7392568815819394,implantation,MI,0
P03,IMPL-03,75,0.7476224778737204,8.273498044640467,16.233357486628233,26.104292543318387,0.820295369625049,implantation,MI,0
P03,IMPL-04,75,0.7711015542750872,7.589321328257745,16.215945439362326,24.327018332614117,0.8078383075884342,implantation,MI,0
P03,IMPL-05,75,0.6930413601810729,9.995406422987907,16.63155352938029,32.402385591049196,0.735513646873083,implantation,MI,0
P01,IMPL-01,75,0.6158781187417732,11.17936211750275,22.14618923976664,39.13408647582196,0.6042944572675142,implantation,MI,1
P01,IMPL-02,75,0.7885110268267272,7.239311963395104,12.606474636656491,23.95680248054924,0.8619599650969286,implantation,MI,1
P01,IMPL-03,75,0.7987331965006156,5.001117295779799,8.77664480862533,21.113711084916424,0.8730052365092097,implantation,MI,1
P01,IMPL-04,75,0.6464661568754624,7.940845522314347,12.836694784695634,32.574504113535454,0.6750610124994851,implantation,MI,1
P01,IMPL-05,75,0.7228723940967376,6.578321099548602,11.874672813353635,25.497932108451298,0.7181242611910446,implantation,MI,1
P02,IMPL-01,75,0.6109249651743404,7.044929721838066,13.488107833477919,33.450338093777454,0.42924513416499477,implantation,MI,1
P02,IMPL-02,75,0.728832057006706,7.02383564318157,12.500530235377354,30.21160850087417,0.8113037363565831,implantation,MI,1
P02,IMPL-03,75,0.6566848623536219,7.3273315225629085,15.08681194208163,30.27514267415391,0.5442736526673332,implantation,MI,1
P02,IMPL-04,75,0.7265735105559978,9.177122739944824,16.447066420569225,27.98196670268494,0.8001021670978699,implantation,MI,1
P02,IMPL-05,75,0.7456340909353127,6.534875450206774,10.716610498470006,31.348396777549098,0.8352481643390279,implantation,MI,1
P03,IMPL-01,75,0.7557151883991814,5.15413647136384,9.663482398258875,30.81828308669715,0.8206755098127387,implantation,MI,1
P03,IMPL-02,75,0.7227743761366796,7.47544500000412,11.779531771390035,27.82755516819809,0.7701609594503978,implantation,MI,1
P03,IMPL-03,75,0.7474220582135012,8.280068248091869,16.271225571646692,25.259614312369095,0.8194559859754222,implantation,MI,1
P03,IMPL-04,75,0.7822025552520193,7.2212582633801015,16.819195914477017,22.429698833039954,0.7932751312506683,implantation,MI,1
P03,IMPL-05,75,0.7167643328583764,9.222922046555427,15.397075375479547,30.588126322164012,0.7733195301282075,implantation,MI,1
P01,IMPL-01,75,0.6155608747094672,11.188595087791109,22.653970667597367,36.63347508178481,0.5859404670091237,implantation,MI,2
P01,IMPL-02,75,0.7802979299511352,7.520447994157726,13.636655117857122,23.255818133562087,0.8384773371959499,implantation,MI,2
P01,IMPL-03,75,0.7960924916941103,5.066734050511547,8.525554970747402,21.107028196985347,0.8801676473131661,implantation,MI,2
P01,IMPL-04,75,0.6398705311535331,8.088992145330556,14.328378805907796,32.51415559624341,0.5951543271220976,implantation,MI,2
P01,IMPL-05,75,0.7293565399040649,6.424403581884266,11.490357493390631,24.705599182645457,0.7360744259377373,implantation,MI,2
P02,IMPL-01,75,0.598858577022173,7.26341420148742,14.2253730085955,33.86413104066696,0.3651444947964292,implantation,MI,2
P02,IMPL-02,75,0.7330244265021115,6.915244214688328,12.818821356318928,28.27082239239366,0.8015721523873935,implantation,MI,2
P02,IMPL-03,75,0.6388828172537984,7.707278317569603,15.956173265652296,29.599076285640933,0.49023892374877787,implantation,MI,2
P02,IMPL-04,75,0.7030114160943757,9.967946750172132,16.40203280700853,31.292739616945486,0.8011953465380153,implantation,MI,2
P02,IMPL-05,75,0.7562749305651595,6.261503275757918,9.986723456433591,30.933034714316292,0.8569257699461061,implantation,MI,2
P03,IMPL-01,75,0.7054297625258884,6.215102749918726,10.969940377606052,34.48224754133588,0.7689101773534959,implantation,MI,2
P03,IMPL-02,75,0.7148333802762918,7.689575558977473,12.089780987596946,29.053890748188575,0.7578945247185005,implantation,MI,2
P03,IMPL-03,75,0.7462440189133406,8.318687003693695,15.892071127462943,25.758939562239963,0.8277720776847906,implantation,MI,2
P03,IMPL-04,75,0.7790606093581934,7.32543213362517,16.35157634686616,23.20629772300756,0.8046103661577751,implantation,MI,2
P03,IMPL-05,75,0.7123250774087605,9.367476252491931,15.899318466328548,31.402283042786955,0.7582899827441173,implantation,MI,2
P01,IMPL-01,75,0.6011941516233695,11.606719666623427,22.57408002445579,41.24477868785556,0.5888557311315346,implantation,MI,3
P01,IMPL-02,75,0.7687386833145201,7.91612343391563,13.843854333792248,25.18776275966756,0.8335316045131033,implantation,MI,3
P01,IMPL-03,75,0.7918875499418832,5.17121927390247,9.001282469219673,22.36803105307467,0.8664211965035936,implantation,MI,3
P01,IMPL-04,75,0.6594169373543409,7.649953577522651,13.068481886375418,30.881734456179128,0.6632204804964476,implantation,MI,3
P01,IMPL-05,75,0.7202854693703025,6.639728267756857,12.025668983923389,26.322724993600804,0.7109101233165993,implantation,MI,3
P02,IMPL-01,75,0.6072317738545949,7.111801844097381,13.6272545312851,32.15828606757215,0.41740829134186985,implantation,MI,3
P02,IMPL-02,75,0.7479448103238233,6.5287740348430585,12.232416372571704,26.350717553925907,0.819311321419022,implantation,MI,3
P02,IMPL-03,75,0.6347090243793958,7.796359050528015,16.04183719923285,30.322211628435518,0.48475072067481584,implantation,MI,3
P02,IMPL-04,75,0.7286146027052689,9.10861674692459,15.51514348451307,28.292420607399453,0.8221135836784168,implantation,MI,3
P02,IMPL-05,75,0.7666300258035648,5.9954721165242395,9.5779367456139,29.910286593579528,0.8683989668757329,implantation,MI,3
P03,IMPL-01,75,0.7300949946717442,5.694693921614867,10.147951849127258,33.26305857450241,0.802244267899622,implantation,MI,3
P03,IMPL-02,75,0.7173922605825716,7.620574834136038,12.594453660624044,28.176725041934287,0.7372598703085735,implantation,MI,3
P03,IMPL-03,75,0.7411964159802518,8.484158685344228,16.738382062032994,25.92091075693055,0.8089401134865573,implantation,MI,3
P03,IMPL-04,75,0.7918728812564959,6.90063043576619,16.085574570850103,22.64613891975513,0.8109157205896664,implantation,MI,3
P03,IMPL-05,75,0.7029504838302287,9.672738462811319,16.259658411998394,31.790645053024186,0.7472096637222776,implantation,MI,3
P01,IMPL-01,75,0.6019609002824156,11.584404455408414,22.318199250444355,39.76749853806141,0.5981236757936412,implantation,MI,4
P01,IMPL-02,75,0.7773837407352949,7.620201302981753,13.218021778611725,26.79596696903,0.848242320273824,implantation,MI,4
P01,IMPL-03,75,0.7725236104100872,5.652378268943571,9.345495988260234,24.9026876219018,0.8560096196771689,implantation,MI,4
P01,IMPL-04,75,0.6421451598941912,8.037900925065628,14.312509187744586,31.006557937519464,0.5960506167047377,implantation,MI,4
P01,IMPL-05,75,0.7268196348764489,6.484623406669758,11.341627429022695,25.914671645668346,0.7428626603025057,implantation,MI,4
P02,IMPL-01,75,0.5607011981796127,7.954324766941308,15.029335963220316,35.569375107928444,0.29135757460514866,implantation,MI,4
P02,IMPL-02,75,0.7344609474899508,6.8780352171748795,12.762772753010026,27.49865246144373,0.8033035580347836,implantation,MI,4
P02,IMPL-03,75,0.6487188325595001,7.497349488040054,15.354016978947948,29.65357531323196,0.5279878076108382,implantation,MI,4
P02,IMPL-04,75,0.7242590530226789,9.254803804800128,15.882516082513813,29.734206186014173,0.813589744853877,implantation,MI,4
P02,IMPL-05,75,0.7165879051932018,7.281096541021247,11.784116544337234,33.914451096939196,0.8007907834028004,implantation,MI,4
P03,IMPL-01,75,0.7173131174688321,5.964377243440358,10.09910815041832,33.77927175223716,0.804143345881023,implantation,MI,4
P03,IMPL-02,75,0.7275063115761063,7.347847404125159,11.733742427677099,27.99049383730592,0.7719443451162414,implantation,MI,4
P03,IMPL-03,75,0.7306132479441038,8.831098536863024,16.84398551473573,26.52509515119356,0.8065216920107041,implantation,MI,4
P03,IMPL-04,75,0.7793397124209469,7.316178235809352,16.397664306291254,23.33763361250328,0.8035073776675306,implantation,MI,4
P03,IMPL-05,75,0.7158714120541041,9.251997971401547,16.00125558286668,30.803527388773826,0.755180640871432,implantation,MI,4
P01,IMPL-01,75,0.5909637276481617,11.90446270031836,23.01314230678357,41.54940823473561,0.5727068148927337,implantation,DDA,0
P01,IMPL-02,75,0.7925990221562083,7.0993790248074795,13.457178839174821,21.12148648215455,0.8427010586803918,implantation,DDA,0
P01,IMPL-03,75,0.7867312871809498,5.299343109661447,9.097160478273368,24.34953947061601,0.8635603866810645,implantation,DDA,0
P01,IMPL-04,75,0.6567075223833152,7.710810681189476,14.146530659366174,29.91648874369793,0.6053652882611833,implantation,DDA,0
P01,IMPL-05,75,0.7161902470952741,6.736938673812773,12.125583318700665,26.460426627611287,0.7060864059971514,implantation,DDA,0
P02,IMPL-01,75,0.7461313392217042,4.596765954314299,10.37667870653369,22.876255259088424,0.6621963765783945,implantation,DDA,0
P02,IMPL-02,75,0.7468682840433303,6.556658391586277,12.239089297606073,28.37369211181836,0.8191141321086409,implantation,DDA,0
P02,IMPL-03,75,0.6545654091467921,7.3725667440549385,14.793827801012851,28.762871717313672,0.5618020895194211,implantation,DDA,0
P02,IMPL-04,75,0.7221375887112592,9.326007360878034,16.32577274978674,30.378624177996628,0.803039704464011,implantation,DDA,0
P02,IMPL-05,75,0.7788089258100193,5.682585869482137,8.80906246099719,27.055532924604563,0.8886796025264845,implantation,DDA,0
P03,IMPL-01,75,0.7476972092966367,5.323306868197958,9.075246903811193,30.915356706781584,0.8418427212987131,implantation,DDA,0
P03,IMPL-02,75,0.7472622844255362,6.815123601760122,11.519825608234738,25.582859160603817,0.7801838720501559,implantation,DDA,0
P03,IMPL-03,75,0.7461847045177628,8.320631461867691,15.342266305634658,25.530742571505016,0.8394827924821094,implantation,DDA,0
P03,IMPL-04,75,0.7819623520826684,7.2292224023697615,15.110179483736479,24.120848343471053,0.8331518051867576,implantation,DDA,0
P03,IMPL-05,75,0.7281051090152485,8.853635595107326,15.770790718334691,27.29917704716847,0.7621820836504717,implantation,DDA,0
P01,IMPL-01,75,0.6049211731459416,11.498249607370148,22.8262436095639,40.83778279587891,0.5796190608854421,implantation,DDA,1
P01,IMPL-02,75,0.7940841404368049,7.048543114194917,12.633668404238119,22.960387808802217,0.8613637829798692,implantation,DDA,1
P01,IMPL-03,75,0.815964856049392,4.572941615011668,8.17669118040819,19.22155901557871,0.889774022465581,implantation,DDA,1
P01,IMPL-04,75,0.668134363602209,7.454148461456,12.769817182584209,30.432186560998183,0.6784379771146005,implantation,DDA,1
P01,IMPL-05,75,0.7217758517827814,6.60435029074713,12.471927415322547,24.311961661643387,0.6890564572299807,implantation,DDA,1
P02,IMPL-01,75,0.7081862784396029,5.2838321049876775,10.66864874376908,26.511848006708433,0.6429192838415383,implantation,DDA,1
P02,IMPL-02,75,0.7424524006954902,6.6710393118097935,12.2562518591364,28.605793649040784,0.8186064731778356,implantation,DDA,1
P02,IMPL-03,75,0.6704684872489903,7.033149361288548,14.16298837337886,29.222660826423375,0.5983766252494636,implantation,DDA,1
P02,IMPL-04,75,0.7301470293937362,9.057183296425226,16.074663950100017,28.03258217851432,0.8090520507918803,implantation,DDA,1
P02,IMPL-05,75,0.7508305917812665,6.401372946156334,9.57836216565028,31.696202197837707,0.8683872760573165,implantation,DDA,1
P03,IMPL-01,75,0.755528953276811,5.158065824278447,9.407217017097377,30.640238177305175,0.8300603924815526,implantation,DDA,1
P03,IMPL-02,75,0.7482087480023293,6.789602020045469,10.976342966726431,24.549101202480994,0.8004355950989541,implantation,DDA,1
P03,IMPL-03,75,0.7331940256551424,8.746494887670975,16.667210641243386,24.99978035643253,0.8105614284076977,implantation,DDA,1
P03,IMPL-04,75,0.782612112785925,7.207679037372797,16.15846899749954,22.46703253230778,0.8091981045391294,implantation,DDA,1
P03,IMPL-05,75,0.7339575229601643,8.663065113137828,15.018704032565747,28.503570909084857,0.7843236374834195,implantation,DDA,1
P01,IMPL-01,75,0.621968421742525,11.002111859257385,22.40102655751008,36.24458985193622,0.5951352537029004,implantation,DDA,2
P01,IMPL-02,75,0.7867065066894137,7.301081066635956,14.23029952047975,23.11894071520885,0.8241081024564594,implantation,DDA,2
P01,IMPL-03,75,0.805355308616666,4.836569745650528,8.28129161687042,19.548625971653127,0.8869358494358568,implantation,DDA,2
P01,IMPL-04,75,0.6726265646581486,7.353247584965293,13.804101891747905,31.03158644632361,0.6242389981952606,implantation,DDA,2
P01,IMPL-05,75,0.7322017748751439,6.356864769998608,11.788855628203663,23.96073771075447,0.7221837202029711,implantation,DDA,2
P02,IMPL-01,75,0.7227601611773425,5.019944755577837,10.56036740658278,25.55826195437651,0.6501308740717607,implantation,DDA,2
P02,IMPL-02,75,0.7348218603677257,6.868686793806632,12.451044861580892,27.069978212234663,0.8127947487465772,implantation,DDA,2
P02,IMPL-03,75,0.6719532822459162,7.001459569629187,14.66917660056726,26.891204145477992,0.5691553962091871,implantation,DDA,2
P02,IMPL-04,75,0.720158142087576,9.392444320441273,16.802791107819967,28.572442638027418,0.7913616930366836,implantation,DDA,2
P02,IMPL-05,75,0.7914980594550679,5.356591288501029,7.881701175011759,27.818395881369074,0.9108840790105012,implantation,DDA,2
P03,IMPL-01,75,0.7500729784948388,5.273180793671452,10.284426336660738,31.454946977925452,0.7968894750405906,implantation,DDA,2
P03,IMPL-02,75,0.7528835572234667,6.663544844193088,10.818929013496323,25.10134869089809,0.8061185376128474,implantation,DDA,2
P03,IMPL-03,75,0.7357333863367439,8.663248981074924,15.397905049834517,25.19560638274068,0.8383164498092632,implantation,DDA,2
P03,IMPL-04,75,0.7869080446326351,7.065243788038859,15.318348598387233,25.518664335545814,0.8285228869888226,implantation,DDA,2
P03,IMPL-05,75,0.7418852832082974,8.404915722878465,14.645836107554851,28.33381483891647,0.7948998526751554,implantation,DDA,2
P01,IMPL-01,75,0.605954758864942,11.46816845449665,22.740607471241407,37.88907608527404,0.5827673906317619,implantation,DDA,3
P01,IMPL-02,75,0.773381881146622,7.7571857970734195,13.79942914531635,24.089387986619272,0.8345982906677434,implantation,DDA,3
P01,IMPL-03,75,0.8089343950073314,4.747635899928168,8.695576877583887,20.184155291432017,0.8753404467621129,implantation,DDA,3
P01,IMPL-04,75,0.6748303498684477,7.303747605657285,13.288426229985195,29.780495036416532,0.6517889954494693,implantation,DDA,3
P01,IMPL-05,75,0.7307196496956709,6.392046740804156,11.65078761478888,24.59081975874155,0.7286530377122611,implantation,DDA,3
P02,IMPL-01,75,0.7103752968527965,5.24419584077024,11.144311738631268,25.68475239058626,0.6103684931516498,implantation,DDA,3
P02,IMPL-02,75,0.7440090215481275,6.630719468295163,12.516087750450197,27.42325704592648,0.8108337608136817,implantation,DDA,3
P02,IMPL-03,75,0.6407374980139825,7.667694100888816,15.023089213503079,30.51859569874491,0.5481152591667996,implantation,DDA,3
P02,IMPL-04,75,0.7459939216478955,8.525307706906373,15.138455522645039,26.919853727905867,0.8306464394820434,implantation,DDA,3
P02,IMPL-05,75,0.7775654730771339,5.714531222408965,8.531317204863516,29.6646185584075,0.8955886888934416,implantation,DDA,3
P03,IMPL-01,75,0.7397731354235382,5.490495969654896,9.94717876755727,29.86392428212934,0.8099918931016772,implantation,DDA,3
P03,IMPL-02,75,0.7362344179215901,7.112492251774527,12.312651087185483,25.821729369409578,0.7488860209616199,implantation,DDA,3
P03,IMPL-03,75,0.737379797117636,8.609275963741116,16.315180341214088,24.52235699064157,0.818479232347903,implantation,DDA,3
P03,IMPL-04,75,0.7814497662988147,7.2462176170364305,15.118015821624445,24.114800418709564,0.8329787009731613,implantation,DDA,3
P03,IMPL-05,75,0.7294251005523086,8.81065308809725,15.243522042075442,30.17657888220559,0.7778183034387997,implantation,DDA,3
P01,IMPL-01,75,0.6448328687882556,10.336672201658562,21.345292466567606,36.58072266727323,0.6323975986334565,implantation,DDA,4
P01,IMPL-02,75,0.7368936318553025,9.006186232673315,16.96523435331471,26.897386515860315,0.7500014566711675,implantation,DDA,4
P01,IMPL-03,75,0.8030366199225413,4.894184980404092,9.10322064568224,19.858228421148556,0.8633785448181689,implantation,DDA,4
P01,IMPL-04,75,0.7474637635561207,5.672303462277248,9.957409191647772,25.30763237030358,0.8044813898241123,implantation,DDA,4
P01,IMPL-05,75,0.749093239946763,5.955903340260324,10.913156182780833,23.211399641168814,0.7619242646869668,implantation,DDA,4
P02,IMPL-01,75,0.6608907643613298,6.140205665395988,12.569432595870172,27.037954705273375,0.5043456628945682,implantation,DDA,4
P02,IMPL-02,75,0.7414198330823908,6.6977850440848705,11.828157330604961,26.083402475653767,0.8310568388037437,implantation,DDA,4
P02,IMPL-03,75,0.6561842159327274,7.338016755747287,13.938794822529259,30.744330384176262,0.6109910130501441,implantation,DDA,4
P02,IMPL-04,75,0.7476568870680322,8.469492932690775,16.301183619939188,25.32084890691644,0.8036325627797253,implantation,DDA,4
P02,IMPL-05,75,0.7157396371782083,7.302889264137172,11.901744342247257,35.69984088473989,0.7967939641331722,implantation,DDA,4
P03,IMPL-01,75,0.751668602842154,5.23951490347877,9.846619937116323,26.124972468938807,0.8138141656198721,implantation,DDA,4
P03,IMPL-02,75,0.7456471746497761,6.858675363424174,11.646411700223505,25.28065728617122,0.7753264119995993,implantation,DDA,4
P03,IMPL-03,75,0.736683821769172,8.632091587874843,16.942648455936773,23.935737654397222,0.8042484715992033,implantation,DDA,4
P03,IMPL-04,75,0.7476328026074068,8.367447614851951,17.42088576399661,26.68685765340133,0.778219819838049,implantation,DDA,4
P03,IMPL-05,75,0.7266651322162656,8.900525147895276,15.990863998666223,27.082279311653583,0.7554985202884807,implantation,DDA,4
P01,IMPL-01,75,0.5986457884343599,11.680886425370767,22.70539657828519,41.25679561727145,0.584058451928543,implantation,PFI-SBS,0
P01,IMPL-02,75,0.7785995232440193,7.578584812399601,14.95857170531616,21.690071601975845,0.8056439755986098,implantation,PFI-SBS,0
P01,IMPL-03,75,0.7793726666179823,5.482191567184896,10.182788022263871,20.155745715054145,0.8290527282152262,implantation,PFI-SBS,0
P01,IMPL-04,75,0.660168652319455,7.633069048556411,15.166682006538185,29.646347472432765,0.5463963350167276,implantation,PFI-SBS,0
P01,IMPL-05,75,0.7115743446176019,6.846508734736006,12.719071374578249,26.456937400466458,0.6766110308542894,implantation,PFI-SBS,0
P02,IMPL-01,75,0.7448705149750815,4.619595530653027,10.255635185078617,22.557823367027403,0.6700313413882082,implantation,PFI-SBS,0
P02,IMPL-02,75,0.7385308391714749,6.772616228702176,12.335988711490304,28.236760654572606,0.816238571761031,implantation,PFI-SBS,0
P02,IMPL-03,75,0.645631190900732,7.563248633098942,15.144719661020833,29.681793488907886,0.5407685092543101,implantation,PFI-SBS,0
P02,IMPL-04,75,0.7120612453166364,9.664203708606893,16.7433686043317,30.56467706362904,0.7928347683400326,implantation,PFI-SBS,0
P02,IMPL-05,75,0.7597718170146939,6.171665303777909,10.253410549254665,28.090738676386596,0.8491823867757575,implantation,PFI-SBS,0
P03,IMPL-01,75,0.7350519505527223,5.590107693246155,9.73633832057227,31.796838915171264,0.8179613534617524,implantation,PFI-SBS,0
P03,IMPL-02,75,0.7454073648916129,6.865141882040423,11.186070890042119,26.212508718913462,0.7927364755822145,implantation,PFI-SBS,0
P03,IMPL-03,75,0.740168580710859,8.517853417822343,16.31997938365624,24.57743306468587,0.8183724294846924,implantation,PFI-SBS,0
P03,IMPL-04,75,0.7716759893886486,7.570275446817859,16.703612994874785,23.92292533339663,0.7961066296993478,implantation,PFI-SBS,0
P03,IMPL-05,75,0.7139504185708007,9.314550732949018,16.655309602256224,27.874093665145637,0.7347575365774954,implantation,PFI-SBS,0
P01,IMPL-01,75,0.6209879096269826,11.030648374710086,22.041412155128782,38.496247557494385,0.6080298894682756,implantation,PFI-SBS,1
P01,IMPL-02,75,0.7948979363181341,7.020686710283768,13.585644735448158,22.049114379772107,0.8396834867050083,implantation,PFI-SBS,1
P01,IMPL-03,75,0.8021400439093215,4.916463278308836,9.482457621096415,19.281651251435783,0.8517582309900578,implantation,PFI-SBS,1
P01,IMPL-04,75,0.6792581681250087,7.204292853417767,12.774657084364392,30.40456303103387,0.6781941798044882,implantation,PFI-SBS,1
P01,IMPL-05,75,0.714123095412502,6.786007720854929,12.293619428404394,25.587987180671202,0.6978838634413396,implantation,PFI-SBS,1
P02,IMPL-01,75,0.708446157446655,5.279126510495646,10.493429243199138,26.590862284326388,0.6545521923545944,implantation,PFI-SBS,1
P02,IMPL-02,75,0.7370945185490172,6.809820036319306,12.447182357460587,27.749268221980618,0.8129108785825802,implantation,PFI-SBS,1
P02,IMPL-03,75,0.6371106247786746,7.745101997224527,15.364295064159235,29.913214206716148,0.52735565964396,implantation,PFI-SBS,1
P02,IMPL-04,75,0.74801484034761,8.457478803450662,15.730193013125234,24.682618734367505,0.817148176194868,implantation,PFI-SBS,1
P02,IMPL-05,75,0.7786366878814901,5.687010807615073,8.696392426850384,28.686005103560113,0.8915090210740364,implantation,PFI-SBS,1
P03,IMPL-01,75,0.7386400354212286,5.5144031131622455,9.992934213044258,30.173763927631786,0.8082398584645932,implantation,PFI-SBS,1
P03,IMPL-02,75,0.7572286908868462,6.5463774364130805,10.67610166716478,24.620793346758273,0.811203844665524,implantation,PFI-SBS,1
P03,IMPL-03,75,0.7389005588663289,8.559422001913726,16.341745445872032,23.825008380110372,0.817887630675921,implantation,PFI-SBS,1
P03,IMPL-04,75,0.7824260057691048,7.2138495727279786,16.194607693310598,22.60816920521695,0.808343686657627,implantation,PFI-SBS,1
P03,IMPL-05,75,0.7161263703806608,9.243695836311415,15.991256362756433,29.98642378265029,0.7554865215900239,implantation,PFI-SBS,1
P01,IMPL-01,75,0.6220421516783596,10.999966046452096,22.431288258804457,36.58444791810078,0.594040645688307,implantation,PFI-SBS,2
P01,IMPL-02,75,0.7805488249487097,7.511859805704,14.475572241746798,22.937252182522556,0.8179925211905003,implantation,PFI-SBS,2
P01,IMPL-03,75,0.7977239459308335,5.026195353326076,9.109705641153218,19.959447662642667,0.8631838214042705,implantation,PFI-SBS,2
P01,IMPL-04,75,0.6854215233398343,7.065855607275991,13.388484415408165,30.655015497915688,0.6465253873177004,implantation,PFI-SBS,2
P01,IMPL-05,75,0.738233910191634,6.213676858789031,11.393082348606162,23.795454908032838,0.7405241961786486,implantation,PFI-SBS,2
P02,IMPL-01,75,0.6934939309647077,5.549864479580516,11.167546146130615,27.445685878475867,0.6087421398301089,implantation,PFI-SBS,2
P02,IMPL-02,75,0.7346464548669439,6.873230175280125,12.733944450437711,27.309158900287894,0.8041911426578451,implantation,PFI-SBS,2
P02,IMPL-03,75,0.6481777334584907,7.5088980976552255,15.409454481249002,28.368837876973235,0.5245731420040194,implantation,PFI-SBS,2
P02,IMPL-04,75,0.7269118159896275,9.165768059224883,16.228973055646918,28.136315680983653,0.8053684363353768,implantation,PFI-SBS,2
P02,IMPL-05,75,0.7946834717321459,5.274755351583198,7.866260213662234,28.288265187314238,0.9112329091862383,implantation,PFI-SBS,2
P03,IMPL-01,75,0.7295454849792027,5.70628796190389,10.58188090238723,32.814188041287935,0.7849705106542633,implantation,PFI-SBS,2
P03,IMPL-02,75,0.7414438119586402,6.972019888272817,11.43112135280702,26.394573082603213,0.7835560680466571,implantation,PFI-SBS,2
P03,IMPL-03,75,0.7307353043501406,8.827097255654724,16.700782397560168,24.86031913623381,0.8097975104653847,implantation,PFI-SBS,2
P03,IMPL-04,75,0.7850744523297302,7.126038089755045,15.001699000344086,24.279940786427264,0.8355389113112413,implantation,PFI-SBS,2
P03,IMPL-05,75,0.7288429414797054,8.829609767527844,15.984484739910704,28.66922207088118,0.7556935600425547,implantation,PFI-SBS,2
P01,IMPL-01,75,0.6058359133501698,11.471627296886277,22.557979383356987,38.416894763118385,0.5894420075695745,implantation,PFI-SBS,3
P01,IMPL-02,75,0.7722801991795705,7.794896602153544,14.944298567179164,23.946734200578074,0.8060146990821578,implantation,PFI-SBS,3
P01,IMPL-03,75,0.7984111826757562,5.009118758917208,10.100880053114343,20.00517551237464,0.8317917874295738,implantation,PFI-SBS,3
P01,IMPL-04,75,0.6678006584878345,7.4616439270664054,13.503294239064184,31.157549757176067,0.6404371163895874,implantation,PFI-SBS,3
P01,IMPL-05,75,0.725299596984269,6.520705331116255,11.993778182792031,25.521442334591594,0.7124413617806845,implantation,PFI-SBS,3
P02,IMPL-01,75,0.7148527147249817,5.163123833004488,10.70725720983534,25.18054538602601,0.6403301491653974,implantation,PFI-SBS,3
P02,IMPL-02,75,0.7420570798574007,6.681278975696368,12.436372630107575,27.17822335787728,0.8132356917279936,implantation,PFI-SBS,3
P02,IMPL-03,75,0.6334604958817496,7.823006236202201,15.296635070232792,31.30166767579608,0.5315092767928602,implantation,PFI-SBS,3
P02,IMPL-04,75,0.7388945292474277,8.763587456504178,15.744373684870562,26.909697230407904,0.8168183480155549,implantation,PFI-SBS,3
P02,IMPL-05,75,0.7674432193081594,5.974580487260775,8.723066703566538,30.730889123077997,0.8908424557948162,implantation,PFI-SBS,3
P03,IMPL-01,75,0.7475515742036754,5.326379605873395,10.278363942434781,29.160591899765947,0.7971288609068723,implantation,PFI-SBS,3
P03,IMPL-02,75,0.7410675515817919,6.982165825410993,11.539696861361858,26.224809012073884,0.7794248693702663,implantation,PFI-SBS,3
P03,IMPL-03,75,0.7391033709671022,8.552773368925175,16.380612324324645,24.767054378429368,0.8170203357350274,implantation,PFI-SBS,3
P03,IMPL-04,75,0.7834180261893362,7.180958297693384,16.284247164405198,24.315805301409004,0.8062161244858242,implantation,PFI-SBS,3
P03,IMPL-05,75,0.7267300654774219,8.898410744677923,15.492022566278001,28.295240234404197,0.770515226860552,implantation,PFI-SBS,3
P01,IMPL-01,75,0.6255417208401983,10.898115688989277,21.536209847647765,35.62706401839637,0.6257923437534241,implantation,PFI-SBS,4
P01,IMPL-02,75,0.7860190934014958,7.324611367834892,13.579394027535237,23.291782993697552,0.8398309749086645,implantation,PFI-SBS,4
P01,IMPL-03,75,0.7993552806190327,4.985659626705947,8.89381541196378,20.135631661807246,0.8695917727607694,implantation,PFI-SBS,4
P01,IMPL-04,75,0.6539936067968679,7.7717688747307605,14.910505545235857,30.746883075260563,0.5615903251014158,implantation,PFI-SBS,4
P01,IMPL-05,75,0.7177519872442264,6.699866841360789,12.121564538953118,25.54548368816129,0.7062811971638825,implantation,PFI-SBS,4
P02,IMPL-01,75,0.6908954310152238,5.596915171317952,11.427258821637409,26.139280726665376,0.590332329794572,implantation,PFI-SBS,4
P02,IMPL-02,75,0.7286308141472899,7.029048268071147,13.010577129154708,27.594811630383457,0.7955912161720813,implantation,PFI-SBS,4
P02,IMPL-03,75,0.6429588210172357,7.620284685227405,15.225173280513342,29.878917358030378,0.535876378772038,implantation,PFI-SBS,4
P02,IMPL-04,75,0.7280799417168766,9.12656178774603,16.121766344582067,27.318446905763476,0.8079313700688335,implantation,PFI-SBS,4
P02,IMPL-05,75,0.755310945044998,6.286268879502627,9.721980599286471,31.49448510878255,0.8644108713675883,implantation,PFI-SBS,4
P03,IMPL-01,75,0.723740474664022,5.828767190907317,10.50730574315634,31.56469064580897,0.7879906452954363,implantation,PFI-SBS,4
P03,IMPL-02,75,0.749170020557899,6.763681111223859,11.24823451044665,25.628498911423765,0.7904264506260668,implantation,PFI-SBS,4
P03,IMPL-03,75,0.7291593526433071,8.87876046739832,16.86059522256392,23.970869624017524,0.8061399293186781,implantation,PFI-SBS,4
P03,IMPL-04,75,0.7854959042916075,7.1120644939406095,15.457068677213439,23.771093507851464,0.8254030956851772,implantation,PFI-SBS,4
P03,IMPL-05,75,0.7448770937570504,8.307494251396156,15.160122444272528,26.287215783929714,0.7802428316084662,implantation,PFI-SBS,4
P01,IMPL-01,75,0.626711457863578,10.864072031481985,21.33997899429985,36.18871474184577,0.6325805899940238,implantation,NSGA2,0
P01,IMPL-02,75,0.7624724308325603,8.130618572256196,15.945788623176394,25.204386444346984,0.7791437177478646,implantation,NSGA2,0
P01,IMPL-03,75,0.775512495447548,5.578109863046283,9.627215662156715,22.862745668354123,0.8471976021694048,implantation,NSGA2,0
P01,IMPL-04,75,0.6395119684068,8.097045946790413,15.235678258079762,32.48683873400972,0.5422598810994717,implantation,NSGA2,0
P01,IMPL-05,75,0.7121244674775116,6.833450184307973,11.65397248507198,28.268326352567914,0.7285046661128282,implantation,NSGA2,0
P02,IMPL-01,75,0.7590286414857126,4.363236223752285,9.980821415538253,21.448122563599004,0.6874783318303015,implantation,NSGA2,0
P02,IMPL-02,75,0.6626074109458415,8.739197069479985,14.788970275948312,31.58102954766802,0.7358915458916936,implantation,NSGA2,0
P02,IMPL-03,75,0.6274902856641349,7.95042767710853,15.35038171221009,31.842002918811318,0.5282112914190621,implantation,NSGA2,0
P02,IMPL-04,75,0.6909289629367847,10.373474963083465,20.47291934281194,28.92257641719707,0.6902646712840044,implantation,NSGA2,0
P02,IMPL-05,75,0.7153792791508891,7.312147166796662,12.903814151360923,31.404766814441405,0.7611355227172526,implantation,NSGA2,0
P03,IMPL-01,75,0.6820781776806666,6.707795088530341,11.233722729752603,38.17683996533077,0.7576630231196603,implantation,NSGA2,0
P03,IMPL-02,75,0.6982876661084436,8.135734086908206,12.078784613584967,31.542212404597752,0.7583347430495512,implantation,NSGA2,0
P03,IMPL-03,75,0.7212598363470806,9.137724229621702,17.00557373295806,27.69331067797279,0.8027917225802361,implantation,NSGA2,0
P03,IMPL-04,75,0.7334793216919396,8.836718230651302,17.94927967776613,29.58362740889793,0.7645621325747298,implantation,NSGA2,0
P03,IMPL-05,75,0.6711302215221873,10.708892566317175,17.39338900694228,33.95221658829723,0.7107282300944947,implantation,NSGA2,0
P01,IMPL-01,75,0.6364757909545411,10.57989395992243,21.719142005312147,34.940978821646894,0.6194081798814087,implantation,NSGA2,1
P01,IMPL-02,75,0.7508131384559726,8.52971859870249,16.138296697394882,26.789026170479296,0.7737788828178775,implantation,NSGA2,1
P01,IMPL-03,75,0.7773442895478367,5.5325930813516315,10.333584298127116,21.860799016328347,0.8239521436075836,implantation,NSGA2,1
P01,IMPL-04,75,0.6851481835235413,7.071995187116768,12.258756953573123,32.069875150373925,0.7036613747571763,implantation,NSGA2,1
P01,IMPL-05,75,0.7118206201184174,6.8406627659880135,11.448600229385807,28.30606465683211,0.7379892113467648,implantation,NSGA2,1
P02,IMPL-01,75,0.7452599264563303,4.612544508940714,9.365037144004104,23.91845821427811,0.7248518656491443,implantation,NSGA2,1
P02,IMPL-02,75,0.6584706981463011,8.846346869291446,15.02771814433462,32.16017566636397,0.727295369058222,implantation,NSGA2,1
P02,IMPL-03,75,0.6272913993733469,7.954672482035823,15.71860906374486,31.25313406328141,0.5053051269704913,implantation,NSGA2,1
P02,IMPL-04,75,0.7077244775763974,9.809760380631376,19.991844752464868,26.784173991877168,0.7046500276448926,implantation,NSGA2,1
P02,IMPL-05,75,0.722419466195795,7.131278804154088,12.773151194154869,31.492526924226745,0.7659484749072657,implantation,NSGA2,1
P03,IMPL-01,75,0.6929627143178443,6.478143531857852,11.171183570914941,36.228589356796405,0.7603537365877737,implantation,NSGA2,1
P03,IMPL-02,75,0.7071867532409433,7.895768403064915,11.723360418106024,29.818302969750988,0.7723477336424593,implantation,NSGA2,1
P03,IMPL-03,75,0.7331618629275829,8.747549253611856,16.943966747710135,26.035029128645938,0.8042180079240823,implantation,NSGA2,1
P03,IMPL-04,75,0.7301355896876448,8.947582489846273,18.345276097965886,29.00333151248617,0.75405909277219,implantation,NSGA2,1
P03,IMPL-05,75,0.6723513519930198,10.669129243940366,16.836512160344093,33.67165513780777,0.7289546948110897,implantation,NSGA2,1
P01,IMPL-01,75,0.6232199464040666,10.965687880116885,22.42397993319157,35.384176177601745,0.5943051333800884,implantation,NSGA2,2
P01,IMPL-02,75,0.758902599395223,8.252814652003803,15.743189641651608,25.002411215629177,0.7847202375164881,implantation,NSGA2,2
P01,IMPL-03,75,0.7689489466098617,5.741202221264952,9.814858389511835,22.747265020310095,0.8411830527497041,implantation,NSGA2,2
P01,IMPL-04,75,0.6587203390272558,7.66560011268205,14.215355111658809,33.27004657177746,0.6015160635963085,implantation,NSGA2,2
P01,IMPL-05,75,0.7291342808965287,6.429679458728345,10.757508214428832,27.435880600315393,0.7686669062897827,implantation,NSGA2,2
P02,IMPL-01,75,0.7537056400384922,4.459619100442672,9.278002056585551,22.413101320849123,0.7299423446070104,implantation,NSGA2,2
P02,IMPL-02,75,0.6504260748381938,9.054719995199074,16.375999388970513,31.90739717873893,0.6761662880623229,implantation,NSGA2,2
P02,IMPL-03,75,0.62330761640214,8.039697857683663,15.69545762782141,31.366642048710514,0.5067612942822212,implantation,NSGA2,2
P02,IMPL-04,75,0.7167220064014868,9.507772718236485,18.9476605003604,26.562977474645127,0.7346968646943557,implantation,NSGA2,2
P02,IMPL-05,75,0.726321607724509,7.031029486260073,12.181846080354385,32.21978092325498,0.7871167042079088,implantation,NSGA2,2
P03,IMPL-01,75,0.6775962949502548,6.802357804443024,11.77043606695048,38.5744265333563,0.7339535976978017,implantation,NSGA2,2
P03,IMPL-02,75,0.7162321203263329,7.651858250715451,11.514636126206241,29.183268728093363,0.780381874163101,implantation,NSGA2,2
P03,IMPL-03,75,0.7233034935832011,9.070728587519712,17.48507778403227,27.03280690838275,0.791513614791819,implantation,NSGA2,2
P03,IMPL-04,75,0.7298584805572377,8.956770277150783,18.29066876292851,29.389235477740243,0.7555210701256827,implantation,NSGA2,2
P03,IMPL-05,75,0.6728613344920255,10.652522829639146,17.1409550450322,33.83614588972026,0.7190638255157851,implantation,NSGA2,2
P01,IMPL-01,75,0.6159790544430452,11.176424516678225,22.350942621140025,37.46125676324106,0.5969436130083776,implantation,NSGA2,3
P01,IMPL-02,75,0.7587546086504503,8.25788040627472,15.81370891078154,25.216973204916982,0.782787290864704,implantation,NSGA2,3
P01,IMPL-03,75,0.776159210782001,5.562040152650206,9.985465890441931,22.713395113867648,0.8356137709606276,implantation,NSGA2,3
P01,IMPL-04,75,0.6502782492846264,7.855220800589205,14.255157751244004,33.088800590363334,0.5992814493814658,implantation,NSGA2,3
P01,IMPL-05,75,0.7217408864766583,6.605180280275859,11.17696222587706,27.5289327960383,0.7502750358455328,implantation,NSGA2,3
P02,IMPL-01,75,0.7498850474684202,4.5287980601361255,10.146765039277186,22.148817287874937,0.6769998145403989,implantation,NSGA2,3
P02,IMPL-02,75,0.6700568246882337,8.54624115740923,14.828980346268237,30.747988940980736,0.7344605751617577,implantation,NSGA2,3
P02,IMPL-03,75,0.6166937045735561,8.180857740586793,15.848990310778511,32.09576007611278,0.49706439344936104,implantation,NSGA2,3
P02,IMPL-04,75,0.6955329832027651,10.218948387534724,20.372915299600105,27.828132812211802,0.6932832084484136,implantation,NSGA2,3
P02,IMPL-05,75,0.7151042380547686,7.319213205297827,12.017100257174626,33.635608082931626,0.7928357850919079,implantation,NSGA2,3
P03,IMPL-01,75,0.6932182054650092,6.472752954232153,11.320264847542045,37.093654679962725,0.7539148198036874,implantation,NSGA2,3
P03,IMPL-02,75,0.7041594898582048,7.977399172265907,11.824188452882673,30.557889014042257,0.7684149980045546,implantation,NSGA2,3
P03,IMPL-03,75,0.737111601745331,8.618068006192651,17.307220789598567,26.042277704174378,0.795733461090999,implantation,NSGA2,3
P03,IMPL-04,75,0.7272562006881075,9.043051064468232,18.743459247922342,28.360186446600384,0.7432669627506838,implantation,NSGA2,3
P03,IMPL-05,75,0.6779174049385117,10.487883453318934,16.706834881919672,34.32306744187229,0.7331138767185675,implantation,NSGA2,3
P01,IMPL-01,75,0.6179756592151218,11.118315960926427,21.599766154295704,37.5424623829227,0.6235804085481473,implantation,NSGA2,4
P01,IMPL-02,75,0.7489672311892364,8.592904392074583,16.178086786805213,26.589736518641388,0.7726619799148168,implantation,NSGA2,4
P01,IMPL-03,75,0.7649283470401405,5.84110687368618,10.068688836577087,23.335578026843855,0.8328622285230632,implantation,NSGA2,4
P01,IMPL-04,75,0.6504948850919332,7.850354869041542,15.072724177561602,32.66802593476177,0.5519990899200582,implantation,NSGA2,4
P01,IMPL-05,75,0.7268018974177679,6.485044449886701,10.852702689793002,27.375767887342246,0.7645546029426497,implantation,NSGA2,4
P02,IMPL-01,75,0.7410459427980367,4.688846548558739,9.603604519848133,22.546458840460048,0.7106549222847618,implantation,NSGA2,4
P02,IMPL-02,75,0.6542067656209418,8.956791934888603,15.586490462746614,31.97785431867332,0.706638506911402,implantation,NSGA2,4
P02,IMPL-03,75,0.6228068781933732,8.050385049884982,15.396463544797333,31.970895344449712,0.5253744210717992,implantation,NSGA2,4
P02,IMPL-04,75,0.7021932474685264,9.995407271340577,19.331935750423003,27.69029776722407,0.7238265790692404,implantation,NSGA2,4
P02,IMPL-05,75,0.6847466662852912,8.099124912860011,14.482683583307557,36.44439473588349,0.6991060509083302,implantation,NSGA2,4
P03,IMPL-01,75,0.6844813280572726,6.657091301745279,11.111389083337011,37.69753978067148,0.7629123151968719,implantation,NSGA2,4
P03,IMPL-02,75,0.7118725270146586,7.769415565835331,11.6796138090913,29.774558561773247,0.7740435670764956,implantation,NSGA2,4
P03,IMPL-03,75,0.7278253767454607,8.922491172452583,17.615109929057564,26.399412911336555,0.7884011623222724,implantation,NSGA2,4
P03,IMPL-04,75,0.7227626976283335,9.192036954268108,18.536421643103875,29.483037073589312,0.7489073122691371,implantation,NSGA2,4
P03,IMPL-05,75,0.6796751739473968,10.430645723662902,16.925538374756986,33.16427774566298,0.7260807107533827,implantation,NSGA2,4
P01,ETCH-01,75,0.7444153376741954,2.4409491738986033,4.415020355499362,27.682048274600046,0.7171472368654717,etching,ALL,0
P01,ETCH-02,75,0.7253384401954805,3.2704519061827244,5.167415359255894,34.21538378167677,0.7638148053624172,etching,ALL,0
P01,ETCH-03,75,0.7412841407219815,2.7191618125913717,4.029653877805321,28.532724477385084,0.8121987921468072,etching,ALL,0
P01,ETCH-04,75,0.7050573712358958,3.3193997600040066,5.829534604253075,30.240155615392684,0.7144821220691464,etching,ALL,0
P01,ETCH-05,75,0.7842605122011074,2.5267018396277297,4.994041222150497,20.938133614733374,0.6992994537655128,etching,ALL,0
P02,ETCH-01,75,0.7240818924095027,3.1576228158890314,5.764858039331846,27.501524101127085,0.6666943923949109,etching,ALL,0
P02,ETCH-02,75,0.776020779726445,2.6965036917615284,4.984005134910914,21.40766765978698,0.7860205129765422,etching,ALL,0
P02,ETCH-03,75,0.7559786176694663,3.076165895654598,4.8912153099295175,25.646701013811114,0.7848823936429681,etching,ALL,0
P02,ETCH-04,75,0.7388224644991263,2.5129439245197123,3.9381807099366153,25.611797537109055,0.7341319756433676,etching,ALL,0
P02,ETCH-05,75,0.8022506588604809,3.341793738296266,5.12923596041392,21.544846479686484,0.7855562873288782,etching,ALL,0
P03,ETCH-01,75,0.7688569901103808,2.0739361565515235,3.4757532380854945,22.144345820654635,0.693809681299411,etching,ALL,0
P03,ETCH-02,75,0.7063582291207835,3.918450643159796,7.489158174590368,27.785358834317414,0.6374150041746252,etching,ALL,0
P03,ETCH-03,75,0.769105116671522,2.8349637031406636,4.680815503631718,23.747381288626872,0.7926493033851296,etching,ALL,0
P03,ETCH-04,75,0.7008784842539606,3.771927552227997,5.627259237800771,35.62035931184057,0.7230782847848642,etching,ALL,0
P03,ETCH-05,75,0.7111469674220716,3.178120666774632,6.301866801145256,25.36448124238889,0.535065133538809,etching,ALL,0
P01,ETCH-01,75,0.7591269125598659,2.300446976946939,4.094246316572104,27.01801934154463,0.7567555504633532,etching,ALL,1
P01,ETCH-02,75,0.717185184490289,3.367534405392357,5.4606830791550856,31.478889484266347,0.7362455041989384,etching,ALL,1
P01,ETCH-03,75,0.7245582430050537,2.8949547557843336,4.2230561234262405,30.048506022278364,0.793739247287554,etching,ALL,1
P01,ETCH-04,75,0.6783091870184284,3.620434292191003,6.0417880067538565,32.21257360941478,0.6933121977167231,etching,ALL,1
P01,ETCH-05,75,0.7809715219945079,2.5652218977326187,5.29194662531825,19.168497194706855,0.662354565414582,etching,ALL,1
P02,ETCH-01,75,0.7031520742784392,3.3971448677042715,6.229883484064386,29.03688310715891,0.610753035467885,etching,ALL,1
P02,ETCH-02,75,0.7710817109862109,2.7559655341397584,5.235287278953178,21.042150794806506,0.7638998756712579,etching,ALL,1
P02,ETCH-03,75,0.7738812345345945,2.8504831340969163,4.840329192272446,25.711244127945715,0.7893350941600309,etching,ALL,1
P02,ETCH-04,75,0.7399705831857127,2.501897193901966,3.9516009902243816,26.38497347929347,0.7323168721168296,etching,ALL,1
P02,ETCH-05,75,0.8133224219461427,3.1546904673657195,4.932274352872077,20.258696597735252,0.8017092696470125,etching,ALL,1
P03,ETCH-01,75,0.7540315905318098,2.2069574070578883,3.8202445135190812,21.668197468418015,0.6301071776075784,etching,ALL,1
P03,ETCH-02,75,0.7249565398873454,3.670268776640212,7.06877315479388,27.386576339488343,0.676978141216487,etching,ALL,1
P03,ETCH-03,75,0.7569704551948789,2.983954985841555,4.8277784356267635,24.67026879094652,0.7794245810967535,etching,ALL,1
P03,ETCH-04,75,0.7007931339098479,3.7730038215620425,5.581285178479175,34.373832613849274,0.7275846380719388,etching,ALL,1
P03,ETCH-05,75,0.6919453898399655,3.389387032939246,6.647913274279633,27.18637084421714,0.4826024505188721,etching,ALL,1
P01,ETCH-01,75,0.7435754534479068,2.44897044829619,4.305398886033306,27.79892241276462,0.7310188826070245,etching,ALL,2
P01,ETCH-02,75,0.7364279154866364,3.1384072340766638,4.838165424446127,31.05103233461702,0.7929537573000457,etching,ALL,2
P01,ETCH-03,75,0.7140974541347025,3.004899997275204,4.286023298155139,31.21413577849388,0.7875425586240908,etching,ALL,2
P01,ETCH-04,75,0.7076105326840377,3.290665481972628,5.976978867280988,29.429586870488567,0.6998564751797121,etching,ALL,2
P01,ETCH-05,75,0.7839799372737136,2.5299878824028936,4.788638353093398,20.621634894738904,0.7235261562304273,etching,ALL,2
P02,ETCH-01,75,0.717208568706705,3.2362815307318997,6.2472717789858505,26.9310023828423,0.6085771403235607,etching,ALL,2
P02,ETCH-02,75,0.7673315010334655,2.801114610782262,5.0873953524910425,22.2564261793708,0.7770506771336894,etching,ALL,2
P02,ETCH-03,75,0.7667946515004597,2.9398175392958907,4.913706564661229,24.60092742783239,0.7828994963624054,etching,ALL,2
P02,ETCH-04,75,0.7371315920833417,2.529212810571627,4.0054490834705225,26.462888600801815,0.724971779980998,etching,ALL,2
P02,ETCH-05,75,0.8035324548128745,3.320132489450636,5.292902155878865,21.929831617656006,0.7716527991464561,etching,ALL,2
P03,ETCH-01,75,0.7692230343512387,2.070651815889977,3.64866719840889,20.547232380586436,0.6625867853877261,etching,ALL,2
P03,ETCH-02,75,0.7139164037689004,3.8175919192038994,7.104373578555337,28.132598949548804,0.6737162815470309,etching,ALL,2
P03,ETCH-03,75,0.7707505210115901,2.8147611697893855,4.775198520943436,23.16623335782784,0.7842030439631944,etching,ALL,2
P03,ETCH-04,75,0.7055744147591176,3.7127117863156975,5.33353592424669,35.16650671311923,0.7512325143780341,etching,ALL,2
P03,ETCH-05,75,0.6860393507363929,3.454368538469327,7.046684217958788,27.237862820039137,0.4186692486275335,etching,ALL,2
P01,ETCH-01,75,0.7507402490711856,2.3805434081183985,4.091859721600145,27.331030757214492,0.7570390491768559,etching,ALL,3
P01,ETCH-02,75,0.7364102292409183,3.138617827856379,4.822117573198672,32.58449634708285,0.7943249947508437,etching,ALL,3
P01,ETCH-03,75,0.727700135597454,2.861932758677703,4.267009249569574,30.35315447856887,0.7894234235853649,etching,ALL,3
P01,ETCH-04,75,0.7233058977041795,3.1140237021819446,5.556635997376222,28.818113225601667,0.7405883751088893,etching,ALL,3
P01,ETCH-05,75,0.7777186845454831,2.6033185412832083,5.0236102397835944,21.34444648391153,0.6957281007142081,etching,ALL,3
P02,ETCH-01,75,0.7113263535028539,3.3035979424667032,6.306496390746904,25.986918902307966,0.6011205254511196,etching,ALL,3
P02,ETCH-02,75,0.7645214452126676,2.8349450968674583,5.412083913661941,21.308747299604768,0.7476843299623044,etching,ALL,3
P02,ETCH-03,75,0.7570444616810134,3.062729724745741,5.22074155955134,26.063987513868092,0.7549206130475019,etching,ALL,3
P02,ETCH-04,75,0.7460825395375232,2.443090437984934,3.6626565003003044,25.380306465713375,0.7700321058445181,etching,ALL,3
P02,ETCH-05,75,0.7944305963159093,3.4739460675730385,5.225546687974485,23.67383384833948,0.7774275402350777,etching,ALL,3
P03,ETCH-01,75,0.7546921176598218,2.2010308116837893,3.7269441905960248,22.291990154300763,0.647954042608783,etching,ALL,3
P03,ETCH-02,75,0.7234034007048014,3.690994367589123,7.218005694624484,27.66113907542962,0.6631952072725953,etching,ALL,3
P03,ETCH-03,75,0.7604408187326315,2.9413453163486407,4.923239576866695,23.53083115951523,0.7706153291237847,etching,ALL,3
P03,ETCH-04,75,0.6973598274176581,3.8162978765578357,5.534018065640106,35.69179058016334,0.7321791941693608,etching,ALL,3
P03,ETCH-05,75,0.7109429088186616,3.1803658322795347,6.659993771466229,25.30400680224641,0.4807203264684107,etching,ALL,3
P01,ETCH-01,75,0.7549512455329443,2.3403264864882707,4.007325335817448,26.94085285158012,0.7669740916674963,etching,ALL,4
P01,ETCH-02,75,0.7299263269387468,3.2158229913992185,4.930186426381258,32.65625807083883,0.7850028959781822,etching,ALL,4
P01,ETCH-03,75,0.7382728004456003,2.7508116755224834,3.9374183109752026,30.207069846111377,0.8206976402114927,etching,ALL,4
P01,ETCH-04,75,0.7474281095022456,2.8425428911890127,5.334199467901262,25.469063709809465,0.7609415819074714,etching,ALL,4
P01,ETCH-05,75,0.7862811155172149,2.50303689924961,4.8589122216138705,19.492609185904243,0.715352038338485,etching,ALL,4
P02,ETCH-01,75,0.7364448455750938,3.016140463286877,5.867164573873168,25.170668929462774,0.6547593491277555,etching,ALL,4
P02,ETCH-02,75,0.7611951494725302,2.8749906365037536,5.4436238649592985,22.786576300245343,0.7447349254360298,etching,ALL,4
P02,ETCH-03,75,0.7635323532060136,2.980942504079648,5.074007788550353,25.8072277718577,0.7685033800597739,etching,ALL,4
P02,ETCH-04,75,0.7377658714830914,2.523110032394354,3.836711990954464,26.345741466846835,0.7476558587695188,etching,ALL,4
P02,ETCH-05,75,0.8134308142096652,3.1528587313638083,5.284000393526862,19.84917182917176,0.7724202356620633,etching,ALL,4
P03,ETCH-01,75,0.7750112778503021,2.018716663356641,3.466383419618937,20.916294091555944,0.6954582912552463,etching,ALL,4
P03,ETCH-02,75,0.7171354422812994,3.774636029476431,7.658694592120371,28.2814418588203,0.6208131001360355,etching,ALL,4
P03,ETCH-03,75,0.7629141131671507,2.9109778181695374,4.866585732882965,24.180362453775157,0.7758642107207763,etching,ALL,4
P03,ETCH-04,75,0.7135238836132056,3.6124688448424704,5.161101011754115,33.92218306072915,0.7670579541337188,etching,ALL,4
P03,ETCH-05,75,0.7380809033646123,2.8817786215046755,5.287615742047692,24.586202738356366,0.6726793154219775,etching,ALL,4
P01,ETCH-01,75,0.7532795461128172,2.3562919723724134,4.345694063048782,25.60455901709519,0.725960414090741,etching,FILTER,0
P01,ETCH-02,75,0.7344185891360515,3.162332697829547,5.141793554906867,32.53997361463218,0.7661511719022384,etching,FILTER,0
P01,ETCH-03,75,0.7329375038262813,2.806886841794025,4.303234031250312,27.836907309938674,0.7858328666389027,etching,FILTER,0
P01,ETCH-04,75,0.7181699537048256,3.1718256257298783,5.648057698671296,28.246042484823775,0.7319821079099449,etching,FILTER,0
P01,ETCH-05,75,0.7695904261277161,2.69851523293516,5.143571610245734,21.89938105582074,0.6810228653028261,etching,FILTER,0
P02,ETCH-01,75,0.6895788556167619,3.552477568792422,6.456895834951238,30.93225029886093,0.5818684421165,etching,FILTER,0
P02,ETCH-02,75,0.7613890097985101,2.87265673658191,5.115435820164663,22.311713446850717,0.7745862207690589,etching,FILTER,0
P02,ETCH-03,75,0.7693689641332689,2.9073654129692144,4.680867764037282,24.38118631796643,0.8029868839987229,etching,FILTER,0
P02,ETCH-04,75,0.7391862519492294,2.509443709768087,4.058710223832329,25.24563696276304,0.7176089565341102,etching,FILTER,0
P02,ETCH-05,75,0.7980689485572223,3.4124610448282198,5.23859482848437,22.192731282101203,0.776314629862949,etching,FILTER,0
P03,ETCH-01,75,0.7471597178661709,2.2686154480745415,3.932434399201419,21.649022597974277,0.6080627368519209,etching,FILTER,0
P03,ETCH-02,75,0.704350169532296,3.9452468389545987,7.670423225158034,28.45778766320465,0.6196508265108481,etching,FILTER,0
P03,ETCH-03,75,0.7640133609001529,2.8974810815641288,4.803159931073898,23.397698249434203,0.7816684254250512,etching,FILTER,0
P03,ETCH-04,75,0.7059996452346682,3.707349622571723,5.521713341283835,34.60027827818315,0.7333688532827454,etching,FILTER,0
P03,ETCH-05,75,0.7326860389275092,2.941135900910698,5.719606303938337,23.703575661853137,0.6170113097245309,etching,FILTER,0
P01,ETCH-01,75,0.771248470642321,2.1846806124144087,4.0377234893927385,24.261839939379932,0.763425378531524,etching,FILTER,1
P01,ETCH-02,75,0.7057365355268759,3.503855832578088,5.392308840144935,34.12169927072766,0.7428091919441017,etching,FILTER,1
P01,ETCH-03,75,0.7182418495313811,2.9613414704404883,4.422206014467854,31.07646605442239,0.7738269608268338,etching,FILTER,1
P01,ETCH-04,75,0.7036942537605548,3.3347408174817414,5.96145769490748,28.937851163844307,0.7014132920028877,etching,FILTER,1
P01,ETCH-05,75,0.7720677222177168,2.669501589434986,5.310486208118553,20.111707700135543,0.6599846357440814,etching,FILTER,1
P02,ETCH-01,75,0.709420005481495,3.325414299717898,6.432432952019899,28.244775352258667,0.5850307439875517,etching,FILTER,1
P02,ETCH-02,75,0.7586411613216184,2.905738303493743,5.5705124399285975,21.88658573001056,0.7326959883010522,etching,FILTER,1
P02,ETCH-03,75,0.7668479904718292,2.939145141151642,4.878236674921541,25.79581457870473,0.7860224901553918,etching,FILTER,1
P02,ETCH-04,75,0.737347790996331,2.5271326326426866,4.078657362079142,25.771050437113463,0.7148264297114733,etching,FILTER,1
P02,ETCH-05,75,0.8048413469558926,3.2980133382947443,5.021756520657888,21.223963527215577,0.7944491556336932,etching,FILTER,1
P03,ETCH-01,75,0.7485489732041521,2.2561503214955563,3.867985814452381,21.422325345262934,0.6208043661815328,etching,FILTER,1
P03,ETCH-02,75,0.7098954828604039,3.8712483866499885,7.258848191121819,28.469300346486527,0.6593728586607008,etching,FILTER,1
P03,ETCH-03,75,0.755528527625382,3.001659199391692,5.033133781456294,24.818964213339612,0.760260607790581,etching,FILTER,1
P03,ETCH-04,75,0.7200701539139374,3.529920261702013,5.38493522996672,31.543836928253533,0.7464146644983307,etching,FILTER,1
P03,ETCH-05,75,0.7299724474287054,2.9709923339436646,6.038940693282838,23.785130864331265,0.5730517810945137,etching,FILTER,1
P01,ETCH-01,75,0.7507939798487884,2.3800302548798244,4.336362273959917,26.45061450141552,0.7271360761943911,etching,FILTER,2
P01,ETCH-02,75,0.7407134473268749,3.0873785215553693,4.581318777875342,30.93273064914097,0.8143534210158165,etching,FILTER,2
P01,ETCH-03,75,0.7077104158986876,3.0720292042569435,4.427675810159346,31.7955345610213,0.7732671111030155,etching,FILTER,2
P01,ETCH-04,75,0.7272811309672296,3.069284871465541,5.490404226480647,28.393037288288404,0.7467355821484862,etching,FILTER,2
P01,ETCH-05,75,0.7754364966250373,2.630047113209464,5.205543150397689,20.985234734864694,0.6732902667500061,etching,FILTER,2
P02,ETCH-01,75,0.6872267284437931,3.579395448492663,6.662476952225865,30.74741858404491,0.5548187902061346,etching,FILTER,2
P02,ETCH-02,75,0.7540466170286455,2.9610523885808857,5.408284209194864,22.310630492023645,0.7480384961001687,etching,FILTER,2
P02,ETCH-03,75,0.7616024962724102,3.005270536426429,5.242539622176841,23.82628770590517,0.7528697900089143,etching,FILTER,2
P02,ETCH-04,75,0.7543550416610413,2.363495790183375,3.7935323148141884,25.65362057357404,0.7533038322822937,etching,FILTER,2
P02,ETCH-05,75,0.8100191825983969,3.210512370512301,5.037470689214046,20.84566106040337,0.7931607162666785,etching,FILTER,2
P03,ETCH-01,75,0.7487439396245273,2.254400980649287,3.819076115165658,22.33596102076519,0.6303334019096957,etching,FILTER,2
P03,ETCH-02,75,0.7107314755030685,3.860092630782839,7.380583623227364,27.21797865166598,0.6478519947919685,etching,FILTER,2
P03,ETCH-03,75,0.7639021477818573,2.8988465737272135,4.82522833302786,23.350883393838192,0.7796575418255121,etching,FILTER,2
P03,ETCH-04,75,0.7110416101879987,3.643770356207674,5.255871150834814,33.81429271296229,0.7584246669286148,etching,FILTER,2
P03,ETCH-05,75,0.7287510808286538,2.9844304841292093,6.117553717602099,24.48414345244699,0.5618636760281034,etching,FILTER,2
P01,ETCH-01,75,0.7641225815976576,2.252736077161709,4.167076080069175,24.74087570286228,0.7480247618056467,etching,FILTER,3
P01,ETCH-02,75,0.7445310216246157,3.041921876118978,4.542551833886539,29.905611425348784,0.8174819963090137,etching,FILTER,3
P01,ETCH-03,75,0.7391342564864611,2.7417575789701036,4.115153755923199,29.785151197642623,0.8041448367684346,etching,FILTER,3
P01,ETCH-04,75,0.7298888752937638,3.0399362963615584,5.465415537928053,27.234296013084464,0.749035720086077,etching,FILTER,3
P01,ETCH-05,75,0.7846386287130531,2.5222734074659856,4.811166742005967,21.363478158482955,0.7209186670088625,etching,FILTER,3
P02,ETCH-01,75,0.6934202897582695,3.50851597382178,6.520099451712942,28.054645043246634,0.5736425792715907,etching,FILTER,3
P02,ETCH-02,75,0.7603193621816887,2.8855343095287225,5.399701237568771,22.03286313020115,0.7488375896183161,etching,FILTER,3
P02,ETCH-03,75,0.7511164432916444,3.1374591104414975,5.279167062295611,25.164372329480184,0.7494045353747052,etching,FILTER,3
P02,ETCH-04,75,0.7464967202959337,2.439105359335254,3.566490492199076,25.42554731947046,0.7819495594893775,etching,FILTER,3
P02,ETCH-05,75,0.8065563951426258,3.26903049942269,5.121488253532676,21.894781144305128,0.7862036321708391,etching,FILTER,3
P03,ETCH-01,75,0.7559360225782604,2.1898698452029337,3.683198324783149,22.397316929239373,0.6561699807324252,etching,FILTER,3
P03,ETCH-02,75,0.7334352934812391,3.5571255498652565,6.884866760500974,26.531928642607237,0.693567445122806,etching,FILTER,3
P03,ETCH-03,75,0.7557373036190442,2.9990958148957376,5.108306774480628,23.874772070490717,0.7530458136631021,etching,FILTER,3
P03,ETCH-04,75,0.7041117218944098,3.731156368956562,5.567457507780799,33.93069378920397,0.7289327876737338,etching,FILTER,3
P03,ETCH-05,75,0.7308906151244494,2.9608901456323067,5.988671256086987,24.020484211783693,0.580130213805693,etching,FILTER,3
P01,ETCH-01,75,0.7615511991529811,2.2772939430249957,4.205195804848285,25.7654573881556,0.7433936199398528,etching,FILTER,4
P01,ETCH-02,75,0.7312110020388776,3.2005260997153653,5.029478650024299,31.140664479497655,0.7762557595999724,etching,FILTER,4
P01,ETCH-03,75,0.7511701470597203,2.6152576646677277,3.8737236871788263,29.90614578388074,0.8264517772643628,etching,FILTER,4
P01,ETCH-04,75,0.72842755075249,3.0563826145893382,5.493150678228062,27.012458525446075,0.7464821390692339,etching,FILTER,4
P01,ETCH-05,75,0.7881863803766808,2.48072278200336,4.9318087034471905,19.736296532460216,0.7067470316609732,etching,FILTER,4
P02,ETCH-01,75,0.72674104057931,3.127191370105579,6.083037864341243,26.638959598072876,0.6288867797773843,etching,FILTER,4
P02,ETCH-02,75,0.7559621762543901,2.9379908183258436,5.397260186722933,22.82403031445176,0.7490646250059352,etching,FILTER,4
P02,ETCH-03,75,0.7653125546302804,2.9585010489234462,5.080904841091542,23.58603685373562,0.7678736098388855,etching,FILTER,4
P02,ETCH-04,75,0.7538701705180032,2.368161022936781,3.635854005491447,24.194241296987034,0.7733854975461103,etching,FILTER,4
P02,ETCH-05,75,0.8109332538951115,3.1950653519881698,5.199320054152795,20.107380031584043,0.7796560832730275,etching,FILTER,4
P03,ETCH-01,75,0.7724918235159292,2.0413225273251507,3.6461824734856965,20.256920415959936,0.66304618248378,etching,FILTER,4
P03,ETCH-02,75,0.7180054872923692,3.7630258678056423,7.618575102797368,26.988669593546,0.6247753783258228,etching,FILTER,4
P03,ETCH-03,75,0.7609772475742971,2.9347589586367793,4.93353151375993,23.975623806818895,0.7696552782725201,etching,FILTER,4
P03,ETCH-04,75,0.7281336924911813,3.4282388990220274,4.9860728839731365,32.10610448966732,0.7825895512911364,etching,FILTER,4
P03,ETCH-05,75,0.7360704569945906,2.9038986633161947,5.204633115127647,24.293327558154218,0.6828724894418063,etching,FILTER,4
P01,ETCH-01,75,0.7650459384876291,2.2439176010556716,4.011387397162575,24.864057830577867,0.7665014346194066,etching,TSFGA,0
P01,ETCH-02,75,0.757087214905996,2.892412690047527,4.594377454004515,27.184887455999586,0.8132935717453521,etching,TSFGA,0
P01,ETCH-03,75,0.7746911538357528,2.3680465984517935,3.6691870621944096,24.012752039268058,0.8442949856086175,etching,TSFGA,0
P01,ETCH-04,75,0.7649848739703997,2.6449521936142357,4.895560045279184,23.048719548529682,0.7986413451918398,etching,TSFGA,0
P01,ETCH-05,75,0.8040102575386394,2.2953963962633757,4.313694644673931,18.05756930050815,0.7756486072543329,etching,TSFGA,0
P02,ETCH-01,75,0.7346644911357041,3.03651494268324,5.551708189697722,23.87722745449582,0.6908860198619853,etching,TSFGA,0
P02,ETCH-02,75,0.7847380450843662,2.5915558390500566,5.0556187783803965,19.16907279350234,0.7798271234696685,etching,TSFGA,0
P02,ETCH-03,75,0.7818473918813629,2.750060698507422,4.500532168386219,21.890016295420818,0.8178747605548169,etching,TSFGA,0
P02,ETCH-04,75,0.7531364228610844,2.375220844192268,3.818241138564427,22.999343255962362,0.7500797007369977,etching,TSFGA,0
P02,ETCH-05,75,0.8083030075658288,3.2395142521095206,5.231645324360463,19.03223800648003,0.7769077168849402,etching,TSFGA,0
P03,ETCH-01,75,0.7804987734929434,1.9694799781216978,3.458549006459631,18.60902273165459,0.6968333320835087,etching,TSFGA,0
P03,ETCH-02,75,0.6943112611762643,4.079209274838747,7.298498554378379,29.39656621367874,0.6556414465278737,etching,TSFGA,0
P03,ETCH-03,75,0.8162792214893304,2.255752622501939,4.017648505555487,18.3558020243747,0.8472411680223733,etching,TSFGA,0
P03,ETCH-04,75,0.7422041866106278,3.2508097217519376,5.087338656462373,25.828326648805692,0.7736687796054432,etching,TSFGA,0
P03,ETCH-05,75,0.7432087262743166,2.825359480533757,4.860847873310121,22.999989346798202,0.7233837203450201,etching,TSFGA,0
P01,ETCH-01,75,0.776801138639544,2.1316501205319294,3.924112506384305,23.146477211346724,0.7765512621763353,etching,TSFGA,1
P01,ETCH-02,75,0.7748896419267823,2.680435515570519,4.355996872904925,24.778760834465505,0.8321655748713634,etching,TSFGA,1
P01,ETCH-03,75,0.7769311912312984,2.3445033021044352,3.96221958292869,22.72541184325941,0.8184317230378753,etching,TSFGA,1
P01,ETCH-04,75,0.7713955438153606,2.572804006578692,4.788601088589752,20.914156868883463,0.8073438586369053,etching,TSFGA,1
P01,ETCH-05,75,0.7893085058531051,2.4675806514898335,5.10892969742489,17.868910469628503,0.6853050132616284,etching,TSFGA,1
P02,ETCH-01,75,0.7387667192336411,2.9895688065592148,5.8049541020562865,23.40277242952723,0.662041816973046,etching,TSFGA,1
P02,ETCH-02,75,0.79178925201347,2.506665796605581,4.989574265658656,17.964829349746214,0.7855420441547125,etching,TSFGA,1
P02,ETCH-03,75,0.8105766075080411,2.3878963976758367,3.881793430896069,19.754749087687514,0.8645100018785388,etching,TSFGA,1
P02,ETCH-04,75,0.7463016821871757,2.4409819366201773,3.9168296466660912,22.902190228554296,0.7370069971428601,etching,TSFGA,1
P02,ETCH-05,75,0.7864529337093702,3.6087617023111753,5.654283236799725,20.52437868238604,0.7394067993899308,etching,TSFGA,1
P03,ETCH-01,75,0.8026058460596396,1.7711237434534965,3.109340758485722,17.58753964013974,0.7549638149568125,etching,TSFGA,1
P03,ETCH-02,75,0.7396451630888166,3.4742590439015713,6.552188606952374,24.581779376847386,0.7224657395291771,etching,TSFGA,1
P03,ETCH-03,75,0.7843180726443688,2.648176636321421,4.764585643609938,21.537786208439556,0.7851611953779776,etching,TSFGA,1
P03,ETCH-04,75,0.7234215226354329,3.4876594434296933,5.408582388945295,28.46829271106391,0.7441826082062404,etching,TSFGA,1
P03,ETCH-05,75,0.7655766172115182,2.579255585327108,4.969596298712242,20.214953945856145,0.7108681744940684,etching,TSFGA,1
P01,ETCH-01,75,0.7608012317767225,2.284456470818606,4.094471541894343,26.733487307672917,0.7567287878740239,etching,TSFGA,2
P01,ETCH-02,75,0.7675208619527492,2.7681771002664988,4.22856703236585,26.679004808393504,0.8418415624979977,etching,TSFGA,2
P01,ETCH-03,75,0.7802202543512521,2.309934509685065,3.514716743160657,25.25705372349978,0.857129175003313,etching,TSFGA,2
P01,ETCH-04,75,0.7511230745198165,2.800958308980797,5.010239636855646,24.888648347555968,0.7890971081551088,etching,TSFGA,2
P01,ETCH-05,75,0.7762582216579436,2.62042321832821,4.947101396182727,20.89348837214656,0.7049255576991863,etching,TSFGA,2
P02,ETCH-01,75,0.7366874898282304,3.01336362838996,5.4258359657106965,25.540636024225407,0.704744017543038,etching,TSFGA,2
P02,ETCH-02,75,0.7734560489074773,2.7273806905888054,5.284621944554165,20.088559311731892,0.7594291362151236,etching,TSFGA,2
P02,ETCH-03,75,0.7512355271491714,3.1359579235465254,5.199475585584876,23.961863658245793,0.7569131410904308,etching,TSFGA,2
P02,ETCH-04,75,0.7586354599363523,2.322311348042447,3.7462066166119516,23.92079974931247,0.7594206869979887,etching,TSFGA,2
P02,ETCH-05,75,0.8192742403102657,3.0541098574577954,4.851716777193085,19.644903844829845,0.8081336374824565,etching,TSFGA,2
P03,ETCH-01,75,0.7796470517095585,1.9771220720908294,3.274728425703946,19.073084367709832,0.7282033109225559,etching,TSFGA,2
P03,ETCH-02,75,0.7208318961204354,3.7253093554136636,6.84966813072818,26.24736983542547,0.6966926862909419,etching,TSFGA,2
P03,ETCH-03,75,0.7646351995253979,2.8898460490923505,5.0596156660361,22.17683992178958,0.7577311884670074,etching,TSFGA,2
P03,ETCH-04,75,0.7015813065794722,3.7630649503944036,5.500706184724219,34.55638112328012,0.7353937709808304,etching,TSFGA,2
P03,ETCH-05,75,0.7408372647667354,2.8514516103633816,5.780615783297895,22.223307281881198,0.6087972619731705,etching,TSFGA,2
P01,ETCH-01,75,0.7802360574424523,2.0988450917087227,4.005308930277742,22.168130745708385,0.7672085405716065,etching,TSFGA,3
P01,ETCH-02,75,0.756996763619158,2.893489712196773,4.501645295887018,26.69432569261453,0.8207544135519096,etching,TSFGA,3
P01,ETCH-03,75,0.80008823650569,2.1011175530502593,3.4405066986205197,21.531840190641244,0.8630986573314565,etching,TSFGA,3
P01,ETCH-04,75,0.7764005257080042,2.5164759818272966,4.600344012378618,21.46227628082803,0.8221941046034447,etching,TSFGA,3
P01,ETCH-05,75,0.8093015401869086,2.233425851428141,4.376755592321855,18.4478546880237,0.7690411746615302,etching,TSFGA,3
P02,ETCH-01,75,0.7204607562798699,3.199063307642977,6.0684427591583425,23.94005630871932,0.6306654761275584,etching,TSFGA,3
P02,ETCH-02,75,0.7849641305019173,2.5888339786813335,4.864901198330937,19.120523551586537,0.7961253497562082,etching,TSFGA,3
P02,ETCH-03,75,0.7730110652932847,2.861452602911493,5.0435216558819524,22.350431176230916,0.7712768228223161,etching,TSFGA,3
P02,ETCH-04,75,0.7508716116586616,2.397011935606,3.6543360178037676,23.989051865632604,0.7710757584207432,etching,TSFGA,3
P02,ETCH-05,75,0.7996557586785608,3.385645318936053,5.361705582063631,20.159766213342103,0.7656775572539598,etching,TSFGA,3
P03,ETCH-01,75,0.789927980195041,1.8848761966081797,3.401930539380102,18.060115225786184,0.7066781154380357,etching,TSFGA,3
P03,ETCH-02,75,0.7496414357952618,3.340865551897728,6.331599768294249,24.402771486210685,0.7408383530313913,etching,TSFGA,3
P03,ETCH-03,75,0.7769214386982821,2.738993671589987,4.883409397817728,21.335314018614742,0.7743118685320616,etching,TSFGA,3
P03,ETCH-04,75,0.7125688062430264,3.6245123872071976,5.549942223121796,29.128970900036716,0.7306356658841524,etching,TSFGA,3
P03,ETCH-05,75,0.7465533691119796,2.788559871990652,5.386338793394772,22.477665707734175,0.6603426554175913,etching,TSFGA,3
P01,ETCH-01,75,0.7404196036697266,2.4791102416581925,4.334939830466675,28.713380132820266,0.7273150602502994,etching,TSFGA,4
P01,ETCH-02,75,0.7353939188183187,3.1507192459114943,4.837440467858207,29.032287702707276,0.7930158007726985,etching,TSFGA,4
P01,ETCH-03,75,0.7670431154470005,2.448429200376403,3.662023025568378,26.392879310237166,0.8449024157728342,etching,TSFGA,4
P01,ETCH-04,75,0.7478847087695701,2.8374041443597537,5.088952919394184,23.311924142223457,0.7824182808418205,etching,TSFGA,4
P01,ETCH-05,75,0.7963351068136059,2.3852863726150386,4.431925225380452,18.934568078011193,0.7631819393438709,etching,TSFGA,4
P02,ETCH-01,75,0.6966290810532035,3.471794380256245,6.083493463465941,29.63874086413856,0.6288311874257377,etching,TSFGA,4
P02,ETCH-02,75,0.7700100835120358,2.768866942747115,5.149039009209835,21.71924296901178,0.7716150171927162,etching,TSFGA,4
P02,ETCH-03,75,0.7524496326173579,3.120652749060201,4.921442999898084,25.70244045291179,0.7822153259980585,etching,TSFGA,4
P02,ETCH-04,75,0.7414784441710796,2.4873891693318932,3.903961306636332,25.212367218612776,0.7387322312397753,etching,TSFGA,4
P02,ETCH-05,75,0.7707749650844619,3.8737058840617427,5.878215769050291,23.292533041248163,0.7183569701161792,etching,TSFGA,4
P03,ETCH-01,75,0.775062337777848,2.0182585269417044,3.4518426809888556,20.046950915142926,0.6980079074102825,etching,TSFGA,4
P03,ETCH-02,75,0.7220434177068551,3.7091424200171974,7.47923543407549,26.691681045830357,0.638375179743655,etching,TSFGA,4
P03,ETCH-03,75,0.7643339135035577,2.893545286268454,5.016839367659086,22.949118729231014,0.761810373666932,etching,TSFGA,4
P03,ETCH-04,75,0.7043814571576014,3.727755002563703,5.46905137763863,32.766949404536874,0.7384304568463667,etching,TSFGA,4
P03,ETCH-05,75,0.7214297311653088,3.06498401845114,4.841101400520396,25.583235764571842,0.7256265805626884,etching,TSFGA,4
P01,ETCH-01,75,0.7654572218735736,2.2399896586195975,4.133781369912501,24.492291510236804,0.7520352126676613,etching,mRMR,0
P01,ETCH-02,75,0.7460078440414631,3.0243370466593706,4.7376687626074006,30.068994175363382,0.801465807578827,etching,mRMR,0
P01,ETCH-03,75,0.751798623864741,2.608652232232775,4.450032413085229,24.752711694707592,0.7709716519304184,etching,mRMR,0
P01,ETCH-04,75,0.7469772302154681,2.8476172631188734,5.100838435706679,25.609436504648365,0.7814007469539491,etching,mRMR,0
P01,ETCH-05,75,0.7925191249507638,2.4299784616303652,4.4059482593558785,18.82465084423405,0.7659499399317815,etching,mRMR,0
P02,ETCH-01,75,0.7352898288249805,3.0293585419216598,5.4592004760338115,23.62287296408521,0.7011016813558242,etching,mRMR,0
P02,ETCH-02,75,0.7944150446379079,2.4750536698335104,4.826964288210828,18.943278649900254,0.7992926155716011,etching,mRMR,0
P02,ETCH-03,75,0.8009317714542115,2.5094804795895387,4.146362451369418,22.56146873817555,0.8454115932499575,etching,mRMR,0
P02,ETCH-04,75,0.7593287749011618,2.3156405536907987,3.8018676724764715,22.642612870407934,0.7522185324985797,etching,mRMR,0
P02,ETCH-05,75,0.8132256311784907,3.1563261480683726,5.204487863139848,18.460488774385638,0.7792178485968472,etching,mRMR,0
P03,ETCH-01,75,0.7695568601955076,2.0676565555584996,3.509438291719353,20.258645072469523,0.6878460725308657,etching,mRMR,0
P03,ETCH-02,75,0.7157057957860956,3.793713694114705,7.274961490355699,26.29328315275566,0.657858921799393,etching,mRMR,0
P03,ETCH-03,75,0.7975433547723108,2.4857945416815346,4.277007002868455,21.468894509311003,0.8268819409302484,etching,mRMR,0
P03,ETCH-04,75,0.7494885499932075,3.158953771922769,4.957460412308809,25.074655552450263,0.7850776022738548,etching,mRMR,0
P03,ETCH-05,75,0.7530809651424486,2.7167396537168726,5.014445623981378,22.351672442305766,0.7056259455169067,etching,mRMR,0
P01,ETCH-01,75,0.7669305839790628,2.225918383835264,4.0331007211242405,23.73296384923301,0.7639667744991898,etching,mRMR,1
P01,ETCH-02,75,0.7353199213054923,3.1516003495761207,5.0624410472800125,29.427779426994523,0.773313381347671,etching,mRMR,1
P01,ETCH-03,75,0.7410182926891316,2.721955935150751,4.414956641062644,26.65126204763215,0.7745678891742166,etching,mRMR,1
P01,ETCH-04,75,0.7800439071497667,2.47547194136673,4.823270391677897,20.897804450297453,0.8045441128176047,etching,mRMR,1
P01,ETCH-05,75,0.7966396287686492,2.381719866585635,4.770638451662559,18.38625163510662,0.7256007121024969,etching,mRMR,1
P02,ETCH-01,75,0.7494371978703758,2.867455230563631,5.5610310102455145,23.17398929098561,0.6898469761154327,etching,mRMR,1
P02,ETCH-02,75,0.793603599174237,2.484822726470905,4.8630826230705235,18.627350116499798,0.7962777442579161,etching,mRMR,1
P02,ETCH-03,75,0.8042510424395484,2.467637309511522,3.934179873984763,22.100276891855444,0.8608283359825605,etching,mRMR,1
P02,ETCH-04,75,0.757806901053451,2.330283404317887,3.908844419760247,22.318340957878707,0.7380782299001898,etching,mRMR,1
P02,ETCH-05,75,0.812066950501755,3.1759068546734484,5.117677269817614,18.26054506378407,0.7865216925830736,etching,mRMR,1
P03,ETCH-01,75,0.7750923899469595,2.017988883139226,3.5206797401528727,18.42346186201293,0.6858430839561688,etching,mRMR,1
P03,ETCH-02,75,0.7470352707225536,3.375643060474785,6.4856918024427745,24.832056456845635,0.7280704294614626,etching,mRMR,1
P03,ETCH-03,75,0.7915461984114073,2.5594285709858284,4.595817601122315,21.37611856103717,0.8001114029736043,etching,mRMR,1
P03,ETCH-04,75,0.7291349720286945,3.415612746518058,5.350273455210096,27.455109595845055,0.7496687162406666,etching,mRMR,1
P03,ETCH-05,75,0.7559910824407612,2.684720935249687,5.2231383771870386,20.512861393950768,0.6806133636049828,etching,mRMR,1
P01,ETCH-01,75,0.7699356266988453,2.1972188661191634,4.057794995405268,24.787229364452354,0.7610675097424043,etching,mRMR,2
P01,ETCH-02,75,0.7458587654846591,3.026112155817775,4.690803417207019,27.22686664685065,0.8053742081927403,etching,mRMR,2
P01,ETCH-03,75,0.7426006069748035,2.705325456473781,4.275724830421991,26.386137737342015,0.7885623185756132,etching,mRMR,2
P01,ETCH-04,75,0.7795423712546915,2.4811164225891353,4.705610820584343,21.948114032396504,0.8139637616363715,etching,mRMR,2
P01,ETCH-05,75,0.8023038173952974,2.31538191441486,4.262464892266561,18.090405095639674,0.7809457915111846,etching,mRMR,2
P02,ETCH-01,75,0.7326418311466389,3.0596623808344803,5.555535456712955,23.91831051172177,0.6904596755756921,etching,mRMR,2
P02,ETCH-02,75,0.7783229401920493,2.66878779835433,5.114312803695611,20.02499261636573,0.7746851822685,etching,mRMR,2
P02,ETCH-03,75,0.7935932235248983,2.6019911876602038,4.563112345541251,22.12288847797696,0.8127746211486274,etching,mRMR,2
P02,ETCH-04,75,0.764322586349292,2.2675921328543387,3.7901491920128136,22.466562857331105,0.7537436499538158,etching,mRMR,2
P02,ETCH-05,75,0.817327974049241,3.0870000828647215,5.212006239822385,17.860024870528786,0.7785795063118252,etching,mRMR,2
P03,ETCH-01,75,0.7858897908712387,1.9211089464094102,3.396211211448931,18.26600475283567,0.707663552285299,etching,mRMR,2
P03,ETCH-02,75,0.7162808023518106,3.786040620762434,6.714919092862171,25.789987426846157,0.7085088385252578,etching,mRMR,2
P03,ETCH-03,75,0.7778041163603449,2.7281560163875507,5.05834100581796,21.710172142587663,0.7578532418155228,etching,mRMR,2
P03,ETCH-04,75,0.7123718276579543,3.6269962906147444,5.44948912190392,30.03366782879012,0.7402983270262942,etching,mRMR,2
P03,ETCH-05,75,0.7422866131654161,2.8355050784606535,5.206411963606548,22.70779853260025,0.6826556756220606,etching,mRMR,2
P01,ETCH-01,75,0.7691976399715629,2.204266973293966,3.7943542221388546,24.766893931476204,0.7910844583533597,etching,mRMR,3
P01,ETCH-02,75,0.7537150590889453,2.932565645661948,4.632993086546746,28.74912379622532,0.8101418560049286,etching,mRMR,3
P01,ETCH-03,75,0.7448363013261738,2.6818278064965537,4.083808764593455,27.659714148984737,0.8071171183290378,etching,mRMR,3
P01,ETCH-04,75,0.7280266229928394,3.0608948124860613,5.521962998266431,27.23892614662264,0.7438156933237203,etching,mRMR,3
P01,ETCH-05,75,0.8054071240397961,2.2790365485869186,4.544613697966718,17.955291052102485,0.7509859122038289,etching,mRMR,3
P02,ETCH-01,75,0.7261134046895132,3.134374071607122,6.0448017158042155,23.568686669111685,0.6335375295104423,etching,mRMR,3
P02,ETCH-02,75,0.7763781403796467,2.692201398363632,5.391021336721956,19.07747202234201,0.7496444167073066,etching,mRMR,3
P02,ETCH-03,75,0.7845140769189859,2.7164441133998225,4.660814610761277,23.038384404443175,0.8046713031301078,etching,mRMR,3
P02,ETCH-04,75,0.7741904651070505,2.1726474205357573,3.5223211161835697,20.92214851835001,0.7873170282557882,etching,mRMR,3
P02,ETCH-05,75,0.8260672934058975,2.93931310431524,4.710310682455682,18.105542585031824,0.8191547662277143,etching,mRMR,3
P03,ETCH-01,75,0.7817992634936362,1.9578113006438078,3.4324798476489233,18.382782424808248,0.7013864056646222,etching,mRMR,3
P03,ETCH-02,75,0.7469123577443597,3.3772832509593145,6.685991323044129,24.845073461677075,0.7110149078419545,etching,mRMR,3
P03,ETCH-03,75,0.7560065216361063,2.9957903137274142,5.007945611724826,23.5278941309096,0.7626541410343561,etching,mRMR,3
P03,ETCH-04,75,0.7300933832268672,3.4035271645239464,5.052631458280408,29.99593555045199,0.7767464308033822,etching,mRMR,3
P03,ETCH-05,75,0.7547078501870275,2.6988397655401837,5.489277224260265,21.942706921779404,0.6472362050700873,etching,mRMR,3
P01,ETCH-01,75,0.7591190478961014,2.3005220880445463,4.1225341644505,24.96927669694027,0.7533827038010407,etching,mRMR,4
P01,ETCH-02,75,0.7433737457274836,3.0557017991866564,4.855291669060833,29.01129334844321,0.7914853492327585,etching,mRMR,4
P01,ETCH-03,75,0.7646835266580918,2.4732290087303412,3.8218698524201584,25.200905344303276,0.8310669280286317,etching,mRMR,4
P01,ETCH-04,75,0.7892111709564545,2.3722999671854357,4.593809208690099,20.29562014490052,0.8226988935312614,etching,mRMR,4
P01,ETCH-05,75,0.8044249823350418,2.290539214498923,4.308433403189335,17.499573874869075,0.7761955384252193,etching,mRMR,4
P02,ETCH-01,75,0.7628129340556029,2.714382530382354,5.506460718607691,21.08468630801931,0.6959041615155334,etching,mRMR,4
P02,ETCH-02,75,0.7933606781138552,2.487747272486048,4.851522292110848,19.378234745116934,0.7972451542981691,etching,mRMR,4
P02,ETCH-03,75,0.7862428280341234,2.694651247661288,4.576416553870205,22.843517547604915,0.8116812811350326,etching,mRMR,4
P02,ETCH-04,75,0.7517345411584465,2.388709179246748,3.744206121890566,23.971964036248636,0.7596775597188689,etching,mRMR,4
P02,ETCH-05,75,0.8039636674480009,3.312845366896216,5.428356300580978,19.327110973820112,0.7598156798427244,etching,mRMR,4
P03,ETCH-01,75,0.7838885691291425,1.9390649561117683,3.3970779574221663,17.5360559538556,0.7075143190628597,etching,mRMR,4
P03,ETCH-02,75,0.7385057978101717,3.489463102219066,6.920387819676503,24.56530615046062,0.690397336458328,etching,mRMR,4
P03,ETCH-03,75,0.7930924951796461,2.5404428959936105,4.58454204044873,20.28991709517442,0.8010910289506874,etching,mRMR,4
P03,ETCH-04,75,0.7452188916600123,3.2127942382811034,5.025953851303812,27.258855498396684,0.7790977393023489,etching,mRMR,4
P03,ETCH-05,75,0.7543558705101986,2.7027124404268927,4.690034149447754,21.386464068747582,0.7424831288761389,etching,mRMR,4
P01,ETCH-01,75,0.7778027902123852,2.1220838947771767,3.9288822728136767,23.537641887577017,0.7760077272870709,etching,MI,0
P01,ETCH-02,75,0.7747509352886874,2.6820871241512054,4.3609904918146905,25.180431769244894,0.8317805509267384,etching,MI,0
P01,ETCH-03,75,0.79928884439069,2.1095193437965265,3.065910151224292,22.602605360329413,0.8912869353497933,etching,MI,0
P01,ETCH-04,75,0.7435414016954025,2.886285421779799,5.227167501523729,26.47215504815104,0.7704388604447989,etching,MI,0
P01,ETCH-05,75,0.8010776875682317,2.329742125061868,4.702481731207283,17.790785168590627,0.733385229678085,etching,MI,0
P02,ETCH-01,75,0.7725108915707677,2.603398542470785,4.915703653800761,20.75356690964076,0.757653488479571,etching,MI,0
P02,ETCH-02,75,0.8173092515018141,2.1994284879390618,4.468706943432465,16.664529815122656,0.8279800055903903,etching,MI,0
P02,ETCH-03,75,0.797232138424315,2.5561185440259964,4.097403790722908,22.70886977072195,0.8490406820259878,etching,MI,0
P02,ETCH-04,75,0.7765581084389486,2.149866920233874,3.60842151827929,21.027644383933012,0.776792206031454,etching,MI,0
P02,ETCH-05,75,0.8116491277816731,3.18296769918318,5.1329639576525565,20.216495914161467,0.7852444529353294,etching,MI,0
P03,ETCH-01,75,0.7897011602873769,1.8869113436271394,3.315754456213988,17.964999026803117,0.7213504752506856,etching,MI,0
P03,ETCH-02,75,0.7464660357567479,3.383239115733516,6.224545729039254,24.32602166344107,0.749528021752172,etching,MI,0
P03,ETCH-03,75,0.7675325462913285,2.854271969673969,4.844006816221787,22.048880970799868,0.7779391781500448,etching,MI,0
P03,ETCH-04,75,0.7042837983779946,3.7289864814848928,5.425882647361824,34.821938976464565,0.7425434411010917,etching,MI,0
P03,ETCH-05,75,0.7376436873628549,2.8865891135345794,5.8026118836533955,23.10316828125534,0.6058144288168088,etching,MI,0
P01,ETCH-01,75,0.7663055665395805,2.2318875831944642,4.016780923184584,23.998029681140267,0.7658731097451605,etching,MI,1
P01,ETCH-02,75,0.7670979604106543,2.7732126762511977,4.841841628760588,25.13017936401274,0.7926389960648674,etching,MI,1
P01,ETCH-03,75,0.7752983625453621,2.361664698478402,3.490108235594014,23.756135028321594,0.8591228091170835,etching,MI,1
P01,ETCH-04,75,0.714790702759029,3.2098570382302474,5.593267704797582,27.906924904043525,0.7371567975722686,etching,MI,1
P01,ETCH-05,75,0.7854207616048663,2.513113208576387,5.2868114643774184,18.043780805396615,0.6630095313555462,etching,MI,1
P02,ETCH-01,75,0.762135977453879,2.7221296609698924,5.140505386726704,21.797607882144465,0.7349809925128016,etching,MI,1
P02,ETCH-02,75,0.7935795185945076,2.4851126344903216,4.994052879143462,18.076148046755016,0.7851568788881214,etching,MI,1
P02,ETCH-03,75,0.8024882103334265,2.489859804740533,3.697237261142954,21.43362621995307,0.8770872210602966,etching,MI,1
P02,ETCH-04,75,0.7841843112746562,2.076490701079366,3.568103671389646,21.069327571081036,0.7817522596586897,etching,MI,1
P02,ETCH-05,75,0.8376704061487549,2.7432304813068065,4.511315278670406,17.75254167420361,0.8341122489268991,etching,MI,1
P03,ETCH-01,75,0.7843411532108108,1.9350041346692353,3.4693309391177114,17.589317171719355,0.6949401579989282,etching,MI,1
P03,ETCH-02,75,0.7584976862725603,3.222684884771085,6.129082231372654,23.857542516900075,0.7571518952690071,etching,MI,1
P03,ETCH-03,75,0.7669959380566428,2.860860530001555,4.913558352782407,22.142664656506504,0.7715165816068279,etching,MI,1
P03,ETCH-04,75,0.7222997875531385,3.5018045424629554,5.180855669078326,31.336184688689215,0.7652713210068149,etching,MI,1
P03,ETCH-05,75,0.7269271510887186,3.004498366918942,6.423716897527202,23.007767977768694,0.5169117632729995,etching,MI,1
P01,ETCH-01,75,0.7606878665733201,2.285539159807358,4.242827425321806,24.96050343829701,0.7387804120655677,etching,MI,2
P01,ETCH-02,75,0.7487323018132146,2.9918963654104904,4.859490437235529,27.06336855635241,0.7911245539192803,etching,MI,2
P01,ETCH-03,75,0.7779483522587838,2.3338127111568494,3.415963488999039,24.583921557867917,0.8650448903699871,etching,MI,2
P01,ETCH-04,75,0.7423087890174258,2.900157727199325,5.125974081018553,26.27027497698265,0.7792410348035055,etching,MI,2
P01,ETCH-05,75,0.7980953044498178,2.3646712564353303,4.828260110106381,17.726962968800652,0.7189320743393739,etching,MI,2
P02,ETCH-01,75,0.7494373192588022,2.867453841387443,5.163449586300402,23.356695603455808,0.7326099341188804,etching,MI,2
P02,ETCH-02,75,0.7986992335861862,2.4234759774871972,4.737923951605878,17.575009282348443,0.8066289964945725,etching,MI,2
P02,ETCH-03,75,0.777797794692793,2.8011104575229817,4.637088177757707,23.035541539509016,0.806654929387473,etching,MI,2
P02,ETCH-04,75,0.7760660409522657,2.154601393276289,3.493883754030129,21.960431619947705,0.7907373455614863,etching,MI,2
P02,ETCH-05,75,0.8338585364303444,2.8076478001346756,4.796363284489582,17.67795628257293,0.8124866898193903,etching,MI,2
P03,ETCH-01,75,0.7938187037313295,1.8499665870945368,3.2429275770667156,17.34742840650394,0.7334565084048226,etching,MI,2
P03,ETCH-02,75,0.7340863930216255,3.5484370672793193,6.57205337229073,25.282399262593298,0.7207803453471571,etching,MI,2
P03,ETCH-03,75,0.770946882503986,2.812350212493094,4.847685446615881,22.097350846110004,0.777601775707587,etching,MI,2
P03,ETCH-04,75,0.7137820400187764,3.6092134880469953,5.378544733405648,34.029891907501906,0.7470161850630003,etching,MI,2
P03,ETCH-05,75,0.719156734990173,3.089992778287339,6.525570759945691,23.90266739059935,0.5014707051360652,etching,MI,2
P01,ETCH-01,75,0.7758030736661223,2.1411820926393372,3.8885975949282146,23.718987117108572,0.7805775744138628,etching,MI,3
P01,ETCH-02,75,0.7627328447709882,2.825189009505164,4.667336767124654,27.893981664262167,0.8073166435325676,etching,MI,3
P01,ETCH-03,75,0.7716302344239272,2.4002175492364985,3.432544528137668,25.175586887610585,0.8637315702279912,etching,MI,3
P01,ETCH-04,75,0.7599086612534038,2.702081877936682,4.939131876468302,24.665103060136758,0.7950410997421933,etching,MI,3
P01,ETCH-05,75,0.8042415196686549,2.292687896047176,4.617146275449214,17.92707390010478,0.7429738928146039,etching,MI,3
P02,ETCH-01,75,0.7592915430735669,2.7546815328858254,5.480509534187587,21.705625865236005,0.6987637301095103,etching,MI,3
P02,ETCH-02,75,0.7925252885300711,2.4978045942946596,5.102464093538556,17.850816066055184,0.7757279802109595,etching,MI,3
P02,ETCH-03,75,0.7821244587323616,2.746567957052887,4.591373209426026,22.97178654368268,0.8104483422979464,etching,MI,3
P02,ETCH-04,75,0.7721470697259231,2.192308139052563,3.4996795339893008,22.288417408572293,0.7900425048994641,etching,MI,3
P02,ETCH-05,75,0.8245303636252206,2.9652858953630927,4.795305120079354,18.475631860221796,0.8125694183418146,etching,MI,3
P03,ETCH-01,75,0.7865703241046433,1.9150028457786072,3.416338508859737,18.248165049704287,0.7041882808425078,etching,MI,3
P03,ETCH-02,75,0.7577849245668474,3.2321962072093324,6.40552264261628,23.86519764443353,0.7347514835435163,etching,MI,3
P03,ETCH-03,75,0.766083741799086,2.8720606191634928,4.879915688323205,21.928592752861846,0.7746346785410161,etching,MI,3
P03,ETCH-04,75,0.716956720393973,3.569180712915942,5.264886652751076,33.409454136905445,0.7575951980420245,etching,MI,3
P03,ETCH-05,75,0.7315299615559914,2.953855702929118,6.256318067955349,23.018965904113198,0.5417617719852656,etching,MI,3
P01,ETCH-01,75,0.7704017948280956,2.192766749549896,3.9367144480219984,24.224410085009122,0.7751137858366351,etching,MI,4
P01,ETCH-02,75,0.733641605912368,3.1715843975096054,5.071594088191146,31.50981893105273,0.7724929282936779,etching,MI,4
P01,ETCH-03,75,0.7946484870619465,2.1582905419762977,3.0483886404319973,23.820817551142433,0.8925259632914891,etching,MI,4
P01,ETCH-04,75,0.7561761750149157,2.7440887386477693,4.862376047793974,24.646497074744005,0.8013618669845504,etching,MI,4
P01,ETCH-05,75,0.8135440456791332,2.1837383948516833,4.458567825242303,16.52931177702275,0.7603261088900442,etching,MI,4
P02,ETCH-01,75,0.772032380500651,2.6088746508924117,5.304605593371603,20.703275636958367,0.7177905295609024,etching,MI,4
P02,ETCH-02,75,0.7914966728494531,2.510188180489854,5.041956410348328,18.145549305865096,0.7810155114636823,etching,MI,4
P02,ETCH-03,75,0.7930051314457959,2.6094047543729304,4.257087429654752,20.963735621250045,0.8370450586141535,etching,MI,4
P02,ETCH-04,75,0.7707671352105002,2.2055853072060825,3.5546563732711456,21.958650029815548,0.7833942030275443,etching,MI,4
P02,ETCH-05,75,0.8096093052309559,3.217438945397917,5.266234229366168,19.618592232836455,0.773948025965628,etching,MI,4
P03,ETCH-01,75,0.7979356791385506,1.813026927285024,3.2171911551505685,16.815506781795364,0.7376703892449008,etching,MI,4
P03,ETCH-02,75,0.7607412554913608,3.1927459723947567,6.301393298886973,23.166530787547295,0.7433052445224729,etching,MI,4
P03,ETCH-03,75,0.7710757492173785,2.810767966712052,5.054498045562294,21.291645523935333,0.758221033105421,etching,MI,4
P03,ETCH-04,75,0.714998927600667,3.593868514327373,5.239229460980666,33.71552842943486,0.7599520472735771,etching,MI,4
P03,ETCH-05,75,0.7737051865345395,2.48982057428967,4.70458589876658,20.902680085373767,0.7408826567973068,etching,MI,4
P01,ETCH-01,75,0.7732592590901872,2.165476672882047,3.946887583085872,23.588050542233205,0.7739499961389367,etching,DDA,0
P01,ETCH-02,75,0.7872554525168738,2.5331932555154832,4.241888892596714,22.557198948675687,0.8408434543830159,etching,DDA,0
P01,ETCH-03,75,0.7998947914461859,2.103150704091351,3.1385133217745307,21.500946625584902,0.8860771490321426,etching,DDA,0
P01,ETCH-04,75,0.743605896197335,2.8855595754172936,5.211253838107609,25.1218417739427,0.771834491192411,etching,DDA,0
P01,ETCH-05,75,0.7854759714220939,2.5124666011881076,5.038850392513059,18.260812032368538,0.6938791578750181,etching,DDA,0
P02,ETCH-01,75,0.7763060907009318,2.5599660636498074,4.997544434681149,20.317054711346515,0.7495167356148217,etching,DDA,0
P02,ETCH-02,75,0.7953900743517792,2.463315209364632,4.7719069817184785,18.061461640170855,0.803845119280971,etching,DDA,0
P02,ETCH-03,75,0.8065585108131151,2.4385490572924886,4.062813580203382,21.993039528990728,0.8515787153968543,etching,DDA,0
P02,ETCH-04,75,0.7805569725969697,2.1113914771923903,3.6364165541314146,20.542854215270587,0.7733153673692078,etching,DDA,0
P02,ETCH-05,75,0.8119896334018016,3.1772134471455082,5.073772524048528,20.086848059198154,0.7901688574600412,etching,DDA,0
P03,ETCH-01,75,0.790185399529679,1.8825664955025467,3.3322616219002765,17.460566638971507,0.7185691091684788,etching,DDA,0
P03,ETCH-02,75,0.7449179286285947,3.403897557323174,6.485452830995782,24.115813887867958,0.7280904680965824,etching,DDA,0
P03,ETCH-03,75,0.7752755750537206,2.7592018443540973,4.6292701661391025,22.132532911720844,0.7971908681984512,etching,DDA,0
P03,ETCH-04,75,0.7314039884123602,3.3870004101815705,5.333556374334793,29.50412402512593,0.751230606702967,etching,DDA,0
P03,ETCH-05,75,0.7518166468661477,2.730650381976957,5.596918101672557,21.159950784198543,0.6332656573754663,etching,DDA,0
P01,ETCH-01,75,0.7784607361523168,2.115800213338974,3.748845765630417,22.776512263330236,0.7960657587564723,etching,DDA,1
P01,ETCH-02,75,0.7671858019838537,2.7721667285011145,4.766447884405593,23.800716638312,0.799046476960182,etching,DDA,1
P01,ETCH-03,75,0.7885260305572102,2.2226389355127,3.3135498557233842,22.732896650656347,0.8730157346427891,etching,DDA,1
P01,ETCH-04,75,0.7536206879249573,2.772849190362214,4.866162808125783,24.308140525395114,0.8010523525021951,etching,DDA,1
P01,ETCH-05,75,0.7981037164681912,2.364572736398428,4.964358971198462,17.50310070626172,0.702863278839029,etching,DDA,1
P02,ETCH-01,75,0.7636743930463378,2.704523943760941,5.199920478133915,20.947908693792204,0.7288192920686336,etching,DDA,1
P02,ETCH-02,75,0.7955072917940967,2.461904019230288,5.22229020760794,16.963390294796774,0.7650707000967059,etching,DDA,1
P02,ETCH-03,75,0.8283054746535242,2.1644039481180566,3.421059203656557,19.65382467810737,0.8947641834369433,etching,DDA,1
P02,ETCH-04,75,0.7824410724137575,2.093263435748452,3.605281946675566,20.53301693312606,0.7771804489162809,etching,DDA,1
P02,ETCH-05,75,0.8305217275838935,2.8640369989289893,4.793531964075339,17.067034887499645,0.8127080048165696,etching,DDA,1
P03,ETCH-01,75,0.7879631624618513,1.9025055704743492,3.330001421320287,17.3515841564106,0.7189507565970062,etching,DDA,1
P03,ETCH-02,75,0.775468552374635,2.996220165553714,5.750115711741136,21.48828181381502,0.7862544948848087,etching,DDA,1
P03,ETCH-03,75,0.7861136139313074,2.6261306979161083,4.58793692067998,20.811069477510696,0.8007963333631418,etching,DDA,1
P03,ETCH-04,75,0.743111246876726,3.2393716759106206,4.991217753623705,28.060625314149227,0.7821406507109279,etching,DDA,1
P03,ETCH-05,75,0.7780258761292729,2.442281960022098,5.3386410284651085,19.01326788489571,0.6663315709760995,etching,DDA,1
P01,ETCH-01,75,0.7612555475524316,2.28011754958869,4.252844733477564,25.28407844012548,0.7375454779622902,etching,DDA,2
P01,ETCH-02,75,0.7785662216119547,2.6366577220993026,4.2557097485012125,21.550548389060367,0.8398046420897429,etching,DDA,2
P01,ETCH-03,75,0.776995583133749,2.3438265287412854,3.4164143246996876,24.97875453071665,0.865009265518272,etching,DDA,2
P01,ETCH-04,75,0.7597139049919789,2.704273741114081,4.870525990445936,24.01854949822826,0.8006954248558864,etching,DDA,2
P01,ETCH-05,75,0.8058260724721411,2.2741299003626385,4.847182249385215,17.233642713782952,0.7167247251760958,etching,DDA,2
P02,ETCH-01,75,0.7605340612493314,2.7404620828641773,5.082160615229659,22.715657178380493,0.7409627871760254,etching,DDA,2
P02,ETCH-02,75,0.793113340522392,2.490724989471031,4.951851875079683,17.5016361534114,0.7887724945568705,etching,DDA,2
P02,ETCH-03,75,0.7857930036363866,2.700321793652529,4.462721946834695,21.884608570225126,0.8209220753945835,etching,DDA,2
P02,ETCH-04,75,0.7831314617102164,2.08662079098667,3.443188053212735,20.956920109593575,0.796766024396024,etching,DDA,2
P02,ETCH-05,75,0.827868264998564,2.908878233804211,4.656530581027633,18.021232590313844,0.823260802090139,etching,DDA,2
P03,ETCH-01,75,0.7974939134395902,1.8169906805312757,3.216722405099682,17.24803004534753,0.7377468273887426,etching,DDA,2
P03,ETCH-02,75,0.74979758406609,3.338781858932578,6.293413114035367,23.732577109118196,0.7439549974877346,etching,DDA,2
P03,ETCH-03,75,0.7718449995259338,2.801322990400986,4.802503963261014,22.240765927104896,0.7817280564628822,etching,DDA,2
P03,ETCH-04,75,0.7126269752689508,3.623778874771546,5.258588787802616,34.058623747361864,0.7581747811275137,etching,DDA,2
P03,ETCH-05,75,0.7559522227824595,2.6851484906817698,5.662660565546099,20.721810556185417,0.6245995953516158,etching,DDA,2
P01,ETCH-01,75,0.7735189745057397,2.162996273145722,3.9295313519704265,22.891682716869717,0.7759337109562079,etching,DDA,3
P01,ETCH-02,75,0.7825218557316256,2.5895571698558575,4.110880173934561,22.775238360756436,0.8505225905622786,etching,DDA,3
P01,ETCH-03,75,0.7886829028787586,2.2209901721651515,3.3645040775976764,22.870522186044028,0.8690802974288402,etching,DDA,3
P01,ETCH-04,75,0.7505271287803841,2.8076653155357216,5.041326217362018,24.673273074303857,0.7864718488111478,etching,DDA,3
P01,ETCH-05,75,0.8145363017685646,2.1721172710966976,4.457148883807213,16.839991079266497,0.7604786372859357,etching,DDA,3
P02,ETCH-01,75,0.7442440164639574,2.926886299583192,5.579304738675314,21.86845786399777,0.6878052812699501,etching,DDA,3
P02,ETCH-02,75,0.7954058945594464,2.4631247486231085,5.025505499999399,17.634298514548025,0.7824421866594322,etching,DDA,3
P02,ETCH-03,75,0.7952770160055439,2.5807650764282544,4.345595460386043,21.78633140793402,0.8301987103458952,etching,DDA,3
P02,ETCH-04,75,0.7737745378177058,2.176649303595095,3.383670435125756,21.79887197021772,0.8037313475486804,etching,DDA,3
P02,ETCH-05,75,0.8223950124608758,3.001371492963321,4.788438319820695,18.40028980455059,0.8131058291928717,etching,DDA,3
P03,ETCH-01,75,0.7950730315935393,1.8387121005026676,3.191946811224633,17.58015352961916,0.7417710825726996,etching,DDA,3
P03,ETCH-02,75,0.7702341828037608,3.0660692839203407,6.088264792498328,22.28395614385228,0.7603756833334088,etching,DDA,3
P03,ETCH-03,75,0.7751722420374473,2.76047058338481,4.761394924065005,22.066195677752585,0.7854488429916863,etching,DDA,3
P03,ETCH-04,75,0.7250749483142807,3.46680971666212,5.136201618960579,31.388117725197002,0.7693001595650304,etching,DDA,3
P03,ETCH-05,75,0.7749161040691401,2.4764973904957244,5.494261524178292,19.464799089543327,0.6465952905207012,etching,DDA,3
P01,ETCH-01,75,0.7755999638029945,2.1431218837367414,3.8881533222247597,23.1673068847675,0.7806277096222971,etching,DDA,4
P01,ETCH-02,75,0.7759186350329697,2.668183082183138,4.323903945208385,24.749990966067635,0.8346295142988044,etching,DDA,4
P01,ETCH-03,75,0.7903579805837648,2.203384729107711,3.1561674566346802,24.202423282366116,0.8847919125565237,etching,DDA,4
P01,ETCH-04,75,0.7615125691660928,2.684030870651782,4.9463236750498005,23.330569487005487,0.7944437898031491,etching,DDA,4
P01,ETCH-05,75,0.8083668996928641,2.244372191756408,4.709730996981833,16.1577167147376,0.732562578492594,etching,DDA,4
P02,ETCH-01,75,0.7547730361517697,2.8063915879982453,5.525614598583384,22.31493939247539,0.6937849253056212,etching,DDA,4
P02,ETCH-02,75,0.7868959617871831,2.565576507804269,5.108599135705277,18.18338428463854,0.7751883407530809,etching,DDA,4
P02,ETCH-03,75,0.7856993037239405,2.7015029871706524,4.449113060635154,21.726442300441555,0.8220125915784182,etching,DDA,4
P02,ETCH-04,75,0.7693369622009303,2.2193458496988296,3.753034857737969,22.08931539045436,0.7585428760071606,etching,DDA,4
P02,ETCH-05,75,0.8139135632860931,3.1447006872890286,5.237354797764464,18.46502000458447,0.7764205147082722,etching,DDA,4
P03,ETCH-01,75,0.797062919196623,1.8208577866323084,3.139751064439422,17.17505411599195,0.7501473181307257,etching,DDA,4
P03,ETCH-02,75,0.7670172796252048,3.1089966790632477,6.268030647765896,22.27334195761142,0.7460161835552865,etching,DDA,4
P03,ETCH-03,75,0.7707727946842341,2.8144876901324474,4.944368339876949,21.15817311490537,0.7686422322509131,etching,DDA,4
P03,ETCH-04,75,0.7162164746993274,3.5785152240897293,5.229154403747598,33.57788124571444,0.7608743857553253,etching,DDA,4
P03,ETCH-05,75,0.7810429042051888,2.4090869501074246,4.575269196089336,19.489251591319796,0.7549317888380659,etching,DDA,4
P01,ETCH-01,75,0.7745801953648245,2.1528611337530275,4.133733661069024,23.315249243393566,0.75204093626255,etching,PFI-SBS,0
P01,ETCH-02,75,0.7766314119541885,2.6596959002041882,4.3272833171603144,25.116703309952065,0.8343709207806688,etching,PFI-SBS,0
P01,ETCH-03,75,0.8267464691069306,1.8209335384994711,3.1682424733073002,19.49307600274996,0.8839086890013268,etching,PFI-SBS,0
P01,ETCH-04,75,0.776358685971902,2.5169468625899665,4.69833541232661,21.099530062006785,0.8145385831896862,etching,PFI-SBS,0
P01,ETCH-05,75,0.7919452414752405,2.436699681042402,4.876544806494105,17.676588887909176,0.713282362647871,etching,PFI-SBS,0
P02,ETCH-01,75,0.7448069045112501,2.920444576144147,5.297140978716101,22.031486207078274,0.7185842182617743,etching,PFI-SBS,0
P02,ETCH-02,75,0.7940482632594008,2.479469380094515,4.659208835595564,17.998431585235522,0.8130008925631038,etching,PFI-SBS,0
P02,ETCH-03,75,0.8173954289952515,2.301937430034627,3.7299722150351435,20.209316039322513,0.8749010718432078,etching,PFI-SBS,0
P02,ETCH-04,75,0.7589721471307836,2.319071880918725,3.891463253766562,21.61142913938304,0.7404023869309164,etching,PFI-SBS,0
P02,ETCH-05,75,0.8074111341131758,3.2545861461661776,5.262060862641833,18.085929003962057,0.7743061657425759,etching,PFI-SBS,0
P03,ETCH-01,75,0.7945381342584678,1.8435114795701015,3.2543382814862674,17.73932709318621,0.7315774655882594,etching,PFI-SBS,0
P03,ETCH-02,75,0.7406811493284927,3.460434508873707,6.36314199243948,23.93445706197872,0.7382497824777441,etching,PFI-SBS,0
P03,ETCH-03,75,0.8244812162350976,2.1550472406311725,4.06177974510064,16.979664165440504,0.8438668251788335,etching,PFI-SBS,0
P03,ETCH-04,75,0.7562058338679587,3.0742487046188756,4.798685783726976,24.39592231538082,0.7986239610085945,etching,PFI-SBS,0
P03,ETCH-05,75,0.7582353110472572,2.660028692098847,4.816187635918682,20.698787047451926,0.7284433303066087,etching,PFI-SBS,0
P01,ETCH-01,75,0.7823916491019847,2.0782582159834067,3.9639910413778696,22.6487919068272,0.7719866193189275,etching,PFI-SBS,1
P01,ETCH-02,75,0.7603697111673355,2.853327329276343,4.757679040680214,25.615982258816462,0.7997851860304218,etching,PFI-SBS,1
P01,ETCH-03,75,0.8196880885362688,1.8951187042641087,3.1486399449057476,19.94403859124197,0.8853408036164309,etching,PFI-SBS,1
P01,ETCH-04,75,0.7898283977919918,2.3653534548473063,4.733175570516631,18.866745709294104,0.8117778341426956,etching,PFI-SBS,1
P01,ETCH-05,75,0.7684615248521556,2.7117367203819818,5.6303564437076385,18.70341200521346,0.6177902592437048,etching,PFI-SBS,1
P02,ETCH-01,75,0.7550740399932756,2.8029468825894224,5.036256330318928,22.025814462632393,0.745621127179299,etching,PFI-SBS,1
P02,ETCH-02,75,0.7890803150001955,2.5392789053043363,4.829195691510947,17.944049369273625,0.7991070071390067,etching,PFI-SBS,1
P02,ETCH-03,75,0.8251268273518333,2.2044743973975036,3.514898012528868,19.454051930575396,0.8889118200139393,etching,PFI-SBS,1
P02,ETCH-04,75,0.7597318231269243,2.3117625877383445,3.8510918529648768,22.00162449661228,0.745760760044398,etching,PFI-SBS,1
P02,ETCH-05,75,0.7986911410758738,3.4019465265453133,5.412513751099314,18.984370072603383,0.7612155803524069,etching,PFI-SBS,1
P03,ETCH-01,75,0.7923771899868025,1.862900603469802,3.406148084085457,17.51526522785795,0.7059503727676123,etching,PFI-SBS,1
P03,ETCH-02,75,0.7469647354263653,3.3765843062515226,6.065044299715782,23.709176985026605,0.7622000402080797,etching,PFI-SBS,1
P03,ETCH-03,75,0.7957795702388073,2.507450565672027,4.878775225675802,19.017272076741627,0.7747400044171138,etching,PFI-SBS,1
P03,ETCH-04,75,0.7459256294839873,3.2038822619433116,4.973007407923733,25.66623221428112,0.7837274605711362,etching,PFI-SBS,1
P03,ETCH-05,75,0.7534150111641391,2.713064294813027,5.284271879733278,20.73001273495257,0.6730931765163561,etching,PFI-SBS,1
P01,ETCH-01,75,0.7716030470066155,2.1812942476942703,4.132143607050533,23.737928077306336,0.7522316560862,etching,PFI-SBS,2
P01,ETCH-02,75,0.7797718338545291,2.622302248185694,4.266917246211092,21.729878868797826,0.8389597756350646,etching,PFI-SBS,2
P01,ETCH-03,75,0.7955988037246431,2.148302500322086,3.514045641405147,21.89052665024603,0.8571837294466453,etching,PFI-SBS,2
P01,ETCH-04,75,0.7749937385718327,2.5323085147566733,4.862942039737312,21.541455150117454,0.8013156204066476,etching,PFI-SBS,2
P01,ETCH-05,75,0.7915005808768317,2.4419074655025965,5.117015446340388,17.995263006144576,0.6843081084750766,etching,PFI-SBS,2
P02,ETCH-01,75,0.7530402448660859,2.8262217519067683,5.032887746340161,22.58400299911087,0.7459613044715385,etching,PFI-SBS,2
P02,ETCH-02,75,0.7831786296311543,2.6103297660306057,4.794894257810972,19.288225504691916,0.8019507290607698,etching,PFI-SBS,2
P02,ETCH-03,75,0.8075627402433994,2.425889607963296,4.021146440346215,20.562370711247365,0.8546074431884141,etching,PFI-SBS,2
P02,ETCH-04,75,0.7675683766235435,2.236362460155637,3.789935771028154,20.916032476191166,0.7537713822621431,etching,PFI-SBS,2
P02,ETCH-05,75,0.818677943064023,3.0641867679151167,5.036435502651157,18.751602319469583,0.793245717355578,etching,PFI-SBS,2
P03,ETCH-01,75,0.7866447377694581,1.9143351674002966,3.419973179342136,17.8051807231836,0.7035585129980277,etching,PFI-SBS,2
P03,ETCH-02,75,0.7299911333530871,3.6030855351524127,6.3682735113553015,24.452875672493484,0.7378274383614715,etching,PFI-SBS,2
P03,ETCH-03,75,0.8023282681362017,2.4270446226111955,4.617905959364934,18.636134149937476,0.7981853817567957,etching,PFI-SBS,2
P03,ETCH-04,75,0.7386129840389039,3.296094849075972,4.980538673857664,26.993277452920132,0.7830719058010143,etching,PFI-SBS,2
P03,ETCH-05,75,0.7583152757559223,2.6591488761905526,5.108634131086645,20.505336838480066,0.6944633741409135,etching,PFI-SBS,2
P01,ETCH-01,75,0.771356990061794,2.183644202854836,4.009221389532487,23.297435553440412,0.766753528510113,etching,PFI-SBS,3
P01,ETCH-02,75,0.7893300804271085,2.508490232608033,3.9428648684175323,22.463494580207996,0.8624914467780693,etching,PFI-SBS,3
P01,ETCH-03,75,0.7841781883185938,2.2683357343692134,3.593589690777786,22.516668860220026,0.8506449645028678,etching,PFI-SBS,3
P01,ETCH-04,75,0.7906810583640723,2.3557572791090315,4.479276758524835,20.52610886765839,0.8314295945326717,etching,PFI-SBS,3
P01,ETCH-05,75,0.8034280107193188,2.3022155656444867,4.6728900305781425,17.78119139743773,0.7367301701549449,etching,PFI-SBS,3
P02,ETCH-01,75,0.750416706261648,2.85624567976015,5.531281687135929,21.06442093665804,0.6931564928289335,etching,PFI-SBS,3
P02,ETCH-02,75,0.7825267851042979,2.618177374263977,4.8922053819686555,19.656554634015873,0.7938304409894484,etching,PFI-SBS,3
P02,ETCH-03,75,0.801897687238613,2.4973040171595957,4.257511842451368,21.504029494045366,0.8370125652200101,etching,PFI-SBS,3
P02,ETCH-04,75,0.7608461338727978,2.301041143363354,3.665202679709553,22.7767917310458,0.7697122598297851,etching,PFI-SBS,3
P02,ETCH-05,75,0.80571608201783,3.2832310682967467,5.154491017910656,18.709994441822218,0.7834393555599006,etching,PFI-SBS,3
P03,ETCH-01,75,0.7911277439320967,1.8741112879276727,3.3021908231143824,17.54419312046056,0.723625534901336,etching,PFI-SBS,3
P03,ETCH-02,75,0.7628973172126752,3.1639747883316707,6.027633291353305,22.20350017608291,0.7651246350548007,etching,PFI-SBS,3
P03,ETCH-03,75,0.8038175460932047,2.4087590335538396,4.433498494590988,19.060598037153586,0.8139817380276253,etching,PFI-SBS,3
P03,ETCH-04,75,0.7345726038745584,3.3470441137096443,5.102432211654766,27.971175211029504,0.7723237893654205,etching,PFI-SBS,3
P03,ETCH-05,75,0.7592615438457377,2.6487375118170786,5.132784706914489,20.44202913778375,0.6915677559594782,etching,PFI-SBS,3
P01,ETCH-01,75,0.7770672397183935,2.1291087348216897,4.035793935061593,22.747040900550147,0.7636514338887606,etching,PFI-SBS,4
P01,ETCH-02,75,0.7705508629552696,2.732098252678647,4.365958573111471,25.34142401119756,0.8313970582615754,etching,PFI-SBS,4
P01,ETCH-03,75,0.8103172514873794,1.993608307207138,3.2092037834674434,20.63732347575394,0.880887460738736,etching,PFI-SBS,4
P01,ETCH-04,75,0.7751580642222466,2.5304591295835905,5.088121510645161,19.87981268905389,0.7824893699521214,etching,PFI-SBS,4
P01,ETCH-05,75,0.7980149145573887,2.365612768307637,4.790329759045266,16.867409013764068,0.7233308138150489,etching,PFI-SBS,4
P02,ETCH-01,75,0.7413734652833825,2.9597370536751018,5.677832242859173,22.360679615834346,0.6766815415464238,etching,PFI-SBS,4
P02,ETCH-02,75,0.7805058052180938,2.6425081122559613,4.844451462099763,19.686024329131584,0.7978357319485486,etching,PFI-SBS,4
P02,ETCH-03,75,0.7947643353267085,2.5872279970319014,4.358654564551528,20.281169361117318,0.8291766250540273,etching,PFI-SBS,4
P02,ETCH-04,75,0.7595386928123992,2.3136208090037984,3.7741346347431977,22.661284672181736,0.7558202725729175,etching,PFI-SBS,4
P02,ETCH-05,75,0.7980721837834173,3.4124063722888427,5.522262080071579,18.563287621998224,0.75143384831766,etching,PFI-SBS,4
P03,ETCH-01,75,0.8045928481380442,1.7532953200219845,3.126798021645189,16.89438718806207,0.75220460014338,etching,PFI-SBS,4
P03,ETCH-02,75,0.7683371405084813,3.0913840290936236,5.835871306104701,21.639096336443384,0.7798314741941016,etching,PFI-SBS,4
P03,ETCH-03,75,0.8010552591345754,2.442674827409835,4.863045350972868,17.90648674949379,0.7761902042188658,etching,PFI-SBS,4
P03,ETCH-04,75,0.7575993909590298,3.056675925294379,4.6794578932882755,24.391928322483196,0.8085064039367933,etching,PFI-SBS,4
P03,ETCH-05,75,0.7597641043225141,2.643208063767693,4.461455862904506,21.516832837607254,0.7669726594237575,etching,PFI-SBS,4
P01,ETCH-01,75,0.7523153855690382,2.365500141835426,4.127719783366181,28.17284572804092,0.7527618877747707,etching,NSGA2,0
P01,ETCH-02,75,0.7309341446143267,3.2038226982364955,4.888063462807593,30.038506363902584,0.7886610242221417,etching,NSGA2,0
P01,ETCH-03,75,0.8129663887256011,1.9657652795914808,3.1336629383795747,22.43930795747034,0.8864289987562513,etching,NSGA2,0
P01,ETCH-04,75,0.7492221560520207,2.822351989277976,4.972999506900824,24.87650580189332,0.7922206562707692,etching,NSGA2,0
P01,ETCH-05,75,0.7979687943818766,2.3661529194570594,4.554749776041519,19.67418367987185,0.7498738964708246,etching,NSGA2,0
P02,ETCH-01,75,0.710237088738644,3.3160635515637242,5.55845340152344,28.20181873221716,0.6901344292368816,etching,NSGA2,0
P02,ETCH-02,75,0.7767230997549894,2.6880484049386917,4.986687333131293,20.831580677896223,0.7857901400862117,etching,NSGA2,0
P02,ETCH-03,75,0.7612304624457111,3.009960444166445,4.659099091406559,26.028461140892144,0.8048150670508792,etching,NSGA2,0
P02,ETCH-04,75,0.7358534299054387,2.541510766723762,4.009267174808732,25.14275002566382,0.7244472029236104,etching,NSGA2,0
P02,ETCH-05,75,0.7729343124132856,3.83721477192611,5.680973860318048,23.514901984524794,0.7369407710962005,etching,NSGA2,0
P03,ETCH-01,75,0.7432914389484068,2.3033236727143778,3.866636100683455,22.59816679616265,0.6210689567445118,etching,NSGA2,0
P03,ETCH-02,75,0.7124911201897098,3.8366113636815777,6.771445393000093,27.242372144882427,0.7035806277361625,etching,NSGA2,0
P03,ETCH-03,75,0.7834118366086213,2.65930354494229,4.846693760448245,21.34464061054527,0.7776927579655726,etching,NSGA2,0
P03,ETCH-04,75,0.7075989907109035,3.687181848106227,5.706603317122644,30.642695074575748,0.7152140651500776,etching,NSGA2,0
P03,ETCH-05,75,0.7259883021719561,3.0148281014511116,5.327742412895505,23.882503860114372,0.667692521079104,etching,NSGA2,0
P01,ETCH-01,75,0.7560644113292219,2.3296952494409857,4.034661732490897,27.87139023252389,0.7637840258510515,etching,NSGA2,1
P01,ETCH-02,75,0.7485649757406432,2.993888751506981,4.662999791360253,27.839937576307133,0.8076745670474492,etching,NSGA2,1
P01,ETCH-03,75,0.8075196879308025,2.0230113287790257,3.3986640428631563,21.80475257066992,0.8664083340852359,etching,NSGA2,1
P01,ETCH-04,75,0.7653356856794958,2.6410040213616877,4.694902466903514,22.97781638183126,0.8148095073635442,etching,NSGA2,1
P01,ETCH-05,75,0.7984098875083334,2.3609869165827755,4.618537861383029,19.124861366376877,0.742818936573389,etching,NSGA2,1
P02,ETCH-01,75,0.7161015806312077,3.2489499664305654,5.472033892631867,27.583696831891718,0.6996947371205333,etching,NSGA2,1
P02,ETCH-02,75,0.7628970836143729,2.8545009156671117,5.333650126402066,21.352394128437425,0.7549446280701946,etching,NSGA2,1
P02,ETCH-03,75,0.7741940660752155,2.846539538223666,4.275553080868464,24.542504328893727,0.8356283175823822,etching,NSGA2,1
P02,ETCH-04,75,0.7345061250163764,2.5544739858955485,4.134147163525864,25.33558009508296,0.7070141194220767,etching,NSGA2,1
P02,ETCH-05,75,0.7797494833989097,3.7220442454710625,5.594087786615728,23.31824191147045,0.7449258104007468,etching,NSGA2,1
P03,ETCH-01,75,0.752406829346369,2.2215356154573382,3.884386675342124,21.60909870359804,0.6175818518351683,etching,NSGA2,1
P03,ETCH-02,75,0.719211997049907,3.746925811872704,6.442118800296463,27.129203268319934,0.7317119795386466,etching,NSGA2,1
P03,ETCH-03,75,0.7738103334800458,2.7771923109154164,5.038455083379912,22.21395245085019,0.7597534088455354,etching,NSGA2,1
P03,ETCH-04,75,0.7102563361392848,3.653672675714867,5.5070004569447,30.496267946548546,0.7347878645860926,etching,NSGA2,1
P03,ETCH-05,75,0.7340308438490142,2.926339614108128,5.425903387992661,23.08810649361328,0.6553345188646935,etching,NSGA2,1
P01,ETCH-01,75,0.7461242469714032,2.4246283168513614,4.144118191919829,28.374938433459512,0.7507935540818534,etching,NSGA2,2
P01,ETCH-02,75,0.7452168997734854,3.0337549833765913,4.4938231280161025,28.269605273392884,0.8213767952915995,etching,NSGA2,2
P01,ETCH-03,75,0.8074685064702454,2.0235492574295852,3.366308559748843,22.91067147951409,0.8689398276223537,etching,NSGA2,2
P01,ETCH-04,75,0.7657761029974345,2.6360473925230794,4.820827066052239,23.04045814705906,0.8047420869636112,etching,NSGA2,2
P01,ETCH-05,75,0.7904206205729445,2.454555765145824,4.511741993553789,20.363215155436798,0.7545751783744015,etching,NSGA2,2
P02,ETCH-01,75,0.7121369891153133,3.2943209815320724,5.635884018073126,28.21261048486276,0.6814412927830571,etching,NSGA2,2
P02,ETCH-02,75,0.7569823049845965,2.925709407203357,5.345667596972916,22.164064285764855,0.7538390949584157,etching,NSGA2,2
P02,ETCH-03,75,0.7480973692902779,3.1755179575423687,5.037479490566302,25.874267036684888,0.7718245176794758,etching,NSGA2,2
P02,ETCH-04,75,0.7296858870897281,2.6008523529678937,4.020479179337537,26.551680906931608,0.7229038689424301,etching,NSGA2,2
P02,ETCH-05,75,0.7879833725637476,3.5828986023335356,5.392280297767125,22.499556551677202,0.7629975260526587,etching,NSGA2,2
P03,ETCH-01,75,0.7452500462215809,2.285750022348484,3.9964211994396863,22.324060118316176,0.5952041132339406,etching,NSGA2,2
P03,ETCH-02,75,0.6871745945384651,4.174443259748898,7.23017629606093,29.04189630207178,0.6620584465329453,etching,NSGA2,2
P03,ETCH-03,75,0.770186881085761,2.8216816294736007,5.050747832955333,22.250275883995343,0.7585796784734451,etching,NSGA2,2
P03,ETCH-04,75,0.7048681938035928,3.72161724493328,5.575750735187817,31.374680079429446,0.7281246283491201,etching,NSGA2,2
P03,ETCH-05,75,0.7200727419258467,3.0799143638521773,5.45854755603405,24.218224990829405,0.6511747824868401,etching,NSGA2,2
P01,ETCH-01,75,0.7476121620070268,2.410418054999236,4.1977519169866895,28.274567201132868,0.7443012868202223,etching,NSGA2,3
P01,ETCH-02,75,0.7438432581423544,3.050111217915351,4.5651222367197075,28.252137963907803,0.8156637499878099,etching,NSGA2,3
P01,ETCH-03,75,0.8117990326139748,1.9780344546211361,3.3283631206542585,22.11334574102689,0.8718778273959844,etching,NSGA2,3
P01,ETCH-04,75,0.7588006955263842,2.7145513577937397,4.737223758944994,23.658919928002046,0.8114557313065224,etching,NSGA2,3
P01,ETCH-05,75,0.8048539265247112,2.2855154977737513,4.359152578265687,19.369944093693196,0.7708952401385587,etching,NSGA2,3
P02,ETCH-01,75,0.7030119161471315,3.398748845482729,5.9063376325828765,27.875447115069598,0.6501338506859418,etching,NSGA2,3
P02,ETCH-02,75,0.7559451065427394,2.938196321945452,5.326133660521422,22.39919457541666,0.7556348317433793,etching,NSGA2,3
P02,ETCH-03,75,0.7503582498842617,3.1470169970489166,5.034543568875932,25.589671893825805,0.7720904086407638,etching,NSGA2,3
P02,ETCH-04,75,0.7417443506897925,2.484830725056016,3.8233454998152836,25.660153935975977,0.7494110493162611,etching,NSGA2,3
P02,ETCH-05,75,0.7752162944107024,3.7986512393958454,5.598309805201007,23.401163653396477,0.7445406414851241,etching,NSGA2,3
P03,ETCH-01,75,0.7595384322009869,2.1575471391394903,3.69620554733044,21.45504669799051,0.6537372197971087,etching,NSGA2,3
P03,ETCH-02,75,0.7407659465566356,3.459302947270056,6.216122839091966,25.304818163621945,0.7502054271744633,etching,NSGA2,3
P03,ETCH-03,75,0.758979019063714,2.9592935226618513,5.365158799707908,23.12056576407888,0.7275871352288863,etching,NSGA2,3
P03,ETCH-04,75,0.6932181492817404,3.868524510387117,6.081392998090101,31.414617826723674,0.6765781873515939,etching,NSGA2,3
P03,ETCH-05,75,0.7155149989267012,3.1300611706561656,5.674096455887656,24.35890886670207,0.6230818025180809,etching,NSGA2,3
P01,ETCH-01,75,0.7445734249073417,2.43943936928967,4.216599881062927,28.99233194232986,0.7419999503703748,etching,NSGA2,4
P01,ETCH-02,75,0.7423731682910086,3.0676158813273537,4.695394231007559,29.547618483418965,0.8049930675164082,etching,NSGA2,4
P01,ETCH-03,75,0.796469599851021,2.1391502373722733,3.41841205312544,23.048170624373096,0.8648513492661761,etching,NSGA2,4
P01,ETCH-04,75,0.7498223109513595,2.8155976111903507,5.1033878446903005,23.981915919993643,0.7811821796826691,etching,NSGA2,4
P01,ETCH-05,75,0.8044329029073006,2.2904464501899806,4.33115323473265,18.63290748885767,0.7738289210839776,etching,NSGA2,4
P02,ETCH-01,75,0.7003064747303792,3.429710073867447,6.015017767744706,28.925277237612512,0.6371399006864873,etching,NSGA2,4
P02,ETCH-02,75,0.7654676282658558,2.8235539236466205,5.122718210046452,21.645400492207763,0.7739439609312839,etching,NSGA2,4
P02,ETCH-03,75,0.7569737395515814,3.0636212572850163,4.907734734352594,24.930985462277512,0.7834268780907603,etching,NSGA2,4
P02,ETCH-04,75,0.7367367622566439,2.5330117024338876,4.01282353475914,26.327249860008994,0.7239581362086465,etching,NSGA2,4
P02,ETCH-05,75,0.7695082359793487,3.8951125161505864,5.87076956996082,23.496110325041574,0.7190700578507601,etching,NSGA2,4
P03,ETCH-01,75,0.7412361049965643,2.321765205506348,3.9543541488338754,22.55682287159057,0.6036811707377165,etching,NSGA2,4
P03,ETCH-02,75,0.7405067688487537,3.462761498323954,6.3128552944382825,25.29389460443087,0.7423705591562891,etching,NSGA2,4
P03,ETCH-03,75,0.7740553524985623,2.7741839288583527,5.076586388051623,21.852142690311403,0.7561032498309407,etching,NSGA2,4
P03,ETCH-04,75,0.7065818233851071,3.7000083458986994,5.64484111058811,31.13149527991741,0.7213451467744575,etching,NSGA2,4
P03,ETCH-05,75,0.7312871026503038,2.956527770798328,4.806683833716948,23.883483109408715,0.7295140005953051,etching,NSGA2,4
P01,META-01,75,0.6863760396311033,9.549495499084985,15.511347879239038,42.20114015694993,0.7777987310410164,metalization,ALL,0
P01,META-02,75,0.8077904250406696,5.975145771705569,9.997312306329977,25.294603261191938,0.8430164602809183,metalization,ALL,0
P01,META-03,75,0.7760911755578612,6.06016479309532,9.370158943557392,28.109533210056252,0.8626479375134183,metalization,ALL,0
P01,META-04,75,0.7043286205529841,8.954755011182,14.684076697710216,38.009481907556705,0.7422805856253608,metalization,ALL,0
P01,META-05,75,0.7021256792148795,7.083865905749996,13.83498974957661,31.684351375335385,0.7515624350956216,metalization,ALL,0
P02,META-01,75,0.6570424963360262,9.931776018595041,19.10279591740146,36.542654059352145,0.6334700029481677,metalization,ALL,0
P02,META-02,75,0.7701318350465302,5.153839390840239,8.05560698788193,27.677632175289133,0.8733619284403961,metalization,ALL,0
P02,META-03,75,0.7186462463007277,8.72195198299812,15.177755230254053,32.26646695249749,0.7264211665852094,metalization,ALL,0
P02,META-04,75,0.740084547121362,6.492332830833861,11.806180867768669,27.198813501306013,0.7657714955018808,metalization,ALL,0
P02,META-05,75,0.6060903020123201,11.538787563476362,21.136786715453606,38.73134792800356,0.5628133906888693,metalization,ALL,0
P03,META-01,75,0.6730816033998113,8.40827786395248,16.253354725454155,30.617622893929564,0.5043010778333883,metalization,ALL,0
P03,META-02,75,0.7091314295161565,7.928043022575992,11.295566941948394,39.229123994908896,0.7984292127997792,metalization,ALL,0
P03,META-03,75,0.7739673714511501,5.489629136790174,7.741686280944211,24.28572947470512,0.8514302955617035,metalization,ALL,0
P03,META-04,75,0.6637379196426098,7.080134081147186,13.558516336765882,33.99806654017138,0.6439513086335151,metalization,ALL,0
P03,META-05,75,0.6592321956768898,13.126196040067414,24.456893803762387,32.615185979263906,0.6471847712010363,metalization,ALL,0
P01,META-01,75,0.6594107626049494,10.370557739641955,16.27605078933217,47.49085705462945,0.7553498245795132,metalization,ALL,1
P01,META-02,75,0.8036323514956208,6.104406218623449,9.21733970829364,25.397656467186437,0.8665560813744,metalization,ALL,1
P01,META-03,75,0.7591724750289403,6.51807489800405,10.307784364995642,29.20268943483084,0.8337843474130247,metalization,ALL,1
P01,META-04,75,0.682575271163038,9.613580748133385,15.368605187493449,40.350516885689736,0.7176922796054304,metalization,ALL,1
P01,META-05,75,0.7426451247205692,6.120257099925105,12.377883028519987,27.474904663436416,0.8011377591284146,metalization,ALL,1
P02,META-01,75,0.6767499362023777,9.361064264043932,17.82969584411791,34.42044143349874,0.6806966164097683,metalization,ALL,1
P02,META-02,75,0.7645835831696226,5.27823590777114,8.83406510357412,28.295555879417332,0.8477038447617673,metalization,ALL,1
P02,META-03,75,0.729234579672043,8.393714189720626,14.400753893764865,30.108535242289243,0.7537150573872416,metalization,ALL,1
P02,META-04,75,0.7258025477051275,6.849077659481136,12.450699155977091,28.563518152380585,0.7394996206759281,metalization,ALL,1
P02,META-05,75,0.6199304454808324,11.133368564789524,21.07208795532731,35.9059389713694,0.5654857118628565,metalization,ALL,1
P03,META-01,75,0.6779360972240788,8.28342122269958,15.974441101927345,28.10303638516088,0.5211678616438247,metalization,ALL,1
P03,META-02,75,0.683679264387151,8.621778546578481,12.67525663690697,44.76301574244285,0.7461804633157787,metalization,ALL,1
P03,META-03,75,0.7535382527749109,5.985788854278881,8.512881953607724,25.252576232726703,0.820356153650581,metalization,ALL,1
P03,META-04,75,0.6713247993558114,6.920389260768058,14.366978510820024,35.12341196883986,0.6002247157279257,metalization,ALL,1
P03,META-05,75,0.6903816953374287,11.926333747013,23.757857024579554,29.666427209847544,0.6670651511425056,metalization,ALL,1
P01,META-01,75,0.6848415417765743,9.596219226245193,15.765467063702559,39.67687471740147,0.7704585388374575,metalization,ALL,2
P01,META-02,75,0.8061867895418614,6.024997377027979,9.620906932680024,25.073305213997532,0.8546149915439053,metalization,ALL,2
P01,META-03,75,0.7726650251766696,6.1528946619054405,10.323400668973647,26.617258314946813,0.8332803321388911,metalization,ALL,2
P01,META-04,75,0.6735669285707817,9.88640898440475,15.7023764264852,41.71520608650507,0.7052969599163766,metalization,ALL,2
P01,META-05,75,0.759771520011776,5.712967584763123,11.334405606371714,26.406338206003692,0.8332533642748114,metalization,ALL,2
P02,META-01,75,0.6798640250290088,9.270882733102967,18.601279463508178,31.832339166189094,0.6524628089609954,metalization,ALL,2
P02,META-02,75,0.769832315698825,5.1605548688745015,8.30421304961256,27.371250093597038,0.8654248991256065,metalization,ALL,2
P02,META-03,75,0.732048533599712,8.306481761800963,14.486684074771802,29.941918203359318,0.7507670935184683,metalization,ALL,2
P02,META-04,75,0.7287170618332737,6.776277079328912,12.316249519748014,27.96331552999455,0.745095302560102,metalization,ALL,2
P02,META-05,75,0.5908255871328236,11.98593649916226,22.77647194426709,39.16169880530046,0.4923529960334363,metalization,ALL,2
P03,META-01,75,0.6791659533429258,8.251789561442552,15.968365736122909,30.52581655170904,0.5215320092460112,metalization,ALL,2
P03,META-02,75,0.6762121321614971,8.825306021003689,12.614013551511547,45.439139235711934,0.7486272994362477,metalization,ALL,2
P03,META-03,75,0.7811950125003702,5.314092228031518,7.525969642556463,23.371964435907618,0.8595945236756121,metalization,ALL,2
P03,META-04,75,0.685621901078816,6.619358002461775,13.41116884508704,33.693562537702256,0.6516479930640806,metalization,ALL,2
P03,META-05,75,0.6378225103357584,13.95088582407466,25.775513057310064,34.22643218742248,0.6081143469183098,metalization,ALL,2
P01,META-01,75,0.6833091958501895,9.642877429623027,15.342025021247597,40.94561806258412,0.7826233797508387,metalization,ALL,3
P01,META-02,75,0.7981789480745971,6.27393409151651,10.248912156056582,25.228156855468626,0.8350155016710527,metalization,ALL,3
P01,META-03,75,0.7767049603231826,6.0435525097938205,10.07561176298488,25.15404530415915,0.841187705959278,metalization,ALL,3
P01,META-04,75,0.6907985522131812,9.364529022769062,15.141615092126248,35.836563119675056,0.7259699112786869,metalization,ALL,3
P01,META-05,75,0.6998237496176327,7.138608995212671,13.875049058930756,31.83176280484622,0.7501216467995224,metalization,ALL,3
P02,META-01,75,0.6718870147106036,9.501890595400816,19.503358726323167,34.239583006926104,0.6179374507672991,metalization,ALL,3
P02,META-02,75,0.7875715039031898,4.762827210728844,7.9655364208501,26.456490036502718,0.8761780030264811,metalization,ALL,3
P02,META-03,75,0.7042131363396675,9.169377654028091,15.370787037175017,36.12225594512377,0.7194181239396644,metalization,ALL,3
P02,META-04,75,0.7344529615539618,6.633002142580993,11.937959347436086,27.745938715598324,0.7605134804853412,metalization,ALL,3
P02,META-05,75,0.6213584971973708,11.091536679281315,20.885982176424108,36.938238399091084,0.5731269596783628,metalization,ALL,3
P03,META-01,75,0.672889685714523,8.413213949659776,16.51626433777957,29.340106358006146,0.48813480870022696,metalization,ALL,3
P03,META-02,75,0.704164411489083,8.063426273324069,12.103298522278134,39.80889936389288,0.7685703414292189,metalization,ALL,3
P03,META-03,75,0.7718953640281729,5.539951749033577,8.437110103533305,23.74075582069206,0.8235398857279219,metalization,ALL,3
P03,META-04,75,0.6669317793237335,7.012886074013308,14.26037542959441,34.086073014761844,0.6061353763197694,metalization,ALL,3
P03,META-05,75,0.655159791509266,13.283062900083136,25.38529367435559,31.779652650329602,0.6198901612337349,metalization,ALL,3
P01,META-01,75,0.672124123001167,9.9834502694757,15.714167216855055,43.16029530213302,0.7719499356325635,metalization,ALL,4
P01,META-02,75,0.8149747258064565,5.751810153006888,9.1664750063628,23.7878958440715,0.8680248038371541,metalization,ALL,4
P01,META-03,75,0.7722947232432444,6.162917003567719,10.263163694661923,26.538034016565494,0.8352202721182439,metalization,ALL,4
P01,META-04,75,0.6921146925449727,9.324668166931168,15.430578325995588,38.968523539108666,0.7154109053230673,metalization,ALL,4
P01,META-05,75,0.7298997962685039,6.4233587484364625,12.350442772372315,28.878251681846105,0.8020184884503907,metalization,ALL,4
P02,META-01,75,0.6909915188481706,8.948639379102767,18.773172555762834,33.10258542140231,0.6460099984872963,metalization,ALL,4
P02,META-02,75,0.761541638318975,5.346438893596535,8.916524667025842,27.53077279665942,0.8448474280382987,metalization,ALL,4
P02,META-03,75,0.7256802839701542,8.503897174797789,14.929398971619378,33.7021618118364,0.7353011513274524,metalization,ALL,4
P02,META-04,75,0.7153668000420044,7.109748375351299,12.762729470960116,29.63667577025705,0.7262790690183007,metalization,ALL,4
P02,META-05,75,0.612104036653493,11.362627375387303,20.454532703304817,39.77894878711889,0.5905809505878636,metalization,ALL,4
P03,META-01,75,0.6850015392768909,8.101699421083277,15.978863330334647,28.67125694461722,0.5209027133150532,metalization,ALL,4
P03,META-02,75,0.6986259805619408,8.214384208019139,12.670244909089726,38.69152600942498,0.7463811413743495,metalization,ALL,4
P03,META-03,75,0.73299468225826,6.4847282507985184,10.254816967399613,25.296726948589505,0.7393156559880205,metalization,ALL,4
P03,META-04,75,0.6778326670225521,6.783363475363071,14.06304060364267,33.52220038361482,0.6169605388344328,metalization,ALL,4
P03,META-05,75,0.6674444513504166,12.809864284149363,22.94488341436345,33.460065924560354,0.6894607943673791,metalization,ALL,4
P01,META-01,75,0.6584775829744596,10.398972005792789,16.652654504332187,45.25289577981825,0.7438971554573102,metalization,FILTER,0
P01,META-02,75,0.7848074155732488,6.68960982413056,10.732932643458337,28.186003448980962,0.8190642409382232,metalization,FILTER,0
P01,META-03,75,0.7871529795353855,5.7607734887117905,8.702173405364526,25.727731549204968,0.8815331786472307,metalization,FILTER,0
P01,META-04,75,0.6955521565230223,9.220560532838327,15.255119949380902,39.37699606325573,0.7218461337087966,metalization,FILTER,0
P01,META-05,75,0.7021290947281728,7.083784680090445,13.204462862449788,34.226212030396425,0.773691399310807,metalization,FILTER,0
P02,META-01,75,0.6283470765907728,10.7627725083195,21.597754979252688,36.52531626802034,0.5314748900557191,metalization,FILTER,0
P02,META-02,75,0.7264708707371506,6.132755273973944,9.333435666378332,34.265205863448585,0.8299992547758839,metalization,FILTER,0
P02,META-03,75,0.7171757700819448,8.767536670615522,15.640759913137316,32.13253264275883,0.7094752721091251,metalization,FILTER,0
P02,META-04,75,0.6967348396003094,7.575149286065507,13.062358012985388,33.123618015151074,0.7132760001258978,metalization,FILTER,0
P02,META-05,75,0.6246473842238112,10.995195388594038,20.33139616824083,36.60619706526576,0.5954955283084281,metalization,FILTER,0
P03,META-01,75,0.6732675969184807,8.403494146663608,15.755895990951496,30.698300943702638,0.5341799717121596,metalization,FILTER,0
P03,META-02,75,0.7194958926712733,7.645544608728854,10.921581594519434,38.22019267961604,0.8115558786512584,metalization,FILTER,0
P03,META-03,75,0.7401086458751043,6.311952213109545,8.860340443720565,28.536356908052973,0.8053923352128636,metalization,FILTER,0
P03,META-04,75,0.65896733406463,7.180580689643108,14.500448925974109,35.33364041547157,0.5927623221516823,metalization,FILTER,0
P03,META-05,75,0.7233432835051916,10.656670760682923,20.36394607140914,28.65278631715537,0.7553931563872771,metalization,FILTER,0
P01,META-01,75,0.6453036174919812,10.800104380793895,17.7038385134522,49.53098034886742,0.7105441456908492,metalization,FILTER,1
P01,META-02,75,0.7825176061152587,6.760792257699834,10.090119976483052,28.346085569915967,0.840088292923226,metalization,FILTER,1
P01,META-03,75,0.7782987530304065,6.000415994402455,9.306608939052577,25.673633882986962,0.8645047095061816,metalization,FILTER,1
P01,META-04,75,0.6918363961180665,9.333096701096679,14.899547350020278,39.62570882795745,0.7346616667635701,metalization,FILTER,1
P01,META-05,75,0.7041402138111408,7.035957469383962,14.287285871843443,32.939095030290275,0.7350529736985373,metalization,FILTER,1
P02,META-01,75,0.6479859846157227,10.194045381285424,19.929994712624147,36.06094802808102,0.6010393907718141,metalization,FILTER,1
P02,META-02,75,0.7643099976562701,5.284369927224267,8.87461235687843,29.6375976508704,0.8463025957585941,metalization,FILTER,1
P02,META-03,75,0.7144032515515005,8.853484603339227,15.132341452942688,32.097461961289106,0.7280558827290445,metalization,FILTER,1
P02,META-04,75,0.6938640521176402,7.6468576343674535,13.720104017978565,30.92250296743117,0.6836734177753956,metalization,FILTER,1
P02,META-05,75,0.6333956857886569,10.738931595613899,19.985737603322487,37.62115791163261,0.6091327497724801,metalization,FILTER,1
P03,META-01,75,0.6656029484293733,8.60062742180552,16.313695880486794,30.35739029090605,0.5006136460476388,metalization,FILTER,1
P03,META-02,75,0.720175497840132,7.627020988221786,11.473614527639548,43.469300857383125,0.7920245682498716,metalization,FILTER,1
P03,META-03,75,0.7045820786575974,7.174781972598058,11.011823524609593,30.154227048705394,0.6994078682428935,metalization,FILTER,1
P03,META-04,75,0.6617240697620423,7.122536504752503,15.30406082477256,33.136753331864114,0.54637349444622,metalization,FILTER,1
P03,META-05,75,0.7221666773080697,10.701993010641537,21.220070949813298,31.144492468718198,0.7343936887715358,metalization,FILTER,1
P01,META-01,75,0.6690936411174904,10.075725021296922,16.547414283994698,42.40786438819944,0.7471239267973695,metalization,FILTER,2
P01,META-02,75,0.7945430067134568,6.386963214310126,9.917164333107582,26.944537843561456,0.8455234297261313,metalization,FILTER,2
P01,META-03,75,0.7724958223016188,6.157474192474759,9.643746282923294,25.371566503356796,0.8545101079389933,metalization,FILTER,2
P01,META-04,75,0.6771158847822133,9.77892467706929,15.88670554650619,40.89240950389215,0.6983373515431349,metalization,FILTER,2
P01,META-05,75,0.7632822317196281,5.629477974424702,10.847676915633146,29.27705032039195,0.8472669361051333,metalization,FILTER,2
P02,META-01,75,0.6632538953077775,9.75189885395948,19.442449296793722,34.45759524423249,0.62032010433834,metalization,FILTER,2
P02,META-02,75,0.7443479513289533,5.731935951446579,8.802651664336969,33.65442376754117,0.8487850321619947,metalization,FILTER,2
P02,META-03,75,0.7203338465392435,8.669636461867507,15.245261986794866,30.60155096756054,0.7239821377809269,metalization,FILTER,2
P02,META-04,75,0.6954920205235833,7.606193208253478,13.636003082536266,32.10262199229973,0.6875395437660112,metalization,FILTER,2
P02,META-05,75,0.604415563308631,11.587845645125325,22.16236507082238,38.96053002995474,0.5193586506145147,metalization,FILTER,2
P03,META-01,75,0.6743640208699134,8.375294334917882,16.386316493935194,30.88973430527293,0.49615770150454064,metalization,FILTER,2
P03,META-02,75,0.7026902562015008,8.103606504974634,12.257822598387602,45.45546175221787,0.7626232454010349,metalization,FILTER,2
P03,META-03,75,0.7514493944597418,6.036520722253866,8.622975764782726,26.029305223409686,0.8156795789432035,metalization,FILTER,2
P03,META-04,75,0.6468648386000744,7.4354036257126745,15.094160624639372,33.949457434666385,0.558731434482332,metalization,FILTER,2
P03,META-05,75,0.7020425220759302,11.477164853071068,21.211693519628515,31.66659368825821,0.7346033637639628,metalization,FILTER,2
P01,META-01,75,0.6503708395600449,10.645813189920206,16.92446410267173,46.4422032668671,0.7354685510234719,metalization,FILTER,3
P01,META-02,75,0.7737451008527509,7.033499784042522,10.415979445959863,28.20714072116574,0.8295928443790203,metalization,FILTER,3
P01,META-03,75,0.7843252199713444,5.837307716409321,9.497931406820713,25.44153466934568,0.8588765037538852,metalization,FILTER,3
P01,META-04,75,0.6950679564206772,9.235225101661312,15.22380711683514,36.29752404470984,0.7229868453601931,metalization,FILTER,3
P01,META-05,75,0.705190353069703,7.010983696316143,13.072875323483347,34.21226355917719,0.7781794289394905,metalization,FILTER,3
P02,META-01,75,0.6392876891938652,10.445941085419374,21.19308036235082,37.2080118171622,0.5488678052873099,metalization,FILTER,3
P02,META-02,75,0.7601053356844315,5.378642017924674,8.431901680710654,30.079434251999555,0.8612545287775287,metalization,FILTER,3
P02,META-03,75,0.6956718637477438,9.434156667782009,15.586812846909474,39.69561288302349,0.7114759329164726,metalization,FILTER,3
P02,META-04,75,0.6826664425416635,7.926558619714093,13.340041903153201,33.620668911687815,0.7009558791886359,metalization,FILTER,3
P02,META-05,75,0.6154699381977426,11.264030100232405,20.954032999441257,39.01943902205995,0.5703407478182762,metalization,FILTER,3
P03,META-01,75,0.6704024773302366,8.477184467740496,17.02860462625734,29.073043151447248,0.4558857862103537,metalization,FILTER,3
P03,META-02,75,0.7284105804507044,7.402561916818908,10.551596403396902,41.61729251840946,0.8241072792228911,metalization,FILTER,3
P03,META-03,75,0.7518819535416152,6.026015208273512,8.815776570843129,26.218169434672873,0.8073450054980593,metalization,FILTER,3
P03,META-04,75,0.6721149553789108,6.903752206174736,14.224492097783951,33.94775403147685,0.6081150427627355,metalization,FILTER,3
P03,META-05,75,0.693229567659539,11.816635207647296,22.03892722830947,35.48038080753083,0.7134993386463978,metalization,FILTER,3
P01,META-01,75,0.6534919374870117,10.550779281889984,16.570824825012405,46.33517316839925,0.746407905159951,metalization,FILTER,4
P01,META-02,75,0.8143283845955765,5.7719027157945915,8.705676572955376,22.542286354138067,0.8809600718661001,metalization,FILTER,4
P01,META-03,75,0.772779461981419,6.149797392751783,9.985141347789275,25.60662385734163,0.8440269000741863,metalization,FILTER,4
P01,META-04,75,0.7064685105293884,8.889945929811244,15.158652948391397,35.1126111513722,0.725352868508921,metalization,FILTER,4
P01,META-05,75,0.7151826046630891,6.773354047014734,12.808603085449217,32.38398376021552,0.7870571235954517,metalization,FILTER,4
P02,META-01,75,0.6735764951937494,9.452964586880437,19.058415357263126,32.1907678969051,0.6351711058361624,metalization,FILTER,4
P02,META-02,75,0.7499391800292864,5.60657585765192,8.800509079554336,30.864615099762897,0.8488586353150674,metalization,FILTER,4
P02,META-03,75,0.6907517010464048,9.586681460024469,16.125266238946683,39.73583488020574,0.6911972270081944,metalization,FILTER,4
P02,META-04,75,0.6929459302153899,7.669791064845214,13.480549712760796,31.856422684226427,0.6946231677646661,metalization,FILTER,4
P02,META-05,75,0.6086324493361583,11.464320501419543,20.24241767228434,41.78332987376305,0.5990283345079492,metalization,FILTER,4
P03,META-01,75,0.6938180186608007,7.874941278339837,15.411731699354448,28.359281738353626,0.5543080124569459,metalization,FILTER,4
P03,META-02,75,0.7253543419524784,7.485864111555467,10.854198903820402,41.975449242687255,0.813873986319871,metalization,FILTER,4
P03,META-03,75,0.7218636005097185,6.755067586685948,10.423428421092801,27.278017845752363,0.7306727481835356,metalization,FILTER,4
P03,META-04,75,0.6671255021929683,7.008807160663017,14.722370169534313,33.398428057329696,0.5802018477331938,metalization,FILTER,4
P03,META-05,75,0.7343468545643226,10.232819008755046,20.279060624988208,29.03954762154121,0.757428153478751,metalization,FILTER,4
P01,META-01,75,0.6724236412576028,9.97433027673547,15.130854059050698,40.49333470515018,0.788566234912464,metalization,TSFGA,0
P01,META-02,75,0.7333907391083605,8.287980441407747,12.377111436949443,32.316366932417786,0.759383059024657,metalization,TSFGA,0
P01,META-03,75,0.7382611485799397,7.084046715501148,10.718665807036082,28.875355676623606,0.8202691076600648,metalization,TSFGA,0
P01,META-04,75,0.7026968341054648,9.004175580380922,15.01299073974985,34.16765691157888,0.7306057754662015,metalization,TSFGA,0
P01,META-05,75,0.7120399929971345,6.84808972606485,12.215222550003771,33.01990815836495,0.8063300020170153,metalization,TSFGA,0
P02,META-01,75,0.6564197870854589,9.949809182282285,20.235627372085872,32.20646687488768,0.5887091967756461,metalization,TSFGA,0
P02,META-02,75,0.7313570486006122,6.023203018451922,9.907975085301,30.02085156618537,0.8084255619861193,metalization,TSFGA,0
P02,META-03,75,0.7224742464887138,8.603284172842617,16.1651969890179,32.309032729438734,0.6896659662697744,metalization,TSFGA,0
P02,META-04,75,0.7025164036011297,7.430733718001459,12.59003528764703,31.55485111167761,0.7336364613906332,metalization,TSFGA,0
P02,META-05,75,0.6565555456867492,10.060510361688554,17.936946785202956,37.144084900884636,0.6851628585696496,metalization,TSFGA,0
P03,META-01,75,0.6459304567076386,9.106600099981058,16.415778187592103,32.5801620400275,0.49434431143061697,metalization,TSFGA,0
P03,META-02,75,0.7097295217636013,7.9117411544802945,11.960258990392298,34.82424243893193,0.7740081941090892,metalization,TSFGA,0
P03,META-03,75,0.7230419087681212,6.726450145969639,10.310139934802626,29.179951373991653,0.7364953749127192,metalization,TSFGA,0
P03,META-04,75,0.6574076446047754,7.213420581934819,13.458427748524741,35.31713261613677,0.6491885892456631,metalization,TSFGA,0
P03,META-05,75,0.7132843232063631,11.044136604482189,21.011879133258102,28.747460619411974,0.7395798918344568,metalization,TSFGA,0
P01,META-01,75,0.7034132217325262,9.030732539764982,14.896246182394936,34.501533408809244,0.795072075857116,metalization,TSFGA,1
P01,META-02,75,0.7696933820338204,7.159454022140156,9.767413709420685,30.00747281330315,0.8501534441983224,metalization,TSFGA,1
P01,META-03,75,0.7518409930721115,6.716503829720711,10.72125495607748,26.132699665489557,0.8201822673238056,metalization,TSFGA,1
P01,META-04,75,0.7201148259710857,8.47665123820378,15.807053912933464,30.449877464199528,0.7013546779388253,metalization,TSFGA,1
P01,META-05,75,0.711893417334194,6.851575499321772,12.135949774448525,33.16860309844801,0.8088355545837642,metalization,TSFGA,1
P02,META-01,75,0.6466743424313118,10.2320294937569,19.73498695789946,35.10855864979607,0.6088085637560499,metalization,TSFGA,1
P02,META-02,75,0.7293655293055425,6.06785457162644,10.10663215865207,30.715862451917065,0.8006663279066609,metalization,TSFGA,1
P02,META-03,75,0.7241195854286573,8.55227874980752,16.33753882325562,28.83031787053307,0.6830135712074819,metalization,TSFGA,1
P02,META-04,75,0.7196255604452055,7.003370360200083,11.831702470388114,30.964382328955942,0.7647577302333539,metalization,TSFGA,1
P02,META-05,75,0.6813501376580074,9.334202959405776,17.079594208596273,34.0421107940896,0.7145408176728736,metalization,TSFGA,1
P03,META-01,75,0.6737511259822057,8.391057872763522,15.332362059902758,29.807939807776425,0.5588867742506309,metalization,TSFGA,1
P03,META-02,75,0.7290347468487535,7.385549360086678,11.240975366125559,33.86682440765224,0.8003728913407033,metalization,TSFGA,1
P03,META-03,75,0.7144065951366566,6.936175041091871,10.96619794289246,28.684009716903503,0.7018936107029741,metalization,TSFGA,1
P03,META-04,75,0.6852612219526497,6.62695224731631,13.025851433356419,34.05890361313567,0.6713774983234794,metalization,TSFGA,1
P03,META-05,75,0.7033073288242404,11.42844516441357,22.261127404218094,28.67434587178171,0.7076931199846996,metalization,TSFGA,1
P01,META-01,75,0.682382288844505,9.67110070143058,16.592932339775405,34.92167566802738,0.7457308078180949,metalization,TSFGA,2
P01,META-02,75,0.7105248491373193,8.998803644703736,14.940421238194505,35.12886732553155,0.6493988924259863,metalization,TSFGA,2
P01,META-03,75,0.7229998394128963,7.497098986849031,12.349480622743087,26.970925314931886,0.7614174611863528,metalization,TSFGA,2
P01,META-04,75,0.7261749890299527,8.29311208192337,14.608578994109735,28.994947442395386,0.7449238848964597,metalization,TSFGA,2
P01,META-05,75,0.7266224055035855,6.501299662034628,12.265665091378208,31.48045202897441,0.8047271859032593,metalization,TSFGA,2
P02,META-01,75,0.6507600075404757,10.11371188787952,19.28207417677647,32.880439688974526,0.6265580089312079,metalization,TSFGA,2
P02,META-02,75,0.7233834141371878,6.201978671853414,9.801924684993512,31.697615520161598,0.8125046631532237,metalization,TSFGA,2
P02,META-03,75,0.7256249843008895,8.505611461718296,16.038565644297037,28.68744141554288,0.6945089748613338,metalization,TSFGA,2
P02,META-04,75,0.7228712755497471,6.922296832253337,11.731786609671271,29.862280585608598,0.7687140821268716,metalization,TSFGA,2
P02,META-05,75,0.6863842188909084,9.186739735675893,16.14965704568904,34.5536036330954,0.7447795151700962,metalization,TSFGA,2
P03,META-01,75,0.6551114740456863,8.87046611163754,16.881754614211605,31.463504350879074,0.4652299044225843,metalization,TSFGA,2
P03,META-02,75,0.7352906317733408,7.215036180392115,11.441274353745731,31.651611489718572,0.7931953383721869,metalization,TSFGA,2
P03,META-03,75,0.7256773209465331,6.662444185525152,9.48270101351706,29.777378403359396,0.7770932406621363,metalization,TSFGA,2
P03,META-04,75,0.6789067721172992,6.760747758241561,13.32551476814196,32.882231267462316,0.6560834731381429,metalization,TSFGA,2
P03,META-05,75,0.7003618590428033,11.54190310642202,21.40866573655103,31.16344106328317,0.7296515214552004,metalization,TSFGA,2
P01,META-01,75,0.6657434481174477,10.177734615644697,16.446066647517277,39.93433550039553,0.7502120116227615,metalization,TSFGA,3
P01,META-02,75,0.7947909091274704,6.379256766485129,8.682910646965471,24.57525949490175,0.8815818525363679,metalization,TSFGA,3
P01,META-03,75,0.7724581275857929,6.158494412157047,10.576656974419798,24.724631635536078,0.8249999759171878,metalization,TSFGA,3
P01,META-04,75,0.6978772121208849,9.150143493133038,16.000783567056615,33.46524860764146,0.6939894855760574,metalization,TSFGA,3
P01,META-05,75,0.703059691379537,7.061653796591561,12.670877821471908,33.236749928589674,0.7916118654696411,metalization,TSFGA,3
P02,META-01,75,0.6903205772256167,8.968069313848522,18.273550223925213,30.189651778903603,0.6646011927516212,metalization,TSFGA,3
P02,META-02,75,0.7753998862988657,5.035725209771502,8.303514689888775,25.17632339540201,0.8654475329087035,metalization,TSFGA,3
P02,META-03,75,0.7390273134027578,8.09013994463387,14.94171748151676,29.596437703889595,0.7348641557562334,metalization,TSFGA,3
P02,META-04,75,0.7095660359635885,7.254643535116217,12.525748311936255,29.98297420400162,0.736349716372122,metalization,TSFGA,3
P02,META-05,75,0.6685483203989356,9.709206292742076,16.782124098692524,34.745246511753734,0.7243977380324055,metalization,TSFGA,3
P03,META-01,75,0.6659216656402438,8.592430076850656,16.204961668112922,30.26282633296502,0.5072484908472336,metalization,TSFGA,3
P03,META-02,75,0.7481495227840768,6.864548532358676,10.085266632682501,34.04416948927256,0.8393109461994009,metalization,TSFGA,3
P03,META-03,75,0.7916860673433088,5.059297153925598,7.12327784214968,23.439110974084656,0.8742178854885463,metalization,TSFGA,3
P03,META-04,75,0.7112238517183971,6.080298578709652,12.885912759809038,27.457789677753247,0.6784004518121105,metalization,TSFGA,3
P03,META-05,75,0.7333078130423244,10.27284234000434,18.89278224449305,28.80536882928924,0.7894590563949232,metalization,TSFGA,3
P01,META-01,75,0.7144614700603695,8.694325852101786,15.292221980576471,35.045797893291954,0.7840323782398421,metalization,TSFGA,4
P01,META-02,75,0.7883504401634884,6.579469169566921,9.485504311827462,24.364585958336168,0.8586784309768443,metalization,TSFGA,4
P01,META-03,75,0.7485462974160646,6.805675833854472,11.890981955912126,24.91671587635189,0.7788042848697292,metalization,TSFGA,4
P01,META-04,75,0.7032085623976806,8.988677287994108,15.873148958916927,33.0587418380023,0.6988519668927764,metalization,TSFGA,4
P01,META-05,75,0.758970901661177,5.732007403376478,10.786225216540087,30.38818768673161,0.8489924892374329,metalization,TSFGA,4
P02,META-01,75,0.6703888978129479,9.545274866974497,19.360176924107005,30.00927586380658,0.6235266010141158,metalization,TSFGA,4
P02,META-02,75,0.760978441697019,5.35906623995227,8.55762955580918,29.905288317194106,0.8570860199979989,metalization,TSFGA,4
P02,META-03,75,0.736906467360412,8.155886063537418,15.105838908468765,31.292001123599032,0.7290076058694217,metalization,TSFGA,4
P02,META-04,75,0.7191556931762509,7.0151070024911935,12.026261717673776,29.607394679310794,0.7569575230036911,metalization,TSFGA,4
P02,META-05,75,0.6887916428040151,9.116219123336364,16.49673076762259,31.799056388510405,0.7336917048032219,metalization,TSFGA,4
P03,META-01,75,0.6684800957288233,8.526627750325172,16.859659268750327,29.144910499925796,0.46662883454005777,metalization,TSFGA,4
P03,META-02,75,0.7041653741827141,8.063400033718628,13.029428318942099,36.73085382941569,0.731797855315576,metalization,TSFGA,4
P03,META-03,75,0.7098239882296021,7.047472301849892,11.404625449476724,27.9303250723352,0.6775805919136593,metalization,TSFGA,4
P03,META-04,75,0.6803092198696955,6.731218653686519,13.947256141081228,32.34132716772948,0.6232418896613385,metalization,TSFGA,4
P03,META-05,75,0.6833974617168006,12.195362741333918,23.51960646131922,33.065989891139466,0.67370920020785,metalization,TSFGA,4
P01,META-01,75,0.7431733277931608,7.820082200988034,12.806917270442709,32.37361518812614,0.8485264977667923,metalization,mRMR,0
P01,META-02,75,0.8409677332897896,4.943775439903694,7.992993320100835,20.127454215731635,0.8996525134448496,metalization,mRMR,0
P01,META-03,75,0.7787640412103267,5.987822819240106,9.64584120779874,23.936443577267998,0.8544468911163832,metalization,mRMR,0
P01,META-04,75,0.7028461686234121,8.999652809102107,15.07744179682697,32.12660942998647,0.7282877813853939,metalization,mRMR,0
P01,META-05,75,0.7416021106273367,6.145061426645154,13.038626180519211,26.70749938884669,0.7793401854674458,metalization,mRMR,0
P02,META-01,75,0.7324917876925074,7.74682466308106,16.040627327486987,24.37859270977504,0.7415608230099362,metalization,mRMR,0
P02,META-02,75,0.7988563966710684,4.509810335250353,7.580793415292462,22.561244519214227,0.8878505695972458,metalization,mRMR,0
P02,META-03,75,0.772246130992037,7.060358297379397,12.940452812467052,24.847720323131437,0.8011313384898967,metalization,mRMR,0
P02,META-04,75,0.7659510245807795,5.846223571196215,11.406898148898536,22.786229231619917,0.7813467138946208,metalization,mRMR,0
P02,META-05,75,0.6825518163412432,9.299002213863714,17.859107062504624,29.54741422029432,0.6878894832031475,metalization,mRMR,0
P03,META-01,75,0.7013263028470602,7.681829662792554,15.268068028958256,25.853053001004405,0.5625785059644036,metalization,mRMR,0
P03,META-02,75,0.7704344724098261,6.257140041661352,9.331447405178718,28.45770119566295,0.8624344941000499,metalization,mRMR,0
P03,META-03,75,0.7929286355839735,5.029119038216393,7.3708535753333235,21.490797683264766,0.8653226102333864,metalization,mRMR,0
P03,META-04,75,0.7073989524536485,6.160833379459468,11.937336902503777,30.231494037100603,0.7240057981997636,metalization,mRMR,0
P03,META-05,75,0.6725661998763715,12.612577233064385,25.58142303184946,27.413022223711042,0.6139939370222827,metalization,mRMR,0
P01,META-01,75,0.7118535103789772,8.773735279908125,13.419538635529056,37.506727607843885,0.8336883666680032,metalization,mRMR,1
P01,META-02,75,0.8397731232287668,4.9809118273935855,7.763374624823034,20.240425320458026,0.9053351640935933,metalization,mRMR,1
P01,META-03,75,0.7786116804316168,5.991946513021656,10.109162165124406,24.001690619882623,0.8401282988345723,metalization,mRMR,1
P01,META-04,75,0.7405602287566615,7.857438200431289,13.846667591401554,28.69844902349847,0.7708370626430239,metalization,mRMR,1
P01,META-05,75,0.7757071682643366,5.333995691365932,10.58336741245001,23.195714754540656,0.8546191086936457,metalization,mRMR,1
P02,META-01,75,0.7281705885449008,7.871963147025187,15.928138828717206,26.235171267647807,0.7451728388582473,metalization,mRMR,1
P02,META-02,75,0.7861207012934146,4.795355436810548,8.213280663840075,22.776704622121578,0.8683559981064923,metalization,mRMR,1
P02,META-03,75,0.779273890935548,6.8424980983615535,12.511881381618256,23.67504773186714,0.8140857663785527,metalization,mRMR,1
P02,META-04,75,0.7692390653811534,5.7640928052068725,11.362826328338963,22.735914047160282,0.7830330325623284,metalization,mRMR,1
P02,META-05,75,0.7022277347277366,8.722635997094034,17.010119642081786,28.771401442505823,0.7168584157540865,metalization,mRMR,1
P03,META-01,75,0.6859046605582082,8.078471316586452,15.809152606938293,26.597520953003873,0.5310256064858945,metalization,mRMR,1
P03,META-02,75,0.7544956946140522,6.691574452646273,10.244674735343823,29.042937188863444,0.8341910866984785,metalization,mRMR,1
P03,META-03,75,0.7834522321813164,5.259271386420233,7.6465644565630315,21.80352402971165,0.8550588074319687,metalization,mRMR,1
P03,META-04,75,0.7017461032816104,6.2798564047021435,13.033630535328381,30.941684739599534,0.6709848711992443,metalization,mRMR,1
P03,META-05,75,0.6905001130977595,11.921772357359957,23.640656558349715,26.030482526437716,0.6703418670446581,metalization,mRMR,1
P01,META-01,75,0.7380405467492246,7.976369588658297,12.706519685820819,32.56211097901222,0.8508920889365063,metalization,mRMR,2
P01,META-02,75,0.826172967733488,5.403694675851308,9.332394253023434,21.82329982609781,0.8632038880058515,metalization,mRMR,2
P01,META-03,75,0.7681347431072334,6.275508212168094,11.191507902304682,21.9149182340279,0.8040620855894832,metalization,mRMR,2
P01,META-04,75,0.7134391369641814,8.67883232079443,14.533146590229586,30.20939354444368,0.7475512901240711,metalization,mRMR,2
P01,META-05,75,0.7835522626915897,5.147428427715512,9.821094719304423,24.659928977672006,0.8748071922628766,metalization,mRMR,2
P02,META-01,75,0.7093258645357827,8.417691337810542,17.081981074882016,26.548791803412296,0.7069159905264484,metalization,mRMR,2
P02,META-02,75,0.7927691929610848,4.646290609789164,7.389909183250796,23.153984651603157,0.8934273043242863,metalization,mRMR,2
P02,META-03,75,0.7571553432928252,7.528171944674212,13.69612423616967,25.97081173978051,0.777226885066878,metalization,mRMR,2
P02,META-04,75,0.76778627355451,5.800381559753866,11.350482694458165,22.3397642228209,0.783504166427589,metalization,mRMR,2
P02,META-05,75,0.6772472314399411,9.45438929522078,17.482670091067845,32.492912185984316,0.7009082418581066,metalization,mRMR,2
P03,META-01,75,0.7172320766218687,7.2727362409154175,15.165331002546605,23.845469311841818,0.5684454155954973,metalization,mRMR,2
P03,META-02,75,0.7698862163517812,6.272083552430965,10.342503082648037,29.003064505425286,0.8310092853847812,metalization,mRMR,2
P03,META-03,75,0.7933544229048133,5.018777989237915,7.0933091146715,22.05613814882713,0.875274028600803,metalization,mRMR,2
P03,META-04,75,0.7184468946608795,5.928214488668021,12.292975637452313,30.24348442207637,0.7073159214642768,metalization,mRMR,2
P03,META-05,75,0.6398351606927648,13.873359594157918,26.46468814305295,30.9175442801504,0.5868780329792618,metalization,mRMR,2
P01,META-01,75,0.7625878205289547,7.22893281693138,11.486117503450059,28.603478133952727,0.8781588559211261,metalization,mRMR,3
P01,META-02,75,0.8374945127639424,5.0517461221322355,7.620504941031288,19.804022362156175,0.9087873450605652,metalization,mRMR,3
P01,META-03,75,0.772767744621105,6.15011452690056,10.180164186552563,22.594215692176846,0.837874684425854,metalization,mRMR,3
P01,META-04,75,0.7141657042875014,8.656827376008671,14.42308880803404,30.040303930839308,0.7513603403813303,metalization,mRMR,3
P01,META-05,75,0.7458545595065811,6.043932274080994,12.745912056663208,26.92653080856122,0.7891364976585398,metalization,mRMR,3
P02,META-01,75,0.72589173308285,7.937956985288067,17.193319929753212,26.181085433481034,0.7030829476340623,metalization,mRMR,3
P02,META-02,75,0.8048176596779388,4.376153758185032,7.515319150507891,21.12931618292903,0.8897794420222018,metalization,mRMR,3
P02,META-03,75,0.7716100788315868,7.080075881840908,13.12818486672768,25.826810863782875,0.7953193576719877,metalization,mRMR,3
P02,META-04,75,0.7681940669873679,5.79019543706274,11.344028624802835,21.94372461463682,0.7837503025558392,metalization,mRMR,3
P02,META-05,75,0.6763150480760574,9.48169572068075,18.223458276560027,29.64622214766408,0.6750245792299188,metalization,mRMR,3
P03,META-01,75,0.7008337338809398,7.694498441231979,14.773784390279637,25.855824764306686,0.5904419560529599,metalization,mRMR,3
P03,META-02,75,0.7579128936262829,6.59843375772484,9.801887565949546,30.00957085688177,0.8482142651403292,metalization,mRMR,3
P03,META-03,75,0.8114246246283715,4.579909023610315,6.751172276797626,20.353272843612437,0.8870158549134001,metalization,mRMR,3
P03,META-04,75,0.7275250722592872,5.73706978825791,11.461881710302034,28.80922408644186,0.7455532543621672,metalization,mRMR,3
P03,META-05,75,0.6774222498757481,12.42552474904583,24.56124184871041,27.92500649190798,0.6441676980991446,metalization,mRMR,3
P01,META-01,75,0.7364067826032588,8.026115862317099,12.644192074047073,34.50210878670211,0.8523512999613376,metalization,mRMR,4
P01,META-02,75,0.8414423067317632,4.929022556256912,7.030760391290375,19.669262403285778,0.9223588081022303,metalization,mRMR,4
P01,META-03,75,0.7849376979119251,5.82073080274233,9.84372573210229,21.71349124766106,0.8484135859857914,metalization,mRMR,4
P01,META-04,75,0.7259552341539476,8.299767616459107,14.210914354992552,29.138699606795004,0.7586218849496708,metalization,mRMR,4
P01,META-05,75,0.7730584394197537,5.396986149577511,10.794184628665377,25.5950929338134,0.8487695429416202,metalization,mRMR,4
P02,META-01,75,0.7046128449824767,8.554176628479548,17.24951211895523,30.686187849465057,0.7011389736095568,metalization,mRMR,4
P02,META-02,75,0.7974607793328496,4.5411012606975865,7.513790913190065,21.994348253448905,0.8898242640823413,metalization,mRMR,4
P02,META-03,75,0.7577890972779452,7.508525603530464,13.635825293707525,27.63308935971276,0.7791841414108035,metalization,mRMR,4
P02,META-04,75,0.761180757314518,5.965378328797574,11.16632730704023,22.774506182517975,0.790472231100793,metalization,mRMR,4
P02,META-05,75,0.6901032700899086,9.077797655950055,16.755353420553135,31.785324090442252,0.7252763127232598,metalization,mRMR,4
P03,META-01,75,0.7076292939157076,7.5197179528663245,14.96605326325982,25.05416045122227,0.5797124551421315,metalization,mRMR,4
P03,META-02,75,0.7670680819477399,6.34889587616012,10.156335288473851,28.917306813803645,0.8370382860056435,metalization,mRMR,4
P03,META-03,75,0.7616492322634855,5.788798403766275,9.391974149285533,22.384713384875166,0.7813382095310519,metalization,mRMR,4
P03,META-04,75,0.7149556438768145,6.001724185734719,12.34805149203702,29.29248249775108,0.7046874388553376,metalization,mRMR,4
P03,META-05,75,0.6659803986170477,12.866258823033018,24.04289802729118,29.562962529746883,0.659028283411526,metalization,mRMR,4
P01,META-01,75,0.7113008331182692,8.790563678501679,13.809464014984375,35.04567692396397,0.8238830709438512,metalization,MI,0
P01,META-02,75,0.8357755034859039,5.105184308140232,8.236301141190731,20.12290484649438,0.8934503485495423,metalization,MI,0
P01,META-03,75,0.7873283211013368,5.756027812486697,8.969038794470157,23.521778128554335,0.8741558375541781,metalization,MI,0
P01,META-04,75,0.7185899008326052,8.522835387143134,15.171257932022936,28.55545944942811,0.724895919996758,metalization,MI,0
P01,META-05,75,0.7422740110117595,6.129082700406759,12.820894817651714,26.53979882408847,0.786648227683716,metalization,MI,0
P02,META-01,75,0.7364704445085344,7.631605932102794,16.391160490734254,24.425459445226753,0.730142149554212,metalization,MI,0
P02,META-02,75,0.7921684204140104,4.659760440283851,7.632978437872083,24.99566350020662,0.8863012160759441,metalization,MI,0
P02,META-03,75,0.7460355377566652,7.872885347895159,13.606228138407445,27.158594815552572,0.7801416820511932,metalization,MI,0
P02,META-04,75,0.7737543814214928,5.651306380830736,11.133458378678911,22.106301203095644,0.791703937265748,metalization,MI,0
P02,META-05,75,0.6847712967389542,9.233987026521746,16.94439926832495,30.308938836430183,0.7190420833387937,metalization,MI,0
P03,META-01,75,0.6951991592647813,7.83941860941626,15.3648895507039,25.840033902637057,0.557013152136992,metalization,MI,0
P03,META-02,75,0.7459282033643073,6.925093801644806,10.577759506173566,30.531354288267938,0.8232339318257049,metalization,MI,0
P03,META-03,75,0.8019872428842882,4.8091136571623,7.126072172626882,21.523932578664,0.8741191821267547,metalization,MI,0
P03,META-04,75,0.7137767680875169,6.026545892197649,11.501760453591725,29.776656205034936,0.7437796069442716,metalization,MI,0
P03,META-05,75,0.6889099619656454,11.983024140036218,23.902940012477337,26.551396008319905,0.6629864440421823,metalization,MI,0
P01,META-01,75,0.708637729751883,8.871652169256627,13.294206547016339,35.28159332377876,0.8367804024740492,metalization,MI,1
P01,META-02,75,0.8306758970574345,5.263713828820349,7.580961384298768,21.60843725215122,0.9097315120449423,metalization,MI,1
P01,META-03,75,0.7606928739830767,6.476924808291095,10.77748811355759,24.26410683425898,0.8182910266087535,metalization,MI,1
P01,META-04,75,0.7056291184981978,8.915367903394582,15.082094742307135,31.998251534228977,0.7281200530354305,metalization,MI,1
P01,META-05,75,0.7870912993507476,5.063265210614656,10.457400396106665,23.166633404905358,0.8580592636646643,metalization,MI,1
P02,META-01,75,0.7257446063130122,7.942217659303819,16.626634903710382,26.603826464116104,0.7223329333588271,metalization,MI,1
P02,META-02,75,0.7942973078929623,4.612028975816338,7.81809555181189,24.063987992768887,0.8807194325241452,metalization,MI,1
P02,META-03,75,0.7760068295586396,6.943776834046595,12.982460840089184,23.56094293878712,0.7998380854499434,metalization,MI,1
P02,META-04,75,0.7678962402743825,5.797634741364193,11.095739273484796,23.436572919839502,0.7931129212286298,metalization,MI,1
P02,META-05,75,0.7144349762708301,8.365049556289511,16.31687118191251,26.320617621998093,0.7394670296266422,metalization,MI,1
P03,META-01,75,0.6664618992595805,8.578535372759141,16.772328904046827,28.061179652562114,0.4721400801054927,metalization,MI,1
P03,META-02,75,0.7397642231742758,7.093101985050755,10.870613294908363,31.423729836355108,0.8133106181160898,metalization,MI,1
P03,META-03,75,0.7723207705461415,5.5296199485717885,8.114770934866174,23.020702762436798,0.836765612932454,metalization,MI,1
P03,META-04,75,0.706211805315933,6.185829242508142,12.563868522021936,30.34224222562335,0.6942743884932148,metalization,MI,1
P03,META-05,75,0.6765728419800494,12.458243493057074,24.21696427355866,26.17403775476258,0.6540732638955831,metalization,MI,1
P01,META-01,75,0.7102665661997702,8.82205593844075,13.570515495099137,34.449363304584544,0.829925129393253,metalization,MI,2
P01,META-02,75,0.8330324233139705,5.190457395572244,8.158615183308633,20.917307469044857,0.8954508521091613,metalization,MI,2
P01,META-03,75,0.7527590050833153,6.691657537557837,11.999022231298452,23.566046930655666,0.77476649998428,metalization,MI,2
P01,META-04,75,0.7123404571386578,8.712107129778959,15.17235028837503,30.828655758988322,0.7248563026480448,metalization,MI,2
P01,META-05,75,0.7764425643333913,5.316506949378814,10.322086371851038,24.953735340982927,0.8617087959277765,metalization,MI,2
P02,META-01,75,0.7231045737989976,8.01867089718571,17.059376082158206,24.74488401354863,0.7076911673932603,metalization,MI,2
P02,META-02,75,0.8040782766441069,4.392731353457754,7.2904733458594775,23.082881771502702,0.8962760131181483,metalization,MI,2
P02,META-03,75,0.7681325556479521,7.1878789227764965,12.839670790310405,24.507437187509286,0.804216908943159,metalization,MI,2
P02,META-04,75,0.7861742128040834,5.3410759649567545,11.031258870139505,20.797425375726252,0.7955104902910943,metalization,MI,2
P02,META-05,75,0.6892358716671779,9.10320633764516,17.1208479036655,31.878252200767854,0.7131601679960949,metalization,MI,2
P03,META-01,75,0.7245407811291301,7.084757776070162,14.31653619992969,23.20731186105943,0.6154012588452907,metalization,MI,2
P03,META-02,75,0.7310325606457556,7.331096059383264,11.329860121712159,32.9366987185235,0.7972034228227605,metalization,MI,2
P03,META-03,75,0.8023612343908917,4.8000305673237085,6.918876185874684,21.790692887184857,0.8813329241766381,metalization,MI,2
P03,META-04,75,0.7155819484363523,5.988537089965706,11.951033274334307,29.472443121542703,0.7233721078193169,metalization,MI,2
P03,META-05,75,0.638137374396322,13.938757426577897,26.532890528284906,31.029541246350252,0.5847459685788103,metalization,MI,2
P01,META-01,75,0.7205834525809056,8.507918396317569,13.287684698741598,32.18742470047708,0.8369405071539501,metalization,MI,3
P01,META-02,75,0.8320531633752666,5.220899275917622,7.884051426101175,19.673526625352935,0.9023692791674449,metalization,MI,3
P01,META-03,75,0.7870951037846075,5.762339914635884,9.651311690392173,20.9603416676597,0.8542817481246319,metalization,MI,3
P01,META-04,75,0.7316924588211418,8.126009028681963,14.296273269949747,28.149610958588106,0.7557134650507091,metalization,MI,3
P01,META-05,75,0.7569748957707652,5.779475201330652,12.167479777539846,25.440815722827242,0.8078409483963712,metalization,MI,3
P02,META-01,75,0.7271876786368812,7.900427434724441,17.431262875013562,24.9064915753408,0.6948078517693825,metalization,MI,3
P02,META-02,75,0.8101398097342453,4.256826636007383,7.308573830864115,22.844417999470636,0.8957603305244226,metalization,MI,3
P02,META-03,75,0.7591884427699915,7.465145964805974,13.62302215375396,27.11216869552168,0.7795986097738699,metalization,MI,3
P02,META-04,75,0.776487234781345,5.583043438425738,11.426301372494253,21.247585652197355,0.780602219313426,metalization,MI,3
P02,META-05,75,0.692064640334483,9.020343283282703,16.9564868541965,30.224648669423804,0.7186410877974255,metalization,MI,3
P03,META-01,75,0.716517838222525,7.291106314258615,14.491187688743816,23.586772212435136,0.6059603634676092,metalization,MI,3
P03,META-02,75,0.7260916628008183,7.465767366838918,12.852111456553057,33.610025014013964,0.7390480834573281,metalization,MI,3
P03,META-03,75,0.8043514174892689,4.751695213288581,7.134247802565701,21.098948412248518,0.8738301742904593,metalization,MI,3
P03,META-04,75,0.7248632719241864,5.793115070704644,11.823046875656392,28.2655980733812,0.7292653270566876,metalization,MI,3
P03,META-05,75,0.6769299201725206,12.444489029470585,24.980041391204246,27.04341003214963,0.6319294803167458,metalization,MI,3
P01,META-01,75,0.6993642871968351,9.154018024965767,13.940315348689614,36.83357191343041,0.8205296725909315,metalization,MI,4
P01,META-02,75,0.8470847621768031,4.753617695174416,7.092538805028355,18.60665355140631,0.9209883665711247,metalization,MI,4
P01,META-03,75,0.7966707459615356,5.5031720603251895,9.010191397071692,21.584045784795364,0.8729983677532791,metalization,MI,4
P01,META-04,75,0.7231957509576028,8.38334180624696,14.612406977144532,30.320839555585867,0.7447901888030306,metalization,MI,4
P01,META-05,75,0.7829833854742434,5.160957119661483,10.512587987684231,24.060633326161405,0.8565571623996702,metalization,MI,4
P02,META-01,75,0.7228612887438586,8.025716238519543,17.215637041710153,25.74641208713256,0.7023116444010912,metalization,MI,4
P02,META-02,75,0.7994561833110019,4.496362609630693,7.665582065909414,22.72927819087167,0.8853278319784155,metalization,MI,4
P02,META-03,75,0.7645046890847433,7.300342600793932,13.46010128323558,27.457012311705885,0.7848387495904622,metalization,MI,4
P02,META-04,75,0.7631993253553491,5.914957257569927,11.342170312804345,22.700486246171717,0.7838211462579487,metalization,MI,4
P02,META-05,75,0.7031479497619264,8.695680159635659,16.3022190886078,29.9582179416141,0.7399347221652561,metalization,MI,4
P03,META-01,75,0.724676714665411,7.081261591835916,14.276586775003109,23.632481008210597,0.6175446630140445,metalization,MI,4
P03,META-02,75,0.7255416675019237,7.4807582831300685,12.397107005081994,31.700004643466446,0.7571980199574825,metalization,MI,4
P03,META-03,75,0.7665879467917502,5.66885239709144,8.964537680097466,22.024209207929836,0.8007882654859046,metalization,MI,4
P03,META-04,75,0.7286146135641631,5.714129055489975,11.611543913624912,28.928228551424777,0.7388650541022885,metalization,MI,4
P03,META-05,75,0.6823145684259923,12.237075219582437,23.215181320763758,27.34958046562392,0.6821012010203318,metalization,MI,4
P01,META-01,75,0.7248423829217827,8.378238775942634,13.074174996844889,34.33571510832989,0.8421385651073525,metalization,DDA,0
P01,META-02,75,0.827619611937785,5.358723399044227,8.362895683971102,20.58668108062444,0.8901497731516906,metalization,DDA,0
P01,META-03,75,0.7777231044555142,6.015996109368669,10.421674750547028,24.69183815935189,0.8300910328099116,metalization,DDA,0
P01,META-04,75,0.7180182611947942,8.540148165000943,15.20516139073023,30.490646214571676,0.7236649869474678,metalization,DDA,0
P01,META-05,75,0.7288575627050757,6.448144513071485,12.908649173306513,28.3216395855067,0.7837176020006567,metalization,DDA,0
P02,META-01,75,0.7462618464575427,7.348054733990314,14.721332181262262,26.193146620676817,0.782324336741423,metalization,DDA,0
P02,META-02,75,0.788988857018358,4.731048950711139,7.682732419875929,22.331814717526484,0.8848141414883535,metalization,DDA,0
P02,META-03,75,0.7627369554927167,7.355142251787283,12.861868055992035,24.669072899409603,0.8035393828728156,metalization,DDA,0
P02,META-04,75,0.7768802130887134,5.573227377324036,11.520762182282713,20.600475163481505,0.7769597184455358,metalization,DDA,0
P02,META-05,75,0.7140917479551272,8.375103735307947,16.067007891697862,28.063603101185564,0.7473851161803278,metalization,DDA,0
P03,META-01,75,0.6916612910617561,7.930411894610478,15.486715033890215,26.702514210554074,0.5499605749823824,metalization,DDA,0
P03,META-02,75,0.7668934937122194,6.3536545306965655,9.167561711974487,27.472069076790728,0.8672241138210166,metalization,DDA,0
P03,META-03,75,0.809611791499698,4.623937098792186,6.793256913825193,20.900932612599096,0.8856028508338414,metalization,DDA,0
P03,META-04,75,0.7111056328476644,6.0827877248388225,11.910148624551471,28.648113623915194,0.7252615660247876,metalization,DDA,0
P03,META-05,75,0.7131487234937064,11.049359833873961,22.53853204204297,23.738264326186993,0.7003626274247078,metalization,DDA,0
P01,META-01,75,0.6783449576226178,9.794032878826654,15.69325669809505,41.760992533903504,0.7725564548727442,metalization,DDA,1
P01,META-02,75,0.8623593597221352,4.278782105132628,5.721773452939122,16.67306986458906,0.9485780057100283,metalization,DDA,1
P01,META-03,75,0.7849383423173041,5.82071336170221,9.582525892660446,24.39422576129987,0.8563514414178433,metalization,DDA,1
P01,META-04,75,0.6821294684654466,9.627082406453242,18.50232378578075,32.2483392715968,0.5908275346898213,metalization,DDA,1
P01,META-05,75,0.6689335399148351,7.8732211724502275,17.521820046645914,30.919384827316726,0.6015094637409248,metalization,DDA,1
P02,META-01,75,0.7740424846681586,6.543549588560414,14.486995623347115,21.605547834577447,0.789199173523977,metalization,DDA,1
P02,META-02,75,0.7814658337575345,4.8997215184313685,8.07614521438487,20.741275914676514,0.8727153633833498,metalization,DDA,1
P02,META-03,75,0.7048091201619004,9.15090218600318,16.60031734089261,26.913560132019516,0.6727345303821853,metalization,DDA,1
P02,META-04,75,0.7602722091098442,5.988072621392609,10.364104386735717,22.617176521423772,0.8194969942750944,metalization,DDA,1
P02,META-05,75,0.6963041879464182,8.89615431431527,16.955528650964578,25.82370291286818,0.7186728858230265,metalization,DDA,1
P03,META-01,75,0.715400415862884,7.319846200997828,14.101713872788801,23.990232413176187,0.6268566176170949,metalization,DDA,1
P03,META-02,75,0.7728913043359027,6.190175538838743,9.86265655259979,24.520296399384165,0.8463263720304546,metalization,DDA,1
P03,META-03,75,0.7734709927169975,5.501684631518442,8.228798755989297,22.58233321880358,0.832145880018923,metalization,DDA,1
P03,META-04,75,0.7161787975096456,5.975970191370911,11.736571996737847,28.064660683744346,0.73321120165931,metalization,DDA,1
P03,META-05,75,0.7086002204117702,11.224565772888475,22.996798103963503,23.651250786548218,0.6880539635422821,metalization,DDA,1
P01,META-01,75,0.7128673535033798,8.742864901439996,13.728532804665043,34.02909199432058,0.82594131011619,metalization,DDA,2
P01,META-02,75,0.8503248331599638,4.652894843884855,6.359877248810285,18.791970465122024,0.9364690914926366,metalization,DDA,2
P01,META-03,75,0.7604322464959358,6.483978775572728,11.189019782919996,26.623300216295064,0.8041491985566375,metalization,DDA,2
P01,META-04,75,0.7051365689700038,8.930285344386336,16.833688528206526,32.337432050492396,0.6613021640863308,metalization,DDA,2
P01,META-05,75,0.645998850865364,8.418639996699012,18.329248504523367,31.10894425226713,0.5639373406095953,metalization,DDA,2
P02,META-01,75,0.7452417360741153,7.377596317813979,16.314209975036285,24.87736731943527,0.7326699702141211,metalization,DDA,2
P02,META-02,75,0.7879808236042636,4.753649915563728,8.134612975222945,21.398893641344618,0.8708657219814722,metalization,DDA,2
P02,META-03,75,0.737871168119669,8.1259803893121,14.405291615585963,27.46837975064429,0.7535598226485853,metalization,DDA,2
P02,META-04,75,0.7706826114507637,5.728034997035968,11.35536646619229,21.939593403739025,0.7833178230399584,metalization,DDA,2
P02,META-05,75,0.7074883134852777,8.56853798667617,16.972174016929458,25.57571967832865,0.7181202529404253,metalization,DDA,2
P03,META-01,75,0.6990774931528909,7.739668612721242,15.31177957767174,24.7725830578226,0.5600702984901909,metalization,DDA,2
P03,META-02,75,0.7647244856482414,6.412773978421451,9.472461593672723,26.41014867025719,0.8582453772204279,metalization,DDA,2
P03,META-03,75,0.764670526478698,5.715420569507882,8.61573179521821,24.03150472526644,0.8159891358098712,metalization,DDA,2
P03,META-04,75,0.6874223829656803,6.5814481282466195,13.529657089315165,29.993674560646937,0.6454653919696622,metalization,DDA,2
P03,META-05,75,0.6846376352233317,12.147591912153732,22.252477690913015,28.0586916870979,0.7079202315281059,metalization,DDA,2
P01,META-01,75,0.7378757839138378,7.981386430971916,12.367861524245376,29.24771562864834,0.858734312690043,metalization,DDA,3
P01,META-02,75,0.8461233141248965,4.783505864186186,7.0722008862315615,18.323251176412892,0.921440850028049,metalization,DDA,3
P01,META-03,75,0.7796866261119456,5.9628527603183015,9.964457513296507,21.725643194454175,0.844672415300987,metalization,DDA,3
P01,META-04,75,0.7317674074477575,8.12373912149303,14.194741495704463,28.313525322163045,0.7591709774049057,metalization,DDA,3
P01,META-05,75,0.7489025673755121,5.97144640498604,11.8232567090735,25.990161920252387,0.818559673488805,metalization,DDA,3
P02,META-01,75,0.7325505233353702,7.745123725667562,16.83048846483584,25.362068273066935,0.715482428925192,metalization,DDA,3
P02,META-02,75,0.8124972061258936,4.203971807738487,6.936198219850825,20.090111089609135,0.9061118590038443,metalization,DDA,3
P02,META-03,75,0.7614433710693853,7.395243302787691,14.25153165316872,25.267377769462403,0.7587926777997279,metalization,DDA,3
P02,META-04,75,0.7663085608743652,5.837292803166253,11.161330685679014,21.391411472572265,0.7906597048620059,metalization,DDA,3
P02,META-05,75,0.6963082288643001,8.896035943802337,17.000265419653044,28.307002015861677,0.7171863772291672,metalization,DDA,3
P03,META-01,75,0.7214334445129367,7.164677872208836,14.033944633082646,23.592694600782664,0.6304344636252339,metalization,DDA,3
P03,META-02,75,0.7473244098355865,6.887038177572783,9.926679339761165,30.20938423322817,0.8443247718973981,metalization,DDA,3
P03,META-03,75,0.811653119862497,4.574359585447667,6.55612417629313,20.351585807275065,0.8934499974854113,metalization,DDA,3
P03,META-04,75,0.72209121569122,5.851481835666729,11.527288255141682,28.17383371116353,0.7426409983178499,metalization,DDA,3
P03,META-05,75,0.6867593239305609,12.065865582512915,24.597699108270728,25.136722399289468,0.6431105611185257,metalization,DDA,3
P01,META-01,75,0.7081711458777165,8.885859121432912,14.069090685850194,35.78949172956871,0.8171986003323621,metalization,DDA,4
P01,META-02,75,0.8602358735809131,4.344794109168759,6.651865315126002,17.312813554347212,0.9305016500894012,metalization,DDA,4
P01,META-03,75,0.7851121507240453,5.816009180927284,9.706522105952114,22.768617001165183,0.8526098144601343,metalization,DDA,4
P01,META-04,75,0.7469442170465537,7.664091616676187,13.598654269440091,25.846357101351007,0.7789728049658303,metalization,DDA,4
P01,META-05,75,0.7704146776257412,5.459858484413785,11.168869025776363,24.527387669014054,0.8380883954730054,metalization,DDA,4
P02,META-01,75,0.7317735982737861,7.767622856354165,15.303539849778135,26.549754628181425,0.764766349143408,metalization,DDA,4
P02,META-02,75,0.7880212892235088,4.752742642029426,7.61462062864566,22.775157346124633,0.8868474643335128,metalization,DDA,4
P02,META-03,75,0.7682038137577066,7.185669925016538,13.414371924360871,26.864655730671526,0.7862982441365969,metalization,DDA,4
P02,META-04,75,0.7830416096917318,5.41932410990945,10.80490389666604,20.42192885405485,0.8038164007557264,metalization,DDA,4
P02,META-05,75,0.6919080500120196,9.02493027993354,18.240818308750335,26.89714893952269,0.6744051281001777,metalization,DDA,4
P03,META-01,75,0.7261835097035432,7.042507115194652,14.396359391733073,22.623612719413945,0.6111005699443537,metalization,DDA,4
P03,META-02,75,0.7520097985079989,6.759331141674797,10.377759099200079,28.942493368213096,0.8298551944964121,metalization,DDA,4
P03,META-03,75,0.780111171303528,5.340415357802811,9.261348623440847,21.50878396686606,0.787378299113257,metalization,DDA,4
P03,META-04,75,0.7226735899836321,5.839219709436773,12.068657796219439,27.619713201031214,0.7179000541911706,metalization,DDA,4
P03,META-05,75,0.7018955442054097,11.482826363100855,22.714116203273047,25.18221097220253,0.6956758528619219,metalization,DDA,4
P01,META-01,75,0.7158696130775184,8.651449487080077,13.574348909981119,34.688960260952854,0.8298290299304814,metalization,PFI-SBS,0
P01,META-02,75,0.8385510786085171,5.018901062566009,8.578582964091279,20.298023753594048,0.8844104134291262,metalization,PFI-SBS,0
P01,META-03,75,0.7810283209907541,5.926539354234868,9.296129292589201,24.288071529698747,0.864809684882815,metalization,PFI-SBS,0
P01,META-04,75,0.7148120804989588,8.637251113235171,15.402921476827327,29.894807195178867,0.7164301521575086,metalization,PFI-SBS,0
P01,META-05,75,0.7377537893801029,6.236579861687821,12.768410142694533,26.619960426002446,0.7883914411908068,metalization,PFI-SBS,0
P02,META-01,75,0.7441185470736861,7.410122976247271,16.85188425972873,23.23739592141784,0.7147585819652333,metalization,PFI-SBS,0
P02,META-02,75,0.8013394133852194,4.454138992713223,7.348881456764429,24.388449011473934,0.8946073723686156,metalization,PFI-SBS,0
P02,META-03,75,0.7649677398018028,7.285988052234392,13.11035217744307,26.012932166458924,0.7958750365169336,metalization,PFI-SBS,0
P02,META-04,75,0.7754015976175092,5.610161171223395,10.870326236420714,21.897622712756917,0.8014334741271588,metalization,PFI-SBS,0
P02,META-05,75,0.681718608748779,9.323409344368075,17.327905205814766,30.475488249999984,0.7061802072656906,metalization,PFI-SBS,0
P03,META-01,75,0.6918763521316547,7.924880565531933,15.41916538244368,26.618448248082643,0.5538779592893344,metalization,PFI-SBS,0
P03,META-02,75,0.7513544138061545,6.777194598369057,10.461231321919438,30.20196955352156,0.8271071093949116,metalization,PFI-SBS,0
P03,META-03,75,0.7920150298625215,5.051307678061091,7.604381316046911,21.333326221937483,0.8566535655050587,metalization,PFI-SBS,0
P03,META-04,75,0.7085216723898051,6.137194057192987,11.941080393953998,30.18022840575795,0.723832670148904,metalization,PFI-SBS,0
P03,META-05,75,0.682967903276908,12.211909105811909,24.318866595220946,26.756953730177692,0.651155895496477,metalization,PFI-SBS,0
P01,META-01,75,0.7002465517975993,9.12715406398495,14.212923748945256,36.99852310995455,0.8134418137193679,metalization,PFI-SBS,1
P01,META-02,75,0.8444350322683167,4.835988838558945,7.259223033660775,19.846584282523974,0.9172309674678549,metalization,PFI-SBS,1
P01,META-03,75,0.7657021338147318,6.3413475698910595,10.238226977808617,23.433772495596447,0.8360200398272404,metalization,PFI-SBS,1
P01,META-04,75,0.7109946342200739,8.752866957621926,15.469156568770554,29.5026086542373,0.7139861147187785,metalization,PFI-SBS,1
P01,META-05,75,0.7837863865585286,5.141860636324972,10.68321573198809,22.032351836731127,0.8518629890986966,metalization,PFI-SBS,1
P02,META-01,75,0.7477571204884503,7.304752789572303,16.136390301579866,24.19134230297249,0.738465834327277,metalization,PFI-SBS,1
P02,META-02,75,0.7919186948598731,4.665359499196914,7.95734517447623,22.31085984466351,0.8764325332758006,metalization,PFI-SBS,1
P02,META-03,75,0.7700042072831232,7.129857817757545,12.957172546241058,24.21434175069159,0.8006171093233211,metalization,PFI-SBS,1
P02,META-04,75,0.7777863708247745,5.550592795368301,11.019925413303824,21.45163536884827,0.7959304573189351,metalization,PFI-SBS,1
P02,META-05,75,0.7126524541191719,8.417264935957109,16.826732030364923,26.22479550323598,0.7229306548468002,metalization,PFI-SBS,1
P03,META-01,75,0.693696390495203,7.878069531209861,15.396351158085015,26.626629864823848,0.5551971485496461,metalization,PFI-SBS,1
P03,META-02,75,0.7634669850177718,6.447048974453837,10.0988186188966,28.157745577795307,0.838878807114944,metalization,PFI-SBS,1
P03,META-03,75,0.7844826113748682,5.234246682335786,7.666174366302375,22.001463307467905,0.8543144396068938,metalization,PFI-SBS,1
P03,META-04,75,0.6965284829431212,6.389715510854585,13.32526598294967,30.437527137242963,0.6560963147494498,metalization,PFI-SBS,1
P03,META-05,75,0.7060318404775233,11.32349841292842,22.5489906027998,25.387444715250552,0.7000844812931311,metalization,PFI-SBS,1
P01,META-01,75,0.7436754203145131,7.804794050595641,12.695752036950788,30.14676321709635,0.8511446933305756,metalization,PFI-SBS,2
P01,META-02,75,0.8427104779736156,4.889599400385744,8.04171511275869,19.50892127060775,0.898425436134998,metalization,PFI-SBS,2
P01,META-03,75,0.7527604236300401,6.691619144131667,11.760700974914027,23.139222489873415,0.7836246988579044,metalization,PFI-SBS,2
P01,META-04,75,0.6879027496680596,9.452231804150268,16.231098857684383,31.177329437838562,0.6851166529499645,metalization,PFI-SBS,2
P01,META-05,75,0.7809481938827305,5.209356808123342,10.194872990165582,23.708647103610765,0.8650964992978043,metalization,PFI-SBS,2
P02,META-01,75,0.7297449069815659,7.826372139603398,17.224310817454803,23.81188441903228,0.702011599447913,metalization,PFI-SBS,2
P02,META-02,75,0.7936177001313615,4.627266358743061,7.519241075518173,22.792322518633018,0.8896643731747617,metalization,PFI-SBS,2
P02,META-03,75,0.7693654550742721,7.149659103581469,12.700502510866613,24.515573221714128,0.8084380659068453,metalization,PFI-SBS,2
P02,META-04,75,0.779592335082896,5.5054822761034465,11.191640681073384,20.11689716703149,0.7895211813251582,metalization,PFI-SBS,2
P02,META-05,75,0.6964110336441947,8.893024485791086,17.2944509055692,28.84332767696104,0.7073136445392786,metalization,PFI-SBS,2
P03,META-01,75,0.7205379365193094,7.187710164420329,14.452029852870664,23.717307455618197,0.6080870204068181,metalization,PFI-SBS,2
P03,META-02,75,0.7607955750736868,6.5198621110963195,10.73069362008248,28.611748644504942,0.8180855847268512,metalization,PFI-SBS,2
P03,META-03,75,0.7997626900407173,4.863141122952521,6.921607210251174,21.94202765789034,0.8812392249604244,metalization,PFI-SBS,2
P03,META-04,75,0.7079685135803125,6.148841039615782,11.924621987467036,29.953411600487595,0.7245934290827076,metalization,PFI-SBS,2
P03,META-05,75,0.647325255454354,13.58484509556966,25.76939012492808,30.872403811327313,0.6083005084393243,metalization,PFI-SBS,2
P01,META-01,75,0.7304629702612208,8.207098237327392,12.818880390215137,30.726758788762815,0.848243378580001,metalization,PFI-SBS,3
P01,META-02,75,0.8398841243648645,4.9774611773978785,7.883884322629026,18.983943160092025,0.9023734177146624,metalization,PFI-SBS,3
P01,META-03,75,0.773874570098284,6.120157937178769,10.141212991437987,22.202081832937935,0.8391129539767951,metalization,PFI-SBS,3
P01,META-04,75,0.7286652449742296,8.217691755688733,13.816140642873036,28.71644522481649,0.7718463934007243,metalization,PFI-SBS,3
P01,META-05,75,0.7505391077440002,5.932527197418365,11.658279370954531,26.224364676502525,0.823587848391135,metalization,PFI-SBS,3
P02,META-01,75,0.7367089276801047,7.624699649490708,17.348034585224227,25.544777847427746,0.6977152694497979,metalization,PFI-SBS,3
P02,META-02,75,0.8022368643119887,4.434017381098731,7.491169117788518,20.592964471857606,0.8904866783249265,metalization,PFI-SBS,3
P02,META-03,75,0.7727171429874471,7.0457569495979335,13.439946663671096,25.029544243303274,0.7854826149536982,metalization,PFI-SBS,3
P02,META-04,75,0.7730637415866877,5.668557620124617,11.309213280458495,20.99122725563055,0.7850756261778785,metalization,PFI-SBS,3
P02,META-05,75,0.6920527548126671,9.02069144559507,17.516077209404045,29.42330194469494,0.6997640985187379,metalization,PFI-SBS,3
P03,META-01,75,0.7176159436749139,7.262863254633864,14.25318176316961,23.921512006865818,0.6187976283617447,metalization,PFI-SBS,3
P03,META-02,75,0.727888336451775,7.416796431345201,11.09283099307876,31.873867558816066,0.8055999747610292,metalization,PFI-SBS,3
P03,META-03,75,0.8135053299288107,4.529375166991041,6.862547493879687,20.005374846525033,0.8832572689021402,metalization,PFI-SBS,3
P03,META-04,75,0.7249799804924495,5.790657724604712,11.417516122575337,28.883202201951047,0.7475192198317046,metalization,PFI-SBS,3
P03,META-05,75,0.6752172185792187,12.510461391256563,24.9800476184098,27.37677705135009,0.6319292968061555,metalization,PFI-SBS,3
P01,META-01,75,0.7057780396662281,8.958726503658939,13.92894923939847,37.32734693645263,0.8208222122797848,metalization,PFI-SBS,4
P01,META-02,75,0.8488168043684741,4.699774359949476,6.723340006569205,18.671244066486683,0.9290000981968152,metalization,PFI-SBS,4
P01,META-03,75,0.7767005272876529,6.043672491335013,9.701284397938288,22.63711143113388,0.8527688371178441,metalization,PFI-SBS,4
P01,META-04,75,0.715178089340234,8.62616610557675,14.588679802814928,29.482305513767137,0.7456183195002584,metalization,PFI-SBS,4
P01,META-05,75,0.7799128138904692,5.23397958529777,10.726090098402867,24.193688771975772,0.850671582827733,metalization,PFI-SBS,4
P02,META-01,75,0.7302997671250295,7.810303831991954,17.080095997426533,23.91019910638419,0.7069806733722699,metalization,PFI-SBS,4
P02,META-02,75,0.7969491006376479,4.5525735314024836,7.567755288427595,21.384651522061766,0.8882360071086692,metalization,PFI-SBS,4
P02,META-03,75,0.7751917634705581,6.969043841114203,12.526844356309567,26.144759592970896,0.8136408303558209,metalization,PFI-SBS,4
P02,META-04,75,0.773021429210568,5.669614525458984,10.980577778233101,21.35991616832111,0.7973851529349303,metalization,PFI-SBS,4
P02,META-05,75,0.7065360685567657,8.59643207507925,16.109678539917763,29.70516085335183,0.7460415487118979,metalization,PFI-SBS,4
P03,META-01,75,0.710156089108186,7.454729269743542,15.056526387250061,24.047686852862284,0.5746156322914713,metalization,PFI-SBS,4
P03,META-02,75,0.7708382594142106,6.2461342436220795,9.87378181251935,27.839467002015596,0.8459794830744383,metalization,PFI-SBS,4
P03,META-03,75,0.765763522021442,5.688875109162839,8.933275241099889,21.922542948569838,0.8021752829980194,metalization,PFI-SBS,4
P03,META-04,75,0.7251916588434852,5.78620075132418,11.291689289467817,29.06786472708202,0.7530534887867353,metalization,PFI-SBS,4
P03,META-05,75,0.6766492920953716,12.455298674948455,23.182507073213273,28.893552785955805,0.6829954257292894,metalization,PFI-SBS,4
P01,META-01,75,0.6622347869653438,10.284569386305774,17.334295731814212,35.961329858730466,0.7225019971550565,metalization,NSGA2,0
P01,META-02,75,0.7161999402179056,8.82238425206222,13.00408219709651,33.711654534765664,0.7343884165721652,metalization,NSGA2,0
P01,META-03,75,0.7347766410705144,7.178356038871975,11.386064733182343,27.068630345703383,0.7971903727707911,metalization,NSGA2,0
P01,META-04,75,0.7221537000050706,8.41490154329877,15.70014372582649,29.41234491808643,0.7053807608487863,metalization,NSGA2,0
P01,META-05,75,0.6916066558434923,7.334022921050789,14.465140866319391,34.573123042088014,0.7284155406814209,metalization,NSGA2,0
P02,META-01,75,0.6542506479478003,10.012625723218802,19.70517076017888,32.733515589625725,0.6099897178351108,metalization,NSGA2,0
P02,META-02,75,0.7183601593079199,6.314604309311954,10.326147855572277,31.312133216192546,0.7919132501064303,metalization,NSGA2,0
P02,META-03,75,0.7359037848660714,8.186969169608858,15.627547598854214,27.644935355572432,0.709965898238775,metalization,NSGA2,0
P02,META-04,75,0.716851748071581,7.072656402797423,11.83261875318055,30.340087284915718,0.7647212930780516,metalization,NSGA2,0
P02,META-05,75,0.678958009006112,9.40427552801664,16.51481071299007,35.07796375773447,0.7331076523677283,metalization,NSGA2,0
P03,META-01,75,0.6732995101678892,8.40267334406773,15.266552467317961,30.676781012657933,0.562665341618124,metalization,NSGA2,0
P03,META-02,75,0.70735448037344,7.976476338107307,12.190231446293833,32.31909960350885,0.7652338774813521,metalization,NSGA2,0
P03,META-03,75,0.7334104815541065,6.474629779864521,9.810385029466543,27.930859333676423,0.7614215416706182,metalization,NSGA2,0
P03,META-04,75,0.6722997149475927,6.8998620187422075,13.98586095242604,33.53707639653251,0.6211533347751585,metalization,NSGA2,0
P03,META-05,75,0.6859930379236063,12.095382515223228,22.081086492583065,30.21003442027308,0.7124021699977579,metalization,NSGA2,0
P01,META-01,75,0.6843100583338797,9.612402297008922,16.645347142198737,34.431607549493094,0.7441218674544179,metalization,NSGA2,1
P01,META-02,75,0.7140573193545706,8.888991089909048,12.908896193099418,33.162518992388485,0.7382625808015744,metalization,NSGA2,1
P01,META-03,75,0.7319625175932156,7.2545212014690215,11.745895812683615,26.792694897598025,0.7841691315528817,metalization,NSGA2,1
P01,META-04,75,0.7084182878392511,8.830894633845986,15.76354697196988,30.488247199887148,0.7029963834032517,metalization,NSGA2,1
P01,META-05,75,0.7279263646470278,6.470289698858295,11.930382478463818,31.779110313404825,0.8152568627360414,metalization,NSGA2,1
P02,META-01,75,0.6460521353165019,10.25004811599274,19.60818120064869,34.939115542193136,0.6138195585601154,metalization,NSGA2,1
P02,META-02,75,0.7272962847980258,6.114248790044107,9.794252018338357,31.30042001969931,0.812798080256897,metalization,NSGA2,1
P02,META-03,75,0.7292231195841501,8.394069451859512,15.742758860272009,27.33281670318383,0.7056736869063955,metalization,NSGA2,1
P02,META-04,75,0.7263237944637118,6.836057627750654,11.59040780129421,29.640646447596588,0.7742549093655571,metalization,NSGA2,1
P02,META-05,75,0.6749516193899081,9.521634605272311,16.672731650491745,33.522592199847004,0.7279789945092183,metalization,NSGA2,1
P03,META-01,75,0.6583680733472225,8.786707008131485,15.866521314112736,31.268640537402923,0.5276157753389678,metalization,NSGA2,1
P03,META-02,75,0.7173880792935261,7.7029961068901835,12.099501588418438,31.116750609360384,0.7687155225586015,metalization,NSGA2,1
P03,META-03,75,0.7229112680573331,6.729623002282458,10.634668139990906,28.259795629930988,0.7196458385243079,metalization,NSGA2,1
P03,META-04,75,0.6915336599844577,6.494883528078959,13.082603730588795,32.44275033953022,0.6685077112337141,metalization,NSGA2,1
P03,META-05,75,0.7052417912637529,11.353930691828275,20.77117669926583,28.863640432848932,0.7455122232892117,metalization,NSGA2,1
P01,META-01,75,0.6743468001638202,9.915772259365406,17.02407613098541,34.26286535276131,0.7323454908887634,metalization,NSGA2,2
P01,META-02,75,0.7173393824074827,8.786962847157726,13.062925169416745,33.37117242124313,0.731979213681109,metalization,NSGA2,2
P01,META-03,75,0.726888762602603,7.391844022217644,12.075342229303727,27.017637072749874,0.771892184390736,metalization,NSGA2,2
P01,META-04,75,0.7025333735822383,9.009126174321498,16.97739868738962,30.278925219973857,0.6554945138431896,metalization,NSGA2,2
P01,META-05,75,0.7248448787587196,6.543571721846047,12.49422763184262,31.642619849379294,0.7973818206940617,metalization,NSGA2,2
P02,META-01,75,0.6547618273740344,9.99782237437111,19.710589190176044,32.4116103675622,0.6097752021648437,metalization,NSGA2,2
P02,META-02,75,0.7268540555681433,6.124163944781652,9.963667788354456,31.081909014349808,0.806265830205153,metalization,NSGA2,2
P02,META-03,75,0.7338914954869762,8.249350037500616,15.667342463573712,27.2280427078827,0.7084868992850731,metalization,NSGA2,2
P02,META-04,75,0.7246216412822363,6.878575088181765,11.964724899707763,29.39666963548641,0.7594383931038045,metalization,NSGA2,2
P02,META-05,75,0.6833214696431666,9.276456777704635,16.16434956354863,34.54552895765848,0.7443149186442195,metalization,NSGA2,2
P03,META-01,75,0.6653122230205099,8.608104823032422,15.944082846656974,31.237720526409525,0.5229861030972278,metalization,NSGA2,2
P03,META-02,75,0.6983668651615994,8.221446772524827,13.55950690441082,33.94541467972852,0.7095313156830463,metalization,NSGA2,2
P03,META-03,75,0.7370900169213613,6.385265316461101,9.196359531748747,28.650439833627477,0.7903518636240009,metalization,NSGA2,2
P03,META-04,75,0.6880451661475728,6.568335176507914,13.2658315793648,31.751292680145838,0.6591572858466663,metalization,NSGA2,2
P03,META-05,75,0.7003217335776304,11.543448718171069,20.916937723837503,30.70197167102973,0.7419279724830181,metalization,NSGA2,2
P01,META-01,75,0.656368775826621,10.463182802515831,18.05739246775201,35.03210363389224,0.6988675668133774,metalization,NSGA2,3
P01,META-02,75,0.7132622951847688,8.91370570315139,12.97855150676507,33.600522503439045,0.7354303340607704,metalization,NSGA2,3
P01,META-03,75,0.7339108217561499,7.201789718804718,11.86732016294101,26.314783319943707,0.779683721033481,metalization,NSGA2,3
P01,META-04,75,0.7054376157135887,8.921167790158533,16.12440222294131,30.274564820939325,0.6892428759842948,metalization,NSGA2,3
P01,META-05,75,0.6895992216642178,7.3817624996190885,14.513298120685235,35.01982116998283,0.7266042160803734,metalization,NSGA2,3
P02,META-01,75,0.6482510531144686,10.186369208782985,20.365668395937412,32.79354225703515,0.5834060221788371,metalization,NSGA2,3
P02,META-02,75,0.7412376280497543,5.8016720396858,9.587470438876437,29.59835088038501,0.8206192546030036,metalization,NSGA2,3
P02,META-03,75,0.7215881477583554,8.6307531881899,15.61228391699122,28.742161676081533,0.7105321836747616,metalization,NSGA2,3
P02,META-04,75,0.7172322166575444,7.063152817441518,11.973872057584803,29.967311326441198,0.7590704287500284,metalization,NSGA2,3
P02,META-05,75,0.6696575493273524,9.676713675704084,17.34006713454848,33.45000784298408,0.7057676162025446,metalization,NSGA2,3
P03,META-01,75,0.6657656305293607,8.596443269691688,15.802407621442052,30.68869279069284,0.5314256975932246,metalization,NSGA2,3
P03,META-02,75,0.6853509850103434,8.576213386340125,13.157268600216364,35.587736846955885,0.7265090209788235,metalization,NSGA2,3
P03,META-03,75,0.7450932686807306,6.190891237243573,9.187959492022664,27.59909444642405,0.7907346777989128,metalization,NSGA2,3
P03,META-04,75,0.6797552474269631,6.7428827674862,14.162689077173242,32.57640216219774,0.6115129931039072,metalization,NSGA2,3
P03,META-05,75,0.6847997313189006,12.141348056071164,21.514461872077103,31.923198738588937,0.7269729336283502,metalization,NSGA2,3
P01,META-01,75,0.6481267338113976,10.714143676280278,18.01001781181816,36.955114142297646,0.7004455722229411,metalization,NSGA2,4
P01,META-02,75,0.7412639184153738,8.04322991815138,11.006670474168121,30.835071277133952,0.8097172024388467,metalization,NSGA2,4
P01,META-03,75,0.7427139250556039,6.96353087921567,11.419713047308118,25.031360782840288,0.7959899078673409,metalization,NSGA2,4
P01,META-04,75,0.7228248045038892,8.394576355297614,15.724040590511875,29.001215101818094,0.7044832105719971,metalization,NSGA2,4
P01,META-05,75,0.7097323845220174,6.902967867146684,13.555053443224752,33.44958634934861,0.7615144616342533,metalization,NSGA2,4
P02,META-01,75,0.6504895747486256,10.121543406035688,19.773724036243014,32.50298689450583,0.6072713460644519,metalization,NSGA2,4
P02,META-02,75,0.7342116201706821,5.959201100636219,9.588809421791419,30.648380264898368,0.8205691465943967,metalization,NSGA2,4
P02,META-03,75,0.7161777419066917,8.798475493033155,16.23055800935562,29.87745170769815,0.6871513348773396,metalization,NSGA2,4
P02,META-04,75,0.7239715304288808,6.8948139689030725,12.01103476993629,29.68021686532591,0.7575725856585895,metalization,NSGA2,4
P02,META-05,75,0.6801142181038459,9.370406721978442,16.197595502365253,34.31342671615472,0.7432620792204367,metalization,NSGA2,4
P03,META-01,75,0.6522000521514533,8.9453473190596,16.4612748206919,31.884792812225704,0.49153755912914854,metalization,NSGA2,4
P03,META-02,75,0.6949157955286476,8.315510660137143,12.999263573236197,35.29482059966314,0.7330382603936663,metalization,NSGA2,4
P03,META-03,75,0.6955098831587179,7.395117368708989,11.559206822969827,30.43266530436577,0.6687810381164224,metalization,NSGA2,4
P03,META-04,75,0.6576448864633713,7.208425358665116,14.288001594987174,34.03529104310897,0.6046078556783523,metalization,NSGA2,4
P03,META-05,75,0.6909327370597533,11.905107910587935,22.042312880316434,30.809260923210243,0.7134113065897724,metalization,NSGA2,4
P01,DEPO-01,75,0.684136060550019,8.111212240053467,14.124929859807951,35.28052250309749,0.6951385546685059,deposition,ALL,0
P01,DEPO-02,75,0.7107593893958526,8.512386900144751,14.121712530998554,39.65743355262843,0.8074377806559664,deposition,ALL,0
P01,DEPO-03,75,0.6437845390631592,7.217216569167881,12.747873262553322,39.482144007893375,0.6307560032721465,deposition,ALL,0
P01,DEPO-04,75,0.6526039150633518,7.7753309926355785,13.689731310815882,40.86138018673118,0.6925562168803403,deposition,ALL,0
P01,DEPO-05,75,0.6547779785869521,7.956016206189179,13.92592039052652,47.66185623992164,0.6927588553841942,deposition,ALL,0
P02,DEPO-01,75,0.709306601343574,6.1755628829281655,12.715777194261983,40.39740793853379,0.7622473183197571,deposition,ALL,0
P02,DEPO-02,75,0.6445044386774563,8.587863527358445,14.845513854639771,42.59402506073419,0.7031147735678669,deposition,ALL,0
P02,DEPO-03,75,0.6890691161704676,5.937944639347962,9.826811232315523,28.724870035122198,0.6109239332882095,deposition,ALL,0
P02,DEPO-04,75,0.5558368473573727,12.743445377869254,20.426108864353676,63.772560220344744,0.4803083473377838,deposition,ALL,0
P02,DEPO-05,75,0.6420827883286027,10.738006569929944,18.773534405775653,41.98839411347031,0.6990433193307015,deposition,ALL,0
P03,DEPO-01,75,0.6693282791255633,9.35461290138188,21.20181876200756,37.95126104034177,0.6375872811819921,deposition,ALL,0
P03,DEPO-02,75,0.5904825273416003,7.0871793793527615,10.814982227957355,53.10985284001152,0.48657509266906884,deposition,ALL,0
P03,DEPO-03,75,0.6258479142566914,8.081486134156757,13.545897519174758,38.09271498298193,0.6012784584475133,deposition,ALL,0
P03,DEPO-04,75,0.5928512604147091,7.716861432976352,12.523181362237889,46.51973211231975,0.6044675585805479,deposition,ALL,0
P03,DEPO-05,75,0.5898243134933365,10.0951585747136,20.451600889107464,38.89661524424777,0.48255780030007345,deposition,ALL,0
P01,DEPO-01,75,0.6737659663867113,8.37751055462017,14.13822333040398,36.58638391700752,0.6945644528848487,deposition,ALL,1
P01,DEPO-02,75,0.7412876069770682,7.613937685560697,12.938796381658445,33.90104621068056,0.8383468743069322,deposition,ALL,1
P01,DEPO-03,75,0.6464399512342518,7.163415746854395,12.469430963358452,41.397809890447974,0.6467100859373986,deposition,ALL,1
P01,DEPO-04,75,0.664080963666533,7.518454604047108,13.042821483063523,44.201851783580594,0.7209262634721996,deposition,ALL,1
P01,DEPO-05,75,0.6848876398405489,7.2621063799389445,12.62613734211067,41.39016799135132,0.7474353433129665,deposition,ALL,1
P02,DEPO-01,75,0.6735870558837036,6.934397793375363,13.301410241595008,38.397654128037765,0.7398433202417746,deposition,ALL,1
P02,DEPO-02,75,0.665418151470627,8.082641716290137,14.538279005462016,40.334123033693636,0.7152759740173811,deposition,ALL,1
P02,DEPO-03,75,0.7116447614841048,5.506810457954043,9.176046927560465,27.38249733293301,0.6607494647420353,deposition,ALL,1
P02,DEPO-04,75,0.563251205796703,12.530720681501721,20.672238903031847,63.203958010420024,0.46770855348974905,deposition,ALL,1
P02,DEPO-05,75,0.6459054967594176,10.623320081249139,18.759034990829644,40.50178897655171,0.6995080171960038,deposition,ALL,1
P03,DEPO-01,75,0.6314925363611426,10.424975756909568,22.534557160354254,41.310087616632906,0.5905930120570759,deposition,ALL,1
P03,DEPO-02,75,0.6458739948865482,6.1285651741315235,9.101440958879014,44.63580974811938,0.6363817892155683,deposition,ALL,1
P03,DEPO-03,75,0.6034545162500917,8.565171625652711,14.168896763896369,43.67011327521507,0.5637592810545244,deposition,ALL,1
P03,DEPO-04,75,0.5730782323393109,8.091627956688594,13.348996912997507,48.156539546756235,0.5505824426503724,deposition,ALL,1
P03,DEPO-05,75,0.5853111609015382,10.206235346411388,20.38902282322848,38.69252679680809,0.48571950808587094,deposition,ALL,1
P01,DEPO-01,75,0.7090515191636365,7.471396966346595,14.132292762144022,30.44314703310762,0.6948206415732084,deposition,ALL,2
P01,DEPO-02,75,0.7067118948762641,8.63150516384565,14.070465498923726,40.24145447270689,0.8088328432612305,deposition,ALL,2
P01,DEPO-03,75,0.6757950836336176,6.568656756366938,10.894815251542061,39.05747984942538,0.7303020104013765,deposition,ALL,2
P01,DEPO-04,75,0.6563318082650549,7.6918942332555105,14.61455030194993,46.417782678527054,0.649613972126379,deposition,ALL,2
P01,DEPO-05,75,0.6475244965093114,8.123180573991673,14.090373910872884,49.09432233664116,0.6854594846235283,deposition,ALL,2
P02,DEPO-01,75,0.6771804093216255,6.858059698946531,13.263727512144145,53.09428689398308,0.7413152735348201,deposition,ALL,2
P02,DEPO-02,75,0.6718997244518154,7.926063490677478,14.382689419928276,40.20973038338991,0.7213376326183343,deposition,ALL,2
P02,DEPO-03,75,0.702532248377485,5.680834979693438,9.51050543972758,27.695412854705438,0.6355680152430183,deposition,ALL,2
P02,DEPO-04,75,0.5431023852079586,13.108808695046925,21.036019234795827,71.6695612505937,0.4488096884251812,deposition,ALL,2
P02,DEPO-05,75,0.6486429718392295,10.54119207948367,18.034749560857616,43.16968978587881,0.7222640270039503,deposition,ALL,2
P03,DEPO-01,75,0.6473885798209982,9.975281017857608,22.21862716834985,37.236158792188824,0.6019921496005154,deposition,ALL,2
P03,DEPO-02,75,0.6230640146186917,6.523318591484839,9.929656538524428,45.5465706761974,0.5671935078059293,deposition,ALL,2
P03,DEPO-03,75,0.6169947349097183,8.27271010125994,13.38091319637833,37.774472861022204,0.6109318900618477,deposition,ALL,2
P03,DEPO-04,75,0.5797428228957429,7.965311166701981,13.563746792631122,46.15089639688597,0.5360062642744458,deposition,ALL,2
P03,DEPO-05,75,0.5989268124313349,9.871129766502502,19.548890058370375,41.84710410534044,0.527228340196046,deposition,ALL,2
P01,DEPO-01,75,0.7150164759485649,7.318220156833134,13.293835638293736,32.10746049932883,0.7299584983531354,deposition,ALL,3
P01,DEPO-02,75,0.7083839531309579,8.582296282859655,14.103131701100287,41.59387657493902,0.80794417985602,deposition,ALL,3
P01,DEPO-03,75,0.6327262925276935,7.4412656879562915,12.846466975827573,43.02516905039076,0.6250223538978399,deposition,ALL,3
P01,DEPO-04,75,0.6574731832010652,7.666348269155781,14.594417180261686,44.740301896029244,0.6505786963658271,deposition,ALL,3
P01,DEPO-05,75,0.6493888173050884,8.080215277617983,14.525252693013995,49.130390518968774,0.6657442006393236,deposition,ALL,3
P02,DEPO-01,75,0.6969435157590527,6.4382073489088745,13.526193640783616,41.87095572568486,0.7309761361584077,deposition,ALL,3
P02,DEPO-02,75,0.6535280052635799,8.369877237787446,15.088883089629405,40.31031691049177,0.6933010389914374,deposition,ALL,3
P02,DEPO-03,75,0.7165620783129143,5.412902915724778,8.764454523867258,27.321502171227092,0.6905011258383837,deposition,ALL,3
P02,DEPO-04,75,0.5086880604573296,14.096187015528084,22.94646208691637,77.80377730950596,0.34414787996678975,deposition,ALL,3
P02,DEPO-05,75,0.6742246407710708,9.773706973704288,17.35854872608356,37.33512414942027,0.7427006268430795,deposition,ALL,3
P03,DEPO-01,75,0.631465106659622,10.42575173569314,22.915264225890915,38.237011015993474,0.576642815942028,deposition,ALL,3
P03,DEPO-02,75,0.6183286823861953,6.605269060495783,9.981019177904594,45.362107395634204,0.5627044143681885,deposition,ALL,3
P03,DEPO-03,75,0.5765333644409839,9.146654192103231,14.505997082324035,46.16996225110884,0.542754647463489,deposition,ALL,3
P03,DEPO-04,75,0.5793415673515944,7.97291633192136,12.84708284872925,50.73433324530154,0.5837427417482928,deposition,ALL,3
P03,DEPO-05,75,0.5901928300247624,10.086088722587961,20.074491845383317,41.543506580778036,0.5014642031813793,deposition,ALL,3
P01,DEPO-01,75,0.7027687807979235,7.632734232074883,13.705537094341238,33.266773997162765,0.7129734815114708,deposition,ALL,4
P01,DEPO-02,75,0.6844542225090633,9.286551211115876,14.917126060093171,45.098731042690154,0.7851345094205442,deposition,ALL,4
P01,DEPO-03,75,0.6288609093942921,7.519581511540133,12.51087277264564,45.290268774132066,0.6443578851481583,deposition,ALL,4
P01,DEPO-04,75,0.6578871358872437,7.657083285208378,13.870328107012051,41.917288165286955,0.6843910313345185,deposition,ALL,4
P01,DEPO-05,75,0.6275301337543402,8.583972366646892,15.070452273036304,48.74940770247485,0.6401809687277007,deposition,ALL,4
P02,DEPO-01,75,0.7076523942097921,6.210705270829902,11.976058909933357,39.869193291248486,0.7891044324225713,deposition,ALL,4
P02,DEPO-02,75,0.6835557378149235,7.644484019859228,14.865923240516421,38.81175858652556,0.702297905888435,deposition,ALL,4
P02,DEPO-03,75,0.6960979916804066,5.80371199850882,9.295577818267958,29.631053894981346,0.651853469485931,deposition,ALL,4
P02,DEPO-04,75,0.5683678262020566,12.383920182029906,20.615375563593638,67.73604715271627,0.47063288503174827,deposition,ALL,4
P02,DEPO-05,75,0.6924203901582855,9.227809570357017,15.410819151603864,39.54291456151125,0.7972021481593129,deposition,ALL,4
P03,DEPO-01,75,0.6292493669375651,10.488434408814523,22.31569421779298,40.61111969984295,0.5985069804372802,deposition,ALL,4
P03,DEPO-02,75,0.6237429288048999,6.511569186533664,9.778807653988776,45.405819535469014,0.5802437988984647,deposition,ALL,4
P03,DEPO-03,75,0.6002049668786293,8.635360164453877,13.8565154201878,42.93085208743517,0.5827828162325738,deposition,ALL,4
P03,DEPO-04,75,0.592197398801448,7.729254347347199,12.714974694131786,45.512067872284675,0.5922595761654379,deposition,ALL,4
P03,DEPO-05,75,0.5862287888331326,10.183650878860599,19.746364863657853,40.02444988113012,0.5176286099066569,deposition,ALL,4
P01,DEPO-01,75,0.6881963818342378,8.006945422649574,14.917482640842517,30.851160377010235,0.6599670629561085,deposition,FILTER,0
P01,DEPO-02,75,0.7181166545880502,8.295861676691032,14.263068704272918,39.71254392368865,0.8035634500201312,deposition,FILTER,0
P01,DEPO-03,75,0.6342498711631042,7.410396738745056,12.713801639331683,42.09374221021459,0.6327271445928848,deposition,FILTER,0
P01,DEPO-04,75,0.687851060030968,6.986438340841296,13.327672253376125,39.55458591220278,0.7086034031352548,deposition,FILTER,0
P01,DEPO-05,75,0.646638332692591,8.143603181038317,13.852471778139028,50.48771679388558,0.6959912342486021,deposition,FILTER,0
P02,DEPO-01,75,0.6943505410620184,6.4932931484811665,13.102460390773876,42.42569339335226,0.7475674723760554,deposition,FILTER,0
P02,DEPO-02,75,0.6500220972097633,8.454571009472335,14.787091047523798,40.8492876163605,0.7054468907481528,deposition,FILTER,0
P02,DEPO-03,75,0.6887143460922429,5.9447197948367005,9.702648544175643,29.14870975715676,0.620693844709834,deposition,FILTER,0
P02,DEPO-04,75,0.519899357656362,13.774524688023218,22.10706148617831,70.27304608804819,0.391253475056463,deposition,FILTER,0
P02,DEPO-05,75,0.617727940898734,11.468685350339292,19.791464992329026,45.21998265707543,0.6655218230683374,deposition,FILTER,0
P03,DEPO-01,75,0.6663931008513531,9.437648295153,21.460107801710095,38.71925368326222,0.6287033816862713,deposition,FILTER,0
P03,DEPO-02,75,0.6201709452559268,6.573386544380044,10.409848297232733,46.78202596004651,0.5243208516146944,deposition,FILTER,0
P03,DEPO-03,75,0.6223363893330918,8.157333205604827,13.243624601004422,38.481233335647794,0.618874635929282,deposition,FILTER,0
P03,DEPO-04,75,0.5813554164587278,7.934747002151359,14.484903233086435,46.195076576050084,0.4708437060155817,deposition,FILTER,0
P03,DEPO-05,75,0.5785384379814322,10.372924192460177,20.66335363862249,42.123730341689296,0.47178729449729384,deposition,FILTER,0
P01,DEPO-01,75,0.6767615223219176,8.300586325758463,14.499735057621773,33.890906653716875,0.6787448947706782,deposition,FILTER,1
P01,DEPO-02,75,0.7578606713800261,7.126190352901142,13.028987922436325,35.05634459658077,0.8360853719173281,deposition,FILTER,1
P01,DEPO-03,75,0.6322385956095089,7.451146826381325,12.30328169470361,43.77895733365858,0.6560622037268907,deposition,FILTER,1
P01,DEPO-04,75,0.6888112973829854,6.964946552167887,13.171062927326872,42.29590300555223,0.7154113887990798,deposition,FILTER,1
P01,DEPO-05,75,0.6588545957705016,7.862066138212653,13.172009787898762,48.78773122012408,0.7251247435062766,deposition,FILTER,1
P02,DEPO-01,75,0.6640393131344755,7.137232415731439,14.099665083107425,45.22421466692853,0.7076808962562027,deposition,FILTER,1
P02,DEPO-02,75,0.6371779694811834,8.76485228457643,15.67045547525779,42.25440605712628,0.6692031562402891,deposition,FILTER,1
P02,DEPO-03,75,0.706931635182558,5.596818509621834,9.175079202096033,28.703114921210947,0.6608210171376807,deposition,FILTER,1
P02,DEPO-04,75,0.550706614413883,12.890636433458031,21.448532212229146,66.297099109941,0.4269802225324142,deposition,FILTER,1
P02,DEPO-05,75,0.6625883566573036,10.122811434704387,18.099905378091172,38.71273515237669,0.7202535967518197,deposition,FILTER,1
P03,DEPO-01,75,0.6200827209002411,10.747756328017022,23.14451641735684,42.85786495822358,0.5681296214282228,deposition,FILTER,1
P03,DEPO-02,75,0.6618695304249118,5.851743702038298,9.311550466938229,40.583163034383354,0.619399533738185,deposition,FILTER,1
P03,DEPO-03,75,0.5894158369435627,8.868399635012052,14.68471147166078,44.20919516603806,0.531418687933402,deposition,FILTER,1
P03,DEPO-04,75,0.5680188154266816,8.187521214975932,14.226173328244458,49.069805743323755,0.48957849801464626,deposition,FILTER,1
P03,DEPO-05,75,0.5884150906791568,10.129842073136947,20.23545917073439,39.88821696584053,0.4934371299543049,deposition,FILTER,1
P01,DEPO-01,75,0.6813505881838526,8.182741638408094,14.958386911385919,33.61347603919367,0.658099741398154,deposition,FILTER,2
P01,DEPO-02,75,0.7571815333223166,7.146177469833859,12.73001793524565,32.92869123480304,0.8435216057947835,deposition,FILTER,2
P01,DEPO-03,75,0.6503280505522783,7.084639674791632,11.9861585909189,42.3434538213861,0.6735640296339582,deposition,FILTER,2
P01,DEPO-04,75,0.6488723927311415,7.858848978293469,14.973417903660286,47.52379986442233,0.6321948901658929,deposition,FILTER,2
P01,DEPO-05,75,0.6343970937588391,8.425715819571991,14.680609259256444,50.774208784873444,0.6585558177805875,deposition,FILTER,2
P02,DEPO-01,75,0.6529789045613847,7.372202487187133,13.868927049353406,56.412063203113036,0.7171700918397576,deposition,FILTER,2
P02,DEPO-02,75,0.6544105279044545,8.348557747970359,15.472009373748387,40.60120011440737,0.6775283370039834,deposition,FILTER,2
P02,DEPO-03,75,0.6969821201718305,5.786827519323334,9.465401569861543,28.641032339552247,0.6390164787829367,deposition,FILTER,2
P02,DEPO-04,75,0.5060668683874566,14.171391403304499,22.589189496782257,76.68940707240107,0.3644119048781158,deposition,FILTER,2
P02,DEPO-05,75,0.6386211170256325,10.841861450282437,19.15543762758923,42.78569913892124,0.6866742706983805,deposition,FILTER,2
P03,DEPO-01,75,0.6409151779720852,10.158411792668149,22.366010778551345,38.53018328927895,0.5966943975282419,deposition,FILTER,2
P03,DEPO-02,75,0.6199874396032337,6.576562324571592,10.28406485939401,44.82497947723001,0.5357467773198996,deposition,FILTER,2
P03,DEPO-03,75,0.6432019533482154,7.706648116052048,12.639975657634732,35.13471909342434,0.6528264713687912,deposition,FILTER,2
P03,DEPO-04,75,0.5784078423633785,7.990613614634082,15.410926620568373,44.08040323728465,0.40102282281546886,deposition,FILTER,2
P03,DEPO-05,75,0.5757473405645357,10.441618100821778,20.1749990830468,44.33472899251733,0.4964596540703703,deposition,FILTER,2
P01,DEPO-01,75,0.6931881486771345,7.878759595593465,13.775292150116787,33.27695897178183,0.710044373219131,deposition,FILTER,3
P01,DEPO-02,75,0.7272868866805264,8.025980613405228,13.571076992575083,38.942617761024096,0.8221618309481324,deposition,FILTER,3
P01,DEPO-03,75,0.625772986971201,7.582145345287345,12.800344131793693,42.7575052971223,0.6277100949273383,deposition,FILTER,3
P01,DEPO-04,75,0.6793884620199355,7.17584606144182,13.253596347425615,40.328555730366716,0.7118335966622492,deposition,FILTER,3
P01,DEPO-05,75,0.6434198744955012,8.217776043679521,14.371779832535388,50.06568700912795,0.6727703340625566,deposition,FILTER,3
P02,DEPO-01,75,0.6918120131886106,6.547222266186465,13.277462129218078,41.34773773857038,0.7407792590255193,deposition,FILTER,3
P02,DEPO-02,75,0.666672053616435,8.052350647493668,14.742731495433247,39.83998206685705,0.7072114900659975,deposition,FILTER,3
P02,DEPO-03,75,0.6962822912026002,5.800192372711714,9.17592841340427,29.458475949295714,0.660758227934203,deposition,FILTER,3
P02,DEPO-04,75,0.5017881863056909,14.294150689107122,23.44733110878566,79.56064330300042,0.3152038825370579,deposition,FILTER,3
P02,DEPO-05,75,0.6462944921418243,10.611649686991061,18.671102042282588,41.68580141724121,0.7023185260357931,deposition,FILTER,3
P03,DEPO-01,75,0.6190510490811931,10.776942042728086,23.80087580877161,41.21642761573188,0.5432873174946606,deposition,FILTER,3
P03,DEPO-02,75,0.6218798073426811,6.543812685016282,10.443903788952412,42.204637546413146,0.5212034218707278,deposition,FILTER,3
P03,DEPO-03,75,0.6014239684923186,8.60903037768021,13.953060835707996,40.99062605362241,0.5769486317758419,deposition,FILTER,3
P03,DEPO-04,75,0.5953959915642679,7.668630072404475,13.389465023996896,49.10056717110933,0.5478534515197975,deposition,FILTER,3
P03,DEPO-05,75,0.6046370570784112,9.730590414441936,19.706024547100974,38.61071142767678,0.5195974925914091,deposition,FILTER,3
P01,DEPO-01,75,0.689877522640628,7.96377465136815,14.719202923954299,32.31737228425846,0.668946266719066,deposition,FILTER,4
P01,DEPO-02,75,0.7095122660912858,8.549089893056037,15.295809595657433,42.3668900519977,0.7740869664707688,deposition,FILTER,4
P01,DEPO-03,75,0.6409418832232846,7.274811101348006,12.116721902216362,46.659583733019964,0.6664136669258593,deposition,FILTER,4
P01,DEPO-04,75,0.6505731131911895,7.820783884654802,14.034092737053912,42.43798814821578,0.6768943510687468,deposition,FILTER,4
P01,DEPO-05,75,0.6404154777183012,8.287015628545475,14.469614461003681,49.0842295500976,0.6682999955591655,deposition,FILTER,4
P02,DEPO-01,75,0.6936767966976476,6.507606341379324,12.785829682994914,43.97995317707053,0.7596204958628547,deposition,FILTER,4
P02,DEPO-02,75,0.6505069038560607,8.442859320864834,15.945815087525048,39.61912791780339,0.6574755601911446,deposition,FILTER,4
P02,DEPO-03,75,0.6846135720443318,6.023033563398594,9.591715342542429,30.821929687859402,0.6293176968536978,deposition,FILTER,4
P02,DEPO-04,75,0.5190145033618001,13.799911963629116,22.051388709888727,74.13893140748935,0.3943156581809948,deposition,FILTER,4
P02,DEPO-05,75,0.6620442497312508,10.139135387719714,17.066494090022143,40.726186679601284,0.7512858284094714,deposition,FILTER,4
P03,DEPO-01,75,0.637765013311602,10.247529092739972,22.50596258912375,40.777519440821585,0.591631363038017,deposition,FILTER,4
P03,DEPO-02,75,0.6487972192096205,6.077975354338946,9.188591649895809,42.703063551748954,0.6293848092899561,deposition,FILTER,4
P03,DEPO-03,75,0.5731038575149172,9.220729718409443,14.612540171433789,44.23875854544459,0.5360132649877727,deposition,FILTER,4
P03,DEPO-04,75,0.5792960882978846,7.973778315568756,14.89202215615053,45.84226135661382,0.440680298679459,deposition,FILTER,4
P03,DEPO-05,75,0.6069037712523169,9.674802517250823,19.852498712964714,38.64881664185516,0.5124293220236428,deposition,FILTER,4
P01,DEPO-01,75,0.7035655771130129,7.612272940940994,14.65105683163947,26.973247004123706,0.6720045566099844,deposition,TSFGA,0
P01,DEPO-02,75,0.762160311762565,6.9996514053058885,12.40848058690516,30.50531248503206,0.8513265016069218,deposition,TSFGA,0
P01,DEPO-03,75,0.6470500594497051,7.151054455432698,12.131841882221057,40.46192035347819,0.6655806089885747,deposition,TSFGA,0
P01,DEPO-04,75,0.6765769028418059,7.238773665301622,13.338866478581146,36.90289617801855,0.7081136958607489,deposition,TSFGA,0
P01,DEPO-05,75,0.6794339500753426,7.387792580309097,13.604631955101267,41.83670653678386,0.7067721927147819,deposition,TSFGA,0
P02,DEPO-01,75,0.740948994206313,5.503344016612873,10.131377729745566,35.25666074306464,0.8490696358012068,deposition,TSFGA,0
P02,DEPO-02,75,0.7397219788137948,6.287651291066327,11.079190999326899,34.01994044752718,0.8346461860844,deposition,TSFGA,0
P02,DEPO-03,75,0.718909946616068,5.368064938123783,9.24484998451463,25.298896347745124,0.6556429122986634,deposition,TSFGA,0
P02,DEPO-04,75,0.6410654011829491,10.298160545372356,17.072407546270288,48.90990261647338,0.6369520441459549,deposition,TSFGA,0
P02,DEPO-05,75,0.67754544355964,9.674078341723783,17.169483714945674,35.83166286523659,0.7482749853732313,deposition,TSFGA,0
P03,DEPO-01,75,0.6730292583472037,9.249913207428765,21.426487944503464,36.860513997133495,0.6298658326288633,deposition,TSFGA,0
P03,DEPO-02,75,0.7348660346528044,4.588453722808775,7.428622127671439,30.794035523561437,0.7577622363504525,deposition,TSFGA,0
P03,DEPO-03,75,0.6237264779509808,8.127308030498822,12.868584025701788,38.09805163942904,0.6401548499554401,deposition,TSFGA,0
P03,DEPO-04,75,0.6052502656224226,7.481857868450685,13.763856670032581,43.92041405738968,0.5222144041856904,deposition,TSFGA,0
P03,DEPO-05,75,0.601020357344717,9.819603875087838,19.39329393169094,34.65397057219165,0.5347242838382718,deposition,TSFGA,0
P01,DEPO-01,75,0.7070230033653422,7.523488136364035,13.428772015495712,28.89727126792712,0.724448673601058,deposition,TSFGA,1
P01,DEPO-02,75,0.758962537934464,7.093762284089805,13.218755561850722,27.503004280467646,0.8312757550937954,deposition,TSFGA,1
P01,DEPO-03,75,0.6597548549783572,6.893644907413288,11.512362511539287,36.848098995117496,0.6988610844615524,deposition,TSFGA,1
P01,DEPO-04,75,0.6980435945091722,6.758311621346628,12.698402528699152,37.78789053505821,0.7354705393891869,deposition,TSFGA,1
P01,DEPO-05,75,0.6519650941401426,8.020842181523403,14.87074085213213,49.11531293277297,0.6496543182761289,deposition,TSFGA,1
P02,DEPO-01,75,0.7074460154985189,6.215089631517333,11.447531691359139,33.18323122682727,0.8073081643641018,deposition,TSFGA,1
P02,DEPO-02,75,0.7374643825098337,6.342189043622669,11.270178263155831,35.61124915010114,0.8288961867351772,deposition,TSFGA,1
P02,DEPO-03,75,0.7167873026203363,5.408601736464502,9.003651860189606,25.067987236473055,0.6733770645091466,deposition,TSFGA,1
P02,DEPO-04,75,0.6714228979958873,9.427176313243168,16.283797429675516,47.34992081898772,0.6697172902813617,deposition,TSFGA,1
P02,DEPO-05,75,0.6899630710047402,9.301532510620113,16.297156601050073,32.97410310787686,0.7732039011390368,deposition,TSFGA,1
P03,DEPO-01,75,0.6522427510302728,9.837957836728851,22.431418435254034,38.23349786669796,0.5943320767083954,deposition,TSFGA,1
P03,DEPO-02,75,0.7044719318528342,5.114459261032929,7.690534603202287,34.65319059357068,0.7403798632417731,deposition,TSFGA,1
P03,DEPO-03,75,0.6513052383651841,7.531621467795754,12.59511213898296,33.878311877623915,0.6552865686489211,deposition,TSFGA,1
P03,DEPO-04,75,0.5700567457967782,8.148895462893025,16.256626052498483,44.658630831016694,0.333479361882987,deposition,TSFGA,1
P03,DEPO-05,75,0.6153019899868752,9.468107306736142,19.1226387897895,32.51920951399723,0.5476205482314995,deposition,TSFGA,1
P01,DEPO-01,75,0.7384491393976766,6.71648224741411,12.93265947739104,25.481346788801616,0.7444325206585889,deposition,TSFGA,2
P01,DEPO-02,75,0.7626879790555439,6.984122091690465,11.665409829893893,30.425120777560437,0.8685997015143674,deposition,TSFGA,2
P01,DEPO-03,75,0.6945390223112805,6.188889229039197,10.652978164290612,33.90379379430965,0.7421423368253504,deposition,TSFGA,2
P01,DEPO-04,75,0.7106853262056161,6.475367591399172,13.176268664334314,35.67881126105941,0.7151863824732454,deposition,TSFGA,2
P01,DEPO-05,75,0.6942834560048221,7.045569597704266,12.618513384012207,40.49412287069952,0.7477402601634235,deposition,TSFGA,2
P02,DEPO-01,75,0.7205480310251087,5.936747154008281,10.527148137546233,38.13662793600312,0.8370474827755915,deposition,TSFGA,2
P02,DEPO-02,75,0.655429989832706,8.323930155213391,16.67765753202941,36.53787933515088,0.6253133490311664,deposition,TSFGA,2
P02,DEPO-03,75,0.7340731633384462,5.078488231098177,8.77872354388793,23.61212494863918,0.6894925426877365,deposition,TSFGA,2
P02,DEPO-04,75,0.6680557146042977,9.523783871462918,16.13392813351815,46.7150383282613,0.6757688826398829,deposition,TSFGA,2
P02,DEPO-05,75,0.7247394546473603,8.258193370015432,15.447537452505523,31.41566795752967,0.7962346118490191,deposition,TSFGA,2
P03,DEPO-01,75,0.7030969972909356,8.399305063815476,20.325755586127347,30.574524316848866,0.6669184375686935,deposition,TSFGA,2
P03,DEPO-02,75,0.7101504811800763,5.016185315759199,8.03297261262168,30.812167405025953,0.7167448036666587,deposition,TSFGA,2
P03,DEPO-03,75,0.6669947455100683,7.192736454790309,12.031617423944331,29.736970135619494,0.685440970411358,deposition,TSFGA,2
P03,DEPO-04,75,0.5744952142814248,8.06477130152257,15.500900096036599,42.6987578143799,0.3940084000685361,deposition,TSFGA,2
P03,DEPO-05,75,0.6064003011239182,9.687193819200246,19.381660930437498,35.27067031579385,0.5352823045290979,deposition,TSFGA,2
P01,DEPO-01,75,0.7209530213431312,7.165772936197921,13.706843943664472,26.483187155854964,0.7129187418406169,deposition,TSFGA,3
P01,DEPO-02,75,0.7608921689556133,7.036973004768912,12.592745256829163,28.13394287041893,0.8468781436602775,deposition,TSFGA,3
P01,DEPO-03,75,0.6395043362565456,7.303936978591009,12.533919260022936,38.4723459721301,0.6430464097728262,deposition,TSFGA,3
P01,DEPO-04,75,0.6715825755878779,7.35055543017647,14.496002773312982,37.99657836894425,0.6552753067878986,deposition,TSFGA,3
P01,DEPO-05,75,0.6490038216970916,8.089087919299402,13.710711460614839,46.81815730236147,0.7021815899947976,deposition,TSFGA,3
P02,DEPO-01,75,0.7419509295623264,5.4820586526373285,10.13298957728791,32.68624180040868,0.8490216075675159,deposition,TSFGA,3
P02,DEPO-02,75,0.6942927507559262,7.385105248755103,14.869524900918025,34.73034232397112,0.7021536361093651,deposition,TSFGA,3
P02,DEPO-03,75,0.7284089669074387,5.186659167415182,8.609862603813895,24.398675876235483,0.701323033529561,deposition,TSFGA,3
P02,DEPO-04,75,0.5813459937745729,12.011564734304901,20.373860372979607,64.03207708312434,0.48296361341749083,deposition,TSFGA,3
P02,DEPO-05,75,0.6954815432281052,9.135970785567135,17.12333824023931,37.66009741843156,0.7496262619388596,deposition,TSFGA,3
P03,DEPO-01,75,0.6795990992915304,9.064054196881075,21.386936420602076,34.39040026245817,0.631231045525365,deposition,TSFGA,3
P03,DEPO-02,75,0.6895153051041247,5.373301200035006,8.11626280130242,34.82881334298703,0.7108404668441872,deposition,TSFGA,3
P03,DEPO-03,75,0.6181413965875802,8.247942818640627,13.755001434331986,36.509996200762345,0.5888735592253576,deposition,TSFGA,3
P03,DEPO-04,75,0.5984278086672785,7.611166766739102,15.973195883614126,42.29662346319662,0.356517997258329,deposition,TSFGA,3
P03,DEPO-05,75,0.6178958498379811,9.40426776826786,19.490854635621282,34.016840998777795,0.5300312385454482,deposition,TSFGA,3
P01,DEPO-01,75,0.7299153164997204,6.935626125834941,13.293195684183061,26.906694487225437,0.7299844968706692,deposition,TSFGA,4
P01,DEPO-02,75,0.731656919934507,7.897369994907775,13.10935781642443,36.61449110627842,0.8340569054007262,deposition,TSFGA,4
P01,DEPO-03,75,0.6808716416466349,6.465801539163475,10.752512508142859,35.968729449114505,0.7373013253261916,deposition,TSFGA,4
P01,DEPO-04,75,0.6712799551088062,7.357328604924142,13.35427273212495,36.18271241188526,0.7074390551277308,deposition,TSFGA,4
P01,DEPO-05,75,0.6632336636662188,7.7611457652777975,14.309404062155918,42.94932060285726,0.6756046258255677,deposition,TSFGA,4
P02,DEPO-01,75,0.716125904889675,6.030691901814158,12.006447482746408,37.98830601077341,0.7880328033728303,deposition,TSFGA,4
P02,DEPO-02,75,0.7434753845261821,6.1969786089634304,11.116228124688671,31.899605429488776,0.8335388008218636,deposition,TSFGA,4
P02,DEPO-03,75,0.7242216620662894,5.2666254416835505,8.765824579154076,24.095815380686947,0.6904043568472773,deposition,TSFGA,4
P02,DEPO-04,75,0.6299399558583132,10.617359704409848,17.393838514805605,51.311580311759876,0.6231527726965804,deposition,TSFGA,4
P02,DEPO-05,75,0.7182804324036123,8.451972883900241,15.007749993133647,33.55533648811138,0.8076717520925667,deposition,TSFGA,4
P03,DEPO-01,75,0.7115318122680447,8.160686445939787,20.35095863959381,30.361596302219485,0.6660919121383818,deposition,TSFGA,4
P03,DEPO-02,75,0.7132337118399602,4.962826398952382,7.499641177673059,31.697094881359007,0.7531084176720808,deposition,TSFGA,4
P03,DEPO-03,75,0.6470934047139767,7.622594835441121,12.403831971952066,32.146940752224054,0.6656772909074605,deposition,TSFGA,4
P03,DEPO-04,75,0.6283408142430824,7.044212981477608,14.923317667424985,37.06784677184692,0.4383270133665761,deposition,TSFGA,4
P03,DEPO-05,75,0.6122930298393314,9.542163207253191,19.646554668048147,33.711750270316216,0.5224926853487948,deposition,TSFGA,4
P01,DEPO-01,75,0.7117250448885887,7.402742296167748,13.662523032059877,31.07798025725494,0.7147722877261036,deposition,mRMR,0
P01,DEPO-02,75,0.7277454819053513,8.012484099288095,12.921146746588096,35.399212331853704,0.8387875911467824,deposition,mRMR,0
P01,DEPO-03,75,0.6739485219898109,6.606069605479726,11.129043900865303,36.28069039694514,0.7185808285510116,deposition,mRMR,0
P01,DEPO-04,75,0.6824798534854604,7.106655322356063,12.266883506669474,36.2744825901222,0.7531436240562769,deposition,mRMR,0
P01,DEPO-05,75,0.6657713813085859,7.702661307632936,14.162186363644098,42.603329997163755,0.6822451644895746,deposition,mRMR,0
P02,DEPO-01,75,0.7191484326993599,5.96648056904781,11.644260469745088,33.8601742610636,0.8006283385149092,deposition,mRMR,0
P02,DEPO-02,75,0.6921040353515351,7.437979014951255,14.188406393018003,35.35000253439746,0.7288151920979226,deposition,mRMR,0
P02,DEPO-03,75,0.7078917991691691,5.578481956729526,9.537470941605207,26.28833872061311,0.633498509474546,deposition,mRMR,0
P02,DEPO-04,75,0.6373089312677581,10.405937088503032,17.907794124828065,54.760913448478064,0.6005534793807921,deposition,mRMR,0
P02,DEPO-05,75,0.6999271208800111,9.002597367143416,15.881818680776021,35.361786201494816,0.7846165300608154,deposition,mRMR,0
P03,DEPO-01,75,0.6645073285501515,9.490996279828677,21.13930978824076,33.23438831653666,0.6397211218783839,deposition,mRMR,0
P03,DEPO-02,75,0.6833444371283843,5.4800952959901155,8.066552371011817,38.49899622746521,0.7143717041954157,deposition,mRMR,0
P03,DEPO-03,75,0.6602505866823685,7.338406699937624,12.690913863358888,33.57158402906361,0.6500226637451623,deposition,mRMR,0
P03,DEPO-04,75,0.6384633253840784,6.852356767189949,12.064085251217602,38.52584728545915,0.6329361929139701,deposition,mRMR,0
P03,DEPO-05,75,0.599635341297089,9.853691601614022,19.76819276537821,36.002780972441926,0.5165615806175169,deposition,mRMR,0
P01,DEPO-01,75,0.6875556774283722,8.023398359405071,14.808842711912654,30.507909507901598,0.6649017612374117,deposition,mRMR,1
P01,DEPO-02,75,0.7345758671595903,7.8114650174942835,13.404510235556707,33.19704957609218,0.8265004906445861,deposition,mRMR,1
P01,DEPO-03,75,0.6807580789610161,6.468102412051283,11.585566119359985,34.74212034013251,0.6950192071684747,deposition,mRMR,1
P01,DEPO-04,75,0.68703795179089,7.004637123077423,12.296556092362637,38.60591069875354,0.7519479289815666,deposition,mRMR,1
P01,DEPO-05,75,0.6700075620000628,7.60503392541733,15.204960859884556,43.33185522516542,0.6337293061413165,deposition,mRMR,1
P02,DEPO-01,75,0.7122060395442484,6.11396649643921,11.264722772971107,33.15887989120153,0.8134133268837214,deposition,mRMR,1
P02,DEPO-02,75,0.7128875203393902,6.935903174581869,12.349588005610268,37.802322748846315,0.7945514614558966,deposition,mRMR,1
P02,DEPO-03,75,0.7198904243897191,5.349340446467163,9.010231864158868,24.15316331846275,0.672899488171911,deposition,mRMR,1
P02,DEPO-04,75,0.6223167538478658,10.836076313040287,17.128872729270686,52.82777336116342,0.6345465873539242,deposition,mRMR,1
P02,DEPO-05,75,0.6909949793733071,9.270573846214193,16.51919171231492,35.61796617955661,0.7669819898940109,deposition,mRMR,1
P03,DEPO-01,75,0.6928558611599032,8.689024015054555,21.498988472216997,32.93510272828532,0.6273567585316665,deposition,mRMR,1
P03,DEPO-02,75,0.7023969924090275,5.150368517710285,7.818000333160195,36.21946762247038,0.7317024651236632,deposition,mRMR,1
P03,DEPO-03,75,0.6405396391340545,7.76415268765898,12.769840724159815,35.90587685048578,0.6456559951878019,deposition,mRMR,1
P03,DEPO-04,75,0.6290848230117955,7.030111470125942,13.47650566867696,39.476427909019776,0.5419558231130164,deposition,mRMR,1
P03,DEPO-05,75,0.5991976381276103,9.864464260866876,19.927594152442296,35.82323397868967,0.5087337082038882,deposition,mRMR,1
P01,DEPO-01,75,0.719192936699004,7.210970941813361,14.722665528911456,27.766084714091004,0.668790491554477,deposition,mRMR,2
P01,DEPO-02,75,0.7637336649669149,6.953347426144616,11.807161429906799,31.110226275197896,0.8653868919388898,deposition,mRMR,2
P01,DEPO-03,75,0.6925875157535675,6.228428347936857,10.77404586145284,33.8881594990376,0.7362480928641952,deposition,mRMR,2
P01,DEPO-04,75,0.6876485929921642,6.9909699067110855,13.315434495816763,38.602330200007714,0.7091382907930934,deposition,mRMR,2
P01,DEPO-05,75,0.6710050303424797,7.582046184760038,14.77170538288047,42.92222925714931,0.6543052114317492,deposition,mRMR,2
P02,DEPO-01,75,0.7229848854931771,5.884978011421429,11.157598472653955,36.70333820583229,0.8169452250538977,deposition,mRMR,2
P02,DEPO-02,75,0.6383632798593524,8.736218217452196,17.040013334575256,40.081867075306256,0.6088548242846366,deposition,mRMR,2
P02,DEPO-03,75,0.7317436592947162,5.122975500675391,8.433609918666125,25.76633023010806,0.7134263145332186,deposition,mRMR,2
P02,DEPO-04,75,0.6295120049390032,10.629638006047859,17.44235799756996,52.92851292551618,0.621047437015138,deposition,mRMR,2
P02,DEPO-05,75,0.6971717571201221,9.085262053812352,16.67726071894388,34.41715373311721,0.7625012441455796,deposition,mRMR,2
P03,DEPO-01,75,0.684122903101168,8.9360770194888,21.457424833224636,33.02452519606853,0.6287962157822847,deposition,mRMR,2
P03,DEPO-02,75,0.6918511040546468,5.332877464146542,8.153038106747816,36.04555040908693,0.7082141295942147,deposition,mRMR,2
P03,DEPO-03,75,0.6514722470553185,7.528014168878993,12.633062682614694,31.84375940079412,0.6532061153964611,deposition,mRMR,2
P03,DEPO-04,75,0.6049481386986835,7.487584207203546,13.434286397111704,43.553978499598806,0.5448212543181441,deposition,mRMR,2
P03,DEPO-05,75,0.6125350333646669,9.536207066886345,18.93284869119921,38.46546721930847,0.5565556204591883,deposition,mRMR,2
P01,DEPO-01,75,0.7199217759417955,7.192254750919722,13.863916931714968,27.66102444890584,0.7063014519365176,deposition,mRMR,3
P01,DEPO-02,75,0.7548960550392667,7.213439378030512,11.680799640223531,31.98711758344243,0.8682527682081229,deposition,mRMR,3
P01,DEPO-03,75,0.67265974030832,6.632181376376006,11.771047967919323,36.549763964923024,0.6851757134261476,deposition,mRMR,3
P01,DEPO-04,75,0.6632533751724015,7.536977479653904,13.95829410431728,40.11785639438305,0.6803751358386462,deposition,mRMR,3
P01,DEPO-05,75,0.6728553665562595,7.5394031782580955,15.216092381929478,42.827990523762274,0.6331928177178927,deposition,mRMR,3
P02,DEPO-01,75,0.7506628707931394,5.296980005678275,10.811655028331222,32.298782040315594,0.8281205461449319,deposition,mRMR,3
P02,DEPO-02,75,0.7222050478918113,6.710815539915191,12.05570848712263,37.08789946517289,0.8042131164499863,deposition,mRMR,3
P02,DEPO-03,75,0.7286330996257533,5.182378834574564,8.806111937778295,24.498231616541023,0.6875520403765802,deposition,mRMR,3
P02,DEPO-04,75,0.6356546377903799,10.453400275042725,18.304777624137934,56.35250919680643,0.5826471618692218,deposition,mRMR,3
P02,DEPO-05,75,0.7216411064609757,8.3511480592464,15.74695601258722,31.1128709619842,0.7882589164776693,deposition,mRMR,3
P03,DEPO-01,75,0.6846553354490863,8.92101465341232,21.227752054167972,33.240140611086346,0.6367001589015615,deposition,mRMR,3
P03,DEPO-02,75,0.6797252534295739,5.542729507697353,8.426921186998376,37.902832194458504,0.6882810694716878,deposition,mRMR,3
P03,DEPO-03,75,0.6129025266883414,8.36109962321981,13.406884427718056,37.697516765653894,0.6094201271782251,deposition,mRMR,3
P03,DEPO-04,75,0.6219171588952115,7.165963225045125,13.678241047682278,38.97461114935502,0.5281398781485411,deposition,mRMR,3
P03,DEPO-05,75,0.6091875498499715,9.618594634016167,19.008046992395144,35.9171483613449,0.5530260420399246,deposition,mRMR,3
P01,DEPO-01,75,0.687277902849418,8.030531457816727,14.956953430106335,30.82766377577863,0.658165267733216,deposition,mRMR,4
P01,DEPO-02,75,0.7427046076153703,7.572235181732538,12.987290925351813,32.204191981425545,0.8371328532877115,deposition,mRMR,4
P01,DEPO-03,75,0.6851862092404324,6.378384871046783,11.187985712612251,36.19520621734739,0.7155920217717576,deposition,mRMR,4
P01,DEPO-04,75,0.63670233693699,8.131236077922491,13.951029337299454,40.37626002807996,0.6807077546955087,deposition,mRMR,4
P01,DEPO-05,75,0.649492296651198,8.077830483764783,15.933250643494336,45.646450734455144,0.597801604121877,deposition,mRMR,4
P02,DEPO-01,75,0.743312410707309,5.453135008469203,10.283518477422696,32.421108707903436,0.844502621964364,deposition,mRMR,4
P02,DEPO-02,75,0.7417034430035264,6.239784184139712,11.219778137757901,33.44204187709144,0.8304231139934553,deposition,mRMR,4
P02,DEPO-03,75,0.7236506840577352,5.277529587850446,8.725621384313335,25.113775937877925,0.6932376764678047,deposition,mRMR,4
P02,DEPO-04,75,0.6360120490972729,10.443145819130011,17.123730029656013,52.509969958139244,0.6347659987559482,deposition,mRMR,4
P02,DEPO-05,75,0.716221446736591,8.51374527399185,14.64588260742731,34.54861693233068,0.8168347850329152,deposition,mRMR,4
P03,DEPO-01,75,0.6874741753396871,8.84127044082041,21.192361242154586,33.521012594053836,0.6379105327918211,deposition,mRMR,4
P03,DEPO-02,75,0.6888849454548087,5.384210311871447,7.980348394227345,36.88859390051735,0.720443872231797,deposition,mRMR,4
P03,DEPO-03,75,0.6366783316185306,7.847554877130751,12.911639114302467,33.57015144460889,0.6377429166877245,deposition,mRMR,4
P03,DEPO-04,75,0.6380602728106669,6.8599959922613305,12.386810680342013,40.173845091035126,0.613034925569804,deposition,mRMR,4
P03,DEPO-05,75,0.5955742082887066,9.953643361460612,19.413564024069483,38.501117361553405,0.5337511525516754,deposition,mRMR,4
P01,DEPO-01,75,0.7305889206331359,6.918328342170798,13.243082656732776,28.23888039773926,0.7320164821558205,deposition,MI,0
P01,DEPO-02,75,0.7069806242184066,8.6235964261101,13.685130080029342,37.460181395359285,0.8191601203683917,deposition,MI,0
P01,DEPO-03,75,0.6762945987130509,6.558536172329533,11.407343451004504,34.71361361489572,0.7043301753346614,deposition,MI,0
P01,DEPO-04,75,0.681251829043291,7.134140653708187,12.115449539400615,37.017347463837865,0.759200859099349,deposition,MI,0
P01,DEPO-05,75,0.6724210998027857,7.54941132696861,13.639938946865962,41.120254299459944,0.7052482373518125,deposition,MI,0
P02,DEPO-01,75,0.7280916941476553,5.7764876978381965,11.242887421655052,32.24415210953774,0.8141359788253002,deposition,MI,0
P02,DEPO-02,75,0.6815038329410508,7.694052793551884,14.700560616585555,35.195825704643774,0.7088841094947309,deposition,MI,0
P02,DEPO-03,75,0.7139459014868611,5.462864865366185,9.165559510550844,25.94320168803413,0.6615244888237586,deposition,MI,0
P02,DEPO-04,75,0.641108130227917,10.296934610156079,16.91852466160598,49.07367491299305,0.6434672456319144,deposition,MI,0
P02,DEPO-05,75,0.7187197835600865,8.438791747450571,15.201909581504069,31.74836597656374,0.8026631494721324,deposition,MI,0
P03,DEPO-01,75,0.7048918649406305,8.348528746966522,20.23587299931724,28.886104196096962,0.6698577661804362,deposition,MI,0
P03,DEPO-02,75,0.6969144977654194,5.245249507118037,7.725975467848662,36.04334836498235,0.7379814959491819,deposition,MI,0
P03,DEPO-03,75,0.6554287958241134,7.4425548189715665,13.140112651953874,33.36238707874967,0.6248090921160143,deposition,MI,0
P03,DEPO-04,75,0.6187185854715467,7.2265871334447045,12.529644643664332,38.44657794207896,0.6040591803731578,deposition,MI,0
P03,DEPO-05,75,0.6082343352375661,9.642054953543932,19.453783398531687,34.09326865655591,0.5318172818197029,deposition,MI,0
P01,DEPO-01,75,0.7298263658454487,6.937910329713821,13.220796540566877,28.359871580912415,0.7329176751352302,deposition,MI,1
P01,DEPO-02,75,0.7369138979526999,7.742656482434733,12.620011597697262,33.334168984849505,0.8462143340356919,deposition,MI,1
P01,DEPO-03,75,0.6946366567603668,6.186911075250437,11.01979122145627,32.85486413719126,0.7240790338990007,deposition,MI,1
P01,DEPO-04,75,0.6874576437910955,6.995243683260293,11.927224405090419,38.64061948317442,0.766624829803045,deposition,MI,1
P01,DEPO-05,75,0.6746507423314609,7.498026794720234,14.754656469722603,44.451712396708906,0.6551027252093709,deposition,MI,1
P02,DEPO-01,75,0.7211894838066181,5.9231199715302845,11.451208708535399,28.993643489875996,0.8071843568917594,deposition,MI,1
P02,DEPO-02,75,0.6986476991000123,7.27990083520752,14.484791224837524,35.056227435766225,0.7173671763195413,deposition,MI,1
P02,DEPO-03,75,0.7265052147379573,5.223015719875302,8.854861018443684,24.11403784333,0.6840831518402795,deposition,MI,1
P02,DEPO-04,75,0.6416305695974294,10.281945348824927,16.87167792784607,47.47079352211154,0.6454389625770458,deposition,MI,1
P02,DEPO-05,75,0.7223941356163834,8.328556153200983,15.084169483659732,32.69153647636131,0.8057080937298242,deposition,MI,1
P03,DEPO-01,75,0.6968520725872989,8.575972282428285,20.00009310138984,31.88596557742146,0.6775063037488713,deposition,MI,1
P03,DEPO-02,75,0.6944105484690788,5.2885832816326435,7.491247015967569,37.376986240350455,0.753660787578069,deposition,MI,1
P03,DEPO-03,75,0.6513749070567834,7.530116661096557,12.972880662784092,33.979352415313734,0.634298303945418,deposition,MI,1
P03,DEPO-04,75,0.6153174570874824,7.291050151265464,13.514513628303447,40.26204691887643,0.5393685241676972,deposition,MI,1
P03,DEPO-05,75,0.6021786408113519,9.791096443626618,19.86532645784849,33.848035226382386,0.5117990282737851,deposition,MI,1
P01,DEPO-01,75,0.7498434315891711,6.423883090792019,13.184192081669012,26.46101907268232,0.7343945710202,deposition,MI,2
P01,DEPO-02,75,0.7288365122832282,7.980374940491544,13.166442032613938,34.696388044227085,0.8326085726981585,deposition,MI,2
P01,DEPO-03,75,0.699631495446452,6.08571155844472,10.531363126514513,32.8354499130212,0.7479961682601987,deposition,MI,2
P01,DEPO-04,75,0.7114289347614919,6.458724333453578,12.951936512219387,37.88202889075231,0.7248019952852557,deposition,MI,2
P01,DEPO-05,75,0.6696088840291727,7.614221892003208,14.512955236980863,42.93781372534883,0.6663099403282613,deposition,MI,2
P02,DEPO-01,75,0.7320887432915555,5.691573391395742,10.831567422625167,35.92090964997169,0.8274868442416798,deposition,MI,2
P02,DEPO-02,75,0.6866156225477982,7.570565030835528,15.058450643015737,34.58451936273862,0.6945369405930062,deposition,MI,2
P02,DEPO-03,75,0.7492487888847201,4.788674548869514,8.195285887536183,23.692570393466948,0.7293939473742717,deposition,MI,2
P02,DEPO-04,75,0.6425172636012584,10.256505290284608,17.12254177293695,49.48097407367584,0.6348166859248527,deposition,MI,2
P02,DEPO-05,75,0.7170315026510765,8.489442487067642,15.524973763994177,31.907325984514483,0.7941865975738216,deposition,MI,2
P03,DEPO-01,75,0.7086290471966761,8.242804879032576,19.736505508390447,28.978975861318983,0.6859507825346933,deposition,MI,2
P03,DEPO-02,75,0.6907147899409476,5.3525427104248,7.949249318746615,35.92324828991362,0.7226184632997186,deposition,MI,2
P03,DEPO-03,75,0.6576414063845806,7.39476360719954,12.149601767774056,30.833656149491855,0.6792414698490166,deposition,MI,2
P03,DEPO-04,75,0.5895951348897418,7.77857615057598,13.907778221233505,43.74149434043652,0.512170248869247,deposition,MI,2
P03,DEPO-05,75,0.6164265675332739,9.440429438364315,18.775175891300144,36.6588911434773,0.5639108763731845,deposition,MI,2
P01,DEPO-01,75,0.723772767714806,7.093363400232523,13.753855767761715,25.726805903683864,0.7109460983397261,deposition,MI,3
P01,DEPO-02,75,0.7355159570169636,7.78379805686193,12.76912555279119,36.92263572669099,0.8425587011053274,deposition,MI,3
P01,DEPO-03,75,0.6738321485575139,6.608427426393997,11.449059871502524,36.69182596592131,0.7021637042533087,deposition,MI,3
P01,DEPO-04,75,0.6793258080794213,7.1772483660348,13.649868430846686,40.218093887686834,0.6943440899837966,deposition,MI,3
P01,DEPO-05,75,0.6863570262231968,7.228242775799066,13.295551694710884,41.93920089326903,0.7199443853245636,deposition,MI,3
P02,DEPO-01,75,0.7387936698911359,5.549132262589562,10.747348771667216,31.00207606609548,0.8301590968754718,deposition,MI,3
P02,DEPO-02,75,0.709491611036144,7.017939657791583,14.001164191996565,33.61012128483081,0.7359255312341217,deposition,MI,3
P02,DEPO-03,75,0.7404238451709172,4.957207267692818,8.289228538910413,24.65155133910102,0.7231544693153293,deposition,MI,3
P02,DEPO-04,75,0.6179735839209857,10.960685813852555,19.56975620639063,58.04312615313432,0.5229704445885441,deposition,MI,3
P02,DEPO-05,75,0.7196379811236713,8.411244562937636,15.946022642448815,31.583928100620007,0.782871588392499,deposition,MI,3
P03,DEPO-01,75,0.6903189684217145,8.760792019513255,20.636206705526593,28.85517979760155,0.6566659044974015,deposition,MI,3
P03,DEPO-02,75,0.6909724537702777,5.348083536152746,8.003787115867254,34.9553718911496,0.7187993172893574,deposition,MI,3
P03,DEPO-03,75,0.6182045251767403,8.246579274677076,13.610152408894649,37.24513940186924,0.5974868200780056,deposition,MI,3
P03,DEPO-04,75,0.5857242621753522,7.851942430407912,14.440019791701138,43.14858285013552,0.47411795069237894,deposition,MI,3
P03,DEPO-05,75,0.6136308203640481,9.509237785461899,19.401486717879497,33.552039384059974,0.5343310850703934,deposition,MI,3
P01,DEPO-01,75,0.7452014732753456,6.543086027216111,12.81144239425802,27.86759268065182,0.7492009074799453,deposition,MI,4
P01,DEPO-02,75,0.7213536735610628,8.200595808444389,13.784235551188907,33.4354331139092,0.8165314107738519,deposition,MI,4
P01,DEPO-03,75,0.6741351306423288,6.602288761561945,11.912374860877689,34.595147780323465,0.6775705728038193,deposition,MI,4
P01,DEPO-04,75,0.6668061241576744,7.457460753668682,13.377439437351994,37.47835177814035,0.7064231178037412,deposition,MI,4
P01,DEPO-05,75,0.6249237518093685,8.644039267677236,15.938161197512096,47.42840179716987,0.5975536545554576,deposition,MI,4
P02,DEPO-01,75,0.7312290975513697,5.709835919372285,10.759752026973482,33.1009395424247,0.8297668521080885,deposition,MI,4
P02,DEPO-02,75,0.7004914650309029,7.2353601660301745,15.022335587801862,34.38560901936269,0.6960003828261534,deposition,MI,4
P02,DEPO-03,75,0.7364206620891897,5.033657310955502,8.550239015019544,23.95833983190886,0.7054454062736157,deposition,MI,4
P02,DEPO-04,75,0.6119468910104948,11.133597122359559,19.03056749491139,56.94138433896493,0.5488946942119337,deposition,MI,4
P02,DEPO-05,75,0.7335965095324501,7.992469592435153,13.930849618408933,31.529784442511104,0.8342829816631545,deposition,MI,4
P03,DEPO-01,75,0.6959639084520367,8.60109820385966,20.014636842263233,30.72941978398917,0.6770371089236538,deposition,MI,4
P03,DEPO-02,75,0.706936121355529,5.0718135763031755,7.5040833402786475,33.65337578312455,0.7528158550453745,deposition,MI,4
P03,DEPO-03,75,0.648506744189164,7.59206745417879,12.97562195223285,32.621966675650675,0.6341437353272386,deposition,MI,4
P03,DEPO-04,75,0.6020581302779363,7.54235975322576,13.029749728071423,41.2104722639488,0.5718214396100976,deposition,MI,4
P03,DEPO-05,75,0.6000032630307952,9.844636388525988,19.866860254155558,35.28954479253206,0.5117236376421253,deposition,MI,4
P01,DEPO-01,75,0.7339301809052272,6.832526616075112,12.789639989277452,30.795144540086937,0.750053796717181,deposition,DDA,0
P01,DEPO-02,75,0.7048213486486865,8.687144172863558,13.97715116841558,36.53994678200047,0.811360049339083,deposition,DDA,0
P01,DEPO-03,75,0.6888374424076911,6.304407900919404,11.240563697367115,32.73882932838782,0.7129125876042773,deposition,DDA,0
P01,DEPO-04,75,0.6906888110291831,6.922924518312672,12.176192487789407,35.879298884071154,0.7567802280053243,deposition,DDA,0
P01,DEPO-05,75,0.6688089820264367,7.632656501913325,13.539927645377322,40.830439302631554,0.7095547721203621,deposition,DDA,0
P02,DEPO-01,75,0.7223544317212947,5.898371528202459,11.171406301244556,32.555512326739965,0.8164918742829327,deposition,DDA,0
P02,DEPO-02,75,0.6989862459598017,7.271722408960309,14.000170078175449,35.38236435248435,0.735963029652946,deposition,DDA,0
P02,DEPO-03,75,0.716224919477882,5.419341743776951,9.094432668724448,25.491293697196753,0.6667574004745177,deposition,DDA,0
P02,DEPO-04,75,0.6144671172295852,11.061289536798329,18.579430749761187,50.993695644433835,0.570028901940133,deposition,DDA,0
P02,DEPO-05,75,0.7151122909789577,8.54702146587132,15.667802529378884,31.63246378150219,0.7903822374997993,deposition,DDA,0
P03,DEPO-01,75,0.7073727184419951,8.278346077251275,20.49081918265537,27.415573604248372,0.6614866214960093,deposition,DDA,0
P03,DEPO-02,75,0.6650452722790962,5.796783770690273,8.342101898768503,39.60543823229648,0.6945245634832868,deposition,DDA,0
P03,DEPO-03,75,0.6624941841070999,7.2899461883716485,12.7961376213635,32.364904254881075,0.6441950932879791,deposition,DDA,0
P03,DEPO-04,75,0.6238914561297346,7.128543538564353,12.6287129141237,37.27127432510636,0.5977732489902098,deposition,DDA,0
P03,DEPO-05,75,0.6043776093381763,9.736975888193022,19.649904229472874,34.529484367249296,0.5223298500371278,deposition,DDA,0
P01,DEPO-01,75,0.7280418072743708,6.983736812312703,13.351781840453535,27.360118480201173,0.7275992119187127,deposition,DDA,1
P01,DEPO-02,75,0.7029572349884794,8.742005268158522,14.456078583898462,34.7176076080836,0.7982110639659312,deposition,DDA,1
P01,DEPO-03,75,0.6942031928676216,6.1956934082256225,11.068556932505073,32.868224770306,0.7216315729621753,deposition,DDA,1
P01,DEPO-04,75,0.6694565517002964,7.398139557174361,12.504697514027633,40.0313768250242,0.7434793992463332,deposition,DDA,1
P01,DEPO-05,75,0.6680333896718229,7.65053086959545,14.620671661810992,44.50434053921421,0.6613382045201033,deposition,DDA,1
P02,DEPO-01,75,0.7021288776930572,6.328048229912042,11.85259764148153,30.563756523711767,0.793430266896149,deposition,DDA,1
P02,DEPO-02,75,0.6839091160642787,7.63594730517365,14.587732903599498,35.76576280791858,0.713335625825408,deposition,DDA,1
P02,DEPO-03,75,0.7303067667389256,5.150416288621222,8.650491458005906,23.692700449873385,0.6984975448967997,deposition,DDA,1
P02,DEPO-04,75,0.6294979510315015,10.6300412254539,17.7296339764016,49.37770544101867,0.6084619294447746,deposition,DDA,1
P02,DEPO-05,75,0.7312102363605462,8.064061055941181,14.805089230725496,31.64998625438931,0.8128309823695028,deposition,DDA,1
P03,DEPO-01,75,0.696020361155695,8.599501172252108,20.843654406747845,30.355765874477925,0.649728402590268,deposition,DDA,1
P03,DEPO-02,75,0.6980636784365877,5.225361589996982,7.195215424897548,36.329717327529146,0.7727452781414055,deposition,DDA,1
P03,DEPO-03,75,0.6526777287655642,7.501976404831853,12.994649545222337,33.14683035164172,0.6330699574023789,deposition,DDA,1
P03,DEPO-04,75,0.6269676839402294,7.070238498067271,12.393503776366586,38.90587270824107,0.6126166267505733,deposition,DDA,1
P03,DEPO-05,75,0.606404070685943,9.687101043524725,19.831704562273625,33.68612624336696,0.5134501817691344,deposition,DDA,1
P01,DEPO-01,75,0.7516119264884695,6.378469114449421,12.66203436960553,25.940006794215183,0.7550164743298796,deposition,DDA,2
P01,DEPO-02,75,0.7436351856476702,7.544848155287093,12.287113866794378,35.11489207725704,0.8542206143782443,deposition,DDA,2
P01,DEPO-03,75,0.7012417599651726,6.053086282341629,10.480234411976973,31.524942431387515,0.7504371353071573,deposition,DDA,2
P01,DEPO-04,75,0.712227840065214,6.4408434377337995,12.466700500099194,36.48618291238924,0.7450359675827694,deposition,DDA,2
P01,DEPO-05,75,0.6635612515039171,7.753596147976419,14.621681164928551,44.06154599563673,0.6612914362253188,deposition,DDA,2
P02,DEPO-01,75,0.7314809255695356,5.70448602230185,10.552482117446804,36.09781544867889,0.8362622362644094,deposition,DDA,2
P02,DEPO-02,75,0.6653165348287715,8.085096514457282,15.299245105780306,37.57534330200048,0.6846897256565134,deposition,DDA,2
P02,DEPO-03,75,0.7425989686443231,4.915668252302145,8.360022463060082,23.603547471969055,0.7184054932955863,deposition,DDA,2
P02,DEPO-04,75,0.648078629716236,10.096944631344552,17.29744735758955,51.577423057694304,0.627317936146362,deposition,DDA,2
P02,DEPO-05,75,0.7191894965597783,8.424699714119404,15.339188649220993,32.54467798222784,0.7990830023533269,deposition,DDA,2
P03,DEPO-01,75,0.7177987823476959,7.983395569645166,19.83984015966231,28.39953813417187,0.6826536313295363,deposition,DDA,2
P03,DEPO-02,75,0.7098068739628524,5.022131840992172,7.880243931792025,33.19364674583533,0.7274133165602488,deposition,DDA,2
P03,DEPO-03,75,0.6784959201424932,6.944317197327652,11.533116134324791,28.462509582995537,0.7109669811874131,deposition,DDA,2
P03,DEPO-04,75,0.5966288588877198,7.645263019101024,14.222441971340709,42.09684996805399,0.48984621793888916,deposition,DDA,2
P03,DEPO-05,75,0.6201958852385235,9.347659775986111,18.483182826923727,36.633033270045026,0.5773695878270089,deposition,DDA,2
P01,DEPO-01,75,0.7431758655749165,6.595102518879825,12.84803580404433,25.447647675707753,0.747766143041137,deposition,DDA,3
P01,DEPO-02,75,0.7247479626950992,8.100701459931143,12.852664988249709,38.09344503968123,0.8404919062957698,deposition,DDA,3
P01,DEPO-03,75,0.6779523310761804,6.524949158877173,11.503310221781003,36.00900871163412,0.6993344755623805,deposition,DDA,3
P01,DEPO-04,75,0.6855631342335033,7.037646115290225,13.027923382521854,37.59321627227216,0.7215634406431337,deposition,DDA,3
P01,DEPO-05,75,0.6505143850607257,8.054275346936965,15.065739052017712,45.29232208105902,0.6404059973328817,deposition,DDA,3
P02,DEPO-01,75,0.7398129541482341,5.527478334243125,10.498018871018663,31.601403444959033,0.8379480343885712,deposition,DDA,3
P02,DEPO-02,75,0.71280644757332,6.937861685254143,13.296069641744658,33.423858623322985,0.7618532385523875,deposition,DDA,3
P02,DEPO-03,75,0.7421916984632135,4.923446018726954,8.39579983283105,23.806150164508793,0.7159901245348637,deposition,DDA,3
P02,DEPO-04,75,0.5947334610989137,11.627466103923886,20.995303609550206,59.88870967863497,0.450941302719155,deposition,DDA,3
P02,DEPO-05,75,0.7209885404511841,8.370725933324408,15.431018259664983,31.28027625916684,0.7966701815926073,deposition,DDA,3
P03,DEPO-01,75,0.7020038064111829,8.43023113599475,20.785889191505454,28.302525300462523,0.6516671679021475,deposition,DDA,3
P03,DEPO-02,75,0.7024680773491898,5.149138309585512,7.803647350513717,33.53853094754998,0.732686689941509,deposition,DDA,3
P03,DEPO-03,75,0.6338408002549336,7.908844046011336,13.209335257287565,34.07872107440989,0.6208456402409531,deposition,DDA,3
P03,DEPO-04,75,0.6070838528779448,7.447105117427683,13.94209190129307,39.77939999322289,0.5097601034811317,deposition,DDA,3
P03,DEPO-05,75,0.603037448362564,9.769959651028095,19.364282697122714,36.572637413483,0.5361152931955857,deposition,DDA,3
P01,DEPO-01,75,0.7465997534441824,6.5071789615338345,12.49481784568517,27.345660092817383,0.7614443193051977,deposition,DDA,4
P01,DEPO-02,75,0.6976954266203288,8.89686093842751,14.975218189952596,34.93128740663272,0.7834577389222175,deposition,DDA,4
P01,DEPO-03,75,0.6839177518062423,6.404084856070578,11.591182267947092,32.9634146150196,0.6947234542326939,deposition,DDA,4
P01,DEPO-04,75,0.6826772826394478,7.102236513145454,12.808435379858429,35.765020074787664,0.7308663322307389,deposition,DDA,4
P01,DEPO-05,75,0.6564789590854253,7.916815264265277,14.722437624602831,41.10593712634781,0.6566073430082362,deposition,DDA,4
P02,DEPO-01,75,0.7230696717665273,5.883176790736328,11.42882234493307,33.18510313848581,0.8079375039218537,deposition,DDA,4
P02,DEPO-02,75,0.7030463120136445,7.173641597338506,14.567038008814317,33.918262856648504,0.7141484020171643,deposition,DDA,4
P02,DEPO-03,75,0.7416072971852654,4.934606513280858,8.18986307222455,24.22651263489825,0.7297519485865509,deposition,DDA,4
P02,DEPO-04,75,0.5992433834060975,11.49807232544836,19.59485653717776,56.516242007143845,0.5217459757470776,deposition,DDA,4
P02,DEPO-05,75,0.7362300092581338,7.9134609937029365,13.78712911356536,31.166590646743337,0.8376846517713873,deposition,DDA,4
P03,DEPO-01,75,0.7060931752508575,8.314544005553211,20.228996614244114,26.937732677852633,0.6700821004022475,deposition,DDA,4
P03,DEPO-02,75,0.7234987354493252,4.785178145800689,7.103685071711866,31.6396048307558,0.7784903186508996,deposition,DDA,4
P03,DEPO-03,75,0.6442271925591044,7.684503494165112,12.804078198466929,33.20164019372257,0.6437533704821352,deposition,DDA,4
P03,DEPO-04,75,0.6386289467426327,6.849217675870138,11.761114319707556,36.455881603475135,0.6511411759705519,deposition,DDA,4
P03,DEPO-05,75,0.5989892197622075,9.869593810271772,19.819604907474694,35.55777484986938,0.5140437050258075,deposition,DDA,4
P01,DEPO-01,75,0.7370419688674357,6.752617612687551,12.680962616028092,28.85379893395112,0.7542834839789161,deposition,PFI-SBS,0
P01,DEPO-02,75,0.7196943606627295,8.24942959201825,12.974024825312949,36.81216897858493,0.83746541045856,deposition,PFI-SBS,0
P01,DEPO-03,75,0.6848948785450261,6.384287469200339,11.606326927012617,33.59354124106434,0.693925204419761,deposition,PFI-SBS,0
P01,DEPO-04,75,0.6779763650157191,7.20745125815408,12.215795937531468,36.77936027091535,0.7551954950481039,deposition,PFI-SBS,0
P01,DEPO-05,75,0.6616675859629079,7.797237725856368,14.024896441538672,41.821243295909625,0.6883760096533236,deposition,PFI-SBS,0
P02,DEPO-01,75,0.7223533075691555,5.898395409970184,11.560914961481586,33.51983189888947,0.8034721883495315,deposition,PFI-SBS,0
P02,DEPO-02,75,0.7027320896124631,7.181232406879265,13.413730058962514,32.68164228647652,0.7576197427565237,deposition,PFI-SBS,0
P02,DEPO-03,75,0.7183098944126243,5.379524323312168,9.208869984540968,25.10197327772415,0.6583181007095356,deposition,PFI-SBS,0
P02,DEPO-04,75,0.6183200651916902,10.950744950632792,18.277677113725115,51.85226366540135,0.5838820419098181,deposition,PFI-SBS,0
P02,DEPO-05,75,0.7124438978675154,8.627076913967874,15.94845288785319,31.322067064360027,0.7828054006607563,deposition,PFI-SBS,0
P03,DEPO-01,75,0.7063943678810353,8.306023348096893,20.012897678347915,29.125228392924978,0.6770932339492397,deposition,PFI-SBS,0
P03,DEPO-02,75,0.695580175774511,5.268341511564136,7.861951289302805,35.48670592473102,0.7286773747118322,deposition,PFI-SBS,0
P03,DEPO-03,75,0.6530805901446615,7.4932748132245415,12.775354225511766,32.64032886408793,0.6453499462791246,deposition,PFI-SBS,0
P03,DEPO-04,75,0.6309470848455598,6.994815237752196,12.044313732091043,37.421623862888424,0.6341383498849955,deposition,PFI-SBS,0
P03,DEPO-05,75,0.6052562621562532,9.715350668019324,19.534193923818645,34.592716763921445,0.527938897604729,deposition,PFI-SBS,0
P01,DEPO-01,75,0.7137646422600381,7.350366557446546,13.129720063077162,30.405341563543686,0.7365847963346019,deposition,PFI-SBS,1
P01,DEPO-02,75,0.7369911369866299,7.740383328124792,12.511042546323672,32.47056915345857,0.8488586309953059,deposition,PFI-SBS,1
P01,DEPO-03,75,0.7004624613107122,6.068875510429904,11.039182872956571,31.446907527072664,0.7231070969844076,deposition,PFI-SBS,1
P01,DEPO-04,75,0.6990022832864679,6.736854492479565,11.981692306371958,37.838904963355915,0.764488460113115,deposition,PFI-SBS,1
P01,DEPO-05,75,0.6861905251716736,7.2320799732606975,12.980237034048741,42.876408079072306,0.7330703576192712,deposition,PFI-SBS,1
P02,DEPO-01,75,0.7285948878847226,5.765797724897918,11.912913524779663,31.095957687334515,0.791322520006658,deposition,PFI-SBS,1
P02,DEPO-02,75,0.7066074273659901,7.0876141585222525,13.601355505214634,35.963833393956804,0.7507917004527869,deposition,PFI-SBS,1
P02,DEPO-03,75,0.7357497545242807,5.0464698432118125,8.728901262338503,22.544484434137686,0.693007015049123,deposition,PFI-SBS,1
P02,DEPO-04,75,0.6262872976194558,10.722157795998402,18.251813500042275,54.49630060557335,0.585058854423151,deposition,PFI-SBS,1
P02,DEPO-05,75,0.7153408739880578,8.54016366252057,15.722039698246059,33.08945829401134,0.7889284596519207,deposition,PFI-SBS,1
P03,DEPO-01,75,0.6921678444364634,8.708487820729973,20.714013876058733,31.121412995927194,0.6540719960210539,deposition,PFI-SBS,1
P03,DEPO-02,75,0.7073340085354747,5.0649276727574355,7.363026090045038,35.29091954663684,0.7620213525525533,deposition,PFI-SBS,1
P03,DEPO-03,75,0.651621676233678,7.524786578070428,12.99331885875795,32.57176499539383,0.6331451027673005,deposition,PFI-SBS,1
P03,DEPO-04,75,0.6149779229338743,7.297485484990984,12.85865591386006,39.356034700830605,0.5829924481229471,deposition,PFI-SBS,1
P03,DEPO-05,75,0.600525992782819,9.83177107273084,20.04117018215513,32.902372683906606,0.503117869424744,deposition,PFI-SBS,1
P01,DEPO-01,75,0.7474609728855843,6.485063319948934,12.474515383766997,25.56482620353531,0.7622189336838789,deposition,PFI-SBS,2
P01,DEPO-02,75,0.7257665534838325,8.0707242071916,12.791419106878228,38.25888035120919,0.8420084692074002,deposition,PFI-SBS,2
P01,DEPO-03,75,0.7104706877716227,5.86610065711023,10.682740010060035,30.95481777488849,0.7406995402700949,deposition,PFI-SBS,2
P01,DEPO-04,75,0.7033465976953189,6.639621150108844,11.947402204456592,37.8408915359577,0.7658345402255098,deposition,PFI-SBS,2
P01,DEPO-05,75,0.6840142547767415,7.2822344867539535,13.204108286785804,41.331635141111136,0.7237834396934195,deposition,PFI-SBS,2
P02,DEPO-01,75,0.751951418167383,5.269605784680989,10.286529638677713,36.41819097373894,0.8444115449204698,deposition,PFI-SBS,2
P02,DEPO-02,75,0.7542655978807415,5.936314651935957,10.530084336376797,33.301341652952836,0.8506305380625434,deposition,PFI-SBS,2
P02,DEPO-03,75,0.749773226278927,4.778659203416372,8.384148691635257,21.847614133850517,0.7167778381993055,deposition,PFI-SBS,2
P02,DEPO-04,75,0.608498025241716,11.232548222374373,18.80222876379699,55.97514623404686,0.5596549471850474,deposition,PFI-SBS,2
P02,DEPO-05,75,0.7062093742118489,8.814121162726698,16.3696387704317,33.11458033691296,0.7711820479482207,deposition,PFI-SBS,2
P03,DEPO-01,75,0.6969195889937325,8.574062261683213,21.446130978645286,31.065449505794074,0.6291868701410537,deposition,PFI-SBS,2
P03,DEPO-02,75,0.7156155852614856,4.921605290393372,7.9214485471420275,31.379846617480446,0.7245552339132759,deposition,PFI-SBS,2
P03,DEPO-03,75,0.6789980783503271,6.933470847010775,11.64254452708644,28.242779868455454,0.705456160599019,deposition,PFI-SBS,2
P03,DEPO-04,75,0.5914573452556067,7.743280893694996,13.94763821650094,43.22076719091735,0.5093699804147194,deposition,PFI-SBS,2
P03,DEPO-05,75,0.6201206595886887,9.349511214013646,18.626306260978932,36.29693206383514,0.5707990192896482,deposition,PFI-SBS,2
P01,DEPO-01,75,0.7326077835934779,6.866485051722919,13.406367404302697,26.71493079765903,0.7253673682187736,deposition,PFI-SBS,3
P01,DEPO-02,75,0.7317846629830047,7.893610501210311,12.196296463213715,38.17483107841339,0.8563676405694094,deposition,PFI-SBS,3
P01,DEPO-03,75,0.675485880847332,6.5749214576983865,11.860124886447021,37.31754289008284,0.6803928450344764,deposition,PFI-SBS,3
P01,DEPO-04,75,0.6903394651482399,6.9307434891446045,12.845365884179477,37.698867490955564,0.7293121110208298,deposition,PFI-SBS,3
P01,DEPO-05,75,0.6638420786061427,7.747124182580643,13.849937817596418,45.183933376023866,0.6961024455575506,deposition,PFI-SBS,3
P02,DEPO-01,75,0.7514983284512889,5.279231335334287,10.781507995777721,30.64723002734176,0.82907774118263,deposition,PFI-SBS,3
P02,DEPO-02,75,0.7113782580971855,6.972363090184837,13.857931451906596,32.67944493271359,0.7413008897100425,deposition,PFI-SBS,3
P02,DEPO-03,75,0.7413829423644483,4.93889108768265,8.434749648120842,24.17760716840221,0.7133488533883188,deposition,PFI-SBS,3
P02,DEPO-04,75,0.5748931333190496,12.196703177817653,21.0104897240286,63.401148040928135,0.45014673609685385,deposition,PFI-SBS,3
P02,DEPO-05,75,0.7211293580753159,8.366501211730196,16.072682775309737,30.35562901143648,0.7794085635246112,deposition,PFI-SBS,3
P03,DEPO-01,75,0.6938221410176146,8.661688221115513,20.65402184288064,28.741054737472727,0.6560728512925691,deposition,PFI-SBS,3
P03,DEPO-02,75,0.6953841778184902,5.271733485692344,7.8085265616862705,34.773764144115574,0.7323523114698202,deposition,PFI-SBS,3
P03,DEPO-03,75,0.6210278838267607,8.185596228874827,13.444961887085563,36.7598368107169,0.6071983717769314,deposition,PFI-SBS,3
P03,DEPO-04,75,0.5992376342217618,7.595817802144011,14.145915342206875,41.30142665666216,0.49532141231748394,deposition,PFI-SBS,3
P03,DEPO-05,75,0.6075452396289813,9.659014831154057,19.035288608886667,36.290964700487386,0.551743951517788,deposition,PFI-SBS,3
P01,DEPO-01,75,0.7383637078382879,6.718676082871897,13.111308245532857,27.544670508006785,0.7373230530679726,deposition,PFI-SBS,4
P01,DEPO-02,75,0.7246622874459945,8.10322289309581,14.277965147791218,31.94657985466374,0.8031529164797175,deposition,PFI-SBS,4
P01,DEPO-03,75,0.7044551342981511,5.987980690299337,10.616035025771993,32.625633939391605,0.7439276692714908,deposition,PFI-SBS,4
P01,DEPO-04,75,0.7017454540064338,6.675457541731165,12.370433366595252,36.72523340408674,0.7489583992389561,deposition,PFI-SBS,4
P01,DEPO-05,75,0.6608567366564426,7.815924628263719,14.585658573978407,43.35921210061702,0.6629582938541019,deposition,PFI-SBS,4
P02,DEPO-01,75,0.724672610897521,5.849123553040833,11.113929872310536,35.255530353598616,0.818375300328523,deposition,PFI-SBS,4
P02,DEPO-02,75,0.7575903632891171,5.855996823264938,10.7993383413258,32.42354397053907,0.8428941296239919,deposition,PFI-SBS,4
P02,DEPO-03,75,0.736057949966244,5.0405841381639975,8.68745776058985,21.908227786137058,0.6959152072282626,deposition,PFI-SBS,4
P02,DEPO-04,75,0.5871432629416392,11.845235801948016,19.813192365743937,54.40718587106404,0.5110287001513232,deposition,PFI-SBS,4
P02,DEPO-05,75,0.725950129149491,8.221871476756327,14.242120220656584,33.56487391180451,0.8267946919442051,deposition,PFI-SBS,4
P03,DEPO-01,75,0.7121053482955504,8.144461267965317,20.4385947040243,27.33896040742547,0.6632099450895155,deposition,PFI-SBS,4
P03,DEPO-02,75,0.7370284959469136,4.5510297980302505,6.790485365079714,29.356540039047747,0.7975923380481118,deposition,PFI-SBS,4
P03,DEPO-03,75,0.6564657842530461,7.42015642022136,11.902486769976402,31.15920802511617,0.6921568152886928,deposition,PFI-SBS,4
P03,DEPO-04,75,0.64391272257402,6.749072048561412,13.551457040885522,34.41051524857077,0.5368467082208699,deposition,PFI-SBS,4
P03,DEPO-05,75,0.5935532656420299,10.003382381006984,20.222874987923895,35.39014961867222,0.49406698446271824,deposition,PFI-SBS,4
P01,DEPO-01,75,0.6616166791513937,8.689497568720707,16.487565079450427,31.543828623859042,0.5846225173377166,deposition,NSGA2,0
P01,DEPO-02,75,0.6564676951355392,10.110198168911067,16.865390380290858,38.990323684474355,0.7253439651166078,deposition,NSGA2,0
P01,DEPO-03,75,0.6704422283757006,6.677109981721594,11.388954883307793,36.38689180193486,0.7052826429182663,deposition,NSGA2,0
P01,DEPO-04,75,0.6825788575112429,7.104439439381438,13.528001095269206,39.63747365172337,0.6997775764847343,deposition,NSGA2,0
P01,DEPO-05,75,0.6433831929062754,8.218621410719415,13.833249663390308,41.85388127533259,0.6968343526509657,deposition,NSGA2,0
P02,DEPO-01,75,0.7082706918716228,6.197570001475141,12.163977902553317,31.78540547255463,0.7824340887771876,deposition,NSGA2,0
P02,DEPO-02,75,0.6974384394181588,7.309113456254769,13.289184135368153,37.70105961237702,0.7620998281845276,deposition,NSGA2,0
P02,DEPO-03,75,0.6885670516522002,5.947532722970068,9.353634763837507,28.089812717997383,0.6474910846742241,deposition,NSGA2,0
P02,DEPO-04,75,0.610612216217657,11.17189015774206,17.50733738751807,44.02964857957753,0.6182186940863625,deposition,NSGA2,0
P02,DEPO-05,75,0.6726877834805758,9.819814797369192,17.56170851664962,36.91315582327556,0.7366426571931641,deposition,NSGA2,0
P03,DEPO-01,75,0.6802395532921874,9.04593592767606,21.246996987201662,35.46113244531827,0.6360411300604403,deposition,NSGA2,0
P03,DEPO-02,75,0.6656062433731185,5.7870755090521095,8.94675434238296,39.04268338001508,0.6486367474407425,deposition,NSGA2,0
P03,DEPO-03,75,0.6318511254265691,7.951819964493693,12.299819690965817,35.569586162666496,0.6712607058416153,deposition,NSGA2,0
P03,DEPO-04,75,0.6036821348073262,7.511579311825911,15.64664956152728,38.54562087103362,0.3825589763672076,deposition,NSGA2,0
P03,DEPO-05,75,0.591596196639333,10.051549355729806,20.132155859989492,35.47924318863364,0.4985959996499736,deposition,NSGA2,0
P01,DEPO-01,75,0.6578406615700773,8.786463623400973,16.26019590660159,32.08717920470218,0.5959999192037579,deposition,NSGA2,1
P01,DEPO-02,75,0.6513614801753254,10.26047470596393,16.73487399064773,39.72495626261608,0.72957848421465,deposition,NSGA2,1
P01,DEPO-03,75,0.6530310250161964,7.02987520152671,11.642288148063633,37.69980261360889,0.692025572381757,deposition,NSGA2,1
P01,DEPO-04,75,0.7112231426547024,6.463330320151016,12.98527471695909,38.415575190314335,0.7233834560408812,deposition,NSGA2,1
P01,DEPO-05,75,0.6127851922698271,8.923785548117543,14.474711339688437,48.07251509202461,0.6680662737212484,deposition,NSGA2,1
P02,DEPO-01,75,0.6809219727409822,6.778572994798802,13.272676670953008,32.357618617380126,0.7409660818500639,deposition,NSGA2,1
P02,DEPO-02,75,0.7110181129051039,6.981063276899193,12.211719513781214,36.26176372510998,0.7991130344106039,deposition,NSGA2,1
P02,DEPO-03,75,0.6966065384814207,5.794000120699363,9.01575456111163,27.863863956038788,0.6724983818175565,deposition,NSGA2,1
P02,DEPO-04,75,0.6056764190521889,11.31350267377396,17.676602625526417,45.087516282810846,0.6108006962118461,deposition,NSGA2,1
P02,DEPO-05,75,0.6713085013881566,9.861195149269625,17.31709118281393,38.20361067862219,0.7439281789879983,deposition,NSGA2,1
P03,DEPO-01,75,0.6604125655040749,9.606836010899828,22.194330737964428,37.65906608394742,0.6028621297944045,deposition,NSGA2,1
P03,DEPO-02,75,0.697390856477775,5.237005561819523,7.730091288798981,36.66583155876489,0.7377022539288418,deposition,NSGA2,1
P03,DEPO-03,75,0.6406759703848219,7.761208005122892,11.833084776844611,36.88200023662453,0.6957363433000293,deposition,NSGA2,1
P03,DEPO-04,75,0.5611094602136255,8.318477132522613,17.854455213392953,42.814389441140406,0.19601864684989145,deposition,NSGA2,1
P03,DEPO-05,75,0.6044402133576038,9.735435091104543,19.512139671908827,34.46764940984453,0.5290042169607945,deposition,NSGA2,1
P01,DEPO-01,75,0.6782575697979796,8.262168649398616,15.523633921688683,30.083768788579025,0.6317721012103397,deposition,NSGA2,2
P01,DEPO-02,75,0.6596570858974976,10.016334004799292,15.87487030520512,40.19864518830667,0.7566581970984447,deposition,NSGA2,2
P01,DEPO-03,75,0.6846496735823744,6.389255522284385,10.548566266098039,35.39388086673102,0.7471721917446015,deposition,NSGA2,2
P01,DEPO-04,75,0.6869241957605832,7.007183181672771,13.392362519883944,40.020840077068684,0.7057677583538524,deposition,NSGA2,2
P01,DEPO-05,75,0.634918870465983,8.413690908991091,14.011616144013745,43.926009182770045,0.6889658892225927,deposition,NSGA2,2
P02,DEPO-01,75,0.6996640381102908,6.3804118952379785,12.700019903619692,32.46448020144875,0.7628361957171398,deposition,NSGA2,2
P02,DEPO-02,75,0.6787630210112006,7.760263799731938,13.286806312873878,37.88748432132009,0.7621849551216606,deposition,NSGA2,2
P02,DEPO-03,75,0.6889813447236179,5.939620838205696,9.237718716817835,28.859144485749617,0.6561739658999985,deposition,NSGA2,2
P02,DEPO-04,75,0.5910859525432994,11.732116446410037,18.17036637262275,48.297072890543205,0.5887538690613906,deposition,NSGA2,2
P02,DEPO-05,75,0.6591825360369694,10.224990718082154,18.30087867669246,38.080416628449335,0.7140067478501184,deposition,NSGA2,2
P03,DEPO-01,75,0.6492313376229871,9.923149901646573,22.50981733947113,37.35076363334864,0.5914914628717867,deposition,NSGA2,2
P03,DEPO-02,75,0.6513655050760364,6.033528160145771,9.064587066743137,40.566837610440466,0.6393205798927637,deposition,NSGA2,2
P03,DEPO-03,75,0.6501821491954191,7.5558795967724945,11.565688602903432,33.62056629081831,0.7093320694570775,deposition,NSGA2,2
P03,DEPO-04,75,0.5834574384543951,7.894906494512416,17.418424044558062,41.121551634479445,0.2348078820256898,deposition,NSGA2,2
P03,DEPO-05,75,0.61002481019512,9.597988156765947,18.657322195192055,36.97814758405586,0.5693684454965374,deposition,NSGA2,2
P01,DEPO-01,75,0.6828913830216605,8.14317487440964,15.41568197684594,29.90759775173226,0.6368756360291905,deposition,NSGA2,3
P01,DEPO-02,75,0.6465984777771826,10.400650454917791,16.642263989506322,40.03529531518725,0.7325632024111294,deposition,NSGA2,3
P01,DEPO-03,75,0.6576095162677641,6.937111224253799,11.671793553014533,37.547329283990116,0.6904625763964085,deposition,NSGA2,3
P01,DEPO-04,75,0.6903072472928451,6.931464581006111,13.318327171697895,39.15086868287771,0.7090119021211096,deposition,NSGA2,3
P01,DEPO-05,75,0.6330857425562894,8.455937331446544,13.905662627653959,43.832811139322814,0.6936520805498356,deposition,NSGA2,3
P02,DEPO-01,75,0.7093282662084526,6.175102629148663,12.352692968748643,31.175736888611333,0.7756309759204144,deposition,NSGA2,3
P02,DEPO-02,75,0.7067691348194475,7.083707720038234,13.050930008138629,37.37772825695218,0.7705537105961546,deposition,NSGA2,3
P02,DEPO-03,75,0.6957859988931038,5.809670222651959,9.037708860224738,27.483367198421526,0.6709014388842232,deposition,NSGA2,3
P02,DEPO-04,75,0.546564942005379,13.009464786951066,20.176829808743452,53.21819108803254,0.4929155204008787,deposition,NSGA2,3
P02,DEPO-05,75,0.6763893811451045,9.708761797555816,17.470994543039257,37.95610203705888,0.7393563441141973,deposition,NSGA2,3
P03,DEPO-01,75,0.6669316294903875,9.422413466661608,22.263011447510593,35.38784154460694,0.6004004278763554,deposition,NSGA2,3
P03,DEPO-02,75,0.6703473534713491,5.705025047309172,8.812313390090047,38.04294662055603,0.6591171280968486,deposition,NSGA2,3
P03,DEPO-03,75,0.6267403338764549,8.062210344824619,12.04839021285964,36.511517686851455,0.6845633311763815,deposition,NSGA2,3
P03,DEPO-04,75,0.5856114922423106,7.854079806414469,17.079067700034603,40.558160243251514,0.26433331412503436,deposition,NSGA2,3
P03,DEPO-05,75,0.6105558340104974,9.584918709210825,19.136248259104065,35.935728209460436,0.5469764075186196,deposition,NSGA2,3
P01,DEPO-01,75,0.6651621621146401,8.598451516238548,16.09767710315672,31.37981986872207,0.6040354299611634,deposition,NSGA2,4
P01,DEPO-02,75,0.6599731219272948,10.007033025402237,16.392577374232538,38.71133550472807,0.7405277999897059,deposition,NSGA2,4
P01,DEPO-03,75,0.6831229112505715,6.420188975788311,10.576196616989167,35.93665304724571,0.7458459697931188,deposition,NSGA2,4
P01,DEPO-04,75,0.6537317548028551,7.750087969868397,14.062874972882623,40.12899130086396,0.6755676904223399,deposition,NSGA2,4
P01,DEPO-05,75,0.622882496408335,8.691082214083494,14.561639431502853,45.04643282942406,0.6640674363816906,deposition,NSGA2,4
P02,DEPO-01,75,0.7041749905540352,6.2845800992391725,11.856940698867168,33.89597899953269,0.793278855602352,deposition,NSGA2,4
P02,DEPO-02,75,0.6874102172527161,7.551369655062031,12.992171416003151,38.98196774573196,0.7726151102621472,deposition,NSGA2,4
P02,DEPO-03,75,0.693646106311886,5.850536422641242,8.91081662974103,28.003118848780755,0.6800778549630111,deposition,NSGA2,4
P02,DEPO-04,75,0.583290990169802,11.955761016289824,19.242634345453475,47.37437356319151,0.5387849064337165,deposition,NSGA2,4
P02,DEPO-05,75,0.6866488538223807,9.400963565394377,16.131093278266718,37.29799837956159,0.7778023264490495,deposition,NSGA2,4
P03,DEPO-01,75,0.6655591914233911,9.461239365695011,22.006459867754035,34.28212027362884,0.6095570696492525,deposition,NSGA2,4
P03,DEPO-02,75,0.6968831568321453,5.245791898666285,7.988184939536413,35.812447890639206,0.7198945654115367,deposition,NSGA2,4
P03,DEPO-03,75,0.635180075146853,7.879916420371166,11.789132122353504,36.93699357860702,0.6979924513256777,deposition,NSGA2,4
P03,DEPO-04,75,0.6104929374522092,7.382491302585245,15.26449424361112,37.61150892031378,0.4123515315671684,deposition,NSGA2,4
P03,DEPO-05,75,0.603753940200331,9.75232550313077,19.33338179026803,37.25009986546131,0.5375946168662813,deposition,NSGA2,4
P01,PLAN-01,75,0.6548217955555973,7.860724037924203,13.665520722056584,30.872718381454657,0.5279893090266489,planarization,ALL,0
P01,PLAN-02,75,0.7291000326978956,4.74287094865592,7.694477073822421,34.269722224675384,0.6657870937762848,planarization,ALL,0
P01,PLAN-03,75,0.6533332082126924,6.463545437737262,11.598842157818327,38.5609327660969,0.6075273666725497,planarization,ALL,0
P01,PLAN-04,75,0.7499690924512434,5.925971728411291,10.689032657386045,29.904718217682625,0.8019042950938733,planarization,ALL,0
P01,PLAN-05,75,0.6915799908494704,6.10065176826777,13.769886875832984,31.85367963113908,0.5443879452309905,planarization,ALL,0
P02,PLAN-01,75,0.7142377679275156,6.279043822676462,12.074908494505685,29.236844861984583,0.6685076775290067,planarization,ALL,0
P02,PLAN-02,75,0.6724327537355446,6.807941975823277,11.978526886096086,37.10244668595266,0.5355951041829147,planarization,ALL,0
P02,PLAN-03,75,0.7103465287010708,6.682756569555813,10.536972495277249,34.00641121607083,0.6805564047544177,planarization,ALL,0
P02,PLAN-04,75,0.6865115820067367,5.774555179903563,8.15616434631711,34.7561566183381,0.5886122934320365,planarization,ALL,0
P02,PLAN-05,75,0.7384266188502877,6.1988610321020925,10.43017922181431,28.382979439983313,0.7000599336180973,planarization,ALL,0
P03,PLAN-01,75,0.66505397094315,6.334590922102183,11.391376154840863,32.28798706929166,0.594728435973223,planarization,ALL,0
P03,PLAN-02,75,0.6921792629222483,5.685018398043471,9.217195996164007,36.568625520786284,0.5105929909884936,planarization,ALL,0
P03,PLAN-03,75,0.6583772531909002,9.333356129843365,13.826836559368342,37.209892222052176,0.4761752372068391,planarization,ALL,0
P03,PLAN-04,75,0.7228913982796685,6.325307763862599,10.276063849907827,28.81040374733096,0.7368537899252994,planarization,ALL,0
P03,PLAN-05,75,0.7691770791267314,4.226756925882323,6.371898183432204,23.955909546866057,0.8164943617263728,planarization,ALL,0
P01,PLAN-01,75,0.6757202860267449,7.384803877590498,12.383236749613364,30.774000234686067,0.6124142355910502,planarization,ALL,1
P01,PLAN-02,75,0.7394322262546835,4.561976646067352,7.640951701529917,32.18011153363126,0.6704207159336889,planarization,ALL,1
P01,PLAN-03,75,0.6610389908451254,6.3198723852326655,11.280977016587835,37.713361123299116,0.6287439571520633,planarization,ALL,1
P01,PLAN-04,75,0.731377849828591,6.3666019659205855,12.06667382681846,30.339125572622493,0.7475511489545277,planarization,ALL,1
P01,PLAN-05,75,0.724270210317709,5.454028205311335,13.226131304578939,27.43713188111729,0.5796605793238245,planarization,ALL,1
P02,PLAN-01,75,0.7173123045452947,6.21148713396554,12.254743901878673,28.37370973002691,0.6585601102538312,planarization,ALL,1
P02,PLAN-02,75,0.681017401675301,6.6295243051824535,11.525181930552542,37.466942241175666,0.570082083071797,planarization,ALL,1
P02,PLAN-03,75,0.6947684943872098,7.042166075973509,11.222058304841632,31.319633548180892,0.63766729703713,planarization,ALL,1
P02,PLAN-04,75,0.6749558284112707,5.987415792775777,8.403932774959223,35.91303886495956,0.5632383352835437,planarization,ALL,1
P02,PLAN-05,75,0.7361578180786239,6.2526278971831415,10.217364419953482,28.036737059752458,0.7121748707585566,planarization,ALL,1
P03,PLAN-01,75,0.6645974040628153,6.3432256398316165,12.012444341216849,31.923669392572734,0.5493322058869812,planarization,ALL,1
P03,PLAN-02,75,0.712900818258909,5.302320258719489,8.441782661149649,34.25904854653305,0.5894738055815302,planarization,ALL,1
P03,PLAN-03,75,0.6346306444065566,9.98212896107464,13.816531591837029,43.03169519030291,0.4769557462726378,planarization,ALL,1
P03,PLAN-04,75,0.7182518301743581,6.4312109944924005,10.29731005374841,31.593698880230754,0.7357645328380452,planarization,ALL,1
P03,PLAN-05,75,0.7766820652437958,4.08932797416063,6.076705089302946,23.24310870959028,0.8331031740313093,planarization,ALL,1
P01,PLAN-01,75,0.6675003214718752,7.57199667289272,13.327929571199858,29.120165220537476,0.5510222247713922,planarization,ALL,2
P01,PLAN-02,75,0.7225329724412155,4.857845932299038,7.577641298069519,33.865833380323544,0.6758596598514808,planarization,ALL,2
P01,PLAN-03,75,0.6602170753484342,6.335196864775268,11.204913083017203,37.72906888307933,0.6337335943293579,planarization,ALL,2
P01,PLAN-04,75,0.7163492273519279,6.722794697398417,12.583260342334759,31.079081356115157,0.7254732835808475,planarization,ALL,2
P01,PLAN-05,75,0.6833577529766888,6.263290405611244,14.032992860815812,32.14024402762771,0.5268105317107439,planarization,ALL,2
P02,PLAN-01,75,0.7120268554163858,6.32762412821511,12.351367583079996,29.176948375873245,0.6531546541547144,planarization,ALL,2
P02,PLAN-02,75,0.6793237989790225,6.664723028552536,11.409961412801326,37.14396269784171,0.5786351377165412,planarization,ALL,2
P02,PLAN-03,75,0.70501355834681,6.805796498994126,10.15656993544852,32.74351360786974,0.7032049736294661,planarization,ALL,2
P02,PLAN-04,75,0.6782726033598996,5.9263197558542755,8.533832837385827,34.00475774331171,0.5496318846063601,planarization,ALL,2
P02,PLAN-05,75,0.7297201559085014,6.405189954487322,10.231826982632073,29.74076977146396,0.711359467701512,planarization,ALL,2
P03,PLAN-01,75,0.6588991193888067,6.450993158285769,11.543045095605079,33.03641189007702,0.5838647254328762,planarization,ALL,2
P03,PLAN-02,75,0.6941813071687558,5.648043441504994,8.796366736268018,34.94737250024485,0.5542624774107261,planarization,ALL,2
P03,PLAN-03,75,0.6141649279837322,10.541265674337307,15.305581757329838,43.716158222031225,0.3581403875534199,planarization,ALL,2
P03,PLAN-04,75,0.736329959802376,6.018557857843748,9.639375697307244,29.55479173741915,0.7684518336746091,planarization,ALL,2
P03,PLAN-05,75,0.7597911961404101,4.3986282711017,6.849706179251309,23.946543835194248,0.7879415206574346,planarization,ALL,2
P01,PLAN-01,75,0.6613792693695275,7.711391051734683,13.742019964464388,30.26604208506203,0.5226899094454719,planarization,ALL,3
P01,PLAN-02,75,0.7262136522852947,4.7934052102212865,7.377603467444027,34.99890395759499,0.692747365799541,planarization,ALL,3
P01,PLAN-03,75,0.6614063922897504,6.313022245595753,11.106090404072729,36.765611608254986,0.6401657393770733,planarization,ALL,3
P01,PLAN-04,75,0.7463455636986034,6.011852826695286,11.306484111519984,30.150173887646442,0.7783573137860453,planarization,ALL,3
P01,PLAN-05,75,0.6684511354376019,6.558148326467915,14.174588500833261,35.44684065157153,0.5172132069312891,planarization,ALL,3
P02,PLAN-01,75,0.7244934265678986,6.053696583587701,11.886797327276712,27.780439685078356,0.6787556532554389,planarization,ALL,3
P02,PLAN-02,75,0.6723342701896201,6.809988793000125,11.5670348093529,36.92459070970259,0.5669539809248172,planarization,ALL,3
P02,PLAN-03,75,0.7203919370396443,6.450993358614722,9.532206427211374,30.975901755395324,0.738573643753512,planarization,ALL,3
P02,PLAN-04,75,0.6756217634368299,5.975149060320593,8.642354233079867,36.32094750772736,0.5381047462668427,planarization,ALL,3
P02,PLAN-05,75,0.7352604154954772,6.273894869679829,9.889665639890087,30.014175477107596,0.7303414724026376,planarization,ALL,3
P03,PLAN-01,75,0.6646374066698988,6.342469099584208,11.797873334745283,32.216196985627334,0.5652884243819589,planarization,ALL,3
P03,PLAN-02,75,0.7141279846621,5.2796562119569765,8.252433042501062,32.97104904511875,0.6076835141455039,planarization,ALL,3
P03,PLAN-03,75,0.6218939430314867,10.330103945068961,15.110162872521563,41.39692377728638,0.37442604704909865,planarization,ALL,3
P03,PLAN-04,75,0.741761455934713,5.894578001419321,9.708065970240517,28.14069451095953,0.7651400472672621,planarization,ALL,3
P03,PLAN-05,75,0.7649785034687998,4.303639926382723,6.672886612346276,24.343327308397882,0.7987484434852673,planarization,ALL,3
P01,PLAN-01,75,0.670822476824664,7.496341413947797,12.554753686467437,32.65468231451384,0.6016031842112568,planarization,ALL,4
P01,PLAN-02,75,0.710966554470523,5.060348827812613,8.276000041121781,35.81003386390969,0.6133607272228312,planarization,ALL,4
P01,PLAN-03,75,0.6391850812083977,6.727334943734254,11.639695644950342,41.509839386554745,0.6047577604055594,planarization,ALL,4
P01,PLAN-04,75,0.7466906955656107,6.003672871238935,10.917822184939169,29.6587532499262,0.79333340458327,planarization,ALL,4
P01,PLAN-05,75,0.6831336945139332,6.267722357548373,13.88955177222867,33.37164978602528,0.5364346959947349,planarization,ALL,4
P02,PLAN-01,75,0.7371816839980014,5.774897933887879,11.784125735368226,27.137197354935182,0.6842811492369711,planarization,ALL,4
P02,PLAN-02,75,0.6807092869032079,6.635927959742625,11.240341080870449,35.80410478511127,0.5910700257920236,planarization,ALL,4
P02,PLAN-03,75,0.6820285258600778,7.336096985859831,10.998458309042528,33.76461928918552,0.651962437765357,planarization,ALL,4
P02,PLAN-04,75,0.6595459482345996,6.27127062851584,8.765507175080879,37.413946392570516,0.5248470036100579,planarization,ALL,4
P02,PLAN-05,75,0.7536657261135289,5.837719130877587,9.290962399292336,26.513844324000157,0.7620025267694029,planarization,ALL,4
P03,PLAN-01,75,0.652958761327404,6.563338834858668,11.509186288394961,34.94273106074352,0.5863024148461975,planarization,ALL,4
P03,PLAN-02,75,0.7222969581580521,5.128786699205836,7.976468009277024,34.7689581244742,0.6334832767241787,planarization,ALL,4
P03,PLAN-03,75,0.6310178467309805,10.08083294857599,14.547596799012583,41.09648166285242,0.4201403651304346,planarization,ALL,4
P03,PLAN-04,75,0.711370841514948,6.588277107634365,10.912054382922465,31.452480091174976,0.7032733354054712,planarization,ALL,4
P03,PLAN-05,75,0.7644765072611235,4.312832323478883,6.617076955875639,24.50592764556238,0.8021007590782918,planarization,ALL,4
P01,PLAN-01,75,0.6603630764532169,7.734532756458677,13.486723757754461,30.588184762225058,0.540259896100682,planarization,FILTER,0
P01,PLAN-02,75,0.7201868171051381,4.89892202431682,7.95348456555378,34.449488945976604,0.6429081961044294,planarization,FILTER,0
P01,PLAN-03,75,0.6455928669290691,6.607862830621513,11.481612203823111,43.88428601800264,0.6154207474026036,planarization,FILTER,0
P01,PLAN-04,75,0.7388190253578,6.190238986461179,11.06977244566939,31.562021737231028,0.787540752795615,planarization,FILTER,0
P01,PLAN-05,75,0.6913007399361748,6.106175445485338,13.693705031483589,32.031904361036304,0.5494153433840512,planarization,FILTER,0
P02,PLAN-01,75,0.7271653016984823,5.994987562063128,11.84046072090169,27.777886217531645,0.6812552937680987,planarization,FILTER,0
P02,PLAN-02,75,0.6921121936278543,6.398937454060491,11.483454255447532,34.35139594694541,0.5731895393784544,planarization,FILTER,0
P02,PLAN-03,75,0.6905791622258399,7.138820491672028,10.937316725083129,34.52712982614272,0.6558212368007779,planarization,FILTER,0
P02,PLAN-04,75,0.6841916556910903,5.817288951724433,7.823359804126366,34.805409489318194,0.6214999145596931,planarization,FILTER,0
P02,PLAN-05,75,0.7282344866340007,6.440397884789001,10.580008557928451,31.068427803065372,0.6913807729026313,planarization,FILTER,0
P03,PLAN-01,75,0.6750839711503781,6.144900814593532,11.324264275597786,34.51685310997315,0.5994896546885551,planarization,FILTER,0
P03,PLAN-02,75,0.6972739715215274,5.590926257291252,8.882749732572652,35.27617120927964,0.5454649351703316,planarization,FILTER,0
P03,PLAN-03,75,0.6521087698128865,9.504615181845834,13.672993621213683,38.22125388811349,0.48776695885877497,planarization,FILTER,0
P03,PLAN-04,75,0.7408362882449131,5.915695968652515,9.303808196376083,29.8068983571001,0.7842926077589051,planarization,FILTER,0
P03,PLAN-05,75,0.7776015143986439,4.07249130963638,5.70750629708726,23.300092460005345,0.8527672051760924,planarization,FILTER,0
P01,PLAN-01,75,0.6684244568424162,7.550951389534808,12.643321152019224,31.905147480211888,0.5959623797664455,planarization,FILTER,1
P01,PLAN-02,75,0.7402250282486924,4.54809640243769,7.232357813693682,32.67890378940358,0.704726273196933,planarization,FILTER,1
P01,PLAN-03,75,0.6559988641422623,6.4138447204192905,11.400994498272501,39.40826748509856,0.6208024046217825,planarization,FILTER,1
P01,PLAN-04,75,0.7008044122383565,7.091221688243301,13.133928170278168,34.18330393697605,0.7009198946099167,planarization,FILTER,1
P01,PLAN-05,75,0.7122544203800301,5.691704581537165,12.877958444711966,29.729973849161674,0.6014998399041493,planarization,FILTER,1
P02,PLAN-01,75,0.7361628991646993,5.79728365843863,12.217845790564423,25.947798377614863,0.6606131144800574,planarization,FILTER,1
P02,PLAN-02,75,0.6881840835725177,6.4805767071798,11.152940175338609,35.81201131245017,0.597404690496953,planarization,FILTER,1
P02,PLAN-03,75,0.6838337528612015,7.294447588228933,11.668150703431616,30.98546990668682,0.6082882926975597,planarization,FILTER,1
P02,PLAN-04,75,0.6731018681899568,6.021566322699194,8.126521299853001,36.0902037571258,0.5915971828504416,planarization,FILTER,1
P02,PLAN-05,75,0.7236333130258862,6.549438168842035,10.07982843593553,31.778807588149988,0.7198715477103101,planarization,FILTER,1
P03,PLAN-01,75,0.6851790475964138,5.953979967455704,11.94462680027365,30.814051667936006,0.5544064283942454,planarization,FILTER,1
P03,PLAN-02,75,0.6967661708507574,5.6003046253091835,8.636342697309011,35.00187815770479,0.5703327283686515,planarization,FILTER,1
P03,PLAN-03,75,0.6520832790876041,9.505311605076693,12.995019839222495,39.6148338573315,0.5373055819818146,planarization,FILTER,1
P03,PLAN-04,75,0.7415854905900308,5.898594603408503,9.682397513617866,29.953228096380265,0.7663803607875769,planarization,FILTER,1
P03,PLAN-05,75,0.7936497718953036,3.7786206521396224,5.806420245827153,22.131033806131754,0.8476197478898929,planarization,FILTER,1
P01,PLAN-01,75,0.6520538674851997,7.92375790981435,13.365648319710614,31.896820912370377,0.5484773669216017,planarization,FILTER,2
P01,PLAN-02,75,0.7064201463408832,5.139946574735761,7.699715849472333,37.79220284867996,0.6653318419233305,planarization,FILTER,2
P01,PLAN-03,75,0.629686240916767,6.9044392620170205,11.980699913980915,42.71009935961489,0.5812599668081783,planarization,FILTER,2
P01,PLAN-04,75,0.7094389814443877,6.886574136852189,12.525929648533923,33.03631898532513,0.7279691316900059,planarization,FILTER,2
P01,PLAN-05,75,0.662066264565756,6.6844432250439585,14.561031783545939,33.800002116435266,0.4905298294330068,planarization,FILTER,2
P02,PLAN-01,75,0.7254098931522159,6.033559094447823,12.262791389454165,27.6729896996918,0.6581115271601319,planarization,FILTER,2
P02,PLAN-02,75,0.6758023635133716,6.737910224754693,11.550893054829169,36.45325222155294,0.5681617658597429,planarization,FILTER,2
P02,PLAN-03,75,0.7105989276870417,6.6769333319675255,10.4604478181552,31.587660146348924,0.6851794691183384,planarization,FILTER,2
P02,PLAN-04,75,0.6832894243890529,5.833908335853525,8.307215238590011,34.67422574910045,0.5732335213801218,planarization,FILTER,2
P02,PLAN-05,75,0.7134902352155958,6.789812512391166,10.474599401470316,32.60727238385092,0.6974997163360213,planarization,FILTER,2
P03,PLAN-01,75,0.6661900183943179,6.313105681953168,11.328820941266022,35.06310069972824,0.5991672745556689,planarization,FILTER,2
P03,PLAN-02,75,0.6997777846242792,5.54468433191112,8.643702171287398,33.86417640019799,0.5696001329817086,planarization,FILTER,2
P03,PLAN-03,75,0.6254161223510422,10.233875710123735,14.156272329249596,42.565260717880236,0.4509167647973461,planarization,FILTER,2
P03,PLAN-04,75,0.7560929736835262,5.567445390155267,9.344826491386723,27.545685803739595,0.7823864090229814,planarization,FILTER,2
P03,PLAN-05,75,0.7681529140303663,4.245511115881871,6.351048012730232,24.12768876574232,0.817693333787093,planarization,FILTER,2
P01,PLAN-01,75,0.6586274936634962,7.774057086730121,13.733573272667378,30.530215184388755,0.5232764974687866,planarization,FILTER,3
P01,PLAN-02,75,0.7190355268809918,4.919078619431819,7.483320371605985,36.61417650439037,0.6838787622315416,planarization,FILTER,3
P01,PLAN-03,75,0.6476132050306745,6.570193958296038,11.604914798958852,38.668826450608776,0.6071162964408123,planarization,FILTER,3
P01,PLAN-04,75,0.7280213488330938,6.446154250878889,11.834621575131216,32.19963058722084,0.7571673930280078,planarization,FILTER,3
P01,PLAN-05,75,0.6800786519390861,6.328152129720769,13.593601859540271,34.91935905868659,0.5559789565252238,planarization,FILTER,3
P02,PLAN-01,75,0.721614828641268,6.116947918090834,12.72261552778565,27.63412036374428,0.6319908777382042,planarization,FILTER,3
P02,PLAN-02,75,0.6690774143109648,6.877677141265579,12.303431126754356,37.710419316767926,0.5100605047652188,planarization,FILTER,3
P02,PLAN-03,75,0.7055619167235267,6.793145017456407,10.117652690868844,32.20053186808604,0.7054750934840595,planarization,FILTER,3
P02,PLAN-04,75,0.7003172105634043,5.520251163174486,7.70378126981406,33.60693102113147,0.6329820878755466,planarization,FILTER,3
P02,PLAN-05,75,0.7202101897681928,6.630560587633008,10.316745319307039,32.407527042759526,0.7065484819238108,planarization,FILTER,3
P03,PLAN-01,75,0.6634457756876313,6.365005550677605,11.445972858238738,35.22324828186277,0.5908343471271269,planarization,FILTER,3
P03,PLAN-02,75,0.7042170456584635,5.462697390769204,8.925084467791908,33.25498601635615,0.5411220285528919,planarization,FILTER,3
P03,PLAN-03,75,0.627042539221272,10.189440941048117,14.063058931845102,42.12504183215579,0.45812394567064263,planarization,FILTER,3
P03,PLAN-04,75,0.7454825706673758,5.8096394763695285,9.442886962764778,28.388984663182885,0.7777953652264363,planarization,FILTER,3
P03,PLAN-05,75,0.7626308434118863,4.346629540965343,6.592737770400697,24.490866807359833,0.8035539227230565,planarization,FILTER,3
P01,PLAN-01,75,0.6758705482076839,7.38138196530725,12.266358539325491,30.586623295423372,0.6196961037452369,planarization,FILTER,4
P01,PLAN-02,75,0.7414530767301439,4.526595936696686,7.598350719708064,34.8508348059848,0.6740855109905266,planarization,FILTER,4
P01,PLAN-03,75,0.6377655468083576,6.753801929648266,11.048871182506717,44.5211240303615,0.6438639619835547,planarization,FILTER,4
P01,PLAN-04,75,0.7410258027085562,6.137936251892536,11.286565702397299,31.276662913714638,0.7791375529750595,planarization,FILTER,4
P01,PLAN-05,75,0.6819803203334339,6.2905364877117105,13.519602094592875,33.63280396800341,0.5608000510074108,planarization,FILTER,4
P02,PLAN-01,75,0.7479026335735425,5.539326872879189,11.975579718822985,25.472684936372612,0.673938989598875,planarization,FILTER,4
P02,PLAN-02,75,0.6494591137617369,7.285410983175945,12.186623102531822,38.62411619964588,0.519319255461201,planarization,FILTER,4
P02,PLAN-03,75,0.695079454168021,7.0349917496698575,10.97616321375067,31.552591544910946,0.6533720291249112,planarization,FILTER,4
P02,PLAN-04,75,0.648147010892158,6.481242636724469,8.830993954806662,39.68108223418988,0.5177207819039734,planarization,FILTER,4
P02,PLAN-05,75,0.729411592156873,6.412502410393503,9.807338747249219,30.220970136469095,0.7348123506852917,planarization,FILTER,4
P03,PLAN-01,75,0.6466061047444117,6.683482013851323,11.700080531093743,38.07501488321623,0.5724652218522464,planarization,FILTER,4
P03,PLAN-02,75,0.6930041639549659,5.669783629937579,8.992876446241098,37.84841495966714,0.5341245845250171,planarization,FILTER,4
P03,PLAN-03,75,0.6541534857258173,9.448752210255108,13.312487207330216,39.094698368200085,0.5144222556792566,planarization,FILTER,4
P03,PLAN-04,75,0.7178658478933235,6.440021463398038,10.317171952550527,31.398789401612515,0.7347442120791715,planarization,FILTER,4
P03,PLAN-05,75,0.7415179488629033,4.733242243563162,7.143491403532678,26.56574248197651,0.7693609660380274,planarization,FILTER,4
P01,PLAN-01,75,0.7028450897246434,6.767092232687412,11.852099442930555,26.48421664568994,0.6449495734514783,planarization,TSFGA,0
P01,PLAN-02,75,0.776851636779983,3.906843916212299,6.684166409886257,25.370015074835596,0.7477916248611304,planarization,TSFGA,0
P01,PLAN-03,75,0.6824342599953256,5.920961103330065,10.882803498323069,33.23312409238409,0.6544891598690488,planarization,TSFGA,0
P01,PLAN-04,75,0.7398373127795987,6.16610460030814,11.535125827627672,26.4234307433994,0.7693024810253846,planarization,TSFGA,0
P01,PLAN-05,75,0.7366085543495504,5.2099716003502365,12.590167231212122,25.133863405837875,0.6191118520471572,planarization,TSFGA,0
P02,PLAN-01,75,0.7422413045755243,5.663723062730226,11.878456265779096,25.56444573081033,0.6792063345715615,planarization,TSFGA,0
P02,PLAN-02,75,0.7140940739226458,5.942080526901125,10.65649782683912,29.78115323634948,0.6324478504936717,planarization,TSFGA,0
P02,PLAN-03,75,0.7750973946572876,5.188853275689316,8.083770268022468,25.461785129463717,0.811985900950616,planarization,TSFGA,0
P02,PLAN-04,75,0.7594303341917825,4.431368848371182,6.098858433436886,25.47385622967497,0.769974237779034,planarization,TSFGA,0
P02,PLAN-05,75,0.7355226474590087,6.267680401323137,10.65131987568283,26.93272020981151,0.6872064448956394,planarization,TSFGA,0
P03,PLAN-01,75,0.7234052052744524,5.231036417129121,10.122315228334513,25.87409590951432,0.679997432789113,planarization,TSFGA,0
P03,PLAN-02,75,0.721065259830445,5.151534444272529,8.864521879186244,32.09173344717347,0.547328479218266,planarization,TSFGA,0
P03,PLAN-03,75,0.6687632017030245,9.04960524640456,12.973759562428151,36.66608002255382,0.5388183098858792,planarization,TSFGA,0
P03,PLAN-04,75,0.7626911187982197,5.416835491141077,9.172808323007786,24.196073902198407,0.7903242677544573,planarization,TSFGA,0
P03,PLAN-05,75,0.75802829527581,4.430909958773366,7.396360881203666,22.18960936206262,0.7527433713024376,planarization,TSFGA,0
P01,PLAN-01,75,0.6941651457572882,6.964760113548685,11.837184795732725,28.075557788837624,0.6458426000387678,planarization,TSFGA,1
P01,PLAN-02,75,0.7339530341227896,4.6579054180169015,7.405950080031077,31.460965785336974,0.6903817456869619,planarization,TSFGA,1
P01,PLAN-03,75,0.6849956273056446,5.8732048302021225,10.671231561778578,34.9586908360983,0.6677926854377968,planarization,TSFGA,1
P01,PLAN-04,75,0.7234277566745737,6.555026779999846,11.732718893013333,31.13203204395219,0.7613312369530981,planarization,TSFGA,1
P01,PLAN-05,75,0.7345624590642565,5.2504440549573586,12.324970752533375,26.52382804856121,0.6349887448063467,planarization,TSFGA,1
P02,PLAN-01,75,0.741265729062841,5.68515935034613,11.613534943562714,25.649822282054412,0.6933558810933776,planarization,TSFGA,1
P02,PLAN-02,75,0.7117503500436015,5.990790940893505,10.627862001501606,33.32560800686391,0.6344205469420757,planarization,TSFGA,1
P02,PLAN-03,75,0.7355899252886469,6.100352106640093,8.97149557655458,28.472752678712144,0.768424725817175,planarization,TSFGA,1
P02,PLAN-04,75,0.7118909979732162,5.307058361774508,6.9880809290336625,33.82216643878912,0.698008148328303,planarization,TSFGA,1
P02,PLAN-05,75,0.7029343721970238,7.0399691897962775,11.086142067507314,31.23748869507689,0.6611466209825584,planarization,TSFGA,1
P03,PLAN-01,75,0.703704011963108,5.603630774064878,10.766441259061244,29.054936605010734,0.6379753877330805,planarization,TSFGA,1
P03,PLAN-02,75,0.6908828908789075,5.708960576166577,8.870703482600973,34.75900766573155,0.5466969253633721,planarization,TSFGA,1
P03,PLAN-03,75,0.6310583438325938,10.07972654136185,14.245294232212416,40.43875148356745,0.44398921692785154,planarization,TSFGA,1
P03,PLAN-04,75,0.743961099127852,5.844368732992023,9.531056749562817,27.318523610504375,0.7736264704855645,planarization,TSFGA,1
P03,PLAN-05,75,0.7570917319365867,4.448060012873769,7.232187248822544,23.59515861236831,0.7635980354247867,planarization,TSFGA,1
P01,PLAN-01,75,0.6710233103272434,7.491767843771524,13.270807100502248,29.2080119989506,0.5548625451674976,planarization,TSFGA,2
P01,PLAN-02,75,0.7336370702668795,4.6634372599286795,7.617502059141719,31.812412693472,0.6724405316489834,planarization,TSFGA,2
P01,PLAN-03,75,0.6766387604621211,6.029017240966216,10.767469895756529,34.94936908669936,0.6617736531195402,planarization,TSFGA,2
P01,PLAN-04,75,0.7420580463715356,6.113471089470748,10.960548525904061,29.6612197354981,0.7917126810800373,planarization,TSFGA,2
P01,PLAN-05,75,0.704191448986389,5.851192874224758,13.02845528663719,28.566371923215677,0.5921313596627613,planarization,TSFGA,2
P02,PLAN-01,75,0.7394247932323277,5.725610170843629,11.667237184987917,26.155677717760472,0.6905134131830644,planarization,TSFGA,2
P02,PLAN-02,75,0.7154755311015648,5.913369230446985,10.653088990442846,32.419603724076524,0.632682960521406,planarization,TSFGA,2
P02,PLAN-03,75,0.7813276455589266,5.045111686968836,7.3003412732204795,27.712541214324105,0.8466623447951848,planarization,TSFGA,2
P02,PLAN-04,75,0.7359464173655035,4.86394997663643,6.740417096190672,31.48924176550881,0.7190345515478487,planarization,TSFGA,2
P02,PLAN-05,75,0.7080417470009058,6.918932765872075,10.452850558427391,31.878879562066505,0.6987545998463025,planarization,TSFGA,2
P03,PLAN-01,75,0.7078732642065189,5.524780735187176,10.484642744030701,27.140170998306473,0.6566784851004441,planarization,TSFGA,2
P03,PLAN-02,75,0.7086079046576349,5.381604367503526,8.113045711503938,30.761431091053087,0.6208243973903088,planarization,TSFGA,2
P03,PLAN-03,75,0.591686174005988,11.155399885800277,15.220860532285355,46.637239090455886,0.3652265121716016,planarization,TSFGA,2
P03,PLAN-04,75,0.7544811712666984,5.604236548126114,9.286557163723314,28.056940022748687,0.7850917913415055,planarization,TSFGA,2
P03,PLAN-05,75,0.7573275278143322,4.443742192721486,7.441416138693566,23.543743030769523,0.7497218471247267,planarization,TSFGA,2
P01,PLAN-01,75,0.7091914981019446,6.6225658279387885,11.343161160973258,26.155710187388078,0.6747871702559671,planarization,TSFGA,3
P01,PLAN-02,75,0.7694817195035107,4.035875185181028,6.4079277211140715,25.796849333151112,0.7682070590141549,planarization,TSFGA,3
P01,PLAN-03,75,0.6874199043148062,5.828004583239929,10.487299512297533,34.155139724240136,0.6791460092874921,planarization,TSFGA,3
P01,PLAN-04,75,0.7496776561021259,5.9328790487199425,10.914518726586683,25.07849280775246,0.7934584498886671,planarization,TSFGA,3
P01,PLAN-05,75,0.6948237688671934,6.036488745401014,13.810803289456063,28.622790364308713,0.5416762732650352,planarization,TSFGA,3
P02,PLAN-01,75,0.7221713960232563,6.104718481903866,12.249486249663237,26.566892353259426,0.6588530232866634,planarization,TSFGA,3
P02,PLAN-02,75,0.7054935226150838,6.120828722667629,11.777576373918839,29.714278154599505,0.5510460221689075,planarization,TSFGA,3
P02,PLAN-03,75,0.7873471119800551,4.906233224402434,7.402320594428835,24.98042909715411,0.8423484397786919,planarization,TSFGA,3
P02,PLAN-04,75,0.7394803025193251,4.798854701503737,6.636488751396395,29.338715018612792,0.7276319895773806,planarization,TSFGA,3
P02,PLAN-05,75,0.7276198091071153,6.454964736171088,10.854096462854441,26.732312491637234,0.6751833408484307,planarization,TSFGA,3
P03,PLAN-01,75,0.7065416218158038,5.549965120335621,9.916316245719395,28.69124715801557,0.69288962822234,planarization,TSFGA,3
P03,PLAN-02,75,0.7150372590244112,5.26286318648481,8.719339233454916,30.409128302887765,0.5620347138625902,planarization,TSFGA,3
P03,PLAN-03,75,0.6385282505863192,9.8756438195863,14.100597837015087,39.3359145340307,0.4552271956979721,planarization,TSFGA,3
P03,PLAN-04,75,0.7666337705560886,5.326840140511636,8.917471263285126,24.929087702087322,0.8018349923564192,planarization,TSFGA,3
P03,PLAN-05,75,0.7651420160191297,4.3006457358493,7.339462618678364,22.632770667889694,0.7565328997645475,planarization,TSFGA,3
P01,PLAN-01,75,0.6952190167942742,6.940760367079635,11.538724354020957,28.7367730340099,0.6634767590843539,planarization,TSFGA,4
P01,PLAN-02,75,0.766150765303484,4.094192969653081,6.871386232573914,27.78050867910235,0.7334653244254628,planarization,TSFGA,4
P01,PLAN-03,75,0.6985241046210914,5.620968590956465,9.74850210714137,35.229809291222466,0.7227600050518934,planarization,TSFGA,4
P01,PLAN-04,75,0.7366142036721557,6.242495369895568,11.405499864308641,27.478224467176528,0.7744582744363979,planarization,TSFGA,4
P01,PLAN-05,75,0.6968591844411767,5.996227539084402,13.00639734309554,29.583131715440175,0.5935112818767847,planarization,TSFGA,4
P02,PLAN-01,75,0.7454781474230869,5.592600024743152,11.805683645807223,25.264845007194296,0.6831249388337415,planarization,TSFGA,4
P02,PLAN-02,75,0.7371359635294378,5.463193064112124,9.568225295541808,28.727677416381503,0.7036856043727204,planarization,TSFGA,4
P02,PLAN-03,75,0.7713282247574069,5.275813893828099,7.823931214297989,25.401655184975542,0.8238784335564777,planarization,TSFGA,4
P02,PLAN-04,75,0.7220302767405816,5.120289660393539,7.003937447055518,31.259013273180354,0.6966361058240378,planarization,TSFGA,4
P02,PLAN-05,75,0.7326650422708256,6.335400967415534,11.216419141455061,25.923612232241698,0.653135861788368,planarization,TSFGA,4
P03,PLAN-01,75,0.7121745934814674,5.443432819360903,10.410050935833977,27.42144089637899,0.661546152438037,planarization,TSFGA,4
P03,PLAN-02,75,0.7193281990175573,5.183615527481982,8.92231900136357,32.97127258655067,0.5414063541580181,planarization,TSFGA,4
P03,PLAN-03,75,0.6591015829058886,9.313566969875064,12.948229256535985,38.91758236465536,0.5406315891857711,planarization,TSFGA,4
P03,PLAN-04,75,0.7613288960054441,5.447929720456811,9.488759017300728,25.591311889038394,0.7756312514090377,planarization,TSFGA,4
P03,PLAN-05,75,0.7615770016839101,4.365927160134424,7.4322900250251775,23.04904532367337,0.7503353503196837,planarization,TSFGA,4
P01,PLAN-01,75,0.6949162875586943,6.947654403112225,12.36181916121231,26.68613067050492,0.6137537841851408,planarization,mRMR,0
P01,PLAN-02,75,0.7682241648958975,4.057892239203578,6.637642511699623,28.394273561108395,0.7512903054361488,planarization,mRMR,0
P01,PLAN-03,75,0.689339597305554,5.792212222488463,10.458051787220546,32.72891849858661,0.6809331545042423,planarization,mRMR,0
P01,PLAN-04,75,0.7585494504744855,5.722609033919356,10.603886627645828,26.588170153734154,0.8050476821563737,planarization,mRMR,0
P01,PLAN-05,75,0.7550368408381275,4.845453880302404,12.512178436337496,23.03389410703859,0.6238160000441051,planarization,mRMR,0
P02,PLAN-01,75,0.7310618537874738,5.909368755313628,11.681523102984952,26.34519461555318,0.6897550490982508,planarization,mRMR,0
P02,PLAN-02,75,0.694090100177198,6.357829946594185,10.971417888427643,33.24778402730213,0.6104031114782934,planarization,mRMR,0
P02,PLAN-03,75,0.7505921158447587,5.754228212294915,8.753476646852288,27.69237500440569,0.779543124907554,planarization,mRMR,0
P02,PLAN-04,75,0.7193545661342431,5.169577090661814,7.317897346998753,28.747434998757992,0.6688292288831679,planarization,mRMR,0
P02,PLAN-05,75,0.7443984058914791,6.057339452884269,10.370403483840073,24.931114982248943,0.7034880170980078,planarization,mRMR,0
P03,PLAN-01,75,0.6804431893312708,6.043545814404872,11.151378554749217,29.53261877210495,0.6116253592040091,planarization,mRMR,0
P03,PLAN-02,75,0.7148581957852602,5.266170234017248,8.410659495627906,33.010758732651986,0.5924952815706845,planarization,mRMR,0
P03,PLAN-03,75,0.677154762304564,8.820342340726045,12.714477545656651,35.595181034277815,0.5570676457358622,planarization,mRMR,0
P03,PLAN-04,75,0.7497862282317014,5.711403772260609,9.423694928850182,26.801514353993717,0.7786976793573818,planarization,mRMR,0
P03,PLAN-05,75,0.7957086290588926,3.7409195055521027,5.809831020270911,20.884156158895443,0.8474406746236064,planarization,mRMR,0
P01,PLAN-01,75,0.7232695480047548,6.301967181056546,10.673616128546502,25.952202797853623,0.7120463257358147,planarization,mRMR,1
P01,PLAN-02,75,0.7552308326199341,4.285377309769038,7.183145781310902,27.950792516429367,0.7087309375024432,planarization,mRMR,1
P01,PLAN-03,75,0.695220118657186,5.6825708670015596,10.26019525495472,32.62696266453057,0.6928918416089755,planarization,mRMR,1
P01,PLAN-04,75,0.7418464823667847,6.118485358799265,12.190018776359826,26.203697472243785,0.7423637313967568,planarization,mRMR,1
P01,PLAN-05,75,0.7417855678666287,5.107568527494171,12.591030813764204,23.581781574187772,0.6190595986284815,planarization,mRMR,1
P02,PLAN-01,75,0.7534420067503746,5.4176104141462345,11.252612938421,23.891559396819275,0.7121193074546361,planarization,mRMR,1
P02,PLAN-02,75,0.728588371521608,5.640840588661438,10.231904493405587,30.251866330160365,0.6611535649238862,planarization,mRMR,1
P02,PLAN-03,75,0.7211174442075275,6.434254778646426,9.815843469287534,28.53348316164288,0.7227843524016098,planarization,mRMR,1
P02,PLAN-04,75,0.739031002784773,4.8071309438162775,6.944105080352222,28.883883197965645,0.701797045918098,planarization,mRMR,1
P02,PLAN-05,75,0.7448240633190742,6.047252068497727,10.50656737815056,24.49885245508849,0.695650465911638,planarization,mRMR,1
P03,PLAN-01,75,0.6960839571638326,5.747743334805875,11.460272245831577,25.883011191629755,0.5898113719673398,planarization,mRMR,1
P03,PLAN-02,75,0.7087419207378103,5.379129277980112,8.604660981215142,32.89153323767001,0.5734793446257823,planarization,mRMR,1
P03,PLAN-03,75,0.6736934034469295,8.914908921005729,12.522428949901196,36.312788179419044,0.5703473260744312,planarization,mRMR,1
P03,PLAN-04,75,0.7550227750697702,5.5918738472960445,9.02166474810901,26.64430587994062,0.797177141079777,planarization,mRMR,1
P03,PLAN-05,75,0.778408951943048,4.057705766588419,6.179667574253449,21.504687627053073,0.8273995258310494,planarization,mRMR,1
P01,PLAN-01,75,0.6837128419173142,7.202789847143307,12.82103609666811,26.821995310240865,0.5845242206295931,planarization,mRMR,2
P01,PLAN-02,75,0.7417372203445681,4.521621198207348,7.07569706494648,29.593478546059337,0.7173796310926375,planarization,mRMR,2
P01,PLAN-03,75,0.664731286016315,6.25103014774727,11.154791905688683,35.800067455853615,0.6370029896413941,planarization,mRMR,2
P01,PLAN-04,75,0.7394513013730362,6.175253439963847,11.779819742891965,25.929706296572586,0.7594111251505684,planarization,mRMR,2
P01,PLAN-05,75,0.7354221696160579,5.233438690381658,13.10414905551396,23.187152879073547,0.5873782560190135,planarization,mRMR,2
P02,PLAN-01,75,0.7379163566626902,5.758754996371445,11.769176117283784,24.681741444580712,0.6850816977840732,planarization,mRMR,2
P02,PLAN-02,75,0.7297153222259695,5.617418787207235,10.223501128645763,29.87864249286327,0.661709919002761,planarization,mRMR,2
P02,PLAN-03,75,0.7232427822193401,6.385219921590253,9.287243499449643,30.96755338570032,0.7518374992425718,planarization,mRMR,2
P02,PLAN-04,75,0.7456793303568006,4.684666660559814,6.536771732311306,27.77881147934249,0.7357554662938142,planarization,mRMR,2
P02,PLAN-05,75,0.7556808423655691,5.78996417372169,9.88349807091518,25.300572081797462,0.7306777060088021,planarization,mRMR,2
P03,PLAN-01,75,0.6907110612033789,5.849357012902989,11.034163090936156,28.3917268128018,0.6197470919245576,planarization,mRMR,2
P03,PLAN-02,75,0.7262837944060094,5.055155410960629,8.18969433113194,30.752950881080306,0.6136259724372699,planarization,mRMR,2
P03,PLAN-03,75,0.6583853734762457,9.33313427835451,13.546071197173735,38.26306494507019,0.49723264116246935,planarization,mRMR,2
P03,PLAN-04,75,0.7609371932203217,5.456870766142433,8.847017124274677,25.55720612093285,0.8049539016737501,planarization,mRMR,2
P03,PLAN-05,75,0.7836028023536307,3.9625976070006628,6.321021328788971,21.372477901786844,0.8194130891435542,planarization,mRMR,2
P01,PLAN-01,75,0.712569132524721,6.545647147220884,11.506477413879837,25.95032803754176,0.6653550743650698,planarization,mRMR,3
P01,PLAN-02,75,0.7512394976195562,4.355256929940918,6.83399445658696,28.39910885826058,0.7363582162454313,planarization,mRMR,3
P01,PLAN-03,75,0.6922818572769529,5.7373542682069925,10.184273858814429,33.098812856599935,0.697419984529782,planarization,mRMR,3
P01,PLAN-04,75,0.7455670423990632,6.030304526352219,11.477688776135341,24.513161820675013,0.7715941934938599,planarization,mRMR,3
P01,PLAN-05,75,0.7142937165910339,5.651366614911885,13.244854461322214,26.5199544525162,0.5784696564162053,planarization,mRMR,3
P02,PLAN-01,75,0.7444895563656193,5.614322302482677,11.409186087063759,24.605379153002563,0.7040522073389678,planarization,mRMR,3
P02,PLAN-02,75,0.7014946617035094,6.203938415000568,11.258208169651452,30.359869826766182,0.5897689629438547,planarization,mRMR,3
P02,PLAN-03,75,0.721179752946137,6.432817219032811,9.568349078671716,29.631624064923294,0.7365874184968839,planarization,mRMR,3
P02,PLAN-04,75,0.7378376679618716,4.829112546285216,6.775563083545157,28.401140159640125,0.7160968838498942,planarization,mRMR,3
P02,PLAN-05,75,0.7539297840939923,5.831461388908144,10.113315941099742,24.715048184427417,0.7180071537588733,planarization,mRMR,3
P03,PLAN-01,75,0.6958307356563151,5.752532329221834,11.175122067053183,26.449101430512513,0.609969744143531,planarization,mRMR,3
P03,PLAN-02,75,0.720542708873904,5.161185229434219,8.478836390139097,30.833765010916274,0.5858620304078239,planarization,mRMR,3
P03,PLAN-03,75,0.6745408014922629,8.891757454030232,12.654180085017199,36.02027536003059,0.5612588311736824,planarization,mRMR,3
P03,PLAN-04,75,0.7618320084314674,5.436445627524782,9.22401366870083,24.696003948172443,0.7879767891646619,planarization,mRMR,3
P03,PLAN-05,75,0.7685538711543735,4.238168914793404,6.810251097448543,22.181829281924585,0.790377446409132,planarization,mRMR,3
P01,PLAN-01,75,0.7134700792177048,6.52512993832635,11.681999392287128,24.667577170867798,0.6550677320205427,planarization,mRMR,4
P01,PLAN-02,75,0.7650938919381886,4.112696530323792,6.855509827670954,27.157808893841036,0.7346955634765496,planarization,mRMR,4
P01,PLAN-03,75,0.6989516629940256,5.612996835264213,10.207605484087145,31.32235214451942,0.6960320072793378,planarization,mRMR,4
P01,PLAN-04,75,0.7398956861860568,6.164721094725762,11.787505521745896,25.905834051312908,0.7590970768617464,planarization,mRMR,4
P01,PLAN-05,75,0.7272658030369987,5.394774371326054,12.683898607678573,25.19988851707345,0.6134194630729721,planarization,mRMR,4
P02,PLAN-01,75,0.7501165990032603,5.490679485664064,11.765096139931371,23.51747873953859,0.6853000030960703,planarization,mRMR,4
P02,PLAN-02,75,0.7333563785813838,5.541745469190722,10.200827886032565,28.754173633057317,0.6632087456253597,planarization,mRMR,4
P02,PLAN-03,75,0.7711417431653939,5.280116314505255,7.860483293479804,26.010241163189562,0.8222289693740693,planarization,mRMR,4
P02,PLAN-04,75,0.7446449961959203,4.703719420864952,6.6134849719577335,27.40557501576644,0.7295169124529557,planarization,mRMR,4
P02,PLAN-05,75,0.7702226919988799,5.445346137167636,9.268195280264171,22.88152609029071,0.7631675035808937,planarization,mRMR,4
P03,PLAN-01,75,0.7002262862423472,5.669402474187208,11.010998811537144,27.03502732178481,0.6213419639257036,planarization,mRMR,4
P03,PLAN-02,75,0.7262025266447593,5.056656312824036,8.552759243942056,30.768196603238906,0.5786092153762781,planarization,mRMR,4
P03,PLAN-03,75,0.6835836291565627,8.644701507668229,12.175434348001277,35.11385015814849,0.5938286439380087,planarization,mRMR,4
P03,PLAN-04,75,0.7447350778286763,5.826701820254578,9.489650433213964,26.690389034833352,0.7755890930472794,planarization,mRMR,4
P03,PLAN-05,75,0.7557247821968518,4.4730911677430445,7.659305691527468,23.144390705731553,0.7348506519816633,planarization,mRMR,4
P01,PLAN-01,75,0.7191262551195559,6.3963221593242725,11.332218107113095,24.487235808287775,0.6754143507774852,planarization,MI,0
P01,PLAN-02,75,0.770642476932072,4.015552839847482,6.562125430202011,28.528854246250845,0.7569172999355616,planarization,MI,0
P01,PLAN-03,75,0.7110664544331828,5.3871185371671,9.979958351666827,29.988320059216168,0.7094388402729481,planarization,MI,0
P01,PLAN-04,75,0.7921275926568921,4.926774937981779,8.793790354880453,25.017921654710307,0.8659241783940148,planarization,MI,0
P01,PLAN-05,75,0.7456062151426925,5.031994836199485,12.711812237786228,22.61942859033138,0.6117160846003955,planarization,MI,0
P02,PLAN-01,75,0.7246627793399818,6.04997540087685,12.003485536198228,27.49640944386792,0.6724176268608337,planarization,MI,0
P02,PLAN-02,75,0.6930445441799049,6.379560094047021,11.239194346835657,33.19941058631978,0.5911534592031086,planarization,MI,0
P02,PLAN-03,75,0.7932832044856277,4.769278327880009,7.004007514057897,24.078408601203392,0.858858184670844,planarization,MI,0
P02,PLAN-04,75,0.7326448755728342,4.92476541403781,6.798389615529217,28.643272641648103,0.7141807508996276,planarization,MI,0
P02,PLAN-05,75,0.7451506413706203,6.039512703166398,10.49264803007625,24.259823839062893,0.6964563506012073,planarization,MI,0
P03,PLAN-01,75,0.6901427762527315,5.860104573337354,10.57706486470617,28.41200314432063,0.6505990495983385,planarization,MI,0
P03,PLAN-02,75,0.7315178350171543,4.9584900028632255,8.05803419933044,29.735260582246454,0.6259490584415398,planarization,MI,0
P03,PLAN-03,75,0.6708105441939939,8.993670514989686,12.974984157922453,36.43676319237342,0.5387312437319247,planarization,MI,0
P03,PLAN-04,75,0.7454408807190664,5.810591095164757,9.978521875964555,25.096736160807946,0.7518718949145135,planarization,MI,0
P03,PLAN-05,75,0.7954067202914508,3.7464479642031834,5.8511599537927665,20.832171508229205,0.8452624562590194,planarization,MI,0
P01,PLAN-01,75,0.7208672910957886,6.3566736439399,10.984479733887522,25.863040400654953,0.695029066431744,planarization,MI,1
P01,PLAN-02,75,0.7551413531431399,4.286943901360814,6.980978555025032,29.135406691864183,0.7248955567752573,planarization,MI,1
P01,PLAN-03,75,0.7218221732722996,5.186579924646028,9.604803434714288,29.917898536935994,0.7308731271417221,planarization,MI,1
P01,PLAN-04,75,0.806501320441478,4.586103837283053,8.212770014379922,23.511397459501524,0.8830560997865097,planarization,MI,1
P01,PLAN-05,75,0.754102838265675,4.863928766094972,11.838349167249902,23.211404707528477,0.6632429070485897,planarization,MI,1
P02,PLAN-01,75,0.7356483763830031,5.808589250050948,11.78049837915538,25.839029651449735,0.6844754866873046,planarization,MI,1
P02,PLAN-02,75,0.7436700718255774,5.3273924593472906,10.234365274516813,27.6901019260176,0.6609905596543211,planarization,MI,1
P02,PLAN-03,75,0.7624691173210751,5.480207295899389,8.279037245942796,25.61235480630196,0.8027930732843025,planarization,MI,1
P02,PLAN-04,75,0.7171094686427367,5.210932492025463,7.388968043368484,30.044378955202145,0.6623653968663521,planarization,MI,1
P02,PLAN-05,75,0.7505886621884511,5.910640509859703,10.158250429814188,23.48643817868563,0.7154957412480447,planarization,MI,1
P03,PLAN-01,75,0.6965358901007532,5.7391962554818505,10.711149236607596,27.19207802543958,0.6416842591744606,planarization,MI,1
P03,PLAN-02,75,0.7235507213446553,5.105631447060404,7.883218083115601,30.612323681316784,0.6420028064686798,planarization,MI,1
P03,PLAN-03,75,0.6561991321622778,9.392863816154996,13.575034343098908,37.734952413819265,0.4950803873412466,planarization,MI,1
P03,PLAN-04,75,0.7353471789318935,6.040990909115514,10.013228180433181,27.027309268512916,0.7501428641637851,planarization,MI,1
P03,PLAN-05,75,0.797972626254789,3.6994618990382877,5.832265724896732,19.719226133156706,0.8462601818921254,planarization,MI,1
P01,PLAN-01,75,0.7030411898926701,6.762626454475463,12.157680191002592,25.634618918401053,0.6264051374668245,planarization,MI,2
P01,PLAN-02,75,0.7549564463773466,4.29018121783754,6.755387086404609,29.187356910443167,0.7423883640387994,planarization,MI,2
P01,PLAN-03,75,0.6837273714492601,5.896851252497591,10.768839598281975,32.344593522073225,0.6616875978156205,planarization,MI,2
P01,PLAN-04,75,0.770088158558516,5.449130612556501,9.717838449541016,25.77997038368084,0.8362664788912807,planarization,MI,2
P01,PLAN-05,75,0.742974560325192,5.084049855781628,12.433054724963338,24.135679396238913,0.6285587330787242,planarization,MI,2
P02,PLAN-01,75,0.737767593348615,5.762023767620573,11.85655494749114,25.56078212239759,0.6803881930518949,planarization,MI,2
P02,PLAN-02,75,0.7141700120395693,5.940502279076704,10.937473168618098,31.294539691995908,0.6128101474995193,planarization,MI,2
P02,PLAN-03,75,0.7797421626477925,5.081691246304982,7.324150843401931,25.83411433995289,0.8456605129316865,planarization,MI,2
P02,PLAN-04,75,0.7309885600208669,4.955275267037781,6.848161759666668,28.97833964070585,0.7099803703586471,planarization,MI,2
P02,PLAN-05,75,0.7588824593662112,5.714091090697095,10.142778429679456,24.315882274711107,0.7163617363794024,planarization,MI,2
P03,PLAN-01,75,0.6946362476188682,5.775122813724299,10.898147861430616,26.98356153617335,0.6290638684779857,planarization,MI,2
P03,PLAN-02,75,0.7295002698794835,4.995751608549044,7.870766851704829,27.164584569558713,0.643132798212382,planarization,MI,2
P03,PLAN-03,75,0.6412529100612654,9.801204346659645,14.599535203018075,39.819936062766104,0.41599249839734564,planarization,MI,2
P03,PLAN-04,75,0.7517970566374286,5.665504408445918,9.58720163621432,26.124605162109678,0.7709516042568333,planarization,MI,2
P03,PLAN-05,75,0.7839700390414277,3.9558728839631416,6.64869184946273,21.06408055858288,0.8002052061912992,planarization,MI,2
P01,PLAN-01,75,0.7055385566229535,6.705754060924862,11.739792778267915,26.43269089075356,0.6516463802588515,planarization,MI,3
P01,PLAN-02,75,0.7432604368392548,4.494952980661545,7.0642438575681545,30.268642707091807,0.7182938279337401,planarization,MI,3
P01,PLAN-03,75,0.7119824541725492,5.370039872360975,9.718038597673072,30.672074918048587,0.7244900158678242,planarization,MI,3
P01,PLAN-04,75,0.7749604127344716,5.333653527009721,9.456802282974383,25.19270163727904,0.8449446092566895,planarization,MI,3
P01,PLAN-05,75,0.7357192470292407,5.227562398985914,12.755989939337034,24.761404760568777,0.6090125679651095,planarization,MI,3
P02,PLAN-01,75,0.7421998477616354,5.664633991894201,11.573348386184165,24.941903878098547,0.6954743834824093,planarization,MI,3
P02,PLAN-02,75,0.7089031352504438,6.049965578545996,11.224322343663713,29.100032707436714,0.592234736741647,planarization,MI,3
P02,PLAN-03,75,0.7801588533380471,5.072077543298821,7.421439597884698,24.877124619715506,0.8415330108313688,planarization,MI,3
P02,PLAN-04,75,0.7371016098752292,4.8426709675632305,7.0786183306814365,28.497290402068913,0.6901322590486985,planarization,MI,3
P02,PLAN-05,75,0.7469310226708223,5.997320580192735,10.718678128128978,23.933145852709696,0.6832377635106741,planarization,MI,3
P03,PLAN-01,75,0.7223039815857706,5.251863060756365,9.742443972749236,26.193830323350298,0.7035649310517019,planarization,MI,3
P03,PLAN-02,75,0.7408739844184786,4.785695011900881,7.4169901191788385,28.612051502525155,0.6830958396648833,planarization,MI,3
P03,PLAN-03,75,0.6341414746014891,9.995493399014753,15.321012787886794,39.39159626650794,0.3568454941847201,planarization,MI,3
P03,PLAN-04,75,0.7524307360186167,5.651039981557887,9.52078393297524,24.811473499772323,0.7741141898585058,planarization,MI,3
P03,PLAN-05,75,0.7675936027506784,4.255753048598956,7.026902348200316,22.806724139701238,0.7768280572956278,planarization,MI,3
P01,PLAN-01,75,0.71984466604157,6.379961827382474,11.243536382333094,25.156880165291913,0.6804746461779223,planarization,MI,4
P01,PLAN-02,75,0.7487788101874816,4.398338230583138,7.227702204751354,29.947834594045165,0.7051062976881366,planarization,MI,4
P01,PLAN-03,75,0.7209478159156915,5.202882174059995,9.634063244573127,29.75953040599133,0.7292309080862596,planarization,MI,4
P01,PLAN-04,75,0.7892326583556074,4.995387650678813,9.246451952507256,23.50310580736707,0.85176577539378,planarization,MI,4
P01,PLAN-05,75,0.743803429865027,5.067654536821017,11.922713330850943,25.17275213615337,0.6584261102745492,planarization,MI,4
P02,PLAN-01,75,0.7473010483891868,5.552545483709064,11.645278820371011,24.491790737398556,0.6916772575726046,planarization,MI,4
P02,PLAN-02,75,0.7308812311207524,5.593187304373417,10.534539390629266,27.816031243476587,0.6408126209328362,planarization,MI,4
P02,PLAN-03,75,0.7911008948872055,4.819627608143286,7.107079288727183,24.260961552493693,0.8546735002771699,planarization,MI,4
P02,PLAN-04,75,0.7297192062047659,4.978657163252056,7.122919261016222,28.132473426546728,0.6862415604588796,planarization,MI,4
P02,PLAN-05,75,0.7659984653002309,5.545453396392281,9.626755750723012,22.88469654938078,0.7444882670701595,planarization,MI,4
P03,PLAN-01,75,0.7127549915796985,5.432456171766026,10.174666802746842,26.478574471467436,0.676678832391389,planarization,MI,4
P03,PLAN-02,75,0.7461128535520201,4.688940427749512,7.627761030491645,26.790149372957245,0.6648287979020819,planarization,MI,4
P03,PLAN-03,75,0.659634173857876,9.299016237896996,13.583616275596125,38.01358146248198,0.4944417803793315,planarization,MI,4
P03,PLAN-04,75,0.7387979372295945,5.9622235662176175,10.202641884396078,26.442751069729376,0.7406006894149209,planarization,MI,4
P03,PLAN-05,75,0.7828612726817132,3.976176265760661,6.676908898797149,21.909080336038937,0.7985057493024117,planarization,MI,4
P01,PLAN-01,75,0.7325859548987564,6.089805165390936,11.026778932596349,22.66317069335978,0.6926757708293634,planarization,DDA,0
P01,PLAN-02,75,0.7605804792723536,4.191716598230305,6.842244165698345,27.8635679622508,0.7357213176339035,planarization,DDA,0
P01,PLAN-03,75,0.7011516836012477,5.571977812111102,10.501372574306343,29.232306581948915,0.6782843141024817,planarization,DDA,0
P01,PLAN-04,75,0.781461673460792,5.179567427651415,9.185930431858866,23.689204699409785,0.8536999227313824,planarization,DDA,0
P01,PLAN-05,75,0.7470041544909226,5.004343124560543,12.502933711722,22.939874215354113,0.6243716878856971,planarization,DDA,0
P02,PLAN-01,75,0.7493295585546381,5.507973098718793,11.593850272750027,23.84827708437044,0.6943945093779185,planarization,DDA,0
P02,PLAN-02,75,0.7067167103095434,6.095406794973738,11.122677659305973,31.46804364572494,0.5995865398261864,planarization,DDA,0
P02,PLAN-03,75,0.7772787281071418,5.138526516693352,7.983695902634998,24.00177868970186,0.8166121896516673,planarization,DDA,0
P02,PLAN-04,75,0.749580406885944,4.612807604895914,6.852813767878894,26.62301927994682,0.7095862114593323,planarization,DDA,0
P02,PLAN-05,75,0.7717279131550567,5.409674859269601,10.000888139052512,22.58684201129745,0.7242420253548669,planarization,DDA,0
P03,PLAN-01,75,0.7202025655121761,5.291605616358037,10.087851439538463,25.14979884942843,0.6821727703650178,planarization,DDA,0
P03,PLAN-02,75,0.7240936561824567,5.095604200127199,8.426060120732387,29.594235990977857,0.5910015644170965,planarization,DDA,0
P03,PLAN-03,75,0.677151037065555,8.820444116684065,12.90370422378605,34.06295101137522,0.5437854145657816,planarization,DDA,0
P03,PLAN-04,75,0.7408752180413707,5.914807353350607,9.7743197364352,24.86190934838832,0.7619234533280937,planarization,DDA,0
P03,PLAN-05,75,0.7819677531707994,3.992538114778419,6.34197445801299,21.56392750668261,0.8182138739802469,planarization,DDA,0
P01,PLAN-01,75,0.751942266724812,5.649004953507515,10.037534691826984,21.392493210558193,0.7453441930191471,planarization,DDA,1
P01,PLAN-02,75,0.7638298131703962,4.134827808242658,6.517813240319179,26.828283379567914,0.7601891539497198,planarization,DDA,1
P01,PLAN-03,75,0.7254399727031615,5.119126648012763,9.682701686252173,27.251777053383986,0.7264900020362656,planarization,DDA,1
P01,PLAN-04,75,0.7562300807316553,5.777580315904019,10.481572770292694,25.793791333069255,0.8095192207302856,planarization,DDA,1
P01,PLAN-05,75,0.7286380730171249,5.367630408442919,12.764946215057995,25.680765823502515,0.6084633325697026,planarization,DDA,1
P02,PLAN-01,75,0.7477210040057204,5.543317813205969,11.775940183082884,23.960656036097046,0.6847196095261365,planarization,DDA,1
P02,PLAN-02,75,0.7446528656332989,5.306966719919837,9.907943374594181,25.984718835268154,0.6822708966071299,planarization,DDA,1
P02,PLAN-03,75,0.7723473041389968,5.252302145801471,8.72388968271325,22.57868543138421,0.7810309054918775,planarization,DDA,1
P02,PLAN-04,75,0.7743220479489415,4.157058800923459,6.178446984485824,24.479490074341868,0.7639315099839006,planarization,DDA,1
P02,PLAN-05,75,0.7816312298206526,5.174982462447338,10.03868668609363,21.0239576146128,0.7221536211914121,planarization,DDA,1
P03,PLAN-01,75,0.7357613359840833,4.997353893273161,9.664123709478671,22.704881436060763,0.7083119024660093,planarization,DDA,1
P03,PLAN-02,75,0.7482307279926005,4.649826249563381,7.633834299041365,26.191400631867,0.6642948548263502,planarization,DDA,1
P03,PLAN-03,75,0.6902193277239234,8.46340989732333,12.36472528744822,33.85098080829875,0.5811010129132372,planarization,DDA,1
P03,PLAN-04,75,0.7442038923922789,5.838826710438559,10.021318903004145,23.97595472015876,0.7497389302013417,planarization,DDA,1
P03,PLAN-05,75,0.7844623682336933,3.946857506220975,6.361251364451481,20.220884669301135,0.8171070893603422,planarization,DDA,1
P01,PLAN-01,75,0.7169058190856505,6.446888025539629,11.865555340706605,23.113994949765626,0.6441429257734566,planarization,DDA,2
P01,PLAN-02,75,0.7317702808412152,4.69612069441713,7.166470026174354,30.84943333690052,0.7100817366563257,planarization,DDA,2
P01,PLAN-03,75,0.6811266914337067,5.945340504562604,10.825861616568575,31.753061737040245,0.6580953202420476,planarization,DDA,2
P01,PLAN-04,75,0.7801311334702556,5.211102498434221,9.364422798560172,24.139687057468624,0.8479591535810267,planarization,DDA,2
P01,PLAN-05,75,0.7365242149976838,5.211639861166118,12.562391224565864,24.251851562681047,0.6207906036329022,planarization,DDA,2
P02,PLAN-01,75,0.7466775179472535,5.56624629693857,11.60099991295609,24.542227920362095,0.6940174744913632,planarization,DDA,2
P02,PLAN-02,75,0.7344475287778911,5.5190677219206785,10.49685233828269,28.537782281849257,0.6433779917436984,planarization,DDA,2
P02,PLAN-03,75,0.7779683720984127,5.122615356048002,7.557714272827607,25.99348838115811,0.8356599441866195,planarization,DDA,2
P02,PLAN-04,75,0.7362752868789519,4.857892096844403,6.814482242107168,28.17540019958637,0.7128260105583355,planarization,DDA,2
P02,PLAN-05,75,0.7636844573728292,5.60029159707653,9.878366266121636,23.323985465912774,0.7309573136160135,planarization,DDA,2
P03,PLAN-01,75,0.7028733518325496,5.619340445671385,10.31465218146649,27.078441106607553,0.6677209790704881,planarization,DDA,2
P03,PLAN-02,75,0.732954645101634,4.931954130581499,7.8501715923618685,26.529599027694474,0.6449979675707103,planarization,DDA,2
P03,PLAN-03,75,0.6727833048253156,8.939773408596626,13.24043195006959,36.66978163446255,0.5196645127331772,planarization,DDA,2
P03,PLAN-04,75,0.7646615962740468,5.371857181557799,9.239620119053072,23.95937325329405,0.7872587223701537,planarization,DDA,2
P03,PLAN-05,75,0.7723105401804633,4.169377969924499,7.019176410562562,21.205268548256395,0.7773185336272942,planarization,DDA,2
P01,PLAN-01,75,0.7190237932826968,6.398655517032252,11.455145011859093,24.611808455158293,0.6683342329604605,planarization,DDA,3
P01,PLAN-02,75,0.7478541432596173,4.414527143239814,6.866898763616986,28.73069540657525,0.7338133402368433,planarization,DDA,3
P01,PLAN-03,75,0.704967870003057,5.500825642963896,10.706714120456143,29.042182268014955,0.6655797894499978,planarization,DDA,3
P01,PLAN-04,75,0.78126050709122,5.184335263078154,9.36578403187038,23.572822291957536,0.8479149483776915,planarization,DDA,3
P01,PLAN-05,75,0.7268840506029584,5.402325563183494,12.927196554887043,25.229462214247306,0.5984467309053143,planarization,DDA,3
P02,PLAN-01,75,0.7544216050899348,5.396085733091952,11.374209451276812,23.060768076654874,0.7058639739944439,planarization,DDA,3
P02,PLAN-02,75,0.7052257017128759,6.126394935965622,11.21243520750168,29.351973128175445,0.5930979682778295,planarization,DDA,3
P02,PLAN-03,75,0.7677873403817574,5.357507609485276,8.309917195255085,25.33157111880734,0.8013192069956181,planarization,DDA,3
P02,PLAN-04,75,0.7356871597384788,4.868725583603504,6.941740889603826,28.541506364267523,0.7020000637709001,planarization,DDA,3
P02,PLAN-05,75,0.770062111775005,5.449151625661647,9.516300228487978,23.01113499270832,0.7503180132160887,planarization,DDA,3
P03,PLAN-01,75,0.7185625306540498,5.322622404207325,10.135696669371958,24.969436709640462,0.6791508031794848,planarization,DDA,3
P03,PLAN-02,75,0.7452682006655824,4.7045399849624046,7.58829829724169,28.57651019138806,0.6682878881628778,planarization,DDA,3
P03,PLAN-03,75,0.6430566275548745,9.751925608979777,14.16919816406576,37.17918589236305,0.4499135911838109,planarization,DDA,3
P03,PLAN-04,75,0.7402086794832625,5.930021826991418,10.164694707792775,24.52286302236125,0.7425266936621557,planarization,DDA,3
P03,PLAN-05,75,0.7851219047894118,3.9347802796864144,6.5627661672445905,20.097942331891964,0.8053360110274499,planarization,DDA,3
P01,PLAN-01,75,0.7338895866118209,6.060117632946699,10.770610174264917,22.491105679829573,0.7067891206224459,planarization,DDA,4
P01,PLAN-02,75,0.7743631172241842,3.950412496983659,6.531626401073601,25.066049540174472,0.7591716176154855,planarization,DDA,4
P01,PLAN-03,75,0.7190615900804942,5.238050545188868,9.90367503972122,28.516684277294154,0.713863759932487,planarization,DDA,4
P01,PLAN-04,75,0.7533249192898225,5.846435421616959,10.751032558839691,24.47716557824245,0.7995995900478294,planarization,DDA,4
P01,PLAN-05,75,0.7153698267006103,5.630080794121855,12.924282352495716,26.881020452424885,0.5986277563257956,planarization,DDA,4
P02,PLAN-01,75,0.7509084756704028,5.473279606543994,12.076137019875615,23.479065311999715,0.6684402207121991,planarization,DDA,4
P02,PLAN-02,75,0.7397655922200975,5.408540592755088,10.319410594118654,26.67731939861046,0.6553329627748242,planarization,DDA,4
P02,PLAN-03,75,0.7976730187879875,4.667998477040763,6.848671896967086,21.731856606924886,0.8650492775999024,planarization,DDA,4
P02,PLAN-04,75,0.779137131587343,4.0683634470606655,6.002837698432891,23.296291302183334,0.7771602945354175,planarization,DDA,4
P02,PLAN-05,75,0.7709090997530641,5.42907939679504,9.996443251469751,22.699539075674153,0.7244870917522972,planarization,DDA,4
P03,PLAN-01,75,0.737379133134954,4.966757671026358,9.34685044450927,23.62182444000284,0.727149763802647,planarization,DDA,4
P03,PLAN-02,75,0.7406206176024763,4.790374342553197,7.64003663491314,28.131184927580367,0.6637491259468687,planarization,DDA,4
P03,PLAN-03,75,0.6767975988376973,8.83010027945809,12.837638235674165,35.29438474481228,0.548445023762262,planarization,DDA,4
P03,PLAN-04,75,0.7450170806379632,5.820264796835098,9.928756015806636,24.417332952310826,0.7543407006927568,planarization,DDA,4
P03,PLAN-05,75,0.760419075646569,4.387130738528955,7.583533298915279,22.69575769855106,0.7400708697500025,planarization,DDA,4
P01,PLAN-01,75,0.7109761962013998,6.581922997452411,11.875586699089622,23.808854880434417,0.643540975219987,planarization,PFI-SBS,0
P01,PLAN-02,75,0.7647435943919174,4.118829480697101,7.0277069815276745,26.997091918539102,0.7212003092007424,planarization,PFI-SBS,0
P01,PLAN-03,75,0.7140338141180149,5.331792602848045,9.587610778880585,28.75852550264102,0.7318357422640575,planarization,PFI-SBS,0
P01,PLAN-04,75,0.752364668345655,5.869194287723172,10.862319640555283,25.518980351798525,0.7954293108086837,planarization,PFI-SBS,0
P01,PLAN-05,75,0.7341762695102023,5.258083014544696,12.995606776444369,23.60991065050004,0.5941854768900368,planarization,PFI-SBS,0
P02,PLAN-01,75,0.7268593645214514,6.001709909266363,11.887873563555441,27.205859131947253,0.6786974793903884,planarization,PFI-SBS,0
P02,PLAN-02,75,0.6931539354033205,6.377286578882818,10.943440610238643,33.24650382187288,0.6123875337725693,planarization,PFI-SBS,0
P02,PLAN-03,75,0.7748685749960549,5.19413250154319,7.842203617872285,24.683171056066328,0.8230548265528879,planarization,PFI-SBS,0
P02,PLAN-04,75,0.7448623674949577,4.699715373223084,6.540668160078836,27.406637567167586,0.7354403515415366,planarization,PFI-SBS,0
P02,PLAN-05,75,0.7592225445414561,5.706031628640387,10.179990763574114,23.45569667133845,0.7142766659205079,planarization,PFI-SBS,0
P03,PLAN-01,75,0.7087512272521153,5.508176457912309,10.42298812149871,26.289802259538725,0.6607043965063122,planarization,PFI-SBS,0
P03,PLAN-02,75,0.7198403526222041,5.174156766864741,8.391306798123932,30.38053337217992,0.5943684384742762,planarization,PFI-SBS,0
P03,PLAN-03,75,0.655421914818779,9.414097900609033,14.215603037261316,37.36363627307468,0.446304566822449,planarization,PFI-SBS,0
P03,PLAN-04,75,0.7444291984514262,5.833683852525373,9.862570047367706,25.232588379143138,0.757604957760736,planarization,PFI-SBS,0
P03,PLAN-05,75,0.7769182498339896,4.08500303602792,6.856385902312757,20.52914665627851,0.7875277269711667,planarization,PFI-SBS,0
P01,PLAN-01,75,0.7483732451778804,5.730282082551604,9.746754544551704,23.760150511508183,0.759884871450866,planarization,PFI-SBS,1
P01,PLAN-02,75,0.7757811443479065,3.9255859172077807,6.351156558203456,25.5839960227153,0.7722960136614921,planarization,PFI-SBS,1
P01,PLAN-03,75,0.7075203621101549,5.453234846543411,9.705259564136567,31.41119478961134,0.7252141201058185,planarization,PFI-SBS,1
P01,PLAN-04,75,0.7659372373208498,5.547511417323507,10.275010202794032,24.261606499091457,0.8169529327800504,planarization,PFI-SBS,1
P01,PLAN-05,75,0.730839160600387,5.324092153924593,12.430312083572739,25.62308590770273,0.628722589484593,planarization,PFI-SBS,1
P02,PLAN-01,75,0.7456328414186234,5.589200938831644,11.786258076586833,24.451385769203227,0.6841668800508125,planarization,PFI-SBS,1
P02,PLAN-02,75,0.7449051253548011,5.301723919956137,10.290766149108604,26.913475943082272,0.657243748964552,planarization,PFI-SBS,1
P02,PLAN-03,75,0.7609200379878558,5.515946968013143,8.503812521995945,24.063691414015224,0.7919394001354172,planarization,PFI-SBS,1
P02,PLAN-04,75,0.7644963817790874,4.3380506596987765,6.288375419328584,25.729078603090134,0.7554564029733739,planarization,PFI-SBS,1
P02,PLAN-05,75,0.7462110095213101,6.014383713434711,10.191903940686762,24.807260840868757,0.7136075367510646,planarization,PFI-SBS,1
P03,PLAN-01,75,0.7265885808828456,5.170831546847926,10.328117948699225,23.838478679903503,0.666852832955562,planarization,PFI-SBS,1
P03,PLAN-02,75,0.7386374092238572,4.8270014269615995,7.901272732231313,26.650468292245794,0.6403611126271094,planarization,PFI-SBS,1
P03,PLAN-03,75,0.6800127694733404,8.742259721881164,12.959351919216642,34.895470740475496,0.539842045798486,planarization,PFI-SBS,1
P03,PLAN-04,75,0.7700199897095165,5.249545974367583,8.93153515247882,21.993656319648327,0.8012094409381594,planarization,PFI-SBS,1
P03,PLAN-05,75,0.7879949596112178,3.8821698009672074,6.488769898547443,19.917129136864713,0.8097010005542606,planarization,PFI-SBS,1
P01,PLAN-01,75,0.7096993103243237,6.611001448462303,11.575248904478652,23.97782999125191,0.6613429333367319,planarization,PFI-SBS,2
P01,PLAN-02,75,0.7699180554611589,4.0282358888090375,6.6997709558009575,25.660001919993263,0.7466126622620811,planarization,PFI-SBS,2
P01,PLAN-03,75,0.6862447515545163,5.849915113588842,10.175802309896726,33.09008972014695,0.6979231633167542,planarization,PFI-SBS,2
P01,PLAN-04,75,0.7540391827823139,5.829506693466363,10.6560162025876,24.889574485067147,0.8031261674601571,planarization,PFI-SBS,2
P01,PLAN-05,75,0.7064116939966163,5.807275679341918,13.232385264864682,27.62503899141927,0.5792629713624261,planarization,PFI-SBS,2
P02,PLAN-01,75,0.7470398185300313,5.558285478534597,11.737671497601006,24.742844507788373,0.6867654353868073,planarization,PFI-SBS,2
P02,PLAN-02,75,0.7461362967360229,5.2761360645730475,10.370111751458333,27.34013716288693,0.6519378179633617,planarization,PFI-SBS,2
P02,PLAN-03,75,0.7970449759188089,4.682488403887298,6.985633286505225,22.2113684789394,0.859597752730102,planarization,PFI-SBS,2
P02,PLAN-04,75,0.7808554251586707,4.036711939466153,5.854847507650107,24.107819202667567,0.7880123553757563,planarization,PFI-SBS,2
P02,PLAN-05,75,0.7483147973503415,5.964527385027469,10.531134374604497,25.04490733627076,0.6942255104234224,planarization,PFI-SBS,2
P03,PLAN-01,75,0.7267830808166974,5.167153110895732,9.761501777989633,25.093417737149903,0.7024040462879342,planarization,PFI-SBS,2
P03,PLAN-02,75,0.727357616142301,5.035323425679226,8.349823463383112,27.709163154532284,0.59836909232397,planarization,PFI-SBS,2
P03,PLAN-03,75,0.663454228360884,9.194649858769706,13.432402192633381,37.846716021524,0.5056349723168995,planarization,PFI-SBS,2
P03,PLAN-04,75,0.7681677171522123,5.291826127039748,9.135604314879012,23.74716775503873,0.7920216668015951,planarization,PFI-SBS,2
P03,PLAN-05,75,0.7799576790067979,4.029345962379026,6.878227094518594,21.433190060236022,0.786171899201038,planarization,PFI-SBS,2
P01,PLAN-01,75,0.7192355356530957,6.393833519816291,11.356965488074032,24.391648467077186,0.6739951377842376,planarization,PFI-SBS,3
P01,PLAN-02,75,0.7799898609018168,3.851900417451305,6.332110954550908,24.949812852916768,0.7736596259043937,planarization,PFI-SBS,3
P01,PLAN-03,75,0.7108885495678732,5.390435544182959,9.760554172858292,30.477754651561344,0.7220740781199202,planarization,PFI-SBS,3
P01,PLAN-04,75,0.7592284295860887,5.70651657935448,10.437330628129788,24.10840706675998,0.811123844838172,planarization,PFI-SBS,3
P01,PLAN-05,75,0.7238402823765803,5.462532324941897,12.467236429801977,25.948677360940774,0.6265135480427936,planarization,PFI-SBS,3
P02,PLAN-01,75,0.7433831142093792,5.638634118414065,11.812324433694123,25.083668252366447,0.6827683492496914,planarization,PFI-SBS,3
P02,PLAN-02,75,0.7207506316756866,5.803735013244878,10.806265594533533,28.21500697616779,0.6220440034025492,planarization,PFI-SBS,3
P02,PLAN-03,75,0.7849619487913995,4.9612626528328,7.35982016654369,23.855041697108405,0.8441535558665967,planarization,PFI-SBS,3
P02,PLAN-04,75,0.7755779664961219,4.133924386585022,6.045000430656009,25.059106400386295,0.7740189379073715,planarization,PFI-SBS,3
P02,PLAN-05,75,0.7558369280477855,5.786265198509045,10.367908123948657,24.632204226845865,0.7036306952670021,planarization,PFI-SBS,3
P03,PLAN-01,75,0.7258434977856582,5.184922762190723,10.068675903284708,25.080973136110973,0.683379908518309,planarization,PFI-SBS,3
P03,PLAN-02,75,0.7356675554101285,4.881850472321018,8.06844678299229,27.64539894267561,0.6249817373608879,planarization,PFI-SBS,3
P03,PLAN-03,75,0.6696258811146307,9.026036282541318,13.049571854474587,35.99997599595708,0.5334127225801288,planarization,PFI-SBS,3
P03,PLAN-04,75,0.7842134170161799,4.925565428901641,8.999529694891212,21.241351197000093,0.7981711898089743,planarization,PFI-SBS,3
P03,PLAN-05,75,0.776578059810492,4.0912324890323895,6.704874767076803,21.619352540503776,0.7968143191438393,planarization,PFI-SBS,3
P01,PLAN-01,75,0.7323553802097251,6.095056029950945,10.799995746298777,22.831497207434946,0.7051869972382567,planarization,PFI-SBS,4
P01,PLAN-02,75,0.7749980917797773,3.939295469533081,6.554107600005848,25.019035387116915,0.7575109506234226,planarization,PFI-SBS,4
P01,PLAN-03,75,0.7167450075504498,5.281242846262797,9.12602285176743,29.823719793385912,0.7570352853614397,planarization,PFI-SBS,4
P01,PLAN-04,75,0.7564621568003734,5.772079891034361,10.502895324045937,24.279205487699194,0.8087434463470348,planarization,PFI-SBS,4
P01,PLAN-05,75,0.7245206889861534,5.449073652797809,12.502888881988989,26.397093038943048,0.6243743815393854,planarization,PFI-SBS,4
P02,PLAN-01,75,0.7465450725533289,5.569156515082279,12.140683883021376,24.223657343323538,0.6648863792576871,planarization,PFI-SBS,4
P02,PLAN-02,75,0.7343746677369174,5.520582017824508,10.415543361189828,27.08703169777334,0.6488814065875503,planarization,PFI-SBS,4
P02,PLAN-03,75,0.7945669557712387,4.739660186936897,7.022409890435898,22.654378948538703,0.8581155364244686,planarization,PFI-SBS,4
P02,PLAN-04,75,0.7782639576390608,4.084447585601689,5.867896673147795,23.66802827015246,0.7870663548014497,planarization,PFI-SBS,4
P02,PLAN-05,75,0.7540746194603162,5.828029027769447,10.234346602911376,23.44890521308116,0.7112172928806402,planarization,PFI-SBS,4
P03,PLAN-01,75,0.7418810529587916,4.881616131870288,9.492232263709754,23.998272133608697,0.7185958750385794,planarization,PFI-SBS,4
P03,PLAN-02,75,0.7527959963952733,4.565512128599381,7.239125182064258,26.175694839684883,0.6981127903958377,planarization,PFI-SBS,4
P03,PLAN-03,75,0.6829255956486602,8.662679412043712,12.718107240809431,35.27778111403988,0.5568147153428032,planarization,PFI-SBS,4
P03,PLAN-04,75,0.759966331692784,5.479031745338479,9.479793854674398,23.76122369798933,0.776055026965486,planarization,PFI-SBS,4
P03,PLAN-05,75,0.7745391348598242,4.12856864318894,7.260696820861487,22.223351484511934,0.7617305497727198,planarization,PFI-SBS,4
P01,PLAN-01,75,0.6714835134999733,7.48128766253288,12.737657777608376,29.518340796809078,0.5899105295394139,planarization,NSGA2,0
P01,PLAN-02,75,0.7148519979047568,4.992323139325459,7.5442545139291495,33.72341735339029,0.6787096662019476,planarization,NSGA2,0
P01,PLAN-03,75,0.6789527613367108,5.985873074434537,10.760407934066626,33.46668660585104,0.6622171664521803,planarization,NSGA2,0
P01,PLAN-04,75,0.7223236827591253,6.581194388129445,11.027474080833757,37.13659119054614,0.789161293675742,planarization,NSGA2,0
P01,PLAN-05,75,0.6859746662921582,6.21152697790954,13.25398117011649,31.051522792869648,0.5778885235383726,planarization,NSGA2,0
P02,PLAN-01,75,0.7154404460172156,6.252617417846715,12.816514196855723,27.382193672948514,0.6265386836382079,planarization,NSGA2,0
P02,PLAN-02,75,0.6779691552220737,6.6928770524984245,11.61655077285715,36.79294477185109,0.5632384934241117,planarization,NSGA2,0
P02,PLAN-03,75,0.6970350980447354,6.989872000521962,10.28591380403397,31.491235415204923,0.6955974729559851,planarization,NSGA2,0
P02,PLAN-04,75,0.7090608886687887,5.359189864584688,7.46026220332563,33.02693568509449,0.6558184732998404,planarization,NSGA2,0
P02,PLAN-05,75,0.6940757776201405,7.249903382948766,11.402073143444511,34.03763142028614,0.6415582519786385,planarization,NSGA2,0
P03,PLAN-01,75,0.6345619549513738,6.911264269273935,11.632655356378974,34.22338706421036,0.5773786147322264,planarization,NSGA2,0
P03,PLAN-02,75,0.6964037890621702,5.606997310002202,8.710403699930543,34.20623933075092,0.5629319030070116,planarization,NSGA2,0
P03,PLAN-03,75,0.6166414878623143,10.473604444107211,13.748437848042672,43.76654322453331,0.4820986109157026,planarization,NSGA2,0
P03,PLAN-04,75,0.7121172025533518,6.57124059833241,10.327766985554105,31.112343637054973,0.7341991330823533,planarization,NSGA2,0
P03,PLAN-05,75,0.735357613411473,4.846048374066068,7.424313371628632,26.73284484609041,0.7508709644288392,planarization,NSGA2,0
P01,PLAN-01,75,0.7023239236361427,6.778960719013836,11.679554264789314,27.289551068273276,0.6552121105776318,planarization,NSGA2,1
P01,PLAN-02,75,0.7080478128809828,5.111449663407126,7.256777171796641,34.993058277380015,0.7027289805683241,planarization,NSGA2,1
P01,PLAN-03,75,0.6692675129036508,6.1664529419208485,11.253432074349488,34.087158400443684,0.6305547473824942,planarization,NSGA2,1
P01,PLAN-04,75,0.7262373400505256,6.488436965893528,10.901552316581574,36.5282364964675,0.7939488996649211,planarization,NSGA2,1
P01,PLAN-05,75,0.6919979545931925,6.092384304495775,13.004505309637862,31.035852503813715,0.5936295366547995,planarization,NSGA2,1
P02,PLAN-01,75,0.7213093302457327,6.123660623963167,12.495576122001141,27.843543091311236,0.6450081791271354,planarization,NSGA2,1
P02,PLAN-02,75,0.6839350611458878,6.5688855917351106,10.937775925532417,36.877193007843275,0.6127887118304907,planarization,NSGA2,1
P02,PLAN-03,75,0.7040646628195444,6.827688996226143,10.289557308436095,29.89481049884989,0.6953817821770768,planarization,NSGA2,1
P02,PLAN-04,75,0.7132667225074661,5.281717083502644,7.168264493955206,33.00687552484565,0.6822340080202307,planarization,NSGA2,1
P02,PLAN-05,75,0.6988369568778081,7.13707122687278,11.173472425588832,33.38654149696744,0.6557870031816952,planarization,NSGA2,1
P03,PLAN-01,75,0.6328474159492626,6.943690099874005,11.871846023551406,33.94929694523284,0.5598200497456388,planarization,NSGA2,1
P03,PLAN-02,75,0.6892754876448197,5.738647065275841,8.722475510354315,35.187300518899356,0.56171959194662,planarization,NSGA2,1
P03,PLAN-03,75,0.6103166660716947,10.646402698266305,14.219903516304788,44.66618610468169,0.4459695102269473,planarization,NSGA2,1
P03,PLAN-04,75,0.7086433233544185,6.650535701159676,10.76085386686358,30.705151740021268,0.7114394223072986,planarization,NSGA2,1
P03,PLAN-05,75,0.7517242771052346,4.546347162160966,6.811225551579946,25.87058467957345,0.7903174538554327,planarization,NSGA2,1
P01,PLAN-01,75,0.6733903462597572,7.437863466224594,13.093830989251503,28.67932488613635,0.5666558609472816,planarization,NSGA2,2
P01,PLAN-02,75,0.7175158239423631,4.945685322230611,7.104084769040697,34.67036376145378,0.7151073355552637,planarization,NSGA2,2
P01,PLAN-03,75,0.6610416012070581,6.319823715462843,11.229020336595413,35.321920721824505,0.63215586221626,planarization,NSGA2,2
P01,PLAN-04,75,0.7254649497083674,6.506743355994662,10.861583649646688,37.32847506329187,0.7954570317875579,planarization,NSGA2,2
P01,PLAN-05,75,0.6772582296528313,6.3839410334799425,13.417440870292296,32.919560511848076,0.5674126238530612,planarization,NSGA2,2
P02,PLAN-01,75,0.7170361789300432,6.2175544327340075,12.85322668585721,27.370574228194933,0.6243960836803395,planarization,NSGA2,2
P02,PLAN-02,75,0.6910607682970515,6.420789585876616,11.171909603781886,35.410779406687546,0.5960340209737265,planarization,NSGA2,2
P02,PLAN-03,75,0.6984996036098343,6.956083576919003,10.373314104797462,31.663312546263082,0.6904024256556043,planarization,NSGA2,2
P02,PLAN-04,75,0.7178640487062122,5.197032890113254,7.193583150118765,31.95819048079118,0.6799853141326953,planarization,NSGA2,2
P02,PLAN-05,75,0.671089305328871,7.7946451556993,11.886050191600003,35.98262311705489,0.6104833190323571,planarization,NSGA2,2
P03,PLAN-01,75,0.6334335559850959,6.932604859184558,11.711258031941526,34.304779345848566,0.5716479534588054,planarization,NSGA2,2
P03,PLAN-02,75,0.6973576866371147,5.589380156216884,9.124169566466973,34.759035968307614,0.5204220187104407,planarization,NSGA2,2
P03,PLAN-03,75,0.6046771323677569,10.800478435191748,14.376798035321722,45.80791483476571,0.43367633473496736,planarization,NSGA2,2
P03,PLAN-04,75,0.7108898388463724,6.599256521102919,10.728714493376275,30.736109110021836,0.7131605323164572,planarization,NSGA2,2
P03,PLAN-05,75,0.7565644814763027,4.457714857922295,6.920678643401671,25.416543706635174,0.7835243139939136,planarization,NSGA2,2
P01,PLAN-01,75,0.6859785140824245,7.151193821029766,12.256043637526806,28.62811011950233,0.6203354374108033,planarization,NSGA2,3
P01,PLAN-02,75,0.7168032007390732,4.95816180911203,7.20034268418177,35.666089653493756,0.7073346351659904,planarization,NSGA2,3
P01,PLAN-03,75,0.6727082858640527,6.102300294775632,11.022804094773393,34.520713523316346,0.6455424100735603,planarization,NSGA2,3
P01,PLAN-04,75,0.7214469575557889,6.601973614263891,10.768322030575193,37.12131874858656,0.7989545165240344,planarization,NSGA2,3
P01,PLAN-05,75,0.6725987322322966,6.47610746346001,13.598885437956547,33.75697700607127,0.5556337241206064,planarization,NSGA2,3
P02,PLAN-01,75,0.7071490773825815,6.434803379333842,12.883049116882981,28.25726160746227,0.6226510873312912,planarization,NSGA2,3
P02,PLAN-02,75,0.6930564052754629,6.379313580846298,10.667708327992255,35.27441779131349,0.6316741232916792,planarization,NSGA2,3
P02,PLAN-03,75,0.6804848546199671,7.371711884845237,10.474264755883558,33.41559146091369,0.6843472430888287,planarization,NSGA2,3
P02,PLAN-04,75,0.7028799938006944,5.473043890533935,7.579610457106002,33.244794721285075,0.6447180484375593,planarization,NSGA2,3
P02,PLAN-05,75,0.6887685205300318,7.375676689921438,11.113421269272637,35.042422545382614,0.659476964871712,planarization,NSGA2,3
P03,PLAN-01,75,0.6373542729608666,6.858455187272389,11.396964525546341,35.06345321952363,0.5943307029444804,planarization,NSGA2,3
P03,PLAN-02,75,0.6923176577924425,5.682462438393976,9.27523711271641,35.6886794590187,0.5044099467373389,planarization,NSGA2,3
P03,PLAN-03,75,0.6053923579963282,10.78093800479887,14.247873266242285,45.318711553365944,0.4437878731699073,planarization,NSGA2,3
P03,PLAN-04,75,0.7147988920290127,6.5100280948036096,10.465486763187318,30.153135533128705,0.7270630105649623,planarization,NSGA2,3
P03,PLAN-05,75,0.7469125930664926,4.634457211019921,7.17838942523871,26.148517540784756,0.7671019848121539,planarization,NSGA2,3
P01,PLAN-01,75,0.6948502513824621,6.949158241278127,11.812467930667438,28.218989078348955,0.6473200664619914,planarization,NSGA2,4
P01,PLAN-02,75,0.7175368542168807,4.945317127730459,7.447774660190997,34.74894030706719,0.6868747764303383,planarization,NSGA2,4
P01,PLAN-03,75,0.6787891439580219,5.988923693607221,10.629000823815144,34.324948882068846,0.6704168623770789,planarization,NSGA2,4
P01,PLAN-04,75,0.7233626575414118,6.5565696917400125,10.929677168552764,37.11006944536548,0.792884348127197,planarization,NSGA2,4
P01,PLAN-05,75,0.6748430452160763,6.431714195945515,13.623910147335248,33.434505383242765,0.5539967710604681,planarization,NSGA2,4
P02,PLAN-01,75,0.7176047075823215,6.20506217196108,13.046597914914463,27.548137915035646,0.6130094733562713,planarization,NSGA2,4
P02,PLAN-02,75,0.6902041694670663,6.438592571973673,11.10251804639902,35.22833820928959,0.6010367059247885,planarization,NSGA2,4
P02,PLAN-03,75,0.687073465215251,7.21970238003099,11.061878521757084,31.146262011409036,0.6479371000183844,planarization,NSGA2,4
P02,PLAN-04,75,0.707701668862625,5.384227120578237,7.45140955820657,33.23485260278556,0.6566348277476504,planarization,NSGA2,4
P02,PLAN-05,75,0.6794822402105191,7.595746335207161,11.760841188896688,34.41123138235774,0.6186465212361307,planarization,NSGA2,4
P03,PLAN-01,75,0.6450305919344463,6.713278543076537,11.57237168955934,33.34223813593713,0.5817475487558474,planarization,NSGA2,4
P03,PLAN-02,75,0.7052055843334817,5.444440464325563,8.577216247678878,33.37328948177648,0.5761957974664323,planarization,NSGA2,4
P03,PLAN-03,75,0.6122222969978588,10.594339619176692,14.04699077194469,44.640148549004785,0.4593615109739444,planarization,NSGA2,4
P03,PLAN-04,75,0.7134986195683145,6.539708239843249,10.505208554627675,29.84570782072681,0.7249872120895353,planarization,NSGA2,4
P03,PLAN-05,75,0.7352941862388662,4.8472098325559365,7.785117161674382,26.266668817052807,0.7260684447996624,planarization,NSGA2,4
