process,method,seed,n_selected,PRF,CFS,n_high_corr_pairs,time_s,n_evals,val_MRA,MRA,MRA_std,MAE,MAE_std,RMSE,RMSE_std,MAPE,MAPE_std,R2,R2_std,rec_precision,rec_recall,rec_f1
lithography,ALL,0,54,0.0,0.48199668582520333,18,0.7652288000099361,1,0.721813758331984,0.7085799768098985,0.057574521325641115,4.131938372130545,1.0124992128062917,6.963472451534053,1.9550909852565599,31.15787029352438,5.9664459960617,0.6048741148219604,0.16916253187457553,0.2558139534883721,1.0,0.40740740740740744
lithography,ALL,1,54,0.0,0.48199668582520333,18,0.8763874000287615,1,0.7169088805586301,0.7064184651467205,0.0542821724852048,4.158464065929803,0.9370842951212613,6.93078815303066,1.7447236115150886,31.591367753057067,6.4789317617702995,0.6120396533265332,0.13758983610195083,0.2558139534883721,1.0,0.40740740740740744
lithography,ALL,2,54,0.0,0.48199668582520333,18,0.7511272000265308,1,0.7236663129985302,0.7131519067537824,0.048146371961639275,4.0649363516090204,0.8820696554294726,6.779338773553559,1.8022389245271053,30.61776701662598,4.71350735802735,0.6284472610976405,0.1350853585803468,0.2558139534883721,1.0,0.40740740740740744
lithography,ALL,3,54,0.0,0.48199668582520333,18,0.9885517000220716,1,0.7241511194054445,0.7117253744894688,0.05400306692050272,4.089836331545143,0.9568392444517877,6.866495638716672,1.8555754956556572,30.76107790147385,5.310598430627232,0.6183208062497089,0.14319111045578534,0.2558139534883721,1.0,0.40740740740740744
lithography,ALL,4,54,0.0,0.48199668582520333,18,0.818862599960994,1,0.7203204527785905,0.7151554406366422,0.056325032012355426,4.036160593836404,0.9677089633762658,6.779018161236986,1.8910584358012819,30.177146248413788,6.312429237184297,0.6274184554640753,0.14528421372664826,0.2558139534883721,1.0,0.40740740740740744
lithography,ALL,5,54,0.0,0.48199668582520333,18,0.7675167999695987,1,0.7214817904494495,0.7069794485075989,0.05604965940852605,4.144005852246342,0.9324131429869478,6.940214202852796,1.7784523894600661,31.461779819935792,6.212341437850678,0.6074256086842416,0.14868904457129278,0.2558139534883721,1.0,0.40740740740740744
lithography,ALL,6,54,0.0,0.48199668582520333,18,0.7680946000036784,1,0.7188632760023765,0.7075070869035525,0.06279942312022047,4.139943688984263,1.0338976830971418,6.928654640662716,1.9888731021913573,31.216061092995513,6.729762047423633,0.6067527966802368,0.16464485359881595,0.2558139534883721,1.0,0.40740740740740744
lithography,ALL,7,54,0.0,0.48199668582520333,18,0.8510295000160113,1,0.7114020032690401,0.7058800087217146,0.05291438700982715,4.17001755941936,0.9462757193013989,6.945698610025877,1.9016217633716883,31.226610012688706,5.110913595891525,0.6106705489508194,0.14643371312485468,0.2558139534883721,1.0,0.40740740740740744
lithography,ALL,8,54,0.0,0.48199668582520333,18,1.0200668999459594,1,0.7252144968482648,0.7038120824178898,0.05956309541011216,4.18883962289445,0.9677019814810309,6.917973115230343,1.8831782970549407,31.47688080184953,6.435434146162401,0.6105357307888404,0.1552230673813825,0.2558139534883721,1.0,0.40740740740740744
lithography,ALL,9,54,0.0,0.48199668582520333,18,0.8708847000380047,1,0.7219163398627466,0.7104022008535441,0.05842766533410514,4.105019134509231,1.0165168531896236,6.897101443065783,1.9063250763704118,30.824163346516904,5.777053317362284,0.6136869594502928,0.14513101350658839,0.2558139534883721,1.0,0.40740740740740744
lithography,FILTER,0,44,0.18518518518518523,0.3586040393350959,0,1.4287021000054665,2,0.7150589504838787,0.7076032598892127,0.05543950733015614,4.154237200599711,1.015326545424733,6.907289267648549,1.9403044720338272,31.78666594771796,5.702718031543798,0.6120731887275433,0.163737467562681,0.2558139534883721,1.0,0.40740740740740744
lithography,FILTER,1,44,0.18518518518518523,0.3586040393350959,0,1.2635479999589734,2,0.7106134584350745,0.701689575625459,0.05201634160275968,4.227839692656823,0.92343704656053,7.050828092563958,1.849385922622022,32.334227127194296,6.603856326228676,0.5982595838103625,0.14876948116820313,0.2558139534883721,1.0,0.40740740740740744
lithography,FILTER,2,44,0.18518518518518523,0.3586040393350959,0,1.4424383000005037,2,0.7118416589015992,0.7137413067945613,0.05164292119717498,4.052434098280865,0.8966403709019519,6.7873395109153485,1.8721795078099703,31.11486877959088,5.651935529654816,0.6252751675121111,0.1473342941340694,0.2558139534883721,1.0,0.40740740740740744
lithography,FILTER,3,44,0.18518518518518523,0.3586040393350959,0,1.3423105999827385,2,0.720312945585422,0.7126578455056746,0.04163909821893486,4.069142300102658,0.7748428528662277,6.859522658281236,1.5758374008393368,30.75890130500162,4.5402859023450715,0.6173364889963272,0.13511046855586537,0.2558139534883721,1.0,0.40740740740740744
lithography,FILTER,4,44,0.18518518518518523,0.3586040393350959,0,1.3771471999934874,2,0.7138163461204263,0.7112546896491324,0.05342331367934846,4.095262810947219,0.9420458798929257,6.827142962157075,1.8677539910700613,31.183826028973076,5.985283633046589,0.6212104550681532,0.1520682829851402,0.2558139534883721,1.0,0.40740740740740744
lithography,FILTER,5,44,0.18518518518518523,0.3586040393350959,0,1.1891343999886885,2,0.719308618918353,0.7062636995046834,0.05418030613819683,4.163572561634992,0.9472134660183242,6.946205520551329,1.7784120108437937,32.43545565053058,6.26816774176297,0.6081095963555647,0.14752668195358706,0.2558139534883721,1.0,0.40740740740740744
lithography,FILTER,6,44,0.18518518518518523,0.3586040393350959,0,1.3684399999910966,2,0.7117618994211153,0.7055764417762992,0.053335681318673986,4.173272818253354,0.9491313445935416,6.93977309137081,1.8366605916043277,32.262254510925196,6.406201129830832,0.6082550855867652,0.14950552498530562,0.2558139534883721,1.0,0.40740740740740744
lithography,FILTER,7,44,0.18518518518518523,0.3586040393350959,0,1.4013398999813944,2,0.7085162895821473,0.7037249464284164,0.05069778375634475,4.209357307321907,0.9655569381808333,7.046846032000379,1.8369622832845869,31.93790479145696,4.773241181743573,0.6005223158597175,0.13941785893926084,0.2558139534883721,1.0,0.40740740740740744
lithography,FILTER,8,44,0.18518518518518523,0.3586040393350959,0,1.683950900041964,2,0.7170936311977534,0.7042169249524697,0.05206508416141231,4.198351489941538,0.9441330074441283,6.903454243917907,1.7874501457708882,31.77606213478739,5.366625825127459,0.6136625167385484,0.14620636637594214,0.2558139534883721,1.0,0.40740740740740744
lithography,FILTER,9,44,0.18518518518518523,0.3586040393350959,0,1.3975255999830551,2,0.7200429799429553,0.7120005110422514,0.049749530802096945,4.078111235056131,0.8651316989277827,6.822413808268183,1.7461967342154054,31.320331560238124,5.561323591145811,0.6183495722926498,0.14950974930177777,0.2558139534883721,1.0,0.40740740740740744
lithography,GA,0,7,0.8703703703703703,0.4794872966913776,1,7594.1738658999675,14717,0.74447532576233,0.7204353645388157,0.043776575264941504,3.9836281715900452,0.9441691233448921,6.709614469687281,1.803290972933545,28.241081994792538,4.210640647984786,0.6256339031277691,0.20120746727525138,0.8333333333333334,0.45454545454545453,0.5882352941176471
lithography,GA,1,8,0.8518518518518519,0.6394302646800641,0,6454.469411199971,12462,0.7588176949731302,0.7496290768549443,0.046149148836130575,3.548618689286983,0.8103108943361486,6.077301734098636,1.6392866779170945,25.53319228551076,4.584076770820367,0.6975413609193908,0.12220499896714124,0.75,0.5454545454545454,0.631578947368421
lithography,GA,2,7,0.8703703703703703,0.5968401716071395,0,5835.915693900024,11445,0.7486725009494848,0.7375639929906774,0.054680987603201746,3.728291796333167,0.9853287228143071,6.247846333096732,1.9372541103980339,26.9079322936253,4.829593111257306,0.6803154185007875,0.1429194734411817,0.7142857142857143,0.45454545454545453,0.5555555555555556
lithography,GA,3,9,0.8333333333333334,0.6227648764733621,1,6335.460569000046,12149,0.7586751093784847,0.7443913542787651,0.04826696003106403,3.603384044901046,0.7207514357607745,6.225231667463293,1.4985057206523742,26.246678662656997,5.493338173022296,0.6794397089304843,0.13672114325386694,0.5,0.36363636363636365,0.4210526315789474
lithography,GA,4,8,0.8518518518518519,0.5121130326567773,0,5726.4700419,11442,0.7518331413953062,0.7536979033928047,0.02889209591827893,3.502290204768325,0.6841422530780255,6.111755371272307,1.3302381643050494,24.560246040168533,3.3292010267404546,0.6947840778398959,0.11361906620576505,0.625,0.45454545454545453,0.5263157894736842
lithography,GA,5,8,0.8518518518518519,0.5945899917359116,0,7726.404359799984,15422,0.7637742538892265,0.7541204935484351,0.03260378555138649,3.5037820502403014,0.7900452259204083,6.162651361994481,1.2581824497473852,24.159074147701947,3.2552504004717444,0.6901406837240572,0.10729742450137207,0.625,0.45454545454545453,0.5263157894736842
lithography,GA,6,10,0.8148148148148149,0.5638025672746869,1,8079.701944799977,15661,0.7591783574265623,0.7383384269415345,0.0408997582809122,3.7324121836031887,0.8908431291217509,6.449301586992817,1.600322390372734,26.385184348703138,4.6310337393810235,0.6583663268922703,0.15321643360256382,0.4444444444444444,0.36363636363636365,0.39999999999999997
lithography,GA,7,11,0.7962962962962963,0.6668364574560877,1,5488.580948800023,10749,0.7565637510725716,0.7431581754329475,0.044954863479784786,3.6290335782785714,0.7662984625152187,6.179867360971178,1.720130597506755,26.53735459432577,4.388683357141121,0.685631564753712,0.1282707735869205,0.5,0.45454545454545453,0.47619047619047616
lithography,GA,8,13,0.7592592592592593,0.6672444817387682,4,2024.3313760000165,3895,0.7529801574140056,0.7437124744036,0.04447117356889788,3.6319249556698403,0.792451359391201,6.200256074979603,1.6889218670176056,26.53589153066726,4.347437759841766,0.6846871096063375,0.12751241015986264,0.5,0.45454545454545453,0.47619047619047616
lithography,GA,9,10,0.8148148148148149,0.5446313616630015,1,4246.750421300007,8343,0.7516052087196645,0.7352659114040994,0.04505174376892072,3.774434337441261,0.915335084722452,6.5508091859381965,1.7311099520522357,26.48879359091798,4.900642460700785,0.6452372512142953,0.17535451587251152,0.5555555555555556,0.45454545454545453,0.5
lithography,TSFGA,0,8,0.8518518518518519,0.5225571858383712,0,2930.1372223999933,6290,0.7529002785425358,0.741763540803167,0.04201677606587459,3.6529661678181875,0.7392086076375289,6.343524743619263,1.687459387939982,26.54387327754964,4.001405362689473,0.6691133297000563,0.14274477019162532,0.375,0.2727272727272727,0.3157894736842105
lithography,TSFGA,1,7,0.8703703703703703,0.5752598083196256,0,6201.302057299996,13350,0.7553831669207611,0.7481618211776296,0.04647701275448337,3.560959059786988,0.7740661640507456,6.1721738399006325,1.7050050339348404,25.23067559731165,4.361602391245652,0.6855599786989697,0.13280804173733146,0.5714285714285714,0.36363636363636365,0.4444444444444444
lithography,TSFGA,2,8,0.8518518518518519,0.5202741014478253,0,2323.982436799968,4973,0.734145112152969,0.7309478462928751,0.046712060585945576,3.8136939225532065,0.8679120338950412,6.428787676926384,1.8300909679456177,28.1252296538061,4.094776148572423,0.6632060002833696,0.1399952750244758,0.5,0.36363636363636365,0.4210526315789474
lithography,TSFGA,3,9,0.8333333333333334,0.5298812260306138,0,3228.7645886000246,6918,0.7543367450943239,0.743134850065841,0.04874281026895058,3.611230380306333,0.6812947926189777,6.197227173515786,1.4714471353594905,26.318020815889255,5.392444228186524,0.6804093466197834,0.13644368805424326,0.4444444444444444,0.36363636363636365,0.39999999999999997
lithography,TSFGA,4,9,0.8333333333333334,0.519938549993426,0,4318.950492000033,9248,0.7573600824408704,0.7520844115618904,0.051470871158730024,3.495810347514621,0.7651323101849271,6.144405136912243,1.7170465821527205,25.152252511401805,6.07203804384034,0.6849654955355623,0.15092650386398945,0.75,0.5454545454545454,0.631578947368421
lithography,TSFGA,5,8,0.8518518518518519,0.5481387064391429,0,4997.915948599984,10876,0.7588333425001922,0.7516250007729549,0.04303362555080002,3.507445408748756,0.6998680713847535,5.954982596366003,1.54079974203899,25.744947897701746,4.608049847739959,0.7076740805161296,0.11879840392906386,0.5,0.36363636363636365,0.4210526315789474
lithography,TSFGA,6,6,0.8888888888888888,0.4818799985037506,0,5104.800362899958,11028,0.7358302361549086,0.7255851313786306,0.05692156577268335,3.8882596694719114,0.9528604995096516,6.536541358278561,1.9432107815151383,29.580377127278048,6.753178878471423,0.651667201211249,0.14903328977518698,0.8,0.36363636363636365,0.5000000000000001
lithography,TSFGA,7,6,0.8888888888888888,0.5688586112320904,0,3515.059091700008,7694,0.7421106418025181,0.7348098060884756,0.050334480778317765,3.765556953603944,0.921357966987966,6.357673311131283,1.936631753216559,27.04944578437058,4.351087099779306,0.6681491456610683,0.15109190980147985,0.8333333333333334,0.45454545454545453,0.5882352941176471
lithography,TSFGA,8,7,0.8703703703703703,0.5716858979075613,0,2927.592067999998,6363,0.7509292701018251,0.7460014350509817,0.04656260703742516,3.5865278804471057,0.7531100175551123,6.137896849981639,1.7247519157795022,26.054698114342628,4.843559593086995,0.6887735663801727,0.1382406404608154,0.42857142857142855,0.2727272727272727,0.33333333333333326
lithography,TSFGA,9,5,0.9074074074074074,0.5652930459303612,0,4551.1314249999705,10015,0.7281134177607312,0.7196293157024447,0.05143789390490777,3.970092480835716,0.9006115449851028,6.614751551268324,1.8587961525231982,29.860372847709737,4.455174877847658,0.6425452902146253,0.142630870606393,0.4,0.18181818181818182,0.25000000000000006
lithography,mRMR,0,4,0.9259259259259259,0.7031982780601448,0,23.896570999990217,54,0.76587867668431,0.7559863643889065,0.03581681515717641,3.4786012800037627,0.8068575485492143,6.2168912906334475,1.5396485358224905,23.570146699076325,3.312528487264901,0.6842243223771497,0.1333410849795675,0.75,0.2727272727272727,0.39999999999999997
lithography,mRMR,1,4,0.9259259259259259,0.7031982780601448,0,22.137654900026973,54,0.7684753669323863,0.7579363944374405,0.029908310583055053,3.447866760570007,0.7341666654008537,6.1424170597531305,1.3653245160977165,23.403517698629937,3.0524990721429495,0.693250202592002,0.10722569356789588,0.75,0.2727272727272727,0.39999999999999997
lithography,mRMR,2,4,0.9259259259259259,0.7031982780601448,0,22.67982820002362,54,0.7668596228478355,0.7541349408232783,0.026787863822135684,3.4939079362303707,0.6580915395238243,6.214834539362789,1.2408456759506576,23.829531120906605,3.217549922438174,0.6877298056438241,0.09500680138631207,0.75,0.2727272727272727,0.39999999999999997
lithography,mRMR,3,7,0.8703703703703703,0.7656226655357284,2,23.241637099999934,54,0.7698160753956194,0.7571138709654837,0.04537421703337582,3.4281365872931415,0.7242600418873831,6.008897242483303,1.6070609500523816,24.233755718564446,4.4331685294837815,0.7033074913475744,0.11907209758484917,0.6,0.2727272727272727,0.37499999999999994
lithography,mRMR,4,4,0.9259259259259259,0.7031982780601448,0,19.475889800000004,54,0.7645701726887612,0.7639002354060931,0.024920303138953707,3.362531031083607,0.6606483867487,5.954429258190806,1.210778442178791,23.045432547151396,2.578464739374213,0.7119474045465914,0.0958930279447033,0.75,0.2727272727272727,0.39999999999999997
lithography,mRMR,5,6,0.8888888888888888,0.6582980572208063,1,21.095754600013606,54,0.7670235189391693,0.752031392300293,0.027461456768312277,3.5206623971140774,0.656918000362514,6.211578444714776,1.194481199951535,24.31805107226626,3.225205855545086,0.6845243265375461,0.1102673705810065,0.6,0.2727272727272727,0.37499999999999994
lithography,mRMR,6,4,0.9259259259259259,0.7031982780601448,0,21.195590599963907,54,0.7668552221160195,0.7551087126109935,0.029800783923746434,3.486500848030015,0.7201031387828367,6.179172567307144,1.2878413338024703,23.797198434675817,3.2172809204361874,0.6895990032036059,0.10474245041544535,0.75,0.2727272727272727,0.39999999999999997
lithography,mRMR,7,4,0.9259259259259259,0.7031982780601448,0,23.297067800012883,54,0.7654279314913269,0.7591151879666568,0.02696753779681114,3.4311616115474686,0.7104726771278808,6.086375185280919,1.285386016671325,23.304758839575094,2.713438822866118,0.7006180600394306,0.09694722686989693,0.75,0.2727272727272727,0.39999999999999997
lithography,mRMR,8,7,0.8703703703703703,0.7656226655357284,2,19.537391599966213,54,0.7653760812617382,0.7531579290700272,0.04347041354561829,3.4881278979466313,0.7350908939697176,6.097413197150302,1.6507089869292417,24.777166786766905,4.33204505995663,0.6917486425290028,0.1304720842242383,0.6,0.2727272727272727,0.37499999999999994
lithography,mRMR,9,4,0.9259259259259259,0.7031982780601448,0,19.00521720002871,54,0.7707066673205099,0.7568615436622887,0.031357520763106064,3.461191186926153,0.7238767186718963,6.133455495704381,1.2869167992541282,23.563179130976916,2.9868531484858614,0.6927973305322509,0.10950100709811034,0.75,0.2727272727272727,0.39999999999999997
lithography,MI,0,14,0.7407407407407407,0.6048945351522197,12,20.9820669000037,54,0.7630057243800898,0.751541596624755,0.04778648373468998,3.5266873258238673,0.8798500442721046,6.12049402525083,1.7630441609954417,25.08861463192599,4.361340454907333,0.6917080637321055,0.1328876948484112,0.7142857142857143,0.45454545454545453,0.5555555555555556
lithography,MI,1,14,0.7407407407407407,0.6048945351522197,12,21.094052099972032,54,0.762933858749673,0.7587019425459745,0.04414991034441105,3.4261816892109787,0.8161959017530923,6.011828369542942,1.5914354526776238,24.474013382707806,4.14174590155046,0.7027291820706835,0.11814787336690742,0.7142857142857143,0.45454545454545453,0.5555555555555556
lithography,MI,2,14,0.7407407407407407,0.6048945351522197,12,21.855454100004863,54,0.7589541534983293,0.7526059227321755,0.042647801108965454,3.5110278158989785,0.8077045487971237,6.042524752832152,1.6302840052046725,25.263070180200508,3.597333003511285,0.7017233565575427,0.11527097507837485,0.7142857142857143,0.45454545454545453,0.5555555555555556
lithography,MI,3,13,0.7592592592592593,0.5952702334364885,12,20.474613400001545,54,0.762458478770996,0.7564691102937952,0.04370301799773109,3.456528820365052,0.8038232383475425,6.004595092382953,1.5998928329866153,24.960610073144753,4.513003977234634,0.7054103219846922,0.11283097549383216,0.6666666666666666,0.36363636363636365,0.4705882352941177
lithography,MI,4,14,0.7407407407407407,0.6048945351522197,12,21.048657200008165,54,0.7641355282405805,0.7562351194737523,0.04648522531767304,3.4574521839376025,0.8273703812677017,6.020068273928397,1.620227139198273,24.909852588796387,4.883217914876796,0.7025398841908236,0.11612785761640394,0.7142857142857143,0.45454545454545453,0.5555555555555556
lithography,MI,5,13,0.7592592592592593,0.5952702334364885,12,21.27122260001488,54,0.7637498374461781,0.7511830033389798,0.04470655099923789,3.524856121220032,0.7895348832414727,6.027523330625551,1.5249816432347552,25.53544440078148,4.314610524966585,0.7004289774382646,0.11859200496138365,0.6666666666666666,0.36363636363636365,0.4705882352941177
lithography,MI,6,14,0.7407407407407407,0.6048945351522197,12,28.970957299985457,54,0.7575847467286024,0.7502544066390582,0.04833588371730113,3.5453276716798077,0.859618631094231,6.1079614428578966,1.6681271634812729,25.600301241477933,4.856499936287263,0.6929020001667865,0.12357489056199464,0.7142857142857143,0.45454545454545453,0.5555555555555556
lithography,MI,7,14,0.7407407407407407,0.6048945351522197,12,29.861626899975818,54,0.7552945677672049,0.7523931946208476,0.04772384811993422,3.510319753562908,0.8334178214365472,6.078968494426084,1.6761173002379204,25.213826251582073,4.689354438448104,0.6969973604729559,0.12103881195582926,0.7142857142857143,0.45454545454545453,0.5555555555555556
lithography,MI,8,13,0.7592592592592593,0.5952702334364885,12,30.77144280000357,54,0.7632555625127955,0.7489563832833787,0.04603243364773578,3.5627531235667673,0.8362593929365307,6.186628007377938,1.668138013258827,25.52109451916576,4.30817836199864,0.6845547500480545,0.1325288300498085,0.6666666666666666,0.36363636363636365,0.4705882352941177
lithography,MI,9,15,0.7222222222222222,0.6029547140985569,12,31.863351900014095,54,0.762548888962084,0.7491886411594328,0.046440520111881725,3.5625964830092802,0.8691252974999649,6.1410937660112355,1.67934756470361,25.62939550505811,4.136664339676069,0.689958113318135,0.1249145248350105,0.625,0.45454545454545453,0.5263157894736842
lithography,DDA,0,12,0.7777777777777778,0.6485718356260977,8,19.916671700018924,55,0.7712450125845957,0.7568415728383966,0.04795860050459609,3.4530783076435556,0.8829014438429973,5.968437933159756,1.7950833304558436,24.56930492390119,4.485675514482336,0.7061498801929037,0.13557662271632753,0.8571428571428571,0.5454545454545454,0.6666666666666665
lithography,DDA,1,14,0.7407407407407407,0.6727285644448504,7,20.38710870000068,55,0.7656430893911741,0.7530802293226885,0.05188005156854728,3.492991511453857,0.8391229681734134,5.992066797239693,1.7095495542487653,25.377762063676087,5.3455910625173955,0.7019348928343191,0.13453650062102526,0.7777777777777778,0.6363636363636364,0.7000000000000001
lithography,DDA,2,13,0.7592592592592593,0.6706725229381683,8,19.544978000049014,55,0.7685216955986006,0.7541674056747389,0.04044963699114357,3.486583776363076,0.7827181015937432,5.976067522236213,1.583115020721097,24.95371068376217,3.564146078091192,0.7083492848640416,0.10873167393299611,0.75,0.5454545454545454,0.631578947368421
lithography,DDA,3,12,0.7777777777777778,0.6907022176335221,5,18.47944930003723,55,0.7731682965746943,0.7608188848737881,0.04391164478389476,3.3897068614321677,0.79624719117264,5.884401179629521,1.625452959951941,24.187493277547507,4.074386578974732,0.7172668773818853,0.10996583725213792,0.75,0.5454545454545454,0.631578947368421
lithography,DDA,4,11,0.7962962962962963,0.7097382474404554,5,18.72195139998803,55,0.772085009348298,0.764972227270761,0.04638419193612599,3.3283171638821614,0.795337977355596,5.781712106657879,1.6519953669159297,23.675987567458307,4.608618284566564,0.7231537917148504,0.12042290188206783,0.8571428571428571,0.5454545454545454,0.6666666666666665
lithography,DDA,5,10,0.8148148148148149,0.7035941536616682,5,18.668644800025504,55,0.7717086453085161,0.7585807159184331,0.04714892969894408,3.4185707672951238,0.8244555981252635,5.83404277811036,1.6003594522335642,24.620387248838064,4.501556188484835,0.7190943325869331,0.11448846669025062,1.0,0.5454545454545454,0.7058823529411764
lithography,DDA,6,11,0.7962962962962963,0.7222405643460775,4,18.94331369997235,55,0.7626740251080235,0.7532882798916802,0.048731348260089465,3.4920856402541207,0.8181489973911756,5.992792274498841,1.669640104973051,25.168935637586046,5.0907140831887805,0.7012282471024692,0.13415255755108488,1.0,0.7272727272727273,0.8421052631578948
lithography,DDA,7,11,0.7962962962962963,0.6815700958730116,6,19.279639300017152,55,0.7652479464494575,0.7526690438357355,0.04838999361182322,3.497445710516246,0.8116830860414453,5.995016605932255,1.6867483105798013,25.14344436387128,4.7671607416199695,0.7024614187258453,0.12629783665114624,1.0,0.5454545454545454,0.7058823529411764
lithography,DDA,8,11,0.7962962962962963,0.6955861549772614,7,18.955143999948632,55,0.7662389039883343,0.7522738103905884,0.04646683778090416,3.5143881598168534,0.8331013108747987,6.080580196938644,1.6977523904786933,25.07550124275318,4.221211975811125,0.6958779483786824,0.13248831090101926,0.8333333333333334,0.45454545454545453,0.5882352941176471
lithography,DDA,9,8,0.8518518518518519,0.6619688744648016,3,16.496562900021672,55,0.7726971581055307,0.759345722488223,0.040793958288709596,3.4461697533709095,0.9086150640135773,6.061784080611026,1.6270889203590577,23.5483532122492,3.505820905700729,0.7028093136787331,0.1084181977819054,1.0,0.5454545454545454,0.7058823529411764
lithography,PFI-SBS,0,8,0.8518518518518519,0.7535064870914703,4,39.841544099966995,54,0.7666717481999494,0.7577233769934587,0.04930089714614047,3.431586255892102,0.8661934933610739,6.0577937825948105,1.8306020756708261,23.772142396571095,4.529205550094129,0.6968631644306836,0.1373552410329202,0.8,0.36363636363636365,0.5000000000000001
lithography,PFI-SBS,1,7,0.8703703703703703,0.7758626747689011,4,39.38318270002492,54,0.7686146399017614,0.7615107177179361,0.04963443396134319,3.379847679255142,0.8473950425719496,5.917069221546326,1.8146839725538253,23.400063094309083,4.799051079984746,0.7105980594724113,0.1313206258209041,1.0,0.36363636363636365,0.5333333333333333
lithography,PFI-SBS,2,8,0.8518518518518519,0.7535064870914703,4,39.83142099995166,54,0.7687306106668387,0.7591614764349026,0.03814864784848887,3.4042942536161274,0.6858333038982798,5.942129974644446,1.585013382911338,23.842331316778896,3.421639303377643,0.710031005654315,0.11510577788871697,0.8,0.36363636363636365,0.5000000000000001
lithography,PFI-SBS,3,8,0.8518518518518519,0.7535064870914703,4,40.60876059997827,54,0.7725952448908395,0.7614278905053042,0.0420974059197136,3.3673559760094705,0.697167076063731,5.917696594343949,1.5251159604357,23.759991965437738,4.386135391275193,0.7099472282770695,0.11702845139411923,0.8,0.36363636363636365,0.5000000000000001
lithography,PFI-SBS,4,7,0.8703703703703703,0.7758626747689011,4,38.74981690000277,54,0.7726299337904093,0.7630212167949928,0.04388881694789917,3.3454802426815102,0.7105830246549888,5.852795007835248,1.5704771094675263,23.52181743053679,4.658027999323985,0.7166023999362275,0.12000941962713536,1.0,0.36363636363636365,0.5333333333333333
lithography,PFI-SBS,5,8,0.8518518518518519,0.7535064870914703,4,38.11528800002998,54,0.7685971746239465,0.7571228310695929,0.04491756234358926,3.4311451087252207,0.7504339480226863,5.914085934615385,1.5636756111490737,24.27275334725865,4.668449951058968,0.7110732053058996,0.1171661796756202,0.8,0.36363636363636365,0.5000000000000001
lithography,PFI-SBS,6,11,0.7962962962962963,0.6434782854226576,6,38.927878899965435,54,0.7653652512030128,0.7582152549799157,0.04613562219519706,3.4315063911828907,0.8276199719805278,5.972984067796489,1.6543835935747213,24.455467237579136,4.765814437241483,0.706427879824204,0.11923967678124413,0.8571428571428571,0.5454545454545454,0.6666666666666665
lithography,PFI-SBS,7,8,0.8518518518518519,0.7535064870914703,4,37.19827319995966,54,0.76295068087437,0.7586926526067429,0.04503367683755361,3.412516304340827,0.7620587583293311,5.982632036904857,1.658707713228094,23.967539509268523,4.602820682579793,0.7061282744893151,0.1181372855344522,0.8,0.36363636363636365,0.5000000000000001
lithography,PFI-SBS,8,8,0.8518518518518519,0.7535064870914703,4,39.08572209998965,54,0.7682375410210204,0.7592130536073014,0.04393938118628043,3.40172608490212,0.7328784188433483,5.9621333103220575,1.6323074243034337,23.939584541584466,4.465617136845576,0.704610207144548,0.13012875881846903,0.8,0.36363636363636365,0.5000000000000001
lithography,PFI-SBS,9,7,0.8703703703703703,0.7758626747689011,4,38.2757059999858,54,0.7667104695749434,0.7580302282547022,0.04726292173845285,3.4277040714042117,0.8205806618259589,5.965974218878888,1.766892204433587,23.969755085011467,4.4839156041944666,0.7054274131564405,0.13229407744229676,1.0,0.36363636363636365,0.5333333333333333
lithography,BPSO,0,7,0.8703703703703703,0.6149675411802805,0,6526.657631799986,16081,0.7647179202243847,0.752687949244919,0.04825280160826716,3.4920671284358664,0.7653560238558492,6.101663699118274,1.755114118120699,24.964708809962758,4.796610707509525,0.6882371646324863,0.151725794409577,0.7142857142857143,0.45454545454545453,0.5555555555555556
lithography,BPSO,1,7,0.8703703703703703,0.6235541497956564,0,6680.560792400036,16081,0.759075325360422,0.7526673496073235,0.04651468014484239,3.508491357783825,0.8180639788899181,6.069496055488192,1.7306275619183804,25.241051739158493,4.222849810234637,0.6945782008614713,0.13403083045886416,0.7142857142857143,0.45454545454545453,0.5555555555555556
lithography,BPSO,2,6,0.8888888888888888,0.5980185136840531,0,6631.897706900025,16081,0.7534640364534346,0.7488930169491358,0.03813982438162669,3.536510678953374,0.6022133910784451,6.057356836086061,1.5226897296414224,25.79269845562559,3.796026783042369,0.6982623415213227,0.11427958409832681,0.5,0.2727272727272727,0.3529411764705882
lithography,BPSO,3,7,0.8703703703703703,0.5596772145057765,0,6625.54071500001,16081,0.7555271879796833,0.7526026163370361,0.044435165957933495,3.498702383434066,0.7428822408662787,6.054820180671762,1.5955067229363387,25.271818954782976,4.767063467191159,0.700603179484127,0.11678572054012598,0.42857142857142855,0.2727272727272727,0.33333333333333326
lithography,BPSO,4,6,0.8888888888888888,0.6416976268556576,0,6436.385899799992,16081,0.7583239465810996,0.7531501082458936,0.04762362378636425,3.484370946983342,0.7470436522218361,6.028336797559414,1.7183763627392548,24.896708363149106,5.293592087765912,0.6996746905216399,0.13372132961871042,0.8333333333333334,0.45454545454545453,0.5882352941176471
lithography,BPSO,5,6,0.8888888888888888,0.6234676015018994,0,6552.677724700014,16081,0.7489794849389784,0.7419113447872472,0.05323106156995825,3.637223369795883,0.8044042887989707,6.137693332944108,1.7609795594695568,27.413660279176018,6.479568650902624,0.690498210814242,0.13396547685522284,0.6666666666666666,0.36363636363636365,0.4705882352941177
lithography,BPSO,6,6,0.8888888888888888,0.5925213163943366,0,6573.87211310002,16081,0.7552977421683341,0.7439423110507545,0.046074336772347964,3.6266845706474995,0.8057915971335308,6.266989659792547,1.680955602923709,26.230123542617992,4.800101257679879,0.6781609644062251,0.12438329399543457,0.5,0.2727272727272727,0.3529411764705882
lithography,BPSO,7,6,0.8888888888888888,0.5970238619919362,0,6495.933896200033,16081,0.7600226327701091,0.7494279835187027,0.04144784842355721,3.5452598898994827,0.7285747388316797,6.124109676509509,1.627768267315361,25.182220965408668,3.8260638935350624,0.692482976847116,0.12148544246512577,0.6666666666666666,0.36363636363636365,0.4705882352941177
lithography,BPSO,8,7,0.8703703703703703,0.4323491585108634,0,6507.163946999994,16081,0.7496104513622102,0.7385257807084745,0.04859080043791445,3.692973192665788,0.7907772405513761,6.4613039525169995,1.8659368626651,26.58421564368046,5.247181969370289,0.6566409947011399,0.16273439247176175,0.7142857142857143,0.45454545454545453,0.5555555555555556
lithography,BPSO,9,7,0.8703703703703703,0.5729811439493383,0,6449.059228899947,16081,0.7576684669956244,0.7477443267351208,0.04619282098604375,3.5712874439646876,0.7920880235471667,6.106447355926542,1.6314656758986341,25.660451674252897,4.441455706717006,0.6948541241603187,0.12161599080536811,0.5714285714285714,0.36363636363636365,0.4444444444444444
lithography,BGWO,0,4,0.9259259259259259,0.7379949225039781,0,522.247660699999,1787,0.7681547147845145,0.7645569641586424,0.04613525749036463,3.3268266521214778,0.7515207221363207,5.846519983190057,1.819581924164852,23.500601041178903,4.032641739049501,0.7148695367154794,0.14231434010942395,1.0,0.36363636363636365,0.5333333333333333
lithography,BGWO,1,4,0.9259259259259259,0.7379949225039781,0,543.3856016999925,1807,0.764360248177756,0.759976862568071,0.0479566668843548,3.3962921498901233,0.7850588334894656,5.929276206500133,1.7974560921200742,23.608111154437147,4.229737581886916,0.707993200629243,0.1354331568628867,1.0,0.36363636363636365,0.5333333333333333
lithography,BGWO,2,4,0.9259259259259259,0.7379949225039781,0,538.5941907000379,1793,0.7656364497630046,0.760408228286929,0.04393773775706294,3.378137115071134,0.6884754423251064,5.850902867049245,1.6943443245449088,23.780763093904785,3.9890284219339924,0.7158422758286079,0.12787812479637833,1.0,0.36363636363636365,0.5333333333333333
lithography,BGWO,3,4,0.9259259259259259,0.7379949225039781,0,524.356131699984,1750,0.7682651589344556,0.7641184461928627,0.04422013649485684,3.330193293701179,0.6955798923096507,5.771470508981076,1.601021475899803,23.5456424091616,4.2658733387598025,0.724899011114587,0.11831886287847747,1.0,0.36363636363636365,0.5333333333333333
lithography,BGWO,4,4,0.9259259259259259,0.7379949225039781,0,535.5084228999913,1795,0.764901193036366,0.7614134636255997,0.043408998536426456,3.369632843858464,0.7028933627581655,5.8723827208985035,1.657652109673424,23.869552561316855,4.2893297209697785,0.7148155000085986,0.12472385501163152,1.0,0.36363636363636365,0.5333333333333333
lithography,BGWO,5,4,0.9259259259259259,0.7379949225039781,0,529.3397430999903,1793,0.7687210264790212,0.7600130763832987,0.044794508956846245,3.3892298160703183,0.7159587745137278,5.837631344029565,1.6786419218380992,24.321351249765954,4.5706853459468135,0.717864892178771,0.12675739288892074,1.0,0.36363636363636365,0.5333333333333333
lithography,BGWO,6,4,0.9259259259259259,0.7379949225039781,0,563.5533440000145,1855,0.7654421239900748,0.7563366418777836,0.048921352834405955,3.4459192283890614,0.7884757066067425,5.965792610110372,1.7343932204089363,24.728555246787327,4.96404232379864,0.7052428600732266,0.13019176468334362,1.0,0.36363636363636365,0.5333333333333333
lithography,BGWO,7,4,0.9259259259259259,0.7379949225039781,0,521.2258093999699,1695,0.7663976872105953,0.7551364711334859,0.0461459160376163,3.4681558754133577,0.7890179457097654,5.99540373184369,1.727382597001868,24.32051138228992,4.161019943739825,0.7042001831085153,0.12728417845089687,1.0,0.36363636363636365,0.5333333333333333
lithography,BGWO,8,4,0.9259259259259259,0.7379949225039781,0,590.4799474999891,1984,0.763462049077176,0.7616711440933248,0.04502585115915618,3.3659275948137064,0.7251311008576676,5.8404927523975685,1.7193373731419446,23.797193208029917,4.231935600054793,0.71713406568622,0.128762429834409,1.0,0.36363636363636365,0.5333333333333333
lithography,BGWO,9,4,0.9259259259259259,0.7379949225039781,0,526.3148971000337,1731,0.7617494924710937,0.7578966939660934,0.0443374325529995,3.4216301167011034,0.7363490817492933,5.91304925643795,1.6698522864558687,24.06474596784888,4.20776611169407,0.7090291092109986,0.1306029207894365,1.0,0.36363636363636365,0.5333333333333333
lithography,NSGA2,0,2,0.962962962962963,0.7771759987012699,0,1632.8966263000038,5193,0.7104344895808496,0.7060115816235591,0.06315328925962076,4.175396609263729,1.1246350353934216,6.844557632839445,2.197059381293308,31.26675311143923,5.2703785458487165,0.6168923454132879,0.17511894488689456,1.0,0.18181818181818182,0.3076923076923077
lithography,NSGA2,1,2,0.962962962962963,0.7771759987012699,0,1494.3681133000064,4789,0.7103180560742564,0.7030764517456781,0.05944376812376757,4.215317432545431,1.0597573540976988,6.932307098208217,2.0732669099563834,31.546467465212945,5.336771198093178,0.6099960845754192,0.15834556109844364,1.0,0.18181818181818182,0.3076923076923077
lithography,NSGA2,2,2,0.962962962962963,0.7771759987012699,0,1646.4766535000526,5274,0.7101816564748523,0.7045894616614333,0.05993730844805906,4.190648970127429,1.0703291657573215,6.895917715945047,2.061661368196665,31.38955167738301,5.109256893273796,0.614247015691478,0.15372407721376655,1.0,0.18181818181818182,0.3076923076923077
lithography,NSGA2,3,2,0.962962962962963,0.7771759987012699,0,1647.779398899991,5293,0.7109851872357594,0.7013528901492351,0.060224775167704414,4.2433335984156395,1.1000913865001878,6.907542289831702,2.0695524254002358,31.71264154232691,5.273436961857496,0.6142975635887107,0.15240205028177936,1.0,0.18181818181818182,0.3076923076923077
lithography,NSGA2,4,2,0.962962962962963,0.7771759987012699,0,1555.731945800013,5016,0.7103818574947455,0.7041737715104178,0.05747227256100726,4.203665330646765,1.055425936568872,6.924852408762397,2.047033617936018,31.493910924457264,5.579966032069215,0.6124135966043897,0.15227711234151842,1.0,0.18181818181818182,0.3076923076923077
lithography,NSGA2,5,2,0.962962962962963,0.7771759987012699,0,1641.1830292999512,5207,0.7136234535551176,0.7010737426652108,0.05779314811721958,4.245148779911816,1.0628387725298913,6.930669352345763,2.0083866839172377,32.00084995413241,5.487117243246947,0.6117182326722443,0.15093149304598538,1.0,0.18181818181818182,0.3076923076923077
lithography,NSGA2,6,2,0.962962962962963,0.7771759987012699,0,1484.1219846000313,4864,0.7071000210728048,0.7001951848210772,0.06424178334114318,4.262166265887752,1.1528762697914388,6.996494201319184,2.1018960047968456,32.04363029648511,5.950598691369628,0.6028514705365409,0.16094456700201912,1.0,0.18181818181818182,0.3076923076923077
lithography,NSGA2,7,2,0.962962962962963,0.7771759987012699,0,1587.2980868000304,5156,0.7132689655417648,0.7011083642773998,0.05986109309017546,4.248003232063098,1.1043450385838989,6.9724564959778625,2.121079060745476,31.671786764763088,5.047395251674688,0.6060447308072866,0.15942450489373042,1.0,0.18181818181818182,0.3076923076923077
lithography,NSGA2,8,2,0.962962962962963,0.7771759987012699,0,1551.9138898000238,5161,0.7107120188909156,0.7001559793355485,0.06722420016642125,4.25992426954821,1.1711754122657878,6.966478647914773,2.236753584712251,31.782624650678326,5.714279016611675,0.605403994509998,0.17393318190101648,1.0,0.18181818181818182,0.3076923076923077
lithography,NSGA2,9,2,0.962962962962963,0.7771759987012699,0,1702.170614099945,5566,0.7050720883346671,0.7018562984079807,0.06172779484734255,4.236429870533339,1.103706538980244,6.957476451332272,2.1086569466513274,31.577167175437726,5.459129875599796,0.6068937642820226,0.16220642269508945,1.0,0.18181818181818182,0.3076923076923077
lithography,Boruta,0,17,0.6851851851851851,0.6033864735203658,15,7.942324500007089,2,0.7565584766950743,0.7475968565444461,0.04809330567780882,3.581132828818197,0.8698475855862551,6.197951249229957,1.7714952003957696,25.921092731386413,4.785069360964399,0.6828542962775125,0.1382118920029035,0.75,0.5454545454545454,0.631578947368421
lithography,Boruta,1,18,0.6666666666666667,0.6018054078027258,15,7.322335799981374,2,0.7557620583094778,0.7468513888130156,0.048114857528332375,3.577022986781672,0.7796647665754237,6.1787803761624085,1.5231905211352395,26.135496433814705,5.430365857830612,0.6826382517024888,0.13308551331316246,0.7777777777777778,0.6363636363636364,0.7000000000000001
lithography,Boruta,2,18,0.6666666666666667,0.6008832404737842,15,25.0740749000106,2,0.7543181860598029,0.7452156628361405,0.04306805657182564,3.6053323580983965,0.7644387067021972,6.221301257887834,1.6147328877109415,26.360216715982947,4.435444427269162,0.6822256342421337,0.12273004507816906,0.7777777777777778,0.6363636363636364,0.7000000000000001
lithography,Boruta,3,17,0.6851851851851851,0.6033864735203658,15,8.36381569999503,2,0.7581262713391957,0.7463862835124855,0.04916435559808459,3.5829884051528187,0.7805112510395527,6.243277588376836,1.6058752156743394,25.926525267501727,5.242674368462522,0.6774424495320884,0.13567045448873982,0.75,0.5454545454545454,0.631578947368421
lithography,Boruta,4,18,0.6666666666666667,0.6018054078027258,15,7.340637199988123,2,0.7548185949745638,0.7515770896619958,0.04835624866598865,3.511548114968152,0.7913831359060086,6.083325931843766,1.605095412816105,25.58047806343252,5.5670250792332885,0.6945704347803368,0.12392706520719173,0.7777777777777778,0.6363636363636364,0.7000000000000001
lithography,Boruta,5,17,0.6851851851851851,0.6033864735203658,15,16.932410100009292,2,0.7566257889743147,0.7470932342980526,0.04606821926677257,3.5672385979668753,0.733602671732055,6.148646108634691,1.4719392557967346,26.01791374400121,4.894059034299013,0.6862690374245598,0.1269019150816708,0.75,0.5454545454545454,0.631578947368421
lithography,Boruta,6,16,0.7037037037037037,0.592335365794173,15,17.289645199954975,2,0.7506323861879871,0.7428067659992157,0.05429252822032824,3.637071603085573,0.8702136212453988,6.24065747926362,1.7078889207261618,26.42715235446757,5.810294059940138,0.6746517409178102,0.14529771628317317,0.8571428571428571,0.5454545454545454,0.6666666666666665
lithography,Boruta,7,18,0.6666666666666667,0.6018054078027258,15,8.047765599971171,2,0.7502415970172543,0.7450086126899211,0.05116040034271174,3.6022918617899604,0.8168963332617862,6.186727282390591,1.71009220292115,26.26638896170764,5.397602283726103,0.6834180441931437,0.13286472899560253,0.7777777777777778,0.6363636363636364,0.7000000000000001
lithography,Boruta,8,18,0.6666666666666667,0.6018054078027258,15,7.130595299997367,2,0.7586318444879276,0.7439439437019323,0.04960871723821797,3.6252551165843743,0.8434645795559587,6.289407579992423,1.6707675538913958,26.150178033266766,5.241577234435839,0.6716610427932719,0.14222634603113352,0.7777777777777778,0.6363636363636364,0.7000000000000001
lithography,Boruta,9,17,0.6851851851851851,0.5907734322357324,15,9.379419999953825,2,0.7549812915451767,0.7459875334658247,0.04572001985050264,3.5968547065290735,0.8015373319527671,6.217390625964311,1.583992149546725,25.871906378166152,4.397895575281358,0.6807411347270659,0.12605987869921195,0.875,0.6363636363636364,0.7368421052631579
lithography,LASSO,0,38,0.2962962962962963,0.4421744279313022,4,0.8853246999788098,2,0.7243346143647105,0.7144634072637638,0.053645605074552884,4.045128906973256,0.9548683877963418,6.726767340544123,1.8851557850751088,30.591025934078406,5.757394830928502,0.631812507718,0.14886866393861994,0.3235294117647059,1.0,0.48888888888888893
lithography,LASSO,1,38,0.2962962962962963,0.4421744279313022,4,0.964624099957291,2,0.7207554711144714,0.7151350332626659,0.05011130769179024,4.032935855266066,0.8760765442389966,6.767144473973985,1.7234637321960495,30.68878879235826,6.116271508457538,0.6284007904895301,0.13663900801083897,0.3235294117647059,1.0,0.48888888888888893
lithography,LASSO,2,38,0.2962962962962963,0.4421744279313022,4,0.9768348999787122,2,0.7301652055607658,0.7129744173997808,0.04992368930781295,4.058707540790994,0.8628697820406424,6.692738994368755,1.7708144842031133,31.062764667728185,5.271732929260332,0.6337513911624733,0.14226263848062082,0.3235294117647059,1.0,0.48888888888888893
lithography,LASSO,3,38,0.2962962962962963,0.4421744279313022,4,0.9559910000534728,2,0.7279024591673035,0.7202587888936297,0.0416484414202796,3.962879555981629,0.8032788832630973,6.714678916526518,1.5808501011919331,29.657150659238614,4.499384978629099,0.6338885870579382,0.12596502457249767,0.3235294117647059,1.0,0.48888888888888893
lithography,LASSO,4,38,0.2962962962962963,0.4421744279313022,4,0.8018038999871351,2,0.7259970573364518,0.718382107903069,0.04336360866375709,3.987885212707666,0.8013204613847962,6.723815470654246,1.583798513302163,29.99361910778338,5.12522295054902,0.6328308855721756,0.12876143359054604,0.3235294117647059,1.0,0.48888888888888893
lithography,LASSO,5,38,0.2962962962962963,0.4421744279313022,4,0.8400818000081927,2,0.7292052900552591,0.7153210541160369,0.049771836306384896,4.026456177849888,0.8678678512459371,6.722216764997336,1.7068078072228068,30.978539174904547,5.706359233563696,0.6304799756708236,0.14020657043802895,0.3235294117647059,1.0,0.48888888888888893
lithography,LASSO,6,38,0.2962962962962963,0.4421744279313022,4,1.0385062000132166,2,0.7219923382019767,0.7133159618534043,0.050073795057972964,4.061596378934545,0.8981161562982662,6.795040776149507,1.8094030750181458,30.562448298714923,5.5542349513246405,0.6238371049281773,0.14368741070858437,0.3235294117647059,1.0,0.48888888888888893
lithography,LASSO,7,38,0.2962962962962963,0.4421744279313022,4,1.0544818999478593,2,0.7273962432889041,0.717033017966173,0.04717180223156933,4.006732968646797,0.858064395863987,6.767089034096784,1.7624378230463191,30.217532503599895,5.101676090012873,0.6277516759806753,0.1336263216817579,0.3235294117647059,1.0,0.48888888888888893
lithography,LASSO,8,38,0.2962962962962963,0.4421744279313022,4,0.9385001999908127,2,0.7371410573846788,0.7135377678077005,0.04993906182775546,4.054827753721628,0.8627587821958769,6.7498107057594625,1.743046477077425,30.388773501635434,5.264836504340246,0.6293055056935155,0.13762677320505892,0.3235294117647059,1.0,0.48888888888888893
lithography,LASSO,9,38,0.2962962962962963,0.4421744279313022,4,0.9764873000094667,2,0.7282389291583684,0.7195874872198866,0.05023849680690579,3.9694239398724567,0.895226531902768,6.705331726568237,1.7555771160000717,29.836658919684613,5.188085671068014,0.6336812092856557,0.13550870053061237,0.3235294117647059,1.0,0.48888888888888893
lithography,RFE,0,7,0.8703703703703703,0.6729121307817708,3,112.2595601999783,54,0.7681445776330404,0.7575087678833614,0.04763872668818948,3.439204047355295,0.8560472997645837,5.9578465676511545,1.8068342053521333,24.190952354708354,4.490988052592627,0.7067428796008005,0.13933270352124083,1.0,0.45454545454545453,0.625
lithography,RFE,1,8,0.8518518518518519,0.7564782661591563,4,112.18320520000998,54,0.7681709265134837,0.7618618986601984,0.04754009709930487,3.3759356153201847,0.8253920270166831,5.93132391325616,1.672274963577183,23.633705977311028,4.507363745149515,0.7082680570091305,0.12135147746658462,0.8,0.36363636363636365,0.5000000000000001
lithography,RFE,2,7,0.8703703703703703,0.6676647908167871,3,112.58363700000336,54,0.7688563843867752,0.7571603381269447,0.03732835904352283,3.4390648090292064,0.7048748089337908,5.962637199294337,1.5402018027202533,24.404503409415685,3.312026208284302,0.7082702521176205,0.11399534181329535,0.8,0.36363636363636365,0.5000000000000001
lithography,RFE,3,8,0.8518518518518519,0.7610385245701934,4,111.22679210000206,54,0.773286698831763,0.7642736429994934,0.046086974451401926,3.343061016714264,0.8093172344153211,5.8656419734880965,1.6899770791879398,23.732350633090235,4.410277022158315,0.7183204810235279,0.11511033336026358,1.0,0.45454545454545453,0.625
lithography,RFE,4,7,0.8703703703703703,0.6738809235702523,3,110.53108480002265,54,0.7729670351580665,0.7649915098765824,0.0456219073758441,3.3299106221853387,0.7923096385579944,5.8187188116868205,1.6489452256172092,23.59071255100705,4.556886633045413,0.720096891059452,0.11959543761106164,1.0,0.45454545454545453,0.625
lithography,RFE,5,8,0.8518518518518519,0.7557576837057985,4,110.13213769998401,54,0.7701888527446291,0.7567182206321117,0.04482733308468198,3.444619407980242,0.7931133074954477,5.907143660682655,1.540453951444929,24.621040586955395,4.425990527125041,0.7133521019180357,0.1103773205275393,0.8,0.36363636363636365,0.5000000000000001
lithography,RFE,6,6,0.8888888888888888,0.6801998358119334,3,112.52593519998481,54,0.7652066348666049,0.7569804723847642,0.04637596324190412,3.4372353566898606,0.7739609694756113,6.0093918561712,1.630942468025085,24.322843068147428,4.958311384319621,0.7014844545941522,0.12627555482573224,0.75,0.2727272727272727,0.39999999999999997
lithography,RFE,7,6,0.8888888888888888,0.6801998358119334,3,116.25214880000567,54,0.7629374833587993,0.7580889531698741,0.0434749467654623,3.419986156997363,0.7317915770954405,6.0047245038560675,1.6440005479108462,24.019690474507374,4.367852994110889,0.7043437285785719,0.12048924152761259,0.75,0.2727272727272727,0.39999999999999997
lithography,RFE,8,8,0.8518518518518519,0.7564782661591563,4,112.79285470000468,54,0.7678335590615496,0.7581893662495549,0.04611618749017679,3.427153114879837,0.8024299342549962,5.972023086158875,1.6811568109977868,24.40219461062359,4.535678850548172,0.7039881214338469,0.130882393070087,0.8,0.36363636363636365,0.5000000000000001
lithography,RFE,9,7,0.8703703703703703,0.673575799113418,3,115.65239890001249,54,0.7690334956319314,0.7592783621230661,0.04671418571036833,3.418134284215068,0.843500725306442,5.963006606586374,1.7529703131310903,24.13934940846197,4.395480342557061,0.7063608003962987,0.1274332837462763,1.0,0.45454545454545453,0.625
implantation,ALL,0,54,0.0,0.4790851370810575,18,0.8420523999957368,1,0.7018366526504283,0.6692300195635489,0.04717936388987366,8.780148961615748,1.9604105715289506,15.54874287855434,3.649496337456172,36.24812504679036,6.387824356433291,0.6826697058162178,0.08939475792317018,0.2558139534883721,1.0,0.40740740740740744
implantation,ALL,1,54,0.0,0.4790851370810575,18,0.8679390999604948,1,0.7032558648472822,0.6744872593211547,0.05317582204790183,8.620863407868956,1.8903653267861065,15.479630466948871,3.4694161182793497,35.45767447543139,6.367421631815735,0.6816209720819555,0.10483490896503564,0.2558139534883721,1.0,0.40740740740740744
implantation,ALL,2,54,0.0,0.4790851370810575,18,0.9230329000274651,1,0.7055116377472599,0.6676606084397145,0.05471319947858403,8.809962321353044,1.9628064252701645,15.43081124156658,3.776037309812307,36.31350089433103,6.621026091823924,0.6842699418115494,0.10502502238734021,0.2558139534883721,1.0,0.40740740740740744
implantation,ALL,3,54,0.0,0.4790851370810575,18,0.949232800048776,1,0.7029818296376339,0.6731689814385594,0.05328566726455074,8.64479822688006,1.7547889797877372,15.264881826376985,3.442956759730205,35.8632507421738,6.108632477591846,0.689691986181687,0.1044037348031061,0.2558139534883721,1.0,0.40740740740740744
implantation,ALL,4,54,0.0,0.4790851370810575,18,0.9001618000329472,1,0.6980636754230305,0.6707920257415861,0.047385310932392524,8.731808788848673,1.8878279937912288,15.44669318119955,3.634926789019964,36.18925163102627,5.793638528581956,0.684897413230789,0.09815629902651668,0.2558139534883721,1.0,0.40740740740740744
implantation,ALL,5,54,0.0,0.4790851370810575,18,0.8796179000055417,1,0.6992621930671676,0.669632106502813,0.041897982656552396,8.775380358127263,1.8236538641818376,15.541572216670765,3.453313099948158,36.18918579411636,5.556336350792925,0.6844372443940506,0.08382267620561712,0.2558139534883721,1.0,0.40740740740740744
implantation,ALL,6,54,0.0,0.4790851370810575,18,0.7589652999886312,1,0.7064978464556946,0.6734207750439919,0.04563686381168578,8.685467486152524,1.9466867619605144,15.56718722804467,3.6340118529291634,35.64440601929478,5.204334247973558,0.6845205303075138,0.0851365547449731,0.2558139534883721,1.0,0.40740740740740744
implantation,ALL,7,54,0.0,0.4790851370810575,18,0.9324748000362888,1,0.6977157673215759,0.669991589057553,0.05573747270263507,8.73681976043205,1.941697849273673,15.440509168390227,3.676074823226144,35.69886228988181,5.2960157718679275,0.6810800215468602,0.11268576527594741,0.2558139534883721,1.0,0.40740740740740744
implantation,ALL,8,54,0.0,0.4790851370810575,18,0.9615841000340879,1,0.71296783924698,0.6789739762422617,0.05018299876674643,8.524693496943929,1.9429442939269097,15.186447911209768,3.756924417985998,35.08503442001952,6.173203117809045,0.6973529796004784,0.09582634176818744,0.2558139534883721,1.0,0.40740740740740744
implantation,ALL,9,54,0.0,0.4790851370810575,18,0.9809086000313982,1,0.7078313243829312,0.669701460408228,0.055338472297675315,8.764109005315412,2.0158603302970275,15.541423553081552,3.7157962004176466,35.681851344139176,6.419664922321822,0.6792179135935821,0.11125808857398778,0.2558139534883721,1.0,0.40740740740740744
implantation,FILTER,0,43,0.20370370370370372,0.32580463761897754,0,1.340549300017301,2,0.6966492732064689,0.6667220552436567,0.04725595804637287,8.836025799617467,1.8759260046658561,15.59141400327269,3.602285176397584,36.94426358493908,6.257999261038317,0.6826330340602917,0.08599889618001047,0.2558139534883721,1.0,0.40740740740740744
implantation,FILTER,1,43,0.20370370370370372,0.32580463761897754,0,1.2283500999910757,2,0.6970705253896636,0.6685131516921731,0.05325098760388436,8.760832258846886,1.818447124768709,15.6183366495366,3.4508345372103415,36.13193609122958,6.479527313230893,0.6763941918401926,0.10574342967007953,0.2558139534883721,1.0,0.40740740740740744
implantation,FILTER,2,43,0.20370370370370372,0.32580463761897754,0,1.3665323000168428,2,0.6994769440794695,0.6672902752107246,0.05008791114320595,8.852096623810883,2.074720943864478,15.693588567381862,3.5300085298722923,36.2810759728161,6.904923275720105,0.6790403167121737,0.08308715197121254,0.2558139534883721,1.0,0.40740740740740744
implantation,FILTER,3,43,0.20370370370370372,0.32580463761897754,0,1.2198517000069842,2,0.7041654845380546,0.6734825527720733,0.05304906094165883,8.656381369727095,1.8701680654341966,15.528060279023975,3.6550881529905697,35.27390444826623,6.233773063096637,0.6832792338238162,0.09856108098520286,0.2558139534883721,1.0,0.40740740740740744
implantation,FILTER,4,43,0.20370370370370372,0.32580463761897754,0,1.509471700002905,2,0.6950229169297346,0.6712698622358398,0.05272199940059674,8.736987543894106,2.0384344811701034,15.73502659437399,3.9008739306288933,36.054664969976024,6.536545922900282,0.6752666118215167,0.10278937757002449,0.2558139534883721,1.0,0.40740740740740744
implantation,FILTER,5,43,0.20370370370370372,0.32580463761897754,0,1.2235394000308588,2,0.7000284857480434,0.6643496970492914,0.04817035447365824,8.915004983527231,1.9451166373364113,15.784352302141512,3.5199111120637445,36.598349255116844,5.968618436982782,0.6747440232792007,0.08627892787303838,0.2558139534883721,1.0,0.40740740740740744
implantation,FILTER,6,43,0.20370370370370372,0.32580463761897754,0,1.4064427000121213,2,0.7036074326470062,0.6724448236819879,0.04698309261188122,8.731470024288763,2.0444382204475273,15.576464602269851,3.820492475390201,35.777176677724604,5.143974340823653,0.6849499285360924,0.08977414156034487,0.2558139534883721,1.0,0.40740740740740744
implantation,FILTER,7,43,0.20370370370370372,0.32580463761897754,0,1.3118136000121012,2,0.6955222795161142,0.6722149181064527,0.05501199605375514,8.671760761243396,1.8970899894234494,15.533610010876203,3.711404111485488,35.68923705798844,5.819127150143235,0.6818170287612924,0.10474296244910726,0.2558139534883721,1.0,0.40740740740740744
implantation,FILTER,8,43,0.20370370370370372,0.32580463761897754,0,1.549587900051847,2,0.7004253783076253,0.6719498266493632,0.048755980494134966,8.715875153176563,1.965882130332162,15.512767547204902,3.7027192111080773,36.206552536153964,6.401875322545689,0.6855330375952889,0.0925067310481,0.2558139534883721,1.0,0.40740740740740744
implantation,FILTER,9,43,0.20370370370370372,0.32580463761897754,0,1.4849666000227444,2,0.7022454632781936,0.6619505815836305,0.0522536228880668,8.992645839637902,2.119249064594082,16.120609555996662,3.7366965289874265,36.64341444577579,6.7458283618779955,0.6577615266321388,0.10801647445559183,0.2558139534883721,1.0,0.40740740740740744
implantation,GA,0,12,0.7777777777777778,0.5245846799254946,1,2752.4990614000126,5062,0.7295266211968459,0.6898177723015544,0.04528444100804274,8.263095901336992,1.9642001208011057,14.994396377734377,3.576683579810482,31.943009583385926,6.370183910924603,0.7086982264967848,0.07280327479752827,0.36363636363636365,0.36363636363636365,0.36363636363636365
implantation,GA,1,9,0.8333333333333334,0.5325136576393124,3,5424.779412399977,10205,0.7343826412801882,0.7077588638571676,0.0386639464872899,7.768750876957132,1.6767619973909604,14.004967280197219,3.412011947676069,29.698040832573348,4.816878845425753,0.7436146538376078,0.07449716974595655,0.6666666666666666,0.36363636363636365,0.4705882352941177
implantation,GA,2,8,0.8518518518518519,0.4938836306256177,0,5383.732999400003,10357,0.7062162097823519,0.677523550395835,0.05012881576849271,8.697361621659008,2.5598280870976913,15.549031297946476,4.608852977489779,32.942395265015215,5.839738421607421,0.6835448113437316,0.12825599526735276,0.375,0.2727272727272727,0.3157894736842105
implantation,GA,3,10,0.8148148148148149,0.6038743407162516,1,5301.406667700037,10045,0.7208995624885013,0.6931747398590107,0.04688736516039139,8.125125626305584,1.6912167998599963,14.782381563082943,3.488277836934037,31.901157179589823,6.004113314557858,0.7145554372162568,0.0811932481204607,0.5555555555555556,0.45454545454545453,0.5
implantation,GA,4,10,0.8148148148148149,0.4998711662349122,1,6367.4906065000105,12141,0.7374920238297942,0.6932648806312026,0.042454705195575204,8.16968706338015,1.886608974103922,14.834618844733875,3.6860862948228723,32.07207636298062,6.189692459794441,0.7143049448050448,0.07835935280265165,0.5555555555555556,0.45454545454545453,0.5
implantation,GA,5,8,0.8518518518518519,0.6057629724272211,2,6261.6388488000375,11913,0.7236602347473977,0.6944022904527232,0.04269772277630283,8.133067717689311,1.7842553693115202,14.498663107417096,3.6663759752110305,32.19210335758943,4.73895584430494,0.727696606780386,0.07861121356904097,0.5,0.2727272727272727,0.3529411764705882
implantation,GA,6,9,0.8333333333333334,0.5394732543547583,0,6940.234444200003,13084,0.7288601050602459,0.6928109646800966,0.04550556382052892,8.160011678566407,1.8628917191676224,14.526103329142053,3.6502958980177733,32.478220520863395,4.9569876952181655,0.7234699847685264,0.08852887420026989,0.5555555555555556,0.45454545454545453,0.5
implantation,GA,7,11,0.7962962962962963,0.6149832673798066,2,4198.847202899982,7868,0.7230008173710185,0.6857966557117614,0.0487686377058616,8.357363398153455,1.9844607009498738,15.193418827353232,3.885042745295485,32.19737268112749,5.740544985731744,0.7003539157984915,0.08639828157991654,0.5555555555555556,0.45454545454545453,0.5
implantation,GA,8,9,0.8333333333333334,0.5100786436657702,2,5389.164572000038,10195,0.7357141283399731,0.7174382516157845,0.032379807760559244,7.571373691943044,1.843862051784549,13.717401428951304,3.3981928498208767,27.38815391858298,2.7450399332965945,0.7547519618537711,0.07320272478997907,0.7142857142857143,0.45454545454545453,0.5555555555555556
implantation,GA,9,10,0.8148148148148149,0.5682010345789313,0,3458.7380174999707,6544,0.735002916315937,0.6932370153356024,0.04918779534538432,8.174141205976515,2.0100708097773268,14.851499128445903,3.7042566403544077,31.62043220886694,6.049389553724713,0.7066492147862301,0.1127695365014127,0.6,0.5454545454545454,0.5714285714285713
implantation,TSFGA,0,9,0.8333333333333334,0.5240401166020304,0,3940.7908284000005,8230,0.7401943273548411,0.7067873412346479,0.04362183766620601,7.842308676590374,1.9597574522950933,14.330381064320685,3.7412574601024544,29.539444130460797,5.269569616585303,0.7360566478573564,0.06736997141823597,0.4444444444444444,0.36363636363636365,0.39999999999999997
implantation,TSFGA,1,7,0.8703703703703703,0.6075203176425107,0,6193.782863600005,13337,0.7430259879588788,0.7077546883749907,0.04105072128076094,7.766434165216377,1.6894972960968209,14.257498574668638,3.300957891671352,29.476967975003436,5.2815872271778,0.7351863523902177,0.06814158630345614,0.5714285714285714,0.36363636363636365,0.4444444444444444
implantation,TSFGA,2,7,0.8703703703703703,0.5711788334851629,0,4741.3623205000185,9854,0.7272584137154505,0.6991398532811756,0.04842443705937679,8.02238229807134,1.9582251798969248,14.60221216638114,3.55089847874347,30.772552553133867,6.040817504562378,0.7225605100049519,0.0769518992637266,0.7142857142857143,0.45454545454545453,0.5555555555555556
implantation,TSFGA,3,7,0.8703703703703703,0.5892486073216585,0,6630.710508199991,14113,0.7370209988376322,0.7120997086612799,0.04463941525787062,7.648673079430655,1.6618146577578854,13.966031898066687,3.2055745551161,29.16430018281092,5.49192945294526,0.7437700935295573,0.07614182309651488,0.5714285714285714,0.36363636363636365,0.4444444444444444
implantation,TSFGA,4,9,0.8333333333333334,0.5723538190854911,0,4945.257507400005,10473,0.7321258265611741,0.6992802510597576,0.04215592729741763,8.025456435449325,1.912395915706945,14.628465587288352,3.6882123506955247,30.57635186119826,5.233790585527475,0.7234476377289123,0.07237154157079985,0.6666666666666666,0.5454545454545454,0.6
implantation,TSFGA,5,7,0.8703703703703703,0.5615876492498694,0,3560.334565499972,7534,0.7283144057822635,0.6975213137320879,0.04035564009314995,8.046822228740185,1.7236097699449353,14.532158007690759,3.192345121186016,30.952099374090867,4.892190751417962,0.7251746852019834,0.06725447295877152,0.5714285714285714,0.36363636363636365,0.4444444444444444
implantation,TSFGA,6,8,0.8518518518518519,0.5716310067394299,0,4039.264473199961,8527,0.7436665300595222,0.7144824985135388,0.04021956700487872,7.618669888437159,1.7878741550696036,13.959932920826331,3.555441544996631,28.965129896173718,4.589544242428402,0.7490914192701339,0.06494838393068485,0.625,0.45454545454545453,0.5263157894736842
implantation,TSFGA,7,7,0.8703703703703703,0.46701531971928184,0,3041.328922900022,6359,0.7181953419955222,0.6974725242210182,0.05637536651717934,8.09059613511713,2.240493035528784,14.8696460862064,4.397881616496271,30.282881631500608,6.15753687604547,0.7149812042266243,0.09486963605717799,0.42857142857142855,0.2727272727272727,0.33333333333333326
implantation,TSFGA,8,6,0.8888888888888888,0.5221907351843662,0,3964.0465495000244,8458,0.7243525443504424,0.6993752036732029,0.04978061620959833,8.025355118396849,2.084326631607413,14.75177157330166,3.9286498023586645,29.650321321872088,5.917888380702866,0.7193582307993142,0.08028684668843303,0.6666666666666666,0.36363636363636365,0.4705882352941177
implantation,TSFGA,9,8,0.8518518518518519,0.5645890751617575,0,3014.3160669000354,6533,0.7414747752364914,0.6958859432036455,0.048849349805242914,8.120883591110534,2.030192225373715,14.856561738264134,3.802633134019021,30.986944631038714,6.086130290469448,0.7121113002417568,0.0914075132606622,0.625,0.45454545454545453,0.5263157894736842
implantation,mRMR,0,10,0.8148148148148149,0.7177836414055937,4,32.509635099966545,54,0.7368192861294062,0.707799073410189,0.04400593524433238,7.794771786779319,1.878006444596863,14.13706111758384,3.8426411318945948,29.852118791939088,5.296826341574909,0.7412311519396693,0.08052225223613912,0.5714285714285714,0.36363636363636365,0.4444444444444444
implantation,mRMR,1,13,0.7592592592592593,0.6027235307311445,7,32.7833299000049,54,0.7369881751187936,0.7047986888159209,0.04598792949593253,7.847240152667667,1.7785019087625555,14.450785750639739,3.7805994667784026,30.51277707865711,5.8353269171788,0.7287772048026813,0.08242390956288848,0.5,0.36363636363636365,0.4210526315789474
implantation,mRMR,2,14,0.7407407407407407,0.6068140938579004,7,31.962604100001045,54,0.7382635360379908,0.7021533545126829,0.043092328805938045,7.958121760034965,1.9225731104144947,14.478620583112555,3.700652384291919,30.628739143417274,5.85740577838876,0.7280808640282805,0.07810724239622872,0.5555555555555556,0.45454545454545453,0.5
implantation,mRMR,3,11,0.7962962962962963,0.6063026037332846,6,30.94422550004674,54,0.7368358074125385,0.7097775561020089,0.043625224558152334,7.7235333930325165,1.7561241682491584,14.173210748507255,3.746510295550583,29.493480291571828,4.854918125569195,0.7386261219099595,0.08332762861104666,0.5714285714285714,0.36363636363636365,0.4444444444444444
implantation,mRMR,4,14,0.7407407407407407,0.6068140938579004,7,31.378206599969417,54,0.7340702786202649,0.6982241377438377,0.04300562723577191,8.046410408902613,1.9003081147775505,14.577196508052499,3.807249630707415,31.41801666046628,5.633355984655229,0.7234961364380966,0.08512369231011219,0.5555555555555556,0.45454545454545453,0.5
implantation,mRMR,5,10,0.8148148148148149,0.7177836414055937,4,30.885190600005444,54,0.7400188730455863,0.7097287286727446,0.040803979915201655,7.750503318677505,1.8206715281955361,14.02794245689477,3.6309918877060956,29.573330903682677,5.163340202287754,0.7471463687694678,0.06633461780906871,0.5714285714285714,0.36363636363636365,0.4444444444444444
implantation,mRMR,6,10,0.8148148148148149,0.7177836414055937,4,34.057015499973204,54,0.7356567617050159,0.709315679980054,0.04107108947369046,7.765644628789723,1.8662767756900431,14.060513325251458,3.5777958336352635,29.673826074551744,5.043323583399665,0.744508556352109,0.07075729251018495,0.5714285714285714,0.36363636363636365,0.4444444444444444
implantation,mRMR,7,10,0.8148148148148149,0.7177836414055937,4,33.1765564000234,54,0.7320455468867492,0.7155719115309028,0.0451031746256961,7.583406488154612,1.8716533636042596,13.84736977467942,3.850721546879469,28.73718777990356,4.956741928334903,0.7515045345619775,0.07868889796420771,0.5714285714285714,0.36363636363636365,0.4444444444444444
implantation,mRMR,8,11,0.7962962962962963,0.6063026037332846,6,31.16321730002528,54,0.7477067740197091,0.7130422074774435,0.04387084442013006,7.658864612562956,1.8691644062255786,13.90641829126666,3.7028299015895896,29.336388984954215,5.0067887958179655,0.7497463375320323,0.07395906200756443,0.5714285714285714,0.36363636363636365,0.4444444444444444
implantation,mRMR,9,10,0.8148148148148149,0.7177836414055937,4,30.226351600023918,54,0.7407909923191774,0.7028736640397691,0.046834579908288376,7.908966892500437,1.863017183037494,14.43965064524197,3.772210874784753,29.994984313730097,5.225933938630881,0.7275045330392055,0.08569673737931749,0.5714285714285714,0.36363636363636365,0.4444444444444444
implantation,MI,0,18,0.6666666666666667,0.6052040543123786,13,32.4381405999884,54,0.7339591723028149,0.7011702140449156,0.04507029564083108,7.972389214145181,1.9237451872510671,14.389231265554429,3.758553327440887,31.71435713011744,5.483766505098784,0.7315213750408263,0.07914038828750682,0.6,0.5454545454545454,0.5714285714285713
implantation,MI,1,12,0.7777777777777778,0.6069545772884615,13,32.58766040002229,54,0.7353989978167448,0.700218403314409,0.04445753671542394,7.987672582646872,1.8960185990288476,14.350853217567858,3.6686161100120853,30.966155416843314,5.460957805224812,0.7328690543049041,0.07485857749120708,1.0,0.36363636363636365,0.5333333333333333
implantation,MI,2,20,0.6296296296296297,0.5961746275693568,15,32.66108519997215,54,0.739534765962996,0.6974299230565866,0.048304593858732404,8.064382750144167,1.9395598713956375,14.53569293285539,3.8181533252829714,31.838876378890163,5.880082476613943,0.724021839686358,0.08906952651505086,0.6363636363636364,0.6363636363636364,0.6363636363636364
implantation,MI,3,11,0.7962962962962963,0.6068339121015254,12,32.04647579998709,54,0.7345397200562387,0.6958545039543946,0.047913477753982914,8.08583105819009,1.8278320539299857,14.459583791782224,3.5038586719494007,31.196284873379906,5.600104396751633,0.7270567830169399,0.07890349397101198,1.0,0.36363636363636365,0.5333333333333333
implantation,MI,4,13,0.7592592592592593,0.6123169835569054,13,31.259903700032737,54,0.7372061606811054,0.6943429197552441,0.04400857000876164,8.16467043415389,2.0215923625371004,14.547294865577685,3.758955201185756,31.397808648432502,5.209979360418667,0.7250902274803374,0.07846186798927425,1.0,0.45454545454545453,0.625
implantation,MI,5,12,0.7777777777777778,0.612403999006578,12,32.70787639997434,54,0.7351061676018027,0.6966625506238201,0.04066248647323395,8.072726723062026,1.7580691947316636,14.486718415922917,3.3697121306062106,31.542546419575178,5.021648999579718,0.727425937780102,0.07004312726261334,1.0,0.45454545454545453,0.625
implantation,MI,6,6,0.8888888888888888,0.5456148498894041,5,32.43646980001358,54,0.7391352678116083,0.7058089396971863,0.04311759920601495,7.856867410290004,1.9032490650538194,14.07689095404229,3.6167630269000277,29.783194328533774,4.679076587433604,0.7442029030451258,0.07107027901397689,1.0,0.2727272727272727,0.42857142857142855
implantation,MI,7,6,0.8888888888888888,0.5456148498894041,5,31.28433509997558,54,0.7309780620247319,0.7081609638490001,0.041443416432572926,7.776433314422273,1.8213664680997632,14.094569841262665,3.7571017012315013,29.1051323266084,4.3860877429723155,0.7426201705466725,0.07553367894471769,1.0,0.2727272727272727,0.42857142857142855
implantation,MI,8,18,0.6666666666666667,0.6052040543123786,13,31.615562700026203,54,0.7424628784997631,0.7030823215216067,0.042319988186765745,7.918985563434813,1.8751997497290966,14.342620781580994,3.6169296534824897,31.073086240854813,5.2492344276983856,0.7346410268177656,0.06882416145917762,0.6,0.5454545454545454,0.5714285714285713
implantation,MI,9,18,0.6666666666666667,0.6052040543123786,13,31.714339500002097,54,0.7416650836083027,0.6892832866919915,0.0595896980141526,8.246512191725873,1.9863564871214425,14.827678782427602,3.7248889588465066,32.241448041576845,6.756106573824482,0.7082596987135514,0.10535644269139233,0.6,0.5454545454545454,0.5714285714285713
implantation,DDA,0,12,0.7777777777777778,0.6137801971919005,10,21.234044900047593,55,0.7394862091363685,0.7037482420148641,0.04615245761382941,7.929124946783192,2.04971260529232,14.364553948176647,3.7321112778256142,30.28629750041367,5.25629783395872,0.7335404279554681,0.07364063803360488,1.0,0.45454545454545453,0.625
implantation,DDA,1,13,0.7592592592592593,0.5571981989573415,5,18.33588889997918,55,0.7262125034899412,0.6904158138584798,0.04968486479125717,8.231111564744529,1.9657843802785013,15.095730159002157,3.8601432652969607,31.6237189821101,6.6365907814425,0.7046933317944115,0.08568750290370945,0.5555555555555556,0.45454545454545453,0.5
implantation,DDA,2,12,0.7777777777777778,0.717351207768248,5,18.967280799988657,55,0.7456742945973771,0.7041881211232515,0.04692458313752821,7.893308846101575,1.9461944395200326,14.35477679233157,3.724426752896529,29.95684853572673,5.934514370028841,0.7322051487770519,0.08110751440078728,0.75,0.5454545454545454,0.631578947368421
implantation,DDA,3,15,0.7222222222222222,0.6169814409895445,10,21.108686899999157,55,0.7468487022575322,0.7077539626228238,0.046876792363956414,7.775448562651184,1.7649885643641807,14.106542642296452,3.3528611678266365,29.687642424927223,5.4230914418079825,0.7382684541924172,0.07964747175925578,0.875,0.6363636363636364,0.7368421052631579
implantation,DDA,4,12,0.7777777777777778,0.7019539513257526,5,19.067874300002586,55,0.7430217527858238,0.7070156804531472,0.04292347716161951,7.841287786543949,2.0057755299949935,14.262935691190103,3.7109023730220407,29.99533168737815,5.066366568821684,0.7348843662599076,0.0788043763267838,0.75,0.5454545454545454,0.631578947368421
implantation,DDA,5,10,0.8148148148148149,0.7117878548276929,2,17.47733620001236,55,0.7454474343328539,0.7084007590427831,0.040026119516914684,7.777569832877704,1.798052444228118,14.298966729939927,3.489540686280412,29.355045819667996,5.127986336306332,0.7367071159730819,0.06687936833586207,0.625,0.45454545454545453,0.5263157894736842
implantation,DDA,6,12,0.7777777777777778,0.7003851107276424,6,19.28144579997752,55,0.7523188029936054,0.7118905199575098,0.039503101609823094,7.678943421358141,1.7805370308498438,13.864728844853934,3.507338713020951,29.36707235289801,4.896132190483691,0.7505399099294926,0.07216629312247991,0.8571428571428571,0.5454545454545454,0.6666666666666665
implantation,DDA,7,13,0.7592592592592593,0.699592812603886,5,19.618488400010392,55,0.7471247395788669,0.7146580877730121,0.048882949959479775,7.59398062869022,1.8638820297218643,13.845628014090092,3.57482116490415,28.58148135605841,5.2633088996007515,0.7490486183942858,0.07869291203228071,0.8888888888888888,0.7272727272727273,0.7999999999999999
implantation,DDA,8,9,0.8333333333333334,0.7128198155519523,4,18.04477840004256,55,0.7340826442021269,0.6984421836713526,0.05097478569281016,8.058226257983819,2.160809756725679,14.705302047940414,3.9594197861425378,30.43258468288814,5.851430701998142,0.7199897522405033,0.08251962286334161,0.6666666666666666,0.36363636363636365,0.4705882352941177
implantation,DDA,9,9,0.8333333333333334,0.7091843192041674,4,17.48758200003067,55,0.7301137206135004,0.6951823703882304,0.049804012472470634,8.121963124169467,2.0307406117875475,14.825790453118916,4.036237735051016,30.296730654963813,5.750549189354485,0.7145577311238436,0.0906352785773569,0.8333333333333334,0.45454545454545453,0.5882352941176471
implantation,PFI-SBS,0,9,0.8333333333333334,0.719038731581896,5,40.00576329999603,54,0.7467866951198316,0.7104436934859364,0.036391538636543236,7.740904504591833,1.8751963317051865,14.069975351660087,3.5105519858294145,29.093493995047677,5.252557031650402,0.7441484183457427,0.06574260767996151,0.8,0.36363636363636365,0.5000000000000001
implantation,PFI-SBS,1,7,0.8703703703703703,0.6490217040447096,3,38.778370500018355,54,0.7439900049602391,0.7129931031988956,0.04285858595780601,7.647458104352389,1.8349846853496952,14.168953162570897,3.764413377700813,28.64492697681242,5.674354747800271,0.7410391314702268,0.07333957988420531,0.8,0.36363636363636365,0.5000000000000001
implantation,PFI-SBS,2,10,0.8148148148148149,0.7138221716223796,5,39.31469639996067,54,0.7458969789668713,0.7147302936843588,0.043278877119371666,7.618467879295164,1.8691791880940904,14.104161588483558,3.5175327878697495,28.126584259611093,5.934585437561791,0.7417861467407181,0.07106658593064934,0.8333333333333334,0.45454545454545453,0.5882352941176471
implantation,PFI-SBS,3,6,0.8888888888888888,0.674254075193746,3,39.134091899963096,54,0.7480254470380895,0.7136860812374609,0.04584314487980441,7.63442705919155,1.8721356060496919,13.976378657072532,3.6272276364036684,28.526298934046693,5.604252219730318,0.745480133074092,0.07722769382631565,0.75,0.2727272727272727,0.39999999999999997
implantation,PFI-SBS,4,8,0.8518518518518519,0.7321709202960013,4,37.36589380004443,54,0.745033584888762,0.717192693249259,0.03966189922755046,7.585684188030714,2.0025743935493034,13.883897695797549,3.6584698699332954,28.509133016149157,4.901285572232267,0.7507078301959048,0.07076651465544548,0.8,0.36363636363636365,0.5000000000000001
implantation,PFI-SBS,5,8,0.8518518518518519,0.6432278386110005,4,37.376258499978576,54,0.749742259207524,0.7166630381029276,0.03761393343819112,7.565344714666668,1.7505333391968068,13.768578248376054,3.40662977645781,28.5423409563527,4.7472324556392795,0.7556582930709771,0.06123864473870658,0.8,0.36363636363636365,0.5000000000000001
implantation,PFI-SBS,6,9,0.8333333333333334,0.7190387315818959,5,37.97656810004264,54,0.7486764390605776,0.7154988274590285,0.04042192116110479,7.6117691486301755,1.8967807201276201,13.833028787499387,3.6479963977140613,28.590146116463792,5.060524120155565,0.7541065819692246,0.06572099673491137,0.8,0.36363636363636365,0.5000000000000001
implantation,PFI-SBS,7,12,0.7777777777777778,0.6133523466571121,9,39.47669949999545,54,0.7415315772932067,0.710419472249138,0.043157094304238315,7.715108368609674,1.8209997406084275,13.909739959480195,3.669659086559759,28.912891690400805,4.317884166865594,0.748521708355982,0.07434164196599585,0.8333333333333334,0.45454545454545453,0.5882352941176471
implantation,PFI-SBS,8,8,0.8518518518518519,0.6432278386110005,4,38.437952199950814,54,0.758942701500904,0.7176943294778418,0.0384767250745687,7.556850141381912,1.9072661374598643,13.854273957498453,3.6131555506652675,28.467477774974324,4.721489736523593,0.7530087825388433,0.0636894467063041,0.8,0.36363636363636365,0.5000000000000001
implantation,PFI-SBS,9,7,0.8703703703703703,0.6522669604571505,3,37.25127970002359,54,0.7501676933708827,0.709911611721677,0.041884196907879756,7.752277995040097,1.8861435223312393,14.101266628595036,3.5808819306076893,28.873413905279538,4.7894486862140715,0.7428527143384369,0.06848057217283733,0.8,0.36363636363636365,0.5000000000000001
implantation,BPSO,0,5,0.9074074074074074,0.6768248800855161,0,6418.307184000034,16081,0.7475617615830802,0.7138596719009661,0.04225917873408128,7.658635117544293,1.9318028570199162,13.959519480283483,3.673193947538031,29.252770004642798,5.344134105408888,0.7494381750338414,0.06699676491856987,0.6,0.2727272727272727,0.37499999999999994
implantation,BPSO,1,5,0.9074074074074074,0.6737393346691128,0,6416.318790699996,16081,0.7445942214212464,0.7101020583789205,0.04388254581038613,7.708456875710058,1.7453703311332505,14.16128212779365,3.4723690354382457,28.739088181565055,4.982186881826133,0.7375165968834472,0.07855592929949314,0.8,0.36363636363636365,0.5000000000000001
implantation,BPSO,2,3,0.9444444444444444,0.77167416707476,0,6432.5393566000275,16081,0.7318666513401855,0.706493546974988,0.03796842547640593,7.8355057367270415,1.8414986292109796,14.30888972441137,3.4199196379807906,29.39322041276578,4.859382212518797,0.7352387225010225,0.06558112543780198,1.0,0.2727272727272727,0.42857142857142855
implantation,BPSO,3,7,0.8703703703703703,0.647833962629535,0,6499.771462799981,16081,0.7438931691959728,0.7147680682452491,0.04629138991345636,7.571875640383486,1.6660693910689715,13.989235438363002,3.332802846488671,28.170599298046827,5.241790791493385,0.7423438646306106,0.08404989756097772,0.8571428571428571,0.5454545454545454,0.6666666666666665
implantation,BPSO,4,5,0.9074074074074074,0.628035996552174,0,6477.774114699976,16081,0.7388344707909769,0.6989223432656592,0.04065146715834387,8.051076292521463,1.99085726098868,14.608265512457454,3.710776202288476,30.557901169855835,5.130884520350291,0.7249334989391835,0.06842483431592271,0.6,0.2727272727272727,0.37499999999999994
implantation,BPSO,5,4,0.9259259259259259,0.6999877688491917,0,6320.692888699996,16081,0.732129821299067,0.707770015507743,0.04209716187572012,7.772739981574401,1.6906232283556561,14.109370437626419,3.34366350017912,29.641179523666644,5.203262310085723,0.7413605931700682,0.07104614770363069,1.0,0.36363636363636365,0.5333333333333333
implantation,BPSO,6,6,0.8888888888888888,0.614729669482182,0,6463.6797684999765,16081,0.7374976752924217,0.7082129257358766,0.03956088266416537,7.795873732336443,1.880041842345882,13.97861834457249,3.4213693133479723,29.74395204651355,4.69964595704035,0.7483925833835109,0.06114912277644215,0.6666666666666666,0.36363636363636365,0.4705882352941177
implantation,BPSO,7,6,0.8888888888888888,0.6320117082818792,0,6471.814928800042,16081,0.7410374881340871,0.7176273247701969,0.04307414229649878,7.550067822247125,1.891103527006261,13.982125326865818,3.596917081526631,28.352391386886737,4.865725419610204,0.748313201684921,0.06518342467932586,0.5,0.2727272727272727,0.3529411764705882
implantation,BPSO,8,7,0.8703703703703703,0.5902041846163903,0,6537.27104349999,16081,0.7463734821007179,0.7128726802054346,0.038889178583069076,7.688373234501557,1.9395556107117768,13.957656521991133,3.4878165435674817,29.257727278574126,5.267899395801237,0.7496200570631306,0.058656521469167444,0.5714285714285714,0.36363636363636365,0.4444444444444444
implantation,BPSO,9,5,0.9074074074074074,0.6284026287692733,0,6439.6480253000045,16081,0.7333526771468373,0.6878215624205714,0.04835727994122434,8.332985299580615,2.0532779304502085,15.122959831575425,3.6332721878737484,31.67101961761903,5.746760144113922,0.7011996296176517,0.09187150638456511,0.6,0.2727272727272727,0.37499999999999994
implantation,BGWO,0,4,0.9259259259259259,0.7401174682364934,0,495.4507620000513,1606,0.7506306171549944,0.7170557644845272,0.03897430257164361,7.57875012550575,1.9157845460555885,13.88417505032852,3.7018356315982697,28.202804896464656,4.866314704399452,0.7527575291164984,0.06435774975583669,1.0,0.36363636363636365,0.5333333333333333
implantation,BGWO,1,4,0.9259259259259259,0.7401174682364934,0,475.33278299996164,1498,0.7475339930234012,0.7189546088335117,0.0417314165465273,7.4734422500995175,1.6961756424734593,13.908881516833492,3.463928372669473,27.575421481843,4.816638849032405,0.7482768260993217,0.07163100605909231,1.0,0.36363636363636365,0.5333333333333333
implantation,BGWO,2,4,0.9259259259259259,0.7401174682364934,0,510.0506378999562,1606,0.7469523346194299,0.7195661986099989,0.03719865567668417,7.49541396959774,1.81802436654382,13.912334432762401,3.346968121516977,27.585842053392092,4.861980069082512,0.7494241832465932,0.06322913628122795,1.0,0.36363636363636365,0.5333333333333333
implantation,BGWO,3,4,0.9259259259259259,0.7401174682364934,0,437.2082089000032,1361,0.7486841303931386,0.7180114498719333,0.037738068435303807,7.517844426828601,1.7076022500098158,13.875592994496097,3.357674873227541,27.91265807857813,4.726309496726657,0.7502696203515024,0.06591574823188168,1.0,0.36363636363636365,0.5333333333333333
implantation,BGWO,4,4,0.9259259259259259,0.7401174682364934,0,486.89897630002815,1541,0.7490982989271378,0.7161260016372349,0.03920466784288628,7.6222237570300475,2.0343747178091838,14.007170718144557,3.701875496390774,28.140618082273942,4.821455103297664,0.7487761126000968,0.05986669616098518,1.0,0.36363636363636365,0.5333333333333333
implantation,BGWO,5,4,0.9259259259259259,0.7283210887691102,0,490.3361677000066,1521,0.7438333648958637,0.7193635697215608,0.03912308501606321,7.498915594410607,1.7712121887611498,13.823884701246673,3.3603412415480505,28.04102981247507,5.000332475346327,0.7533178132870527,0.06257326539144493,0.75,0.2727272727272727,0.39999999999999997
implantation,BGWO,6,4,0.9259259259259259,0.7283210887691102,0,461.17594719998306,1468,0.7509240749330826,0.7230575131786904,0.03587682059384294,7.423497189505977,1.8585988268433686,13.585262864894059,3.4353124125568497,27.546452312708023,4.400980937763498,0.7633637975176568,0.05553073020269751,0.75,0.2727272727272727,0.39999999999999997
implantation,BGWO,7,4,0.9259259259259259,0.7401174682364934,0,461.0966763999895,1470,0.7456312651626618,0.7195020849837283,0.039930150801826915,7.5112123749279815,1.9195539136775142,13.96372170840788,3.686146237836633,27.353811617951425,4.390315161182921,0.7499974647703621,0.06337822293197522,1.0,0.36363636363636365,0.5333333333333333
implantation,BGWO,8,4,0.9259259259259259,0.7283210887691102,0,506.05752429994754,1606,0.7528300254551761,0.7213210188869091,0.03619336227784812,7.48088845189942,1.9356169168220456,13.655037915513955,3.5366024191108907,27.902595354564667,4.7903703706476,0.7617297247447837,0.055408186125459176,0.75,0.2727272727272727,0.39999999999999997
implantation,BGWO,9,4,0.9259259259259259,0.7401174682364934,0,452.89026859996375,1474,0.7507330401747923,0.7078966044914831,0.042710441757031495,7.814505037842588,1.947770070700558,14.418239775327724,3.6386283000954553,28.650784907397163,4.90481536729078,0.7299983431773598,0.0831707553766972,1.0,0.36363636363636365,0.5333333333333333
implantation,NSGA2,0,2,0.962962962962963,0.813458292507522,0,1632.613847600005,5253,0.7031430887593647,0.6881620284589989,0.048707586206885777,8.342453531205381,2.2274086258427785,14.974569491910483,4.258598121699435,31.67869920158686,5.664300898996667,0.7149073819490056,0.07701126818234992,1.0,0.18181818181818182,0.3076923076923077
implantation,NSGA2,1,2,0.962962962962963,0.813458292507522,0,1693.153610999987,5398,0.7053633490956895,0.6894859160299,0.05224599105466629,8.277409152066559,2.142079796765851,14.86227176510974,4.203022829235203,31.394715678348334,6.063301748767786,0.71593327457304,0.0900734431111566,1.0,0.18181818181818182,0.3076923076923077
implantation,NSGA2,2,2,0.962962962962963,0.813458292507522,0,1816.016433599987,5807,0.7080662170289179,0.6886244249396438,0.046453990635006215,8.312608407571807,2.0819101939407507,14.932515522847625,4.144060350482339,31.574621178191414,5.6745347711249785,0.7151261652062038,0.08123009916128755,1.0,0.18181818181818182,0.3076923076923077
implantation,NSGA2,3,2,0.962962962962963,0.813458292507522,0,1723.4576578999986,5454,0.7031487485802169,0.691280808402903,0.04776197366585462,8.227857421773475,2.0159862736112246,14.664342701448815,3.9010922990488077,31.207975524540984,5.806229869025845,0.72277638324274,0.08361447042445432,1.0,0.18181818181818182,0.3076923076923077
implantation,NSGA2,4,2,0.962962962962963,0.813458292507522,0,1573.9982637999929,5022,0.7055342928079416,0.6881527933945422,0.04894631732955959,8.335383515814462,2.1942289656038905,14.967671478341463,4.333716914191117,31.29088753626313,5.712071246028908,0.71393299835524,0.08476055485609947,1.0,0.18181818181818182,0.3076923076923077
implantation,NSGA2,5,2,0.962962962962963,0.813458292507522,0,1556.6411874999758,4846,0.7006978506558263,0.6915709126293623,0.049591181836756475,8.24027646908574,2.1216211999866657,14.825286222856459,4.2267735925961265,31.287872118272176,6.189416744287905,0.7188923340943396,0.08513080913350396,1.0,0.18181818181818182,0.3076923076923077
implantation,NSGA2,6,2,0.962962962962963,0.813458292507522,0,1921.5189263999928,6192,0.7076207867092997,0.6951350836019984,0.05052194601446828,8.155927205326668,2.1722047276448726,14.585856681740871,4.297508256850214,30.884632081488736,5.736391196926894,0.7289406410634383,0.08152276477041252,1.0,0.18181818181818182,0.3076923076923077
implantation,NSGA2,7,2,0.962962962962963,0.813458292507522,0,1689.4824766000384,5385,0.7076478438989351,0.6921214005812079,0.045424017142463684,8.250869171036927,2.1921001926810706,14.778199730521123,4.334243683567831,30.75254409957642,5.082923497773101,0.7244911863775106,0.07251615852177323,1.0,0.18181818181818182,0.3076923076923077
implantation,NSGA2,8,2,0.962962962962963,0.813458292507522,0,1644.939592699986,5236,0.7101405556613853,0.6941686324847426,0.046080473485218515,8.175978575604393,2.1146939462985994,14.656216439169478,4.017213400637038,30.995812644121703,5.512841677540287,0.7272191847411448,0.06823180011529029,1.0,0.18181818181818182,0.3076923076923077
implantation,NSGA2,9,2,0.962962962962963,0.813458292507522,0,1706.0432799999835,5607,0.710015840866397,0.6835314306130191,0.04606039518669476,8.44607140474508,2.0900952382502127,15.12321604231772,4.0105239658351834,31.943808712761562,6.1055737187046395,0.7071071864936378,0.07802144038474249,1.0,0.18181818181818182,0.3076923076923077
implantation,Boruta,0,16,0.7037037037037037,0.6049657234765426,15,11.402342099987436,2,0.7299271246461025,0.6979970119168045,0.04621916246365361,8.05426199771898,1.9483981728479247,14.528416232379692,3.7104006191496004,32.28339139693646,5.672358485888709,0.7258191019383768,0.08008400212822812,0.8571428571428571,0.5454545454545454,0.6666666666666665
implantation,Boruta,1,16,0.7037037037037037,0.6049657234765426,15,19.626741699990816,2,0.7298338728921254,0.6948074799288083,0.04784399385036158,8.116821824824907,1.8876980133166148,14.62279069005246,3.7091809245864287,31.889824735569402,5.709342494746876,0.7205194629500122,0.08583499027763881,0.8571428571428571,0.5454545454545454,0.6666666666666665
implantation,Boruta,2,16,0.7037037037037037,0.6049657234765426,15,19.636308200017083,2,0.7305803389454542,0.6938454633440138,0.05077332751279679,8.142452183374342,1.9208656186052384,14.516489113144683,3.737350714987181,32.11911938747559,5.921732953666172,0.7252313148774245,0.08460526343411778,0.8571428571428571,0.5454545454545454,0.6666666666666665
implantation,Boruta,3,17,0.6851851851851851,0.6007696516614623,15,15.930124999955297,2,0.7257774914902024,0.6930807182952506,0.051677694258828406,8.130513745553307,1.7306532217459325,14.495325887027919,3.525073853379079,32.579222874667245,6.125083623193833,0.723352814044709,0.08959628523240801,0.75,0.5454545454545454,0.631578947368421
implantation,Boruta,4,16,0.7037037037037037,0.6049657234765426,15,18.320770199992694,2,0.7320509452833277,0.6918775131080562,0.04770881345011726,8.209687517055608,1.9858392652568666,14.610545486826016,3.7974754428990147,32.33895772354371,5.5194469068166745,0.7206672746332063,0.08826464491964936,0.8571428571428571,0.5454545454545454,0.6666666666666665
implantation,Boruta,5,16,0.7037037037037037,0.6051631164496795,15,17.219405899988487,2,0.7268634491369316,0.6908012558149618,0.041460814996564614,8.245296604859998,1.8681897393094855,14.768810775514606,3.685383352092439,32.44454557700368,5.6670243059016325,0.7176892252322331,0.07623720011641602,0.8571428571428571,0.5454545454545454,0.6666666666666665
implantation,Boruta,6,16,0.7037037037037037,0.6050999847650268,15,11.871887000044808,2,0.7304190316231258,0.6970896913307028,0.04551919403309223,8.073391964266937,1.9310461492563822,14.370682303620061,3.7100306434082495,31.994734633838444,5.491544630046414,0.731502134605846,0.08126189848989997,0.8571428571428571,0.5454545454545454,0.6666666666666665
implantation,Boruta,7,15,0.7222222222222222,0.5965192898521,15,20.688928799994756,2,0.7248263503442056,0.6884861800212164,0.049525107884860455,8.298788281774858,2.012193446109326,14.6731185037401,3.74088955737379,32.303105817804926,5.005872306695931,0.7180208343365385,0.08597005185651105,0.6666666666666666,0.36363636363636365,0.4705882352941177
implantation,Boruta,8,17,0.6851851851851851,0.5993284535803638,15,25.07591059996048,2,0.7335605911913343,0.6933551124526824,0.04198007834252539,8.158389445520472,1.8349342066177075,14.684503647579012,3.5713639396588874,31.951010990291966,5.419458200634404,0.7194947960834842,0.07483611217389051,0.75,0.5454545454545454,0.631578947368421
implantation,Boruta,9,15,0.7222222222222222,0.6033814874236115,15,22.758321799978148,2,0.7362686667445919,0.687818617000797,0.05602002851920373,8.306884228351244,2.0513853994261924,14.908286958874077,3.754687944553446,32.161651435729745,5.933589943858315,0.7060737944285821,0.10287072590095075,0.8333333333333334,0.45454545454545453,0.5882352941176471
implantation,LASSO,0,43,0.20370370370370372,0.4894520758327967,11,0.8356621999992058,2,0.7015953493281262,0.6750907295698272,0.050970293540865776,8.620526761223475,1.9600965731788942,15.28706189237077,3.7283269003101243,34.97714392903619,6.395575889022966,0.6928233545736063,0.09221836977040371,0.3142857142857143,1.0,0.4782608695652174
implantation,LASSO,1,43,0.20370370370370372,0.4894520758327967,11,0.9114305000402965,2,0.7025502705378214,0.6811194526132324,0.05354619407918576,8.418108899939371,1.7246349648691426,15.212977673210803,3.4702075035246533,34.45029274094062,5.896797450918898,0.6914209206255026,0.1032509695996537,0.3142857142857143,1.0,0.4782608695652174
implantation,LASSO,2,43,0.20370370370370372,0.4894520758327967,11,0.9071863000281155,2,0.7069835792961724,0.6771020196152497,0.057452320326502986,8.565479245290796,2.016066024471601,15.176983671926102,3.7491759049630433,34.84750651907463,6.808863162200653,0.6938180282120353,0.1050464423601379,0.3142857142857143,1.0,0.4782608695652174
implantation,LASSO,3,43,0.20370370370370372,0.4894520758327967,11,1.1103390000062063,2,0.7087049795638143,0.6784077177706966,0.05217558997005272,8.512312056216041,1.7460983528395064,15.121125468432082,3.3378179808683197,34.683514685277785,6.3317063755275695,0.6968939342099494,0.09571856562022452,0.3142857142857143,1.0,0.4782608695652174
implantation,LASSO,4,43,0.20370370370370372,0.4894520758327967,11,0.7868031999678351,2,0.7006824306856962,0.6768205486249061,0.04815959570093675,8.585767299013325,1.9462589855327408,15.306560638218308,3.747578497803076,35.208377900253716,5.988467713022625,0.6908867616785833,0.09886428773299201,0.3142857142857143,1.0,0.4782608695652174
implantation,LASSO,5,43,0.20370370370370372,0.4894520758327967,11,1.0907186000258662,2,0.704591357235423,0.6748621721647429,0.04406128183124042,8.633027092767128,1.8053916539826962,15.430691401848415,3.4339327769929313,35.11970648148661,5.8896680360684135,0.6891539330475298,0.08141505944790974,0.3142857142857143,1.0,0.4782608695652174
implantation,LASSO,6,43,0.20370370370370372,0.4894520758327967,11,1.0047093000030145,2,0.7060629651890782,0.6804691429864286,0.04612090633861571,8.50399935893105,1.9283406442424935,15.172692138794806,3.61381266572086,34.626842206406906,5.1580926586710145,0.6991708166578149,0.08693380816233194,0.3142857142857143,1.0,0.4782608695652174
implantation,LASSO,7,43,0.20370370370370372,0.4894520758327967,11,0.9330112999887206,2,0.7032917795272424,0.6780961144424921,0.05548631517466539,8.529975869791723,1.940302880120059,15.11799447119674,3.7785647229577335,34.570839249754364,5.797671071753656,0.6951374578662537,0.10941046619140046,0.3142857142857143,1.0,0.4782608695652174
implantation,LASSO,8,43,0.20370370370370372,0.4894520758327967,11,0.9429368999553844,2,0.7196374436525598,0.6812329673241062,0.050450837259450904,8.459532014840205,1.9235618363944704,15.104791760219054,3.6462205658133438,34.06183721921908,5.947096595550206,0.6997405349295677,0.09422134615251554,0.3142857142857143,1.0,0.4782608695652174
implantation,LASSO,9,43,0.20370370370370372,0.4894520758327967,11,0.9910496000084095,2,0.718632287330382,0.676362197566465,0.054780180011048354,8.587194774697185,1.9754632127571117,15.275923154990336,3.7147292638709115,34.91138495019029,6.380456685608044,0.6892685367616682,0.10786433008046147,0.3142857142857143,1.0,0.4782608695652174
implantation,RFE,0,8,0.8518518518518519,0.6344392162544369,6,117.8463978000218,54,0.7434613659514462,0.7085850582295952,0.037741338340844297,7.7992741824129155,1.9296254910199164,14.18466855364258,3.5276643528417013,29.78045396527876,5.259885780337053,0.7406714155751253,0.06475524981262375,0.75,0.2727272727272727,0.39999999999999997
implantation,RFE,1,7,0.8703703703703703,0.6572424788564857,4,123.02655109995976,54,0.7420932699292528,0.7121695177683118,0.04115629044401071,7.652071625621804,1.7088571752489794,14.065324980734738,3.4302932435138493,28.956743231629336,5.588605293715712,0.7416962024897269,0.07299983147772472,0.75,0.2727272727272727,0.39999999999999997
implantation,RFE,2,8,0.8518518518518519,0.6344392162544369,6,124.08753919997253,54,0.7433086743033868,0.7103592614852648,0.04165429023105196,7.739498747130326,1.8947433940176517,14.022558425521161,3.5317816357781755,29.046609645247596,5.376594420629047,0.7449057222881745,0.07033931826267702,0.75,0.2727272727272727,0.39999999999999997
implantation,RFE,3,9,0.8333333333333334,0.642587714221959,6,126.45501550001791,54,0.7451650971678266,0.7078777074295943,0.046885033259386776,7.775627671595203,1.7961446553688272,14.053703061915996,3.419143293554609,29.725023662624103,5.843085872188067,0.7413386964139064,0.0778853393164533,0.8,0.36363636363636365,0.5000000000000001
implantation,RFE,4,8,0.8518518518518519,0.634439216254437,6,115.55040220002411,54,0.7378729122572834,0.7108803747289152,0.038449489260904336,7.739619959370163,1.9601708719757411,13.977990076593011,3.594889917377033,29.43826171407249,4.990372705638871,0.7466397541098951,0.07057691370595362,0.75,0.2727272727272727,0.39999999999999997
implantation,RFE,5,8,0.8518518518518519,0.6344392162544369,6,116.38223119999748,54,0.7488846290824501,0.7139301160489641,0.03540319663833731,7.65681146653766,1.8323419710111937,13.87434039154589,3.483066761300182,29.00225595633026,4.603083310785648,0.7538078559652959,0.055823809752150226,0.75,0.2727272727272727,0.39999999999999997
implantation,RFE,6,8,0.8518518518518519,0.6344392162544369,6,116.4841635999619,54,0.7425468913798301,0.7104255243122704,0.04123234685449063,7.731563671290647,1.8713826130858586,13.905762343804472,3.5450028077773283,29.18563476106125,4.914489319650284,0.7501965307590239,0.06733677961070601,0.75,0.2727272727272727,0.39999999999999997
implantation,RFE,7,8,0.8518518518518519,0.634439216254437,6,117.09941099997377,54,0.7391899149256165,0.7110971415674847,0.040976270222350675,7.702621423958253,1.8048217466911316,13.907460493521489,3.4614788497066806,28.926060220041812,4.40417464556517,0.7478217045318905,0.0707770900994239,0.75,0.2727272727272727,0.39999999999999997
implantation,RFE,8,8,0.8518518518518519,0.634439216254437,6,117.65813039999921,54,0.7554015720449283,0.7162840601332905,0.03654734200967687,7.5944223078762745,1.888524068187748,13.722339622990955,3.4608906982933982,28.76458995588802,4.449498465768383,0.7575485475142398,0.05943687810614355,0.75,0.2727272727272727,0.39999999999999997
implantation,RFE,9,7,0.8703703703703703,0.6590614918917452,4,116.01755389996106,54,0.7476896471330581,0.7094062434835108,0.04540976598316061,7.766286427452158,1.948633486218937,14.078484988596927,3.602271544881835,29.103760760735053,4.8600024573053515,0.7433495596691534,0.07060811869393951,0.75,0.2727272727272727,0.39999999999999997
etching,ALL,0,54,0.0,0.45457253792744345,19,0.8690512999892235,1,0.7180055692010037,0.7494106771199074,0.033314290600799365,2.8721874256988045,0.6889395498841525,4.771686697938487,1.2170504007090541,26.584796254904187,4.492657210773922,0.7477536168331287,0.06342580077365713,0.2558139534883721,1.0,0.40740740740740744
etching,ALL,1,54,0.0,0.45457253792744345,19,1.0817204000195488,1,0.7074512909547059,0.7509104100614999,0.03201530676995789,2.8636717879030216,0.7043819764362568,4.847216839169543,1.2948344513980086,26.705285339295624,3.9596424685211464,0.7411740850435334,0.06893112067270875,0.2558139534883721,1.0,0.40740740740740744
etching,ALL,2,54,0.0,0.45457253792744345,19,0.7218475999543443,1,0.707559654393261,0.7494490496963802,0.03095713185170134,2.873369116685047,0.6748102180235804,4.898514268941752,1.2285344085317174,26.75694813904226,4.280593351303619,0.7364219862260554,0.05791559357158084,0.2558139534883721,1.0,0.40740740740740744
etching,ALL,3,54,0.0,0.45457253792744345,19,0.9114641000051051,1,0.7057018002432073,0.7485918641779704,0.03035122424042852,2.883308535187369,0.6766037134158335,4.894166398778051,1.2238963540105545,26.714060441818926,3.8737201866066964,0.7336277733381292,0.06753385772923051,0.2558139534883721,1.0,0.40740740740740744
etching,ALL,4,54,0.0,0.45457253792744345,19,0.7441228000097908,1,0.7121805615819421,0.7514573736063453,0.03408954573292663,2.853585316453557,0.7075935298171417,4.92855652571266,1.260313156432894,26.134711612838508,4.391631519307326,0.733772913185706,0.0581627224758426,0.2558139534883721,1.0,0.40740740740740744
etching,ALL,5,54,0.0,0.45457253792744345,19,0.8624945000046864,1,0.7055006843194633,0.7429159657162248,0.03600668003369836,2.963429195969259,0.7791012049851743,4.98695468672244,1.4195863061661789,27.085060087448436,3.57725215736672,0.7266729869883546,0.08030295301654886,0.2558139534883721,1.0,0.40740740740740744
etching,ALL,6,54,0.0,0.45457253792744345,19,0.8350545999710448,1,0.725760424768163,0.7529837679161397,0.03285571811912663,2.8316702782137333,0.6731425781998197,4.7998524483399,1.278833801100867,26.357808057266844,4.194681835623606,0.7410342159981708,0.09097326350435302,0.2558139534883721,1.0,0.40740740740740744
etching,ALL,7,54,0.0,0.45457253792744345,19,0.7681610000436194,1,0.7073660566831277,0.7553811580124196,0.034722742330038206,2.8132016211609954,0.7243491058317458,4.639881243245154,1.29237252759369,25.950163999257644,4.200635979617879,0.7612273019662641,0.07421167334012184,0.2558139534883721,1.0,0.40740740740740744
etching,ALL,8,54,0.0,0.45457253792744345,19,0.8024563000071794,1,0.7160748170404253,0.7508355182565783,0.03203360560072952,2.855124281179273,0.6643641289954562,4.8267554757568325,1.2483603320233772,26.13376431640098,3.6584303513764556,0.7410468877585352,0.07125237692017913,0.2558139534883721,1.0,0.40740740740740744
etching,ALL,9,54,0.0,0.45457253792744345,19,0.9704550000024028,1,0.7120922442522953,0.7502551129447351,0.033850397080939454,2.8597922578749544,0.6820630404878033,4.819287195950446,1.2867857849438626,26.6426243848213,4.039164112632507,0.7448478115452215,0.06190523193418261,0.2558139534883721,1.0,0.40740740740740744
etching,FILTER,0,43,0.20370370370370372,0.3254931321609128,0,1.791300900047645,2,0.7115991423419592,0.7465942888768435,0.03286950591510351,2.9054590105512994,0.6929361451437114,4.816547966522517,1.198744991364973,27.557033843158898,5.037882261712183,0.74298632415446,0.06059765510305239,0.2558139534883721,1.0,0.40740740740740744
etching,FILTER,1,43,0.20370370370370372,0.3254931321609128,0,1.6292645999928936,2,0.7013620766927469,0.7490600744563941,0.029966738568801724,2.874482356453588,0.6528927132187444,4.742850063261544,1.134678548105931,27.281949980800608,4.1973319188399465,0.7483608835083418,0.06539144446528207,0.2558139534883721,1.0,0.40740740740740744
etching,FILTER,2,43,0.20370370370370372,0.3254931321609128,0,1.8630708000273444,2,0.7013816486511653,0.7489578306405859,0.03173936123747741,2.8790253658879936,0.6819993931456487,4.841549170082031,1.1726298145594078,27.250470406261492,4.879995738824315,0.740218153728035,0.05619723749515069,0.2558139534883721,1.0,0.40740740740740744
etching,FILTER,3,43,0.20370370370370372,0.3254931321609128,0,1.6286850000033155,2,0.7027456705471963,0.7452664130571468,0.029175702375140354,2.911732414671361,0.6274903872638401,4.919088580091098,1.0406335546565755,27.237455360524166,3.6865262758163864,0.7290523968345848,0.057541028467806565,0.2558139534883721,1.0,0.40740740740740744
etching,FILTER,4,43,0.20370370370370372,0.3254931321609128,0,1.4621301000006497,2,0.7090672255192018,0.7461702601396231,0.03421862614403918,2.9054689678509438,0.6711880638437504,4.888271056137969,1.1701465851559456,26.9873487369508,4.532038105691695,0.7354555683901878,0.05911187282011214,0.2558139534883721,1.0,0.40740740740740744
etching,FILTER,5,43,0.20370370370370372,0.3254931321609128,0,1.7017494000028819,2,0.7014296183017216,0.7396653387092534,0.02964006121747018,2.9911687400292153,0.7116771469443288,4.918290463769483,1.2603842494565392,28.066372266769655,3.72011409614712,0.731998336633312,0.06630751862587757,0.2558139534883721,1.0,0.40740740740740744
etching,FILTER,6,43,0.20370370370370372,0.3254931321609128,0,1.5996661000535823,2,0.7162408788258422,0.7477885145272728,0.036439145224319104,2.890602199080801,0.7119717655962623,4.801934152158432,1.3184755507874608,27.681724195255597,5.096269031157942,0.7425179365766515,0.08238053301240221,0.2558139534883721,1.0,0.40740740740740744
etching,FILTER,7,43,0.20370370370370372,0.3254931321609128,0,1.4174509999575093,2,0.7017573254792128,0.7566852601118047,0.03342736829571411,2.7890224230127623,0.6776859265133371,4.621450855686055,1.112364513279914,26.36957856764754,4.537140579690867,0.7588872876650098,0.06992385389367423,0.2558139534883721,1.0,0.40740740740740744
etching,FILTER,8,43,0.20370370370370372,0.3254931321609128,0,1.3807955000083894,2,0.7100441004228918,0.7487002250289492,0.0295958205374372,2.8751906187925638,0.6335834724308986,4.773868208870311,1.1071159965775899,26.978637567816023,4.2731948259660655,0.7439312133490527,0.06844799032186957,0.2558139534883721,1.0,0.40740740740740744
etching,FILTER,9,43,0.20370370370370372,0.3254931321609128,0,1.4412264000275172,2,0.7061618225721323,0.7491479355622042,0.030723865416692787,2.874987844239645,0.6766579619791994,4.784684171014264,1.2181168375246265,27.177742939061385,3.9967180675195606,0.7471709611054166,0.05823770091040579,0.2558139534883721,1.0,0.40740740740740744
etching,GA,0,6,0.8888888888888888,0.5627963097794516,1,4551.658083799994,8646,0.7284935839257785,0.7604437435272852,0.02862656425710981,2.743483801175341,0.6197655864479169,4.584823969916331,1.2266495082744973,24.47460193097891,3.487900987211288,0.7661090304964494,0.06670156876508142,0.8,0.36363636363636365,0.5000000000000001
etching,GA,1,9,0.8333333333333334,0.5614342709247561,1,8204.413006799994,15662,0.7478894099773352,0.750260700967111,0.0426690958687104,2.859952124736288,0.7441128706032338,5.020734427692231,1.479531850713216,24.366894400431377,4.115236409676325,0.7163495884941065,0.10731912725019277,0.75,0.5454545454545454,0.631578947368421
etching,GA,2,11,0.7962962962962963,0.5243748121349688,0,3947.2732772000018,7398,0.7532125356611864,0.7588697612883074,0.044836322265926015,2.7700848603084998,0.7766573606496031,4.9193851438103495,1.5374729337126365,23.87171913459918,4.727482995877184,0.7341219776182868,0.09365254836684578,0.6363636363636364,0.6363636363636364,0.6363636363636364
etching,GA,3,9,0.8333333333333334,0.4995261816782412,3,5338.757594000024,9977,0.7283537678741145,0.7411819424374684,0.0346548361193713,2.963875453981077,0.7043184854586083,5.039907947022152,1.350024610622628,26.45712726346694,4.050219517824381,0.7134879873193559,0.10987065308361851,0.7142857142857143,0.45454545454545453,0.5555555555555556
etching,GA,4,9,0.8333333333333334,0.5326503876440024,0,4357.363552900031,8335,0.7296855579473558,0.7558582040149505,0.02792716228897374,2.78762209326184,0.5851957029519657,4.761314273477283,1.1043546233797905,24.64739131873157,3.4212793667481765,0.747919505437671,0.05614414568801881,0.6666666666666666,0.5454545454545454,0.6
etching,GA,5,10,0.8148148148148149,0.5694487558632634,0,8166.881413499999,15649,0.7484860108172975,0.7697279221227913,0.04064684640816457,2.6345906748410264,0.676414539963014,4.709092711091037,1.4809163364894278,22.742886565304566,3.626076172610802,0.7448956862254197,0.11941293638249738,0.7,0.6363636363636364,0.6666666666666666
etching,GA,6,9,0.8333333333333334,0.5650390944261289,1,6231.372489899979,11906,0.7417695441917835,0.7753428491449843,0.033403931539174675,2.5892692122707923,0.698042414115302,4.401506707462588,1.3455564520244596,23.140378000365434,3.8295471451498426,0.7856390414410171,0.07144956587928487,0.75,0.5454545454545454,0.631578947368421
etching,GA,7,10,0.8148148148148149,0.48281908838832166,0,4997.922883599997,9418,0.7339220214937598,0.748644795195234,0.039763471750129245,2.863315864470258,0.6714830832662109,5.0357987786898475,1.3451191176450155,24.624898841011362,3.7314408855714283,0.7099780532297932,0.10918867008627038,0.5,0.45454545454545453,0.47619047619047616
etching,GA,8,7,0.8703703703703703,0.4992909135986651,0,4741.511554099969,9115,0.7318293649443943,0.7422966809314981,0.04062872711775469,2.928957485208797,0.6449752202666931,5.026886476592238,1.2553609126951426,25.82743400663975,3.930336689329995,0.7077026315137606,0.11497894181839245,0.7142857142857143,0.45454545454545453,0.5555555555555556
etching,GA,9,12,0.7777777777777778,0.5521126598005868,1,2642.0007803000044,4985,0.7428750022488997,0.753143349222444,0.042310607444350216,2.8142545046888117,0.6879937453675514,5.083568986900101,1.2770435919125556,24.095402831648382,4.353037616433829,0.6966933564092889,0.13890351812808413,0.6363636363636364,0.6363636363636364,0.6363636363636364
etching,TSFGA,0,7,0.8703703703703703,0.5140895710760282,0,2996.004902100016,6207,0.7235959070493907,0.7546629149667552,0.03655370346434616,2.8062383444323076,0.6609312014120483,4.6032637882828285,1.133933566867648,25.97243751787968,5.07679674574761,0.7609150103124044,0.07193042293973011,0.5714285714285714,0.36363636363636365,0.4444444444444444
etching,TSFGA,1,7,0.8703703703703703,0.5097584677236262,0,3874.707547399972,8226,0.7262811688622884,0.7666374850806719,0.035812338856631494,2.6626147364044623,0.6273156619222631,4.485052746434317,1.1332869944460504,24.708969594007833,4.5117624377146015,0.7713733268504385,0.07227560971020525,0.42857142857142855,0.2727272727272727,0.33333333333333326
etching,TSFGA,2,6,0.8888888888888888,0.5224440415567548,0,4732.256126700027,10011,0.7203220433278126,0.7618110942561278,0.03071478774313225,2.7249331657627764,0.6226109245844276,4.522078807756751,1.1205754010028461,24.716424914247625,3.954168559606793,0.7708776323132779,0.06050981135753968,0.5,0.2727272727272727,0.3529411764705882
etching,TSFGA,3,7,0.8703703703703703,0.5721786025577987,0,4764.583792499965,10079,0.7346518373044102,0.7673410725322429,0.031068372592013786,2.6577721520251645,0.5867992581696944,4.5046545493214465,1.0351507279317351,23.590379614302062,3.433127442464531,0.7670150529641427,0.07412892523871625,0.5714285714285714,0.36363636363636365,0.4444444444444444
etching,TSFGA,4,6,0.8888888888888888,0.4979432254972118,0,4559.827807799971,9775,0.7433463579180527,0.7673239085171739,0.03350645423651699,2.6541373320624273,0.5979119254373663,4.44152984892717,1.0202230083399535,24.092713579003046,3.9011158713410734,0.7765126669196498,0.06349610123363722,0.5,0.2727272727272727,0.3529411764705882
etching,TSFGA,5,7,0.8703703703703703,0.577338185892575,0,3583.6767371000024,7690,0.7414348187418612,0.7761609196909481,0.030576822997731668,2.5650574879116235,0.6268260715632615,4.321938003659622,1.173367670221483,22.468744997979016,3.41874065494101,0.7907713454404621,0.059873576734012425,0.7142857142857143,0.45454545454545453,0.5555555555555556
etching,TSFGA,6,9,0.8333333333333334,0.5000742487230528,0,3025.9855045999866,6358,0.7457103167694367,0.7784758013097819,0.031288443979697454,2.5337288080154994,0.5968580313554698,4.290942940870198,1.1780198807301352,22.674696590012708,3.309083317055652,0.7903877273474127,0.07592296261964955,0.6666666666666666,0.5454545454545454,0.6
etching,TSFGA,7,4,0.9259259259259259,0.6286585345627922,0,4959.896466700011,10860,0.7348772776831032,0.7671173812175373,0.032408620262043566,2.6685953201810846,0.6570374319577086,4.371675990733709,1.1593023441268826,23.9546163365438,4.120152810500329,0.7836415023368858,0.06776839262306635,1.0,0.36363636363636365,0.5333333333333333
etching,TSFGA,8,6,0.8888888888888888,0.5468384678335748,0,2676.229401700024,5662,0.7255501356202183,0.7544682049127016,0.03298449024173783,2.811185869084014,0.6449777999454351,4.741908453098964,1.1660286243942115,25.050934550894734,4.060611414573812,0.7457178435361994,0.07332656140225668,0.5,0.2727272727272727,0.3529411764705882
etching,TSFGA,9,6,0.8888888888888888,0.5465177219693447,0,3229.450749200012,7065,0.7239246945445663,0.7688009289595908,0.03484281669498577,2.6452953599444737,0.6522796043365584,4.458271835016646,1.13440871579949,23.727998567264933,4.538115395602241,0.7757469693723263,0.06562622791919484,0.6666666666666666,0.36363636363636365,0.4705882352941177
etching,mRMR,0,4,0.9259259259259259,0.6953167107645732,0,31.65257149998797,54,0.745250291005799,0.76017878059357,0.03726861871714356,2.737384550861639,0.6623432261730077,4.870862774678908,1.3323087007604701,22.473778019176027,3.0949953678049567,0.7236434816950663,0.12564810434545007,0.75,0.2727272727272727,0.39999999999999997
etching,mRMR,1,4,0.9259259259259259,0.6953167107645732,0,31.701419899996836,54,0.7493197269353733,0.7643499842766949,0.03671388498124983,2.688323843051175,0.6522822005608088,4.820175498699794,1.2816078356117955,21.971008645254525,3.317705891743536,0.7307367717403018,0.11459026066013168,0.75,0.2727272727272727,0.39999999999999997
etching,mRMR,2,4,0.9259259259259259,0.6953167107645732,0,31.123734799970407,54,0.7456139800622184,0.7618326567594437,0.03860153315369589,2.7135625603932976,0.6450156418919348,4.833598276913341,1.2826736327188109,22.44083878588913,3.4917958883016387,0.7292871866773525,0.10880751501929577,0.75,0.2727272727272727,0.39999999999999997
etching,mRMR,3,4,0.9259259259259259,0.6953167107645732,0,30.592715799983125,54,0.7433314005056567,0.7620473602562946,0.040188349479017525,2.7187971057816274,0.6909900124388537,4.774881087514255,1.366271383651124,22.671837526308117,3.665264087038267,0.7357152691467514,0.11733961439328773,0.75,0.2727272727272727,0.39999999999999997
etching,mRMR,4,7,0.8703703703703703,0.6191838982130633,1,30.811444399994798,54,0.7477271151288951,0.7549921456332935,0.03761964440094976,2.791295719258686,0.6379713336392224,4.898277012759075,1.2908290972878504,23.62434305702128,3.044997153792662,0.7275604074542481,0.09882431270631199,0.5,0.2727272727272727,0.3529411764705882
etching,mRMR,5,4,0.9259259259259259,0.6953167107645732,0,33.74809119995916,54,0.7473961530915414,0.7606590264657271,0.03999918573820381,2.725345962226031,0.6504488736494168,4.801436510588949,1.2903172910916414,22.605029060004806,3.6224529296411396,0.7283044984267529,0.13038192041309696,0.75,0.2727272727272727,0.39999999999999997
etching,mRMR,6,4,0.9259259259259259,0.6953167107645732,0,30.404309200006537,54,0.7413908395176068,0.7657897911117579,0.03785607344764135,2.678143199184176,0.6766460388038619,4.732210268780136,1.4089490265148343,22.229953408639304,3.451866913191578,0.7417165669024465,0.11798258950309544,0.75,0.2727272727272727,0.39999999999999997
etching,mRMR,7,4,0.9259259259259259,0.6953167107645732,0,31.263516000006348,54,0.7447309415736972,0.7643689409555375,0.03776092153537678,2.6938430643904963,0.6735762224938481,4.804497841593755,1.3626778704431426,22.16507465121371,3.242217665322488,0.7321500459836955,0.12105450807613874,0.75,0.2727272727272727,0.39999999999999997
etching,mRMR,8,4,0.9259259259259259,0.6953167107645732,0,30.689938799943775,54,0.7478289775591064,0.7635092085417305,0.03898623403954241,2.6960246776472148,0.6508398469835629,4.807370159891917,1.2630505270493915,22.36481055096027,3.4029783244821554,0.7262292189216853,0.13210478778663437,0.75,0.2727272727272727,0.39999999999999997
etching,mRMR,9,4,0.9259259259259259,0.6953167107645732,0,30.8934190000291,54,0.7468320442241563,0.759401907574916,0.04034345955053725,2.7421839158083565,0.6637430832215692,4.889022057956338,1.3019839542241871,22.655078247051144,3.758045376103982,0.7194638077885177,0.1283334338951491,0.75,0.2727272727272727,0.39999999999999997
etching,MI,0,13,0.7592592592592593,0.5808445650663686,13,32.400216400041245,54,0.7455667507141367,0.780316475899864,0.026079070015458342,2.521619654262565,0.595251414531245,4.342113411994922,1.1813003269270945,21.765803450731575,3.321384753507325,0.792697908190613,0.05271529344310977,0.8333333333333334,0.45454545454545453,0.5882352941176471
etching,MI,1,12,0.7777777777777778,0.5825788881269128,13,31.882064300007187,54,0.7471809592285364,0.7788943079810553,0.032216564401039864,2.539544380016371,0.6357918082998041,4.439264811392943,1.2834569896824553,21.842646177814192,3.5283162346253003,0.7809085098513504,0.06932126764775436,1.0,0.45454545454545453,0.625
etching,MI,2,14,0.7407407407407407,0.5890779878391911,13,31.830876099993475,54,0.7477595854733486,0.7771132011345393,0.02685261368569555,2.560031466026795,0.5989496646366225,4.426280723195062,1.1910936708164597,21.96587401074146,3.146620317516392,0.7839761295836916,0.05846759382166789,0.7142857142857143,0.45454545454545453,0.5555555555555556
etching,MI,3,12,0.7777777777777778,0.5825788881269128,13,33.56746540003223,54,0.7460118746689419,0.777421678318757,0.029365309516945208,2.55699003107236,0.6191080632963997,4.438601088784945,1.2331678875210375,21.591565276531142,3.4231029131879858,0.7832155451960386,0.05744095301955121,1.0,0.45454545454545453,0.625
etching,MI,4,13,0.7592592592592593,0.5908003615696596,13,33.311267200042494,54,0.7539016116166565,0.7782008013985166,0.033404816433244104,2.542790322661648,0.6213450791635903,4.418389111581174,1.2074166614230442,21.771986451927724,3.467315108595161,0.7855535696490202,0.055166542435312244,0.8333333333333334,0.45454545454545453,0.5882352941176471
etching,MI,5,14,0.7407407407407407,0.5890779878391911,13,31.987022200017236,54,0.7456841216750278,0.7740669503116117,0.03307598459845678,2.5935435307471337,0.6362819190430334,4.499713122557536,1.3269823342332685,22.04214300004802,3.3691616182555033,0.7777500177455486,0.0655004152898619,0.7142857142857143,0.45454545454545453,0.5555555555555556
etching,MI,6,12,0.7777777777777778,0.5825788881269128,13,32.80185840005288,54,0.7532930725147573,0.7817607448625478,0.03198808438619249,2.5075490917275554,0.6304647496345428,4.408750165512248,1.3278528195820902,21.686178403030066,3.6006559951468784,0.7829542563572954,0.08214159647078946,1.0,0.45454545454545453,0.625
etching,MI,7,12,0.7777777777777778,0.5825788881269128,13,30.59608789999038,54,0.7436302893029569,0.7827944174693778,0.035292161922385615,2.507781447502394,0.6945654345301124,4.289035233047481,1.3589631940578404,21.55933389964249,3.7545997734288945,0.7984632850862461,0.06827948327284422,1.0,0.45454545454545453,0.625
etching,MI,8,12,0.7777777777777778,0.5825788881269128,13,32.61719540000195,54,0.7496625537250882,0.7780969111851904,0.03024931618573966,2.5437179573809194,0.5976137190676315,4.379908684370654,1.243128236936149,21.88571314898825,3.4169825581974282,0.7878347467032116,0.06348532552972058,1.0,0.45454545454545453,0.625
etching,MI,9,13,0.7592592592592593,0.5908003615696596,13,30.700394800049253,54,0.7465328780429312,0.7789556164791878,0.03189178220594111,2.541744330874446,0.6510234643727042,4.3913613894219,1.2425129335599128,21.852664697793898,3.304995072951845,0.7879809648490937,0.0584020550085028,0.8333333333333334,0.45454545454545453,0.5882352941176471
etching,DDA,0,12,0.7777777777777778,0.6880320883462744,4,19.624423699977342,55,0.7548753826728427,0.7878888614188558,0.030460271315685978,2.435630555962043,0.6126578509640321,4.230165671782178,1.1593645184655241,21.3301258940099,3.7211835639930233,0.8019702622897978,0.053943149749502095,0.875,0.6363636363636364,0.7368421052631579
etching,DDA,1,9,0.8333333333333334,0.7421725928811022,3,18.856232699996326,55,0.7561274259359339,0.786005064230284,0.03231825825643026,2.462807786126249,0.6355460337176791,4.327765478142146,1.233568909078432,21.232399762084775,3.640860298639579,0.7912668197630067,0.06666426599581354,1.0,0.5454545454545454,0.7058823529411764
etching,DDA,2,14,0.7407407407407407,0.6609346390461185,8,21.294770499982405,55,0.7477675809328268,0.7827541330624418,0.030313702833925635,2.4990675947703176,0.6271019755579141,4.433025216739487,1.195361582158102,21.61867538287447,3.461913155820022,0.7827528074576214,0.060206555348251596,0.875,0.6363636363636364,0.7368421052631579
etching,DDA,3,10,0.8148148148148149,0.7481592334146463,2,18.30437880003592,55,0.7599039124185522,0.7902840450075673,0.024984650901816608,2.4030383923831495,0.5445708550224575,4.218542661936379,1.0326695348576225,20.62022821669669,3.038261389189803,0.8005379957608852,0.052183444223794784,0.875,0.6363636363636364,0.7368421052631579
etching,DDA,4,10,0.8148148148148149,0.7126986582405559,3,17.724372899974696,55,0.7630715144294851,0.7848792015072036,0.03018660019907636,2.4675345600382057,0.604654863620787,4.247708811401417,1.1553547357113245,21.105618529874388,3.330125603337298,0.8001783175972217,0.05343762869713543,0.8571428571428571,0.5454545454545454,0.6666666666666665
etching,DDA,5,8,0.8518518518518519,0.7661247541777563,2,16.717101500020362,55,0.7571009881406432,0.7873172988054834,0.03095823540927582,2.445542975210417,0.6216048338618433,4.195530198856329,1.2288556453672563,21.065342944157795,3.4840729538717046,0.8056153545833408,0.05402514367688381,0.8333333333333334,0.45454545454545453,0.5882352941176471
etching,DDA,6,10,0.8148148148148149,0.7283784476528723,3,18.564834400021937,55,0.7642581397803032,0.7890969011761447,0.02881919058434579,2.428666115771073,0.618929541665404,4.281097054942764,1.2267510110700286,20.934466295653184,3.4446867889669988,0.7954950101952244,0.07055145213012501,1.0,0.6363636363636364,0.7777777777777778
etching,DDA,7,10,0.8148148148148149,0.7161765032151951,3,18.643500500009395,55,0.7518816390034243,0.7878020373242004,0.03446682919060815,2.4438074449059854,0.6546710196432709,4.199454367861514,1.2501819732544248,21.039815045099612,3.791298917553747,0.8055487978181777,0.0608494286161404,0.8571428571428571,0.5454545454545454,0.6666666666666665
etching,DDA,8,8,0.8518518518518519,0.7673606987238722,2,17.385165699990466,55,0.7572231814507077,0.7872207313950828,0.027210458524587634,2.4436816779408357,0.5903735600421928,4.244609366245981,1.1484510806781665,20.874080099459977,3.4244736072661204,0.7990227102288752,0.0562498800541943,1.0,0.5454545454545454,0.7058823529411764
etching,DDA,9,11,0.7962962962962963,0.7185448582549531,2,17.84973210003227,55,0.756924438231533,0.7886413166188198,0.033800407622195876,2.4316962530633663,0.6493513177539157,4.190543298810604,1.1004410990025417,21.405690276910455,3.7729388642825437,0.8048481599487157,0.0512658306989866,0.7777777777777778,0.6363636363636364,0.7000000000000001
etching,PFI-SBS,0,8,0.8518518518518519,0.7324471418033898,4,39.6817792999791,54,0.7496892923616346,0.7823445465520965,0.02725293419845062,2.492864511989113,0.5910814265720022,4.3077569828769375,1.0916892430002174,21.54734529743206,2.9704375132833154,0.7920170333142181,0.05636685573511684,0.8,0.36363636363636365,0.5000000000000001
etching,PFI-SBS,1,5,0.9074074074074074,0.69159393718455,1,38.453126800013706,54,0.7538712536816056,0.7886011018479192,0.030691398999545403,2.4197379778668693,0.5881119232775754,4.2241027989035045,1.1336429434470248,21.037330213027158,3.217361747561871,0.7970569836181371,0.06809204839205157,0.75,0.2727272727272727,0.39999999999999997
etching,PFI-SBS,2,13,0.7592592592592593,0.6164157715982503,8,39.28636650001863,54,0.7488982566091957,0.7862528873855402,0.027954819425061127,2.460947010290343,0.6332583110446889,4.342699572610272,1.1775375721249337,21.213857909071855,3.1923412905089177,0.7929293452411027,0.04982816747380106,0.75,0.5454545454545454,0.631578947368421
etching,PFI-SBS,3,14,0.7407407407407407,0.6164717256290708,8,38.97549729997991,54,0.7476337498015315,0.7843253044481526,0.031512841410728014,2.4656151363912633,0.5745417751596675,4.326889247963832,1.1812280155449923,21.15710743840111,3.0476047161874362,0.7901463576515074,0.06336312321139892,0.7777777777777778,0.6363636363636364,0.7000000000000001
etching,PFI-SBS,4,8,0.8518518518518519,0.7324471418033898,4,39.27049149997765,54,0.7573888881438855,0.7812185602187629,0.03176376228994651,2.492074691103782,0.5515478138858388,4.332802727823464,1.069320584844308,21.520527119799564,2.680844912268005,0.7890905858069039,0.056854999794812386,0.8,0.36363636363636365,0.5000000000000001
etching,PFI-SBS,5,8,0.8518518518518519,0.7324471418033898,4,38.4697491999832,54,0.7494403528572604,0.7845543756709579,0.028914081463347587,2.4617082709191,0.5666641204425219,4.33364874321171,1.1705249252924468,21.060216183290997,2.6290845461736443,0.7888929828684568,0.06229223423207268,0.8,0.36363636363636365,0.5000000000000001
etching,PFI-SBS,6,6,0.8888888888888888,0.6581521572404758,3,39.236578099953476,54,0.7558075680929015,0.786414776602531,0.027601843590161733,2.4430902915672865,0.5649234509594827,4.278226752450897,1.1695867337731898,21.213403426197786,2.8334148816543308,0.7894924995623944,0.08104904424839628,0.75,0.2727272727272727,0.39999999999999997
etching,PFI-SBS,7,12,0.7777777777777778,0.6280635536527844,7,38.671355800004676,54,0.7493843447965558,0.7861335515745257,0.0326699618243954,2.466548128963328,0.6806516123719534,4.239456730641068,1.3240401906581936,21.444653443529496,3.4307204092150294,0.8026598136211428,0.061868953993571556,0.75,0.5454545454545454,0.631578947368421
etching,PFI-SBS,8,10,0.8148148148148149,0.6193121024341944,7,38.59900149999885,54,0.7547490170473699,0.7799992337602599,0.031222891861666484,2.5224221454960714,0.6145899157064194,4.387620870574377,1.2211670024770676,21.538978108772145,3.3099072233516673,0.7855968277345079,0.06396921823509467,0.8333333333333334,0.45454545454545453,0.5882352941176471
etching,PFI-SBS,9,13,0.7592592592592593,0.6252783811524681,7,38.84129720000783,54,0.7483532965791209,0.7864019835331196,0.03656253473657261,2.4587799902526792,0.6893120097361669,4.298332326512478,1.244509030196731,21.27071810892965,3.7871583050481603,0.7958977592408171,0.060202911270281205,0.7777777777777778,0.6363636363636364,0.7000000000000001
etching,BPSO,0,4,0.9259259259259259,0.6004908603107575,0,6456.217289099994,16080,0.7394939377882443,0.7683355649378494,0.029987893299158443,2.65368424491433,0.6350058541860634,4.408636314547204,1.0616335343782723,23.761459688244706,4.2323178748277925,0.7805874893909096,0.0616307300193003,0.5,0.18181818181818182,0.26666666666666666
etching,BPSO,1,6,0.8888888888888888,0.598497715752929,0,6518.246852399956,16081,0.7475086543343514,0.7860478549764024,0.027419222279833743,2.451318019386052,0.5787124117853011,4.200763753220529,1.0719514452065477,21.56852948442746,3.111242302056234,0.7980989366926191,0.06907187100168877,0.8333333333333334,0.45454545454545453,0.5882352941176471
etching,BPSO,2,6,0.8888888888888888,0.6351180661258939,0,6573.0555742,16080,0.747999071692761,0.7825307060702348,0.029675220424544783,2.4971835789240515,0.6051830002172122,4.275626982416342,1.1266898845223343,21.983398199490278,3.2750102327517197,0.7957081083391891,0.05507049486484465,0.6666666666666666,0.36363636363636365,0.4705882352941177
etching,BPSO,3,7,0.8703703703703703,0.5403693359215954,0,6518.952274700045,16081,0.7449666679075085,0.7766945722551768,0.028925410653689473,2.5502578889414007,0.5615836865434322,4.364269002982071,1.0315398921529546,22.259868021654878,3.146123797509474,0.7837217449891761,0.06213117239833201,0.42857142857142855,0.2727272727272727,0.33333333333333326
etching,BPSO,4,6,0.8888888888888888,0.6558820101416345,0,6546.927801200014,16081,0.7567191790820109,0.782433084105871,0.03106362287036887,2.499307512395903,0.6167698545875897,4.320882142202346,1.127387698819179,21.817072208811762,3.5002104895997594,0.7920286649236974,0.05709286202473235,0.8333333333333334,0.45454545454545453,0.5882352941176471
etching,BPSO,5,6,0.8888888888888888,0.6110159135509886,0,6451.501174300036,16081,0.7490569947925247,0.7839355393079978,0.03118205967563599,2.4776014906682624,0.6140113464729268,4.20222389582734,1.158580107008565,21.882497304668174,3.380879327699006,0.8021482986479322,0.058913567066401176,0.8333333333333334,0.45454545454545453,0.5882352941176471
etching,BPSO,6,5,0.9074074074074074,0.6233985198824025,0,6458.829872799979,16081,0.7578514019084273,0.7857684221241572,0.03262560499094567,2.453235075485271,0.608923726773649,4.172134170878737,1.1956162313780232,21.43611436031788,3.237572680866073,0.7999023929765009,0.07914969582916655,0.8,0.36363636363636365,0.5000000000000001
etching,BPSO,7,6,0.8888888888888888,0.6127505825885444,0,6572.557086199988,16081,0.7346948730126419,0.7709221847082012,0.03247988133311542,2.621599173452359,0.6165843156321149,4.406644000962951,1.1461118806497392,23.31325215646847,4.211953740746536,0.7828517486924432,0.05864687362106711,0.6666666666666666,0.36363636363636365,0.4705882352941177
etching,BPSO,8,5,0.9074074074074074,0.5496005509913157,0,6394.705536100024,16081,0.7322731805837703,0.7627426360127948,0.036206143359333365,2.707462380459537,0.6303213380477349,4.509748217051722,1.1447761137402803,24.323042602254965,4.042153682884968,0.7664385566663882,0.0808928214780282,0.6,0.2727272727272727,0.37499999999999994
etching,BPSO,9,5,0.9074074074074074,0.6517207632082826,0,6394.448898600007,16081,0.7463887689856721,0.7802215530716531,0.02782545793251879,2.5167977492296534,0.584217754281779,4.262589397625316,1.1281795452907968,22.017916754583947,3.1626020983169276,0.7967865177355515,0.05689968822470024,0.8,0.36363636363636365,0.5000000000000001
etching,BGWO,0,4,0.9259259259259259,0.7198960375141308,0,430.70802439999534,1383,0.7547817926879898,0.787989642499149,0.025860622213795207,2.4279118259112233,0.5674215950895486,4.1372131934916885,1.0469697843082306,21.231171747575992,3.374325524084644,0.8066263486583443,0.057667047037260735,1.0,0.36363636363636365,0.5333333333333333
etching,BGWO,1,4,0.9259259259259259,0.7198960375141308,0,435.75460420001764,1440,0.7524865238263609,0.790436024735776,0.02874183322266711,2.4028841674371804,0.5929982560601336,4.123650811249891,1.1326359311372438,20.996358428868934,3.184957128711223,0.8056223042526967,0.06895073711564347,1.0,0.36363636363636365,0.5333333333333333
etching,BGWO,2,4,0.9259259259259259,0.7198960375141308,0,441.2364649999654,1456,0.7525652301130745,0.7928379040512652,0.023663347820991488,2.3729801077015606,0.5378535144791342,4.07489052175361,1.0189991454599736,20.75379725117457,2.9278673325016222,0.8123811783910116,0.055180309794626646,1.0,0.36363636363636365,0.5333333333333333
etching,BGWO,3,4,0.9259259259259259,0.7198960375141308,0,430.6947738000308,1414,0.7541714713924349,0.7900465423984854,0.02450115553029646,2.403021646131784,0.5404245752930146,4.122423376599174,1.023287782787345,20.821058024079964,2.6801575176686616,0.8073201102633213,0.05745441901207807,1.0,0.36363636363636365,0.5333333333333333
etching,BGWO,4,4,0.9259259259259259,0.694789014294677,0,549.137738600024,1746,0.7598786209162811,0.7870444527717787,0.030679644925141192,2.4313711116892582,0.5521193946100142,4.178318024124794,1.0081799081386922,21.24611224872888,3.1350446172363666,0.8019733003751586,0.05854528361024755,0.75,0.2727272727272727,0.39999999999999997
etching,BGWO,5,4,0.9259259259259259,0.7198960375141308,0,466.9762476999895,1503,0.7542753124725182,0.7872332378229515,0.03135342741505128,2.4433466868868,0.6289209469988335,4.181989889394234,1.222204414537063,20.965030279917908,3.1932829059466794,0.8051079212289436,0.057535159874414085,1.0,0.36363636363636365,0.5333333333333333
etching,BGWO,6,4,0.9259259259259259,0.7198960375141308,0,431.7906069000019,1442,0.7597175911094217,0.7893707756887938,0.030056513704625892,2.4184448412079487,0.6171444754256106,4.098181438795674,1.2278432575235825,20.927848698009402,2.995732312615664,0.8090828733409806,0.0757535884170983,1.0,0.36363636363636365,0.5333333333333333
etching,BGWO,7,4,0.9259259259259259,0.7198960375141308,0,441.42030779999914,1438,0.7520159022952765,0.7906697483633887,0.026258557937529573,2.399065231515528,0.5680569773200613,4.082032638840299,1.0920259616909753,20.92758463302094,3.080281576612152,0.8110630278113201,0.060997542971939295,1.0,0.36363636363636365,0.5333333333333333
etching,BGWO,8,4,0.9259259259259259,0.7198960375141308,0,420.10147390002385,1375,0.7587797724011464,0.7900452831896582,0.02730578820716867,2.405120460497028,0.5757737686922364,4.140860821088403,1.096929894883388,20.681462167953097,2.972652400548182,0.8026577303185848,0.07380805035259526,1.0,0.36363636363636365,0.5333333333333333
etching,BGWO,9,4,0.9259259259259259,0.7198960375141308,0,452.9696908000042,1506,0.7512426067827562,0.786578017384356,0.029045102614203136,2.448028523932244,0.5998808438603527,4.164273292057533,1.1289971829931171,21.201599722599667,3.056691771065572,0.8060621753730228,0.05483671192666652,1.0,0.36363636363636365,0.5333333333333333
etching,NSGA2,0,2,0.962962962962963,0.7744489744272558,0,1454.1774871000089,4649,0.7268277590544959,0.7551305064362208,0.03282395838056295,2.7915888795935753,0.6168520962784182,4.543284043718915,1.040325021978589,25.291504488771032,4.5596733961774065,0.763286183768218,0.07668788693218426,1.0,0.18181818181818182,0.3076923076923077
etching,NSGA2,1,2,0.962962962962963,0.7744489744272558,0,1648.6774962999625,5080,0.7246693779779749,0.752898814486928,0.03720230784253401,2.817566384372637,0.6539165063676093,4.592380062325219,1.1265446826946575,25.609573599225484,4.618055676188607,0.7545869414993203,0.09486987230323815,1.0,0.18181818181818182,0.3076923076923077
etching,NSGA2,2,2,0.962962962962963,0.7744489744272558,0,1743.3394588000374,5405,0.7228885503782301,0.7556319916977202,0.032524473079868686,2.7878641051403545,0.6233756588850282,4.558433644750935,1.0663657047158095,25.181836229546448,4.395546306417425,0.7611085135760743,0.08176222892162867,1.0,0.18181818181818182,0.3076923076923077
etching,NSGA2,3,2,0.962962962962963,0.7744489744272558,0,1648.5052255999763,5151,0.7232292849074736,0.7543535411093428,0.0318280726681721,2.8012499884935504,0.6093549971093261,4.57209011890732,1.0594810843470515,25.179379301263996,4.301508070115775,0.7618713986266367,0.07033607919937562,1.0,0.18181818181818182,0.3076923076923077
etching,NSGA2,4,2,0.962962962962963,0.7744489744272558,0,1830.6850684999954,5773,0.7297390077611038,0.7560824542705021,0.037755415901865014,2.783334349582525,0.6588915378753704,4.5556909562525165,1.0429307908659562,25.103292041614555,4.677718894297821,0.7627593575159118,0.07360411049582163,1.0,0.18181818181818182,0.3076923076923077
etching,NSGA2,5,2,0.962962962962963,0.7744489744272558,0,1614.667942500033,5123,0.7253735838728239,0.7522892988443275,0.03708279561272444,2.8287609824229225,0.6783570391854717,4.6062815004803515,1.2257490294597495,25.347153128951696,4.510115519765089,0.7591763888602635,0.07665466629162819,1.0,0.18181818181818182,0.3076923076923077
etching,NSGA2,6,2,0.962962962962963,0.7744489744272558,0,1618.2116192999529,4976,0.7310898689000271,0.7567412215809228,0.037576320091292144,2.782232816352959,0.6938046937956355,4.540579680575709,1.2372837978222693,24.89070153131791,4.431646118155646,0.7629424025085908,0.08923629992203558,1.0,0.18181818181818182,0.3076923076923077
etching,NSGA2,7,2,0.962962962962963,0.7744489744272558,0,1638.8421312000137,5173,0.7242908995328006,0.7530946068779334,0.03358675390251125,2.818919682262823,0.6430692381979469,4.58952220338808,1.115196659370438,25.43851868427271,4.436565040736062,0.7574031350252592,0.08540877401311563,1.0,0.18181818181818182,0.3076923076923077
etching,NSGA2,8,2,0.962962962962963,0.7744489744272558,0,1735.8435933999717,5490,0.7266849497503565,0.7541096298944545,0.032599019650123316,2.805005010196109,0.6214317496002045,4.625063074555955,1.0883889004036555,25.170427950506497,4.174639778387668,0.7520997703641039,0.08985787035565744,1.0,0.18181818181818182,0.3076923076923077
etching,NSGA2,9,2,0.962962962962963,0.7744489744272558,0,1790.747251600027,5652,0.7236675662321687,0.7555744708912329,0.03323364097571254,2.7897299442495176,0.6269109925121535,4.578586513381955,1.0927042405108356,25.20867808216389,4.141775077083961,0.7606883336182626,0.07535204147546531,1.0,0.18181818181818182,0.3076923076923077
etching,Boruta,0,16,0.7037037037037037,0.5600289328535746,16,12.654801100026816,2,0.7354397723196562,0.7705734413226131,0.034505905625720736,2.6365458672250957,0.6701823288728215,4.530512031809727,1.2439448235920214,23.480277991486446,4.686234298544628,0.774377709444905,0.059361358960058674,0.8571428571428571,0.5454545454545454,0.6666666666666665
etching,Boruta,1,16,0.7037037037037037,0.5577981858285742,16,15.379807400051504,2,0.7336335484638818,0.7728140046260215,0.030579501712802704,2.6152100767632533,0.663209284057822,4.525386855043775,1.2733873127776711,23.13993564385462,3.6655319171501377,0.7732551139241821,0.0685276883425213,0.8571428571428571,0.5454545454545454,0.6666666666666665
etching,Boruta,2,16,0.7037037037037037,0.5577981858285742,16,19.731039499980398,2,0.7331089471027687,0.7714991995258148,0.027728131304536916,2.6292320991841107,0.644622280797355,4.564217763688431,1.2416991844691203,23.22351759571674,3.4610064745657634,0.7702366547756804,0.06355565183703778,0.8571428571428571,0.5454545454545454,0.6666666666666665
etching,Boruta,3,18,0.6666666666666667,0.5627538498600642,17,19.741092399985064,2,0.7365731798633557,0.7773481241914394,0.028703141651319052,2.550015118721744,0.5846277317169749,4.44958404091982,1.1728887035151645,22.28728768995988,3.5405626807070902,0.7798802045758044,0.060480384991196734,0.875,0.6363636363636364,0.7368421052631579
etching,Boruta,4,16,0.7037037037037037,0.5600289328535746,16,21.717807699984405,2,0.7366284728517654,0.7712562398211473,0.03299516817242721,2.620094623090954,0.6266652513309011,4.5564551919071254,1.2093880859001394,23.06419166542164,3.4117971453251252,0.7708729981668468,0.05935097273943026,0.8571428571428571,0.5454545454545454,0.6666666666666665
etching,Boruta,5,18,0.6666666666666667,0.5475667926377242,17,17.82695939997211,2,0.7273939775279807,0.7600542897141859,0.03220346952079847,2.755382067776799,0.6698361635467257,4.7231509280195905,1.2937830777001527,24.275405364811167,3.601229929244872,0.7543361389748356,0.06715498483576639,0.75,0.5454545454545454,0.631578947368421
etching,Boruta,6,16,0.7037037037037037,0.5577981858285742,16,15.936253899999429,2,0.739485806998411,0.7741004841333062,0.033504349352607106,2.598985406919353,0.678287039786328,4.521840713248313,1.3495864192211242,22.836749725569184,3.5087010249454407,0.7724504663531134,0.08216713648855781,0.8571428571428571,0.5454545454545454,0.6666666666666665
etching,Boruta,7,16,0.7037037037037037,0.5577981858285742,16,13.327041100012138,2,0.73451723968341,0.7727065319521426,0.03615256339773663,2.6199716281577548,0.703723966980526,4.470083468194435,1.3575180236964282,23.084916523945587,4.008322315706832,0.7810368299772583,0.06988786334665403,0.8571428571428571,0.5454545454545454,0.6666666666666665
etching,Boruta,8,17,0.6851851851851851,0.5531377524991282,16,17.482538300042506,2,0.7336356914024889,0.7723130386046285,0.030929196435870086,2.6175701508071234,0.6466332347739979,4.558721226238048,1.331812688855879,23.078569462302468,3.537710222183995,0.7699011026770802,0.07017204429858397,0.75,0.5454545454545454,0.631578947368421
etching,Boruta,9,16,0.7037037037037037,0.5600289328535746,16,19.757127000018954,2,0.7366776718371802,0.7698113047262204,0.035254932967735,2.647447888289482,0.693592086928465,4.551056686753095,1.2864089462978208,23.52533383149503,3.8804076502077187,0.7727146851742143,0.0637347926780428,0.8571428571428571,0.5454545454545454,0.6666666666666665
etching,LASSO,0,48,0.11111111111111116,0.4496698261979842,11,1.038884399982635,2,0.7179549520999724,0.7502608412726298,0.03387583882121615,2.866979918761385,0.7141907690428421,4.798774565041187,1.2298166740642757,26.4569110298496,4.597751554303706,0.7454531506478752,0.06150089024766581,0.2682926829268293,1.0,0.4230769230769231
etching,LASSO,1,48,0.11111111111111116,0.4496698261979842,11,1.1267012999742292,2,0.7075333687437904,0.7477123831476892,0.032400464680038994,2.895590644188045,0.6953887236581527,4.905126081884853,1.2449111245877036,26.775695127472,4.054053177758678,0.7325338477078952,0.07386264043003174,0.2682926829268293,1.0,0.4230769230769231
etching,LASSO,2,48,0.11111111111111116,0.4496698261979842,11,0.9978295000037178,2,0.7090108486829866,0.7517595346035437,0.03058428650658446,2.852001961327214,0.6980396456054283,4.899998047794937,1.2207292475925862,26.472833965365894,4.3816781606834905,0.7351147969044275,0.05834676520970599,0.2682926829268293,1.0,0.4230769230769231
etching,LASSO,3,48,0.11111111111111116,0.4496698261979842,11,0.8524971000151709,2,0.7061319524175348,0.7474083518697795,0.030131918428285685,2.8901031591446915,0.6454539453388513,4.9252253649200215,1.1861942118712803,26.64392099082029,4.095723408445474,0.7301061301891956,0.0661029663484282,0.2682926829268293,1.0,0.4230769230769231
etching,LASSO,4,48,0.11111111111111116,0.4496698261979842,11,0.8498471999773756,2,0.7124387136607198,0.7511729898715013,0.035913808845778064,2.857969825021843,0.7259471361163196,4.926616510028855,1.2733168613218095,26.049419803353267,4.424394944403169,0.7343768717018172,0.056395162289238354,0.2682926829268293,1.0,0.4230769230769231
etching,LASSO,5,48,0.11111111111111116,0.4496698261979842,11,0.9869340999866836,2,0.7077156878930644,0.7397533191840814,0.03220356805823064,2.9874642445580264,0.7146357163931395,4.9976868866741935,1.293728876742542,27.35511586505674,3.4922919798282392,0.723323872794025,0.07520406806543362,0.2682926829268293,1.0,0.4230769230769231
etching,LASSO,6,48,0.11111111111111116,0.4496698261979842,11,0.8859605000470765,2,0.721428411313458,0.7562430613989495,0.03150195906189459,2.796055462144116,0.6704864321766633,4.748937855321529,1.2635862784401164,26.19857638458205,3.9115600965928916,0.74850296917834,0.0792039197285733,0.2682926829268293,1.0,0.4230769230769231
etching,LASSO,7,48,0.11111111111111116,0.4496698261979842,11,0.8661078999866731,2,0.7099350132441578,0.7551851806099382,0.03755928745251564,2.820652138390132,0.7704083702546093,4.683641434492242,1.3549514782597627,25.905323721229195,4.353599337997352,0.7578242487739854,0.07275177387894426,0.2682926829268293,1.0,0.4230769230769231
etching,LASSO,8,48,0.11111111111111116,0.4496698261979842,11,0.9023143000085838,2,0.7131146206225574,0.7511211844583071,0.03541612213261771,2.8454781811818415,0.6604441647822975,4.803033151652789,1.2140776927549362,26.36096647739823,4.131934370077933,0.741897451356924,0.07246808738597253,0.2682926829268293,1.0,0.4230769230769231
etching,LASSO,9,48,0.11111111111111116,0.4496698261979842,11,0.9459675999823958,2,0.711928507683955,0.7501964273923751,0.035287783516032456,2.8551403139205926,0.6669125628132123,4.839960941763777,1.2333051830545276,26.456990349116424,4.1870731122355345,0.7418549379441544,0.05844561545478171,0.2682926829268293,1.0,0.4230769230769231
etching,RFE,0,11,0.7962962962962963,0.6145712545546281,8,119.64883199997712,54,0.7481232815470497,0.7822838365677615,0.031218759618556417,2.5020634094163015,0.6341141390376563,4.365451540302176,1.2054596237573891,21.665727731039283,3.6117105553651587,0.7903397570641487,0.054527819124812055,0.8333333333333334,0.45454545454545453,0.5882352941176471
etching,RFE,1,10,0.8148148148148149,0.7104484653953322,5,130.3331737999688,54,0.7481860545636667,0.7796548807673059,0.03441886502615371,2.5394977625826227,0.6872027633569029,4.471224382158694,1.3024202322480904,21.653870109882753,3.3272334317015932,0.7779938769989511,0.07033323340873322,0.8333333333333334,0.45454545454545453,0.5882352941176471
etching,RFE,2,11,0.7962962962962963,0.6156251831853793,8,117.99165629997151,54,0.7495251428515546,0.7834134852253206,0.02979618905553945,2.487851655435675,0.6148147387632323,4.4053477405974695,1.1737227118159037,21.474176458330298,3.4119103269259674,0.7857691101192825,0.056682837832126354,0.8333333333333334,0.45454545454545453,0.5882352941176471
etching,RFE,3,10,0.8148148148148149,0.7092330871383289,5,117.8498178999871,54,0.749815109046484,0.7797320978920304,0.02619191350254123,2.5272934075617886,0.5925135106436008,4.431893893070905,1.2207776400847108,21.46649351880548,3.099115655860566,0.7834400957763505,0.05607997699231723,0.8333333333333334,0.45454545454545453,0.5882352941176471
etching,RFE,4,10,0.8148148148148149,0.7104484653953324,5,120.73986239999067,54,0.7557145228607385,0.7797827997776522,0.03148153759266883,2.5216639253398587,0.5933490508247372,4.409406345228089,1.1539476461747245,21.72416326404056,3.041386631847809,0.7858379738535214,0.05394563671880416,0.8333333333333334,0.45454545454545453,0.5882352941176471
etching,RFE,5,9,0.8333333333333334,0.7378783328966777,4,119.93684290000238,54,0.7487893012950575,0.7826644115575735,0.02836058813083337,2.493917812368599,0.6008877699601555,4.409851120604382,1.1823869371585138,21.332759238779722,2.816259339066162,0.7844570612164431,0.0572361665833496,0.8333333333333334,0.45454545454545453,0.5882352941176471
etching,RFE,6,10,0.8148148148148149,0.7104484653953322,5,119.90834500000346,54,0.7572575588098209,0.7822412082907735,0.03107423429049124,2.5051876583229213,0.638167846638234,4.439258688102777,1.3321665594255834,21.51496469851939,3.270318074685436,0.77869647868987,0.08671044055711524,0.8333333333333334,0.45454545454545453,0.5882352941176471
etching,RFE,7,10,0.8148148148148149,0.7104484653953324,5,118.46428439998999,54,0.7481679839301891,0.7848026696601081,0.0343207231028592,2.480782366576888,0.6757756452719191,4.274245514839447,1.3241596504214634,21.406690936315503,3.6996995859194763,0.7983618930028998,0.06717420210231499,0.8333333333333334,0.45454545454545453,0.5882352941176471
etching,RFE,8,10,0.8148148148148149,0.7104484653953322,5,119.21339470002567,54,0.7512703459157957,0.7824641566614544,0.031229506037969694,2.496652012229383,0.6125347252743544,4.388454272075717,1.236771232974321,21.451345997272757,3.4316168761469865,0.7863301185866988,0.06369401133887273,0.8333333333333334,0.45454545454545453,0.5882352941176471
etching,RFE,9,14,0.7407407407407407,0.5942856628471085,10,119.37719869997818,54,0.7449634391295668,0.7770062567029671,0.0341112958780444,2.5679248972456903,0.6850886049342491,4.476281589311922,1.2606550280728213,22.290638547119194,3.5484732904956697,0.7804502000016488,0.057862423748424,0.75,0.5454545454545454,0.631578947368421
metalization,ALL,0,54,0.0,0.4991962815731018,19,1.0304291999782436,1,0.6940556645401567,0.7020288760642119,0.04194484368730141,8.086638318138805,2.0429081137357508,14.330227469565614,4.074535612824136,34.68178218000271,6.44993256695507,0.7114374830588311,0.08159239197648559,0.2558139534883721,1.0,0.40740740740740744
metalization,ALL,1,54,0.0,0.4991962815731018,19,0.9286421000142582,1,0.6944164828145868,0.6926918990414889,0.04667813027972589,8.331710229795112,2.1088599367301444,14.770826473304497,4.109124631116803,34.60779325918968,7.112504322132021,0.6932091194774376,0.08278839132914058,0.2558139534883721,1.0,0.40740740740740744
metalization,ALL,2,54,0.0,0.4991962815731018,19,0.8986338999820873,1,0.6942005248538431,0.7027290512856598,0.04042070202964152,8.045723138982328,1.8762548233705179,14.440535354636966,4.093426890952578,34.02548802021645,6.348906153318313,0.7060252658320774,0.09312164682637515,0.2558139534883721,1.0,0.40740740740740744
metalization,ALL,3,54,0.0,0.4991962815731018,19,0.8681971000041813,1,0.6947016977283174,0.6973113306608097,0.037449165612795966,8.121978107265418,1.516799613311516,14.348212658279785,3.739439882432916,34.55685926526241,4.658528490145709,0.7015624580693001,0.09645146186194023,0.2558139534883721,1.0,0.40740740740740744
metalization,ALL,4,54,0.0,0.4991962815731018,19,1.0256913999910466,1,0.6851772729795195,0.6931125746170762,0.03749325740363389,8.310853862404239,1.9346681790121907,14.590130562187094,4.052937940662815,35.69375162819676,6.840306260033951,0.6993472410854483,0.08329941504610625,0.2558139534883721,1.0,0.40740740740740744
metalization,ALL,5,54,0.0,0.4991962815731018,19,1.018888499995228,1,0.6805398515545438,0.6905884452169208,0.03739474845470616,8.352384074378175,1.7824325488300763,14.67643552861201,3.8834093498849835,35.53066517945601,6.265713042017864,0.6958149700716295,0.07803322355994123,0.2558139534883721,1.0,0.40740740740740744
metalization,ALL,6,54,0.0,0.4991962815731018,19,0.975351299974136,1,0.6997320184766074,0.702296158617073,0.041385483050893214,8.085909596084639,2.0640998244895514,14.329512552601466,4.116617847249495,34.56440887808138,5.759192964280132,0.711666885765587,0.07679758160145726,0.2558139534883721,1.0,0.40740740740740744
metalization,ALL,7,54,0.0,0.4991962815731018,19,0.8499853000394069,1,0.6826668444872315,0.699014017317531,0.04092496133014769,8.147268847066746,1.910276354078575,14.567627348332014,4.180507500421157,34.473818691596165,5.8922753585273835,0.701408048831435,0.08552963371569383,0.2558139534883721,1.0,0.40740740740740744
metalization,ALL,8,54,0.0,0.4991962815731018,19,0.8551329000038095,1,0.6916526028070072,0.6914588976920085,0.04327506804839747,8.326395344284146,1.8606892140912101,14.773796784220782,3.936251939777353,34.95831026092579,5.943527522563189,0.6915904941374558,0.09196961853419461,0.2558139534883721,1.0,0.40740740740740744
metalization,ALL,9,54,0.0,0.4991962815731018,19,0.8341069999733008,1,0.6852799172578155,0.6962271864408237,0.04978650273455009,8.222564158031098,2.08533644847162,14.400146436736101,4.400883175482195,35.03573634887217,6.850000811826426,0.7062464870855389,0.09680464153106294,0.2558139534883721,1.0,0.40740740740740744
metalization,FILTER,0,43,0.20370370370370372,0.33132472991969464,0,1.3274314000154845,2,0.6892394434525497,0.6984165950410273,0.04839726595390613,8.172096158956903,2.0719182405384524,14.404818452923472,4.029747082822317,36.20794103234552,7.877173195314785,0.7090351964102406,0.08061481379013322,0.2558139534883721,1.0,0.40740740740740744
metalization,FILTER,1,43,0.20370370370370372,0.33132472991969464,0,1.246121900039725,2,0.6879438036222643,0.6936518878463871,0.05176243855468291,8.302816849102788,2.16009253248199,14.563311033100181,4.504626519050357,35.68976111164613,8.520503813052649,0.704714441548174,0.08691832177758253,0.2558139534883721,1.0,0.40740740740740744
metalization,FILTER,2,43,0.20370370370370372,0.33132472991969464,0,1.2583127000252716,2,0.6904083598485176,0.6990747022021536,0.04613037632072904,8.177882657964073,2.1452861597125215,14.371452049855785,4.361982807973935,34.87638518473144,7.3733432129305605,0.714229674394603,0.07817902709564803,0.2558139534883721,1.0,0.40740740740740744
metalization,FILTER,3,43,0.20370370370370372,0.33132472991969464,0,1.2705820000264794,2,0.6991839958012748,0.6992451293865628,0.04074007056354018,8.122859945698846,1.8412640173170352,14.354313202831275,4.224063708240377,35.40750238256479,6.105475978915203,0.7088614373652019,0.087671329850375,0.2558139534883721,1.0,0.40740740740740744
metalization,FILTER,4,43,0.20370370370370372,0.33132472991969464,0,1.2142376000410877,2,0.6938478358064,0.6942129287173155,0.04015391413680905,8.306209660444088,2.063138473586775,14.61096582448518,4.158861963792715,36.524124182614145,8.311561240562954,0.7053162739409389,0.06433145123699792,0.2558139534883721,1.0,0.40740740740740744
metalization,FILTER,5,43,0.20370370370370372,0.33132472991969464,0,1.1108224999625236,2,0.6813356478291486,0.6960464554042936,0.048598592879355335,8.21564307256106,1.993692752161128,14.324140800637378,4.159746245214329,36.08564447366256,7.65820390114535,0.7136892554001358,0.07480770453615337,0.2558139534883721,1.0,0.40740740740740744
metalization,FILTER,6,43,0.20370370370370372,0.33132472991969464,0,1.2187769000302069,2,0.6954089477127731,0.6953289698421502,0.038670301536609844,8.284085013861343,2.0895507709902024,14.715651247648259,4.264815483375965,36.16009963297208,7.316447605878087,0.6992129702081028,0.07620019179144118,0.2558139534883721,1.0,0.40740740740740744
metalization,FILTER,7,43,0.20370370370370372,0.33132472991969464,0,1.3829030999913812,2,0.6803379371615697,0.7009967675781595,0.0528699152864643,8.134657340339741,2.264634471267233,14.400471503385548,4.695235773372387,35.125099828130644,7.278487102509925,0.7131086455191704,0.09092261239642214,0.2558139534883721,1.0,0.40740740740740744
metalization,FILTER,8,43,0.20370370370370372,0.33132472991969464,0,1.3076253000181168,2,0.6984749128687056,0.698412222793827,0.04779494030286517,8.170284740117289,2.0480757982325186,14.449428250779096,4.219014336858868,35.57147584869577,7.094904954992771,0.7101968705107747,0.074382054363081,0.2558139534883721,1.0,0.40740740740740744
metalization,FILTER,9,43,0.20370370370370372,0.33132472991969464,0,1.3991654999554157,2,0.6880364414437639,0.6929630587380413,0.045374067761465596,8.31401097432844,2.056936744269921,14.520828157438553,4.416139872240674,35.29097074879897,6.40957200475295,0.7026423504595927,0.0882513903902489,0.2558139534883721,1.0,0.40740740740740744
metalization,GA,0,9,0.8333333333333334,0.5776475130513848,0,5843.942699399951,10898,0.7265856140651528,0.7435942588804763,0.02833520037034545,6.966334285208841,1.6777650922331337,12.929029681066861,3.366575985064087,28.013162371086878,3.8902485008470955,0.7674616958399286,0.04951915805901922,0.7777777777777778,0.6363636363636364,0.7000000000000001
metalization,GA,1,9,0.8333333333333334,0.622767865956937,1,4107.95403600001,7641,0.7285287014915824,0.7273572771190567,0.03879821852213934,7.371633963955374,1.7527405171813015,13.304146296778992,3.5405516155199144,29.44051697159215,5.7202430695281,0.751188882682047,0.06798474376037092,0.625,0.45454545454545453,0.5263157894736842
metalization,GA,2,9,0.8333333333333334,0.4966645812076461,0,3311.6869634999894,6154,0.7077134623239592,0.7118370134583686,0.03780950281937933,7.817826680816228,1.8925278316415455,14.051902950125283,3.7467602492369494,30.68598627447473,4.661061022879595,0.7162475299364961,0.11850835784202395,0.4444444444444444,0.36363636363636365,0.39999999999999997
metalization,GA,3,9,0.8333333333333334,0.49205467140732395,3,4179.744094600028,7860,0.7399684630673156,0.735733577776614,0.03878833605647938,7.156356072015245,1.7481941916322816,13.107468992915503,3.65963300394733,28.89049463608016,4.391449894008285,0.7587379702687511,0.07200981462612173,0.7142857142857143,0.45454545454545453,0.5555555555555556
metalization,GA,4,12,0.7777777777777778,0.6207102007447938,1,3608.9633235000074,6690,0.7267256593534721,0.7287133286900038,0.022084476869704897,7.343586470458723,1.5413345885164595,13.326326216337504,2.929699601546855,29.54827843537498,4.794970828880222,0.7463574786669144,0.06397049636080786,0.45454545454545453,0.45454545454545453,0.45454545454545453
metalization,GA,5,9,0.8333333333333334,0.5691116589652324,0,6757.4388658999815,12609,0.7225409592567428,0.7364993435761565,0.03642715731874306,7.1162506201495574,1.6396573776570464,12.990598139478347,3.4804920578098377,29.395852442757747,4.928798431175942,0.7616018685420032,0.06317145659573487,0.5555555555555556,0.45454545454545453,0.5
metalization,GA,6,12,0.7777777777777778,0.5422549633311644,1,5355.466311800003,9965,0.7247703525580179,0.7107664754725934,0.03675787995513299,7.786241530787627,1.5860109477754816,13.817753672781228,3.1279637049834297,31.57890553437067,4.652338211173351,0.7218074559375726,0.09237844151704679,0.5454545454545454,0.5454545454545454,0.5454545454545454
metalization,GA,7,5,0.9074074074074074,0.6289911415767477,0,6365.895083600015,11833,0.7086671336189455,0.7069174754703652,0.04235069157789101,7.843578265014958,1.4935458291999821,14.032864222140859,2.9452449370641873,30.830527819854943,4.525399474973823,0.7028568847955171,0.12225297763598812,0.8,0.36363636363636365,0.5000000000000001
metalization,GA,8,8,0.8518518518518519,0.5752910168655637,0,5860.158751999959,10982,0.7161592703084909,0.7118246683416501,0.037340646214143326,7.7772490122225095,1.7614858571601184,14.132945979947229,3.5167752712767557,30.808783280428884,3.848505730839042,0.7110016275549128,0.08883899532200988,0.5,0.36363636363636365,0.4210526315789474
metalization,GA,9,11,0.7962962962962963,0.5638847183515988,1,4023.186118100013,7563,0.7172545278440133,0.7207110364525116,0.03763328482075709,7.558487293041944,1.8193500793811863,13.850014037571288,3.510002089762664,29.686039329152873,4.906974911897601,0.7259052375068393,0.07921508999976318,0.5,0.45454545454545453,0.47619047619047616
metalization,TSFGA,0,6,0.8888888888888888,0.574228046808314,0,7331.895975899999,15584,0.7369132603234739,0.7485077432944813,0.03062410765777637,6.798386457267475,1.5119233935166378,12.459190227491824,3.035850545536098,27.192415531753948,4.419168802379267,0.7805186583694446,0.057200641854561744,0.8333333333333334,0.45454545454545453,0.5882352941176471
metalization,TSFGA,1,8,0.8518518518518519,0.49677210558430523,0,2504.0111631999607,5201,0.7191157615277344,0.7206747124535962,0.03952235192892559,7.5481366580568885,1.7348029651451944,13.229641958144907,3.449407778625101,31.652987629998417,6.1506558112155725,0.7535520329386621,0.06752904692694285,0.375,0.2727272727272727,0.3157894736842105
metalization,TSFGA,2,6,0.8888888888888888,0.5589518569466928,0,5516.642701799981,11570,0.7261568971084184,0.7298546301169305,0.03872561664055429,7.320262893044675,1.7973498064984548,13.330123135075002,3.749384755024901,29.602980502576383,5.625332822632968,0.7505252085032078,0.07110609462217143,0.5,0.2727272727272727,0.3529411764705882
metalization,TSFGA,3,7,0.8703703703703703,0.6008024554539365,0,3086.832310799975,6444,0.7356430483466565,0.7341016973849023,0.03472304765807174,7.2030168031258315,1.7238635113613525,13.209008608405465,3.5657640653118654,28.969772672766876,4.675805184002837,0.7523931404536344,0.0750244588168798,0.5714285714285714,0.36363636363636365,0.4444444444444444
metalization,TSFGA,4,5,0.9074074074074074,0.5134389944645841,0,4077.4087629000423,8613,0.7055110879518767,0.7142074729687035,0.034216001270179104,7.722466222508968,1.701711577656048,13.764757399857155,3.3949500664122216,31.83608085625239,5.794521799306276,0.7295763809434503,0.07310379132290439,0.6,0.2727272727272727,0.37499999999999994
metalization,TSFGA,5,7,0.8703703703703703,0.535115754716871,0,2958.439826000016,6132,0.7169283618317945,0.7199946305870484,0.03976716653835893,7.5657157154683805,1.7453496791811403,13.520466938337456,3.5335223353981036,31.11208738944039,5.5354540676592485,0.7398675153955078,0.07574082865333064,0.5714285714285714,0.36363636363636365,0.4444444444444444
metalization,TSFGA,6,8,0.8518518518518519,0.5058459354617434,0,7260.625654899981,15215,0.7301753508110012,0.7314386108393187,0.03119413248646124,7.282660642670857,1.7375255204060727,13.218141801236694,3.5351219014858186,29.31860819990514,4.762853693091214,0.7550060265572865,0.06145730589974649,0.5,0.36363636363636365,0.4210526315789474
metalization,TSFGA,7,8,0.8518518518518519,0.5514517609542611,0,3686.5295877000317,7914,0.7117309679405814,0.7235905577705041,0.04152250507227114,7.499454758274715,1.9147504793161778,13.413763424101369,3.7612553955556973,30.333905069483325,5.569713526058647,0.748998926740855,0.0664531937124861,0.625,0.45454545454545453,0.5263157894736842
metalization,TSFGA,8,8,0.8518518518518519,0.605134691444674,0,3491.357732100005,7277,0.733387143328647,0.7326759609893422,0.03226910068239216,7.248794359208975,1.7504509437353932,13.169027096745843,3.255614869176726,28.923489813954827,5.0479854129671295,0.7570019364026395,0.05199542643364576,0.625,0.45454545454545453,0.5263157894736842
metalization,TSFGA,9,9,0.8333333333333334,0.49597319743511953,0,2681.9848581000115,5599,0.7159665581247068,0.7231557669763063,0.04321774610591035,7.4833753244012655,1.7942166004041955,13.452373323457444,3.5794078239725557,30.72485497774397,5.584754526559608,0.7422762442206084,0.08267442988543439,0.5555555555555556,0.45454545454545453,0.5
metalization,mRMR,0,10,0.8148148148148149,0.7408936097481453,4,32.6982506000204,54,0.7234444986597264,0.7369320983749319,0.034570066772555544,7.105493163647939,1.5740314441996224,13.212933984048764,3.3705201926381143,28.063898298435298,4.2138647131013025,0.7502028542624751,0.0846937923588094,0.8571428571428571,0.5454545454545454,0.6666666666666665
metalization,mRMR,1,10,0.8148148148148149,0.7408936097481453,4,31.54116610001074,54,0.7287751899276238,0.7347777921806772,0.03617988742105551,7.189646048480509,1.7595602881887873,13.225275726831386,3.5948773233128217,28.327917923681706,5.12464055186551,0.7539133382534897,0.0699417392373207,0.8571428571428571,0.5454545454545454,0.6666666666666665
metalization,mRMR,2,10,0.8148148148148149,0.7408936097481453,4,31.868989600043278,54,0.7297937438084536,0.735530321201405,0.034484001589439456,7.139105474245901,1.5481001351069692,13.151502074678131,3.501964924531075,28.193380840996344,4.946494863071644,0.7536614379249235,0.08758126839149578,0.8571428571428571,0.5454545454545454,0.6666666666666665
metalization,mRMR,3,11,0.7962962962962963,0.7227410230635869,4,32.275692700000945,54,0.7339138081212706,0.7312215870581589,0.03139077466569435,7.25879355337094,1.5467923740960154,13.312587600745255,3.507887233394549,28.801571601857265,3.5286107453949547,0.7453364844581912,0.08931006202432985,0.75,0.5454545454545454,0.631578947368421
metalization,mRMR,4,10,0.8148148148148149,0.7408936097481453,4,30.85604940005578,54,0.7270262651681949,0.7312939341594082,0.02783208858212522,7.259949708585392,1.5490476038487415,12.981982642661755,3.2889048589557843,28.934847831886785,4.840689868231808,0.7602546522005109,0.07073939111919586,0.8571428571428571,0.5454545454545454,0.6666666666666665
metalization,mRMR,5,11,0.7962962962962963,0.7227410230635869,4,31.514266500016674,54,0.7164711941762358,0.7269862349118017,0.029770623450752712,7.366078204456855,1.5267032672330556,13.499358883728554,3.3746191049475023,29.58205520150188,4.25517724227981,0.7406305216848975,0.0712202425121217,0.75,0.5454545454545454,0.631578947368421
metalization,mRMR,6,10,0.8148148148148149,0.7408936097481453,4,31.17889219999779,54,0.7276582076940747,0.7350378803392952,0.026826372077256418,7.159176541196756,1.5046398930746434,13.119193297565293,3.341089936519974,27.96878846138732,4.048870583920863,0.7543594219359318,0.07883654120774491,0.8571428571428571,0.5454545454545454,0.6666666666666665
metalization,mRMR,7,10,0.8148148148148149,0.7408936097481453,4,31.51494189997902,54,0.7229613141645541,0.7334435450012552,0.02944949687121788,7.197411151836935,1.543237180082324,13.149412411417773,3.3941322886474827,28.324453625122274,4.109519950682474,0.752168177657379,0.07804438041670052,0.8571428571428571,0.5454545454545454,0.6666666666666665
metalization,mRMR,8,15,0.7222222222222222,0.632595550117621,9,31.782237300009,54,0.7302467090969724,0.730754579371903,0.033076416547184136,7.295142195877649,1.6955456443687276,13.413639563233898,3.369496905823878,28.98063284142042,4.341062274916859,0.7448232956156993,0.07290192083344788,0.7777777777777778,0.6363636363636364,0.7000000000000001
metalization,mRMR,9,10,0.8148148148148149,0.7408936097481453,4,31.349206100043375,54,0.7260861741728298,0.7305731444972551,0.03579966220920727,7.284692904954482,1.6625760780356185,13.229954891448367,3.6118607058366203,28.64613062048013,4.653402946528391,0.7474675620396459,0.09641721454160773,0.8571428571428571,0.5454545454545454,0.6666666666666665
metalization,MI,0,12,0.7777777777777778,0.6215208030890617,14,31.553705500031356,54,0.7312487708910566,0.7333763809749427,0.038730201409732275,7.24478136615318,1.8956101380532597,13.351714756163362,3.588285866186147,28.548484102342652,4.579815559616952,0.7512771774374644,0.0676964917742876,1.0,0.36363636363636365,0.5333333333333333
metalization,MI,1,12,0.7777777777777778,0.6215208030890617,14,32.19938930001808,54,0.734898251821335,0.7319519786096776,0.04035982182369237,7.25659919252351,1.7784653652176674,13.349676665449694,3.539118055951992,28.74364571369624,5.0852696707780725,0.7468142104017291,0.07668577230229993,1.0,0.36363636363636365,0.5333333333333333
metalization,MI,2,13,0.7592592592592593,0.6222736153493196,16,32.335715499997605,54,0.7347180689882578,0.7375846805809325,0.030973449505865225,7.106706988194708,1.6033971140425562,13.098291505583898,3.290802124512865,28.326924365424485,4.36758746413739,0.7599947325344252,0.05869175308759036,1.0,0.36363636363636365,0.5333333333333333
metalization,MI,3,14,0.7407407407407407,0.6263174476080352,16,32.83054130000528,54,0.7396940063263338,0.731102574063384,0.029755814850637923,7.2412877841299155,1.448356897562381,13.324379738825947,3.3035962509655286,28.803414232549944,2.9763911362451227,0.7440217624553824,0.07954011991605167,1.0,0.45454545454545453,0.625
metalization,MI,4,13,0.7592592592592593,0.6222736153493196,16,31.591029400005937,54,0.7294300227565682,0.7352145192442485,0.03177832953271203,7.146450845597674,1.5362727967806844,13.044766964403854,2.90818918908444,28.616288828255723,4.601636890434769,0.7545052318144367,0.07239484319720102,1.0,0.36363636363636365,0.5333333333333333
metalization,MI,5,13,0.7592592592592593,0.6222736153493196,16,30.97937339998316,54,0.7276108441417652,0.7303727579480099,0.02856683082638431,7.292292852725396,1.5873794951769484,13.198146735476048,3.200816131341832,29.129656568417357,4.329939498572493,0.753914164245364,0.058721229976386534,1.0,0.36363636363636365,0.5333333333333333
metalization,MI,6,11,0.7962962962962963,0.6124309860494592,13,31.585600099992007,54,0.7343984018977756,0.7344934404605914,0.03256174031372051,7.2233428978006105,1.8406083117202618,13.08112994191479,3.5765186014201196,28.59675200774517,4.219476460382636,0.7604370187400423,0.06431309086005214,1.0,0.36363636363636365,0.5333333333333333
metalization,MI,7,11,0.7962962962962963,0.6124309860494592,13,31.50460040004691,54,0.7250058924657848,0.7330374982066213,0.03598095573072281,7.208756035892841,1.641272854792887,13.17032656411561,3.4924048949334052,28.606163501739367,4.124697921858621,0.7504400529610583,0.079053607993111,1.0,0.36363636363636365,0.5333333333333333
metalization,MI,8,12,0.7777777777777778,0.6215208030890617,14,30.889932699967176,54,0.7333418913392347,0.7280729905826072,0.032857517352813136,7.36514018040012,1.700840646339439,13.50649554176603,3.1749469320642416,28.923412776814313,4.756186249112435,0.7398784900577298,0.07569448588522001,1.0,0.36363636363636365,0.5333333333333333
metalization,MI,9,13,0.7592592592592593,0.6222736153493196,16,31.36710650002351,54,0.7313577739682171,0.730637237142033,0.03692651320499826,7.290169553708925,1.7024612773840806,13.296005025909238,3.3064370211729663,28.70538352797643,4.5350716443162655,0.7468302618297659,0.07659950487966984,1.0,0.36363636363636365,0.5333333333333333
metalization,DDA,0,11,0.7962962962962963,0.7163964474081065,4,19.027348099974915,55,0.7487414863017241,0.7406339917105781,0.031239285217992963,6.996413143164934,1.489186134394209,13.034187532091174,3.1494671214075822,27.06640898616829,3.384129799235336,0.758231192945647,0.06715593993213842,0.75,0.5454545454545454,0.631578947368421
metalization,DDA,1,10,0.8148148148148149,0.5393309436667304,3,17.52024830004666,55,0.7391095183793654,0.7441588487856987,0.03010913546929073,6.8880208132194936,1.4349314403813094,12.970881133150565,3.2079024698480834,26.515566950279126,3.505204437927099,0.7565992778575789,0.07911896273180585,0.75,0.5454545454545454,0.631578947368421
metalization,DDA,2,6,0.8888888888888888,0.7982165919026862,1,16.459312199964188,55,0.7478517289082001,0.7510287378986183,0.033097447895511875,6.762254024986029,1.6822991460930097,12.681186157874947,3.6568912217477743,26.41161325897411,3.951507002451519,0.7769314051657267,0.0612055627820354,1.0,0.45454545454545453,0.625
metalization,DDA,3,9,0.8333333333333334,0.7027433883316531,2,17.554242499987595,55,0.7506486732534405,0.7435914174345467,0.03505217758122955,6.933612312422665,1.6284895682017366,12.834563803101883,3.4885472730910045,27.78222269507931,4.2124875766221015,0.7645487643391135,0.07661690120244032,0.7142857142857143,0.45454545454545453,0.5555555555555556
metalization,DDA,4,7,0.8703703703703703,0.7325645899772618,1,16.725926099985372,55,0.7491834149346638,0.7467399591499823,0.026619142331900377,6.856581916282942,1.5452597649758082,12.744610805100747,2.9481622501824214,26.90182344009069,4.428283011169313,0.7675153766022188,0.06104384538301291,0.8333333333333334,0.45454545454545453,0.5882352941176471
metalization,DDA,5,8,0.8518518518518519,0.7434413681455656,2,17.37130060000345,55,0.7381006637094716,0.7441566083356524,0.034927976365784714,6.893561825647279,1.5075708778651213,12.734603349984024,3.239280320310148,27.351017640591298,4.25119876237593,0.7674101749571477,0.06980108990633165,1.0,0.5454545454545454,0.7058823529411764
metalization,DDA,6,8,0.8518518518518519,0.5607305213181297,2,17.490728300006595,55,0.7476562801979428,0.7479937689893597,0.0314063016704892,6.824901017025902,1.6414803742823438,12.812929060486267,3.160502371010288,26.431109574163198,4.110930019863259,0.7659178660293822,0.06737354758478008,1.0,0.5454545454545454,0.7058823529411764
metalization,DDA,7,8,0.8518518518518519,0.5370185804554571,2,16.87039590004133,55,0.7411310670904796,0.7443071750191251,0.03573191321890806,6.909512441346537,1.6166450335816662,12.859009003677924,3.0354585140523977,26.930547628042387,4.150216771704285,0.7593665742502422,0.07924402116385881,0.8333333333333334,0.45454545454545453,0.5882352941176471
metalization,DDA,8,10,0.8148148148148149,0.7255074051389416,3,18.095799000002444,55,0.7481749281510292,0.7404775256885553,0.028222880672903308,7.006743410107982,1.4685272583292521,13.142686827937407,2.8595443738728066,27.296834435171153,4.177097090606905,0.7542883564804572,0.06172271278369017,0.8571428571428571,0.5454545454545454,0.6666666666666665
metalization,DDA,9,8,0.8518518518518519,0.5370185804554571,2,16.76002620003419,55,0.7426538133133016,0.7403239434001002,0.039764094297353676,7.041488764774969,1.850290233459752,13.02643537231452,3.5118002382091054,27.46849798403921,5.080300972193764,0.7540925769226793,0.08877301104686235,0.8333333333333334,0.45454545454545453,0.5882352941176471
metalization,PFI-SBS,0,9,0.8333333333333334,0.6479724073967725,6,39.791941299976315,54,0.7431827731004594,0.74378892018429,0.03441333137490109,6.924229393740235,1.5868930961461978,12.881725975432277,3.127075539037179,26.801238777413104,3.989537671617357,0.7618056589171119,0.07734986131265902,1.0,0.45454545454545453,0.625
metalization,PFI-SBS,1,9,0.8333333333333334,0.6479724073967726,6,39.91133009997429,54,0.7440702623350582,0.7420514160040798,0.036612227884121086,6.968024110320161,1.5870006663505476,12.968615086214095,3.186044411286245,27.39511974423103,4.471995000995588,0.7615224647777886,0.06703226856021748,1.0,0.45454545454545453,0.625
metalization,PFI-SBS,2,9,0.8333333333333334,0.6493021407206292,6,39.13484279997647,54,0.742273128636655,0.7443649633814725,0.03415949130638589,6.9137840741479915,1.5695542908984903,12.939763062746886,3.3199891417656544,27.10641554725435,3.9690591901267007,0.7617352896335107,0.0762931652142549,1.0,0.45454545454545453,0.625
metalization,PFI-SBS,3,10,0.8148148148148149,0.7232678017359709,7,39.138800300017465,54,0.7489341915715775,0.7419520203492198,0.03267721070516543,6.961251920441134,1.5013767913823557,12.967218765276831,3.376441266408995,27.31668572089167,2.9710676440425594,0.7574169147681264,0.08244953413571798,1.0,0.45454545454545453,0.625
metalization,PFI-SBS,4,8,0.8518518518518519,0.6745323651713143,4,40.22908540000208,54,0.7401610861471644,0.739932711665391,0.02578742470531727,7.039869474772403,1.535420524860966,12.916191214199792,2.932630288805947,27.460947596925696,4.246973562966634,0.7636946256410794,0.05473342096586241,1.0,0.45454545454545453,0.625
metalization,PFI-SBS,5,10,0.8148148148148149,0.6492107100242182,7,40.503284799982794,54,0.734000964382807,0.7392406916635593,0.02641330048967747,7.044995405019322,1.4845274566524669,12.894142496604239,3.086446230715369,27.980606949379094,4.158795909390524,0.7639550941193277,0.05744641123395288,1.0,0.45454545454545453,0.625
metalization,PFI-SBS,6,9,0.8333333333333334,0.6479724073967725,6,40.52844439999899,54,0.742605549539985,0.7407250518687685,0.027590941229931363,7.02690322628034,1.5892721346640337,12.905375233532947,3.219728084755315,27.22246753193972,3.979782889893435,0.7657652643757279,0.05995193258534901,1.0,0.45454545454545453,0.625
metalization,PFI-SBS,7,9,0.8333333333333334,0.6473744105832154,6,40.24455599999055,54,0.7347563630013125,0.7404069891824718,0.02885510046172704,7.007827962802426,1.4593802155930031,12.86403249825461,3.203002416606375,27.688246746659175,3.839018520926488,0.7633817884325748,0.06974762445817412,1.0,0.45454545454545453,0.625
metalization,PFI-SBS,8,10,0.8148148148148149,0.723267801735971,7,40.30194449995179,54,0.7414800121450718,0.7359952999041864,0.03075694764551288,7.137448700684854,1.556502086203303,13.29723876552771,3.1451776189098055,27.59305447267872,4.027598998820218,0.747221837693385,0.07885447935750545,1.0,0.45454545454545453,0.625
metalization,PFI-SBS,9,12,0.7777777777777778,0.705326004632036,10,39.85679029999301,54,0.7377260331868973,0.7365837980057681,0.03867083559947466,7.130219172781739,1.697542826098983,13.02797906364576,3.231989680168095,27.764401189583438,4.513730318778888,0.7558197229533484,0.07813251981641425,1.0,0.45454545454545453,0.625
metalization,BPSO,0,7,0.8703703703703703,0.5431315125878827,0,6527.257385600009,16081,0.7311451710348371,0.745572524694913,0.027368131117768354,6.8650137470398835,1.4054228608108446,12.56625329303151,2.8058473487446856,27.882575598061962,4.40785192290007,0.7736013493795526,0.06251913773593315,0.7142857142857143,0.45454545454545453,0.5555555555555556
metalization,BPSO,1,6,0.8888888888888888,0.6411324407115205,0,6546.209546900005,16081,0.7502687270808627,0.751094069782145,0.03683563431706318,6.739051724270783,1.6475408225699035,12.621552659577135,3.396579599360035,26.679313233636453,4.782301785462116,0.7778451386855809,0.05340209768656202,0.8333333333333334,0.45454545454545453,0.5882352941176471
metalization,BPSO,2,6,0.8888888888888888,0.6411324407115205,0,6618.310982099967,16081,0.7482732611434249,0.7490272603013021,0.02957333922577315,6.808572270977808,1.622357515499266,12.705941747116837,3.4160318026915144,26.548177659420553,4.462611236964482,0.7765089234117291,0.04931379872741365,0.8333333333333334,0.45454545454545453,0.5882352941176471
metalization,BPSO,3,5,0.9074074074074074,0.6323228795504144,0,6534.506469399959,16081,0.731254797894848,0.7284786024752392,0.031117418351056837,7.336364128415189,1.5829229021148368,13.4418912707914,3.4165650428637395,28.87333243558174,3.9510444235696833,0.7418009139694928,0.082934761131093,0.8,0.36363636363636365,0.5000000000000001
metalization,BPSO,4,7,0.8703703703703703,0.638074813015814,0,6573.525699699996,16081,0.7370467178303277,0.7355703998157141,0.03017914142609788,7.178373133123439,1.7140557444127058,13.264932092845076,3.426185690591005,28.683554380754483,4.83533574101973,0.7525874406464302,0.06422460222066215,0.7142857142857143,0.45454545454545453,0.5555555555555556
metalization,BPSO,5,6,0.8888888888888888,0.6617631525648031,0,6577.663582799956,16080,0.7299977270291484,0.7380091964007193,0.033265888210291396,7.10743830657596,1.7269644223194558,12.787348825594892,3.3866265957509682,28.61404901094015,4.4188143175596535,0.771397481436008,0.05511792232921464,0.8333333333333334,0.45454545454545453,0.5882352941176471
metalization,BPSO,6,4,0.9259259259259259,0.6660341779373823,0,6528.369781200017,16081,0.7134825136440157,0.7257900309426283,0.03746986057164103,7.4976663147491935,2.1101259828131296,13.643226310472159,4.110405800187895,29.88501793804445,4.987422454114936,0.7479263221748873,0.05358356475754115,0.75,0.2727272727272727,0.39999999999999997
metalization,BPSO,7,5,0.9074074074074074,0.6246190204889268,0,6436.143908299971,16080,0.7240379861274342,0.7334149841585652,0.03148936968742,7.231395380280784,1.7120446616061455,13.017072187596993,3.5559947624670856,28.968881059623655,4.668687211057209,0.7606487735198253,0.07268897739539137,0.8,0.36363636363636365,0.5000000000000001
metalization,BPSO,8,6,0.8888888888888888,0.6538131923653316,0,6643.670212000026,16081,0.7447654729359601,0.7337803328104648,0.03075601192852196,7.2102640969505,1.6786448541976045,13.058337960860321,3.2931878845627494,29.044879791845883,4.827695218227552,0.7598947440487097,0.05718444259414068,0.6666666666666666,0.36363636363636365,0.4705882352941177
metalization,BPSO,9,6,0.8888888888888888,0.6638615261888722,0,6489.278465199983,16081,0.7380084495206942,0.7344944009284384,0.036889228556517585,7.182405672566312,1.7035490774543902,13.093292848162536,3.4489070814088723,28.361823227960837,4.5185498040491225,0.7563634819309127,0.07420763328403869,0.8333333333333334,0.45454545454545453,0.5882352941176471
metalization,BGWO,0,4,0.9259259259259259,0.7519561413863225,0,451.2525745999883,1405,0.7363104915661036,0.7502373556951967,0.03295354181883332,6.767299357198044,1.6480562093534998,12.547380548007107,3.155497875799287,26.915325440032294,4.2978752932882704,0.7793201912346266,0.05046415592358847,1.0,0.36363636363636365,0.5333333333333333
metalization,BGWO,1,3,0.9444444444444444,0.7586958105563254,0,480.9326688000001,1477,0.7358174874960891,0.7382657629473625,0.032620259305914945,7.06091188275315,1.5259551193436478,12.744685487854207,3.2870842037700183,28.403286346686937,4.772421266069763,0.7694631162000404,0.06651005363776431,1.0,0.2727272727272727,0.42857142857142855
metalization,BGWO,2,4,0.9259259259259259,0.7519561413863225,0,438.9689025999978,1316,0.7429237338612471,0.7436522981009113,0.03110570617008526,6.956453979079948,1.6913313780588228,12.819764117769132,3.5617618495260137,27.26729578176469,4.665805564773319,0.7733076809359409,0.05066675696419916,1.0,0.36363636363636365,0.5333333333333333
metalization,BGWO,3,4,0.9259259259259259,0.7519561413863225,0,456.5425358999637,1387,0.7461209726047888,0.7462008008322146,0.037600071970094164,6.885489798533711,1.7572526293449096,12.718299958836553,3.6276688831002555,27.593201620320716,4.568035786532582,0.7730079683907297,0.06760505361828689,1.0,0.36363636363636365,0.5333333333333333
metalization,BGWO,4,3,0.9444444444444444,0.7586958105563254,0,497.50809590000426,1494,0.7325799891693955,0.7326202687484614,0.023352094120046175,7.221692016673004,1.4681981902061394,13.120714180365253,3.0352022480813186,28.984503063258554,4.665611622521829,0.7535438762106419,0.06596463344785952,1.0,0.2727272727272727,0.42857142857142855
metalization,BGWO,5,4,0.9259259259259259,0.7039764085699014,0,469.1531403000117,1452,0.7343750587810218,0.7411837369351633,0.03283416358234487,6.9781212984989045,1.4588223994835965,12.782042686972888,3.183920385025857,27.747498236353422,4.673581086560637,0.7658437700249462,0.07438224030191125,1.0,0.36363636363636365,0.5333333333333333
metalization,BGWO,6,4,0.9259259259259259,0.7519561413863225,0,465.79312310001114,1466,0.7468086184208764,0.7484074871704602,0.028969570466419094,6.847606543032898,1.7457493636490515,12.553308723487106,3.3433323746216708,26.932954195044616,4.342335481276326,0.7808084174548283,0.049820747826402396,1.0,0.36363636363636365,0.5333333333333333
metalization,BGWO,7,3,0.9444444444444444,0.7586958105563254,0,446.9790801000199,1410,0.7276409444751119,0.7371943926470897,0.03293056875388111,7.127930089986987,1.7133302124624148,12.713469670629438,3.4456330412422953,28.74530001998785,4.603793227595291,0.7718170008272668,0.0680659309324365,1.0,0.2727272727272727,0.42857142857142855
metalization,BGWO,8,4,0.9259259259259259,0.7519561413863225,0,461.9886064999737,1435,0.7455595359335991,0.7418508021563487,0.03227763797146255,6.992991266448205,1.6815873014713127,12.750368431888884,3.256909366993424,27.85619580926565,4.546004741796736,0.7720720932518259,0.052395117442850435,1.0,0.36363636363636365,0.5333333333333333
metalization,BGWO,9,4,0.9259259259259259,0.7519561413863225,0,450.49838360003196,1442,0.7410097249152061,0.7378977014958222,0.032468194352948954,7.105589759222,1.7008715094052356,12.87095702489732,3.399351088948557,28.034808749023878,4.360453237862009,0.7662891030985723,0.06484690600496874,1.0,0.36363636363636365,0.5333333333333333
metalization,NSGA2,0,2,0.962962962962963,0.7922361062077109,0,1723.7083491999656,5465,0.6998815670439396,0.7222426382604762,0.03622549101445709,7.500334965718051,1.7029442381626438,13.350102386641117,3.349049329929652,30.411963946842548,5.013618602700146,0.747049489513611,0.07027546729770427,1.0,0.18181818181818182,0.3076923076923077
metalization,NSGA2,1,2,0.962962962962963,0.7922361062077109,0,1904.297757399967,6008,0.7109940370610536,0.7190093099571381,0.03859099643316092,7.577948917662917,1.6976523754695716,13.360985001469762,3.5581186547956376,30.443292963568293,4.906534675790713,0.7461407897478918,0.07587993691575871,1.0,0.18181818181818182,0.3076923076923077
metalization,NSGA2,2,2,0.962962962962963,0.7922361062077109,0,1649.2391635999666,5098,0.708841832422153,0.7181740941086235,0.0368931888320444,7.603315272691594,1.6789888836464375,13.693675225053655,3.5986008449160223,30.026057543979974,5.325566202559649,0.7357534442472263,0.07350493190136963,1.0,0.18181818181818182,0.3076923076923077
metalization,NSGA2,3,2,0.962962962962963,0.7922361062077109,0,1733.9711992999655,5402,0.7153762672900769,0.721209567811816,0.033021409889605134,7.515131201345943,1.5840463172838635,13.336000298284555,3.4920236700860467,30.47770640862884,4.3202106984832795,0.7453939336232713,0.08251539470174094,1.0,0.18181818181818182,0.3076923076923077
metalization,NSGA2,4,2,0.962962962962963,0.7922361062077109,0,1493.658429300005,4755,0.7099404895471546,0.7178273855950585,0.03512708116921248,7.606796125920629,1.6395011025692536,13.642069547076042,3.399791916760784,30.632077406733973,5.65081477183369,0.7340188707083921,0.07696752819162578,1.0,0.18181818181818182,0.3076923076923077
metalization,NSGA2,5,2,0.962962962962963,0.7922361062077109,0,1773.1227358999895,5613,0.7066589595665527,0.720192957288664,0.03924838775534657,7.555640055776507,1.7460234598484028,13.46463228382975,3.7366770146146937,30.325948508581707,5.272938869094404,0.7425626182638235,0.08123390015532186,1.0,0.18181818181818182,0.3076923076923077
metalization,NSGA2,6,2,0.962962962962963,0.7922361062077109,0,1506.1192592000007,4717,0.707604412299532,0.721255070607912,0.03807018397925805,7.551202695748378,1.8388535473846415,13.32903600330101,3.6995256485511177,30.33837457438141,5.3454571638370085,0.7495864909567337,0.07448228072055517,1.0,0.18181818181818182,0.3076923076923077
metalization,NSGA2,7,2,0.962962962962963,0.7922361062077109,0,1817.5243203999707,5760,0.7062352364484911,0.7188610684840705,0.039084417421381995,7.60164228774485,1.7978708350375525,13.423869583323855,3.578713641550351,30.591178457094877,5.352178665334801,0.7448617940198573,0.0756743922206118,1.0,0.18181818181818182,0.3076923076923077
metalization,NSGA2,8,2,0.962962962962963,0.7922361062077109,0,1729.6217018000316,5468,0.7144004976384017,0.7183647711796338,0.03596714560804658,7.60604871831021,1.707738408833127,13.459588893729821,3.4888949915329213,30.444862153592165,4.822322032221825,0.7449770152746655,0.06833411709640186,1.0,0.18181818181818182,0.3076923076923077
metalization,NSGA2,9,2,0.962962962962963,0.7922361062077109,0,1914.5393802999752,6068,0.7041047940761855,0.7171521913651994,0.036085630418921655,7.639616917254085,1.7186737891140125,13.559037729629466,3.465848334917351,30.579156977833556,5.045329804315473,0.7379256697000081,0.07555757401011108,1.0,0.18181818181818182,0.3076923076923077
metalization,Boruta,0,14,0.7407407407407407,0.6169832406753795,16,19.79490269999951,2,0.7275662236338984,0.7313832277742888,0.035860540963606816,7.278695935716734,1.7783261448826493,13.436804444340298,3.4160518739615497,28.766897991284488,3.9393043378441024,0.7451646570351097,0.07125459796199236,0.8,0.36363636363636365,0.5000000000000001
metalization,Boruta,1,14,0.7407407407407407,0.6169832406753795,16,13.492920399992727,2,0.7327503917322762,0.7269526139837933,0.04125352701675909,7.392674830318417,1.8183993428805094,13.57159857841039,3.551502426634319,29.393673910384976,5.444579742210895,0.7400717386509524,0.07203773638092373,0.8,0.36363636363636365,0.5000000000000001
metalization,Boruta,2,14,0.7407407407407407,0.6191758054278419,16,9.249410299991723,2,0.7280162286606084,0.7330922226946016,0.029314058568761438,7.2330031228208975,1.6272444718589754,13.303186443498362,3.3272778470180695,28.79926361893338,4.451521249404098,0.7519706602418726,0.0617003901172314,0.8,0.36363636363636365,0.5000000000000001
metalization,Boruta,3,14,0.7407407407407407,0.6239889981407354,16,12.491432200011332,2,0.7370534596413727,0.733671646858657,0.03160564120237157,7.179968091198362,1.491421454835072,13.274812641653037,3.4301344626064596,28.488562389907692,3.179701850965307,0.7468720363516679,0.08411742825603444,1.0,0.45454545454545453,0.625
metalization,Boruta,4,14,0.7407407407407407,0.6263174476080353,16,6.544311600038782,2,0.7275631444518925,0.7356783316347217,0.03219732154979951,7.136054179787349,1.5595973936781116,13.067986324268828,2.974798619843069,28.574589966842463,4.502724776440322,0.7541922239519693,0.07044658061045174,1.0,0.45454545454545453,0.625
metalization,Boruta,5,14,0.7407407407407407,0.6239889981407354,16,8.656288199999835,2,0.7252512833991389,0.7297431153664008,0.027358368171046574,7.294438339472559,1.492220174900617,13.294627233230413,3.3211804638187403,29.16631894259879,4.093079666728736,0.749966352808517,0.06375878114336606,1.0,0.45454545454545453,0.625
metalization,Boruta,6,14,0.7407407407407407,0.6239889981407354,16,12.04926840000553,2,0.7310930808108352,0.7344254344681256,0.027583551749841523,7.201252638163834,1.639156577644484,13.021437933721371,3.4164724685691747,28.673545308703513,3.873608440185022,0.7626653431508642,0.0612985356374234,1.0,0.45454545454545453,0.625
metalization,Boruta,7,14,0.7407407407407407,0.6239889981407354,16,9.016831899993122,2,0.7219039029110026,0.7341066866873537,0.032942543149873216,7.190174966826531,1.6264166295425584,13.184793592742317,3.514067368589827,28.463137320983794,3.914573616750121,0.7537882330357221,0.07062553840472029,1.0,0.45454545454545453,0.625
metalization,Boruta,8,13,0.7592592592592593,0.6222736153493197,16,22.728252100001555,2,0.7323777631192376,0.7269583654988637,0.03312574469469308,7.3957886991091915,1.707134859829584,13.538081799124466,3.3203644977828417,29.02881957321365,4.503805527200721,0.7387417817921659,0.08058043014351894,1.0,0.36363636363636365,0.5333333333333333
metalization,Boruta,9,15,0.7222222222222222,0.6286635089542358,16,13.472790500032715,2,0.7276820092669645,0.731368995145808,0.033537700359804766,7.26913214945146,1.632626192368086,13.249944981196258,3.2149428285220165,28.801000221191888,4.384162671760401,0.7487764125023256,0.07512680287821295,1.0,0.5454545454545454,0.7058823529411764
metalization,LASSO,0,45,0.16666666666666663,0.3998169830522456,3,0.8857653000159189,2,0.6881863727787492,0.6991443571267926,0.04483024428118624,8.143742474418291,2.0143270290402877,14.464559437850872,4.014014875495194,35.96316744550241,7.307366425435753,0.7054281886179379,0.08180748016883946,0.23809523809523808,0.9090909090909091,0.3773584905660377
metalization,LASSO,1,45,0.16666666666666663,0.3998169830522456,3,0.8390695999842137,2,0.6891500711213802,0.6971504815378559,0.051688904321561445,8.200982122025298,2.1232428792156406,14.451395809096697,4.409235538734654,35.413769224287904,8.016649286280032,0.707138067405053,0.08870892282080986,0.23809523809523808,0.9090909090909091,0.3773584905660377
metalization,LASSO,2,45,0.16666666666666663,0.3998169830522456,3,0.9450784000218846,2,0.6932795734245081,0.7023674067234624,0.044190603580359554,8.069544338833975,1.9947536391944252,14.261054292296206,4.2600472563590275,34.88309866047933,7.23766828617456,0.7168356556743565,0.07945166214084376,0.23809523809523808,0.9090909090909091,0.3773584905660377
metalization,LASSO,3,45,0.16666666666666663,0.3998169830522456,3,0.9083103000302799,2,0.6976305543932049,0.7033736169287077,0.04237866355388692,8.012814357473546,1.8807534068427847,14.295703464976587,4.251517914726139,35.192968582402614,6.3039190048401075,0.7094230326242594,0.09132282753717426,0.23809523809523808,0.9090909090909091,0.3773584905660377
metalization,LASSO,4,45,0.16666666666666663,0.3998169830522456,3,0.8201372000039555,2,0.6915482712444858,0.69572670004431,0.04225383517114965,8.244589194170516,2.0114426788678506,14.57343009388626,4.066069367009841,36.83059346944937,8.070059719675541,0.7015652642109458,0.07820523301880185,0.23809523809523808,0.9090909090909091,0.3773584905660377
metalization,LASSO,5,45,0.16666666666666663,0.3998169830522456,3,1.0275436000083573,2,0.6836238673400965,0.692474521712299,0.04932597263421892,8.290233839705737,1.9149339312829134,14.456810603299761,4.024304358653415,36.15318549360854,7.190920494044125,0.7041548877314691,0.08329763066345011,0.23809523809523808,0.9090909090909091,0.3773584905660377
metalization,LASSO,6,45,0.16666666666666663,0.3998169830522456,3,0.9164418000145815,2,0.6930572072103249,0.6952960438817443,0.04006501451030762,8.27370744297276,2.0594218437411107,14.694348238566837,4.268861970756667,36.05471418099178,6.298673651747368,0.6992585552935271,0.07902038062481705,0.23809523809523808,0.9090909090909091,0.3773584905660377
metalization,LASSO,7,45,0.16666666666666663,0.3998169830522456,3,0.813111099996604,2,0.6774007881642263,0.6998504094466654,0.05117025698614511,8.145178654856634,2.1923505825306253,14.583067472434152,4.677490640241795,35.576855984714214,6.802068496015628,0.7039051526397011,0.09268272446322562,0.23809523809523808,0.9090909090909091,0.3773584905660377
metalization,LASSO,8,45,0.16666666666666663,0.3998169830522456,3,0.9484700000029989,2,0.6936508887438899,0.6979135217004957,0.04983220584537971,8.149129352437285,1.931360259927076,14.757786544297069,4.126088088003602,35.5914247705967,6.759754499884477,0.6894832066245764,0.10491558268698549,0.23809523809523808,0.9090909090909091,0.3773584905660377
metalization,LASSO,9,45,0.16666666666666663,0.3998169830522456,3,0.9323260000091977,2,0.6895161163562782,0.6943154521056383,0.04905056450596484,8.284077670783248,2.1590791716163658,14.64665925864013,4.47631190690563,35.74772779196285,6.647817464767188,0.695375679668992,0.09655644162608314,0.23809523809523808,0.9090909090909091,0.3773584905660377
metalization,RFE,0,7,0.8703703703703703,0.6751741803116138,4,122.80763789999764,54,0.7413223392304309,0.7385891124644848,0.03388541750906759,7.058192126613454,1.5783160985307938,13.106566208638746,3.1976994723841683,27.506980424609402,3.6513691606276617,0.7553008526335373,0.07187691903431392,1.0,0.36363636363636365,0.5333333333333333
metalization,RFE,1,10,0.8148148148148149,0.6492107100242183,7,119.57862560002832,54,0.7425570963697277,0.7412060420918813,0.03655254218761181,7.000665547206936,1.6382022893414987,13.025352703398516,3.1900261152428175,27.574222115336855,4.3880465234305435,0.758344405371754,0.06912683288641819,1.0,0.45454545454545453,0.625
metalization,RFE,2,11,0.7962962962962963,0.6395943465463068,9,119.69057939999038,54,0.7413839477852953,0.7436058765826689,0.03372057259857282,6.94096114877084,1.5884162062308749,12.91564532973709,3.3710630204295784,27.659400211274942,4.473843039662404,0.7646287257752312,0.07045347697454232,1.0,0.45454545454545453,0.625
metalization,RFE,3,10,0.8148148148148149,0.6482134838122058,7,121.11396799999056,54,0.7468672968282493,0.7385487089159104,0.030228717875857836,7.058443921370148,1.4923491572925909,13.03248750113978,3.3371053796446786,27.8119538697583,3.4074009354545507,0.7577828510573372,0.07258103680820219,1.0,0.45454545454545453,0.625
metalization,RFE,4,10,0.8148148148148149,0.6492107100242183,7,119.24872959998902,54,0.7401929030832418,0.7410270481097256,0.030091275074609226,7.001771074654644,1.5497247191023789,12.94060646255119,2.9554418164780625,27.380641473509613,4.4019292298172745,0.7599740911918386,0.06582340685273542,1.0,0.45454545454545453,0.625
metalization,RFE,5,10,0.8148148148148149,0.6492107100242182,7,120.16768620000221,54,0.734000964382807,0.7379181306970891,0.027842225139740304,7.081542904507229,1.509677887708747,12.886294848576146,3.1194405441899384,28.207220848618444,4.254230502255643,0.7644883436478449,0.05723151215730588,1.0,0.45454545454545453,0.625
metalization,RFE,6,10,0.8148148148148149,0.6490508895110803,7,120.83822520001559,54,0.7417826748296825,0.7413429084484819,0.027198439347558452,7.017859606464205,1.6283839344505213,12.826727970050824,3.3450717658682447,27.605756044483233,4.096211209373284,0.7691105737774091,0.06194850330854502,1.0,0.45454545454545453,0.625
metalization,RFE,7,11,0.7962962962962963,0.6395943465463068,9,120.991108599992,54,0.7314464041563349,0.7392494417325142,0.03235384889111674,7.050296835975964,1.582168813226228,12.955868284205145,3.3772172429750076,27.900209788464817,3.590376709619585,0.7611798901378246,0.06929621675852218,1.0,0.45454545454545453,0.625
metalization,RFE,8,10,0.8148148148148149,0.6491210913191549,7,120.65844929998275,54,0.740315837827443,0.7359905262680695,0.032365352120715875,7.135430405999912,1.568277741959843,13.170851763806523,3.1501913356401126,27.71693234794433,4.065748538965804,0.7545176624590504,0.06417033479872408,1.0,0.45454545454545453,0.625
metalization,RFE,9,10,0.8148148148148149,0.6492107100242182,7,120.33227969997097,54,0.7386084632356689,0.7370763830566394,0.035436963253435684,7.111090906521086,1.6124024705902262,13.04530264919041,3.1741146015665205,27.67999383931558,4.265230683937948,0.7560579711605052,0.07222831541959454,1.0,0.45454545454545453,0.625
deposition,ALL,0,54,0.0,0.4627753353842121,18,0.8612791000050493,1,0.6612147872780711,0.6597141466270061,0.051091398549729314,7.299066693150487,1.4648435940878584,13.242476724089029,3.1881597267491313,41.08559689740614,9.152588208598388,0.6581337694283446,0.09457431759371089,0.2558139534883721,1.0,0.40740740740740744
deposition,ALL,1,54,0.0,0.4627753353842121,18,0.9857243999722414,1,0.6551485018352203,0.6582573299995889,0.05213585816665323,7.324698241586156,1.4593987585679167,13.476192914875925,3.5216612347720115,41.81098770891058,8.769639687102135,0.6451531486224883,0.11520917316546112,0.2558139534883721,1.0,0.40740740740740744
deposition,ALL,2,54,0.0,0.4627753353842121,18,0.8779271999956109,1,0.6586642471371889,0.6600393009406211,0.04516124600081982,7.302639410878247,1.4405390921497905,13.101465014326852,3.2457330663542083,41.542238723592504,8.20597685217762,0.6684981584589493,0.08402106870766175,0.2558139534883721,1.0,0.40740740740740744
deposition,ALL,3,54,0.0,0.4627753353842121,18,0.746900399972219,1,0.6532966663786368,0.6657704368558153,0.0571465339503914,7.154118858262725,1.4218386876420994,12.975619420519584,3.279302422151956,40.22357461242389,7.376192605361418,0.6726312653658071,0.10046863789762796,0.2558139534883721,1.0,0.40740740740740744
deposition,ALL,4,54,0.0,0.4627753353842121,18,0.8881610000389628,1,0.6512152058007314,0.6529779534929367,0.059835999998672944,7.440908525168925,1.5608651313900266,13.417125872130471,3.4852390144601717,41.59614460995476,7.809967526821108,0.6474888411585865,0.11680350250416847,0.2558139534883721,1.0,0.40740740740740744
deposition,ALL,5,54,0.0,0.4627753353842121,18,0.8940739000099711,1,0.6550832610334971,0.6607165803622963,0.04869528454995562,7.2727134540423455,1.3598084332768383,13.072529232105147,3.3270562022556702,41.78231159315102,7.381641359500759,0.6678998077536046,0.10323564403405197,0.2558139534883721,1.0,0.40740740740740744
deposition,ALL,6,54,0.0,0.4627753353842121,18,0.8743241000338458,1,0.6439889680941601,0.6512798418852126,0.061000178406658105,7.4571971644653825,1.458494374084899,13.364208271170847,3.3911024145391613,42.77776708365256,9.319995721634525,0.6507372868541083,0.1127818063850066,0.2558139534883721,1.0,0.40740740740740744
deposition,ALL,7,54,0.0,0.4627753353842121,18,0.9793397000175901,1,0.6641804484194701,0.6515377785888032,0.06781890601528118,7.480682807328989,1.6814174288960775,13.473351394359764,3.7054400443803366,42.56824731714449,9.628725053913422,0.6494866922739958,0.11528351385679113,0.2558139534883721,1.0,0.40740740740740744
deposition,ALL,8,54,0.0,0.4627753353842121,18,0.9101848999853246,1,0.6563552356190246,0.6583624222810468,0.05909898303977216,7.340048144160604,1.6464485224108893,13.225850284140167,3.58757880215837,40.83277320011716,8.946199113698723,0.66171104201924,0.10253417640486587,0.2558139534883721,1.0,0.40740740740740744
deposition,ALL,9,54,0.0,0.4627753353842121,18,0.7991812999825925,1,0.6573982253741166,0.6526163884915145,0.056611044602603806,7.4555919406708,1.5479559880254203,13.515987743612373,3.456698692218589,41.71135468476186,8.570219308888332,0.6467115468622623,0.09698765378575981,0.2558139534883721,1.0,0.40740740740740744
deposition,FILTER,0,43,0.20370370370370372,0.3200251013752406,0,1.355238400050439,2,0.6605089141853615,0.6474703108010573,0.05944636909327055,7.546643747086628,1.5143245387261952,13.467247480484177,3.2942424100734873,42.71139373326344,9.658131904020365,0.6461134949476934,0.10264113524000322,0.2558139534883721,1.0,0.40740740740740744
deposition,FILTER,1,43,0.20370370370370372,0.3200251013752406,0,1.2523903000401333,2,0.6442056491535699,0.6472133231338901,0.057598985185227096,7.535146618830436,1.3895567030995364,13.704859257894709,3.182502934228682,43.962281864723444,9.103824106433594,0.628342267127311,0.11749045672156201,0.2558139534883721,1.0,0.40740740740740744
deposition,FILTER,2,43,0.20370370370370372,0.3200251013752406,0,1.4329611999564804,2,0.6485279970918422,0.6482800722369519,0.0526430620962574,7.571955636731892,1.6151198621521548,13.380970550960484,3.3764519465580443,44.11766475807993,9.283715859340697,0.6540763848948863,0.09729161244268608,0.2558139534883721,1.0,0.40740740740740744
deposition,FILTER,3,43,0.20370370370370372,0.3200251013752406,0,1.1882889000116847,2,0.6540833719782759,0.6445135127922682,0.06125329720541298,7.588191574292401,1.4143640613111486,13.556105949920155,3.1630056921216565,42.38434684289523,8.031828082823466,0.6410184765529099,0.10259497385644659,0.2558139534883721,1.0,0.40740740740740744
deposition,FILTER,4,43,0.20370370370370372,0.3200251013752406,0,1.6436842000111938,2,0.6461876234419378,0.6485022753601347,0.05689785813156645,7.557555310797799,1.6245421669878843,13.387276027046342,3.3475109127944496,43.46205835132629,8.375274757860883,0.6513130578006928,0.10387878668617202,0.2558139534883721,1.0,0.40740740740740744
deposition,FILTER,5,43,0.20370370370370372,0.3200251013752406,0,1.347635000012815,2,0.6407887032143699,0.6449366303773713,0.0516368778850493,7.650927606910471,1.6414543050604817,13.732811535463188,3.4435506317097997,44.29518118944238,10.29928253889721,0.6375208655823305,0.09720229405450681,0.2558139534883721,1.0,0.40740740740740744
deposition,FILTER,6,43,0.20370370370370372,0.3200251013752406,0,1.3997489999746904,2,0.6480986457620932,0.647447684564036,0.059435478178952325,7.5362170125676675,1.4277851012937075,13.542721719511997,3.185526216591476,43.26634642655503,9.052748084704934,0.6403351753809573,0.10958230510951508,0.2558139534883721,1.0,0.40740740740740744
deposition,FILTER,7,43,0.20370370370370372,0.3200251013752406,0,1.5086837999988347,2,0.6529817949702025,0.6478962767876807,0.05964970768036388,7.5597603121714645,1.5927838272096637,13.52098615520277,3.442731648185935,43.653260665801966,9.552885303681942,0.6473505810838561,0.09814071012776299,0.2558139534883721,1.0,0.40740740740740744
deposition,FILTER,8,43,0.20370370370370372,0.3200251013752406,0,1.2479409000370651,2,0.6557197178986467,0.649857535099723,0.05836115780154294,7.516603277399551,1.6027338936669302,13.373825323819624,3.4506444571022308,42.826705065561676,8.843741362830382,0.6526885657540186,0.1037733605948459,0.2558139534883721,1.0,0.40740740740740744
deposition,FILTER,9,43,0.20370370370370372,0.3200251013752406,0,1.4606832999852486,2,0.6511092527900106,0.6400577269995033,0.06261195184086259,7.7037702192986055,1.5777389349909077,13.834995840561561,3.2922019560148086,43.58853674216376,8.804285344894858,0.6281241870241964,0.09415064845670656,0.2558139534883721,1.0,0.40740740740740744
deposition,GA,0,9,0.8333333333333334,0.5282063173036667,0,5216.143227500026,9891,0.6875057944661838,0.6783855697416871,0.05354578493706422,6.926059333117473,1.6082756489171304,12.378968095510865,3.0423955039556145,35.71415471114256,8.89790463696416,0.6996188990912077,0.09610869534390824,0.7777777777777778,0.6363636363636364,0.7000000000000001
deposition,GA,1,12,0.7777777777777778,0.4820249810979629,3,2710.5512989000417,4992,0.6833280279270977,0.6745839289059675,0.055898470926298995,7.015137994211738,1.6622333263851508,12.970065258059686,3.6395302497833097,37.14184712489681,8.42312443842507,0.6722001703532678,0.11477252948467069,0.6,0.5454545454545454,0.5714285714285713
deposition,GA,2,9,0.8333333333333334,0.5020149034319129,0,5277.940226699982,9811,0.6915080578632307,0.6629229399962123,0.046507671742035975,7.271933081423501,1.5928923734319236,12.895764158037036,3.1632319968134657,37.706873905011236,7.531625068788669,0.6752007262552006,0.09414380142978956,0.4444444444444444,0.36363636363636365,0.39999999999999997
deposition,GA,3,9,0.8333333333333334,0.546846916102888,2,7795.5221404000185,14721,0.6905551066957238,0.6724768100542368,0.05374563386482499,7.039934527007672,1.535730365624206,12.792944245453189,3.4075850273948753,36.19225756639107,9.563749634138121,0.6844659039431884,0.09529595825402981,0.5714285714285714,0.36363636363636365,0.4444444444444444
deposition,GA,4,7,0.8703703703703703,0.5390458861516073,0,8309.59236499999,15659,0.6957189037413435,0.6789762675417366,0.054618240075616865,6.938077369775301,1.730531955387641,12.357261409568439,3.33156600891739,36.06455177104903,8.25433742144492,0.7034618158731323,0.09570351004756786,0.5714285714285714,0.36363636363636365,0.4444444444444444
deposition,GA,5,10,0.8148148148148149,0.5619040979761716,2,4766.248744899989,9113,0.6937033551570572,0.6712108588187627,0.05839282103812584,7.099170947348083,1.6797747863470351,12.66138294089469,3.4916607885553765,36.71322507997634,8.443596325226284,0.6891710561102158,0.11146954796686091,0.5,0.36363636363636365,0.4210526315789474
deposition,GA,6,9,0.8333333333333334,0.5920791699085665,4,4404.943666200037,8169,0.6752066832853043,0.6803065301539253,0.056708260969999896,6.890929262454047,1.5876062487040739,12.644142967199052,3.4207143134903637,35.589949187668694,8.118419025943744,0.6904891883959924,0.10691932760188666,0.6666666666666666,0.36363636363636365,0.4705882352941177
deposition,GA,7,8,0.8518518518518519,0.48125444188692773,0,4165.060441199981,8023,0.6859562300558917,0.6642497684137241,0.05751518692723211,7.250533752142094,1.7369843852543372,12.860772163708768,3.4228144034271586,37.74583795871149,10.155420652709012,0.6787513921753493,0.11039256238390192,0.5,0.36363636363636365,0.4210526315789474
deposition,GA,8,8,0.8518518518518519,0.5744885104263122,1,6410.931087200006,12003,0.6745031989452124,0.6682155947710257,0.04342310638225975,7.18558223491034,1.6738626111626087,13.063535095996485,3.2665895929891002,36.784454975543234,9.802561385371817,0.6732764971508068,0.07866413873538328,0.42857142857142855,0.2727272727272727,0.33333333333333326
deposition,GA,9,9,0.8333333333333334,0.5090442626873513,2,7409.289715799969,14644,0.689608517950946,0.6821528589001561,0.05211350686397868,6.834654428645564,1.5324455102959302,12.620383084179064,3.4515308087402023,35.84723800432163,7.507657852176057,0.6887185181949852,0.10535016416421089,0.7142857142857143,0.45454545454545453,0.5555555555555556
deposition,TSFGA,0,9,0.8333333333333334,0.5821510289180486,0,2339.169064699963,4883,0.7042513241554824,0.6885355201297504,0.05180162941340994,6.68604025033879,1.4508946003141832,12.381850391451449,3.1684856758672506,34.6589448023108,7.526159011596757,0.7000040563012784,0.09893229350721139,0.5555555555555556,0.45454545454545453,0.5
deposition,TSFGA,1,8,0.8518518518518519,0.6157752123420476,0,7318.658550299995,15594,0.7125656077167966,0.6910297713847308,0.060065307264016085,6.62643092452706,1.5718050515064883,12.44282414952109,3.5053195478965655,33.88694310109965,7.58062202054057,0.6912604264211488,0.13352327053851387,0.75,0.5454545454545454,0.631578947368421
deposition,TSFGA,2,8,0.8518518518518519,0.5115655904471386,0,3956.1907869999995,8071,0.6771306157507175,0.6718741457913774,0.04465937633006326,7.052711814628262,1.4385827320424533,12.884644217963949,3.137861576360775,38.12202739005901,7.769995116894625,0.678671523168338,0.0823468576072865,0.375,0.2727272727272727,0.3157894736842105
deposition,TSFGA,3,9,0.8333333333333334,0.5266825636338844,0,5339.270056500041,11163,0.6879258919294129,0.6802705390764513,0.060722985300310534,6.840210036764906,1.4612558804840858,12.702374075546674,3.3582290084555355,35.935205858029875,7.841765453475979,0.6815187467553159,0.11543498781405273,0.4444444444444444,0.36363636363636365,0.39999999999999997
deposition,TSFGA,4,8,0.8518518518518519,0.5943828079958117,0,3153.199799199996,6744,0.6966572582676474,0.6861616488359841,0.05625235825106596,6.743143998530274,1.5316793512118787,12.590052901641652,3.4228668960529394,34.15763796636339,6.330236247545979,0.6880652601943998,0.11271932871023209,0.625,0.45454545454545453,0.5263157894736842
deposition,TSFGA,5,8,0.8518518518518519,0.5595292653549314,0,5909.923690400028,12641,0.6919844384489828,0.6698213841724666,0.05116983562067338,7.0967855389830214,1.502772683216894,13.129175122366098,3.4231232423333626,37.831602360395394,7.45389548501859,0.6649904902619187,0.10342846687666903,0.625,0.45454545454545453,0.5263157894736842
deposition,TSFGA,6,7,0.8703703703703703,0.5393201065733961,0,6071.872210500005,12957,0.6738631915891271,0.6699628648109235,0.05757281098632546,7.077204316160743,1.495847097054347,12.981887798734107,3.370857077696616,37.85952636794513,8.645884268356872,0.6701984401609528,0.11043708830301892,0.42857142857142855,0.2727272727272727,0.33333333333333326
deposition,TSFGA,7,7,0.8703703703703703,0.5354651407867421,0,7237.456766800024,15591,0.6870000561247425,0.6746148521440131,0.05559178805186655,6.99124084641998,1.5691689906997126,12.722900145592591,3.338033064683854,35.89843107554005,8.142513986138997,0.6842011506736385,0.0996397083961577,0.5714285714285714,0.36363636363636365,0.4444444444444444
deposition,TSFGA,8,5,0.9074074074074074,0.5451144768669692,0,4048.7235873000463,8691,0.6719866448428823,0.6466991924007524,0.04736705753116379,7.628335765757574,1.6591317456488932,13.881309996933537,3.370164867519185,37.76373002486746,8.023460778447085,0.6262762654794755,0.11396490525079869,0.6,0.2727272727272727,0.37499999999999994
deposition,TSFGA,9,9,0.8333333333333334,0.5252317339038934,0,4683.246400100004,10085,0.6915637574567403,0.6825164827508134,0.06419352504982308,6.80863513285597,1.6247068617304827,12.524813655000298,3.5680752794557598,35.516588961911296,7.786001124670678,0.6936224742920697,0.10880555880426868,0.5555555555555556,0.45454545454545453,0.5
deposition,mRMR,0,14,0.7407407407407407,0.5866415896007682,6,30.819265400001314,54,0.6945878087412443,0.6901042107950276,0.053033347763744916,6.667937895271127,1.5240181430376885,12.277098062532003,3.4172578465815433,35.07099857104944,7.46872731521506,0.7079050285942757,0.0981505522525894,0.6,0.5454545454545454,0.5714285714285713
deposition,mRMR,1,16,0.7037037037037037,0.5916176714238283,7,32.06735219998518,54,0.7000687403455803,0.6865402058472927,0.055806725895613134,6.723195019281485,1.4652530137569788,12.650116837412407,3.465385463338731,35.20361534862673,7.688482002860182,0.6834367568021593,0.1268614549037711,0.6363636363636364,0.6363636363636364,0.6363636363636364
deposition,mRMR,2,10,0.8148148148148149,0.709767933131188,4,31.06472450000001,54,0.7009034930199708,0.6909480763718848,0.048908697104104844,6.666733109506073,1.5528800063594332,12.267072158533308,3.3802640124728356,33.98716512076507,7.478112127154873,0.7101736019552853,0.09038127904863781,0.7142857142857143,0.45454545454545453,0.5555555555555556
deposition,mRMR,3,11,0.7962962962962963,0.6030750067455091,6,32.32368090003729,54,0.6949408620412053,0.689609920940746,0.05367970125090528,6.66649982183022,1.448579919954629,12.45741784325066,3.4333699845160464,33.83288639341864,7.7252259451066125,0.6949805974296255,0.11674795823500393,0.7142857142857143,0.45454545454545453,0.5555555555555556
deposition,mRMR,4,16,0.7037037037037037,0.5916176714238283,7,30.045666699996218,54,0.6917339996974243,0.6828492784879499,0.0621756415994432,6.8144149350301575,1.6145002373337667,12.636711504294421,3.664743317961016,35.29739846030635,7.610223830152724,0.6887069533561945,0.11564291049951499,0.6363636363636364,0.6363636363636364,0.6363636363636364
deposition,mRMR,5,10,0.8148148148148149,0.709767933131188,4,31.514775899995584,54,0.6975250279146286,0.6878691631108907,0.04917107017592997,6.719460422890639,1.4817065237191367,12.50587943638413,3.3108017817843467,34.689855400398876,7.506648823311269,0.6961293229075467,0.09839632126162559,0.7142857142857143,0.45454545454545453,0.5555555555555556
deposition,mRMR,6,10,0.8148148148148149,0.709767933131188,4,31.645918699970935,54,0.6882297312191847,0.6864297054819841,0.056673067347308016,6.750041088038285,1.562803798393319,12.318773801094327,3.396590612347622,34.796883999714474,7.6525268529244865,0.7055246458258461,0.10079826004152244,0.7142857142857143,0.45454545454545453,0.5555555555555556
deposition,mRMR,7,13,0.7592592592592593,0.5952761105038216,6,31.133391699986532,54,0.6926057495912558,0.6860143966133682,0.05574297439441793,6.753859470975243,1.521645055778319,12.519889503506626,3.5125234713369546,34.90089367120576,7.110633610144672,0.6958979724650222,0.1050970390467728,0.6666666666666666,0.5454545454545454,0.6
deposition,mRMR,8,10,0.8148148148148149,0.709767933131188,4,31.244323799968697,54,0.6948824539439473,0.6866712908083634,0.05390369179688542,6.752954363714696,1.615752504153347,12.370911546639137,3.4200492269265843,34.06170360962035,7.636893402041422,0.7021367777719864,0.10034559722698579,0.7142857142857143,0.45454545454545453,0.5555555555555556
deposition,mRMR,9,11,0.7962962962962963,0.6030750067455091,6,31.821104599977843,54,0.6906852570017886,0.6838594319560791,0.05731319550012759,6.812143582624526,1.6501249694970224,12.618141037648483,3.562413939765699,35.63674274815219,8.373829314290113,0.6892783851643526,0.11113789636310245,0.7142857142857143,0.45454545454545453,0.5555555555555556
deposition,MI,0,16,0.7037037037037037,0.5999290696952738,15,31.018056400003843,54,0.7002081754849141,0.6952307321851506,0.050598696934304285,6.55730194062597,1.4960192070235205,12.298285648664194,3.406187112000964,33.86920782065916,7.270891321369682,0.7043633805077048,0.10694320055592038,0.8571428571428571,0.5454545454545454,0.6666666666666665
deposition,MI,1,16,0.7037037037037037,0.5999290696952738,15,32.180636299948674,54,0.7124343996492764,0.6920442505872013,0.06161667850731514,6.598860679417141,1.5339822655160196,12.504298943193842,3.6679687817458646,33.739680016556036,7.942402385094281,0.6904264110477893,0.13051688461100622,0.8571428571428571,0.5454545454545454,0.6666666666666665
deposition,MI,2,16,0.7037037037037037,0.5999290696952738,15,32.13645520003047,54,0.7067389265576303,0.6985570177522499,0.0492389124953224,6.494845097906609,1.490506720389088,11.973657059455899,3.433377493143723,33.59817903564358,6.171759871686704,0.7226642558285145,0.09387524606077881,0.8571428571428571,0.5454545454545454,0.6666666666666665
deposition,MI,3,16,0.7037037037037037,0.5999290696952738,15,31.9140118000214,54,0.6965883174391692,0.6998417010101484,0.06173130406783685,6.435713112658292,1.5018030335587627,12.164833169393813,3.5963990998920745,32.85164474604407,6.955335544091735,0.7091716042034852,0.11808335782472035,0.8571428571428571,0.5454545454545454,0.6666666666666665
deposition,MI,4,15,0.7222222222222222,0.5960116666950076,15,31.14726330002304,54,0.6939226891623635,0.6898631513180403,0.05960849711250637,6.657885542198584,1.5439560786290731,12.460635955737906,3.573129403177806,33.99918181621272,7.003265191530416,0.696179735497626,0.11583131568555914,1.0,0.5454545454545454,0.7058823529411764
deposition,MI,5,15,0.7222222222222222,0.5960116666950076,15,31.346295099996496,54,0.7042067513723735,0.6938856427297395,0.0524896212236361,6.583849624931238,1.4675001791665017,12.277636729061992,3.4661622642127163,33.954220609238654,6.791847774585649,0.7070473783548293,0.10600515515166414,1.0,0.5454545454545454,0.7058823529411764
deposition,MI,6,16,0.7037037037037037,0.5999290696952738,15,31.36996729997918,54,0.7013841212778043,0.6963933692223542,0.0529097598168314,6.542601571702297,1.5219297276025017,12.081388306123536,3.411593873434755,33.96056769431761,6.585667197135663,0.715683084118772,0.10492936695142571,0.8571428571428571,0.5454545454545454,0.6666666666666665
deposition,MI,7,16,0.7037037037037037,0.5999290696952738,15,31.889715199999046,54,0.7029141832273311,0.6938491855859615,0.05651241001819878,6.596022862188275,1.5897634522408888,12.324662062337374,3.65916352764894,34.02232277287896,7.604636736807492,0.7043261730021615,0.11410917950501494,0.8571428571428571,0.5454545454545454,0.6666666666666665
deposition,MI,8,16,0.7037037037037037,0.5999290696952738,15,30.761029199988116,54,0.7023814285884643,0.6916485912538353,0.06277062914823302,6.652466812819399,1.7924497590053656,12.253265250358966,3.879534229656117,33.83950869638314,7.80679263462367,0.7077504712149885,0.11480022859130992,0.8571428571428571,0.5454545454545454,0.6666666666666665
deposition,MI,9,16,0.7037037037037037,0.5999290696952738,15,31.831280899990816,54,0.6985348296357671,0.6935639203196586,0.06184870275680692,6.597977978573892,1.652146768977989,12.461455028558282,3.7591583176288195,34.41088044345027,7.9929525670720185,0.697119432316644,0.11801077310964748,0.8571428571428571,0.5454545454545454,0.6666666666666665
deposition,DDA,0,9,0.8333333333333334,0.6121382391642914,3,17.689896600029897,55,0.7150727986357304,0.7006793528841823,0.04994401661753398,6.427002478013885,1.3927685016059488,12.146825582558593,3.1283136125200355,32.04401755441475,6.044039258240202,0.7110861188986027,0.09528120482717023,0.8333333333333334,0.45454545454545453,0.5882352941176471
deposition,DDA,1,14,0.7407407407407407,0.5801466358121653,8,20.032592600036878,55,0.7174145188740566,0.6943543633964562,0.059303075323611,6.55163056496474,1.5263802526983685,12.424645791387743,3.5780106023880625,33.967848469386276,8.125036455369976,0.6932721795503015,0.12571857066920636,0.75,0.5454545454545454,0.631578947368421
deposition,DDA,2,11,0.7962962962962963,0.6121787822514654,6,19.530026699998416,55,0.7139665698111066,0.7059966116361702,0.048772887547199904,6.339790265052079,1.5039188363879603,11.743058266947504,3.369386858527567,33.14411629736396,6.325730206654077,0.7318382303045241,0.09370084464375464,0.8333333333333334,0.45454545454545453,0.5882352941176471
deposition,DDA,3,11,0.7962962962962963,0.5914459928421248,6,19.052151300013065,55,0.710457525590625,0.6973474341778574,0.06020513775933779,6.466247618429495,1.386867155902792,12.119882422326205,3.2501368824350125,32.88694147801883,6.343011632935728,0.708983336827735,0.11093853736901685,0.8333333333333334,0.45454545454545453,0.5882352941176471
deposition,DDA,4,11,0.7962962962962963,0.6057867101034645,4,18.667441199999303,55,0.7064731791527974,0.6986499756937976,0.05590628653572836,6.465921716603528,1.4672423773465635,12.149469474539307,3.199277186058976,32.70355883543189,6.112941256698022,0.7082602909842447,0.11050323717171283,0.7142857142857143,0.45454545454545453,0.5555555555555556
deposition,DDA,5,10,0.8148148148148149,0.618079070286015,3,18.389813599991612,55,0.7068977898579134,0.6998520485026413,0.04890654608706411,6.449792175869033,1.4057768951567675,12.13426457144368,3.1699140857585677,33.324425066248985,6.927398934004245,0.7134178376506891,0.09501851528369033,0.8571428571428571,0.5454545454545454,0.6666666666666665
deposition,DDA,6,8,0.8518518518518519,0.7294778034625601,2,17.178931000002194,55,0.7088066661689016,0.7056429541991751,0.051064168561289175,6.309758854846774,1.3178267181141987,11.8604905731752,3.1876999229915604,31.949066272205968,6.491440441503956,0.7218322101706808,0.10567257325197474,1.0,0.5454545454545454,0.7058823529411764
deposition,DDA,7,12,0.7777777777777778,0.6224546551678287,5,19.98123159998795,55,0.7039045134007732,0.6961977164371613,0.056608323944118834,6.540129231315814,1.5731764355740743,12.293707802498771,3.4131667484811588,33.63258168466218,7.682474524259319,0.7040088444999225,0.11058171896849095,1.0,0.6363636363636364,0.7777777777777778
deposition,DDA,8,10,0.8148148148148149,0.6208239798942305,4,18.111791499948595,55,0.7122444058701715,0.6995271389280243,0.06205912662164882,6.476842407878879,1.7234421560280215,11.892000973558712,3.7181918065283734,33.39986676722086,8.039745064506823,0.7227838263999601,0.11359536299613913,0.8333333333333334,0.45454545454545453,0.5882352941176471
deposition,DDA,9,11,0.7962962962962963,0.6050704044736488,3,18.558998900000006,55,0.7045255054900205,0.700484385622498,0.05795688967769909,6.450904869245888,1.6128293094527044,12.144664455091107,3.5836839191095997,32.86329552993605,7.118566854718975,0.712774463215231,0.10300038527096829,0.875,0.6363636363636364,0.7368421052631579
deposition,PFI-SBS,0,8,0.8518518518518519,0.6582571199744442,4,39.248586000001524,54,0.7017995539712382,0.698769322938804,0.05298306102071295,6.495440750816897,1.5728255178178472,12.222036342594572,3.5137428835253455,33.08976283096474,7.72072303036475,0.7112524710062701,0.100454953677025,1.0,0.45454545454545453,0.625
deposition,PFI-SBS,1,12,0.7777777777777778,0.689195171719508,8,39.046042200003285,54,0.7118061438140821,0.6950026868630602,0.05996709536080501,6.559636446531045,1.6003051425372579,12.201968076233701,3.6328037083320326,33.56985568110052,7.981434968190266,0.7076199287875227,0.12202866333861656,0.8333333333333334,0.45454545454545453,0.5882352941176471
deposition,PFI-SBS,2,16,0.7037037037037037,0.5899070578812862,15,38.68128960003378,54,0.7074922826680856,0.700881132110567,0.04801190909408223,6.447878371295607,1.4525862367012115,11.860807151960769,3.3962636834602153,33.369194356623424,6.01486992536351,0.7284706962819575,0.09205772576914063,0.8571428571428571,0.5454545454545454,0.6666666666666665
deposition,PFI-SBS,3,14,0.7407407407407407,0.6429863027208756,11,38.64901190000819,54,0.7044510980697158,0.704053236779591,0.06290754513256425,6.345800815218956,1.4977400323733159,11.926312731252539,3.502493257621965,31.903418439441246,6.8126096824099225,0.7199726764132317,0.11537777155191865,0.8571428571428571,0.5454545454545454,0.6666666666666665
deposition,PFI-SBS,4,8,0.8518518518518519,0.6582571199744442,4,39.28354820003733,54,0.7036860397296807,0.698738059366395,0.05492508460915514,6.479389335286229,1.5139132241317599,12.23984841602373,3.5083038067731644,32.163647992785926,6.390768915591826,0.7078722394886313,0.1072407444810528,1.0,0.45454545454545453,0.625
deposition,PFI-SBS,5,9,0.8333333333333334,0.6354462408323277,6,37.80168050003704,54,0.705530505775686,0.6983928012394965,0.053883733120825665,6.48463617426633,1.480017143490156,12.253116179352197,3.426339051280789,33.072253183679635,7.065998179720117,0.7070565012294312,0.1093146896146166,1.0,0.45454545454545453,0.625
deposition,PFI-SBS,6,15,0.7222222222222222,0.6493048638677933,13,38.078008499986026,54,0.7009122053453247,0.7001120840109768,0.05128928122039161,6.46107626243701,1.4678916377778957,11.951667346014881,3.411641296173936,33.76487814408814,6.575001956182489,0.7217200436503994,0.10167747321704464,0.8571428571428571,0.5454545454545454,0.6666666666666665
deposition,PFI-SBS,7,11,0.7962962962962963,0.679723023674583,8,37.56836729997303,54,0.7026060363755948,0.698102586727691,0.06020903859174629,6.493289216667123,1.5881340697552087,12.230889755721819,3.660248544456279,32.66470693294388,6.27798429957695,0.7067153619753609,0.12075602172446381,1.0,0.45454545454545453,0.625
deposition,PFI-SBS,8,15,0.7222222222222222,0.6394165686480027,13,38.80889779998688,54,0.7046247047137584,0.6941824082366376,0.06027175207947142,6.596341327337878,1.7044306126650532,12.146780007623939,3.720151731988822,33.297960543037874,7.466324606736881,0.7132976919465677,0.10908470836237903,0.8571428571428571,0.5454545454545454,0.6666666666666665
deposition,PFI-SBS,9,16,0.7037037037037037,0.6383032934761586,11,38.693055400042795,54,0.7009710836372279,0.6970496023667486,0.061346560480139534,6.519585510867381,1.609439355032274,12.257596209177475,3.6852663187843686,33.44598051166536,7.343630811317767,0.7088182345177374,0.10774210766515295,0.8888888888888888,0.7272727272727273,0.7999999999999999
deposition,BPSO,0,5,0.9074074074074074,0.6688009291109702,0,6416.670087800012,16081,0.7050834834438271,0.697943124867857,0.05043405979058672,6.501093062886452,1.49320733128125,12.275792522083725,3.139214076095884,32.980075547329434,7.38277447216281,0.7067308923981008,0.09056522576952941,0.8,0.36363636363636365,0.5000000000000001
deposition,BPSO,1,5,0.9074074074074074,0.6730744060682298,0,6484.070255000028,16081,0.7004838187073603,0.6920382523976546,0.05565114788932822,6.600552903942333,1.4511683654831338,12.347416923076874,3.233303636513552,34.02600528236941,7.015698206667309,0.6950328056968388,0.12703563342610005,0.8,0.36363636363636365,0.5000000000000001
deposition,BPSO,2,5,0.9074074074074074,0.6470982682566976,0,6491.082755199983,16080,0.7067980772845626,0.7047738448773658,0.048109704872088946,6.360293460654613,1.482576510159904,11.874702229049245,3.3110543075147993,32.680506765311996,7.188372695229871,0.7256405475320573,0.09334394675338312,0.8,0.36363636363636365,0.5000000000000001
deposition,BPSO,3,6,0.8888888888888888,0.6520342400570752,0,6550.145746099995,16081,0.7000596535870048,0.6919390493255615,0.05338727944441263,6.612054202979024,1.4551082709437866,12.370998089006834,3.2938778476165838,33.39458054607534,7.56654309456592,0.6971058071100765,0.11397880221464607,1.0,0.5454545454545454,0.7058823529411764
deposition,BPSO,4,6,0.8888888888888888,0.6072393974545366,0,6480.546030799975,16081,0.695840872910802,0.6877872856454803,0.05022835236098933,6.704757906931493,1.4335022033175169,12.55844010284967,3.1531173474716994,33.83525579959298,6.075559015619137,0.6905530516669182,0.10280084382429894,0.6666666666666666,0.36363636363636365,0.4705882352941177
deposition,BPSO,5,4,0.9259259259259259,0.7183722693824401,0,6399.154383999994,16081,0.701916195764059,0.688326001106796,0.04757950094452094,6.703638731801243,1.4383285050924934,12.608875632598494,3.258233106447491,34.10122660650426,7.58903405985948,0.6889573907546297,0.1038914613805061,0.75,0.2727272727272727,0.39999999999999997
deposition,BPSO,6,8,0.8518518518518519,0.5534893243624197,0,6465.832173399976,16081,0.7009770307787286,0.7002410986777934,0.05317297766758626,6.458866958053625,1.5407416647115872,12.013880120049427,3.4004272949443357,32.629007020713566,7.255009274939126,0.7184322095791078,0.10177839122882239,0.625,0.45454545454545453,0.5263157894736842
deposition,BPSO,7,5,0.9074074074074074,0.6101954169372267,0,6428.552145299967,16081,0.6913138426588317,0.6817809004521169,0.052597716943722145,6.84658945784439,1.5713291433850156,12.445922760817613,3.264650050245351,35.144647055258616,8.15772306315226,0.6991489501314577,0.08870851401006175,0.6,0.2727272727272727,0.37499999999999994
deposition,BPSO,8,7,0.8703703703703703,0.6286607111507689,0,6679.767513300001,16081,0.7042943733771947,0.694689915479697,0.05806610617486477,6.552368020006824,1.5614605668756556,12.200019990505517,3.597795278398732,33.695161251054536,7.6445485678736,0.7065616061668699,0.11385055389651293,0.7142857142857143,0.45454545454545453,0.5555555555555556
deposition,BPSO,9,5,0.9074074074074074,0.6630328363638204,0,6478.705899499997,16081,0.6912306433491564,0.6881829535352835,0.050969801195943056,6.711111077545686,1.513488209924551,12.398109873589187,3.376562273586889,34.99044723308128,7.596444735664409,0.7011323313192033,0.09618679188689047,0.8,0.36363636363636365,0.5000000000000001
deposition,BGWO,0,4,0.9259259259259259,0.7406804540010483,0,455.03078099997947,1422,0.7106302353764701,0.7016606896233121,0.05077349157111166,6.420577292325082,1.4955839110797269,12.116928150557786,3.163785383332543,32.535413943972536,7.558133344747113,0.7137370529918973,0.09189936661161752,1.0,0.36363636363636365,0.5333333333333333
deposition,BGWO,1,4,0.9259259259259259,0.7406804540010483,0,491.0803091999842,1523,0.7123135691040698,0.6948082343042378,0.05910052735662506,6.55357553941544,1.6059543871121622,12.421798624152165,3.498155055790544,33.400698195428575,8.430374615630303,0.6928023217398459,0.1286814644263906,1.0,0.36363636363636365,0.5333333333333333
deposition,BGWO,2,4,0.9259259259259259,0.7406804540010483,0,460.77230800001416,1423,0.7085539694499828,0.7051115178261258,0.04727897200536276,6.357447303153837,1.4851104264012336,11.832983771137377,3.319990968204679,32.73979130641755,7.267484333215654,0.728049357981294,0.09323795812595688,1.0,0.36363636363636365,0.5333333333333333
deposition,BGWO,3,4,0.9259259259259259,0.7406804540010483,0,428.4035801999853,1358,0.7082444310837058,0.7006823104822445,0.056742318940804747,6.421327246411096,1.4704903257153061,11.980461434971293,3.374997393390662,32.19144655125879,7.423346656974169,0.7166657398623987,0.11147844414925667,1.0,0.36363636363636365,0.5333333333333333
deposition,BGWO,4,4,0.9259259259259259,0.7406804540010483,0,505.11499440000625,1582,0.7051427677029203,0.6968665553839132,0.058919436950824744,6.501387162833189,1.5365463195161384,12.324351942176168,3.349913121603691,32.3058009182598,6.723955867106763,0.6986393494083648,0.11921084354699892,1.0,0.36363636363636365,0.5333333333333333
deposition,BGWO,5,4,0.9259259259259259,0.7406804540010483,0,460.1064732000232,1466,0.705131325464224,0.6971971673261035,0.046653780252758355,6.513497103683066,1.4093261645407504,12.328925339991713,3.1993434320324483,32.88532714297934,7.318549607336586,0.7041781620988606,0.0939214855565853,1.0,0.36363636363636365,0.5333333333333333
deposition,BGWO,6,4,0.9259259259259259,0.7406804540010483,0,443.88767620001454,1418,0.6993491245522717,0.6986222201318217,0.050161770419323286,6.485238870174431,1.457517716313183,12.132701436460795,3.3809992795525505,32.67203184925085,6.942528183027621,0.7118985734931526,0.10418699341484589,1.0,0.36363636363636365,0.5333333333333333
deposition,BGWO,7,4,0.9259259259259259,0.7406804540010483,0,504.81902779999655,1632,0.6970862573995512,0.7006121574626085,0.054243951708363235,6.445567096075001,1.5670850859959211,12.076337507127478,3.2740984904349064,32.60374186720726,7.4990089772594,0.7147398663364114,0.09819173609514083,1.0,0.36363636363636365,0.5333333333333333
deposition,BGWO,8,4,0.9259259259259259,0.7406804540010483,0,442.2893090000143,1403,0.7020288150606455,0.7006578361137165,0.05428996319292454,6.461653475090819,1.6729400433540471,12.01212420617505,3.5560100417107225,32.6546218481523,7.7108712806892035,0.7196603937062681,0.10091994422768481,1.0,0.36363636363636365,0.5333333333333333
deposition,BGWO,9,4,0.9259259259259259,0.7406804540010483,0,461.85558679996757,1478,0.7023614952260521,0.6961684212405529,0.05226800240993767,6.541029503751014,1.5353877458038134,12.2353271799479,3.4285355218802716,33.92032806219643,7.9763952407271335,0.7083711297811196,0.09715545994159691,1.0,0.36363636363636365,0.5333333333333333
deposition,NSGA2,0,2,0.962962962962963,0.7720940841533911,0,1744.7974896000233,5448,0.6586408328007598,0.6411997045355419,0.045729558197141154,7.693204704086439,1.344071795859414,14.212680654773832,3.0379831828146227,38.168020953694516,7.2242190540357,0.597964028517953,0.15048756491567697,1.0,0.18181818181818182,0.3076923076923077
deposition,NSGA2,1,2,0.962962962962963,0.7720940841533911,0,1669.2611972999875,5239,0.6545561923967586,0.6390492721989832,0.05238538680022569,7.746002496276003,1.464240161138939,14.406018500907702,3.361641378236006,38.441571256915154,7.785972930567141,0.5875069069722905,0.17261107647359664,1.0,0.18181818181818182,0.3076923076923077
deposition,NSGA2,2,2,0.962962962962963,0.7720940841533911,0,1951.090347099991,6082,0.6583633059982568,0.6487240904251516,0.042823431795408415,7.556107396203811,1.4538745592510378,13.877389752637336,3.11484806528323,37.77863957122498,7.6001438592385275,0.6252344625543635,0.09596792713696582,1.0,0.18181818181818182,0.3076923076923077
deposition,NSGA2,3,2,0.962962962962963,0.7720940841533911,0,1746.386737099965,5544,0.663593922798246,0.6438244656831389,0.04823618233183723,7.64177249216668,1.3992301771663456,14.107997119775433,3.1438079650288366,37.833434216017984,7.314253592809919,0.6075186145085059,0.13597473681011887,1.0,0.18181818181818182,0.3076923076923077
deposition,NSGA2,4,2,0.962962962962963,0.7720940841533911,0,1530.7329635000206,4865,0.6560336429183355,0.6435423589820353,0.05096931014183011,7.6427705625778675,1.416867658160192,14.1305774870068,3.1642729634745836,37.88032218677321,6.780418642526259,0.6048060454463778,0.14316296135349324,1.0,0.18181818181818182,0.3076923076923077
deposition,NSGA2,5,2,0.962962962962963,0.7720940841533911,0,1887.4401796999737,6025,0.6603010717296658,0.6377498577799148,0.052287241958070524,7.768158400692134,1.4432579045589058,14.367436090004846,3.35514825547284,38.88748538489788,8.091489752695868,0.5880989354823035,0.1727994664402215,1.0,0.18181818181818182,0.3076923076923077
deposition,NSGA2,6,2,0.962962962962963,0.7720940841533911,0,1768.6145905999583,5635,0.6560801380267097,0.641423837871561,0.04223048022300926,7.709170861846918,1.437012070360133,14.148702582279745,3.0121503112055947,38.592821141225876,8.21695991746967,0.6104329412758971,0.09409756688940638,1.0,0.18181818181818182,0.3076923076923077
deposition,NSGA2,7,2,0.962962962962963,0.7720940841533911,0,1696.5449930999894,5412,0.6578210536878568,0.6372922202329377,0.04489410696471902,7.813224325906073,1.5651277876787668,14.363666564023076,3.3774939834160906,38.8340952640375,8.523450212316249,0.601739733519638,0.09558812851010487,1.0,0.18181818181818182,0.3076923076923077
deposition,NSGA2,8,2,0.962962962962963,0.7720940841533911,0,1683.942683500005,5386,0.6599096763646624,0.6363870582383445,0.04736787670306965,7.825098778932764,1.5409992002312114,14.404027781056051,3.3351134644867613,38.48792940289049,7.9662570414707075,0.5950444848316804,0.131173630189915,1.0,0.18181818181818182,0.3076923076923077
deposition,NSGA2,9,2,0.962962962962963,0.7720940841533911,0,1588.020928599988,5132,0.6563776685439358,0.6359447631374403,0.049802632881047235,7.808299123771401,1.4442712889456262,14.40393704472863,3.2616720530264716,39.329109061849344,7.900989419043817,0.5885039707002403,0.16110054282334402,1.0,0.18181818181818182,0.3076923076923077
deposition,Boruta,0,15,0.7222222222222222,0.56961332170293,15,18.08636200003093,2,0.6846267954073487,0.6795439478575986,0.052598742016429605,6.889801685804042,1.5042119607350197,12.782636877149326,3.3488301409390444,36.12968020374411,7.177438013796915,0.6833084952072138,0.09888768236142952,0.6666666666666666,0.36363636363636365,0.4705882352941177
deposition,Boruta,1,15,0.7222222222222222,0.5703522537349919,15,16.424113799992483,2,0.696886796019349,0.6834524981127674,0.05608807705497511,6.807159455368351,1.5537885000881264,12.866308919911841,3.6034848873902483,36.002591159937126,8.411422226012347,0.6753556368283901,0.12308691273709678,0.6666666666666666,0.36363636363636365,0.4705882352941177
deposition,Boruta,2,15,0.7222222222222222,0.5703522537349919,15,22.648598600004334,2,0.6906277799463022,0.6857521754293615,0.05245829322489155,6.775442111476369,1.5740406253629136,12.41932310947474,3.552272914191606,35.72107535389991,6.809173614563899,0.703209827672596,0.09583242156196652,0.6666666666666666,0.36363636363636365,0.4705882352941177
deposition,Boruta,3,15,0.7222222222222222,0.5703522537349919,15,13.068147299985867,2,0.6869769349804111,0.6868371094159584,0.06465650503356514,6.707051281954014,1.5240086040439773,12.597454146507038,3.4878627904103268,34.880095818223026,7.0295070958924954,0.6878554081291027,0.12064159292914095,0.6666666666666666,0.36363636363636365,0.4705882352941177
deposition,Boruta,4,15,0.7222222222222222,0.56961332170293,15,16.464984600024763,2,0.6873304404779381,0.6690502885160469,0.06617312857783923,7.0836676660411815,1.5324234046689083,12.975440730578786,3.55635391096318,36.92724814337662,7.3842281242389705,0.6690555867854475,0.12824469647243797,0.6666666666666666,0.36363636363636365,0.4705882352941177
deposition,Boruta,5,15,0.7222222222222222,0.56961332170293,15,16.907233999983873,2,0.6905861018855364,0.6809329119148918,0.055039512196491586,6.859862664548043,1.5199560679179653,12.656257860987854,3.5652789580959703,36.20078358172053,7.44836421080311,0.6904388158515178,0.10613606446071452,0.6666666666666666,0.36363636363636365,0.4705882352941177
deposition,Boruta,6,14,0.7407407407407407,0.5805668655129282,15,7.339663099963218,2,0.6896805218265305,0.6856257765463084,0.05324729546034985,6.756545277360827,1.4749968687943409,12.457812577487335,3.2950620575742664,35.4209239825195,7.090211700805249,0.6968548576589971,0.10476602866982611,1.0,0.45454545454545453,0.625
deposition,Boruta,7,14,0.7407407407407407,0.5756748770124528,15,18.652495399990585,2,0.6864338120439647,0.6772875462826595,0.056567404011537856,6.935238608689833,1.5550340732931969,12.80220581576907,3.526403499010779,36.33547204798101,7.615153867523896,0.6820252610598151,0.10546373179750018,0.8,0.36363636363636365,0.5000000000000001
deposition,Boruta,8,15,0.7222222222222222,0.56961332170293,15,10.049809999996796,2,0.6803388047672857,0.6733008210838034,0.05999454690552464,7.030331008270713,1.6497309795008706,12.715684966331862,3.6679588173942914,36.94873996424079,7.922405812490128,0.686469229594963,0.1091487253915001,0.6666666666666666,0.36363636363636365,0.4705882352941177
deposition,Boruta,9,15,0.7222222222222222,0.56961332170293,15,15.091569199983496,2,0.6803717206120166,0.6767004929590208,0.0637238949210648,6.947748737508608,1.6410173513537094,12.870163336724211,3.6816446868471084,36.62035144646071,7.833062024671418,0.6778139635767114,0.11217352599041568,0.6666666666666666,0.36363636363636365,0.4705882352941177
deposition,LASSO,0,41,0.2407407407407407,0.45221960705458797,11,0.9934205000172369,2,0.6697947268839373,0.6522164527138625,0.05024013075780627,7.490023910739584,1.6213324385147327,13.318792238875481,3.470760020948509,42.47613440908124,10.587975500958292,0.6518835406307655,0.11917285777406662,0.3235294117647059,1.0,0.48888888888888893
deposition,LASSO,1,41,0.2407407407407407,0.45221960705458797,11,0.9506577999563888,2,0.6692306556760395,0.6588073739805915,0.0520170562274685,7.337713305713692,1.5375613267286556,12.873759873520306,3.4686424452000333,41.76392926949885,10.618783452990408,0.6764012227539857,0.11075985209609764,0.3235294117647059,1.0,0.48888888888888893
deposition,LASSO,2,41,0.2407407407407407,0.45221960705458797,11,0.9492552999872714,2,0.6611609001805767,0.6540651303893924,0.052357245970668743,7.455014134546363,1.6603517418538507,13.004397666076946,3.538437542052807,41.07169675907562,9.75704571816073,0.6688793982021364,0.11471015441258398,0.3235294117647059,1.0,0.48888888888888893
deposition,LASSO,3,41,0.2407407407407407,0.45221960705458797,11,0.877649299975019,2,0.6555123023734033,0.65625919794528,0.0634540698511898,7.380136650564493,1.6181470740954458,13.01973034938818,3.6066624309155255,42.00456865256652,9.752635644027922,0.6651751526488471,0.1330478070301315,0.3235294117647059,1.0,0.48888888888888893
deposition,LASSO,4,41,0.2407407407407407,0.45221960705458797,11,0.8389045000076294,2,0.6586373316603717,0.6566574902698663,0.05678055130884572,7.414132243763686,1.736254326505822,12.929243980228168,3.8456232634463814,41.09256719912768,9.071602478724264,0.6743497207193411,0.12888054592304335,0.3235294117647059,1.0,0.48888888888888893
deposition,LASSO,5,41,0.2407407407407407,0.45221960705458797,11,0.8925554000306875,2,0.6609044731267262,0.6565508170919085,0.06343730307273265,7.374914997630105,1.6114715023644275,12.90631429452508,3.6162657497855086,41.782729529006126,9.318006889741971,0.6695583883824859,0.13741797425751046,0.3235294117647059,1.0,0.48888888888888893
deposition,LASSO,6,41,0.2407407407407407,0.45221960705458797,11,0.826232000021264,2,0.6543189946341845,0.6516565429061036,0.0595135245471337,7.481060662463019,1.628576462477365,13.095794890078794,3.6295405550050224,42.2643983943821,9.866610399861731,0.6612476094413327,0.12992644913619605,0.3235294117647059,1.0,0.48888888888888893
deposition,LASSO,7,41,0.2407407407407407,0.45221960705458797,11,0.9325430999742821,2,0.6670058322037326,0.6619714872570188,0.0625851478665657,7.28411764717473,1.7466434201565348,12.875000190161314,3.8543075776202467,40.68379184626143,10.859260279681932,0.6752467450283135,0.13125344843292563,0.3235294117647059,1.0,0.48888888888888893
deposition,LASSO,8,41,0.2407407407407407,0.45221960705458797,11,1.0289128000149503,2,0.6624718626860165,0.6540807690926087,0.05192689988384976,7.471085370490367,1.7075306644729438,13.153227429666215,3.580956206633403,41.99300167285062,11.775633398935136,0.6666428610272734,0.10068784092398392,0.3235294117647059,1.0,0.48888888888888893
deposition,LASSO,9,41,0.2407407407407407,0.45221960705458797,11,0.8229505000053905,2,0.6683552581160537,0.663024571633135,0.04975103623670122,7.258674995872405,1.5226883266330242,12.843106046705229,3.460769712956282,40.04283843274229,9.37592144040899,0.6804446442926229,0.10641930435799633,0.3235294117647059,1.0,0.48888888888888893
deposition,RFE,0,9,0.8333333333333334,0.6354462408323277,6,121.04197090002708,54,0.7027723996282593,0.6952703782346689,0.05258287696522978,6.563582424939577,1.5574967232484722,12.257176412155678,3.4118204060287645,33.25721398348365,7.8836848940181055,0.7082959296242457,0.10134009383568474,1.0,0.45454545454545453,0.625
deposition,RFE,1,9,0.8333333333333334,0.6354462408323277,6,120.74302140000509,54,0.7091873825794905,0.6948688135816234,0.06514104238386602,6.561664677776902,1.7236449270839225,12.433297972197654,3.892570773507829,33.26487117516871,8.97434284527917,0.696099721336109,0.1307942404502215,1.0,0.45454545454545453,0.625
deposition,RFE,2,12,0.7777777777777778,0.6095814708264432,7,119.9533700000029,54,0.7002406753865631,0.6987741371065616,0.05077797789805581,6.500194772649359,1.5014281293639826,11.932140693808366,3.4185622969953915,33.79705656310559,6.927813644382599,0.7256470703578803,0.09436054469140714,0.7142857142857143,0.45454545454545453,0.5555555555555556
deposition,RFE,3,9,0.8333333333333334,0.6354462408323277,6,120.33551150001585,54,0.6977979615781793,0.7016474893734724,0.0636041726347655,6.3978803706455825,1.5215059372727864,12.14851508172745,3.5947278137522938,32.105558744747185,7.186907972666488,0.7095684960348229,0.12128772434598313,1.0,0.45454545454545453,0.625
deposition,RFE,4,9,0.8333333333333334,0.6354462408323277,6,120.10306990001118,54,0.7009552235177617,0.6959552407557584,0.056497234244653007,6.528830385286246,1.4881665340503154,12.290013879157536,3.4531114528670788,32.73106963983757,6.352429703867552,0.7040417543515416,0.11278442071293115,1.0,0.45454545454545453,0.625
deposition,RFE,5,10,0.8148148148148149,0.6201678568511971,6,118.83824399998412,54,0.6970185251696017,0.6939253630930899,0.05405112940144682,6.587573130474345,1.5016975078127568,12.36086023741394,3.4277967654887465,33.964753471649594,7.306010018373247,0.7029427174343608,0.10743789383873682,0.8333333333333334,0.45454545454545453,0.5882352941176471
deposition,RFE,6,9,0.8333333333333334,0.6354462408323276,6,120.71459960000357,54,0.7010911455567139,0.6987688056766037,0.055638065161198215,6.500818307982285,1.583986249156584,12.068858507729711,3.5846152013652195,33.407218058560616,7.057293228967875,0.7181181425607577,0.10581020307710362,1.0,0.45454545454545453,0.625
deposition,RFE,7,10,0.8148148148148149,0.620167856851197,6,119.02853449998656,54,0.6976022309630958,0.6934049414221608,0.0595191809830725,6.600181055700365,1.5996275745064472,12.388743323089978,3.5168428629186557,33.882770856347854,7.287553276860858,0.699793580102338,0.11715510886067045,0.8333333333333334,0.45454545454545453,0.5882352941176471
deposition,RFE,8,10,0.8148148148148149,0.620167856851197,6,120.7700539000216,54,0.6981887328194599,0.6923648012888116,0.059232740124931224,6.633818699885108,1.6864199748680455,12.192392879340325,3.587279198465278,33.77574782147986,7.813096006446054,0.7121864594308059,0.1034127058471325,0.8333333333333334,0.45454545454545453,0.5882352941176471
deposition,RFE,9,9,0.8333333333333334,0.6354462408323277,6,122.79435969999759,54,0.6966609002817044,0.6992906317893935,0.061102964760929634,6.48041003724326,1.6591630845774281,12.25536826886905,3.7860471537180773,32.93542049964017,7.708994296941177,0.707995835870626,0.11302691784859596,1.0,0.45454545454545453,0.625
planarization,ALL,0,54,0.0,0.4887022571931599,19,0.754504700016696,1,0.6763806579862947,0.6882124354106606,0.04898282972114367,6.232081827003282,1.3413437834137232,10.727848651096668,2.957993046580558,34.24819396977275,5.832280871654207,0.6071415821083573,0.1425713707846769,0.2558139534883721,1.0,0.40740740740740744
planarization,ALL,1,54,0.0,0.4887022571931599,19,0.8925252999761142,1,0.6800006304068239,0.6931158181106081,0.04515254291979165,6.126998279987891,1.238132641467709,10.699791491390641,3.006559039663018,34.049634851345765,5.6685242857894895,0.6089716843491677,0.15192386639739952,0.2558139534883721,1.0,0.40740740740740744
planarization,ALL,2,54,0.0,0.4887022571931599,19,0.803642500017304,1,0.678306600204249,0.6865621036485048,0.053251158039825504,6.27057548605306,1.4835633038868645,10.841296097403058,3.0090367977324624,34.92404001389766,6.55394528646641,0.5979586862310529,0.15159905046866107,0.2558139534883721,1.0,0.40740740740740744
planarization,ALL,3,54,0.0,0.4887022571931599,19,0.9190366999828257,1,0.6730787734007847,0.6912395580021982,0.047675239251614765,6.183823760248211,1.4003095665851986,10.716435353047522,2.891005793274582,34.375900385105815,6.7954329468735075,0.6102793690575474,0.1323592604237474,0.2558139534883721,1.0,0.40740740740740744
planarization,ALL,4,54,0.0,0.4887022571931599,19,0.8802557999733835,1,0.6773293648101693,0.6876139171970699,0.04834631206764816,6.223494101188012,1.229457876570882,10.730682666977708,2.8379295828310718,34.472407756999615,6.236965684029451,0.6046166773520085,0.14783777849193447,0.2558139534883721,1.0,0.40740740740740744
planarization,ALL,5,54,0.0,0.4887022571931599,19,0.8893320999923162,1,0.6776517696721254,0.6919470740690793,0.04933561950180235,6.164973752217943,1.410231986319671,10.780803220867623,2.982097397940566,34.2413275884211,6.966211584499612,0.6037076532757681,0.14345184019278087,0.2558139534883721,1.0,0.40740740740740744
planarization,ALL,6,54,0.0,0.4887022571931599,19,0.9331173999817111,1,0.676041155663037,0.6850984456438621,0.0514422712079702,6.305448303525071,1.452534806753649,10.790475417044938,3.1917156817473242,34.81667266435374,6.446875346934302,0.6046963919267819,0.14621238354599642,0.2558139534883721,1.0,0.40740740740740744
planarization,ALL,7,54,0.0,0.4887022571931599,19,1.03869230003329,1,0.6833610775760379,0.6892502317602018,0.0502832638132017,6.212037206958388,1.3786505335802208,10.657612694149828,3.0966666111575365,34.896089039474916,6.621566345381663,0.6154281288283041,0.1370981765785569,0.2558139534883721,1.0,0.40740740740740744
planarization,ALL,8,54,0.0,0.4887022571931599,19,0.7043267000117339,1,0.6819156110175373,0.6910669825432437,0.04774942472344023,6.17511657340936,1.3367734719591489,10.665059780515604,3.107012498035446,33.85384318459815,5.763273392625972,0.6134966602701505,0.1451974997477751,0.2558139534883721,1.0,0.40740740740740744
planarization,ALL,9,54,0.0,0.4887022571931599,19,0.7434221000294201,1,0.6754949070162448,0.6910040490558134,0.04904829202559757,6.175788609211336,1.3583078352025337,10.729657446304081,3.1052416062441255,34.146610920437,6.302097555371679,0.6062544301532866,0.1500051962381771,0.2558139534883721,1.0,0.40740740740740744
planarization,FILTER,0,43,0.20370370370370372,0.3536082192689834,0,1.4844765999587253,2,0.6720276868106001,0.6815476067950624,0.054347007402892264,6.394923188670256,1.613438313858874,10.975813555914636,3.369258602691352,35.56521584192502,6.64313399683266,0.5982943639670056,0.14184136285490992,0.2558139534883721,1.0,0.40740740740740744
planarization,FILTER,1,43,0.20370370370370372,0.3536082192689834,0,1.5010899999761023,2,0.6769974207014077,0.6859049876420269,0.05105180326578578,6.300301565952561,1.5055228156838378,10.945044635819785,3.2620933039768882,34.927096824813155,6.536425743948588,0.6007870803500024,0.13730513159561153,0.2558139534883721,1.0,0.40740740740740744
planarization,FILTER,2,43,0.20370370370370372,0.3536082192689834,0,1.412335200002417,2,0.669404387838492,0.682318624866006,0.056118672285065424,6.37856833607332,1.676368326628439,10.925495376466689,3.3821437674454944,35.69586244543168,6.872853587151481,0.5996349123532178,0.143241700963306,0.2558139534883721,1.0,0.40740740740740744
planarization,FILTER,3,43,0.20370370370370372,0.3536082192689834,0,1.3988621000316925,2,0.6787778522294204,0.6840948652499491,0.0475355948288812,6.323876330054866,1.404988243063011,10.829364716206815,2.8987474930664807,35.73857155951819,7.249381153054847,0.6054465875449027,0.1236943368998585,0.2558139534883721,1.0,0.40740740740740744
planarization,FILTER,4,43,0.20370370370370372,0.3536082192689834,0,1.5822370999958366,2,0.6780473397688708,0.6847739359026241,0.045864803194737284,6.304136234254559,1.3483764218013896,10.80186608249199,3.0021351598565693,34.99805086575076,6.391226398724665,0.6075735627340957,0.1350608232136965,0.2558139534883721,1.0,0.40740740740740744
planarization,FILTER,5,43,0.20370370370370372,0.3536082192689834,0,1.660003199998755,2,0.6617374230739446,0.6780653828189177,0.057537106339314734,6.473252942957036,1.7527371914375447,11.188496735793697,3.453537582241943,35.73351138788382,7.317772336928303,0.5786606077659493,0.15814825213339648,0.2558139534883721,1.0,0.40740740740740744
planarization,FILTER,6,43,0.20370370370370372,0.3536082192689834,0,1.578950499999337,2,0.6748229432855318,0.6803016118549682,0.05299329882523936,6.409718273601183,1.5372249805684013,10.890456889504877,3.287642087525902,35.65290114025263,6.59584497327073,0.6044818901837066,0.1317657948303403,0.2558139534883721,1.0,0.40740740740740744
planarization,FILTER,7,43,0.20370370370370372,0.3536082192689834,0,1.630996200023219,2,0.6766141950312119,0.6795777522236336,0.05599504636483901,6.435733625464551,1.6496316699708646,10.846008587656126,3.4348314247446186,36.279428865089024,7.19399181663416,0.6087848263934271,0.1354226528508248,0.2558139534883721,1.0,0.40740740740740744
planarization,FILTER,8,43,0.20370370370370372,0.3536082192689834,0,1.5881976999808103,2,0.6791098676293127,0.6866059126300181,0.05415362525838878,6.299127936461431,1.6493889711020095,10.745601149938272,3.4476013667799834,34.71333192727933,6.4507494142021615,0.614277970802385,0.14646361839752908,0.2558139534883721,1.0,0.40740740740740744
planarization,FILTER,9,43,0.20370370370370372,0.3536082192689834,0,1.3854296999634244,2,0.6717371505326686,0.6862707474240521,0.05121041788326722,6.294119759799457,1.5256453856353522,10.84392298596685,3.3040126923436723,35.23466347820543,6.7173525627427955,0.6064767956618234,0.1370112875734938,0.2558139534883721,1.0,0.40740740740740744
planarization,GA,0,9,0.8333333333333334,0.4209237743807224,1,5682.249616199988,10908,0.6986431876815749,0.6901912888814382,0.04059500558164032,6.195085165151207,1.267493521957712,10.727700993659337,2.8814219787192776,32.89159244518927,5.4840612038918035,0.6138217119562055,0.12449446291912082,0.625,0.45454545454545453,0.5263157894736842
planarization,GA,1,10,0.8148148148148149,0.5961603577233632,0,3838.261801000044,7323,0.6915711574981892,0.7093890846442131,0.036096892373624206,5.8283698796453205,1.301118378085007,10.446249156740786,2.829167841864093,31.163110662356484,5.796599133464429,0.6373449367735321,0.12711039711353073,0.7,0.6363636363636364,0.6666666666666666
planarization,GA,2,10,0.8148148148148149,0.5952884349043228,0,7226.079697799985,14169,0.7176931958478014,0.7230742393915394,0.04077905749738987,5.576556422951191,1.4089437110749543,10.083245195312218,2.990569436804703,28.856649492536327,5.592381065452632,0.665911195391483,0.11526374809378999,0.8,0.7272727272727273,0.761904761904762
planarization,GA,3,8,0.8518518518518519,0.5899978053793054,0,5252.846943900047,10205,0.7152706746406541,0.7216462878085309,0.04385219776208311,5.587524949933278,1.3571951404433198,10.085774750940782,3.1323357267786505,29.538123232833694,5.491479536275574,0.6612096244728058,0.13570127844160895,0.75,0.5454545454545454,0.631578947368421
planarization,GA,4,10,0.8148148148148149,0.5527254012858237,1,6267.357439599989,12145,0.7132022278472852,0.7243267645412559,0.043956425975416005,5.560315823718448,1.4854870045827042,10.01129830324175,3.1676005100891853,29.41001394333948,6.147992575693112,0.6729665419251402,0.11613094423787268,0.5555555555555556,0.45454545454545453,0.5
planarization,GA,5,9,0.8333333333333334,0.5578159424922498,0,4092.666031699977,7949,0.7255483670978546,0.722435669138907,0.04304930972689149,5.593701377931446,1.4587623373135592,10.068704488924093,3.0772152197448097,28.650414019297845,5.628035823815559,0.6675108812387953,0.11324090128106806,0.5555555555555556,0.45454545454545453,0.5
planarization,GA,6,10,0.8148148148148149,0.541578186609623,0,6159.388256500009,11595,0.7102363854601952,0.7165074549394397,0.04311470321663404,5.686568570117506,1.3488260780187702,10.074475614862905,3.117229098604401,30.036451013395844,5.174398318114526,0.6611807336064349,0.1280619949969281,0.6,0.5454545454545454,0.5714285714285713
planarization,GA,7,8,0.8518518518518519,0.5602978159347293,0,4555.553229900019,8802,0.690184260572138,0.69214630043422,0.0383036769551189,6.166527073235614,1.2994382127559767,10.601424669019908,2.8831667633720905,33.89109772627567,6.271671233979454,0.6314859150039563,0.10398464287312564,0.625,0.45454545454545453,0.5263157894736842
planarization,GA,8,9,0.8333333333333334,0.5166024415115475,3,6681.3143246999825,12931,0.7026899243138761,0.7191428957111126,0.03831995915484442,5.61710011607971,1.1474088556413824,9.928667922321697,2.872223151292856,29.7577392382239,4.609022958551837,0.6685060189782283,0.1241562839715431,0.7142857142857143,0.45454545454545453,0.5555555555555556
planarization,GA,9,8,0.8518518518518519,0.5797548830660593,0,5834.538105299987,11451,0.6969344731639441,0.7062490985272675,0.03939662461217226,5.903585898708582,1.3946351937761157,10.315409416981744,3.0745343061475,31.79776247158882,5.2199683700390995,0.6518207149909951,0.11567973076281736,0.625,0.45454545454545453,0.5263157894736842
planarization,TSFGA,0,7,0.8703703703703703,0.6008243194769842,0,5033.111566399981,10949,0.7116365020367745,0.7291460445046873,0.04187205591625736,5.418317908268496,1.1971119514053319,9.713246442744042,3.0009892970447827,28.145182447030034,4.837323008929879,0.6840835162811528,0.11749507372204412,0.5714285714285714,0.36363636363636365,0.4444444444444444
planarization,TSFGA,1,8,0.8518518518518519,0.5030582673849432,0,2254.323426500021,4814,0.6871038337311517,0.6971998324532378,0.042101454319767875,6.040952196546042,1.1808909917088712,10.36710720024525,3.293035535847368,33.309292489073556,4.505753771408924,0.6390360048414773,0.14245734974691873,0.5,0.36363636363636365,0.4210526315789474
planarization,TSFGA,2,5,0.9074074074074074,0.6486516504036489,0,5117.40617859998,11101,0.7101781652002737,0.7169613952754733,0.04750720529922572,5.697192463892765,1.5887191010550117,10.244108423452367,3.5476349424462628,29.1753748890582,6.647810599634637,0.6453268530426238,0.1627350217660574,0.8,0.36363636363636365,0.5000000000000001
planarization,TSFGA,3,5,0.9074074074074074,0.7488501405911452,0,7063.903586500033,15598,0.7340243985024306,0.7346973873828582,0.0400563152671085,5.336064422087174,1.3382216454847757,9.701223657779902,3.1383054056761917,27.191086681075593,4.819812045213123,0.6888507886945086,0.11561188848777285,1.0,0.45454545454545453,0.625
planarization,TSFGA,4,6,0.8888888888888888,0.6159788890516108,0,2966.4410489999573,6364,0.7039004301792553,0.713763313856509,0.041926100354282146,5.737936073859197,1.3259557260644155,10.047373591620412,3.0715175814487545,31.37125345532547,5.412015423760184,0.6616603109859743,0.13127863671891254,0.6666666666666666,0.36363636363636365,0.4705882352941177
planarization,TSFGA,5,7,0.8703703703703703,0.6393876564385177,0,7092.829707099998,15589,0.7228649790424626,0.7312995027095233,0.04800851607991353,5.420510293790898,1.5450900747316263,9.861248398359818,3.540631146995154,27.888860177754154,5.90609677015086,0.6758463915812107,0.1398806004693571,0.7142857142857143,0.45454545454545453,0.5555555555555556
planarization,TSFGA,6,7,0.8703703703703703,0.6343191949182639,0,5226.707582600007,11254,0.7173503558103731,0.7323254120239712,0.04100897051717779,5.382485416559913,1.336167148284611,9.762260743465697,3.078521937948607,27.391108105136443,5.001499372509976,0.6863791408486986,0.11395929115847278,0.7142857142857143,0.45454545454545453,0.5555555555555556
planarization,TSFGA,7,8,0.8518518518518519,0.5545170540543733,0,3221.605451999989,6829,0.6914017786129567,0.7030970844043127,0.041065709301150805,5.922894544631571,1.1509322848413885,10.149054817153443,2.984882003685819,32.95447200679224,5.25278907865715,0.6520856137192292,0.13293619818531507,0.5,0.36363636363636365,0.4210526315789474
planarization,TSFGA,8,4,0.9259259259259259,0.7099278352964481,0,4644.199315199978,10016,0.7129971624153701,0.7158735755923884,0.04659905242259868,5.724027285846049,1.5623539874292989,10.11097246050385,3.675340739497128,29.509600779228453,6.138533629044677,0.6589678994458865,0.15705743029071667,0.75,0.2727272727272727,0.39999999999999997
planarization,TSFGA,9,9,0.8333333333333334,0.5701608299210792,0,2108.6412202999927,4585,0.7127045466102045,0.7306298688185802,0.043765565706076835,5.421240232327579,1.4040599595652024,9.978582389094315,3.4658271315663076,28.093529880242325,5.520938059173692,0.6709525749768837,0.13229497057471984,0.5555555555555556,0.45454545454545453,0.5
planarization,mRMR,0,13,0.7592592592592593,0.692894306448464,4,31.184912000026088,54,0.7118633260372995,0.7145598840971722,0.03738183425602815,5.7267678156107396,1.2963527979333316,10.300120703505725,3.04698963671407,30.158850693489008,5.600454241007508,0.6495246213152643,0.1139309093157665,0.4,0.36363636363636365,0.380952380952381
planarization,mRMR,1,13,0.7592592592592593,0.692894306448464,4,31.171681000036187,54,0.7109557483126474,0.7181648355934909,0.03749930903898342,5.659508816570545,1.3154916342951153,10.181367913371146,3.1236275574136783,29.998137921475305,5.340423669867501,0.6552620340411035,0.12578312597501426,0.4,0.36363636363636365,0.380952380952381
planarization,mRMR,2,13,0.7592592592592593,0.692894306448464,4,30.208186500007287,54,0.7114009306553968,0.7108690790233827,0.04406512536478913,5.816131364813671,1.4825460467267393,10.459132742411734,3.213585081462933,30.632981263307887,5.790728174529697,0.6361543718003297,0.1257291106994284,0.4,0.36363636363636365,0.380952380952381
planarization,mRMR,3,13,0.7592592592592593,0.692894306448464,4,31.399609700019937,54,0.7058879169820302,0.7175524850914954,0.037860683949100644,5.657223331599997,1.2322930156715848,10.151209732319982,2.908157841544227,29.77829492288381,5.148255408321196,0.6532770173545633,0.12374059176291745,0.4,0.36363636363636365,0.380952380952381
planarization,mRMR,4,13,0.7592592592592593,0.692894306448464,4,30.903772599995136,54,0.7168129648061081,0.7144201630228918,0.0413464945722793,5.718881674366241,1.2761456817333252,10.21588489568934,2.9504163619453205,30.559296848937013,5.6590963879483445,0.649181125220398,0.12458473154477838,0.4,0.36363636363636365,0.380952380952381
planarization,mRMR,5,13,0.7592592592592593,0.692894306448464,4,30.418705500022043,54,0.7083778453691745,0.711901143993145,0.04480788523070375,5.795441666758502,1.4843737131995633,10.406248614234348,3.2838642744207465,30.58980840235986,6.07129358101443,0.6382865128738351,0.1377414136226784,0.4,0.36363636363636365,0.380952380952381
planarization,mRMR,6,13,0.7592592592592593,0.692894306448464,4,31.01220860000467,54,0.7083702942623937,0.712328293019615,0.04148383736163587,5.773382370782485,1.3388893796506223,10.234994387401722,3.1170986594356225,30.522045103966985,5.273086462961274,0.6508027278102746,0.1293296425350849,0.4,0.36363636363636365,0.380952380952381
planarization,mRMR,7,13,0.7592592592592593,0.692894306448464,4,31.06343929999275,54,0.7094183520790913,0.7127627706654892,0.039564244277015825,5.773269894466555,1.3784594731338706,10.335179355997267,3.2489043642941478,30.518411302947268,5.305641923312259,0.6457809055071254,0.1318595780478076,0.4,0.36363636363636365,0.380952380952381
planarization,mRMR,8,13,0.7592592592592593,0.692894306448464,4,31.76145729998825,54,0.7090587094386676,0.7168722679317514,0.038437340259925436,5.680997218265889,1.3184812099927672,10.117803216409085,3.166203425532767,30.357261979775558,5.638120017671787,0.6586544238334956,0.12948368062450577,0.4,0.36363636363636365,0.380952380952381
planarization,mRMR,9,13,0.7592592592592593,0.692894306448464,4,30.390308000030927,54,0.7091846710600043,0.7203093883395505,0.04146799153532941,5.617105369976974,1.3395174745947154,10.272982298738986,3.284693270019655,29.841255499261845,5.529080572462818,0.6480104276395465,0.13289309339194946,0.4,0.36363636363636365,0.380952380952381
planarization,MI,0,16,0.7037037037037037,0.6299564146539965,16,32.32946430001175,54,0.7164766946228709,0.7231403664487916,0.038457768964041225,5.5367197993301165,1.153972565450084,9.958903508178603,2.9536698842641136,28.77554423065514,4.352489203053786,0.6620861040293425,0.13723960376376756,0.7142857142857143,0.45454545454545453,0.5555555555555556
planarization,MI,1,16,0.7037037037037037,0.6299564146539965,16,32.06107420002809,54,0.7194899034361064,0.7285211788401952,0.03692480392910228,5.423383258595228,1.1009620965609295,9.802501628907711,2.993622081927395,28.358096106981797,3.835712901925452,0.6756277845203708,0.1274747193776944,0.7142857142857143,0.45454545454545453,0.5555555555555556
planarization,MI,2,16,0.7037037037037037,0.6299564146539965,16,33.01660899998387,54,0.7159183855906661,0.7171407388112898,0.042411900057084104,5.654716788892602,1.254809794213954,10.16651053456487,2.971099087429289,29.513556029404334,4.810231430338435,0.6454953571345631,0.14435239144226897,0.7142857142857143,0.45454545454545453,0.5555555555555556
planarization,MI,3,17,0.6851851851851851,0.6266363495032755,16,31.68807500001276,54,0.7117085417851415,0.7193037839935452,0.03979310340980832,5.622597657199065,1.2341969604477272,10.064120970652848,2.916553034262804,29.270045440904106,4.7510658614019015,0.6585113200059667,0.12041440696944623,0.625,0.45454545454545453,0.5263157894736842
planarization,MI,4,16,0.7037037037037037,0.6299564146539965,16,32.814472700003535,54,0.7245381438690551,0.7164747850249398,0.039896539463497895,5.668855762894408,1.1899970744638066,10.071321925993812,2.78537476696281,29.721502438536557,5.104344214919306,0.6537960543362543,0.13317569634311582,0.7142857142857143,0.45454545454545453,0.5555555555555556
planarization,MI,5,16,0.7037037037037037,0.6299564146539965,16,30.640339400037192,54,0.716910415319661,0.7242584093006924,0.03969709381311804,5.515912840410246,1.1845995940137892,9.915363276801092,2.900950302368075,29.06282664670062,4.938864550192423,0.6646734510573251,0.13277078654381622,0.7142857142857143,0.45454545454545453,0.5555555555555556
planarization,MI,6,17,0.6851851851851851,0.6266363495032755,16,32.86332310002763,54,0.7149062648022628,0.7234948126944344,0.04235396037776002,5.52796954839599,1.1903141426021153,9.973566291167748,2.9871887394304504,28.96191923102813,4.436357840676627,0.6600195441017124,0.1389876597853422,0.625,0.45454545454545453,0.5263157894736842
planarization,MI,7,16,0.7037037037037037,0.6299564146539965,16,31.539523800020106,54,0.7189330449436673,0.720965398609017,0.042172636757096954,5.587617773411956,1.2676948583958592,10.046127384941851,3.0730562639365195,29.399986659928743,4.767036468883608,0.6561147751227759,0.14244564838104457,0.7142857142857143,0.45454545454545453,0.5555555555555556
planarization,MI,8,16,0.7037037037037037,0.6299564146539965,16,32.622796199982986,54,0.7142179330667178,0.7274684167237911,0.04299546754768656,5.466980412111017,1.3178776351990324,9.844006543413093,3.0684352933499643,28.71803648807763,4.729725918349976,0.6709299259388816,0.13375964458304546,0.7142857142857143,0.45454545454545453,0.5555555555555556
planarization,MI,9,16,0.7037037037037037,0.6299564146539965,16,31.767286100017373,54,0.7155906165958166,0.7234935961925958,0.040538539806260994,5.526193674057674,1.1667411392066125,10.044851284384935,3.086060035018615,28.767469563803008,4.405902736649858,0.6564368154995397,0.14041383563902562,0.7142857142857143,0.45454545454545453,0.5555555555555556
planarization,DDA,0,12,0.7777777777777778,0.7410611416021036,5,19.914878999989014,55,0.723962442774912,0.7271306577457092,0.041257223144410424,5.481810527616347,1.3603173089781804,10.052524576523016,3.1498888012787147,28.21748009346272,5.2060376054717015,0.6622348342774816,0.13141227338354347,0.75,0.5454545454545454,0.631578947368421
planarization,DDA,1,10,0.8148148148148149,0.7677251794134355,4,18.948906800011173,55,0.7279788753895923,0.7310680811942241,0.03854481624156686,5.37205203967307,1.1164772344931393,9.80589661386383,2.9303066206862693,27.690901917389176,4.193625433122216,0.6759281896123379,0.12354441539633024,1.0,0.5454545454545454,0.7058823529411764
planarization,DDA,2,12,0.7777777777777778,0.7392098276172109,6,20.433299399970565,55,0.7238206116288919,0.7244523261881869,0.03989626860254529,5.52595569484209,1.3226910013804511,10.012842116569853,3.1030202216365237,28.83761269733013,5.052488375782258,0.6632049831855392,0.12896264733920504,0.8571428571428571,0.5454545454545454,0.6666666666666665
planarization,DDA,3,10,0.8148148148148149,0.7656195261625267,2,18.559075099998154,55,0.7260014465143707,0.7240503583706268,0.03793792682180013,5.522259213815369,1.187842582711205,9.94339822767559,2.9305235364921596,28.702367101317307,4.226772778954469,0.666209849224073,0.12725829816143852,0.75,0.5454545454545454,0.631578947368421
planarization,DDA,4,12,0.7777777777777778,0.7426519445455504,6,19.78651850001188,55,0.7295030474745761,0.7203626477241,0.03922138430946972,5.6019133879664675,1.246354436380507,10.037662690970402,2.9673598735461217,29.23198215649266,5.184029372862783,0.6573009268429291,0.13342110790355252,1.0,0.6363636363636364,0.7777777777777778
planarization,DDA,5,15,0.7222222222222222,0.6575975439730587,9,21.575951599981636,55,0.7230115839250683,0.7233846007084288,0.04325257499624633,5.5575498251664515,1.40232241723479,10.12402046426133,3.191471590586744,28.967276977049934,5.5618137344530485,0.6548994830129105,0.13435428985923367,0.7777777777777778,0.6363636363636364,0.7000000000000001
planarization,DDA,6,12,0.7777777777777778,0.6572245888829866,9,20.920041899953503,55,0.7238154274734699,0.7299576949258437,0.041742797224242185,5.411409380654794,1.2444724730002839,9.757719317702772,3.1667032336216296,28.09875647034386,4.220868532053533,0.6783915298519427,0.13377556026381804,1.0,0.5454545454545454,0.7058823529411764
planarization,DDA,7,10,0.8148148148148149,0.7764823563354011,5,19.24536940001417,55,0.7269146548982288,0.7317105999856873,0.04175262448977262,5.387997737969449,1.3342154370533836,9.779326234402424,3.276801744867212,28.208125849832562,4.482971750669299,0.6806795871168787,0.1292631174393866,1.0,0.5454545454545454,0.7058823529411764
planarization,DDA,8,11,0.7962962962962963,0.7265149311726526,3,18.704091800027527,55,0.7255170045685978,0.7321482355301491,0.04944794512657597,5.388107082870273,1.5026315778680288,9.768400418851176,3.307786147590144,27.86829396475657,5.600980187722795,0.6807315709832212,0.13255562325271922,0.875,0.6363636363636364,0.7368421052631579
planarization,DDA,9,11,0.7962962962962963,0.7642496841787433,4,18.330396600009408,55,0.7257265392502944,0.7297469912206773,0.04163285900590986,5.418831270752538,1.285097498442284,10.025615561373078,3.247814498379462,28.131566408682126,4.941850290199238,0.6635296358601187,0.13163324842447224,0.8571428571428571,0.5454545454545454,0.6666666666666665
planarization,PFI-SBS,0,11,0.7962962962962963,0.7297370434074714,7,39.241935900005046,54,0.7212984566079779,0.7354223733981581,0.039739224567600234,5.308662907613319,1.2336748933599893,9.663020703885547,3.1981827472041533,27.221070547441446,3.840432055177913,0.6864366019992094,0.1354496631690891,0.8333333333333334,0.45454545454545453,0.5882352941176471
planarization,PFI-SBS,1,11,0.7962962962962963,0.7297370434074714,7,38.251089000026695,54,0.7275615207187529,0.737576264793618,0.03968756809192024,5.255670613884934,1.1975077818690512,9.543881899744227,3.1359498911538357,27.127179127412855,3.620695174904238,0.6927688676934626,0.13274699858321,0.8333333333333334,0.45454545454545453,0.5882352941176471
planarization,PFI-SBS,2,10,0.8148148148148149,0.6519936849744982,6,40.44339819997549,54,0.7231123848168789,0.7290409439544967,0.04461728192816299,5.448625657705202,1.4207451624196572,9.82635863234111,3.2679136421925223,28.103677942396374,4.710293155529766,0.6769355840666196,0.1333295304970622,0.8333333333333334,0.45454545454545453,0.5882352941176471
planarization,PFI-SBS,3,10,0.8148148148148149,0.6519936849744981,6,38.60081289999653,54,0.721749868887257,0.7343864091193215,0.037643884620372055,5.326292207258212,1.2189375569001029,9.611510549731515,3.0455797400354854,27.66973581048121,4.114276531630146,0.6892001613529399,0.12900032388480306,0.8333333333333334,0.45454545454545453,0.5882352941176471
planarization,PFI-SBS,4,13,0.7592592592592593,0.7375502795084032,7,38.1975523000001,54,0.7289721931197171,0.7247505068517186,0.03801119476978322,5.507255549927292,1.1617836507886856,9.8249793118769,2.924405374164238,28.763208207119465,4.093544953237356,0.6729539803566704,0.13053563904735888,0.75,0.5454545454545454,0.631578947368421
planarization,PFI-SBS,5,9,0.8333333333333334,0.6603660743645268,6,39.1065730000264,54,0.7237803872728541,0.7341581918258473,0.04357877448998062,5.335295310274506,1.3007225682933554,9.564999088286989,3.241780654084536,27.644732324459692,4.494854568335857,0.6897392854471324,0.1408219950673399,0.8,0.36363636363636365,0.5000000000000001
planarization,PFI-SBS,6,12,0.7777777777777778,0.6436790352188894,10,40.40967289998662,54,0.719203391159471,0.7367881680132516,0.044100061061789694,5.27605910785583,1.2621025982072773,9.53293436911709,3.2831295383728483,27.384664063916887,4.139815044188277,0.6942736163211898,0.1357334079995673,0.8333333333333334,0.45454545454545453,0.5882352941176471
planarization,PFI-SBS,7,9,0.8333333333333334,0.6681648983904556,6,37.976741200021934,54,0.7265752747782577,0.7332510452890341,0.04140069552798291,5.357621837589386,1.328968315033061,9.670812876029071,3.2023331825369126,27.61698535151897,4.332525596267408,0.6847758813977942,0.13502093151431785,1.0,0.45454545454545453,0.625
planarization,PFI-SBS,8,11,0.7962962962962963,0.7297370434074714,7,37.462736600020435,54,0.7244949418726919,0.7368379524672045,0.04194250800102717,5.289690621671942,1.3141125171936487,9.534627862254034,3.2953445530864713,27.600086120791804,4.316941976070527,0.6951128837001869,0.1370592354747435,0.8333333333333334,0.45454545454545453,0.5882352941176471
planarization,PFI-SBS,9,10,0.8148148148148149,0.7404213882272618,7,37.68103550001979,54,0.7214014112736424,0.7358169797739997,0.03874863424941455,5.304717255464536,1.2560322537638504,9.775793954565195,3.293753676824273,27.325926965022195,4.1931041855308635,0.6793681760025959,0.14081741695992941,0.8,0.36363636363636365,0.5000000000000001
planarization,BPSO,0,7,0.8703703703703703,0.646804263060643,0,6031.668550200004,16081,0.7315762196027649,0.7407503305582362,0.04440262636561114,5.234023059464652,1.478502799400214,9.698760707518188,3.31355501451466,26.490762666881615,5.8456614066037575,0.6893555525889407,0.12114184873687177,0.7142857142857143,0.45454545454545453,0.5555555555555556
planarization,BPSO,1,6,0.8888888888888888,0.641826153299276,0,6036.644920399995,16080,0.719284302657601,0.72572164514631,0.04062421054062931,5.487711580106594,1.1888921501851375,9.855417306381574,3.1062622624501466,28.35095670871694,4.244372922630635,0.678309116809371,0.11814600760794297,0.6666666666666666,0.36363636363636365,0.4705882352941177
planarization,BPSO,2,8,0.8518518518518519,0.6228795621333079,0,6107.963314099994,16081,0.7231226818881055,0.7278194831348911,0.049688842018114826,5.5000620483676155,1.6457645797281082,9.990629627499866,3.509638157039456,28.490422663832064,6.245843377461027,0.6691272690118698,0.14236609777711354,0.625,0.45454545454545453,0.5263157894736842
planarization,BPSO,3,7,0.8703703703703703,0.6217657335477483,0,6077.098114699998,16081,0.7262837768018038,0.7322235176341289,0.041653093030856646,5.387531703063614,1.367309466034896,9.674841743159204,3.175872431426832,27.814940663408038,4.645224095324013,0.6908464348005317,0.11420311878006252,0.5714285714285714,0.36363636363636365,0.4444444444444444
planarization,BPSO,4,7,0.8703703703703703,0.6318206436199917,0,6071.8512227999745,16080,0.7241347567926246,0.7198016218538871,0.041802101419217315,5.625211487195846,1.3465219302869251,10.00997196889624,3.072147730944301,29.574970010992548,5.664502368443116,0.6638508027037598,0.13199632303552325,0.5714285714285714,0.36363636363636365,0.4444444444444444
planarization,BPSO,5,6,0.8888888888888888,0.6467907248302632,0,5957.80806000001,16081,0.717545101496372,0.7300720627079899,0.042375647446799336,5.40709211545229,1.2394244171468014,9.699917176586842,3.198617867146422,28.081689336322842,4.624237763114753,0.6872033497665587,0.126748323065165,0.6666666666666666,0.36363636363636365,0.4705882352941177
planarization,BPSO,6,7,0.8703703703703703,0.6505923199848078,0,5760.879826899967,16081,0.7249668606999453,0.7367129326187474,0.04154893885295745,5.287000942461486,1.2929327478414954,9.518896478318165,3.097211683343251,26.95244682173997,4.649510396479475,0.6981422507465546,0.12010793891840363,0.8571428571428571,0.5454545454545454,0.6666666666666665
planarization,BPSO,7,7,0.8703703703703703,0.5526552857010962,0,5709.813387700007,16081,0.7093304141226676,0.7115679304412694,0.04541012167185036,5.806325205879417,1.5302161827608822,10.160006444280873,3.313824169482608,31.247908935462767,5.538159295941883,0.6569026737510918,0.13214788295743865,0.5714285714285714,0.36363636363636365,0.4444444444444444
planarization,BPSO,8,6,0.8888888888888888,0.6438476098060716,0,5701.7389153999975,16080,0.7117480227649375,0.7304403982759937,0.03948425580583915,5.405653803287319,1.218486506035659,9.56744424735801,3.102313619584057,28.301891405038283,4.466412219888421,0.6962773459648134,0.11678504930148235,0.8333333333333334,0.45454545454545453,0.5882352941176471
planarization,BPSO,9,5,0.9074074074074074,0.7031053553706066,0,5654.9980048,16081,0.716957524500426,0.7382222879624851,0.04163697547166566,5.228021943231178,1.1292907289547527,9.625467533001414,3.3090581692516943,26.819186833809887,4.118478044917228,0.6862923697998873,0.1441650757603324,1.0,0.45454545454545453,0.625
planarization,BGWO,0,5,0.9074074074074074,0.7488501405911452,0,468.48340389999794,1520,0.7313773786100508,0.7415343421611035,0.04520001573332613,5.22025208793159,1.4951418006341242,9.695543636307708,3.337942231531721,26.307382388198693,5.96424990580599,0.6901086465831212,0.12067873886719108,1.0,0.45454545454545453,0.625
planarization,BGWO,1,5,0.9074074074074074,0.7488501405911452,0,492.7533585000201,1582,0.7338940497298967,0.7402027917246078,0.0430067748242221,5.228528505978363,1.3850847437004754,9.659792669169791,3.3268025980694027,26.57707546131183,5.075438100487315,0.6912242611059471,0.12339805596411832,1.0,0.45454545454545453,0.625
planarization,BGWO,2,5,0.9074074074074074,0.7488501405911452,0,488.5064169000252,1529,0.7281954776194983,0.7351506074461229,0.04932032173233427,5.346908406910616,1.582326889068898,9.86034137079086,3.6346422437836634,27.22946932748872,5.869319336702216,0.6769079816384532,0.14254194963583378,1.0,0.45454545454545453,0.625
planarization,BGWO,3,5,0.9074074074074074,0.7488501405911452,0,462.15750570001546,1493,0.7340243985024306,0.7346973873828582,0.0400563152671085,5.336064422087174,1.3382216454847757,9.701223657779902,3.1383054056761917,27.191086681075593,4.819812045213123,0.6888507886945086,0.11561188848777285,1.0,0.45454545454545453,0.625
planarization,BGWO,4,4,0.9259259259259259,0.7710498308218906,0,533.1645601000055,1693,0.7253385119758049,0.7320794624636204,0.04117343331377927,5.360045461034442,1.175421538390908,9.568684512228744,3.05921270979174,27.548543482720728,4.34366435918744,0.6931589830032702,0.12506628582086102,1.0,0.36363636363636365,0.5333333333333333
planarization,BGWO,5,4,0.9259259259259259,0.7710498308218906,0,508.53893330000574,1621,0.7222565851421759,0.737120521712536,0.04223414937741208,5.256570947893652,1.1691989232151776,9.510230190693695,3.2547949125323377,27.20409937824311,4.1823149076361466,0.695923777575679,0.13363881237585093,1.0,0.36363636363636365,0.5333333333333333
planarization,BGWO,6,5,0.9074074074074074,0.7488501405911452,0,482.6654364000424,1563,0.7264433367648874,0.7405373815892735,0.04173223873234816,5.222270797974381,1.3489408539255232,9.466741043077567,3.1656870328121127,26.505501405905534,4.8076404351334,0.7035978750403572,0.11723785633582914,1.0,0.45454545454545453,0.625
planarization,BGWO,7,4,0.9259259259259259,0.7710498308218906,0,460.09049329999834,1497,0.724209224862136,0.7345593985883353,0.0406165173741572,5.3035990501643955,1.1362676445972684,9.502744298596095,3.0925057698072798,27.377293376382685,4.18473638300399,0.6968112282167179,0.12922259504968683,1.0,0.36363636363636365,0.5333333333333333
planarization,BGWO,8,4,0.9259259259259259,0.7710498308218906,0,467.2117672000313,1520,0.7223367372074883,0.7404143849538,0.038349920991433306,5.1993973991567906,1.1505955987072471,9.356296490548907,3.169444486110372,27.131587124305263,3.983172887905387,0.7072098086010418,0.12652499830682518,1.0,0.36363636363636365,0.5333333333333333
planarization,BGWO,9,5,0.9074074074074074,0.7488501405911452,0,462.9868195000454,1526,0.7284482705000803,0.7430807715843762,0.04300430182414061,5.176445015125106,1.400141236346648,9.804080945648042,3.5222144813807144,26.27967361487839,5.2351327133728685,0.6796961195859008,0.14212247478079898,1.0,0.45454545454545453,0.625
planarization,NSGA2,0,2,0.962962962962963,0.7878281143489808,0,1524.5865824999637,5020,0.6748237452636494,0.6884539202743157,0.04122663779104152,6.2295182009793555,1.276043504623224,10.576772115135999,2.9310591916674125,34.329784412404,5.431676286088258,0.6237911584677494,0.1317052531473577,1.0,0.18181818181818182,0.3076923076923077
planarization,NSGA2,1,2,0.962962962962963,0.7878281143489808,0,1683.594084100041,5508,0.6751748628161878,0.6895645582310744,0.04219214290165608,6.190916519762358,1.1726089327345013,10.537670085797908,2.9022544799637613,34.199117994459165,4.822611213195063,0.6254002857467603,0.1342646291408896,1.0,0.18181818181818182,0.3076923076923077
planarization,NSGA2,2,2,0.962962962962963,0.7878281143489808,0,1711.845077200036,5552,0.6700620204039714,0.685740898068772,0.042125259453621534,6.271085232741383,1.2295407537844758,10.633865608458413,2.954681695928592,34.418426368831845,5.325789045418269,0.6160847602124296,0.14887783708704697,1.0,0.18181818181818182,0.3076923076923077
planarization,NSGA2,3,2,0.962962962962963,0.7878281143489808,0,1545.0576984999934,5023,0.6784694062512936,0.6849352616472082,0.0418342120222218,6.298662422296539,1.3065850022854963,10.646960171466718,2.8708906860820513,34.57496647682037,5.7078246789705425,0.6179629959167888,0.13295551011839768,1.0,0.18181818181818182,0.3076923076923077
planarization,NSGA2,4,2,0.962962962962963,0.7878281143489808,0,1806.6010205000057,5894,0.6785421393396005,0.6862979915734034,0.04106985077036198,6.256159626354869,1.1708506966301138,10.563395183925458,2.785463715338923,34.5703760076987,5.1617876026531695,0.6200927874880523,0.14235497082143253,1.0,0.18181818181818182,0.3076923076923077
planarization,NSGA2,5,2,0.962962962962963,0.7878281143489808,0,1542.446577500028,5087,0.6753515861303666,0.6887786846353443,0.04078219477986183,6.216109711544474,1.2448815841396383,10.578770779899822,2.9581617569508483,34.283019838156385,5.388429515367952,0.6238478932989308,0.13468151327771063,1.0,0.18181818181818182,0.3076923076923077
planarization,NSGA2,6,2,0.962962962962963,0.7878281143489808,0,1477.1610529999598,4810,0.67181342239341,0.6922621046664116,0.03801454002308932,6.155266132341231,1.2533655999011413,10.297571183813973,2.878033238165986,33.95913828820722,5.173325519511565,0.6431864571953881,0.13142160989796628,1.0,0.18181818181818182,0.3076923076923077
planarization,NSGA2,7,2,0.962962962962963,0.7878281143489808,0,1547.7565411000396,5124,0.6752913073967084,0.6876395710554177,0.037688426513341554,6.235015321652788,1.1846116007125853,10.531899038436155,2.8393320082026072,34.3675168163228,5.032861755312949,0.6242235042579789,0.1387217432178251,1.0,0.18181818181818182,0.3076923076923077
planarization,NSGA2,8,2,0.962962962962963,0.7878281143489808,0,1476.2568286999594,4856,0.6758334266649302,0.6910959477496316,0.03856207000365912,6.181036452579394,1.267052251113919,10.430874261048585,2.972712322060506,34.16385121936353,5.090614579611748,0.6357962522912328,0.13091682599217583,1.0,0.18181818181818182,0.3076923076923077
planarization,NSGA2,9,2,0.962962962962963,0.7878281143489808,0,1624.3805487999925,5605,0.6717249179565347,0.6880918458922355,0.04011942180946083,6.232308626986802,1.2537966376124876,10.740155021850732,3.0093894599814583,34.10608525100949,5.524113298383982,0.6104826448855826,0.14502126009813973,1.0,0.18181818181818182,0.3076923076923077
planarization,Boruta,0,15,0.7222222222222222,0.6116835131796055,16,19.632142500020564,2,0.7012663013185257,0.7178050133738255,0.04030915989943458,5.625972075828292,1.087733382729153,10.072551850473046,2.9113336289162683,29.434076419688306,4.501792038714502,0.6527849793983617,0.1374112125242474,0.8333333333333334,0.45454545454545453,0.5882352941176471
planarization,Boruta,1,17,0.6851851851851851,0.6011116256752416,16,20.140471399994567,2,0.6966228693758321,0.7147682826573426,0.04156523548444973,5.681408544715913,1.0718015874431992,10.075669058467978,2.8404410814404843,30.102288077040075,4.6011569353000485,0.6537874806668814,0.13190279296943258,0.75,0.5454545454545454,0.631578947368421
planarization,Boruta,2,16,0.7037037037037037,0.6071327535079886,16,9.869087099970784,2,0.7015235871278582,0.7107075089204841,0.045224363009423466,5.765030049272627,1.162872310466181,10.208275108992746,2.907999811435911,30.348989644406434,4.671397292293879,0.6394002015475299,0.15030145517242421,0.8571428571428571,0.5454545454545454,0.6666666666666665
planarization,Boruta,3,18,0.6666666666666667,0.5959881565745391,16,13.939482800022233,2,0.6955124797020444,0.7116374805081659,0.044436469337895905,5.757101415723747,1.1933406373079194,10.24762759757096,2.8943984197624752,30.403721171723067,4.953403179648753,0.6419980346243298,0.13245415646160355,0.7777777777777778,0.6363636363636364,0.7000000000000001
planarization,Boruta,4,16,0.7037037037037037,0.6212566955295401,16,7.85238409996964,2,0.7084424838912005,0.7109416764092398,0.04398482133707842,5.759594921354375,1.119081797321504,10.099031450854703,2.8307601543277405,30.575036633443837,5.280046054359682,0.6492856495791659,0.14007492115181444,0.7142857142857143,0.45454545454545453,0.5555555555555556
planarization,Boruta,5,15,0.7222222222222222,0.6116835131796055,16,19.756879099993967,2,0.7066507432731391,0.7192129692624997,0.04177726658033249,5.6003920196591235,1.120261968632354,10.066999202267477,2.9698703808760647,29.650069081640662,5.251349811779963,0.6530224491921917,0.1412211346528358,0.8333333333333334,0.45454545454545453,0.5882352941176471
planarization,Boruta,6,15,0.7222222222222222,0.6088146322361175,16,18.33154609997291,2,0.7046654646108502,0.7187228866202445,0.047367735597206806,5.6144262295634375,1.2172177117590244,10.08136287856851,2.9702152105650454,29.400148160841567,4.827138837876544,0.6531325766876755,0.13719914548407558,1.0,0.5454545454545454,0.7058823529411764
planarization,Boruta,7,15,0.7222222222222222,0.609265610678653,16,18.185540400038008,2,0.706525514752504,0.7161326454193626,0.044651970443983925,5.662490065606144,1.1702697641331743,10.091800358729904,3.054282991759379,29.953886631423977,4.270706626331256,0.6539641047036753,0.13278975946050225,1.0,0.5454545454545454,0.7058823529411764
planarization,Boruta,8,16,0.7037037037037037,0.6055494263516286,16,20.27800250001019,2,0.6966157361084127,0.7172292574481444,0.043788025157840894,5.64578977975983,1.1686736818662067,10.054916980481085,2.9418058439216366,29.945647061579486,4.890387134886837,0.6529237766839361,0.14241240501728875,0.7142857142857143,0.45454545454545453,0.5555555555555556
planarization,Boruta,9,15,0.7222222222222222,0.6088146322361175,16,20.02340850001201,2,0.7026995364109556,0.7164904877085857,0.04381200113950567,5.650871192513942,1.1310934641784174,10.169799561241176,3.034258629368436,29.577787318418036,4.598656505409194,0.6453171785044619,0.14303013368582554,1.0,0.5454545454545454,0.7058823529411764
planarization,LASSO,0,31,0.42592592592592593,0.4463818619128046,4,0.863623799989,2,0.6814923013242526,0.6905977896276253,0.04695657735182285,6.203161015350353,1.4115485278787292,10.831654465318895,3.2052656048688175,33.83990703791202,6.500286872695768,0.6120001623331116,0.12903134960820106,0.32142857142857145,0.8181818181818182,0.46153846153846156
planarization,LASSO,1,31,0.42592592592592593,0.4463818619128046,4,1.0550838999915868,2,0.6879183593906486,0.689853807603116,0.046756092571994784,6.214713470580461,1.384587474575367,10.84477755309901,3.258055466963155,34.080324322581355,6.174668829262471,0.6119045055943655,0.1364651488469915,0.32142857142857145,0.8181818181818182,0.46153846153846156
planarization,LASSO,2,31,0.42592592592592593,0.4463818619128046,4,1.0847432000446133,2,0.6794954043040808,0.6915611213827572,0.04952415347722902,6.193272728511029,1.4958256331238593,10.735396712360517,3.0791881696810557,33.93924036882155,6.6526588832205045,0.6207503481519974,0.11735178205888998,0.32142857142857145,0.8181818181818182,0.46153846153846156
planarization,LASSO,3,31,0.42592592592592593,0.4463818619128046,4,0.9332475000410341,2,0.684790261252102,0.6882809146511517,0.04198086931927854,6.24283014031821,1.32207649633201,10.85527815452343,2.959358372329221,34.272877087659985,5.714012853638987,0.6088208738582952,0.12353425967586044,0.32142857142857145,0.8181818181818182,0.46153846153846156
planarization,LASSO,4,31,0.42592592592592593,0.4463818619128046,4,0.8530194000340998,2,0.6839846616200284,0.6975993396619633,0.04336387487361973,6.05800810899223,1.311335280133749,10.649210219204756,3.0259437508913916,33.154376917479524,5.847665111852621,0.6251168585934062,0.1223073519442325,0.32142857142857145,0.8181818181818182,0.46153846153846156
planarization,LASSO,5,31,0.42592592592592593,0.4463818619128046,4,1.0643539000302553,2,0.6850917254043447,0.6887084267051854,0.045057613363588954,6.243980064121726,1.4142364265031007,10.940959486459256,3.1037255838366216,34.34920651139321,6.4061137113992395,0.604944247313428,0.12086019729016292,0.32142857142857145,0.8181818181818182,0.46153846153846156
planarization,LASSO,6,31,0.42592592592592593,0.4463818619128046,4,1.0080336999963038,2,0.6901050024603854,0.6885822118231928,0.04966022968449319,6.2362030555349435,1.4141564075623576,10.861772783075546,3.1527255532982053,34.27140596784212,6.0486020512262675,0.6077388495138243,0.13590587460187292,0.32142857142857145,0.8181818181818182,0.46153846153846156
planarization,LASSO,7,31,0.42592592592592593,0.4463818619128046,4,0.8441563000087626,2,0.6866164921291202,0.6853154824386618,0.0496257320096411,6.303184900465266,1.4185992524680717,10.843871067935734,3.1777644211394542,34.87631549625485,6.102068509471369,0.6132282196875253,0.12214276821810732,0.32142857142857145,0.8181818181818182,0.46153846153846156
planarization,LASSO,8,31,0.42592592592592593,0.4463818619128046,4,0.8625962000223808,2,0.6877568596995658,0.6880163983023055,0.046784571581660536,6.270050630327245,1.510444120744947,10.933123140711777,3.1664943393891263,33.839514199216815,6.431593475875052,0.6090222053021765,0.11442033761043281,0.32142857142857145,0.8181818181818182,0.46153846153846156
planarization,LASSO,9,31,0.42592592592592593,0.4463818619128046,4,0.8525388999842107,2,0.6851028576453552,0.6913345427594355,0.04682172061784523,6.177901172354305,1.341820157096291,10.784857587516294,3.1329653748538147,33.75345454521718,5.764850369095852,0.6128988434457646,0.13268597837571644,0.32142857142857145,0.8181818181818182,0.46153846153846156
planarization,RFE,0,8,0.8518518518518519,0.6926897364447233,4,114.32115959998919,54,0.7200284065489513,0.7362160088003994,0.0388384177147204,5.291701980951533,1.212862378953644,9.66948175922069,3.2064979419081023,27.12856484876505,3.6551804133309975,0.6863483603439126,0.13452303538726249,0.8,0.36363636363636365,0.5000000000000001
planarization,RFE,1,11,0.7962962962962963,0.7429379327776663,7,111.97184700000798,54,0.7274699175690538,0.7354088596864249,0.036669238691083086,5.28949904303977,1.104648387674492,9.586606093378338,3.034291969041923,27.36079550433337,3.366213539578993,0.6904015320191313,0.1295098100711719,0.8333333333333334,0.45454545454545453,0.5882352941176471
planarization,RFE,2,10,0.8148148148148149,0.6668456272299599,6,114.11882099998184,54,0.7220996039155836,0.7272694094506184,0.04065734879450044,5.46332444911256,1.2761990088797868,9.817956998505586,2.985417294711233,28.46321325291881,4.5084097379991634,0.6743892535554968,0.12707707074388727,0.8333333333333334,0.45454545454545453,0.5882352941176471
planarization,RFE,3,9,0.8333333333333334,0.6603660743645267,6,115.29474839998875,54,0.7198822019507489,0.7326504526441706,0.036723928638726505,5.360636007926687,1.2112900280784895,9.66052155444552,3.062699069595847,27.702136545062466,3.998918425163816,0.6871828602905777,0.126705126241141,0.8,0.36363636363636365,0.5000000000000001
planarization,RFE,4,12,0.7777777777777778,0.7287869572276995,8,116.1942467999761,54,0.7264396391677593,0.7238642924974096,0.038015558642380556,5.523321617831976,1.1616279495747575,9.875136836096756,2.8285469139119375,28.93706685072434,4.455589735861447,0.6701177492674792,0.12553099985724392,0.8333333333333334,0.45454545454545453,0.5882352941176471
planarization,RFE,5,10,0.8148148148148149,0.6668456272299601,6,116.16728529997636,54,0.7210504671155709,0.7301517779349158,0.03917947116509947,5.410743622378411,1.241643842301567,9.770568486841624,2.9298961084390274,28.243835961574437,4.638599329487315,0.6754490087751936,0.13374958601013395,0.8333333333333334,0.45454545454545453,0.5882352941176471
planarization,RFE,6,9,0.8333333333333334,0.6603660743645267,6,114.37558569997782,54,0.7166584615578084,0.7337940826123651,0.041982506723025254,5.339780667084964,1.2574655908217849,9.645228380003637,3.18700492320072,27.454635113760574,3.8004686431590153,0.687872927475614,0.13260529098186155,0.8,0.36363636363636365,0.5000000000000001
planarization,RFE,7,9,0.8333333333333334,0.6603660743645267,6,114.75022720004199,54,0.7261857631721759,0.732676628540547,0.040795626775706834,5.371489989081905,1.3252679049349718,9.682643877813351,3.21287191524355,27.821502358742055,4.301009622420772,0.6860620320378403,0.13250400554437564,0.8,0.36363636363636365,0.5000000000000001
planarization,RFE,8,11,0.7962962962962963,0.7429379327776664,7,114.97086770000169,54,0.720207402375417,0.7348255415658065,0.040863546768141135,5.321657528090628,1.2768686144426051,9.638921764127922,3.1282320791157194,27.81248366957233,4.12388890889845,0.6864210256390121,0.13467521555582815,0.8333333333333334,0.45454545454545453,0.5882352941176471
planarization,RFE,9,10,0.8148148148148149,0.7404213882272617,7,115.4099908999633,54,0.7214014112736424,0.7345465444841467,0.03798746452814831,5.325327521178337,1.222994276212101,9.789850804311593,3.286432074539646,27.406726689472993,3.9829086836215404,0.6778645251484572,0.14163123581298412,0.8,0.36363636363636365,0.5000000000000001
