process,method,seed,n_selected,PRF,CFS,n_high_corr_pairs,time_s,n_evals,val_MRA,MRA,MRA_std,MAE,MAE_std,RMSE,RMSE_std,MAPE,MAPE_std,R2,R2_std,rec_precision,rec_recall,rec_f1,split_mode
lithography,ALL,0,54,0.0,0.48199668582520333,18,0.9219835999974748,1,0.721813758331984,0.7085799768098985,0.057574521325641115,4.131938372130545,1.0124992128062917,6.963472451534053,1.9550909852565599,31.15787029352438,5.9664459960617,0.6048741148219604,0.16916253187457553,0.2558139534883721,1.0,0.40740740740740744,random
lithography,ALL,1,54,0.0,0.48199668582520333,18,0.9415224000113085,1,0.7169088805586301,0.7064184651467205,0.0542821724852048,4.158464065929803,0.9370842951212613,6.93078815303066,1.7447236115150886,31.591367753057067,6.4789317617702995,0.6120396533265332,0.13758983610195083,0.2558139534883721,1.0,0.40740740740740744,random
lithography,ALL,2,54,0.0,0.48199668582520333,18,1.0580129999871133,1,0.7236663129985302,0.7131519067537824,0.048146371961639275,4.0649363516090204,0.8820696554294726,6.779338773553559,1.8022389245271053,30.61776701662598,4.71350735802735,0.6284472610976405,0.1350853585803468,0.2558139534883721,1.0,0.40740740740740744,random
lithography,ALL,3,54,0.0,0.48199668582520333,18,0.949213800005964,1,0.7241511194054445,0.7117253744894688,0.05400306692050272,4.089836331545143,0.9568392444517877,6.866495638716672,1.8555754956556572,30.76107790147385,5.310598430627232,0.6183208062497089,0.14319111045578534,0.2558139534883721,1.0,0.40740740740740744,random
lithography,ALL,4,54,0.0,0.48199668582520333,18,0.9063080999912927,1,0.7203204527785905,0.7151554406366422,0.056325032012355426,4.036160593836404,0.9677089633762658,6.779018161236986,1.8910584358012819,30.177146248413788,6.312429237184297,0.6274184554640753,0.14528421372664826,0.2558139534883721,1.0,0.40740740740740744,random
lithography,FILTER,0,44,0.18518518518518523,0.3586040393350959,0,1.477192100006505,2,0.7150589504838787,0.7076032598892127,0.05543950733015614,4.154237200599711,1.015326545424733,6.907289267648549,1.9403044720338272,31.78666594771796,5.702718031543798,0.6120731887275433,0.163737467562681,0.2558139534883721,1.0,0.40740740740740744,random
lithography,FILTER,1,44,0.18518518518518523,0.3586040393350959,0,1.4864185999904294,2,0.7106134584350745,0.701689575625459,0.05201634160275968,4.227839692656823,0.92343704656053,7.050828092563958,1.849385922622022,32.334227127194296,6.603856326228676,0.5982595838103625,0.14876948116820313,0.2558139534883721,1.0,0.40740740740740744,random
lithography,FILTER,2,44,0.18518518518518523,0.3586040393350959,0,1.5383219999930589,2,0.7118416589015992,0.7137413067945613,0.05164292119717498,4.052434098280865,0.8966403709019519,6.7873395109153485,1.8721795078099703,31.11486877959088,5.651935529654816,0.6252751675121111,0.1473342941340694,0.2558139534883721,1.0,0.40740740740740744,random
lithography,FILTER,3,44,0.18518518518518523,0.3586040393350959,0,1.4833250999945449,2,0.720312945585422,0.7126578455056746,0.04163909821893486,4.069142300102658,0.7748428528662277,6.859522658281236,1.5758374008393368,30.75890130500162,4.5402859023450715,0.6173364889963272,0.13511046855586537,0.2558139534883721,1.0,0.40740740740740744,random
lithography,FILTER,4,44,0.18518518518518523,0.3586040393350959,0,1.4685657000081846,2,0.7138163461204263,0.7112546896491324,0.05342331367934846,4.095262810947219,0.9420458798929257,6.827142962157075,1.8677539910700613,31.183826028973076,5.985283633046589,0.6212104550681532,0.1520682829851402,0.2558139534883721,1.0,0.40740740740740744,random
lithography,TSFGA,0,8,0.8518518518518519,0.5225571858383712,0,3403.7775074999954,6290,0.7529002785425358,0.741763540803167,0.04201677606587459,3.6529661678181875,0.7392086076375289,6.343524743619263,1.687459387939982,26.54387327754964,4.001405362689473,0.6691133297000563,0.14274477019162532,0.375,0.2727272727272727,0.3157894736842105,random
lithography,TSFGA,1,7,0.8703703703703703,0.5752598083196256,0,5987.7943333,13350,0.7553831669207611,0.7481618211776296,0.04647701275448337,3.560959059786988,0.7740661640507456,6.1721738399006325,1.7050050339348404,25.23067559731165,4.361602391245652,0.6855599786989697,0.13280804173733146,0.5714285714285714,0.36363636363636365,0.4444444444444444,random
lithography,TSFGA,2,8,0.8518518518518519,0.5202741014478253,0,1697.7572799999907,4973,0.734145112152969,0.7309478462928751,0.046712060585945576,3.8136939225532065,0.8679120338950412,6.428787676926384,1.8300909679456177,28.1252296538061,4.094776148572423,0.6632060002833696,0.1399952750244758,0.5,0.36363636363636365,0.4210526315789474,random
lithography,TSFGA,3,9,0.8333333333333334,0.5298812260306138,0,2528.8734270999994,6918,0.7543367450943239,0.743134850065841,0.04874281026895058,3.611230380306333,0.6812947926189777,6.197227173515786,1.4714471353594905,26.318020815889255,5.392444228186524,0.6804093466197834,0.13644368805424326,0.4444444444444444,0.36363636363636365,0.39999999999999997,random
lithography,TSFGA,4,9,0.8333333333333334,0.519938549993426,0,3630.5867314999923,9248,0.7573600824408704,0.7520844115618904,0.051470871158730024,3.495810347514621,0.7651323101849271,6.144405136912243,1.7170465821527205,25.152252511401805,6.07203804384034,0.6849654955355623,0.15092650386398945,0.75,0.5454545454545454,0.631578947368421,random
lithography,mRMR,0,4,0.9259259259259259,0.7031982780601448,0,20.525586799994926,54,0.76587867668431,0.7559863643889065,0.03581681515717641,3.4786012800037627,0.8068575485492143,6.2168912906334475,1.5396485358224905,23.570146699076325,3.312528487264901,0.6842243223771497,0.1333410849795675,0.75,0.2727272727272727,0.39999999999999997,random
lithography,mRMR,1,4,0.9259259259259259,0.7031982780601448,0,22.60280189999321,54,0.7684753669323863,0.7579363944374405,0.029908310583055053,3.447866760570007,0.7341666654008537,6.1424170597531305,1.3653245160977165,23.403517698629937,3.0524990721429495,0.693250202592002,0.10722569356789588,0.75,0.2727272727272727,0.39999999999999997,random
lithography,mRMR,2,4,0.9259259259259259,0.7031982780601448,0,21.254852500002016,54,0.7668596228478355,0.7541349408232783,0.026787863822135684,3.4939079362303707,0.6580915395238243,6.214834539362789,1.2408456759506576,23.829531120906605,3.217549922438174,0.6877298056438241,0.09500680138631207,0.75,0.2727272727272727,0.39999999999999997,random
lithography,mRMR,3,7,0.8703703703703703,0.7656226655357284,2,22.169007600008626,54,0.7698160753956194,0.7571138709654837,0.04537421703337582,3.4281365872931415,0.7242600418873831,6.008897242483303,1.6070609500523816,24.233755718564446,4.4331685294837815,0.7033074913475744,0.11907209758484917,0.6,0.2727272727272727,0.37499999999999994,random
lithography,mRMR,4,4,0.9259259259259259,0.7031982780601448,0,20.278508000003058,54,0.7645701726887612,0.7639002354060931,0.024920303138953707,3.362531031083607,0.6606483867487,5.954429258190806,1.210778442178791,23.045432547151396,2.578464739374213,0.7119474045465914,0.0958930279447033,0.75,0.2727272727272727,0.39999999999999997,random
lithography,MI,0,14,0.7407407407407407,0.6048945351522197,12,21.670942000011564,54,0.7630057243800898,0.751541596624755,0.04778648373468998,3.5266873258238673,0.8798500442721046,6.12049402525083,1.7630441609954417,25.08861463192599,4.361340454907333,0.6917080637321055,0.1328876948484112,0.7142857142857143,0.45454545454545453,0.5555555555555556,random
lithography,MI,1,14,0.7407407407407407,0.6048945351522197,12,20.481263199995738,54,0.762933858749673,0.7587019425459745,0.04414991034441105,3.4261816892109787,0.8161959017530923,6.011828369542942,1.5914354526776238,24.474013382707806,4.14174590155046,0.7027291820706835,0.11814787336690742,0.7142857142857143,0.45454545454545453,0.5555555555555556,random
lithography,MI,2,14,0.7407407407407407,0.6048945351522197,12,21.096443999995245,54,0.7589541534983293,0.7526059227321755,0.042647801108965454,3.5110278158989785,0.8077045487971237,6.042524752832152,1.6302840052046725,25.263070180200508,3.597333003511285,0.7017233565575427,0.11527097507837485,0.7142857142857143,0.45454545454545453,0.5555555555555556,random
lithography,MI,3,13,0.7592592592592593,0.5952702334364885,12,22.67652310000267,54,0.762458478770996,0.7564691102937952,0.04370301799773109,3.456528820365052,0.8038232383475425,6.004595092382953,1.5998928329866153,24.960610073144753,4.513003977234634,0.7054103219846922,0.11283097549383216,0.6666666666666666,0.36363636363636365,0.4705882352941177,random
lithography,MI,4,14,0.7407407407407407,0.6048945351522197,12,22.83617489998869,54,0.7641355282405805,0.7562351194737523,0.04648522531767304,3.4574521839376025,0.8273703812677017,6.020068273928397,1.620227139198273,24.909852588796387,4.883217914876796,0.7025398841908236,0.11612785761640394,0.7142857142857143,0.45454545454545453,0.5555555555555556,random
lithography,DDA,0,12,0.7777777777777778,0.6485718356260977,8,21.89478099999542,55,0.7712450125845957,0.7568415728383966,0.04795860050459609,3.4530783076435556,0.8829014438429973,5.968437933159756,1.7950833304558436,24.56930492390119,4.485675514482336,0.7061498801929037,0.13557662271632753,0.8571428571428571,0.5454545454545454,0.6666666666666665,random
lithography,DDA,1,14,0.7407407407407407,0.6727285644448504,7,25.318601299994043,55,0.7656430893911741,0.7530802293226885,0.05188005156854728,3.492991511453857,0.8391229681734134,5.992066797239693,1.7095495542487653,25.377762063676087,5.3455910625173955,0.7019348928343191,0.13453650062102526,0.7777777777777778,0.6363636363636364,0.7000000000000001,random
lithography,DDA,2,13,0.7592592592592593,0.6706725229381683,8,24.218890499992995,55,0.7685216955986006,0.7541674056747389,0.04044963699114357,3.486583776363076,0.7827181015937432,5.976067522236213,1.583115020721097,24.95371068376217,3.564146078091192,0.7083492848640416,0.10873167393299611,0.75,0.5454545454545454,0.631578947368421,random
lithography,DDA,3,12,0.7777777777777778,0.6907022176335221,5,23.960178699999233,55,0.7731682965746943,0.7608188848737881,0.04391164478389476,3.3897068614321677,0.79624719117264,5.884401179629521,1.625452959951941,24.187493277547507,4.074386578974732,0.7172668773818853,0.10996583725213792,0.75,0.5454545454545454,0.631578947368421,random
lithography,DDA,4,11,0.7962962962962963,0.7097382474404554,5,19.979335800002445,55,0.772085009348298,0.764972227270761,0.04638419193612599,3.3283171638821614,0.795337977355596,5.781712106657879,1.6519953669159297,23.675987567458307,4.608618284566564,0.7231537917148504,0.12042290188206783,0.8571428571428571,0.5454545454545454,0.6666666666666665,random
lithography,PFI-SBS,0,8,0.8518518518518519,0.7535064870914703,4,24.784694700007094,54,0.7666717481999494,0.7577233769934587,0.04930089714614047,3.431586255892102,0.8661934933610739,6.0577937825948105,1.8306020756708261,23.772142396571095,4.529205550094129,0.6968631644306836,0.1373552410329202,0.8,0.36363636363636365,0.5000000000000001,random
lithography,PFI-SBS,1,7,0.8703703703703703,0.7758626747689011,4,24.175501699995948,54,0.7686146399017614,0.7615107177179361,0.04963443396134319,3.379847679255142,0.8473950425719496,5.917069221546326,1.8146839725538253,23.400063094309083,4.799051079984746,0.7105980594724113,0.1313206258209041,1.0,0.36363636363636365,0.5333333333333333,random
lithography,PFI-SBS,2,8,0.8518518518518519,0.7535064870914703,4,26.07116700000188,54,0.7687306106668387,0.7591614764349026,0.03814864784848887,3.4042942536161274,0.6858333038982798,5.942129974644446,1.585013382911338,23.842331316778896,3.421639303377643,0.710031005654315,0.11510577788871697,0.8,0.36363636363636365,0.5000000000000001,random
lithography,PFI-SBS,3,8,0.8518518518518519,0.7535064870914703,4,27.62741410000308,54,0.7725952448908395,0.7614278905053042,0.0420974059197136,3.3673559760094705,0.697167076063731,5.917696594343949,1.5251159604357,23.759991965437738,4.386135391275193,0.7099472282770695,0.11702845139411923,0.8,0.36363636363636365,0.5000000000000001,random
lithography,PFI-SBS,4,7,0.8703703703703703,0.7758626747689011,4,24.622896899993066,54,0.7726299337904093,0.7630212167949928,0.04388881694789917,3.3454802426815102,0.7105830246549888,5.852795007835248,1.5704771094675263,23.52181743053679,4.658027999323985,0.7166023999362275,0.12000941962713536,1.0,0.36363636363636365,0.5333333333333333,random
lithography,NSGA2,0,2,0.962962962962963,0.7771759987012699,0,1178.7354989000014,5193,0.7104344895808496,0.7060115816235591,0.06315328925962076,4.175396609263729,1.1246350353934216,6.844557632839445,2.197059381293308,31.26675311143923,5.2703785458487165,0.6168923454132879,0.17511894488689456,1.0,0.18181818181818182,0.3076923076923077,random
lithography,NSGA2,1,2,0.962962962962963,0.7771759987012699,0,1046.166266900007,4789,0.7103180560742564,0.7030764517456781,0.05944376812376757,4.215317432545431,1.0597573540976988,6.932307098208217,2.0732669099563834,31.546467465212945,5.336771198093178,0.6099960845754192,0.15834556109844364,1.0,0.18181818181818182,0.3076923076923077,random
lithography,NSGA2,2,2,0.962962962962963,0.7771759987012699,0,1166.3715413000027,5274,0.7101816564748523,0.7045894616614333,0.05993730844805906,4.190648970127429,1.0703291657573215,6.895917715945047,2.061661368196665,31.38955167738301,5.109256893273796,0.614247015691478,0.15372407721376655,1.0,0.18181818181818182,0.3076923076923077,random
lithography,NSGA2,3,2,0.962962962962963,0.7771759987012699,0,1161.8356812999991,5293,0.7109851872357594,0.7013528901492351,0.060224775167704414,4.2433335984156395,1.1000913865001878,6.907542289831702,2.0695524254002358,31.71264154232691,5.273436961857496,0.6142975635887107,0.15240205028177936,1.0,0.18181818181818182,0.3076923076923077,random
lithography,NSGA2,4,2,0.962962962962963,0.7771759987012699,0,1136.2366662999993,5016,0.7103818574947455,0.7041737715104178,0.05747227256100726,4.203665330646765,1.055425936568872,6.924852408762397,2.047033617936018,31.493910924457264,5.579966032069215,0.6124135966043897,0.15227711234151842,1.0,0.18181818181818182,0.3076923076923077,random
implantation,ALL,0,54,0.0,0.4790851370810575,18,1.1594171000033384,1,0.7018366526504283,0.6692300195635489,0.04717936388987366,8.780148961615748,1.9604105715289506,15.54874287855434,3.649496337456172,36.24812504679036,6.387824356433291,0.6826697058162178,0.08939475792317018,0.2558139534883721,1.0,0.40740740740740744,random
implantation,ALL,1,54,0.0,0.4790851370810575,18,1.0987351999938255,1,0.7032558648472822,0.6744872593211547,0.05317582204790183,8.620863407868956,1.8903653267861065,15.479630466948871,3.4694161182793497,35.45767447543139,6.367421631815735,0.6816209720819555,0.10483490896503564,0.2558139534883721,1.0,0.40740740740740744,random
implantation,ALL,2,54,0.0,0.4790851370810575,18,1.0046453999966616,1,0.7055116377472599,0.6676606084397145,0.05471319947858403,8.809962321353044,1.9628064252701645,15.43081124156658,3.776037309812307,36.31350089433103,6.621026091823924,0.6842699418115494,0.10502502238734021,0.2558139534883721,1.0,0.40740740740740744,random
implantation,ALL,3,54,0.0,0.4790851370810575,18,0.9768422000051942,1,0.7029818296376339,0.6731689814385594,0.05328566726455074,8.64479822688006,1.7547889797877372,15.264881826376985,3.442956759730205,35.8632507421738,6.108632477591846,0.689691986181687,0.1044037348031061,0.2558139534883721,1.0,0.40740740740740744,random
implantation,ALL,4,54,0.0,0.4790851370810575,18,0.9595438999967882,1,0.6980636754230305,0.6707920257415861,0.047385310932392524,8.731808788848673,1.8878279937912288,15.44669318119955,3.634926789019964,36.18925163102627,5.793638528581956,0.684897413230789,0.09815629902651668,0.2558139534883721,1.0,0.40740740740740744,random
implantation,FILTER,0,43,0.20370370370370372,0.32580463761897754,0,1.8751142999972217,2,0.6966492732064689,0.6667220552436567,0.04725595804637287,8.836025799617467,1.8759260046658561,15.59141400327269,3.602285176397584,36.94426358493908,6.257999261038317,0.6826330340602917,0.08599889618001047,0.2558139534883721,1.0,0.40740740740740744,random
implantation,FILTER,1,43,0.20370370370370372,0.32580463761897754,0,1.5015643999940949,2,0.6970705253896636,0.6685131516921731,0.05325098760388436,8.760832258846886,1.818447124768709,15.6183366495366,3.4508345372103415,36.13193609122958,6.479527313230893,0.6763941918401926,0.10574342967007953,0.2558139534883721,1.0,0.40740740740740744,random
implantation,FILTER,2,43,0.20370370370370372,0.32580463761897754,0,1.6193426999961957,2,0.6994769440794695,0.6672902752107246,0.05008791114320595,8.852096623810883,2.074720943864478,15.693588567381862,3.5300085298722923,36.2810759728161,6.904923275720105,0.6790403167121737,0.08308715197121254,0.2558139534883721,1.0,0.40740740740740744,random
implantation,FILTER,3,43,0.20370370370370372,0.32580463761897754,0,1.5606685999955516,2,0.7041654845380546,0.6734825527720733,0.05304906094165883,8.656381369727095,1.8701680654341966,15.528060279023975,3.6550881529905697,35.27390444826623,6.233773063096637,0.6832792338238162,0.09856108098520286,0.2558139534883721,1.0,0.40740740740740744,random
implantation,FILTER,4,43,0.20370370370370372,0.32580463761897754,0,1.5682462000113446,2,0.6950229169297346,0.6712698622358398,0.05272199940059674,8.736987543894106,2.0384344811701034,15.73502659437399,3.9008739306288933,36.054664969976024,6.536545922900282,0.6752666118215167,0.10278937757002449,0.2558139534883721,1.0,0.40740740740740744,random
implantation,TSFGA,0,9,0.8333333333333334,0.5240401166020304,0,3301.681032399996,8230,0.7401943273548411,0.7067873412346479,0.04362183766620601,7.842308676590374,1.9597574522950933,14.330381064320685,3.7412574601024544,29.539444130460797,5.269569616585303,0.7360566478573564,0.06736997141823597,0.4444444444444444,0.36363636363636365,0.39999999999999997,random
implantation,TSFGA,1,7,0.8703703703703703,0.6075203176425107,0,6104.235432800007,13337,0.7430259879588788,0.7077546883749907,0.04105072128076094,7.766434165216377,1.6894972960968209,14.257498574668638,3.300957891671352,29.476967975003436,5.2815872271778,0.7351863523902177,0.06814158630345614,0.5714285714285714,0.36363636363636365,0.4444444444444444,random
implantation,TSFGA,2,7,0.8703703703703703,0.5711788334851629,0,4324.544254199995,9854,0.7272584137154505,0.6991398532811756,0.04842443705937679,8.02238229807134,1.9582251798969248,14.60221216638114,3.55089847874347,30.772552553133867,6.040817504562378,0.7225605100049519,0.0769518992637266,0.7142857142857143,0.45454545454545453,0.5555555555555556,random
implantation,TSFGA,3,7,0.8703703703703703,0.5892486073216585,0,6494.6311824,14113,0.7370209988376322,0.7120997086612799,0.04463941525787062,7.648673079430655,1.6618146577578854,13.966031898066687,3.2055745551161,29.16430018281092,5.49192945294526,0.7437700935295573,0.07614182309651488,0.5714285714285714,0.36363636363636365,0.4444444444444444,random
implantation,TSFGA,4,9,0.8333333333333334,0.5723538190854911,0,4541.667265700002,10473,0.7321258265611741,0.6992802510597576,0.04215592729741763,8.025456435449325,1.912395915706945,14.628465587288352,3.6882123506955247,30.57635186119826,5.233790585527475,0.7234476377289123,0.07237154157079985,0.6666666666666666,0.5454545454545454,0.6,random
implantation,mRMR,0,10,0.8148148148148149,0.7177836414055937,4,22.14676839999447,54,0.7368192861294062,0.707799073410189,0.04400593524433238,7.794771786779319,1.878006444596863,14.13706111758384,3.8426411318945948,29.852118791939088,5.296826341574909,0.7412311519396693,0.08052225223613912,0.5714285714285714,0.36363636363636365,0.4444444444444444,random
implantation,mRMR,1,13,0.7592592592592593,0.6027235307311445,7,21.826459800009616,54,0.7369881751187936,0.7047986888159209,0.04598792949593253,7.847240152667667,1.7785019087625555,14.450785750639739,3.7805994667784026,30.51277707865711,5.8353269171788,0.7287772048026813,0.08242390956288848,0.5,0.36363636363636365,0.4210526315789474,random
implantation,mRMR,2,14,0.7407407407407407,0.6068140938579004,7,20.715334599997732,54,0.7382635360379908,0.7021533545126829,0.043092328805938045,7.958121760034965,1.9225731104144947,14.478620583112555,3.700652384291919,30.628739143417274,5.85740577838876,0.7280808640282805,0.07810724239622872,0.5555555555555556,0.45454545454545453,0.5,random
implantation,mRMR,3,11,0.7962962962962963,0.6063026037332846,6,21.373706300000777,54,0.7368358074125385,0.7097775561020089,0.043625224558152334,7.7235333930325165,1.7561241682491584,14.173210748507255,3.746510295550583,29.493480291571828,4.854918125569195,0.7386261219099595,0.08332762861104666,0.5714285714285714,0.36363636363636365,0.4444444444444444,random
implantation,mRMR,4,14,0.7407407407407407,0.6068140938579004,7,20.0032984999998,54,0.7340702786202649,0.6982241377438377,0.04300562723577191,8.046410408902613,1.9003081147775505,14.577196508052499,3.807249630707415,31.41801666046628,5.633355984655229,0.7234961364380966,0.08512369231011219,0.5555555555555556,0.45454545454545453,0.5,random
implantation,MI,0,18,0.6666666666666667,0.6052040543123786,13,21.379575400002068,54,0.7339591723028149,0.7011702140449156,0.04507029564083108,7.972389214145181,1.9237451872510671,14.389231265554429,3.758553327440887,31.71435713011744,5.483766505098784,0.7315213750408263,0.07914038828750682,0.6,0.5454545454545454,0.5714285714285713,random
implantation,MI,1,12,0.7777777777777778,0.6069545772884615,13,20.994449599995278,54,0.7353989978167448,0.700218403314409,0.04445753671542394,7.987672582646872,1.8960185990288476,14.350853217567858,3.6686161100120853,30.966155416843314,5.460957805224812,0.7328690543049041,0.07485857749120708,1.0,0.36363636363636365,0.5333333333333333,random
implantation,MI,2,20,0.6296296296296297,0.5961746275693568,15,22.240138199995272,54,0.739534765962996,0.6974299230565866,0.048304593858732404,8.064382750144167,1.9395598713956375,14.53569293285539,3.8181533252829714,31.838876378890163,5.880082476613943,0.724021839686358,0.08906952651505086,0.6363636363636364,0.6363636363636364,0.6363636363636364,random
implantation,MI,3,11,0.7962962962962963,0.6068339121015254,12,21.947840200009523,54,0.7345397200562387,0.6958545039543946,0.047913477753982914,8.08583105819009,1.8278320539299857,14.459583791782224,3.5038586719494007,31.196284873379906,5.600104396751633,0.7270567830169399,0.07890349397101198,1.0,0.36363636363636365,0.5333333333333333,random
implantation,MI,4,13,0.7592592592592593,0.6123169835569054,13,21.755678800007445,54,0.7372061606811054,0.6943429197552441,0.04400857000876164,8.16467043415389,2.0215923625371004,14.547294865577685,3.758955201185756,31.397808648432502,5.209979360418667,0.7250902274803374,0.07846186798927425,1.0,0.45454545454545453,0.625,random
implantation,DDA,0,12,0.7777777777777778,0.6137801971919005,10,27.31422770000063,55,0.7394862091363685,0.7037482420148641,0.04615245761382941,7.929124946783192,2.04971260529232,14.364553948176647,3.7321112778256142,30.28629750041367,5.25629783395872,0.7335404279554681,0.07364063803360488,1.0,0.45454545454545453,0.625,random
implantation,DDA,1,13,0.7592592592592593,0.5571981989573415,5,24.428204800002277,55,0.7262125034899412,0.6904158138584798,0.04968486479125717,8.231111564744529,1.9657843802785013,15.095730159002157,3.8601432652969607,31.6237189821101,6.6365907814425,0.7046933317944115,0.08568750290370945,0.5555555555555556,0.45454545454545453,0.5,random
implantation,DDA,2,12,0.7777777777777778,0.717351207768248,5,23.654205800005002,55,0.7456742945973771,0.7041881211232515,0.04692458313752821,7.893308846101575,1.9461944395200326,14.35477679233157,3.724426752896529,29.95684853572673,5.934514370028841,0.7322051487770519,0.08110751440078728,0.75,0.5454545454545454,0.631578947368421,random
implantation,DDA,3,15,0.7222222222222222,0.6169814409895445,10,28.49858569999924,55,0.7468487022575322,0.7077539626228238,0.046876792363956414,7.775448562651184,1.7649885643641807,14.106542642296452,3.3528611678266365,29.687642424927223,5.4230914418079825,0.7382684541924172,0.07964747175925578,0.875,0.6363636363636364,0.7368421052631579,random
implantation,DDA,4,12,0.7777777777777778,0.7019539513257526,5,22.68929950000893,55,0.7430217527858238,0.7070156804531472,0.04292347716161951,7.841287786543949,2.0057755299949935,14.262935691190103,3.7109023730220407,29.99533168737815,5.066366568821684,0.7348843662599076,0.0788043763267838,0.75,0.5454545454545454,0.631578947368421,random
implantation,PFI-SBS,0,9,0.8333333333333334,0.719038731581896,5,23.310040099997423,54,0.7467866951198316,0.7104436934859364,0.036391538636543236,7.740904504591833,1.8751963317051865,14.069975351660087,3.5105519858294145,29.093493995047677,5.252557031650402,0.7441484183457427,0.06574260767996151,0.8,0.36363636363636365,0.5000000000000001,random
implantation,PFI-SBS,1,7,0.8703703703703703,0.6490217040447096,3,26.89560540000093,54,0.7439900049602391,0.7129931031988956,0.04285858595780601,7.647458104352389,1.8349846853496952,14.168953162570897,3.764413377700813,28.64492697681242,5.674354747800271,0.7410391314702268,0.07333957988420531,0.8,0.36363636363636365,0.5000000000000001,random
implantation,PFI-SBS,2,10,0.8148148148148149,0.7138221716223796,5,27.70462459999544,54,0.7458969789668713,0.7147302936843588,0.043278877119371666,7.618467879295164,1.8691791880940904,14.104161588483558,3.5175327878697495,28.126584259611093,5.934585437561791,0.7417861467407181,0.07106658593064934,0.8333333333333334,0.45454545454545453,0.5882352941176471,random
implantation,PFI-SBS,3,6,0.8888888888888888,0.674254075193746,3,27.838804999992135,54,0.7480254470380895,0.7136860812374609,0.04584314487980441,7.63442705919155,1.8721356060496919,13.976378657072532,3.6272276364036684,28.526298934046693,5.604252219730318,0.745480133074092,0.07722769382631565,0.75,0.2727272727272727,0.39999999999999997,random
implantation,PFI-SBS,4,8,0.8518518518518519,0.7321709202960013,4,26.47838889999548,54,0.745033584888762,0.717192693249259,0.03966189922755046,7.585684188030714,2.0025743935493034,13.883897695797549,3.6584698699332954,28.509133016149157,4.901285572232267,0.7507078301959048,0.07076651465544548,0.8,0.36363636363636365,0.5000000000000001,random
implantation,NSGA2,0,2,0.962962962962963,0.813458292507522,0,1208.118234900001,5253,0.7031430887593647,0.6881620284589989,0.048707586206885777,8.342453531205381,2.2274086258427785,14.974569491910483,4.258598121699435,31.67869920158686,5.664300898996667,0.7149073819490056,0.07701126818234992,1.0,0.18181818181818182,0.3076923076923077,random
implantation,NSGA2,1,2,0.962962962962963,0.813458292507522,0,1230.2543356999959,5398,0.7053633490956895,0.6894859160299,0.05224599105466629,8.277409152066559,2.142079796765851,14.86227176510974,4.203022829235203,31.394715678348334,6.063301748767786,0.71593327457304,0.0900734431111566,1.0,0.18181818181818182,0.3076923076923077,random
implantation,NSGA2,2,2,0.962962962962963,0.813458292507522,0,1332.6299694000045,5807,0.7080662170289179,0.6886244249396438,0.046453990635006215,8.312608407571807,2.0819101939407507,14.932515522847625,4.144060350482339,31.574621178191414,5.6745347711249785,0.7151261652062038,0.08123009916128755,1.0,0.18181818181818182,0.3076923076923077,random
implantation,NSGA2,3,2,0.962962962962963,0.813458292507522,0,1275.7100944999984,5454,0.7031487485802169,0.691280808402903,0.04776197366585462,8.227857421773475,2.0159862736112246,14.664342701448815,3.9010922990488077,31.207975524540984,5.806229869025845,0.72277638324274,0.08361447042445432,1.0,0.18181818181818182,0.3076923076923077,random
implantation,NSGA2,4,2,0.962962962962963,0.813458292507522,0,1157.1798765999993,5022,0.7055342928079416,0.6881527933945422,0.04894631732955959,8.335383515814462,2.1942289656038905,14.967671478341463,4.333716914191117,31.29088753626313,5.712071246028908,0.71393299835524,0.08476055485609947,1.0,0.18181818181818182,0.3076923076923077,random
etching,ALL,0,54,0.0,0.45457253792744345,19,1.0107447000045795,1,0.7180055692010037,0.7494106771199074,0.033314290600799365,2.8721874256988045,0.6889395498841525,4.771686697938487,1.2170504007090541,26.584796254904187,4.492657210773922,0.7477536168331287,0.06342580077365713,0.2558139534883721,1.0,0.40740740740740744,random
etching,ALL,1,54,0.0,0.45457253792744345,19,0.9705242999916663,1,0.7074512909547059,0.7509104100614999,0.03201530676995789,2.8636717879030216,0.7043819764362568,4.847216839169543,1.2948344513980086,26.705285339295624,3.9596424685211464,0.7411740850435334,0.06893112067270875,0.2558139534883721,1.0,0.40740740740740744,random
etching,ALL,2,54,0.0,0.45457253792744345,19,0.9951291000033962,1,0.707559654393261,0.7494490496963802,0.03095713185170134,2.873369116685047,0.6748102180235804,4.898514268941752,1.2285344085317174,26.75694813904226,4.280593351303619,0.7364219862260554,0.05791559357158084,0.2558139534883721,1.0,0.40740740740740744,random
etching,ALL,3,54,0.0,0.45457253792744345,19,1.0135339999978896,1,0.7057018002432073,0.7485918641779704,0.03035122424042852,2.883308535187369,0.6766037134158335,4.894166398778051,1.2238963540105545,26.714060441818926,3.8737201866066964,0.7336277733381292,0.06753385772923051,0.2558139534883721,1.0,0.40740740740740744,random
etching,ALL,4,54,0.0,0.45457253792744345,19,0.9685516000026837,1,0.7121805615819421,0.7514573736063453,0.03408954573292663,2.853585316453557,0.7075935298171417,4.92855652571266,1.260313156432894,26.134711612838508,4.391631519307326,0.733772913185706,0.0581627224758426,0.2558139534883721,1.0,0.40740740740740744,random
etching,FILTER,0,43,0.20370370370370372,0.3254931321609128,0,1.522465200003353,2,0.7115991423419592,0.7465942888768435,0.03286950591510351,2.9054590105512994,0.6929361451437114,4.816547966522517,1.198744991364973,27.557033843158898,5.037882261712183,0.74298632415446,0.06059765510305239,0.2558139534883721,1.0,0.40740740740740744,random
etching,FILTER,1,43,0.20370370370370372,0.3254931321609128,0,1.8136924999998882,2,0.7013620766927469,0.7490600744563941,0.029966738568801724,2.874482356453588,0.6528927132187444,4.742850063261544,1.134678548105931,27.281949980800608,4.1973319188399465,0.7483608835083418,0.06539144446528207,0.2558139534883721,1.0,0.40740740740740744,random
etching,FILTER,2,43,0.20370370370370372,0.3254931321609128,0,1.5291770999901928,2,0.7013816486511653,0.7489578306405859,0.03173936123747741,2.8790253658879936,0.6819993931456487,4.841549170082031,1.1726298145594078,27.250470406261492,4.879995738824315,0.740218153728035,0.05619723749515069,0.2558139534883721,1.0,0.40740740740740744,random
etching,FILTER,3,43,0.20370370370370372,0.3254931321609128,0,1.5161762999923667,2,0.7027456705471963,0.7452664130571468,0.029175702375140354,2.911732414671361,0.6274903872638401,4.919088580091098,1.0406335546565755,27.237455360524166,3.6865262758163864,0.7290523968345848,0.057541028467806565,0.2558139534883721,1.0,0.40740740740740744,random
etching,FILTER,4,43,0.20370370370370372,0.3254931321609128,0,1.5302718000020832,2,0.7090672255192018,0.7461702601396231,0.03421862614403918,2.9054689678509438,0.6711880638437504,4.888271056137969,1.1701465851559456,26.9873487369508,4.532038105691695,0.7354555683901878,0.05911187282011214,0.2558139534883721,1.0,0.40740740740740744,random
etching,TSFGA,0,7,0.8703703703703703,0.5140895710760282,0,2306.4561945000023,6207,0.7235959070493907,0.7546629149667552,0.03655370346434616,2.8062383444323076,0.6609312014120483,4.6032637882828285,1.133933566867648,25.97243751787968,5.07679674574761,0.7609150103124044,0.07193042293973011,0.5714285714285714,0.36363636363636365,0.4444444444444444,random
etching,TSFGA,1,7,0.8703703703703703,0.5097584677236262,0,3274.8741878,8226,0.7262811688622884,0.7666374850806719,0.035812338856631494,2.6626147364044623,0.6273156619222631,4.485052746434317,1.1332869944460504,24.708969594007833,4.5117624377146015,0.7713733268504385,0.07227560971020525,0.42857142857142855,0.2727272727272727,0.33333333333333326,random
etching,TSFGA,2,6,0.8888888888888888,0.5224440415567548,0,4218.268293900008,10011,0.7203220433278126,0.7618110942561278,0.03071478774313225,2.7249331657627764,0.6226109245844276,4.522078807756751,1.1205754010028461,24.716424914247625,3.954168559606793,0.7708776323132779,0.06050981135753968,0.5,0.2727272727272727,0.3529411764705882,random
etching,TSFGA,3,7,0.8703703703703703,0.5721786025577987,0,4457.0622038,10079,0.7346518373044102,0.7673410725322429,0.031068372592013786,2.6577721520251645,0.5867992581696944,4.5046545493214465,1.0351507279317351,23.590379614302062,3.433127442464531,0.7670150529641427,0.07412892523871625,0.5714285714285714,0.36363636363636365,0.4444444444444444,random
etching,TSFGA,4,6,0.8888888888888888,0.4979432254972118,0,4755.187058199997,9775,0.7433463579180527,0.7673239085171739,0.03350645423651699,2.6541373320624273,0.5979119254373663,4.44152984892717,1.0202230083399535,24.092713579003046,3.9011158713410734,0.7765126669196498,0.06349610123363722,0.5,0.2727272727272727,0.3529411764705882,random
etching,mRMR,0,4,0.9259259259259259,0.6953167107645732,0,23.1781464000087,54,0.745250291005799,0.76017878059357,0.03726861871714356,2.737384550861639,0.6623432261730077,4.870862774678908,1.3323087007604701,22.473778019176027,3.0949953678049567,0.7236434816950663,0.12564810434545007,0.75,0.2727272727272727,0.39999999999999997,random
etching,mRMR,1,4,0.9259259259259259,0.6953167107645732,0,25.88577140000416,54,0.7493197269353733,0.7643499842766949,0.03671388498124983,2.688323843051175,0.6522822005608088,4.820175498699794,1.2816078356117955,21.971008645254525,3.317705891743536,0.7307367717403018,0.11459026066013168,0.75,0.2727272727272727,0.39999999999999997,random
etching,mRMR,2,4,0.9259259259259259,0.6953167107645732,0,23.827945800003363,54,0.7456139800622184,0.7618326567594437,0.03860153315369589,2.7135625603932976,0.6450156418919348,4.833598276913341,1.2826736327188109,22.44083878588913,3.4917958883016387,0.7292871866773525,0.10880751501929577,0.75,0.2727272727272727,0.39999999999999997,random
etching,mRMR,3,4,0.9259259259259259,0.6953167107645732,0,22.708388900005957,54,0.7433314005056567,0.7620473602562946,0.040188349479017525,2.7187971057816274,0.6909900124388537,4.774881087514255,1.366271383651124,22.671837526308117,3.665264087038267,0.7357152691467514,0.11733961439328773,0.75,0.2727272727272727,0.39999999999999997,random
etching,mRMR,4,7,0.8703703703703703,0.6191838982130633,1,23.188849600002868,54,0.7477271151288951,0.7549921456332935,0.03761964440094976,2.791295719258686,0.6379713336392224,4.898277012759075,1.2908290972878504,23.62434305702128,3.044997153792662,0.7275604074542481,0.09882431270631199,0.5,0.2727272727272727,0.3529411764705882,random
etching,MI,0,13,0.7592592592592593,0.5808445650663686,13,23.293483300003572,54,0.7455667507141367,0.780316475899864,0.026079070015458342,2.521619654262565,0.595251414531245,4.342113411994922,1.1813003269270945,21.765803450731575,3.321384753507325,0.792697908190613,0.05271529344310977,0.8333333333333334,0.45454545454545453,0.5882352941176471,random
etching,MI,1,12,0.7777777777777778,0.5825788881269128,13,25.728057799991802,54,0.7471809592285364,0.7788943079810553,0.032216564401039864,2.539544380016371,0.6357918082998041,4.439264811392943,1.2834569896824553,21.842646177814192,3.5283162346253003,0.7809085098513504,0.06932126764775436,1.0,0.45454545454545453,0.625,random
etching,MI,2,14,0.7407407407407407,0.5890779878391911,13,23.35758650000207,54,0.7477595854733486,0.7771132011345393,0.02685261368569555,2.560031466026795,0.5989496646366225,4.426280723195062,1.1910936708164597,21.96587401074146,3.146620317516392,0.7839761295836916,0.05846759382166789,0.7142857142857143,0.45454545454545453,0.5555555555555556,random
etching,MI,3,12,0.7777777777777778,0.5825788881269128,13,25.466590399999404,54,0.7460118746689419,0.777421678318757,0.029365309516945208,2.55699003107236,0.6191080632963997,4.438601088784945,1.2331678875210375,21.591565276531142,3.4231029131879858,0.7832155451960386,0.05744095301955121,1.0,0.45454545454545453,0.625,random
etching,MI,4,13,0.7592592592592593,0.5908003615696596,13,23.83073699999659,54,0.7539016116166565,0.7782008013985166,0.033404816433244104,2.542790322661648,0.6213450791635903,4.418389111581174,1.2074166614230442,21.771986451927724,3.467315108595161,0.7855535696490202,0.055166542435312244,0.8333333333333334,0.45454545454545453,0.5882352941176471,random
etching,DDA,0,12,0.7777777777777778,0.6880320883462744,4,19.74437030000263,55,0.7548753826728427,0.7878888614188558,0.030460271315685978,2.435630555962043,0.6126578509640321,4.230165671782178,1.1593645184655241,21.3301258940099,3.7211835639930233,0.8019702622897978,0.053943149749502095,0.875,0.6363636363636364,0.7368421052631579,random
etching,DDA,1,9,0.8333333333333334,0.7421725928811022,3,21.16550129999814,55,0.7561274259359339,0.786005064230284,0.03231825825643026,2.462807786126249,0.6355460337176791,4.327765478142146,1.233568909078432,21.232399762084775,3.640860298639579,0.7912668197630067,0.06666426599581354,1.0,0.5454545454545454,0.7058823529411764,random
etching,DDA,2,14,0.7407407407407407,0.6609346390461185,8,25.053060899997945,55,0.7477675809328268,0.7827541330624418,0.030313702833925635,2.4990675947703176,0.6271019755579141,4.433025216739487,1.195361582158102,21.61867538287447,3.461913155820022,0.7827528074576214,0.060206555348251596,0.875,0.6363636363636364,0.7368421052631579,random
etching,DDA,3,10,0.8148148148148149,0.7481592334146463,2,20.284487100012484,55,0.7599039124185522,0.7902840450075673,0.024984650901816608,2.4030383923831495,0.5445708550224575,4.218542661936379,1.0326695348576225,20.62022821669669,3.038261389189803,0.8005379957608852,0.052183444223794784,0.875,0.6363636363636364,0.7368421052631579,random
etching,DDA,4,10,0.8148148148148149,0.7126986582405559,3,22.820490199999767,55,0.7630715144294851,0.7848792015072036,0.03018660019907636,2.4675345600382057,0.604654863620787,4.247708811401417,1.1553547357113245,21.105618529874388,3.330125603337298,0.8001783175972217,0.05343762869713543,0.8571428571428571,0.5454545454545454,0.6666666666666665,random
etching,PFI-SBS,0,8,0.8518518518518519,0.7324471418033898,4,29.318271399999503,54,0.7496892923616346,0.7823445465520965,0.02725293419845062,2.492864511989113,0.5910814265720022,4.3077569828769375,1.0916892430002174,21.54734529743206,2.9704375132833154,0.7920170333142181,0.05636685573511684,0.8,0.36363636363636365,0.5000000000000001,random
etching,PFI-SBS,1,5,0.9074074074074074,0.69159393718455,1,30.484284300007857,54,0.7538712536816056,0.7886011018479192,0.030691398999545403,2.4197379778668693,0.5881119232775754,4.2241027989035045,1.1336429434470248,21.037330213027158,3.217361747561871,0.7970569836181371,0.06809204839205157,0.75,0.2727272727272727,0.39999999999999997,random
etching,PFI-SBS,2,13,0.7592592592592593,0.6164157715982503,8,30.749838000003365,54,0.7488982566091957,0.7862528873855402,0.027954819425061127,2.460947010290343,0.6332583110446889,4.342699572610272,1.1775375721249337,21.213857909071855,3.1923412905089177,0.7929293452411027,0.04982816747380106,0.75,0.5454545454545454,0.631578947368421,random
etching,PFI-SBS,3,14,0.7407407407407407,0.6164717256290708,8,30.742886699998053,54,0.7476337498015315,0.7843253044481526,0.031512841410728014,2.4656151363912633,0.5745417751596675,4.326889247963832,1.1812280155449923,21.15710743840111,3.0476047161874362,0.7901463576515074,0.06336312321139892,0.7777777777777778,0.6363636363636364,0.7000000000000001,random
etching,PFI-SBS,4,8,0.8518518518518519,0.7324471418033898,4,29.965891699990607,54,0.7573888881438855,0.7812185602187629,0.03176376228994651,2.492074691103782,0.5515478138858388,4.332802727823464,1.069320584844308,21.520527119799564,2.680844912268005,0.7890905858069039,0.056854999794812386,0.8,0.36363636363636365,0.5000000000000001,random
etching,NSGA2,0,2,0.962962962962963,0.7744489744272558,0,1361.4713651999919,4649,0.7268277590544959,0.7551305064362208,0.03282395838056295,2.7915888795935753,0.6168520962784182,4.543284043718915,1.040325021978589,25.291504488771032,4.5596733961774065,0.763286183768218,0.07668788693218426,1.0,0.18181818181818182,0.3076923076923077,random
etching,NSGA2,1,2,0.962962962962963,0.7744489744272558,0,1554.2972852000094,5080,0.7246693779779749,0.752898814486928,0.03720230784253401,2.817566384372637,0.6539165063676093,4.592380062325219,1.1265446826946575,25.609573599225484,4.618055676188607,0.7545869414993203,0.09486987230323815,1.0,0.18181818181818182,0.3076923076923077,random
etching,NSGA2,2,2,0.962962962962963,0.7744489744272558,0,1662.643529100009,5405,0.7228885503782301,0.7556319916977202,0.032524473079868686,2.7878641051403545,0.6233756588850282,4.558433644750935,1.0663657047158095,25.181836229546448,4.395546306417425,0.7611085135760743,0.08176222892162867,1.0,0.18181818181818182,0.3076923076923077,random
etching,NSGA2,3,2,0.962962962962963,0.7744489744272558,0,1585.6906901000038,5151,0.7232292849074736,0.7543535411093428,0.0318280726681721,2.8012499884935504,0.6093549971093261,4.57209011890732,1.0594810843470515,25.179379301263996,4.301508070115775,0.7618713986266367,0.07033607919937562,1.0,0.18181818181818182,0.3076923076923077,random
etching,NSGA2,4,2,0.962962962962963,0.7744489744272558,0,1800.8436159999983,5773,0.7297390077611038,0.7560824542705021,0.037755415901865014,2.783334349582525,0.6588915378753704,4.5556909562525165,1.0429307908659562,25.103292041614555,4.677718894297821,0.7627593575159118,0.07360411049582163,1.0,0.18181818181818182,0.3076923076923077,random
metalization,ALL,0,54,0.0,0.4991962815731018,19,1.135372799995821,1,0.6940556645401567,0.7020288760642119,0.04194484368730141,8.086638318138805,2.0429081137357508,14.330227469565614,4.074535612824136,34.68178218000271,6.44993256695507,0.7114374830588311,0.08159239197648559,0.2558139534883721,1.0,0.40740740740740744,random
metalization,ALL,1,54,0.0,0.4991962815731018,19,1.018430999989505,1,0.6944164828145868,0.6926918990414889,0.04667813027972589,8.331710229795112,2.1088599367301444,14.770826473304497,4.109124631116803,34.60779325918968,7.112504322132021,0.6932091194774376,0.08278839132914058,0.2558139534883721,1.0,0.40740740740740744,random
metalization,ALL,2,54,0.0,0.4991962815731018,19,1.0139944999973522,1,0.6942005248538431,0.7027290512856598,0.04042070202964152,8.045723138982328,1.8762548233705179,14.440535354636966,4.093426890952578,34.02548802021645,6.348906153318313,0.7060252658320774,0.09312164682637515,0.2558139534883721,1.0,0.40740740740740744,random
metalization,ALL,3,54,0.0,0.4991962815731018,19,0.958363300000201,1,0.6947016977283174,0.6973113306608097,0.037449165612795966,8.121978107265418,1.516799613311516,14.348212658279785,3.739439882432916,34.55685926526241,4.658528490145709,0.7015624580693001,0.09645146186194023,0.2558139534883721,1.0,0.40740740740740744,random
metalization,ALL,4,54,0.0,0.4991962815731018,19,0.9515116999973543,1,0.6851772729795195,0.6931125746170762,0.03749325740363389,8.310853862404239,1.9346681790121907,14.590130562187094,4.052937940662815,35.69375162819676,6.840306260033951,0.6993472410854483,0.08329941504610625,0.2558139534883721,1.0,0.40740740740740744,random
metalization,FILTER,0,43,0.20370370370370372,0.33132472991969464,0,1.5052782999991905,2,0.6892394434525497,0.6984165950410273,0.04839726595390613,8.172096158956903,2.0719182405384524,14.404818452923472,4.029747082822317,36.20794103234552,7.877173195314785,0.7090351964102406,0.08061481379013322,0.2558139534883721,1.0,0.40740740740740744,random
metalization,FILTER,1,43,0.20370370370370372,0.33132472991969464,0,1.4787982999987435,2,0.6879438036222643,0.6936518878463871,0.05176243855468291,8.302816849102788,2.16009253248199,14.563311033100181,4.504626519050357,35.68976111164613,8.520503813052649,0.704714441548174,0.08691832177758253,0.2558139534883721,1.0,0.40740740740740744,random
metalization,FILTER,2,43,0.20370370370370372,0.33132472991969464,0,1.5827472000091802,2,0.6904083598485176,0.6990747022021536,0.04613037632072904,8.177882657964073,2.1452861597125215,14.371452049855785,4.361982807973935,34.87638518473144,7.3733432129305605,0.714229674394603,0.07817902709564803,0.2558139534883721,1.0,0.40740740740740744,random
metalization,FILTER,3,43,0.20370370370370372,0.33132472991969464,0,1.5515327000030084,2,0.6991839958012748,0.6992451293865628,0.04074007056354018,8.122859945698846,1.8412640173170352,14.354313202831275,4.224063708240377,35.40750238256479,6.105475978915203,0.7088614373652019,0.087671329850375,0.2558139534883721,1.0,0.40740740740740744,random
metalization,FILTER,4,43,0.20370370370370372,0.33132472991969464,0,1.4861700000037672,2,0.6938478358064,0.6942129287173155,0.04015391413680905,8.306209660444088,2.063138473586775,14.61096582448518,4.158861963792715,36.524124182614145,8.311561240562954,0.7053162739409389,0.06433145123699792,0.2558139534883721,1.0,0.40740740740740744,random
metalization,TSFGA,0,6,0.8888888888888888,0.574228046808314,0,7399.377376699995,15584,0.7369132603234739,0.7485077432944813,0.03062410765777637,6.798386457267475,1.5119233935166378,12.459190227491824,3.035850545536098,27.192415531753948,4.419168802379267,0.7805186583694446,0.057200641854561744,0.8333333333333334,0.45454545454545453,0.5882352941176471,random
metalization,TSFGA,1,8,0.8518518518518519,0.49677210558430523,0,2489.9797471000056,5201,0.7191157615277344,0.7206747124535962,0.03952235192892559,7.5481366580568885,1.7348029651451944,13.229641958144907,3.449407778625101,31.652987629998417,6.1506558112155725,0.7535520329386621,0.06752904692694285,0.375,0.2727272727272727,0.3157894736842105,random
metalization,TSFGA,2,6,0.8888888888888888,0.5589518569466928,0,5871.594836000004,11570,0.7261568971084184,0.7298546301169305,0.03872561664055429,7.320262893044675,1.7973498064984548,13.330123135075002,3.749384755024901,29.602980502576383,5.625332822632968,0.7505252085032078,0.07110609462217143,0.5,0.2727272727272727,0.3529411764705882,random
metalization,TSFGA,3,7,0.8703703703703703,0.6008024554539365,0,3201.25202059999,6444,0.7356430483466565,0.7341016973849023,0.03472304765807174,7.2030168031258315,1.7238635113613525,13.209008608405465,3.5657640653118654,28.969772672766876,4.675805184002837,0.7523931404536344,0.0750244588168798,0.5714285714285714,0.36363636363636365,0.4444444444444444,random
metalization,TSFGA,4,5,0.9074074074074074,0.5134389944645841,0,4480.5308391,8613,0.7055110879518767,0.7142074729687035,0.034216001270179104,7.722466222508968,1.701711577656048,13.764757399857155,3.3949500664122216,31.83608085625239,5.794521799306276,0.7295763809434503,0.07310379132290439,0.6,0.2727272727272727,0.37499999999999994,random
metalization,mRMR,0,10,0.8148148148148149,0.7408936097481453,4,30.85120810000808,54,0.7234444986597264,0.7369320983749319,0.034570066772555544,7.105493163647939,1.5740314441996224,13.212933984048764,3.3705201926381143,28.063898298435298,4.2138647131013025,0.7502028542624751,0.0846937923588094,0.8571428571428571,0.5454545454545454,0.6666666666666665,random
metalization,mRMR,1,10,0.8148148148148149,0.7408936097481453,4,35.37804260000121,54,0.7287751899276238,0.7347777921806772,0.03617988742105551,7.189646048480509,1.7595602881887873,13.225275726831386,3.5948773233128217,28.327917923681706,5.12464055186551,0.7539133382534897,0.0699417392373207,0.8571428571428571,0.5454545454545454,0.6666666666666665,random
metalization,mRMR,2,10,0.8148148148148149,0.7408936097481453,4,34.08493100000487,54,0.7297937438084536,0.735530321201405,0.034484001589439456,7.139105474245901,1.5481001351069692,13.151502074678131,3.501964924531075,28.193380840996344,4.946494863071644,0.7536614379249235,0.08758126839149578,0.8571428571428571,0.5454545454545454,0.6666666666666665,random
metalization,mRMR,3,11,0.7962962962962963,0.7227410230635869,4,35.26132239999424,54,0.7339138081212706,0.7312215870581589,0.03139077466569435,7.25879355337094,1.5467923740960154,13.312587600745255,3.507887233394549,28.801571601857265,3.5286107453949547,0.7453364844581912,0.08931006202432985,0.75,0.5454545454545454,0.631578947368421,random
metalization,mRMR,4,10,0.8148148148148149,0.7408936097481453,4,33.96266469999682,54,0.7270262651681949,0.7312939341594082,0.02783208858212522,7.259949708585392,1.5490476038487415,12.981982642661755,3.2889048589557843,28.934847831886785,4.840689868231808,0.7602546522005109,0.07073939111919586,0.8571428571428571,0.5454545454545454,0.6666666666666665,random
metalization,MI,0,12,0.7777777777777778,0.6215208030890617,14,34.39022570000088,54,0.7312487708910566,0.7333763809749427,0.038730201409732275,7.24478136615318,1.8956101380532597,13.351714756163362,3.588285866186147,28.548484102342652,4.579815559616952,0.7512771774374644,0.0676964917742876,1.0,0.36363636363636365,0.5333333333333333,random
metalization,MI,1,12,0.7777777777777778,0.6215208030890617,14,37.425797199990484,54,0.734898251821335,0.7319519786096776,0.04035982182369237,7.25659919252351,1.7784653652176674,13.349676665449694,3.539118055951992,28.74364571369624,5.0852696707780725,0.7468142104017291,0.07668577230229993,1.0,0.36363636363636365,0.5333333333333333,random
metalization,MI,2,13,0.7592592592592593,0.6222736153493196,16,36.27998139998817,54,0.7347180689882578,0.7375846805809325,0.030973449505865225,7.106706988194708,1.6033971140425562,13.098291505583898,3.290802124512865,28.326924365424485,4.36758746413739,0.7599947325344252,0.05869175308759036,1.0,0.36363636363636365,0.5333333333333333,random
metalization,MI,3,14,0.7407407407407407,0.6263174476080352,16,36.11283600000024,54,0.7396940063263338,0.731102574063384,0.029755814850637923,7.2412877841299155,1.448356897562381,13.324379738825947,3.3035962509655286,28.803414232549944,2.9763911362451227,0.7440217624553824,0.07954011991605167,1.0,0.45454545454545453,0.625,random
metalization,MI,4,13,0.7592592592592593,0.6222736153493196,16,34.592724500005716,54,0.7294300227565682,0.7352145192442485,0.03177832953271203,7.146450845597674,1.5362727967806844,13.044766964403854,2.90818918908444,28.616288828255723,4.601636890434769,0.7545052318144367,0.07239484319720102,1.0,0.36363636363636365,0.5333333333333333,random
metalization,DDA,0,11,0.7962962962962963,0.7163964474081065,4,24.369088199993712,55,0.7487414863017241,0.7406339917105781,0.031239285217992963,6.996413143164934,1.489186134394209,13.034187532091174,3.1494671214075822,27.06640898616829,3.384129799235336,0.758231192945647,0.06715593993213842,0.75,0.5454545454545454,0.631578947368421,random
metalization,DDA,1,10,0.8148148148148149,0.5393309436667304,3,22.944681900000433,55,0.7391095183793654,0.7441588487856987,0.03010913546929073,6.8880208132194936,1.4349314403813094,12.970881133150565,3.2079024698480834,26.515566950279126,3.505204437927099,0.7565992778575789,0.07911896273180585,0.75,0.5454545454545454,0.631578947368421,random
metalization,DDA,2,6,0.8888888888888888,0.7982165919026862,1,18.987567200005287,55,0.7478517289082001,0.7510287378986183,0.033097447895511875,6.762254024986029,1.6822991460930097,12.681186157874947,3.6568912217477743,26.41161325897411,3.951507002451519,0.7769314051657267,0.0612055627820354,1.0,0.45454545454545453,0.625,random
metalization,DDA,3,9,0.8333333333333334,0.7027433883316531,2,19.30781980000029,55,0.7506486732534405,0.7435914174345467,0.03505217758122955,6.933612312422665,1.6284895682017366,12.834563803101883,3.4885472730910045,27.78222269507931,4.2124875766221015,0.7645487643391135,0.07661690120244032,0.7142857142857143,0.45454545454545453,0.5555555555555556,random
metalization,DDA,4,7,0.8703703703703703,0.7325645899772618,1,20.46274769998854,55,0.7491834149346638,0.7467399591499823,0.026619142331900377,6.856581916282942,1.5452597649758082,12.744610805100747,2.9481622501824214,26.90182344009069,4.428283011169313,0.7675153766022188,0.06104384538301291,0.8333333333333334,0.45454545454545453,0.5882352941176471,random
metalization,PFI-SBS,0,9,0.8333333333333334,0.6479724073967725,6,45.104049000001396,54,0.7431827731004594,0.74378892018429,0.03441333137490109,6.924229393740235,1.5868930961461978,12.881725975432277,3.127075539037179,26.801238777413104,3.989537671617357,0.7618056589171119,0.07734986131265902,1.0,0.45454545454545453,0.625,random
metalization,PFI-SBS,1,9,0.8333333333333334,0.6479724073967726,6,45.60710599999584,54,0.7440702623350582,0.7420514160040798,0.036612227884121086,6.968024110320161,1.5870006663505476,12.968615086214095,3.186044411286245,27.39511974423103,4.471995000995588,0.7615224647777886,0.06703226856021748,1.0,0.45454545454545453,0.625,random
metalization,PFI-SBS,2,9,0.8333333333333334,0.6493021407206292,6,46.15239400000428,54,0.742273128636655,0.7443649633814725,0.03415949130638589,6.9137840741479915,1.5695542908984903,12.939763062746886,3.3199891417656544,27.10641554725435,3.9690591901267007,0.7617352896335107,0.0762931652142549,1.0,0.45454545454545453,0.625,random
metalization,PFI-SBS,3,10,0.8148148148148149,0.7232678017359709,7,41.57041410000238,54,0.7489341915715775,0.7419520203492198,0.03267721070516543,6.961251920441134,1.5013767913823557,12.967218765276831,3.376441266408995,27.31668572089167,2.9710676440425594,0.7574169147681264,0.08244953413571798,1.0,0.45454545454545453,0.625,random
metalization,PFI-SBS,4,8,0.8518518518518519,0.6745323651713143,4,41.328149199995096,54,0.7401610861471644,0.739932711665391,0.02578742470531727,7.039869474772403,1.535420524860966,12.916191214199792,2.932630288805947,27.460947596925696,4.246973562966634,0.7636946256410794,0.05473342096586241,1.0,0.45454545454545453,0.625,random
metalization,NSGA2,0,2,0.962962962962963,0.7922361062077109,0,2026.5371974000009,5465,0.6998815670439396,0.7222426382604762,0.03622549101445709,7.500334965718051,1.7029442381626438,13.350102386641117,3.349049329929652,30.411963946842548,5.013618602700146,0.747049489513611,0.07027546729770427,1.0,0.18181818181818182,0.3076923076923077,random
metalization,NSGA2,1,2,0.962962962962963,0.7922361062077109,0,2296.0426592000003,6008,0.7109940370610536,0.7190093099571381,0.03859099643316092,7.577948917662917,1.6976523754695716,13.360985001469762,3.5581186547956376,30.443292963568293,4.906534675790713,0.7461407897478918,0.07587993691575871,1.0,0.18181818181818182,0.3076923076923077,random
metalization,NSGA2,2,2,0.962962962962963,0.7922361062077109,0,1963.4658624000003,5098,0.708841832422153,0.7181740941086235,0.0368931888320444,7.603315272691594,1.6789888836464375,13.693675225053655,3.5986008449160223,30.026057543979974,5.325566202559649,0.7357534442472263,0.07350493190136963,1.0,0.18181818181818182,0.3076923076923077,random
metalization,NSGA2,3,2,0.962962962962963,0.7922361062077109,0,2088.479701700009,5402,0.7153762672900769,0.721209567811816,0.033021409889605134,7.515131201345943,1.5840463172838635,13.336000298284555,3.4920236700860467,30.47770640862884,4.3202106984832795,0.7453939336232713,0.08251539470174094,1.0,0.18181818181818182,0.3076923076923077,random
metalization,NSGA2,4,2,0.962962962962963,0.7922361062077109,0,1746.2824298999913,4755,0.7099404895471546,0.7178273855950585,0.03512708116921248,7.606796125920629,1.6395011025692536,13.642069547076042,3.399791916760784,30.632077406733973,5.65081477183369,0.7340188707083921,0.07696752819162578,1.0,0.18181818181818182,0.3076923076923077,random
deposition,ALL,0,54,0.0,0.4627753353842121,18,1.0022724000009475,1,0.6612147872780711,0.6597141466270061,0.051091398549729314,7.299066693150487,1.4648435940878584,13.242476724089029,3.1881597267491313,41.08559689740614,9.152588208598388,0.6581337694283446,0.09457431759371089,0.2558139534883721,1.0,0.40740740740740744,random
deposition,ALL,1,54,0.0,0.4627753353842121,18,0.987136299998383,1,0.6551485018352203,0.6582573299995889,0.05213585816665323,7.324698241586156,1.4593987585679167,13.476192914875925,3.5216612347720115,41.81098770891058,8.769639687102135,0.6451531486224883,0.11520917316546112,0.2558139534883721,1.0,0.40740740740740744,random
deposition,ALL,2,54,0.0,0.4627753353842121,18,0.9559892999968724,1,0.6586642471371889,0.6600393009406211,0.04516124600081982,7.302639410878247,1.4405390921497905,13.101465014326852,3.2457330663542083,41.542238723592504,8.20597685217762,0.6684981584589493,0.08402106870766175,0.2558139534883721,1.0,0.40740740740740744,random
deposition,ALL,3,54,0.0,0.4627753353842121,18,0.9618400000035763,1,0.6532966663786368,0.6657704368558153,0.0571465339503914,7.154118858262725,1.4218386876420994,12.975619420519584,3.279302422151956,40.22357461242389,7.376192605361418,0.6726312653658071,0.10046863789762796,0.2558139534883721,1.0,0.40740740740740744,random
deposition,ALL,4,54,0.0,0.4627753353842121,18,0.9412448999937624,1,0.6512152058007314,0.6529779534929367,0.059835999998672944,7.440908525168925,1.5608651313900266,13.417125872130471,3.4852390144601717,41.59614460995476,7.809967526821108,0.6474888411585865,0.11680350250416847,0.2558139534883721,1.0,0.40740740740740744,random
deposition,FILTER,0,43,0.20370370370370372,0.3200251013752406,0,1.484772099996917,2,0.6605089141853615,0.6474703108010573,0.05944636909327055,7.546643747086628,1.5143245387261952,13.467247480484177,3.2942424100734873,42.71139373326344,9.658131904020365,0.6461134949476934,0.10264113524000322,0.2558139534883721,1.0,0.40740740740740744,random
deposition,FILTER,1,43,0.20370370370370372,0.3200251013752406,0,1.528689900005702,2,0.6442056491535699,0.6472133231338901,0.057598985185227096,7.535146618830436,1.3895567030995364,13.704859257894709,3.182502934228682,43.962281864723444,9.103824106433594,0.628342267127311,0.11749045672156201,0.2558139534883721,1.0,0.40740740740740744,random
deposition,FILTER,2,43,0.20370370370370372,0.3200251013752406,0,1.9975082999881124,2,0.6485279970918422,0.6482800722369519,0.0526430620962574,7.571955636731892,1.6151198621521548,13.380970550960484,3.3764519465580443,44.11766475807993,9.283715859340697,0.6540763848948863,0.09729161244268608,0.2558139534883721,1.0,0.40740740740740744,random
deposition,FILTER,3,43,0.20370370370370372,0.3200251013752406,0,1.886916300005396,2,0.6540833719782759,0.6445135127922682,0.06125329720541298,7.588191574292401,1.4143640613111486,13.556105949920155,3.1630056921216565,42.38434684289523,8.031828082823466,0.6410184765529099,0.10259497385644659,0.2558139534883721,1.0,0.40740740740740744,random
deposition,FILTER,4,43,0.20370370370370372,0.3200251013752406,0,1.6035621999908471,2,0.6461876234419378,0.6485022753601347,0.05689785813156645,7.557555310797799,1.6245421669878843,13.387276027046342,3.3475109127944496,43.46205835132629,8.375274757860883,0.6513130578006928,0.10387878668617202,0.2558139534883721,1.0,0.40740740740740744,random
deposition,TSFGA,0,9,0.8333333333333334,0.5821510289180486,0,2726.478965100003,4883,0.7042513241554824,0.6885355201297504,0.05180162941340994,6.68604025033879,1.4508946003141832,12.381850391451449,3.1684856758672506,34.6589448023108,7.526159011596757,0.7000040563012784,0.09893229350721139,0.5555555555555556,0.45454545454545453,0.5,random
deposition,TSFGA,1,8,0.8518518518518519,0.6157752123420476,0,6883.647809800008,15594,0.7125656077167966,0.6910297713847308,0.060065307264016085,6.62643092452706,1.5718050515064883,12.44282414952109,3.5053195478965655,33.88694310109965,7.58062202054057,0.6912604264211488,0.13352327053851387,0.75,0.5454545454545454,0.631578947368421,random
deposition,TSFGA,2,8,0.8518518518518519,0.5115655904471386,0,4339.676010100011,8071,0.6771306157507175,0.6718741457913774,0.04465937633006326,7.052711814628262,1.4385827320424533,12.884644217963949,3.137861576360775,38.12202739005901,7.769995116894625,0.678671523168338,0.0823468576072865,0.375,0.2727272727272727,0.3157894736842105,random
deposition,TSFGA,3,9,0.8333333333333334,0.5266825636338844,0,5484.016694399994,11163,0.6879258919294129,0.6802705390764513,0.060722985300310534,6.840210036764906,1.4612558804840858,12.702374075546674,3.3582290084555355,35.935205858029875,7.841765453475979,0.6815187467553159,0.11543498781405273,0.4444444444444444,0.36363636363636365,0.39999999999999997,random
deposition,TSFGA,4,8,0.8518518518518519,0.5943828079958117,0,4372.160551000008,6744,0.6966572582676474,0.6861616488359841,0.05625235825106596,6.743143998530274,1.5316793512118787,12.590052901641652,3.4228668960529394,34.15763796636339,6.330236247545979,0.6880652601943998,0.11271932871023209,0.625,0.45454545454545453,0.5263157894736842,random
deposition,mRMR,0,14,0.7407407407407407,0.5866415896007682,6,31.407658500000252,54,0.6945878087412443,0.6901042107950276,0.053033347763744916,6.667937895271127,1.5240181430376885,12.277098062532003,3.4172578465815433,35.07099857104944,7.46872731521506,0.7079050285942757,0.0981505522525894,0.6,0.5454545454545454,0.5714285714285713,random
deposition,mRMR,1,16,0.7037037037037037,0.5916176714238283,7,34.12090559999342,54,0.7000687403455803,0.6865402058472927,0.055806725895613134,6.723195019281485,1.4652530137569788,12.650116837412407,3.465385463338731,35.20361534862673,7.688482002860182,0.6834367568021593,0.1268614549037711,0.6363636363636364,0.6363636363636364,0.6363636363636364,random
deposition,mRMR,2,10,0.8148148148148149,0.709767933131188,4,30.995679900006508,54,0.7009034930199708,0.6909480763718848,0.048908697104104844,6.666733109506073,1.5528800063594332,12.267072158533308,3.3802640124728356,33.98716512076507,7.478112127154873,0.7101736019552853,0.09038127904863781,0.7142857142857143,0.45454545454545453,0.5555555555555556,random
deposition,mRMR,3,11,0.7962962962962963,0.6030750067455091,6,35.26661459999741,54,0.6949408620412053,0.689609920940746,0.05367970125090528,6.66649982183022,1.448579919954629,12.45741784325066,3.4333699845160464,33.83288639341864,7.7252259451066125,0.6949805974296255,0.11674795823500393,0.7142857142857143,0.45454545454545453,0.5555555555555556,random
deposition,mRMR,4,16,0.7037037037037037,0.5916176714238283,7,36.94101780001074,54,0.6917339996974243,0.6828492784879499,0.0621756415994432,6.8144149350301575,1.6145002373337667,12.636711504294421,3.664743317961016,35.29739846030635,7.610223830152724,0.6887069533561945,0.11564291049951499,0.6363636363636364,0.6363636363636364,0.6363636363636364,random
deposition,MI,0,16,0.7037037037037037,0.5999290696952738,15,35.09155329999339,54,0.7002081754849141,0.6952307321851506,0.050598696934304285,6.55730194062597,1.4960192070235205,12.298285648664194,3.406187112000964,33.86920782065916,7.270891321369682,0.7043633805077048,0.10694320055592038,0.8571428571428571,0.5454545454545454,0.6666666666666665,random
deposition,MI,1,16,0.7037037037037037,0.5999290696952738,15,35.68492109999352,54,0.7124343996492764,0.6920442505872013,0.06161667850731514,6.598860679417141,1.5339822655160196,12.504298943193842,3.6679687817458646,33.739680016556036,7.942402385094281,0.6904264110477893,0.13051688461100622,0.8571428571428571,0.5454545454545454,0.6666666666666665,random
deposition,MI,2,16,0.7037037037037037,0.5999290696952738,15,37.75277820001065,54,0.7067389265576303,0.6985570177522499,0.0492389124953224,6.494845097906609,1.490506720389088,11.973657059455899,3.433377493143723,33.59817903564358,6.171759871686704,0.7226642558285145,0.09387524606077881,0.8571428571428571,0.5454545454545454,0.6666666666666665,random
deposition,MI,3,16,0.7037037037037037,0.5999290696952738,15,37.932033199991565,54,0.6965883174391692,0.6998417010101484,0.06173130406783685,6.435713112658292,1.5018030335587627,12.164833169393813,3.5963990998920745,32.85164474604407,6.955335544091735,0.7091716042034852,0.11808335782472035,0.8571428571428571,0.5454545454545454,0.6666666666666665,random
deposition,MI,4,15,0.7222222222222222,0.5960116666950076,15,38.76451060001273,54,0.6939226891623635,0.6898631513180403,0.05960849711250637,6.657885542198584,1.5439560786290731,12.460635955737906,3.573129403177806,33.99918181621272,7.003265191530416,0.696179735497626,0.11583131568555914,1.0,0.5454545454545454,0.7058823529411764,random
deposition,DDA,0,9,0.8333333333333334,0.6121382391642914,3,21.30900359999214,55,0.7150727986357304,0.7006793528841823,0.04994401661753398,6.427002478013885,1.3927685016059488,12.146825582558593,3.1283136125200355,32.04401755441475,6.044039258240202,0.7110861188986027,0.09528120482717023,0.8333333333333334,0.45454545454545453,0.5882352941176471,random
deposition,DDA,1,14,0.7407407407407407,0.5801466358121653,8,25.738752100005513,55,0.7174145188740566,0.6943543633964562,0.059303075323611,6.55163056496474,1.5263802526983685,12.424645791387743,3.5780106023880625,33.967848469386276,8.125036455369976,0.6932721795503015,0.12571857066920636,0.75,0.5454545454545454,0.631578947368421,random
deposition,DDA,2,11,0.7962962962962963,0.6121787822514654,6,27.42484279999917,55,0.7139665698111066,0.7059966116361702,0.048772887547199904,6.339790265052079,1.5039188363879603,11.743058266947504,3.369386858527567,33.14411629736396,6.325730206654077,0.7318382303045241,0.09370084464375464,0.8333333333333334,0.45454545454545453,0.5882352941176471,random
deposition,DDA,3,11,0.7962962962962963,0.5914459928421248,6,23.032218100008322,55,0.710457525590625,0.6973474341778574,0.06020513775933779,6.466247618429495,1.386867155902792,12.119882422326205,3.2501368824350125,32.88694147801883,6.343011632935728,0.708983336827735,0.11093853736901685,0.8333333333333334,0.45454545454545453,0.5882352941176471,random
deposition,DDA,4,11,0.7962962962962963,0.6057867101034645,4,24.53233870000986,55,0.7064731791527974,0.6986499756937976,0.05590628653572836,6.465921716603528,1.4672423773465635,12.149469474539307,3.199277186058976,32.70355883543189,6.112941256698022,0.7082602909842447,0.11050323717171283,0.7142857142857143,0.45454545454545453,0.5555555555555556,random
deposition,PFI-SBS,0,8,0.8518518518518519,0.6582571199744442,4,46.45164629998908,54,0.7017995539712382,0.698769322938804,0.05298306102071295,6.495440750816897,1.5728255178178472,12.222036342594572,3.5137428835253455,33.08976283096474,7.72072303036475,0.7112524710062701,0.100454953677025,1.0,0.45454545454545453,0.625,random
deposition,PFI-SBS,1,12,0.7777777777777778,0.689195171719508,8,45.665906299997005,54,0.7118061438140821,0.6950026868630602,0.05996709536080501,6.559636446531045,1.6003051425372579,12.201968076233701,3.6328037083320326,33.56985568110052,7.981434968190266,0.7076199287875227,0.12202866333861656,0.8333333333333334,0.45454545454545453,0.5882352941176471,random
deposition,PFI-SBS,2,16,0.7037037037037037,0.5899070578812862,15,46.06403649999993,54,0.7074922826680856,0.700881132110567,0.04801190909408223,6.447878371295607,1.4525862367012115,11.860807151960769,3.3962636834602153,33.369194356623424,6.01486992536351,0.7284706962819575,0.09205772576914063,0.8571428571428571,0.5454545454545454,0.6666666666666665,random
deposition,PFI-SBS,3,14,0.7407407407407407,0.6429863027208756,11,48.28716599999461,54,0.7044510980697158,0.704053236779591,0.06290754513256425,6.345800815218956,1.4977400323733159,11.926312731252539,3.502493257621965,31.903418439441246,6.8126096824099225,0.7199726764132317,0.11537777155191865,0.8571428571428571,0.5454545454545454,0.6666666666666665,random
deposition,PFI-SBS,4,8,0.8518518518518519,0.6582571199744442,4,48.17256079999788,54,0.7036860397296807,0.698738059366395,0.05492508460915514,6.479389335286229,1.5139132241317599,12.23984841602373,3.5083038067731644,32.163647992785926,6.390768915591826,0.7078722394886313,0.1072407444810528,1.0,0.45454545454545453,0.625,random
deposition,NSGA2,0,2,0.962962962962963,0.7720940841533911,0,2219.976694600002,5448,0.6586408328007598,0.6411997045355419,0.045729558197141154,7.693204704086439,1.344071795859414,14.212680654773832,3.0379831828146227,38.168020953694516,7.2242190540357,0.597964028517953,0.15048756491567697,1.0,0.18181818181818182,0.3076923076923077,random
deposition,NSGA2,1,2,0.962962962962963,0.7720940841533911,0,2074.577369999999,5239,0.6545561923967586,0.6390492721989832,0.05238538680022569,7.746002496276003,1.464240161138939,14.406018500907702,3.361641378236006,38.441571256915154,7.785972930567141,0.5875069069722905,0.17261107647359664,1.0,0.18181818181818182,0.3076923076923077,random
deposition,NSGA2,2,2,0.962962962962963,0.7720940841533911,0,2397.653212899997,6082,0.6583633059982568,0.6487240904251516,0.042823431795408415,7.556107396203811,1.4538745592510378,13.877389752637336,3.11484806528323,37.77863957122498,7.6001438592385275,0.6252344625543635,0.09596792713696582,1.0,0.18181818181818182,0.3076923076923077,random
deposition,NSGA2,3,2,0.962962962962963,0.7720940841533911,0,2153.4166158000007,5544,0.663593922798246,0.6438244656831389,0.04823618233183723,7.64177249216668,1.3992301771663456,14.107997119775433,3.1438079650288366,37.833434216017984,7.314253592809919,0.6075186145085059,0.13597473681011887,1.0,0.18181818181818182,0.3076923076923077,random
deposition,NSGA2,4,2,0.962962962962963,0.7720940841533911,0,1956.0938350999932,4865,0.6560336429183355,0.6435423589820353,0.05096931014183011,7.6427705625778675,1.416867658160192,14.1305774870068,3.1642729634745836,37.88032218677321,6.780418642526259,0.6048060454463778,0.14316296135349324,1.0,0.18181818181818182,0.3076923076923077,random
planarization,ALL,0,54,0.0,0.4887022571931599,19,1.004910400006338,1,0.6763806579862947,0.6882124354106606,0.04898282972114367,6.232081827003282,1.3413437834137232,10.727848651096668,2.957993046580558,34.24819396977275,5.832280871654207,0.6071415821083573,0.1425713707846769,0.2558139534883721,1.0,0.40740740740740744,random
planarization,ALL,1,54,0.0,0.4887022571931599,19,0.9168846999964444,1,0.6800006304068239,0.6931158181106081,0.04515254291979165,6.126998279987891,1.238132641467709,10.699791491390641,3.006559039663018,34.049634851345765,5.6685242857894895,0.6089716843491677,0.15192386639739952,0.2558139534883721,1.0,0.40740740740740744,random
planarization,ALL,2,54,0.0,0.4887022571931599,19,1.1827912000007927,1,0.678306600204249,0.6865621036485048,0.053251158039825504,6.27057548605306,1.4835633038868645,10.841296097403058,3.0090367977324624,34.92404001389766,6.55394528646641,0.5979586862310529,0.15159905046866107,0.2558139534883721,1.0,0.40740740740740744,random
planarization,ALL,3,54,0.0,0.4887022571931599,19,1.1419332999939797,1,0.6730787734007847,0.6912395580021982,0.047675239251614765,6.183823760248211,1.4003095665851986,10.716435353047522,2.891005793274582,34.375900385105815,6.7954329468735075,0.6102793690575474,0.1323592604237474,0.2558139534883721,1.0,0.40740740740740744,random
planarization,ALL,4,54,0.0,0.4887022571931599,19,0.9504731999913929,1,0.6773293648101693,0.6876139171970699,0.04834631206764816,6.223494101188012,1.229457876570882,10.730682666977708,2.8379295828310718,34.472407756999615,6.236965684029451,0.6046166773520085,0.14783777849193447,0.2558139534883721,1.0,0.40740740740740744,random
planarization,FILTER,0,43,0.20370370370370372,0.3536082192689834,0,1.8609101000038208,2,0.6720276868106001,0.6815476067950624,0.054347007402892264,6.394923188670256,1.613438313858874,10.975813555914636,3.369258602691352,35.56521584192502,6.64313399683266,0.5982943639670056,0.14184136285490992,0.2558139534883721,1.0,0.40740740740740744,random
planarization,FILTER,1,43,0.20370370370370372,0.3536082192689834,0,1.6161583999928553,2,0.6769974207014077,0.6859049876420269,0.05105180326578578,6.300301565952561,1.5055228156838378,10.945044635819785,3.2620933039768882,34.927096824813155,6.536425743948588,0.6007870803500024,0.13730513159561153,0.2558139534883721,1.0,0.40740740740740744,random
planarization,FILTER,2,43,0.20370370370370372,0.3536082192689834,0,1.5484275000053458,2,0.669404387838492,0.682318624866006,0.056118672285065424,6.37856833607332,1.676368326628439,10.925495376466689,3.3821437674454944,35.69586244543168,6.872853587151481,0.5996349123532178,0.143241700963306,0.2558139534883721,1.0,0.40740740740740744,random
planarization,FILTER,3,43,0.20370370370370372,0.3536082192689834,0,2.05705499999749,2,0.6787778522294204,0.6840948652499491,0.0475355948288812,6.323876330054866,1.404988243063011,10.829364716206815,2.8987474930664807,35.73857155951819,7.249381153054847,0.6054465875449027,0.1236943368998585,0.2558139534883721,1.0,0.40740740740740744,random
planarization,FILTER,4,43,0.20370370370370372,0.3536082192689834,0,1.540484800003469,2,0.6780473397688708,0.6847739359026241,0.045864803194737284,6.304136234254559,1.3483764218013896,10.80186608249199,3.0021351598565693,34.99805086575076,6.391226398724665,0.6075735627340957,0.1350608232136965,0.2558139534883721,1.0,0.40740740740740744,random
planarization,TSFGA,0,7,0.8703703703703703,0.6008243194769842,0,4687.222577599998,10949,0.7116365020367745,0.7291460445046873,0.04187205591625736,5.418317908268496,1.1971119514053319,9.713246442744042,3.0009892970447827,28.145182447030034,4.837323008929879,0.6840835162811528,0.11749507372204412,0.5714285714285714,0.36363636363636365,0.4444444444444444,random
planarization,TSFGA,1,8,0.8518518518518519,0.5030582673849432,0,2590.1193749999948,4814,0.6871038337311517,0.6971998324532378,0.042101454319767875,6.040952196546042,1.1808909917088712,10.36710720024525,3.293035535847368,33.309292489073556,4.505753771408924,0.6390360048414773,0.14245734974691873,0.5,0.36363636363636365,0.4210526315789474,random
planarization,TSFGA,2,5,0.9074074074074074,0.6486516504036489,0,4752.941334800009,11101,0.7101781652002737,0.7169613952754733,0.04750720529922572,5.697192463892765,1.5887191010550117,10.244108423452367,3.5476349424462628,29.1753748890582,6.647810599634637,0.6453268530426238,0.1627350217660574,0.8,0.36363636363636365,0.5000000000000001,random
planarization,TSFGA,3,5,0.9074074074074074,0.7488501405911452,0,5914.839806000004,15598,0.7340243985024306,0.7346973873828582,0.0400563152671085,5.336064422087174,1.3382216454847757,9.701223657779902,3.1383054056761917,27.191086681075593,4.819812045213123,0.6888507886945086,0.11561188848777285,1.0,0.45454545454545453,0.625,random
planarization,TSFGA,4,6,0.8888888888888888,0.6159788890516108,0,3131.564719999995,6364,0.7039004301792553,0.713763313856509,0.041926100354282146,5.737936073859197,1.3259557260644155,10.047373591620412,3.0715175814487545,31.37125345532547,5.412015423760184,0.6616603109859743,0.13127863671891254,0.6666666666666666,0.36363636363636365,0.4705882352941177,random
planarization,mRMR,0,13,0.7592592592592593,0.692894306448464,4,37.582823999997345,54,0.7118633260372995,0.7145598840971722,0.03738183425602815,5.7267678156107396,1.2963527979333316,10.300120703505725,3.04698963671407,30.158850693489008,5.600454241007508,0.6495246213152643,0.1139309093157665,0.4,0.36363636363636365,0.380952380952381,random
planarization,mRMR,1,13,0.7592592592592593,0.692894306448464,4,37.230729999995674,54,0.7109557483126474,0.7181648355934909,0.03749930903898342,5.659508816570545,1.3154916342951153,10.181367913371146,3.1236275574136783,29.998137921475305,5.340423669867501,0.6552620340411035,0.12578312597501426,0.4,0.36363636363636365,0.380952380952381,random
planarization,mRMR,2,13,0.7592592592592593,0.692894306448464,4,41.762380300002405,54,0.7114009306553968,0.7108690790233827,0.04406512536478913,5.816131364813671,1.4825460467267393,10.459132742411734,3.213585081462933,30.632981263307887,5.790728174529697,0.6361543718003297,0.1257291106994284,0.4,0.36363636363636365,0.380952380952381,random
planarization,mRMR,3,13,0.7592592592592593,0.692894306448464,4,35.71265629999107,54,0.7058879169820302,0.7175524850914954,0.037860683949100644,5.657223331599997,1.2322930156715848,10.151209732319982,2.908157841544227,29.77829492288381,5.148255408321196,0.6532770173545633,0.12374059176291745,0.4,0.36363636363636365,0.380952380952381,random
planarization,mRMR,4,13,0.7592592592592593,0.692894306448464,4,32.54206680000061,54,0.7168129648061081,0.7144201630228918,0.0413464945722793,5.718881674366241,1.2761456817333252,10.21588489568934,2.9504163619453205,30.559296848937013,5.6590963879483445,0.649181125220398,0.12458473154477838,0.4,0.36363636363636365,0.380952380952381,random
planarization,MI,0,16,0.7037037037037037,0.6299564146539965,16,35.419579099994735,54,0.7164766946228709,0.7231403664487916,0.038457768964041225,5.5367197993301165,1.153972565450084,9.958903508178603,2.9536698842641136,28.77554423065514,4.352489203053786,0.6620861040293425,0.13723960376376756,0.7142857142857143,0.45454545454545453,0.5555555555555556,random
planarization,MI,1,16,0.7037037037037037,0.6299564146539965,16,38.784092100002454,54,0.7194899034361064,0.7285211788401952,0.03692480392910228,5.423383258595228,1.1009620965609295,9.802501628907711,2.993622081927395,28.358096106981797,3.835712901925452,0.6756277845203708,0.1274747193776944,0.7142857142857143,0.45454545454545453,0.5555555555555556,random
planarization,MI,2,16,0.7037037037037037,0.6299564146539965,16,34.24549470000784,54,0.7159183855906661,0.7171407388112898,0.042411900057084104,5.654716788892602,1.254809794213954,10.16651053456487,2.971099087429289,29.513556029404334,4.810231430338435,0.6454953571345631,0.14435239144226897,0.7142857142857143,0.45454545454545453,0.5555555555555556,random
planarization,MI,3,17,0.6851851851851851,0.6266363495032755,16,35.21590919999289,54,0.7117085417851415,0.7193037839935452,0.03979310340980832,5.622597657199065,1.2341969604477272,10.064120970652848,2.916553034262804,29.270045440904106,4.7510658614019015,0.6585113200059667,0.12041440696944623,0.625,0.45454545454545453,0.5263157894736842,random
planarization,MI,4,16,0.7037037037037037,0.6299564146539965,16,36.18286820000503,54,0.7245381438690551,0.7164747850249398,0.039896539463497895,5.668855762894408,1.1899970744638066,10.071321925993812,2.78537476696281,29.721502438536557,5.104344214919306,0.6537960543362543,0.13317569634311582,0.7142857142857143,0.45454545454545453,0.5555555555555556,random
planarization,DDA,0,12,0.7777777777777778,0.7410611416021036,5,25.511909599998035,55,0.723962442774912,0.7271306577457092,0.041257223144410424,5.481810527616347,1.3603173089781804,10.052524576523016,3.1498888012787147,28.21748009346272,5.2060376054717015,0.6622348342774816,0.13141227338354347,0.75,0.5454545454545454,0.631578947368421,random
planarization,DDA,1,10,0.8148148148148149,0.7677251794134355,4,26.06643430000986,55,0.7279788753895923,0.7310680811942241,0.03854481624156686,5.37205203967307,1.1164772344931393,9.80589661386383,2.9303066206862693,27.690901917389176,4.193625433122216,0.6759281896123379,0.12354441539633024,1.0,0.5454545454545454,0.7058823529411764,random
planarization,DDA,2,12,0.7777777777777778,0.7392098276172109,6,23.82269709999673,55,0.7238206116288919,0.7244523261881869,0.03989626860254529,5.52595569484209,1.3226910013804511,10.012842116569853,3.1030202216365237,28.83761269733013,5.052488375782258,0.6632049831855392,0.12896264733920504,0.8571428571428571,0.5454545454545454,0.6666666666666665,random
planarization,DDA,3,10,0.8148148148148149,0.7656195261625267,2,21.544402600004105,55,0.7260014465143707,0.7240503583706268,0.03793792682180013,5.522259213815369,1.187842582711205,9.94339822767559,2.9305235364921596,28.702367101317307,4.226772778954469,0.666209849224073,0.12725829816143852,0.75,0.5454545454545454,0.631578947368421,random
planarization,DDA,4,12,0.7777777777777778,0.7426519445455504,6,23.002961799997138,55,0.7295030474745761,0.7203626477241,0.03922138430946972,5.6019133879664675,1.246354436380507,10.037662690970402,2.9673598735461217,29.23198215649266,5.184029372862783,0.6573009268429291,0.13342110790355252,1.0,0.6363636363636364,0.7777777777777778,random
planarization,PFI-SBS,0,11,0.7962962962962963,0.7297370434074714,7,46.296200900003896,54,0.7212984566079779,0.7354223733981581,0.039739224567600234,5.308662907613319,1.2336748933599893,9.663020703885547,3.1981827472041533,27.221070547441446,3.840432055177913,0.6864366019992094,0.1354496631690891,0.8333333333333334,0.45454545454545453,0.5882352941176471,random
planarization,PFI-SBS,1,11,0.7962962962962963,0.7297370434074714,7,40.66910600000119,54,0.7275615207187529,0.737576264793618,0.03968756809192024,5.255670613884934,1.1975077818690512,9.543881899744227,3.1359498911538357,27.127179127412855,3.620695174904238,0.6927688676934626,0.13274699858321,0.8333333333333334,0.45454545454545453,0.5882352941176471,random
planarization,PFI-SBS,2,10,0.8148148148148149,0.6519936849744982,6,44.47110739999334,54,0.7231123848168789,0.7290409439544967,0.04461728192816299,5.448625657705202,1.4207451624196572,9.82635863234111,3.2679136421925223,28.103677942396374,4.710293155529766,0.6769355840666196,0.1333295304970622,0.8333333333333334,0.45454545454545453,0.5882352941176471,random
planarization,PFI-SBS,3,10,0.8148148148148149,0.6519936849744981,6,45.54246160000912,54,0.721749868887257,0.7343864091193215,0.037643884620372055,5.326292207258212,1.2189375569001029,9.611510549731515,3.0455797400354854,27.66973581048121,4.114276531630146,0.6892001613529399,0.12900032388480306,0.8333333333333334,0.45454545454545453,0.5882352941176471,random
planarization,PFI-SBS,4,13,0.7592592592592593,0.7375502795084032,7,45.30708440000308,54,0.7289721931197171,0.7247505068517186,0.03801119476978322,5.507255549927292,1.1617836507886856,9.8249793118769,2.924405374164238,28.763208207119465,4.093544953237356,0.6729539803566704,0.13053563904735888,0.75,0.5454545454545454,0.631578947368421,random
planarization,NSGA2,0,2,0.962962962962963,0.7878281143489808,0,1864.0608386000094,5020,0.6748237452636494,0.6884539202743157,0.04122663779104152,6.2295182009793555,1.276043504623224,10.576772115135999,2.9310591916674125,34.329784412404,5.431676286088258,0.6237911584677494,0.1317052531473577,1.0,0.18181818181818182,0.3076923076923077,random
planarization,NSGA2,1,2,0.962962962962963,0.7878281143489808,0,2019.2985912000004,5508,0.6751748628161878,0.6895645582310744,0.04219214290165608,6.190916519762358,1.1726089327345013,10.537670085797908,2.9022544799637613,34.199117994459165,4.822611213195063,0.6254002857467603,0.1342646291408896,1.0,0.18181818181818182,0.3076923076923077,random
planarization,NSGA2,2,2,0.962962962962963,0.7878281143489808,0,1936.825889700005,5552,0.6700620204039714,0.685740898068772,0.042125259453621534,6.271085232741383,1.2295407537844758,10.633865608458413,2.954681695928592,34.418426368831845,5.325789045418269,0.6160847602124296,0.14887783708704697,1.0,0.18181818181818182,0.3076923076923077,random
planarization,NSGA2,3,2,0.962962962962963,0.7878281143489808,0,1736.2535898999922,5023,0.6784694062512936,0.6849352616472082,0.0418342120222218,6.298662422296539,1.3065850022854963,10.646960171466718,2.8708906860820513,34.57496647682037,5.7078246789705425,0.6179629959167888,0.13295551011839768,1.0,0.18181818181818182,0.3076923076923077,random
planarization,NSGA2,4,2,0.962962962962963,0.7878281143489808,0,1922.9595226999954,5894,0.6785421393396005,0.6862979915734034,0.04106985077036198,6.256159626354869,1.1708506966301138,10.563395183925458,2.785463715338923,34.5703760076987,5.1617876026531695,0.6200927874880523,0.14235497082143253,1.0,0.18181818181818182,0.3076923076923077,random
lithography,ALL,0,54,0.0,0.46809661736802993,17,1.1212225000053877,1,0.6810831579794021,0.7203673588857037,0.0381250366990561,4.04568726662721,0.7362302811894903,6.630066272206724,1.610608591549778,29.342683038768985,2.5485417595442437,0.621742081052665,0.07222203056145542,0.2558139534883721,1.0,0.40740740740740744,temporal
lithography,ALL,1,54,0.0,0.46809661736802993,17,1.1214158999937354,1,0.6910641053656323,0.725521574544557,0.04404222636846237,3.9757551068687564,0.8219060349533978,6.514962525982218,1.6868787277310842,28.713195382409353,3.6084813870370978,0.6357336738024546,0.08689622669883383,0.2558139534883721,1.0,0.40740740740740744,temporal
lithography,ALL,2,54,0.0,0.46809661736802993,17,1.1142859999963548,1,0.6820696846804479,0.7263566975667783,0.043584832115503326,3.9622729857443058,0.7974934657193536,6.491798624845627,1.657834063766505,28.590995390230333,3.662631335310409,0.6367805846303856,0.08606523682560702,0.2558139534883721,1.0,0.40740740740740744,temporal
lithography,ALL,3,54,0.0,0.46809661736802993,17,1.0551216000021668,1,0.6804821701000845,0.7238026722332424,0.03805652803290901,3.9902370347736786,0.7022560622801886,6.559930886581115,1.5127443631845874,28.775829697174252,2.719046107700427,0.6257235902381566,0.07634522204225566,0.2558139534883721,1.0,0.40740740740740744,temporal
lithography,ALL,4,54,0.0,0.46809661736802993,17,1.2597529999911785,1,0.6825000610148879,0.7230299029791734,0.04061744663987949,3.9991444897273998,0.718026079901334,6.529165061775994,1.6327355816299838,29.297821281329227,3.162953950704066,0.6302684493869941,0.08854194287294061,0.2558139534883721,1.0,0.40740740740740744,temporal
lithography,FILTER,0,44,0.18518518518518523,0.3458394257119503,0,1.8476895000057993,2,0.6793682263928389,0.7156190260390924,0.038769628101678756,4.112964146894914,0.7525809195750972,6.766619387782735,1.7411458642787236,30.014542811953344,3.2034263122790843,0.607213521053104,0.07732524492035336,0.2558139534883721,1.0,0.40740740740740744,temporal
lithography,FILTER,1,44,0.18518518518518523,0.3458394257119503,0,1.8896912999916822,2,0.6867481969799981,0.7228884880930397,0.03510823114328539,4.0241471902958414,0.802397974130736,6.580400460314481,1.6993649631654468,29.247373205382573,3.2688929956304196,0.6307446061538181,0.06946429253935461,0.2558139534883721,1.0,0.40740740740740744,temporal
lithography,FILTER,2,44,0.18518518518518523,0.3458394257119503,0,1.7604198999906657,2,0.6826532227055537,0.7228246056937208,0.04117641523794432,4.003359450350829,0.7362874416911219,6.57582177404027,1.701595425960255,29.542744565265785,3.7015493383352918,0.6265992689642726,0.08878206347497222,0.2558139534883721,1.0,0.40740740740740744,temporal
lithography,FILTER,3,44,0.18518518518518523,0.3458394257119503,0,1.6706605999934254,2,0.6817527731180737,0.7210173539262545,0.04209457035776984,4.0252633160116975,0.7390207980390261,6.671153954846013,1.672419016741531,29.323441860107273,3.2401798439062826,0.6133506464671271,0.08952149825266682,0.2558139534883721,1.0,0.40740740740740744,temporal
lithography,FILTER,4,44,0.18518518518518523,0.3458394257119503,0,1.6912203999963822,2,0.6752821236579473,0.7207560148148213,0.03734657522890228,4.03884249708998,0.7149882669123501,6.638048334053368,1.657006194613724,29.8754888267158,2.9412008171272697,0.620088798054062,0.08153185174402985,0.2558139534883721,1.0,0.40740740740740744,temporal
lithography,TSFGA,0,8,0.8518518518518519,0.591919165427987,0,5466.3719486000045,8693,0.7325148263756962,0.7456589084774572,0.03696791121471648,3.6738440833770354,0.6628652829043971,6.2376419577133975,1.5453940683604268,25.22451075093915,3.5122446978894355,0.6622110671131332,0.07849631632862887,0.625,0.45454545454545453,0.5263157894736842,temporal
lithography,TSFGA,1,10,0.8148148148148149,0.5363564808026824,0,3040.8716019999993,4744,0.7290307569669019,0.7427584594596921,0.03578434655089351,3.7224601927633274,0.7006425158764436,6.305439364678763,1.4846318247420849,26.05474196029611,3.7561480012194495,0.6552352046007222,0.07078585802248957,0.5,0.45454545454545453,0.47619047619047616,temporal
lithography,TSFGA,2,8,0.8518518518518519,0.5400994341857497,0,4844.583423299991,7683,0.7317220924642877,0.7397729549028302,0.036016383479015486,3.748436822758718,0.5975396543910552,6.352872656081218,1.2926716997952612,25.80195142341894,3.3805424373076645,0.6438815407098681,0.07941498636806317,0.625,0.45454545454545453,0.5263157894736842,temporal
lithography,TSFGA,3,5,0.9074074074074074,0.5807032623350644,0,6374.368827700004,10089,0.7079591492316124,0.7202277884866815,0.0350926619070356,4.038818043231838,0.6564536613662635,6.613503529895337,1.5150998647219278,29.095558299314327,3.422763500830034,0.6195784556195193,0.07819779295873733,0.4,0.18181818181818182,0.25000000000000006,temporal
lithography,TSFGA,4,8,0.8518518518518519,0.5396935848541237,0,4850.6747283,7753,0.7191839691172861,0.7414992428746229,0.033450927033717,3.7391499898666916,0.6607213540914174,6.24075397507549,1.4627263981380996,26.94918599004505,2.508784412100584,0.6626490683162136,0.06833105362815953,0.5714285714285714,0.36363636363636365,0.4444444444444444,temporal
lithography,mRMR,0,7,0.8703703703703703,0.635035970518137,1,38.55029659999127,54,0.7438321490507995,0.7476935080491148,0.040812728045802805,3.6396412043566704,0.6694723097307039,6.160892759136455,1.4550602823108547,24.831414578059402,3.7631217521667804,0.6655826021612494,0.10162519037035316,0.6666666666666666,0.36363636363636365,0.4705882352941177,temporal
lithography,mRMR,1,7,0.8703703703703703,0.635035970518137,1,39.65134440000111,54,0.7468871686132985,0.7492331022027873,0.039005440686149265,3.6163967073297507,0.6473721984574627,6.112332817464386,1.2871164492136313,24.719351936502946,3.8830309283996156,0.6712634717984024,0.07944168331351695,0.6666666666666666,0.36363636363636365,0.4705882352941177,temporal
lithography,mRMR,2,7,0.8703703703703703,0.635035970518137,1,38.070072799993795,54,0.7416000720033807,0.7496887003999614,0.0372421579222189,3.61581559298641,0.6643159763391677,6.145478834384358,1.3647169323251935,24.57347036243946,3.470842071592861,0.6690069290499897,0.08343588236119469,0.6666666666666666,0.36363636363636365,0.4705882352941177,temporal
lithography,mRMR,3,7,0.8703703703703703,0.635035970518137,1,37.682868400006555,54,0.7494640484795416,0.7462055934380672,0.04265901233469276,3.6584442558734867,0.6901553692551715,6.140734037474653,1.4182579422929609,24.888439181679882,3.907230613544778,0.6661302329670259,0.10038488379890229,0.6666666666666666,0.36363636363636365,0.4705882352941177,temporal
lithography,mRMR,4,7,0.8703703703703703,0.635035970518137,1,41.53202820000297,54,0.7414720384401606,0.7446865883535111,0.039253037720121696,3.68430619608796,0.6631088390233071,6.1992112198565925,1.4113722620642764,25.116253799824968,3.555227408892537,0.6605212063558475,0.09950737376641954,0.6666666666666666,0.36363636363636365,0.4705882352941177,temporal
lithography,MI,0,15,0.7222222222222222,0.5946149816038,12,43.59087040000304,54,0.7271504969299895,0.7503309396368525,0.03467583712552045,3.613277997806242,0.6799234368204885,6.08093457105912,1.2998852597875927,25.37452045542482,2.8508614703901296,0.6774077554657655,0.07141347876353328,0.7142857142857143,0.45454545454545453,0.5555555555555556,temporal
lithography,MI,1,15,0.7222222222222222,0.5946149816038,12,41.95077889999084,54,0.7350928804242162,0.7505974119441589,0.040664885882060554,3.610307009526188,0.7501437957106502,5.977723138594876,1.402902321960984,25.20580473569199,3.1904720697859617,0.6896937670477004,0.0765462616154999,0.7142857142857143,0.45454545454545453,0.5555555555555556,temporal
lithography,MI,2,15,0.7222222222222222,0.5946149816038,12,40.21660189999966,54,0.7316481147512964,0.7508386839193729,0.03907116015417663,3.605924857882819,0.7225279999419935,6.086705827062125,1.34636683504,25.284910210701675,3.4839331428468157,0.6771725682005132,0.07090538090744589,0.7142857142857143,0.45454545454545453,0.5555555555555556,temporal
lithography,MI,3,15,0.7222222222222222,0.5946149816038,12,33.53709080000408,54,0.7291668713360135,0.7502001243603235,0.03703186354544914,3.611135896595736,0.6923918376208229,6.117934784496805,1.3008099151726662,25.22127645418094,3.209433811437334,0.6725616457430005,0.0690892528371971,0.7142857142857143,0.45454545454545453,0.5555555555555556,temporal
lithography,MI,4,15,0.7222222222222222,0.5946149816038,12,41.17629499999748,54,0.7251680506808472,0.7484120368792552,0.03947848710280911,3.6326755279050573,0.6845909644248412,6.025133288403149,1.3383797612423387,25.594866225321322,3.2284416137019103,0.6802247585269978,0.0884521595088374,0.7142857142857143,0.45454545454545453,0.5555555555555556,temporal
lithography,DDA,0,9,0.8333333333333334,0.5629973833773229,2,25.74091690000205,55,0.7519508321208468,0.7554688111354958,0.042753741150162144,3.5341230395314,0.7230413842822474,5.932953950831868,1.363134438064073,24.588973437310155,3.2723000937953652,0.6877960691340448,0.10244882332933329,0.8571428571428571,0.5454545454545454,0.6666666666666665,temporal
lithography,DDA,1,9,0.8333333333333334,0.7479793068131662,3,23.110031500007608,55,0.7473673994800795,0.7595039189958401,0.03651562803053881,3.4812855661136437,0.6722123792342419,5.885678645887434,1.438892940492166,23.97273353382135,2.7842440696748127,0.70070221435495,0.07133914972697364,1.0,0.5454545454545454,0.7058823529411764,temporal
lithography,DDA,2,10,0.8148148148148149,0.6403923900543261,2,23.99094669999613,55,0.7472106941172973,0.7549618007729353,0.03785331295991843,3.5422009635162675,0.6844344946830789,5.965994446700324,1.433607681070632,24.433167393891676,3.6217591168809804,0.6876644762830607,0.08698827600419848,1.0,0.7272727272727273,0.8421052631578948,temporal
lithography,DDA,3,9,0.8333333333333334,0.6412516721852097,1,24.465477200006717,55,0.756060717349542,0.7525869297985668,0.04023179197501255,3.578007267810457,0.7219157183426731,6.022345183260875,1.4284011354466812,24.367847558227172,3.4995658132026835,0.6807501532650925,0.0888925157787143,0.875,0.6363636363636364,0.7368421052631579,temporal
lithography,DDA,4,12,0.7777777777777778,0.5724021630947538,4,23.553504700001213,55,0.7424206710171666,0.7591253631987781,0.03670031790093668,3.475899670188818,0.6221248374716948,5.899751994460456,1.3463372446483632,24.189320240122388,3.160573072932254,0.6888813575965391,0.09830103237973375,0.7777777777777778,0.6363636363636364,0.7000000000000001,temporal
lithography,PFI-SBS,0,7,0.8703703703703703,0.7784791343097314,4,50.26053820000379,54,0.7434402511390753,0.752764553172515,0.03224173019908323,3.568460720007223,0.5831801173748419,6.1341201956391584,1.3517633416867356,23.861093950656834,2.8327241682389626,0.6715464893972409,0.07308359921345806,1.0,0.36363636363636365,0.5333333333333333,temporal
lithography,PFI-SBS,1,7,0.8703703703703703,0.7784791343097315,4,51.3857699999935,54,0.7491768949603284,0.7553862148375725,0.03344029434457209,3.5326151592605552,0.6095508716348793,5.995316021418093,1.2450425761352117,23.696693082286775,2.945199855956026,0.6859799651423782,0.06535067903322116,1.0,0.36363636363636365,0.5333333333333333,temporal
lithography,PFI-SBS,2,7,0.8703703703703703,0.7784791343097314,4,51.73516270000255,54,0.7456196125357408,0.7527022033118161,0.03089409421137676,3.564779167770031,0.5474257171255857,6.116517088642344,1.2577073968813133,23.966181873278597,2.7402596887325537,0.6702788902009577,0.075058370681159,1.0,0.36363636363636365,0.5333333333333333,temporal
lithography,PFI-SBS,3,7,0.8703703703703703,0.7784791343097314,4,47.43885069999669,54,0.7481153448205698,0.7527443164850104,0.0282086353034597,3.5738799300750705,0.574181223229443,6.144775373498586,1.2473892557639121,23.755687455825242,2.5371168889794444,0.6698066569690414,0.062298464251164684,1.0,0.36363636363636365,0.5333333333333333,temporal
lithography,PFI-SBS,4,7,0.8703703703703703,0.7784791343097314,4,47.61412969999947,54,0.7420542693938195,0.751121347929205,0.03135874319501637,3.5921702394554336,0.563110492077051,6.154341988531811,1.273405556097672,24.083846220198833,2.454967379347931,0.6666602588614997,0.08052275430424224,1.0,0.36363636363636365,0.5333333333333333,temporal
lithography,NSGA2,0,2,0.962962962962963,0.7839184010221387,0,2202.993545300007,5121,0.6904668101909698,0.7042266132909489,0.03708575576031601,4.266918171005818,0.6754744772698524,6.823548704111556,1.5694242399971687,30.471195620289567,3.6422145095001572,0.5952410360316384,0.08648007571157233,1.0,0.18181818181818182,0.3076923076923077,temporal
lithography,NSGA2,1,2,0.962962962962963,0.7839184010221387,0,2113.2160947000084,4873,0.6930759564120615,0.7059260990162499,0.03633740147692396,4.243076792082344,0.6764696315943127,6.761922137790211,1.5016323171761103,30.491333183814472,3.59287208579084,0.6020776968238086,0.07822989926553903,1.0,0.18181818181818182,0.3076923076923077,temporal
lithography,NSGA2,2,2,0.962962962962963,0.7839184010221387,0,2182.3910537000047,5039,0.6898909539828457,0.7016661595842669,0.03715979331778079,4.296916884042513,0.6372300517444479,6.896858574596688,1.4577307429658626,30.756221235475817,3.662361408377062,0.5833815814749932,0.09027396683055981,1.0,0.18181818181818182,0.3076923076923077,temporal
lithography,NSGA2,3,2,0.962962962962963,0.7839184010221387,0,2072.8232466000045,4844,0.6931990888015834,0.7053072768302384,0.03354049810138236,4.24977465214298,0.627122946725759,6.8745312730394454,1.4508542460867533,30.35458877544401,3.5581574393099378,0.586606466557953,0.08401455697941264,1.0,0.18181818181818182,0.3076923076923077,temporal
lithography,NSGA2,4,2,0.962962962962963,0.7839184010221387,0,2177.0560871999915,5060,0.6860381737016802,0.7014894710184504,0.03237993491428734,4.299962715087372,0.5749230985594096,6.862291025599387,1.2974460217519832,30.82883733693972,3.4875244726144934,0.5869378976992691,0.0693242402771531,1.0,0.18181818181818182,0.3076923076923077,temporal
implantation,ALL,0,54,0.0,0.46497334030546944,17,1.0578043999994406,1,0.6821383564917496,0.6826201595666748,0.05550265257150543,8.43751572695918,1.6145328398866219,15.00467263249902,3.0528553274503345,35.32440622476386,5.371621190843031,0.696482164837881,0.12174091794612202,0.2558139534883721,1.0,0.40740740740740744,temporal
implantation,ALL,1,54,0.0,0.46497334030546944,17,1.086101699998835,1,0.6731778907888757,0.675808483598578,0.06280214738154512,8.61141975812052,1.732092810137197,15.131318154166953,3.2604474280663256,35.6650499343934,7.776310260241201,0.6904586715347035,0.13016553745139384,0.2558139534883721,1.0,0.40740740740740744,temporal
implantation,ALL,2,54,0.0,0.46497334030546944,17,1.0968753000051947,1,0.6836463849269527,0.6825893611897781,0.05501098295660286,8.482397001441045,1.8490503067868824,15.00007827169752,3.6498086356305057,35.19151482422683,5.66723165232186,0.6991778346424776,0.12434036741556861,0.2558139534883721,1.0,0.40740740740740744,temporal
implantation,ALL,3,54,0.0,0.46497334030546944,17,1.1715070999925956,1,0.675012676744251,0.6809879866897206,0.0580272729326567,8.480808391489342,1.6867005376725834,15.163891135406127,3.097866887353351,35.494947264540315,5.989832283143198,0.6874706357099281,0.13687629560705414,0.2558139534883721,1.0,0.40740740740740744,temporal
implantation,ALL,4,54,0.0,0.46497334030546944,17,1.096343799988972,1,0.6722840974543671,0.6801828249740173,0.057646264746207036,8.487777427490057,1.567621922377183,15.020125755190636,3.0842723567530426,35.58786918524634,4.866844496182873,0.6919870627976261,0.13873927393058227,0.2558139534883721,1.0,0.40740740740740744,temporal
implantation,FILTER,0,43,0.20370370370370372,0.3114643601267839,0,2.03331430000253,2,0.6800424660260505,0.6838027519105723,0.056047286645084425,8.476116455730315,1.9512674491987927,15.17900481860722,3.609574184955361,35.71094453089565,7.434143970606283,0.6988831599049015,0.10144409497404257,0.2558139534883721,1.0,0.40740740740740744,temporal
implantation,FILTER,1,43,0.20370370370370372,0.3114643601267839,0,2.327685100011877,2,0.6815996501138618,0.6827624156091506,0.05897907197750098,8.484301438934493,1.9151117146285221,15.112242029434023,3.8257024378636837,35.869375970024386,8.135389735699254,0.6998153458910338,0.11246644415839861,0.2558139534883721,1.0,0.40740740740740744,temporal
implantation,FILTER,2,43,0.20370370370370372,0.3114643601267839,0,2.2161761000024853,2,0.6813316662060929,0.6831251753166903,0.05339862666011015,8.495967210600625,1.9097724506700309,15.286668794721866,3.9378566887133486,35.673898035619764,6.892511249622773,0.6949225308026298,0.10843440690437843,0.2558139534883721,1.0,0.40740740740740744,temporal
implantation,FILTER,3,43,0.20370370370370372,0.3114643601267839,0,1.8514080999884754,2,0.6729869036572379,0.6773706625073983,0.057258303162819935,8.655103126821201,2.0248171938493846,15.532044592028171,3.8932386619521857,36.195615198861304,6.685392791509137,0.6843986763633297,0.10992023593982678,0.2558139534883721,1.0,0.40740740740740744,temporal
implantation,FILTER,4,43,0.20370370370370372,0.3114643601267839,0,2.253660700007458,2,0.673994310388383,0.6854459872854003,0.0522436310377967,8.394927337827916,1.7146198798089904,15.070149653340122,3.5100575838094286,35.160797632309574,6.616658465713178,0.7021381229659411,0.10069821684680298,0.2558139534883721,1.0,0.40740740740740744,temporal
implantation,TSFGA,0,6,0.8888888888888888,0.6171978269161836,0,9264.12593129999,14659,0.7180817239999919,0.7218268015275819,0.06229967044409224,7.447452554908952,1.968483453367263,13.860586640084756,3.8927083840676944,28.294514810583372,6.465586194569384,0.7424563568101669,0.12152455045952915,0.5,0.2727272727272727,0.3529411764705882,temporal
implantation,TSFGA,1,8,0.8518518518518519,0.54315108488185,0,4065.226775400006,6439,0.7071676446965747,0.7077273257614494,0.05274307676044944,7.788598333907847,1.6138029053664382,14.281405459145644,3.52761636978776,30.387340952519136,6.127616424757142,0.7314424797494978,0.10104987960299919,0.5,0.36363636363636365,0.4210526315789474,temporal
implantation,TSFGA,2,7,0.8703703703703703,0.597866182146218,0,6735.505602499994,10304,0.7187258765608644,0.7261502780561238,0.0547409960524162,7.342780710940748,1.8162171879600058,13.717104713350023,3.9129476957550136,28.692517625213476,4.851873619262228,0.7498478053706032,0.11493295411036025,0.5714285714285714,0.36363636363636365,0.4444444444444444,temporal
implantation,TSFGA,3,7,0.8703703703703703,0.5860732812492994,0,2899.249244999999,4425,0.7118327697779141,0.7122789227488769,0.055737345961519566,7.687834526888078,1.750666416776021,14.112591143906151,3.442932667559706,29.988214968271162,5.456876028772911,0.7340788844405227,0.10940164731249767,0.5714285714285714,0.36363636363636365,0.4444444444444444,temporal
implantation,TSFGA,4,7,0.8703703703703703,0.6215212539406358,0,8040.290554099993,12802,0.7173384302977923,0.7207131172933098,0.05092316431990308,7.469247437743897,1.6466567568527901,13.851318733127199,3.2811687402744565,28.33169562617982,4.944085539969024,0.7442780113135774,0.10566817590797922,0.7142857142857143,0.45454545454545453,0.5555555555555556,temporal
implantation,mRMR,0,12,0.7777777777777778,0.6195616224418456,6,37.14304650000122,54,0.7195077472377782,0.7150742989894225,0.05342878965626394,7.589515610111861,1.5893898792547285,13.877966054762423,3.3278780009999362,29.56825343811528,4.605950182429171,0.7382925818425176,0.12078826069789685,0.7142857142857143,0.45454545454545453,0.5555555555555556,temporal
implantation,mRMR,1,12,0.7777777777777778,0.6195616224418456,6,38.41028159999405,54,0.7112337915027824,0.7136342957114825,0.0578933929272171,7.592192106768956,1.46394499303314,13.826342884779503,3.451493362962781,28.81456058297919,4.311120674811283,0.7379607035468747,0.13277004837539708,0.7142857142857143,0.45454545454545453,0.5555555555555556,temporal
implantation,mRMR,2,13,0.7592592592592593,0.6151966624097858,8,38.88912720000371,54,0.7199426487044407,0.7115187245107824,0.058421292145325335,7.669757962584048,1.6563062285772543,14.051894136450107,3.5315283492503027,29.17380319498612,4.514435153080253,0.7278152111438331,0.14034886068773972,0.7142857142857143,0.45454545454545453,0.5555555555555556,temporal
implantation,mRMR,3,11,0.7962962962962963,0.6124003535972955,5,40.23196969999117,54,0.7133437767329461,0.7145952458579009,0.05786563960103145,7.57382054994356,1.5254977219195445,13.997905550546113,3.2201745518653424,28.65621920610632,4.370142458509752,0.7285051790705827,0.14090331350082652,0.7142857142857143,0.45454545454545453,0.5555555555555556,temporal
implantation,mRMR,4,12,0.7777777777777778,0.6195616224418456,6,39.498256299993955,54,0.7068269318349025,0.7114365143199574,0.0660753978871643,7.631826768863652,1.5841535986494995,14.080970637457366,3.3283481177596363,28.915220776463375,4.600633993318469,0.7206468064729546,0.162324371248475,0.7142857142857143,0.45454545454545453,0.5555555555555556,temporal
implantation,MI,0,7,0.8703703703703703,0.5621692537125558,5,38.727712400010205,54,0.7143067206999183,0.7122678608602471,0.05281847415457542,7.664627023031925,1.59069881433198,14.15986716523509,3.2376190490096866,29.231744965439237,4.6378752516414785,0.72880550745376,0.11879738606068621,1.0,0.2727272727272727,0.42857142857142855,temporal
implantation,MI,1,12,0.7777777777777778,0.6228946674550034,11,42.85965490000672,54,0.7110729491121658,0.7177325926618036,0.059564949058013406,7.493392207044673,1.5643219623396967,13.7606876162884,3.379046662487205,28.83118444898548,4.696155737549558,0.7419669935871617,0.12703885963560477,1.0,0.45454545454545453,0.625,temporal
implantation,MI,2,9,0.8333333333333334,0.622147820675522,8,39.78992889999063,54,0.7177878725706637,0.7099415588888269,0.06142840540571651,7.688055554537173,1.5684588103715575,14.08178188369132,3.422559436427096,29.07196925724956,4.611492256430183,0.7245578680435649,0.14831716412176033,1.0,0.2727272727272727,0.42857142857142855,temporal
implantation,MI,3,9,0.8333333333333334,0.622147820675522,8,39.444539700009045,54,0.7134427792866846,0.7140106709994903,0.06200548220894262,7.593170956820732,1.657217918943769,13.955598439041065,3.4466700886316457,28.98909551649579,4.7488359905841815,0.732099443730522,0.1377970933028459,1.0,0.2727272727272727,0.42857142857142855,temporal
implantation,MI,4,10,0.8148148148148149,0.611426240829075,11,38.74352930000168,54,0.7075358327445087,0.7050803189404984,0.0638996135290114,7.797107837912411,1.4900540936792264,14.161624529206799,3.2657715124245654,29.81291097465015,4.448494923517085,0.7213077175204171,0.15444906970678926,1.0,0.2727272727272727,0.42857142857142855,temporal
implantation,DDA,0,9,0.8333333333333334,0.7459132510554618,3,27.23100750001322,55,0.7319178246250165,0.7295276675156578,0.05624142853799192,7.255162562627205,1.849489018515258,13.413489042532461,3.681352816810247,27.619553971944466,4.762957730760974,0.7588063422918456,0.1098611243028977,1.0,0.5454545454545454,0.7058823529411764,temporal
implantation,DDA,1,12,0.7777777777777778,0.6216708076941655,4,26.784582100008265,55,0.7235905825735698,0.7306977690171058,0.05306004542523677,7.2126477994635305,1.7475038253179698,13.32314710261894,3.7006169731063676,27.532845858602492,5.070916319272394,0.764678144520284,0.1001930105473668,0.875,0.6363636363636364,0.7368421052631579,temporal
implantation,DDA,2,9,0.8333333333333334,0.7320102141157364,2,24.924513299993123,55,0.7372874697185814,0.7351688887874339,0.050088400047608166,7.103942392288034,1.7189349050702545,13.289073431487212,3.6711377538072867,27.027942983559225,3.9410432159049518,0.7634450611463225,0.10611663944517911,0.8571428571428571,0.5454545454545454,0.6666666666666665,temporal
implantation,DDA,3,7,0.8703703703703703,0.7645459085294664,3,23.814740300003905,55,0.7298894227174026,0.7291176308691225,0.05374283070134781,7.248024515168898,1.71160472322451,13.430975788577703,3.543391916689478,27.416293434876675,4.140181681231275,0.7571236635702749,0.10947204569319273,1.0,0.36363636363636365,0.5333333333333333,temporal
implantation,DDA,4,9,0.8333333333333334,0.5445343825872128,2,21.43979189998936,55,0.7360930679801483,0.7274339330517631,0.04239064940407669,7.320792966456977,1.5893128476064264,13.778070360474894,3.5399470658366723,27.056816756471754,4.363481425091519,0.7524073790426954,0.09617601064733017,0.8571428571428571,0.5454545454545454,0.6666666666666665,temporal
implantation,PFI-SBS,0,5,0.9074074074074074,0.7150478350246254,1,50.3542019000015,54,0.7284604612979299,0.7223653924484453,0.05166932348295903,7.458033277730828,1.8055121573393984,14.071129572637293,3.5827166801300594,27.514766050335805,5.096924233627514,0.7380501682625494,0.10733492606732244,0.75,0.2727272727272727,0.39999999999999997,temporal
implantation,PFI-SBS,1,5,0.9074074074074074,0.7150478350246255,1,49.00242830000934,54,0.7246841962008661,0.730268776247971,0.053315049866512636,7.20095900354727,1.6343379437140502,13.473728567425654,3.5311210347945328,26.97704603958172,4.6389205262778725,0.7586791413541932,0.10269528020499848,0.75,0.2727272727272727,0.39999999999999997,temporal
implantation,PFI-SBS,2,6,0.8888888888888888,0.7940857253800729,2,50.213430600007996,54,0.7305334262598647,0.7291683838799138,0.05088514668040137,7.243408186532363,1.6542723553925538,13.593618643056967,3.6316306185099814,27.36654165404552,4.08484350523189,0.7523953934875413,0.10971100180757594,0.75,0.2727272727272727,0.39999999999999997,temporal
implantation,PFI-SBS,3,6,0.8888888888888888,0.7940857253800729,2,51.774963999996544,54,0.7315307203366659,0.7269470785411098,0.05357829179182943,7.306950449825904,1.706801084784879,13.73219190552827,3.4989976411815644,27.540821344473763,4.29776860083663,0.7495445540737827,0.1029019978639738,0.75,0.2727272727272727,0.39999999999999997,temporal
implantation,PFI-SBS,4,7,0.8703703703703703,0.7422301980416699,2,45.89502560000983,54,0.722618694335672,0.7240653658504889,0.05190551441909964,7.348657913756872,1.518596912374491,13.718771476277508,3.2682574942672264,27.266343709331977,3.9901564531890474,0.7458287821598063,0.11264500688909689,0.8,0.36363636363636365,0.5000000000000001,temporal
implantation,NSGA2,0,2,0.962962962962963,0.8203305942249725,0,2177.6227750000107,4865,0.6948310314623214,0.6985335082374451,0.04776369069067791,8.117909593342166,1.815597371050864,14.864019378777217,3.6036119965328233,30.07718114986253,4.581382997533544,0.7151165114456385,0.08908632222713389,1.0,0.18181818181818182,0.3076923076923077,temporal
implantation,NSGA2,1,2,0.962962962962963,0.8203305942249725,0,2391.5785730999924,5419,0.6963368557170202,0.7039044175010344,0.04244874524348186,7.976509304030403,1.739305203721191,14.653002631835829,3.7073765429460037,29.62214138541168,4.060235048050519,0.7271182614918946,0.07785819269552056,1.0,0.18181818181818182,0.3076923076923077,temporal
implantation,NSGA2,2,2,0.962962962962963,0.8203305942249725,0,2362.7381905999937,5162,0.699070491493665,0.7019507187764539,0.0476197197243837,8.018804082139074,1.7737711784287815,14.775708715312309,3.8099799814762445,29.75503747127503,4.635451940863231,0.7203672581120254,0.09004255430502477,1.0,0.18181818181818182,0.3076923076923077,temporal
implantation,NSGA2,3,2,0.962962962962963,0.8203305942249725,0,2500.7008555000066,5654,0.6966385654183183,0.7006565140213127,0.0481771667659488,8.056663957194052,1.808278594859675,14.846597124829902,3.8042040153070693,29.922849397012747,4.776429866247336,0.7169326036747358,0.09083754401541258,1.0,0.18181818181818182,0.3076923076923077,temporal
implantation,NSGA2,4,2,0.962962962962963,0.8203305942249725,0,2462.0048819000076,5447,0.6948245863962729,0.6960523082475661,0.044993749926089885,8.176664198740836,1.7422345297860542,14.936081289700132,3.627880814462273,30.310686522015736,4.767852578979411,0.7141069238474952,0.08594270269841481,1.0,0.18181818181818182,0.3076923076923077,temporal
etching,ALL,0,54,0.0,0.4727228227801956,19,1.4158732000068994,1,0.7288371601765409,0.7435904001848267,0.03171304845375069,2.9892728853520127,0.5086142339682714,5.114534235249371,1.009026371569403,26.5321939368758,4.437184873532081,0.7230830252919241,0.07252913374395831,0.2558139534883721,1.0,0.40740740740740744,temporal
etching,ALL,1,54,0.0,0.4727228227801956,19,1.375523399998201,1,0.7209579756393161,0.7393504122242062,0.037804445462498976,3.0288230366197886,0.5025832395226328,5.216472667087369,0.984012232507056,26.50971198773801,4.549680670243761,0.709141213377053,0.08647644903870359,0.2558139534883721,1.0,0.40740740740740744,temporal
etching,ALL,2,54,0.0,0.4727228227801956,19,1.2875186000019312,1,0.7256121721179423,0.7415462523860723,0.034069001036522065,3.0073050169682793,0.4878092467618618,5.176692613640641,1.0281801684684675,26.43645484804852,4.269951766405942,0.7126971731194619,0.0975701149073117,0.2558139534883721,1.0,0.40740740740740744,temporal
etching,ALL,3,54,0.0,0.4727228227801956,19,1.167003599999589,1,0.7276212438514773,0.7424079777161842,0.02696459895417273,3.003118647480962,0.4681634347826548,5.176730608863782,1.02075709660676,26.488319539591235,4.096550835617205,0.7148635438346412,0.08562155604783916,0.2558139534883721,1.0,0.40740740740740744,temporal
etching,ALL,4,54,0.0,0.4727228227801956,19,1.2806567999941763,1,0.7259104855342818,0.7517262834773145,0.026529710054955268,2.893277419255119,0.452911306814562,5.00092872486515,1.0066280432702108,25.77411494433769,4.250010739505164,0.737927657921735,0.054900604235105954,0.2558139534883721,1.0,0.40740740740740744,temporal
etching,FILTER,0,43,0.20370370370370372,0.3447895998754319,0,2.186254200001713,2,0.7331911603971533,0.7413464654282322,0.02918615283138036,3.0140057157117703,0.4839577464132739,5.185346175349894,0.9687727433136676,26.19991628276682,4.08970535933224,0.7136051140614058,0.07409499311273726,0.2558139534883721,1.0,0.40740740740740744,temporal
etching,FILTER,1,43,0.20370370370370372,0.3447895998754319,0,1.7356948999949964,2,0.7218022432347801,0.740806847462573,0.030347606029220892,3.0186356360555555,0.4751786519302863,5.245974793794578,0.9404033831011532,26.098087430099117,4.199177989453672,0.7076259030042832,0.07205556094179245,0.2558139534883721,1.0,0.40740740740740744,temporal
etching,FILTER,2,43,0.20370370370370372,0.3447895998754319,0,1.7152945999987423,2,0.7263888623543254,0.7421570527064674,0.03109277231480212,3.000002501670601,0.46645624546661424,5.172261397757102,0.9868390714311517,26.20960195882405,4.150625751261511,0.7143403575706534,0.08155105755776024,0.2558139534883721,1.0,0.40740740740740744,temporal
etching,FILTER,3,43,0.20370370370370372,0.3447895998754319,0,1.7432854999933625,2,0.7305716136369376,0.7466890354055412,0.028183859774306246,2.951760547545405,0.4630757250742456,5.08138740471697,0.9656563312043022,25.757121140496643,3.5429670770950943,0.7260993412600416,0.07294816828264304,0.2558139534883721,1.0,0.40740740740740744,temporal
etching,FILTER,4,43,0.20370370370370372,0.3447895998754319,0,1.719739499996649,2,0.7233910753847557,0.7526029455417476,0.025594091735070528,2.885889175492427,0.45866400459913725,5.0212486376446925,1.0041469496507116,25.235487777894527,3.8339932904571157,0.7347423868527202,0.06010761666224044,0.2558139534883721,1.0,0.40740740740740744,temporal
etching,TSFGA,0,6,0.8888888888888888,0.5517869241111512,0,7705.5961542000005,12184,0.7576183702890139,0.7670007310873498,0.03172316571643586,2.721213542248212,0.5339620393317485,4.690988986591322,0.9494691332219014,22.621706063070445,3.448421372877117,0.7673815808341451,0.055953939714457994,0.5,0.2727272727272727,0.3529411764705882,temporal
etching,TSFGA,1,7,0.8703703703703703,0.5610206175323553,0,3964.4983491999883,6218,0.7551823074332387,0.7719186958505044,0.024993564354341875,2.6727548458987127,0.5155012020600291,4.746105875134332,0.9041902420520115,21.75819925918878,2.983134122962294,0.7617297749391647,0.05575884101331651,0.5714285714285714,0.36363636363636365,0.4444444444444444,temporal
etching,TSFGA,2,6,0.8888888888888888,0.6122432342197119,0,6116.9887405000045,9612,0.7449321259377484,0.758849675272772,0.027810048333441934,2.8162578062306225,0.49736511238912934,4.851219162040289,0.9430043976218498,24.125695178513354,3.8759583425789743,0.7510120686128783,0.061343819866938085,0.8333333333333334,0.45454545454545453,0.5882352941176471,temporal
etching,TSFGA,3,7,0.8703703703703703,0.5670882441537624,0,5231.1834951000055,8222,0.7514687314470585,0.7685066317278733,0.028499830289643348,2.7102112675521854,0.5207080614837171,4.764712564315535,0.897742111693034,22.351272936780656,2.9958199686360887,0.7593283008935977,0.06026079194888999,0.5714285714285714,0.36363636363636365,0.4444444444444444,temporal
etching,TSFGA,4,5,0.9074074074074074,0.5172836646522702,0,4940.7618800000055,7832,0.7304095136118007,0.7470446344845022,0.027886930454410708,2.9624695723080183,0.5548512382641254,4.969966951854057,1.0190980410127417,25.332553318082365,3.760417416975361,0.7408556484789276,0.05649759629767992,0.4,0.18181818181818182,0.25000000000000006,temporal
etching,mRMR,0,13,0.7592592592592593,0.6011036369431214,7,43.48208019998856,54,0.7564928667347004,0.7660884414554889,0.02788863932067557,2.7239528181572825,0.448446272858511,4.75336432087545,0.8840267546925751,23.0283971636958,3.192646905172465,0.7608237408924476,0.05265927509251944,0.5555555555555556,0.45454545454545453,0.5,temporal
etching,mRMR,1,14,0.7407407407407407,0.606552167594197,7,41.77152510000451,54,0.7503327034276636,0.7690611958987897,0.02646364206757477,2.6890777465612983,0.42462964472895803,4.777654895053407,0.7572886818740148,22.411744773330597,3.5006066004905354,0.7571901896678158,0.05041169867832584,0.6,0.5454545454545454,0.5714285714285713,temporal
etching,mRMR,2,13,0.7592592592592593,0.6011036369431214,7,42.46155100000033,54,0.751603629004874,0.7640721928984786,0.0310793161587575,2.7538663567078387,0.5107975760711696,4.803525825953981,0.8168711364219615,22.889277526284356,3.5469973446694523,0.7571423906794139,0.043169477936260914,0.5555555555555556,0.45454545454545453,0.5,temporal
etching,mRMR,3,14,0.7407407407407407,0.6057136653899313,7,39.363680399997975,54,0.7573486879142778,0.7638643669472273,0.02851407504170096,2.7497882460094454,0.43808222108793726,4.83835517975983,0.9135679633610797,23.318438384287763,3.953576552739102,0.7531005448307091,0.05763735165012864,0.6,0.5454545454545454,0.5714285714285713,temporal
etching,mRMR,4,14,0.7407407407407407,0.606552167594197,7,41.83584870000777,54,0.7528133530195509,0.7715992497781584,0.02282956550310379,2.6650070204900667,0.43116745715726895,4.695126406878013,0.852433438854218,22.307918785793408,3.45250514590272,0.76798245347864,0.04427927820250654,0.6,0.5454545454545454,0.5714285714285713,temporal
etching,MI,0,14,0.7407407407407407,0.6161161587410623,13,43.531739500002004,54,0.7603332100241679,0.7744898936632812,0.030917082342849997,2.6374330751649047,0.5249432812334011,4.608095569664127,0.9014644853541542,22.61464899641579,4.36590831647927,0.7731190455880014,0.06566043851347754,0.8571428571428571,0.5454545454545454,0.6666666666666665,temporal
etching,MI,1,14,0.7407407407407407,0.6161161587410623,13,44.22546110000985,54,0.7549489201741373,0.7698688995897726,0.0319230410263198,2.675427396409426,0.44127621434985215,4.75043790157771,0.9434945933699436,22.459851879242382,3.873130168270673,0.7557788376037541,0.08660833241695683,0.8571428571428571,0.5454545454545454,0.6666666666666665,temporal
etching,MI,2,14,0.7407407407407407,0.6161161587410623,13,42.18953089999559,54,0.7578046220078754,0.766361486219923,0.032716608580021574,2.7226884548679484,0.4923288028114881,4.791200412412645,0.9666993148118577,23.12469357596287,4.476467184086849,0.7548377587025432,0.08127107799991347,0.8571428571428571,0.5454545454545454,0.6666666666666665,temporal
etching,MI,3,14,0.7407407407407407,0.6161161587410623,13,40.21564660000149,54,0.7550080681807763,0.7709240486593854,0.026498706795802653,2.670686842134025,0.43866543592404394,4.7491380062556345,0.9202765939246395,22.876225724067275,4.1358932967667705,0.7593416113030163,0.074037877699522,0.8571428571428571,0.5454545454545454,0.6666666666666665,temporal
etching,MI,4,14,0.7407407407407407,0.6161161587410623,13,46.065677399994456,54,0.7571584089564454,0.774918635447754,0.026892668779571444,2.6334793743935543,0.4946077806316933,4.621271929669366,0.8836175109277306,22.534169990252217,4.794614046105988,0.7756696901914658,0.04311321292420141,0.8571428571428571,0.5454545454545454,0.6666666666666665,temporal
etching,DDA,0,10,0.8148148148148149,0.6464801658031701,4,28.58939179999288,55,0.765477800464072,0.7769261460685185,0.02419985098513949,2.607573250205164,0.46055021126203033,4.633153813193549,0.9088647812167214,21.760206421711107,3.072835456059012,0.7708903835523576,0.06387573596476862,0.8571428571428571,0.5454545454545454,0.6666666666666665,temporal
etching,DDA,1,10,0.8148148148148149,0.767485249519863,2,28.093820800000685,55,0.7662139000426106,0.7838019589567954,0.023801079229037066,2.516178014651803,0.3789537419192193,4.526624128070878,0.8162799717799628,20.867424727870578,3.140648127088768,0.7803373358378524,0.05968908293500405,0.875,0.6363636363636364,0.7368421052631579,temporal
etching,DDA,2,13,0.7592592592592593,0.706148492594084,5,25.33857839999837,55,0.7648545713659057,0.7747008771308115,0.027133931167678045,2.6288024152001843,0.4574322552861649,4.631534596909252,0.8392567875402032,22.143162370597068,4.282105430792345,0.7717778651356277,0.05926021537350529,0.8888888888888888,0.7272727272727273,0.7999999999999999,temporal
etching,DDA,3,12,0.7777777777777778,0.7412479908568728,3,26.310160900000483,55,0.7644369036021854,0.7787569433193846,0.025545169124612147,2.580712146530519,0.43183867202517384,4.579864988640396,0.8641635760496758,21.621478609630206,3.586497821227625,0.7775507666029845,0.05715313252357657,0.8888888888888888,0.7272727272727273,0.7999999999999999,temporal
etching,DDA,4,12,0.7777777777777778,0.7360320985015537,3,25.631900599997607,55,0.7670510295300457,0.7769658165226121,0.02352233769697013,2.607503647161464,0.4555330259770675,4.616971299896329,0.8654780178849474,21.87072071553877,4.149759338310888,0.7755744441104159,0.04550904710525064,0.7777777777777778,0.6363636363636364,0.7000000000000001,temporal
etching,PFI-SBS,0,6,0.8888888888888888,0.8043617997561986,2,56.419888100004755,54,0.7719353574572557,0.7828691684413481,0.02810955446496549,2.537061143682663,0.4808596903675543,4.489207950318973,0.8334913582362303,20.692393144295405,2.683380600315908,0.7840065061189149,0.05767990160713427,0.75,0.2727272727272727,0.39999999999999997,temporal
etching,PFI-SBS,1,6,0.8888888888888888,0.8043617997561986,2,52.63078160000441,54,0.7667108111947806,0.7788603769531959,0.02540831125016133,2.5885390504318506,0.48980725898667377,4.63233630511634,0.8659245928462189,20.85512266946335,2.6424968355362966,0.7684672034374352,0.07024643761671426,0.75,0.2727272727272727,0.39999999999999997,temporal
etching,PFI-SBS,2,8,0.8518518518518519,0.7532057943132737,4,53.28960269999516,54,0.7689960280191529,0.7772925558344155,0.02497873986259597,2.5992542920575445,0.44984010239144767,4.6042459435951875,0.7641766892893503,21.15933937335586,2.56817113526761,0.7733761386297533,0.05510148890065705,0.8,0.36363636363636365,0.5000000000000001,temporal
etching,PFI-SBS,3,9,0.8333333333333334,0.7505057126330229,4,51.89639759999409,54,0.7679141257275389,0.779470298489623,0.021883694395383256,2.5744712688512887,0.4230000736215617,4.546471658308991,0.7703596277610153,21.16787907860414,2.624172338677175,0.7794549514810271,0.05346448788955592,0.8333333333333334,0.45454545454545453,0.5882352941176471,temporal
etching,PFI-SBS,4,5,0.9074074074074074,0.7183826659399062,1,54.93428739999945,54,0.7682785330969115,0.7797807705618216,0.02055521533361079,2.5769083801627883,0.4412328890512482,4.575558065371448,0.8096602093634642,20.758279141644834,2.5479276351431466,0.7784272998675145,0.04843921193144487,0.75,0.2727272727272727,0.39999999999999997,temporal
etching,NSGA2,0,2,0.962962962962963,0.7876372162632006,0,2051.7902128999995,4612,0.73951456635244,0.7515444634153688,0.032392224840379895,2.90784263324085,0.5795281885859388,4.872719820855581,0.8919827895963236,24.975416038576906,3.365153646101582,0.7464882001709313,0.06432908004981734,1.0,0.18181818181818182,0.3076923076923077,temporal
etching,NSGA2,1,2,0.962962962962963,0.7876372162632006,0,2320.8850840000086,5213,0.7367708040201417,0.7555372884526135,0.029090019090779982,2.860050729828524,0.5424864110418031,4.834473489933379,0.8090188632252712,24.419186952427687,3.17191783741937,0.749124840479116,0.06558828651667574,1.0,0.18181818181818182,0.3076923076923077,temporal
etching,NSGA2,2,2,0.962962962962963,0.7876372162632006,0,2285.75279459999,5193,0.7359802664512267,0.7478296504936283,0.0335980324093379,2.94901610248414,0.5823017061947988,4.938683542779041,0.9271912503785139,25.164680341961724,3.289296037076101,0.7392383594550765,0.07001577592233625,1.0,0.18181818181818182,0.3076923076923077,temporal
etching,NSGA2,3,2,0.962962962962963,0.7876372162632006,0,2059.851091699995,4767,0.7327214731967029,0.7507467692345905,0.03224726366983397,2.9187202668097902,0.5774745494928201,4.927284027911727,0.9116312063074639,24.81656689470429,3.148079389294287,0.7411462926393801,0.06762661873953744,1.0,0.18181818181818182,0.3076923076923077,temporal
etching,NSGA2,4,2,0.962962962962963,0.7876372162632006,0,2498.7067301999923,5580,0.7319457373129343,0.7506887600047422,0.02865759218681721,2.9141670514759253,0.530700660277225,4.899288789140761,0.8270617676119715,24.949720426118702,3.458562303739198,0.7438272352521501,0.0632771777846013,1.0,0.18181818181818182,0.3076923076923077,temporal
metalization,ALL,0,54,0.0,0.5028762540379113,18,1.084434099990176,1,0.6886632858952516,0.7098571924334054,0.05539047140634509,8.099626327472981,2.2774274354039816,14.13220195893653,4.777788933624672,32.5641168940345,5.486381393096438,0.7322960533166853,0.11241970392743261,0.2558139534883721,1.0,0.40740740740740744,temporal
metalization,ALL,1,54,0.0,0.5028762540379113,18,1.1322554999933345,1,0.6777180612479736,0.7093731457548336,0.04918652413432431,8.098669928098154,2.0539809389342936,14.228158683949184,4.3952189389320875,32.67460544824973,6.8857954613620045,0.7277743659119307,0.10421168934438796,0.2558139534883721,1.0,0.40740740740740744,temporal
metalization,ALL,2,54,0.0,0.5028762540379113,18,1.17008270000224,1,0.6789587481739641,0.710555789186045,0.05982340149994814,8.122336827575351,2.547540328250843,14.301765705513924,5.105167362231509,32.20109461904989,6.650890542527559,0.7261682306166876,0.1201091184315667,0.2558139534883721,1.0,0.40740740740740744,temporal
metalization,ALL,3,54,0.0,0.5028762540379113,18,1.2708168999961345,1,0.6802105458494,0.709289303456557,0.05309387083165003,8.128978485136601,2.275661310441592,14.46994525780637,4.7816294679111815,31.950275963843843,5.499033987307495,0.71922418245116,0.11358462137097951,0.2558139534883721,1.0,0.40740740740740744,temporal
metalization,ALL,4,54,0.0,0.5028762540379113,18,1.1311347000009846,1,0.6818970853983513,0.7099327772778135,0.04932084543065672,8.087439678604467,2.133935691954929,14.31153564065005,4.105597435452216,32.31506141212038,5.81908675606007,0.7232442564466577,0.09813215178716374,0.2558139534883721,1.0,0.40740740740740744,temporal
metalization,FILTER,0,44,0.18518518518518523,0.33737869142075577,0,1.73407620000944,2,0.6720133635132681,0.7024451949068639,0.04869527631910398,8.239023471864032,1.8064602244538612,14.327684075437,4.219525704623294,33.790932399353295,5.096199516774083,0.7212691145035106,0.11028670236806107,0.2558139534883721,1.0,0.40740740740740744,temporal
metalization,FILTER,1,44,0.18518518518518523,0.33737869142075577,0,1.8580523999989964,2,0.6682778797661857,0.702020455352924,0.04708971681583181,8.258334389548432,1.7903504244474155,14.616897100127977,3.958136544421663,34.047822411793284,6.275537100689064,0.7083912727431902,0.10746682749894915,0.2558139534883721,1.0,0.40740740740740744,temporal
metalization,FILTER,2,44,0.18518518518518523,0.33737869142075577,0,1.7842613000102574,2,0.6704793552826338,0.7054523263899838,0.05227524688786443,8.186937682743887,2.0119439495690363,14.380293830988167,4.385455739168408,33.51071353098771,6.042161292688548,0.717369502991175,0.12138863807705035,0.2558139534883721,1.0,0.40740740740740744,temporal
metalization,FILTER,3,44,0.18518518518518523,0.33737869142075577,0,1.848442000002251,2,0.6731204168050826,0.7011960182400648,0.050002444583830845,8.3225537990718,2.0593855139720123,14.486688274328465,4.528809914331106,34.43736487271572,5.931497983289081,0.7151301013189815,0.12172309768624223,0.2558139534883721,1.0,0.40740740740740744,temporal
metalization,FILTER,4,44,0.18518518518518523,0.33737869142075577,0,2.2071425000031013,2,0.6729927973810852,0.7080403315305175,0.049948857982638754,8.084907465605548,1.8390242143939364,14.17512311061314,3.9102972489755765,33.23082488213293,6.684827390032879,0.7259445391872632,0.10114209099506877,0.2558139534883721,1.0,0.40740740740740744,temporal
metalization,TSFGA,0,6,0.8888888888888888,0.47196114805894657,0,5478.123702600002,8314,0.687748681505759,0.698501949504111,0.03193623029965566,8.351234118680331,1.4805314311298479,14.3631406737743,3.461914781446675,32.850457243713954,3.2232739015395113,0.7202913723736513,0.08894360753817915,0.3333333333333333,0.18181818181818182,0.23529411764705885,temporal
metalization,TSFGA,1,5,0.9074074074074074,0.4999971801733745,0,7568.468799800001,12356,0.6839035441111982,0.7109234676104647,0.030823191556517294,8.01285552997467,1.5131590222962021,14.082992490704125,3.699319113760181,31.267562797519385,2.693396158139627,0.7325072616853828,0.08282404697074754,0.4,0.18181818181818182,0.25000000000000006,temporal
metalization,TSFGA,2,3,0.9444444444444444,0.6515738529831869,0,8080.711372799997,13744,0.6819430167832536,0.704871755351542,0.027631885405643552,8.19615673390268,1.548450995254403,14.420066462253045,3.3923222051055406,31.47442767986308,2.368427311479732,0.7183011303015424,0.09013777911868218,0.6666666666666666,0.18181818181818182,0.28571428571428575,temporal
metalization,TSFGA,3,8,0.8518518518518519,0.5282998071165359,0,4720.405781699999,7217,0.6985208822740319,0.7244720294766166,0.044676443677884495,7.656965604131506,1.763658688530353,13.359743440709186,3.7774252624455453,29.975741604291986,4.565147319485596,0.7571128238456878,0.09919641092730565,0.625,0.45454545454545453,0.5263157894736842,temporal
metalization,TSFGA,4,7,0.8703703703703703,0.5389561188595093,0,3953.464042099993,6137,0.6955239419240857,0.715728996951804,0.03622262393494888,7.903719354939977,1.7302112909277196,14.242353062468267,3.9246371511969738,30.64003013904537,3.3454666185006086,0.7228391584362373,0.10389893813454952,0.42857142857142855,0.2727272727272727,0.33333333333333326,temporal
metalization,mRMR,0,11,0.7962962962962963,0.7158313613494822,4,39.31954840000253,54,0.7235788083758035,0.7469403400661694,0.047610894957965735,7.073340875456266,2.088391711092863,12.92525516574411,4.743928800634436,26.189259396315844,3.797158981167831,0.7758912095263731,0.10037756378932136,0.75,0.5454545454545454,0.631578947368421,temporal
metalization,mRMR,1,13,0.7592592592592593,0.6098141733341954,6,41.97885640000459,54,0.7186658892809926,0.7485090997117373,0.04428502912702972,7.011034594288923,1.907116526825458,12.741535744429841,4.220389036291949,26.150226391676163,4.393267536178599,0.7795810860968526,0.09874268809958534,0.6666666666666666,0.5454545454545454,0.6,temporal
metalization,mRMR,2,14,0.7407407407407407,0.607798488026203,7,45.158748299989384,54,0.7177097395257723,0.7448252222841312,0.04925139174202219,7.179595322523097,2.3604814370795797,13.062975827392188,4.848252746995305,26.51610778887839,4.036212889476996,0.7714281211431145,0.10175696738885759,0.6666666666666666,0.5454545454545454,0.6,temporal
metalization,mRMR,3,11,0.7962962962962963,0.7158313613494822,4,42.941677199996775,54,0.7232025679641916,0.750321166842301,0.047412397238034074,6.988871110598814,2.0899865697589073,12.747337742408138,4.67877806515968,25.709907280888725,3.6430249219371524,0.7818444920752952,0.09685580695748053,0.75,0.5454545454545454,0.631578947368421,temporal
metalization,mRMR,4,13,0.7592592592592593,0.6098141733341954,6,41.991710400005104,54,0.7253308036487888,0.7460153240292761,0.045696443773434,7.109666513757911,2.1127118065250223,12.783326563659418,4.348354722656216,26.713582426082887,4.3397888092027905,0.778547714520873,0.09273527518263013,0.6666666666666666,0.5454545454545454,0.6,temporal
metalization,MI,0,15,0.7222222222222222,0.6156870465974931,15,44.05577249999624,54,0.7259955623819747,0.7449513323970713,0.045099027460777215,7.129095674318001,1.998339656173511,12.879240207327399,4.399032936523664,26.46692993039766,3.9621122653426433,0.7780997860059895,0.09249786252530344,1.0,0.5454545454545454,0.7058823529411764,temporal
metalization,MI,1,12,0.7777777777777778,0.602776760704196,13,38.199824099996476,54,0.7172844845270869,0.7421625612818097,0.04664422035766759,7.20646411527631,2.04575662363606,12.971366590913147,4.3789529813843,26.621790834571527,4.007290954241308,0.7704677749039243,0.10919730185154505,1.0,0.36363636363636365,0.5333333333333333,temporal
metalization,MI,2,15,0.7222222222222222,0.6156870465974931,15,42.440154600000824,54,0.7203096376935143,0.744481360375325,0.05110654909223471,7.194635156404747,2.4062278530543404,13.040894191480076,4.87218135152454,26.54417847919812,4.69072674301379,0.7737078673364727,0.09561951887760213,1.0,0.5454545454545454,0.7058823529411764,temporal
metalization,MI,3,15,0.7222222222222222,0.6156870465974931,15,46.70972990000155,54,0.7256354148526476,0.7494813994132635,0.04492169404556263,7.024573437912752,2.084236944226575,13.020872210918009,4.566511257832566,25.756785734072515,4.264089532277514,0.7737726317106977,0.09032122457570917,1.0,0.5454545454545454,0.7058823529411764,temporal
metalization,MI,4,15,0.7222222222222222,0.6156870465974931,15,40.60714670000016,54,0.7272634816389096,0.7486802585982093,0.04493111268626339,7.0380161413102265,2.0659451543373737,12.774580466830463,4.177951754238411,26.242110319035397,4.757078445896559,0.7805730037394174,0.08222687539855253,1.0,0.5454545454545454,0.7058823529411764,temporal
metalization,DDA,0,9,0.8333333333333334,0.5936393487643806,2,28.783276200003456,55,0.7381748522974351,0.7505627650561635,0.04027831430991838,6.944265272957379,1.725466698463338,12.58149820351966,4.007282392402024,25.849768433380707,3.9204898045338834,0.786213092588818,0.09053284234365223,0.8571428571428571,0.5454545454545454,0.6666666666666665,temporal
metalization,DDA,1,7,0.8703703703703703,0.6426268852215988,1,22.871865900000557,55,0.7430006940677707,0.7386760823015596,0.05342780965230196,7.2722982992588125,2.051448957818899,13.362088691635025,4.76614821769666,25.767069938395192,5.9001840435938,0.757949058845804,0.10736358094597802,1.0,0.5454545454545454,0.7058823529411764,temporal
metalization,DDA,2,8,0.8518518518518519,0.53498515067843,2,22.67724070000986,55,0.7443271824355804,0.7349704686131718,0.050747302200562824,7.358624444629054,1.9341260408335061,13.520275310992202,4.350301711580235,26.494486364872003,4.195218795903491,0.7492015420469473,0.10949169170129065,1.0,0.5454545454545454,0.7058823529411764,temporal
metalization,DDA,3,7,0.8703703703703703,0.7941206588530715,2,26.000746099991375,55,0.7395829080860435,0.7535150068717377,0.04416607877855161,6.896268081235116,1.9909202234565826,12.549604538952547,4.672312716467507,24.76549924094947,3.718334058990555,0.7896514712784763,0.09063232269438848,1.0,0.45454545454545453,0.625,temporal
metalization,DDA,4,11,0.7962962962962963,0.6155339989099862,3,25.916787499998463,55,0.7384033322892506,0.7544466693011889,0.04340696779698071,6.852346800871462,1.909081755688419,12.626099808280822,4.129190858658795,25.042008452115212,4.285023104869206,0.7850276548264846,0.08355596824992552,0.875,0.6363636363636364,0.7368421052631579,temporal
metalization,PFI-SBS,0,11,0.7962962962962963,0.626737626522644,9,48.0737141000136,54,0.7310024258809267,0.7454864107099927,0.046761296935084025,7.110468494703819,2.0276106327690333,12.991631142129341,4.473119263433017,26.45950915913413,4.038040589394116,0.7739568395779372,0.09512193584944438,1.0,0.45454545454545453,0.625,temporal
metalization,PFI-SBS,1,9,0.8333333333333334,0.6411387593638395,6,53.77216480000061,54,0.7231175644877061,0.7499659931028754,0.04469345210150873,6.9693083344011,1.8723950030048802,12.786394150411509,4.145261435075965,25.52117505013572,4.406978096707853,0.7780993136825425,0.09590964191445082,1.0,0.45454545454545453,0.625,temporal
metalization,PFI-SBS,2,8,0.8518518518518519,0.6692840995327075,4,50.294412999995984,54,0.7251586355948452,0.7475412444701085,0.05040616386474876,7.090253673657582,2.3201463835507727,12.976841917237005,4.800432755336028,25.523852512815143,4.000115218178677,0.7747108408387554,0.09747514043390193,1.0,0.45454545454545453,0.625,temporal
metalization,PFI-SBS,3,8,0.8518518518518519,0.6702630737293548,4,53.27202170000237,54,0.7387730000494159,0.7506274838632441,0.045182707552433525,6.983920887983305,2.069287396538207,12.801930837717952,4.612558185297626,25.366409540768935,4.136574879722862,0.7820527778767422,0.08895632629173637,1.0,0.45454545454545453,0.625,temporal
metalization,PFI-SBS,4,9,0.8333333333333334,0.6411387593638395,6,49.60030090001237,54,0.7287007488814601,0.7504655483357549,0.04507884552738975,6.986101659977726,2.0787403030514007,12.551405020599248,4.251789672259601,25.77249988529276,4.70937410067848,0.7873323050190651,0.08917505838472532,1.0,0.45454545454545453,0.625,temporal
metalization,NSGA2,0,2,0.962962962962963,0.7971135846583389,0,2550.868627799995,5571,0.6904109414248616,0.7002435532178964,0.027711655418073834,8.324959284703214,1.5998306155095563,14.61534262154016,3.4207614315999972,31.500637911337584,2.7864592250553097,0.7146967443464883,0.06757271962626095,1.0,0.18181818181818182,0.3076923076923077,temporal
metalization,NSGA2,1,2,0.962962962962963,0.7971135846583389,0,2559.2283489999973,5562,0.6932602250197206,0.7043976248844356,0.027406341151424058,8.216086523281463,1.5710616498143588,14.323791440122477,3.2659357680924503,31.02275649429099,2.485981846375209,0.7232886084327436,0.07560208421461602,1.0,0.18181818181818182,0.3076923076923077,temporal
metalization,NSGA2,2,2,0.962962962962963,0.7971135846583389,0,2656.124013599998,5772,0.6911070459590072,0.7039026461132063,0.026189197916791567,8.233349736943028,1.5827900905907977,14.532490822687839,3.3439453333941453,31.168254665999214,2.3741217906946037,0.7160886005089943,0.07692051014964467,1.0,0.18181818181818182,0.3076923076923077,temporal
metalization,NSGA2,3,2,0.962962962962963,0.7971135846583389,0,2326.4786439000018,5131,0.6908888015112586,0.6971540125346078,0.03090169801163253,8.432536544059106,1.7393599518444518,14.816340872530295,3.5686687119337255,31.544552961065563,2.8107568122325497,0.7064253028323128,0.07814696852873844,1.0,0.18181818181818182,0.3076923076923077,temporal
metalization,NSGA2,4,2,0.962962962962963,0.7971135846583389,0,2512.6146735999937,5647,0.6936261857522705,0.6973886537352635,0.03358567026377197,8.395493200255798,1.6277515178477429,14.724485119928278,3.4982557638636065,31.650109385639688,2.9268968220727767,0.7066235244705305,0.0877037513414236,1.0,0.18181818181818182,0.3076923076923077,temporal
deposition,ALL,0,54,0.0,0.4765225240205997,18,1.393840699995053,1,0.6547420871933145,0.6436797312779139,0.0460710684644502,8.406018955213733,1.7634218643848898,14.915692911102258,3.5757578110892956,42.332718005225345,8.13727258188231,0.6391167529256446,0.09876049361750296,0.2558139534883721,1.0,0.40740740740740744,temporal
deposition,ALL,1,54,0.0,0.4765225240205997,18,1.1444791999965673,1,0.6517700185539179,0.6472986160158868,0.049986270267850394,8.335326104079034,1.8789583986997518,14.747022279228643,4.028850660252712,41.584157217215726,7.7377557602098666,0.6505402921776468,0.10286771696942092,0.2558139534883721,1.0,0.40740740740740744,temporal
deposition,ALL,2,54,0.0,0.4765225240205997,18,1.1923950000054901,1,0.6578457911134162,0.6469926337548323,0.04784832468994943,8.347289552097418,1.888547125993314,14.844801509809344,3.793333530594803,43.309871358039594,10.255182626877621,0.6454450493833208,0.0973661623117701,0.2558139534883721,1.0,0.40740740740740744,temporal
deposition,ALL,3,54,0.0,0.4765225240205997,18,1.1755844999861438,1,0.6455545993244055,0.6405864382360316,0.059267688757242004,8.494393813925186,2.0812586644971964,15.158100095733973,4.1110495821899455,43.81905301965351,11.177613397828182,0.6298789039742414,0.11628370334632739,0.2558139534883721,1.0,0.40740740740740744,temporal
deposition,ALL,4,54,0.0,0.4765225240205997,18,1.1490128000004916,1,0.6544821412926354,0.6454145981776,0.046840001356519105,8.36658817561206,1.7524407888533295,14.71002852272019,3.6949683854497626,42.95984974965943,8.431017781110883,0.6499700332513869,0.09723289607372387,0.2558139534883721,1.0,0.40740740740740744,temporal
deposition,FILTER,0,43,0.20370370370370372,0.3458199523302753,0,1.7697348999936366,2,0.6471230514084841,0.6409707248739067,0.05328095680524021,8.497005239391159,2.063590150804096,15.25513740323994,3.894284021738232,42.86118590837939,9.39778028163247,0.6230577113769965,0.11350214463611161,0.2558139534883721,1.0,0.40740740740740744,temporal
deposition,FILTER,1,43,0.20370370370370372,0.3458199523302753,0,1.7833574999967823,2,0.640737821453983,0.6442515043805931,0.055158835893342834,8.400170015112922,1.943182894808382,15.084741706380242,4.063504248087671,42.77397723900169,8.471801675667102,0.6332220641804948,0.1107199397547949,0.2558139534883721,1.0,0.40740740740740744,temporal
deposition,FILTER,2,43,0.20370370370370372,0.3458199523302753,0,1.934192200002144,2,0.6527657054301017,0.6386299300300424,0.05702547060872567,8.539521209180965,2.10006401530405,15.383702181133152,4.036855253594443,43.94786971352059,11.564589770712915,0.6155658194052882,0.12260254933969357,0.2558139534883721,1.0,0.40740740740740744,temporal
deposition,FILTER,3,43,0.20370370370370372,0.3458199523302753,0,1.7775866000010865,2,0.6436272486941416,0.6409528845905554,0.055678275617175775,8.50100526094456,2.135559460339044,15.225331643206689,4.283695944512574,43.29246233726274,11.230273559077345,0.625312128711361,0.1242544063128901,0.2558139534883721,1.0,0.40740740740740744,temporal
deposition,FILTER,4,43,0.20370370370370372,0.3458199523302753,0,1.77228119999927,2,0.6409875317217617,0.6391361492094746,0.05131456794494185,8.533522448951466,1.9687115186098916,15.275219987495168,3.8860312779625796,43.62417414492651,9.741202475564188,0.6237863696173744,0.11163579473127644,0.2558139534883721,1.0,0.40740740740740744,temporal
deposition,TSFGA,0,8,0.8518518518518519,0.5687083564618975,0,3861.8345361999964,5979,0.6796825212656183,0.6816580639692884,0.051221122632207725,7.519198725630954,1.6973006520107086,13.714202160590089,3.7812354084116717,36.02160875781258,6.261719361287607,0.6942069950962124,0.10136968488988914,0.625,0.45454545454545453,0.5263157894736842,temporal
deposition,TSFGA,1,6,0.8888888888888888,0.5871265809455487,0,6114.611020099997,10779,0.686532571771759,0.6794807607725826,0.048203682093383896,7.53904531342611,1.4906641860803669,13.875178622324963,3.807628332167419,35.8853940156344,6.87822995184963,0.6842207597709415,0.12687360199962813,1.0,0.5454545454545454,0.7058823529411764,temporal
deposition,TSFGA,2,5,0.9074074074074074,0.7264533521474016,0,7632.090426800001,15594,0.7045870127573168,0.6909752677206188,0.050199317496548844,7.259451032942214,1.4347633022034443,13.59224873123845,3.602941269330605,34.09957493237886,6.252792506445941,0.6960235324575145,0.11683839377102467,1.0,0.45454545454545453,0.625,temporal
deposition,TSFGA,3,8,0.8518518518518519,0.561141351968868,0,4643.4235262,7370,0.678417606139025,0.6724663711704749,0.05400193807719884,7.723227840551802,1.7651591768940311,14.458136637676999,3.962593254485302,36.89695469600419,9.453072061308216,0.6575255101345263,0.12977288991444974,0.75,0.5454545454545454,0.631578947368421,temporal
deposition,TSFGA,4,7,0.8703703703703703,0.5734368182066486,0,7586.642621899999,15587,0.6964660936767599,0.688099573966957,0.043284344864869435,7.354225629329564,1.5130768591869437,13.595542374816779,3.585603833940441,34.830521377076465,6.465867173566089,0.6981922809210199,0.10992407870580086,0.7142857142857143,0.45454545454545453,0.5555555555555556,temporal
deposition,mRMR,0,19,0.6481481481481481,0.5824666074740572,13,42.89544989999558,54,0.686017853526269,0.6776167747991801,0.034793097942772105,7.6158423514573315,1.5081975809247792,13.802039213267102,3.5974465851646817,36.472700504690216,6.22702201803507,0.6939503205899454,0.08423156328387918,0.5454545454545454,0.5454545454545454,0.5454545454545454,temporal
deposition,mRMR,1,11,0.7962962962962963,0.5919402174918802,6,43.100064199999906,54,0.6861273603921546,0.6788203872451235,0.0393413662248368,7.59444120437365,1.592463840665202,13.937598163603912,3.7201073800710343,36.28700399574846,6.2989134351033815,0.687326419872857,0.09412909672863427,0.5714285714285714,0.36363636363636365,0.4444444444444444,temporal
deposition,mRMR,2,13,0.7592592592592593,0.5926160957252118,6,42.043083200012916,54,0.6878546006292316,0.6799248502489991,0.045594013966146305,7.549706301558628,1.5862878054666485,14.050167590151704,3.783506005641488,36.47463418934803,6.801851575144338,0.6832158239443445,0.08939252693115497,0.5555555555555556,0.45454545454545453,0.5,temporal
deposition,mRMR,3,10,0.8148148148148149,0.6972242776491439,4,41.463343900002656,54,0.6826003917800905,0.6833847266594859,0.04867436478187839,7.447892034739078,1.520768947642755,13.864213721668248,3.6145558537808666,36.281753018542354,7.351324531054374,0.6853104629457104,0.10094473247756054,0.5714285714285714,0.36363636363636365,0.4444444444444444,temporal
deposition,mRMR,4,11,0.7962962962962963,0.5919402174918802,6,42.240396399996825,54,0.6842218668029865,0.6805956880272162,0.04681127487909857,7.533615528627271,1.5922445620221135,13.659984276035823,3.707618622946621,36.39600043614653,6.547167134399813,0.6968031398438252,0.09660503115213546,0.5714285714285714,0.36363636363636365,0.4444444444444444,temporal
deposition,MI,0,13,0.7592592592592593,0.5895147947685684,13,42.81545519999054,54,0.6984356527998042,0.6823396329342344,0.03795880206448575,7.490541319712993,1.4381216959192942,13.627051708483368,3.3944281645824157,34.90581225343522,5.640368572162299,0.7012770441997577,0.08131404728726653,1.0,0.45454545454545453,0.625,temporal
deposition,MI,1,13,0.7592592592592593,0.5895147947685684,13,42.45735219999915,54,0.7010273406197431,0.6862657357034311,0.04179798207001253,7.391607014271206,1.4556472260872826,13.608883297609948,3.4912950100936255,34.88799078190841,6.063398362652798,0.7000902191436419,0.09434560747068539,1.0,0.45454545454545453,0.625,temporal
deposition,MI,2,14,0.7407407407407407,0.5927730101264821,15,43.755303099998855,54,0.7003425193225774,0.689990541668743,0.04722645877267424,7.304586223282354,1.515038199024083,13.573201279170044,3.429959073553161,35.1023509930025,6.711507085314685,0.703361606948371,0.08777372958198744,1.0,0.45454545454545453,0.625,temporal
deposition,MI,3,13,0.7592592592592593,0.5895147947685684,13,44.763823599991156,54,0.6913981892396477,0.6815983619095258,0.05054908571050732,7.500261642426625,1.591679534828035,13.970842293926385,3.743626273588331,35.876378576389975,8.173867603877214,0.6830959458026818,0.10848813998214352,1.0,0.45454545454545453,0.625,temporal
deposition,MI,4,14,0.7407407407407407,0.5927730101264821,15,43.79118880000897,54,0.6925193114072845,0.6799715297310432,0.05167292518167513,7.546957740387627,1.667101498851879,13.900556620087041,3.695096708351868,35.61505090830748,7.982772070328577,0.6872807838032168,0.10067437530189098,1.0,0.45454545454545453,0.625,temporal
deposition,DDA,0,11,0.7962962962962963,0.6210514681738862,8,30.880379599999287,55,0.7024076225482287,0.6811608673787233,0.04049891469802082,7.5205334571176,1.536391739338706,13.742959544126355,3.55406040773337,34.93504422822111,6.06278014844431,0.6960396169954114,0.08694326457518653,1.0,0.45454545454545453,0.625,temporal
deposition,DDA,1,11,0.7962962962962963,0.6129739555691295,7,28.7051722999895,55,0.7058427461749323,0.681325243158328,0.0387590794557468,7.524186581949438,1.5098105941038003,13.792403963894511,3.684617224832823,34.863726146999845,6.481714744106233,0.6973617499133101,0.08405382198932204,0.8333333333333334,0.45454545454545453,0.5882352941176471,temporal
deposition,DDA,2,9,0.8333333333333334,0.7311640983295629,5,26.388726499993936,55,0.706034814367684,0.6934579226378915,0.04660403004550507,7.222700378357715,1.4963647095253205,13.421665002036395,3.491537999791954,34.887463678303874,7.267634916250362,0.7080006504255109,0.09507039828864644,1.0,0.45454545454545453,0.625,temporal
deposition,DDA,3,12,0.7777777777777778,0.6194978253348817,9,28.824877499995637,55,0.6965172165332156,0.6827280510420738,0.05252090376338686,7.493662062362347,1.7526501582317005,13.934608670743113,3.9631255489000594,35.647190178671686,8.676678958541178,0.6842693159616143,0.11635244192069806,0.8333333333333334,0.45454545454545453,0.5882352941176471,temporal
deposition,DDA,4,11,0.7962962962962963,0.6737488609887885,7,28.31821119999222,55,0.6983614765860595,0.6854668744659614,0.048453322068567554,7.44887812570737,1.772697096656901,13.725151966424423,3.8594573695292467,34.32777765034669,7.435262253027119,0.6997252226849839,0.0942097980092264,0.8333333333333334,0.45454545454545453,0.5882352941176471,temporal
deposition,PFI-SBS,0,13,0.7592592592592593,0.6166707951657815,10,50.43607489998976,54,0.7005946002547272,0.6831128596339525,0.04083092824773085,7.48038688275573,1.550744600788416,13.609357506870621,3.49021336034209,34.77363298145538,6.218493909349546,0.7019027253583167,0.08425651185799837,0.8333333333333334,0.45454545454545453,0.5882352941176471,temporal
deposition,PFI-SBS,1,11,0.7962962962962963,0.7001554888918045,7,51.24149070000567,54,0.7057094793216787,0.6877079156880225,0.043810460478872305,7.381214778411475,1.6058195266598636,13.588605548951742,3.7378135753688393,34.89804470828081,7.119091065719846,0.7033711107012627,0.09414290363382828,0.8333333333333334,0.45454545454545453,0.5882352941176471,temporal
deposition,PFI-SBS,2,9,0.8333333333333334,0.7267866419025198,5,54.23107049999817,54,0.7046696161125241,0.6963245310562373,0.05242619439110243,7.193128223536264,1.8025265436350164,13.270458914881315,3.937515415782407,34.98757997231243,8.146283350627652,0.7144379402502404,0.10513133752822884,0.8,0.36363636363636365,0.5000000000000001,temporal
deposition,PFI-SBS,3,17,0.6851851851851851,0.6080019987873897,12,51.387374400001136,54,0.6972180826687766,0.6807572645332729,0.05613136690790172,7.542695010272483,1.8478639925415243,13.960277886241924,3.8969268871773783,36.28121412422744,9.3496180287857,0.6829009395118725,0.11486218032387803,0.7777777777777778,0.6363636363636364,0.7000000000000001,temporal
deposition,PFI-SBS,4,5,0.9074074074074074,0.7169730058042664,1,53.674966200007475,54,0.7013992698164336,0.6936375502133921,0.05315278750478993,7.265478369681424,1.890638690406523,13.50155585254575,4.044362378751611,33.827737669249444,7.489853759231875,0.7050134101532302,0.11450422340234448,1.0,0.36363636363636365,0.5333333333333333,temporal
deposition,NSGA2,0,2,0.962962962962963,0.7696072799143638,0,2560.9281842000055,5545,0.6623121840962405,0.6576693392839268,0.03490874956740843,8.106249851602868,1.6714179289255269,14.683425349980165,3.6466454631610783,36.735316486051566,4.082711661482206,0.653056064452249,0.10394480805670982,1.0,0.18181818181818182,0.3076923076923077,temporal
deposition,NSGA2,1,2,0.962962962962963,0.7696072799143638,0,2375.865921999997,5162,0.6644250838428449,0.6543868074794588,0.0435936800513478,8.190081694404702,1.784223000556538,14.71435268967043,3.9752119419034644,37.61755589023665,5.0999782590530405,0.6491789113116215,0.14413178937959767,1.0,0.18181818181818182,0.3076923076923077,temporal
deposition,NSGA2,2,2,0.962962962962963,0.7696072799143638,0,2556.290168300009,5610,0.6562890217606756,0.6537563685649168,0.03572564678969805,8.208765884977144,1.7599565634281453,14.684178559225598,3.853956353502921,37.656640625607274,5.13356938063357,0.6505741540682664,0.13226628389042147,1.0,0.18181818181818182,0.3076923076923077,temporal
deposition,NSGA2,3,2,0.962962962962963,0.7696072799143638,0,2522.2374142999906,5608,0.6579359787343402,0.6537011155385487,0.046317372479980704,8.218912866453355,1.9703779444770688,14.825461101147487,3.9456911335778426,37.60808146312753,6.046695163866305,0.6444875997477854,0.1309476661535865,1.0,0.18181818181818182,0.3076923076923077,temporal
deposition,NSGA2,4,2,0.962962962962963,0.7696072799143638,0,2200.0404779999953,4785,0.6569698123278592,0.6567941937112963,0.03767840667844401,8.148787930030407,1.8057892710497883,14.480418322041235,3.940781441156958,37.24332270776217,4.786546886525801,0.6646662410052141,0.10697987798973319,1.0,0.18181818181818182,0.3076923076923077,temporal
planarization,ALL,0,54,0.0,0.484583562887938,19,1.0543959000060568,1,0.6997669340948542,0.700562555696717,0.036529164248630314,6.316130176052773,1.1842383156616416,10.778525444976001,2.226924827958822,32.51862854331368,4.063771147402867,0.6303848159424698,0.10488247572536145,0.2558139534883721,1.0,0.40740740740740744,temporal
planarization,ALL,1,54,0.0,0.484583562887938,19,1.093039500003215,1,0.6850882264331714,0.7028742781677992,0.03745499544235768,6.290581207565442,1.3401351573378475,10.72440171123793,2.199288881637979,32.24033416724543,4.892159814447748,0.6376761865313677,0.09145523551686882,0.2558139534883721,1.0,0.40740740740740744,temporal
planarization,ALL,2,54,0.0,0.484583562887938,19,1.1014027000055648,1,0.6912710842553632,0.6945120554723229,0.037011050140284864,6.4625510894769045,1.366792535181878,10.902958091503091,2.4035860545761487,32.79637488326734,4.613057983768279,0.6241030904520989,0.1118336517805937,0.2558139534883721,1.0,0.40740740740740744,temporal
planarization,ALL,3,54,0.0,0.484583562887938,19,1.2495754999981727,1,0.6922781704620357,0.6999531413051499,0.04135822022629199,6.340132634022006,1.3698737698227021,10.7177511145,2.466265598726325,32.58078793016874,4.4197916302956335,0.6343459672181173,0.1205343161369217,0.2558139534883721,1.0,0.40740740740740744,temporal
planarization,ALL,4,54,0.0,0.484583562887938,19,1.1271501000010176,1,0.6832912636644128,0.6964033725790035,0.0425018608510578,6.405693397794632,1.323312906121503,10.727973364322965,2.1922513859952035,33.36034995543599,4.936460035822982,0.633930204451736,0.10395653991853715,0.2558139534883721,1.0,0.40740740740740744,temporal
planarization,FILTER,0,43,0.20370370370370372,0.3612905377068943,0,2.0575570999935735,2,0.6941594398460282,0.7014299893858011,0.03687630930994547,6.303786261311475,1.2285336945640088,10.616081346041264,2.3080422745551354,33.07782694212979,4.680860932334941,0.6418982036566464,0.10341379527351698,0.2558139534883721,1.0,0.40740740740740744,temporal
planarization,FILTER,1,43,0.20370370370370372,0.3612905377068943,0,1.8467825999978231,2,0.6870500741881018,0.7034591239124085,0.03830239410191966,6.278396178730037,1.321575598454735,10.639910238689927,2.289994435434307,32.40232753789091,4.642981693030101,0.645182031183782,0.08662691821104648,0.2558139534883721,1.0,0.40740740740740744,temporal
planarization,FILTER,2,43,0.20370370370370372,0.3612905377068943,0,1.7228055000014137,2,0.6760709808265011,0.6922590771862536,0.04158916818521664,6.501060455860211,1.3601142749842312,10.867576157577503,2.4184906197633675,33.69311712068394,5.085850135501672,0.6277012034516851,0.1034401610501082,0.2558139534883721,1.0,0.40740740740740744,temporal
planarization,FILTER,3,43,0.20370370370370372,0.3612905377068943,0,2.173990600000252,2,0.6899629118316706,0.6968651040667552,0.038157588132862824,6.40997538483385,1.3419170473930522,10.792266586898325,2.3828745070867354,33.331657666580135,4.5375621441935685,0.6323936373854245,0.10463363369715378,0.2558139534883721,1.0,0.40740740740740744,temporal
planarization,FILTER,4,43,0.20370370370370372,0.3612905377068943,0,1.7209097999875667,2,0.6847192508121127,0.6934161767014618,0.04053486181611244,6.454600585673642,1.1728080976631043,10.730836967762668,1.9312033196096077,34.226810277316574,5.317749694947604,0.6334575885099839,0.09398555591894663,0.2558139534883721,1.0,0.40740740740740744,temporal
planarization,TSFGA,0,9,0.8333333333333334,0.5590575465807563,0,4848.572686500003,10093,0.7361522321866456,0.7332610459544868,0.03188900642151047,5.649640075041585,1.2102686295127913,9.962868730260029,2.1569590110846963,27.391746876117303,3.867551651414376,0.6883784880596584,0.08448618182978355,0.5555555555555556,0.45454545454545453,0.5,temporal
planarization,TSFGA,1,8,0.8518518518518519,0.5413547664060231,0,3176.3620141000138,5583,0.706964176631157,0.7134155650152619,0.0313450446597412,6.0739611855756355,1.3235665005317383,10.260323638233931,2.070524810352315,30.655019372097676,4.363269578879971,0.6681052648014079,0.08851472677189004,0.5,0.36363636363636365,0.4210526315789474,temporal
planarization,TSFGA,2,6,0.8888888888888888,0.6211162247578917,0,5037.96526360001,10858,0.7061370261531013,0.715182720841638,0.045302941006745125,6.048374924564564,1.6236454907042992,10.200349350763194,2.4768659775820465,30.666190243660388,5.254589232818932,0.6692074449134142,0.11512005440686117,0.6666666666666666,0.36363636363636365,0.4705882352941177,temporal
planarization,TSFGA,3,7,0.8703703703703703,0.5944338274601174,0,5973.002078699996,13737,0.7273163784552784,0.7256393071424113,0.038645410834168496,5.810491417326475,1.355443824799718,10.058457736056152,2.4491215762314336,28.20931719313431,4.182777339942454,0.6787238138183507,0.11046052691376118,0.7142857142857143,0.45454545454545453,0.5555555555555556,temporal
planarization,TSFGA,4,9,0.8333333333333334,0.5512237688533413,0,2386.3090752999997,3882,0.71994715201776,0.7277010135098526,0.0317085711282534,5.762427642964719,1.2150521019929819,9.946023658757165,2.0477105918284515,28.889060224081437,4.209118007587924,0.6878455524507191,0.0827104517196803,0.4444444444444444,0.36363636363636365,0.39999999999999997,temporal
planarization,mRMR,0,17,0.6851851851851851,0.5919059795329125,7,38.77028450000216,54,0.723604242291426,0.7282342925079734,0.0358195710066857,5.746436460249048,1.1871192163732134,9.94522256922496,2.1628310548743315,28.281301311410967,4.029151404104677,0.6876124065521886,0.08788889506816404,0.46153846153846156,0.5454545454545454,0.4999999999999999,temporal
planarization,mRMR,1,13,0.7592592592592593,0.6864925337064101,4,43.190410399998655,54,0.7201149254682737,0.7304204297640025,0.027828628669067573,5.702294612370991,1.1205777546561808,9.962515640924227,2.0211489836676884,27.707427178842288,3.998931125468285,0.6884541254040479,0.07533181579583265,0.5,0.45454545454545453,0.47619047619047616,temporal
planarization,mRMR,2,13,0.7592592592592593,0.6864925337064101,4,43.89148550000391,54,0.718522216371183,0.7251473118504832,0.035693116013526816,5.8184848625503385,1.2654141792978524,10.104910099108025,2.359824452878256,28.285143202250413,4.508993097907674,0.6803820804804553,0.09060571034184799,0.5,0.45454545454545453,0.47619047619047616,temporal
planarization,mRMR,3,12,0.7777777777777778,0.7048277722662427,4,40.458649799998966,54,0.7227723688874075,0.7264121863393853,0.028081876560622103,5.780778060889785,1.09542192210682,10.047620975675295,2.082012684116067,27.758360163060637,3.72314524051955,0.6832769728491768,0.07955620082317254,0.5555555555555556,0.45454545454545453,0.5,temporal
planarization,mRMR,4,12,0.7777777777777778,0.7048277722662427,4,45.02485539999907,54,0.7246332448339743,0.7349754556258007,0.02683025984173744,5.5961652586690604,1.0442147844784064,9.854183662223818,2.002952958804646,27.03828728287962,3.3473991937915986,0.6950635696739621,0.07287758738395791,0.5555555555555556,0.45454545454545453,0.5,temporal
planarization,MI,0,17,0.6851851851851851,0.6130138187462116,16,45.668018700001994,54,0.7349872619163371,0.7373782530471842,0.038416502601497836,5.552677293405761,1.2409036690729645,9.623826305070818,2.3217465061264724,27.255468003925078,4.117355799731539,0.7043260552774242,0.09811025113028304,0.875,0.6363636363636364,0.7368421052631579,temporal
planarization,MI,1,17,0.6851851851851851,0.6130138187462116,16,42.46630719999666,54,0.7297687886626236,0.7385017480915731,0.03708246551697599,5.533075760490575,1.276332538962498,9.565159723080422,2.1068628968882033,27.1064893890925,4.20390021574165,0.7065591675976296,0.09352668368326908,0.875,0.6363636363636364,0.7368421052631579,temporal
planarization,MI,2,18,0.6666666666666667,0.60801910902216,16,46.564940399999614,54,0.7262871198810047,0.7318330024843009,0.03905207783877268,5.67532527368186,1.3350274197087568,9.903084173392093,2.404915777226228,27.61484300598608,4.4127040677424825,0.687990216469883,0.10815398486289825,0.7777777777777778,0.6363636363636364,0.7000000000000001,temporal
planarization,MI,3,17,0.6851851851851851,0.6130138187462116,16,44.24968100000115,54,0.727125169874486,0.733606623711312,0.035544266965314826,5.646565066884457,1.3576462551539186,9.85196049355693,2.436062356609419,27.36617920704187,4.094681087671609,0.68969653779683,0.1172483442058591,0.875,0.6363636363636364,0.7368421052631579,temporal
planarization,MI,4,17,0.6851851851851851,0.6130138187462116,16,38.44870140000421,54,0.728449488396067,0.7418512970112282,0.03363611227666682,5.45950053631909,1.2210075765788313,9.571775634567354,2.0743819560150802,26.717346222054676,3.915089788391019,0.707863519554829,0.08869979514719466,0.875,0.6363636363636364,0.7368421052631579,temporal
planarization,DDA,0,8,0.8518518518518519,0.8052854479055843,2,27.545994299987797,55,0.7441890677796866,0.7414471661805834,0.031355561127352265,5.461119893586268,1.1131569937149621,9.67647303575396,2.0485888105759535,26.009927171347822,3.6834032427802,0.7017514377006024,0.08860074213285865,1.0,0.5454545454545454,0.7058823529411764,temporal
planarization,DDA,1,9,0.8333333333333334,0.7763692535627885,2,21.26675609999802,55,0.7469978846207281,0.7499754873480894,0.02452331342632053,5.29193815554849,1.0613371123317878,9.476981938542846,2.0692030496039977,24.794581403831494,3.3251832711208356,0.7203110823248572,0.06757358756178586,1.0,0.6363636363636364,0.7777777777777778,temporal
planarization,DDA,2,13,0.7592592592592593,0.7297063440394854,5,25.517582000000402,55,0.7377179869313331,0.7367396494078573,0.032972276823700526,5.547300519285312,1.0823145664745122,9.71981121949229,2.0977071165286953,26.67489176420265,4.031382342193083,0.6996579459902409,0.08705111496430078,0.8888888888888888,0.7272727272727273,0.7999999999999999,temporal
planarization,DDA,3,9,0.8333333333333334,0.79810001234878,2,21.75105569999141,55,0.741827871138183,0.7363594817389856,0.036290164161839916,5.582828314808863,1.3146047345203686,9.819799697368786,2.2642756681447973,26.38865749761411,4.037881352776598,0.6941268836933978,0.09861794188761576,1.0,0.6363636363636364,0.7777777777777778,temporal
planarization,DDA,4,8,0.8518518518518519,0.786823608405703,2,23.400115800002823,55,0.7461470725365018,0.7463090575856991,0.02954407791159314,5.371132415963686,1.154056697613663,9.564102774471843,2.2218280835625848,25.298438799107696,3.468952239623748,0.7134851450582147,0.07908979469642727,1.0,0.5454545454545454,0.7058823529411764,temporal
planarization,PFI-SBS,0,13,0.7592592592592593,0.5694926016498779,9,48.38476269999228,54,0.7385776445955536,0.7320414848335297,0.033015928986466894,5.676921092584042,1.2583879608531205,9.966124099892085,2.2955139694712177,26.96579589950137,4.212513320361066,0.6864372505397558,0.09818709728230099,0.875,0.6363636363636364,0.7368421052631579,temporal
planarization,PFI-SBS,1,7,0.8703703703703703,0.6918433086418935,1,52.0613946000085,54,0.7387434003175982,0.7462580169679757,0.02763478798141538,5.374121405900719,1.1258452804334136,9.47857711414258,2.094825989265889,25.593341964668433,3.5947310652059112,0.7175633952821079,0.08015877378098477,0.8333333333333334,0.45454545454545453,0.5882352941176471,temporal
planarization,PFI-SBS,2,7,0.8703703703703703,0.6949989229620845,1,50.21097500000906,54,0.7334687230861102,0.7407616419527798,0.03749559260630327,5.490825505328031,1.2813700412043023,9.691745393256769,2.3546074111855133,26.301284434994166,4.2192404327655515,0.7035605631032691,0.09578090774274552,0.8333333333333334,0.45454545454545453,0.5882352941176471,temporal
planarization,PFI-SBS,3,7,0.8703703703703703,0.6918433086418935,1,50.13107260000834,54,0.7385876609300897,0.7443747772295275,0.03338760650854844,5.415909812687988,1.2260243091750243,9.575774361700708,2.2441655770211275,25.887225317625223,3.641223801653814,0.7113827769196578,0.08771166019417215,0.8333333333333334,0.45454545454545453,0.5882352941176471,temporal
planarization,PFI-SBS,4,6,0.8888888888888888,0.7302707047779995,1,52.449342299994896,54,0.7367445159505426,0.7483343140028448,0.028060433840671674,5.33306875225564,1.1442577376797232,9.423783078462172,2.2137262549997305,25.391258377152266,3.381139313004335,0.7222884659051174,0.07731178673161922,0.8,0.36363636363636365,0.5000000000000001,temporal
planarization,NSGA2,0,2,0.962962962962963,0.7731964782858021,0,2216.0562008999987,5454,0.695131351877895,0.6908166690137574,0.03206830107333197,6.547054663767615,1.3431272488230621,10.716577790573753,2.1079836414200686,33.17792385383275,4.1773774415143,0.6392078520580381,0.08279725802133081,1.0,0.18181818181818182,0.3076923076923077,temporal
planarization,NSGA2,1,2,0.962962962962963,0.7731964782858021,0,2338.98668870001,5866,0.6900316022620416,0.6941396298524243,0.035431693052802755,6.473488722917851,1.3686623000916316,10.569784792088173,2.190317459382604,33.02142269030695,4.654923972151633,0.6491026658177824,0.0896947905148312,1.0,0.18181818181818182,0.3076923076923077,temporal
planarization,NSGA2,2,2,0.962962962962963,0.7731964782858021,0,2231.069977799998,5456,0.686404780308884,0.6902095700636688,0.03838758643208174,6.570639824290216,1.4790386104623197,10.803044208099339,2.33251125370908,33.48863384594168,4.801444493110479,0.6333680687365821,0.09802954367331548,1.0,0.18181818181818182,0.3076923076923077,temporal
planarization,NSGA2,3,2,0.962962962962963,0.7731964782858021,0,2312.289155000006,6381,0.6947767909437075,0.6892433543951676,0.0345041628992696,6.586041824294056,1.4158084358350078,10.675226860338816,2.162296668564419,33.82001296554328,4.522654107841783,0.6404907805696605,0.09364636507290497,1.0,0.18181818181818182,0.3076923076923077,temporal
planarization,NSGA2,4,2,0.962962962962963,0.7731964782858021,0,2076.712565199996,5706,0.692973235309684,0.6921799655150402,0.031937638472212815,6.523599348602031,1.3781569634224347,10.756865359081358,2.1188843287196257,33.124955201431256,4.4378872849967275,0.6371411977883813,0.08088400246989692,1.0,0.18181818181818182,0.3076923076923077,temporal
